seed,model_type,n_samples,pre_revision,j_percentage,train_retention,baseline_embedding_type,pre_population_match,pre_population_match_version,mirt_dim,rmse_mirt,auc_mirt,val_rmse_mirt,val_auc_mirt
3,beta,1,16,1.0,1.0,raw,transport_binary_strength,1,2,0.4496165297375616,0.5321648628704956,0.4110101621083856,0.7472517636819171
1,beta,1,16,1.0,1.0,raw,transport_binary_strength,1,2,0.4513258237880778,0.5124794534620917,0.4019058029152148,0.7477336776367852
3,beta,1,16,1.0,1.0,raw,transport_binary_strength,1,3,0.4489034624341806,0.5238589964334031,0.4129262123903538,0.7640096964270321
2,beta,1,16,1.0,1.0,raw,transport_binary_strength,1,2,0.4395296496414032,0.5473831790001454,0.4101790830523701,0.746169732057754
5,beta,1,16,1.0,1.0,raw,transport_binary_strength,1,2,0.4362892529718333,0.5205923113555575,0.4063697235048825,0.7482538480436589
1,beta,1,16,1.0,1.0,raw,transport_binary_strength,1,3,0.451115162905744,0.512477206184508,0.4103841602535912,0.7556543056839122
6,beta,1,16,1.0,1.0,raw,transport_binary_strength,1,2,0.4506334998166444,0.5231472292934087,0.4078887933859099,0.7606030038797437
3,beta,1,16,1.0,1.0,raw,transport_binary_strength,1,4,0.4515520946003403,0.5147586397737056,0.4156186533565246,0.7514974264286727
0,beta,1,16,1.0,1.0,raw,transport_binary_strength,1,2,0.4614593493649195,0.5146417434819666,0.4091941448561862,0.7559604548890262
4,beta,1,16,1.0,1.0,raw,transport_binary_strength,1,2,0.4556323102932355,0.5502476955345807,0.4025152452022172,0.7774520808446953
2,beta,1,16,1.0,1.0,raw,transport_binary_strength,1,3,0.4396364973862619,0.5198598250012114,0.4121505572094865,0.7492088196877227
5,beta,1,16,1.0,1.0,raw,transport_binary_strength,1,3,0.4364291266302244,0.5019277794655963,0.4111213773102133,0.7554402108751024
1,beta,1,16,1.0,1.0,raw,transport_binary_strength,1,4,0.4512174343869587,0.5158234025066777,0.4122948251879224,0.7571221839150428
6,beta,1,16,1.0,1.0,raw,transport_binary_strength,1,3,0.4508995786756695,0.532730364873222,0.4091547774059157,0.7632040791639928
3,beta,1,16,1.0,1.0,raw,transport_binary_strength,1,5,0.4492194797675798,0.5168589349403517,0.4163395511536012,0.7591927661929219
0,beta,1,16,1.0,1.0,raw,transport_binary_strength,1,3,0.4557735385183564,0.5091534856974647,0.4104956176584294,0.764908781694496
4,beta,1,16,1.0,1.0,raw,transport_binary_strength,1,3,0.456050864618195,0.5175508500303583,0.4048705890906361,0.7768077810273097
2,beta,1,16,1.0,1.0,raw,transport_binary_strength,1,4,0.4398620398396219,0.499764419803273,0.416144659958173,0.7553056842463747
6,beta,1,16,1.0,1.0,raw,transport_binary_strength,1,4,0.4506240259813424,0.5045102184637068,0.4087669822244847,0.7671485763452501
1,beta,1,16,1.0,1.0,raw,transport_binary_strength,1,5,0.4522050529611024,0.5237229042531333,0.4109067317917175,0.7535197603249532
5,beta,1,16,1.0,1.0,raw,transport_binary_strength,1,4,0.4371032789417179,0.516989727031184,0.4111398075623193,0.7635249346789733
3,beta,1,16,1.0,1.0,raw,transport_binary_strength,1,6,0.4498416065563825,0.5055768048210553,0.4154854203086547,0.7549198174724777
0,beta,1,16,1.0,1.0,raw,transport_binary_strength,1,4,0.4561412492242823,0.4961995680316001,0.4099016216633609,0.7560437710437709
4,beta,1,16,1.0,1.0,raw,transport_binary_strength,1,4,0.4555933086796863,0.5374389385659878,0.4065935992662161,0.7904269816424325
2,beta,1,16,1.0,1.0,raw,transport_binary_strength,1,5,0.440061631112852,0.5202971944598168,0.4173166767966564,0.7602599058474663
6,beta,1,16,1.0,1.0,raw,transport_binary_strength,1,5,0.4504665790443359,0.5211078511742964,0.4142475434450878,0.7729543527006146
1,beta,1,16,1.0,1.0,raw,transport_binary_strength,1,6,0.4514801821536267,0.5054438694267516,0.4150590779583191,0.7541195013364471
5,beta,1,16,1.0,1.0,raw,transport_binary_strength,1,5,0.4393243728218601,0.4991391134414237,0.4144551017347361,0.7673859270546288
3,beta,1,16,1.0,1.0,raw,transport_binary_strength,1,7,0.4514512522320645,0.5203163817488624,0.4182464354557564,0.7559111499178293
0,beta,1,16,1.0,1.0,raw,transport_binary_strength,1,5,0.456125290692593,0.5129022320649252,0.4135285119175267,0.7645975056689343
4,beta,1,16,1.0,1.0,raw,transport_binary_strength,1,5,0.4556187050780926,0.5266427940608269,0.4086939949491454,0.7759213109802144
2,beta,1,16,1.0,1.0,raw,transport_binary_strength,1,6,0.4405390398573841,0.5041145244914145,0.417824016004335,0.7561922145919122
6,beta,1,16,1.0,1.0,raw,transport_binary_strength,1,6,0.4511083582966115,0.5062709438955286,0.4140091267860517,0.7669886573708637
1,beta,1,16,1.0,1.0,raw,transport_binary_strength,1,7,0.452509873609149,0.5149533850421204,0.4155634002641372,0.7525891933172111
5,beta,1,16,1.0,1.0,raw,transport_binary_strength,1,6,0.4369961528030414,0.5032351617461966,0.4162699320606018,0.7598034034827149
3,beta,1,16,1.0,1.0,raw,transport_binary_strength,1,8,0.4506323755324694,0.5175882425285943,0.4166550356513129,0.7566541278638107
0,beta,1,16,1.0,1.0,raw,transport_binary_strength,1,6,0.456393342819984,0.5028471578053815,0.4144571510860038,0.756989280560709
4,beta,1,16,1.0,1.0,raw,transport_binary_strength,1,6,0.4555495280484746,0.5119639013081636,0.4082957988472426,0.7862671801842621
2,beta,1,16,1.0,1.0,raw,transport_binary_strength,1,7,0.4409909108808251,0.5020421200815063,0.4195072699997845,0.7451169015634637
6,beta,1,16,1.0,1.0,raw,transport_binary_strength,1,7,0.450952137863492,0.5163035192935526,0.4163019153364435,0.7745106581895942
1,beta,1,16,1.0,1.0,raw,transport_binary_strength,1,8,0.452617410291171,0.5261573479556195,0.4148607117656966,0.7580980600764791
3,beta,1,16,1.0,1.0,raw,transport_binary_strength,1,9,0.4520197740898632,0.5592273398106014,0.4215611950830802,0.7568357446950505
5,beta,1,16,1.0,1.0,raw,transport_binary_strength,1,7,0.4371717958990498,0.5104510320234342,0.4173897984963875,0.7646124519060161
10,beta,1,16,1.0,1.0,raw,transport_binary_strength,1,2,0.448011650689657,0.4936594137615406,0.4100905774537459,0.7540305609791108
11,beta,1,16,1.0,1.0,raw,transport_binary_strength,1,2,0.4564067943482253,0.527669046613241,0.415492073113149,0.7323019026218464
0,beta,1,16,1.0,1.0,raw,transport_binary_strength,1,7,0.4574310477727256,0.5100009926373691,0.4170707968022792,0.7609613138184567
2,beta,1,16,1.0,1.0,raw,transport_binary_strength,1,8,0.440445487337426,0.4956600963487939,0.4188015386549968,0.7614165657790632
4,beta,1,16,1.0,1.0,raw,transport_binary_strength,1,7,0.4557693863332644,0.5126059088149253,0.4119555832695279,0.7771735250099545
6,beta,1,16,1.0,1.0,raw,transport_binary_strength,1,8,0.4508700992285099,0.5283513828364327,0.4175043824245674,0.7702893781680531
3,beta,1,16,1.0,1.0,raw,transport_binary_strength,1,10,0.450707349223474,0.5205645062107982,0.4197554857487417,0.7534183937355575
1,beta,1,16,1.0,1.0,raw,transport_binary_strength,1,9,0.4528417359596171,0.5310175672899117,0.4194084577389335,0.7509635977266564
5,beta,1,16,1.0,1.0,raw,transport_binary_strength,1,8,0.4410221825814089,0.5063029619134987,0.4193110969907766,0.7647174415015472
10,beta,1,16,1.0,1.0,raw,transport_binary_strength,1,3,0.4486379102484544,0.5016201317967457,0.4125816929003246,0.739886753378515
11,beta,1,16,1.0,1.0,raw,transport_binary_strength,1,3,0.4549248072827614,0.5126686546954868,0.4167125934879815,0.7409326300367507
2,beta,1,16,1.0,1.0,raw,transport_binary_strength,1,9,0.442287914884913,0.5114458822239281,0.420413275340491,0.746398156819829
0,beta,1,16,1.0,1.0,raw,transport_binary_strength,1,8,0.45620226871653,0.5284921153786912,0.4146887703468625,0.758335051192194
4,beta,1,16,1.0,1.0,raw,transport_binary_strength,1,8,0.4558860417977731,0.5376062537947783,0.4135064043566184,0.7816496409495957
6,beta,1,16,1.0,1.0,raw,transport_binary_strength,1,9,0.451057700370676,0.5232295666681048,0.4187370440628165,0.773986991889921
3,beta,1,16,1.0,1.0,raw,transport_binary_strength,1,11,0.4519769990330846,0.5216224941581601,0.4215117586165487,0.7573319323057586
1,beta,1,16,1.0,1.0,raw,transport_binary_strength,1,10,0.4527440278256031,0.521038049619889,0.4184167012350958,0.7612487756152361
10,beta,1,16,1.0,1.0,raw,transport_binary_strength,1,4,0.4478707696628117,0.4969702484342229,0.4110335640254487,0.7616471139950023
5,beta,1,16,1.0,1.0,raw,transport_binary_strength,1,9,0.4399798648464481,0.5224930394824693,0.4188993557708077,0.7618311025377386
9,beta,1,16,1.0,1.0,raw,transport_binary_strength,1,2,0.4470731995948906,0.502062125566217,0.4095115863281129,0.7445729616600614
11,beta,1,16,1.0,1.0,raw,transport_binary_strength,1,4,0.4549668794147158,0.5314772385960604,0.418582625887394,0.7494147204835473
29,beta,1,16,1.0,1.0,raw,transport_binary_strength,1,2,0.4552839247691553,0.5334246931731208,0.4170351921972877,0.736327456902107
2,beta,1,16,1.0,1.0,raw,transport_binary_strength,1,10,0.440687658034802,0.5134032061859088,0.4213704518242745,0.7505380095343112
0,beta,1,16,1.0,1.0,raw,transport_binary_strength,1,9,0.4569737487876429,0.5287447244746724,0.4186738208256438,0.7506842231842232
27,beta,1,16,1.0,1.0,raw,transport_binary_strength,1,2,0.4600622952303633,0.5056008047865957,0.4016507300437809,0.7643759419070248
7,beta,1,16,1.0,1.0,raw,transport_binary_strength,1,2,0.4454355237244438,0.5161409190106762,0.4135319892013609,0.7390874563456092
4,beta,1,16,1.0,1.0,raw,transport_binary_strength,1,9,0.4560009028149752,0.532606115802837,0.4147832822822464,0.7776638725268087
6,beta,1,16,1.0,1.0,raw,transport_binary_strength,1,10,0.4514523414697701,0.5307283801469848,0.4184936008921231,0.7692107793589709
45,beta,1,16,1.0,1.0,raw,transport_binary_strength,1,2,0.4420950587398815,0.5229878639975266,0.4118722169981783,0.7490063037713653
3,beta,1,16,1.0,1.0,raw,transport_binary_strength,1,12,0.4515203146055506,0.4981376829418276,0.421629852134681,0.75674363280935
1,beta,1,16,1.0,1.0,raw,transport_binary_strength,1,11,0.4527017326535014,0.5202405871173207,0.4184494641041569,0.7624679723081521
10,beta,1,16,1.0,1.0,raw,transport_binary_strength,1,5,0.4480454921285345,0.49271946704721,0.4143494924976955,0.7536326787438907
5,beta,1,16,1.0,1.0,raw,transport_binary_strength,1,10,0.4397870130517107,0.5254044769668256,0.4195208919390163,0.7711321308058372
9,beta,1,16,1.0,1.0,raw,transport_binary_strength,1,3,0.4456336218814418,0.517498538794993,0.4122474402978013,0.7435202553769426
11,beta,1,16,1.0,1.0,raw,transport_binary_strength,1,5,0.4546894492930154,0.5003745762606051,0.4197286471762881,0.7447949599366731
32,beta,1,16,1.0,1.0,raw,transport_binary_strength,1,2,0.4532991272045041,0.5053998744944916,0.4066075072420607,0.7571507744943307
29,beta,1,16,1.0,1.0,raw,transport_binary_strength,1,3,0.4483577770384811,0.5318386016499225,0.4144839535104666,0.7390282814138268
46,beta,1,16,1.0,1.0,raw,transport_binary_strength,1,2,0.4492680564026245,0.5457769655713848,0.4068335779847771,0.7539343679534943
47,beta,1,16,1.0,1.0,raw,transport_binary_strength,1,2,0.4385370837203952,0.5081599474965963,0.4076674016887144,0.7565155333804492
39,beta,1,16,1.0,1.0,raw,transport_binary_strength,1,2,0.4404320896531464,0.5145694673059948,0.4158090606930233,0.7460838364357986
2,beta,1,16,1.0,1.0,raw,transport_binary_strength,1,11,0.4409874304787993,0.5158645251289794,0.4210267723194785,0.7557429792264984
22,beta,1,16,1.0,1.0,raw,transport_binary_strength,1,2,0.4485758119542297,0.5327632325524844,0.4076969165629729,0.7552812598205244
40,beta,1,16,1.0,1.0,raw,transport_binary_strength,1,2,0.4422647179623082,0.5302605919241358,0.4119288333796643,0.7539208558371417
27,beta,1,16,1.0,1.0,raw,transport_binary_strength,1,3,0.4607142861631357,0.5018335638134248,0.4045190246903611,0.7855695374892747
48,beta,1,16,1.0,1.0,raw,transport_binary_strength,1,2,0.4560872787168092,0.5174227712715106,0.4095708393171758,0.7438787611963475
0,beta,1,16,1.0,1.0,raw,transport_binary_strength,1,10,0.4564496439645419,0.5124397999664557,0.4187175780882849,0.76284546141689
14,beta,1,16,1.0,1.0,raw,transport_binary_strength,1,2,0.4534805152833172,0.5115288022974267,0.4104076886364978,0.7615024504425427
7,beta,1,16,1.0,1.0,raw,transport_binary_strength,1,3,0.4488885910167088,0.5050233471867026,0.4144223107362017,0.7387484101720879
4,beta,1,16,1.0,1.0,raw,transport_binary_strength,1,10,0.4555099959370622,0.5290248799470111,0.4133986783993417,0.7843260424819101
18,beta,1,16,1.0,1.0,raw,transport_binary_strength,1,2,0.4497983758958133,0.5307751416770723,0.409710760234632,0.7560517330444753
19,beta,1,16,1.0,1.0,raw,transport_binary_strength,1,2,0.4420384462484786,0.5040680452992394,0.4078481855892945,0.7402764905087142
33,beta,1,16,1.0,1.0,raw,transport_binary_strength,1,2,0.451065348149595,0.4997438183901704,0.4180456073009623,0.7409778481045429
6,beta,1,16,1.0,1.0,raw,transport_binary_strength,1,11,0.4514384617442048,0.5286433389423423,0.4208672638078174,0.7702271874557916
45,beta,1,16,1.0,1.0,raw,transport_binary_strength,1,3,0.4413107034354654,0.5262018184492452,0.4146313807985832,0.7561107952084632
34,beta,1,16,1.0,1.0,raw,transport_binary_strength,1,2,0.4509687750975405,0.513849147651495,0.4123088841877511,0.7389210213768455
12,beta,1,16,1.0,1.0,raw,transport_binary_strength,1,2,0.4411024043727025,0.5278424703237441,0.4080269173129667,0.7493919165114089
28,beta,1,16,1.0,1.0,raw,transport_binary_strength,1,2,0.4560057064439693,0.5198610166819063,0.402918285036568,0.7751260888080747
30,beta,1,16,1.0,1.0,raw,transport_binary_strength,1,2,0.4704204676192704,0.5040386056971514,0.4204762193121985,0.7277482900507731
16,beta,1,16,1.0,1.0,raw,transport_binary_strength,1,2,0.4445989982856674,0.5110525324196334,0.4095454982067716,0.7440758654834903
3,beta,1,16,1.0,1.0,raw,transport_binary_strength,1,13,0.452190273648121,0.5046777764112655,0.4226718194600574,0.7553457914948404
31,beta,1,16,1.0,1.0,raw,transport_binary_strength,1,2,0.4438346466407201,0.5176070395209752,0.4029828338410171,0.7467358419811287
15,beta,1,16,1.0,1.0,raw,transport_binary_strength,1,2,0.4511870179380501,0.5063482275558929,0.4100107207292265,0.7381044361998766
23,beta,1,16,1.0,1.0,raw,transport_binary_strength,1,2,0.4418872642973349,0.5311597639389527,0.4068431741892215,0.7523249614056406
44,beta,1,16,1.0,1.0,raw,transport_binary_strength,1,2,0.4460533738444749,0.5163029506075135,0.4057505545245111,0.7615529664370411
10,beta,1,16,1.0,1.0,raw,transport_binary_strength,1,6,0.447862668072321,0.5018723858670453,0.4176402003911106,0.7606058959039731
1,beta,1,16,1.0,1.0,raw,transport_binary_strength,1,12,0.4525644353702182,0.5302817444010685,0.4190419759140752,0.7577182932768134
49,beta,1,16,1.0,1.0,raw,transport_binary_strength,1,2,0.4599479462880571,0.5159240121480319,0.4046628465838753,0.7600370642824807
17,beta,1,16,1.0,1.0,raw,transport_binary_strength,1,2,0.4609451616587985,0.5075168038408779,0.4099935299665233,0.7563532185074935
24,beta,1,16,1.0,1.0,raw,transport_binary_strength,1,2,0.4452043033798871,0.4982568788668186,0.4100707555404119,0.7541728142851739
13,beta,1,16,1.0,1.0,raw,transport_binary_strength,1,2,0.4615451880264407,0.5234265420135789,0.4123001922405737,0.7517547878102643
11,beta,1,16,1.0,1.0,raw,transport_binary_strength,1,6,0.4548136552494836,0.5113347470118872,0.4216464271167405,0.7439530842685791
36,beta,1,16,1.0,1.0,raw,transport_binary_strength,1,2,0.4640019271313175,0.5199016157989228,0.4018083547086704,0.760818772647414
37,beta,1,16,1.0,1.0,raw,transport_binary_strength,1,2,0.4513155060401104,0.5143039255153335,0.4154463441394304,0.7502398636426209
5,beta,1,16,1.0,1.0,raw,transport_binary_strength,1,11,0.442512930961294,0.5224112909314995,0.4241576781316649,0.7589197410536616
35,beta,1,16,1.0,1.0,raw,transport_binary_strength,1,2,0.447216914160578,0.5177807840209334,0.4102883262515083,0.7595369439377433
26,beta,1,16,1.0,1.0,raw,transport_binary_strength,1,2,0.4513907293950566,0.5000989213725393,0.4057685309801107,0.7631372967161214
9,beta,1,16,1.0,1.0,raw,transport_binary_strength,1,4,0.4450386610810304,0.5232922166479957,0.411062329699861,0.7403548308990514
32,beta,1,16,1.0,1.0,raw,transport_binary_strength,1,3,0.4529608067279559,0.5291580672151722,0.407189584786735,0.7588101602352395
43,beta,1,16,1.0,1.0,raw,transport_binary_strength,1,2,0.4489426967113487,0.5131199052626976,0.4055083180196477,0.7645180992361159
41,beta,1,16,1.0,1.0,raw,transport_binary_strength,1,2,0.451636747836179,0.502472438062553,0.4090836623963642,0.7504700813188643
39,beta,1,16,1.0,1.0,raw,transport_binary_strength,1,3,0.4382634313976533,0.5001097354421623,0.4199049657921395,0.755165010621052
8,beta,1,16,1.0,1.0,raw,transport_binary_strength,1,2,0.4473597331760938,0.5143683170618317,0.4121642234424924,0.7427294088978627
46,beta,1,16,1.0,1.0,raw,transport_binary_strength,1,3,0.4489727341746032,0.5407448562921262,0.4091958381906841,0.749141262942917
47,beta,1,16,1.0,1.0,raw,transport_binary_strength,1,3,0.4396078049445431,0.5077173088352243,0.4089830057873619,0.750682339064543
29,beta,1,16,1.0,1.0,raw,transport_binary_strength,1,4,0.448556328690518,0.5010969231095017,0.416858052963013,0.7403211311172186
2,beta,1,16,1.0,1.0,raw,transport_binary_strength,1,12,0.4429721233367304,0.511005006158876,0.4249522687250652,0.7410886654940863
22,beta,1,16,1.0,1.0,raw,transport_binary_strength,1,3,0.4509736323271761,0.4994671384418028,0.4094859868214878,0.764417471307808
40,beta,1,16,1.0,1.0,raw,transport_binary_strength,1,3,0.4414824529716359,0.511092204547772,0.4135825776715779,0.7640383949591469
27,beta,1,16,1.0,1.0,raw,transport_binary_strength,1,4,0.4605535589223304,0.500965799340984,0.4080878099435268,0.77681444294106
0,beta,1,16,1.0,1.0,raw,transport_binary_strength,1,11,0.4570054919165373,0.4945052387292872,0.421563598710559,0.7606883460454887
14,beta,1,16,1.0,1.0,raw,transport_binary_strength,1,3,0.4452117337442272,0.5031075323310247,0.4110938663112776,0.7653898168419656
48,beta,1,16,1.0,1.0,raw,transport_binary_strength,1,3,0.453324159065964,0.5171688276768642,0.4105038214701967,0.7452099512471482
7,beta,1,16,1.0,1.0,raw,transport_binary_strength,1,4,0.4450374724383908,0.5271287048328991,0.4171971480721954,0.7517017307165292
20,beta,1,16,1.0,1.0,raw,transport_binary_strength,1,2,0.4418206590478392,0.5259504127372358,0.4130828171921066,0.7395573590567885
42,beta,1,16,1.0,1.0,raw,transport_binary_strength,1,2,0.4523227759260467,0.504036617655417,0.4121714902231262,0.739352364779744
25,beta,1,16,1.0,1.0,raw,transport_binary_strength,1,2,0.4420591606209245,0.5253297011469431,0.4103381162434921,0.7544908916169115
18,beta,1,16,1.0,1.0,raw,transport_binary_strength,1,3,0.4514834661519173,0.4973058892424575,0.4118664644830104,0.7540373856207332
4,beta,1,16,1.0,1.0,raw,transport_binary_strength,1,11,0.4558045315869152,0.5158490644146382,0.4151395967680337,0.7760186253106507
19,beta,1,16,1.0,1.0,raw,transport_binary_strength,1,3,0.4429623006253628,0.5130021767882729,0.4102288499793186,0.7397519259797196
38,beta,1,16,1.0,1.0,raw,transport_binary_strength,1,2,0.4416672770328023,0.5139967565638821,0.412011428691855,0.7503962767551392
33,beta,1,16,1.0,1.0,raw,transport_binary_strength,1,3,0.445436928748852,0.5161240443148322,0.4200891560771042,0.7420655426580963
34,beta,1,16,1.0,1.0,raw,transport_binary_strength,1,3,0.4509468508284228,0.5313268386721308,0.4140838761479953,0.7415591883676991
21,beta,1,16,1.0,1.0,raw,transport_binary_strength,1,2,0.4447691765071686,0.5287884534344711,0.4072605182935637,0.7559795770860523
6,beta,1,16,1.0,1.0,raw,transport_binary_strength,1,12,0.4514604446556576,0.5209492888064317,0.4214778019319194,0.7656148235321454
45,beta,1,16,1.0,1.0,raw,transport_binary_strength,1,4,0.442153534410347,0.5060574951747158,0.4165337072267474,0.755578670004834
12,beta,1,16,1.0,1.0,raw,transport_binary_strength,1,3,0.439982337190748,0.5212926494591719,0.406194279590805,0.7577773843816387
30,beta,1,16,1.0,1.0,raw,transport_binary_strength,1,3,0.461923853183724,0.5329807752373813,0.418956196250125,0.7496442831092944
28,beta,1,16,1.0,1.0,raw,transport_binary_strength,1,3,0.4555199733347712,0.5411795186592483,0.4044410890641922,0.7761252020069637
3,beta,1,16,1.0,1.0,raw,transport_binary_strength,1,14,0.4530100183284389,0.524499139097282,0.4240533081104219,0.7592747979099987
31,beta,1,16,1.0,1.0,raw,transport_binary_strength,1,3,0.447315696345645,0.515628217610554,0.4129283595458486,0.7615183912210485
16,beta,1,16,1.0,1.0,raw,transport_binary_strength,1,3,0.4442025791462611,0.5240855284376307,0.4120755113907821,0.7393169613644154
15,beta,1,16,1.0,1.0,raw,transport_binary_strength,1,3,0.4500421358620599,0.5113646844596232,0.4120160941908599,0.7559403659281968
23,beta,1,16,1.0,1.0,raw,transport_binary_strength,1,3,0.4415634685486837,0.5157340587557364,0.4063213542483403,0.7618624697496688
10,beta,1,16,1.0,1.0,raw,transport_binary_strength,1,7,0.4484145221738089,0.4991516455373852,0.417508022893696,0.7568761854591114
44,beta,1,16,1.0,1.0,raw,transport_binary_strength,1,3,0.4451581118468757,0.5068453933214792,0.4072186768863774,0.7580738288750181
49,beta,1,16,1.0,1.0,raw,transport_binary_strength,1,3,0.459713733762158,0.510199532412888,0.4044699551796408,0.7608534308096588
17,beta,1,16,1.0,1.0,raw,transport_binary_strength,1,3,0.4600595097298877,0.499230109739369,0.411567820295213,0.7590051103807837
1,beta,1,16,1.0,1.0,raw,transport_binary_strength,1,13,0.453349123807157,0.5032075071912883,0.4201467222564146,0.7516996120706352
24,beta,1,16,1.0,1.0,raw,transport_binary_strength,1,3,0.4442432013352618,0.5116350537284271,0.412723643914186,0.758034722437174
11,beta,1,16,1.0,1.0,raw,transport_binary_strength,1,7,0.4554842826851281,0.5123610165999714,0.4240722831941292,0.7405183001972443
13,beta,1,16,1.0,1.0,raw,transport_binary_strength,1,3,0.4572132921798497,0.5165478868685832,0.4124374530073666,0.756786792410795
26,beta,1,16,1.0,1.0,raw,transport_binary_strength,1,3,0.4511333300486556,0.5079818711729138,0.4085196039382126,0.7737227666287019
35,beta,1,16,1.0,1.0,raw,transport_binary_strength,1,3,0.4492894324381229,0.5241056946723182,0.4111117359838949,0.7556899800514842
37,beta,1,16,1.0,1.0,raw,transport_binary_strength,1,3,0.4511750951874986,0.5125446433179534,0.4146421801274169,0.7461831070971277
43,beta,1,16,1.0,1.0,raw,transport_binary_strength,1,3,0.4491845988685101,0.5166335287963048,0.4064728052537188,0.7687364943913013
36,beta,1,16,1.0,1.0,raw,transport_binary_strength,1,3,0.4634440530016582,0.5102535008976661,0.4043954738227344,0.7765619852860437
5,beta,1,16,1.0,1.0,raw,transport_binary_strength,1,12,0.441277865078437,0.5252237383523178,0.4212867556364225,0.7637216151879349
9,beta,1,16,1.0,1.0,raw,transport_binary_strength,1,5,0.4453447062574654,0.5437560883541961,0.4158573297209881,0.7547483106603732
32,beta,1,16,1.0,1.0,raw,transport_binary_strength,1,4,0.4528122348666155,0.5241357551248083,0.4106480510982657,0.7757949858668418
47,beta,1,16,1.0,1.0,raw,transport_binary_strength,1,4,0.4398174217027886,0.5251133017973675,0.4122522296359421,0.7514666050144566
39,beta,1,16,1.0,1.0,raw,transport_binary_strength,1,4,0.4429154210897009,0.5080911996946492,0.4147581159350605,0.7506459975403879
2,beta,1,16,1.0,1.0,raw,transport_binary_strength,1,13,0.441345666424332,0.5088031760928499,0.4217967737928687,0.7523283751316039
46,beta,1,16,1.0,1.0,raw,transport_binary_strength,1,4,0.4495284629950183,0.5129672779756433,0.4103877912649011,0.761175953968348
8,beta,1,16,1.0,1.0,raw,transport_binary_strength,1,3,0.4481603676580394,0.5025188139237564,0.412989142870957,0.7452466406739539
41,beta,1,16,1.0,1.0,raw,transport_binary_strength,1,3,0.4516383645239157,0.5161889097597587,0.4114302875118995,0.7642578612861147
22,beta,1,16,1.0,1.0,raw,transport_binary_strength,1,4,0.449210191728089,0.5280710904983595,0.4127870023651353,0.7647603124492928
29,beta,1,16,1.0,1.0,raw,transport_binary_strength,1,5,0.4484436812290486,0.5073886514138086,0.4177007439828411,0.738153609285249
27,beta,1,16,1.0,1.0,raw,transport_binary_strength,1,5,0.4603965462161932,0.5284692565423552,0.4100081948589489,0.7828942121532132
40,beta,1,16,1.0,1.0,raw,transport_binary_strength,1,4,0.4426204220121093,0.4989968899765474,0.4135514830698183,0.7610661611965103
14,beta,1,16,1.0,1.0,raw,transport_binary_strength,1,4,0.4495932303545162,0.5108440790585055,0.4158339484305155,0.762750721694029
0,beta,1,16,1.0,1.0,raw,transport_binary_strength,1,12,0.4567696238218653,0.5148638888793808,0.4195375324823113,0.7627379234522091
7,beta,1,16,1.0,1.0,raw,transport_binary_strength,1,5,0.4485142034133684,0.5135369086803965,0.4177936294048971,0.745152518076607
42,beta,1,16,1.0,1.0,raw,transport_binary_strength,1,3,0.4525607311739451,0.5398056622398231,0.4144788484203839,0.7478958068001008
20,beta,1,16,1.0,1.0,raw,transport_binary_strength,1,3,0.434374887480138,0.5253407874932386,0.4129928411816995,0.7513548455834594
18,beta,1,16,1.0,1.0,raw,transport_binary_strength,1,4,0.4518441809964751,0.5313886367086921,0.413534998019217,0.7480828154211862
48,beta,1,16,1.0,1.0,raw,transport_binary_strength,1,4,0.4542863531362021,0.5324946970602294,0.4147401877984935,0.7439524791942895
25,beta,1,16,1.0,1.0,raw,transport_binary_strength,1,3,0.4428936028359392,0.5221016742249736,0.4096017995508904,0.7458080814268484
4,beta,1,16,1.0,1.0,raw,transport_binary_strength,1,12,0.4557396823941396,0.5310305928133797,0.4150285786819285,0.78323550411226
38,beta,1,16,1.0,1.0,raw,transport_binary_strength,1,3,0.4473006721991288,0.5136386021017519,0.4164195003154826,0.7469350119899122
34,beta,1,16,1.0,1.0,raw,transport_binary_strength,1,4,0.4511947791160615,0.5286361211474576,0.4128701478324805,0.7477823245944414
19,beta,1,16,1.0,1.0,raw,transport_binary_strength,1,4,0.4437833766742586,0.5171442742202138,0.4120440137475302,0.7507705292983201
21,beta,1,16,1.0,1.0,raw,transport_binary_strength,1,3,0.4449603210664635,0.5239454277286135,0.4001666861666116,0.7364245170881761
6,beta,1,16,1.0,1.0,raw,transport_binary_strength,1,13,0.4517513698542334,0.498790108009377,0.4250349626465233,0.7754732474008041
33,beta,1,16,1.0,1.0,raw,transport_binary_strength,1,4,0.4453543091270965,0.4997549567210326,0.4216496960927799,0.7536187159405072
30,beta,1,16,1.0,1.0,raw,transport_binary_strength,1,4,0.4616183570375579,0.5229369690154922,0.4204043078929561,0.744463255580637
31,beta,1,16,1.0,1.0,raw,transport_binary_strength,1,4,0.4425849536931213,0.5118520641855474,0.4149365107677795,0.7684430302833789
45,beta,1,16,1.0,1.0,raw,transport_binary_strength,1,5,0.445387934268625,0.5173728241195169,0.4162935036329901,0.7557028383736493
12,beta,1,16,1.0,1.0,raw,transport_binary_strength,1,4,0.4402975150510179,0.5173547497407925,0.4101512726981295,0.7516996431935211
15,beta,1,16,1.0,1.0,raw,transport_binary_strength,1,4,0.450650396808588,0.5096494903498509,0.4137145505799066,0.748782055969547
3,beta,1,16,1.0,1.0,raw,transport_binary_strength,1,15,0.452423226419208,0.5295292706924117,0.4223047293060595,0.7550056727017911
28,beta,1,16,1.0,1.0,raw,transport_binary_strength,1,4,0.455491643497137,0.4969691313643693,0.4060823571491987,0.7735017773860902
23,beta,1,16,1.0,1.0,raw,transport_binary_strength,1,4,0.4427117646776249,0.5163153152731337,0.4091541764857901,0.7649792957881344
16,beta,1,16,1.0,1.0,raw,transport_binary_strength,1,4,0.4451741120653545,0.5162166822604493,0.410620744268001,0.7622296391957816
10,beta,1,16,1.0,1.0,raw,transport_binary_strength,1,8,0.4485014122267723,0.4927624102996538,0.418191404842948,0.761096454736889
44,beta,1,16,1.0,1.0,raw,transport_binary_strength,1,4,0.4454580704858302,0.4998472909412986,0.4104889201772625,0.7662532947030122
49,beta,1,16,1.0,1.0,raw,transport_binary_strength,1,4,0.4593322409626983,0.5078193887073426,0.4080517501875788,0.7549189016109265
17,beta,1,16,1.0,1.0,raw,transport_binary_strength,1,4,0.4597856061899275,0.501931755829904,0.414163037456267,0.7637718739783541
11,beta,1,16,1.0,1.0,raw,transport_binary_strength,1,8,0.4546254571225897,0.5363030294201906,0.4230617502966398,0.7570501294480385
1,beta,1,16,1.0,1.0,raw,transport_binary_strength,1,14,0.4525124421437649,0.514920638997329,0.4189160032179186,0.7591851338937373
26,beta,1,16,1.0,1.0,raw,transport_binary_strength,1,4,0.4506693762358258,0.5187017321377014,0.4090807119035424,0.760592669746367
24,beta,1,16,1.0,1.0,raw,transport_binary_strength,1,4,0.4447835993723833,0.5161388798436991,0.4129618104257088,0.7698381499709386
35,beta,1,16,1.0,1.0,raw,transport_binary_strength,1,4,0.4481466187299439,0.5116302406736897,0.4115592937301143,0.7691760444283047
13,beta,1,16,1.0,1.0,raw,transport_binary_strength,1,4,0.4570535344616804,0.5156522254634306,0.4142593060025455,0.7648441611968064
43,beta,1,16,1.0,1.0,raw,transport_binary_strength,1,4,0.4496831897955832,0.5084489794545204,0.4112096429287889,0.758166678136398
37,beta,1,16,1.0,1.0,raw,transport_binary_strength,1,4,0.4511353944504226,0.5228093807739551,0.4188045629851658,0.7590586138890562
47,beta,1,16,1.0,1.0,raw,transport_binary_strength,1,5,0.4398984051857387,0.5147342895894127,0.4136564675146322,0.7625126067463485
32,beta,1,16,1.0,1.0,raw,transport_binary_strength,1,5,0.4527838343411549,0.522991911867243,0.4123912588477489,0.7626668559775954
39,beta,1,16,1.0,1.0,raw,transport_binary_strength,1,5,0.4413451430972598,0.5048203082134592,0.4188279207524771,0.752510970428755
9,beta,1,16,1.0,1.0,raw,transport_binary_strength,1,6,0.4468736888626177,0.5248630120305879,0.4173946002300654,0.7428848396379748
46,beta,1,16,1.0,1.0,raw,transport_binary_strength,1,5,0.4489918674887947,0.5448653277228861,0.4123082697941768,0.7594314700644401
36,beta,1,16,1.0,1.0,raw,transport_binary_strength,1,4,0.4625768443010792,0.5301066427289048,0.4074444816659441,0.7597890015921819
5,beta,1,16,1.0,1.0,raw,transport_binary_strength,1,13,0.4426286195533216,0.5163669517065232,0.4253645966888995,0.7664072490416199
2,beta,1,16,1.0,1.0,raw,transport_binary_strength,1,14,0.4431162936615696,0.5167332071805099,0.4257341411322665,0.7465680909988877
22,beta,1,16,1.0,1.0,raw,transport_binary_strength,1,5,0.4491014078549267,0.5245711909385342,0.4147059102057406,0.7669438493648795
29,beta,1,16,1.0,1.0,raw,transport_binary_strength,1,6,0.4488656854143771,0.5304334147101443,0.4210806715425851,0.7501877531968553
27,beta,1,16,1.0,1.0,raw,transport_binary_strength,1,6,0.4593319003328957,0.4893644292084325,0.4142592700319309,0.7835999548984666
41,beta,1,16,1.0,1.0,raw,transport_binary_strength,1,4,0.4516267506385742,0.4899434612508737,0.4103092090041815,0.760814298798257
8,beta,1,16,1.0,1.0,raw,transport_binary_strength,1,4,0.4485302500224948,0.4775171189756703,0.4155426381184354,0.7476047831233029
40,beta,1,16,1.0,1.0,raw,transport_binary_strength,1,5,0.4418483984033787,0.5329225935556235,0.4173925653013479,0.7616495291510871
7,beta,1,16,1.0,1.0,raw,transport_binary_strength,1,6,0.4452552089311503,0.5074323926421056,0.4191013570204228,0.7552861338898611
14,beta,1,16,1.0,1.0,raw,transport_binary_strength,1,5,0.4460515197700221,0.5121684779548398,0.4145559753164467,0.7654326847017876
42,beta,1,16,1.0,1.0,raw,transport_binary_strength,1,4,0.4525079142684534,0.5201736157158283,0.4166572530000946,0.7491205635572307
0,beta,1,16,1.0,1.0,raw,transport_binary_strength,1,13,0.4567021383161124,0.5078360163066359,0.4204631244817526,0.7688950731807873
18,beta,1,16,1.0,1.0,raw,transport_binary_strength,1,5,0.4534124087720521,0.5112086781660836,0.4143098775976597,0.7608052383809577
20,beta,1,16,1.0,1.0,raw,transport_binary_strength,1,4,0.4351381171401923,0.4940441193763081,0.4146872970764537,0.7431952090884442
38,beta,1,16,1.0,1.0,raw,transport_binary_strength,1,4,0.4413195499580444,0.5223111520345646,0.416255469873362,0.7502979394986488
34,beta,1,16,1.0,1.0,raw,transport_binary_strength,1,5,0.4521419615312675,0.5110399136739494,0.4179931348300779,0.7441280856354784
25,beta,1,16,1.0,1.0,raw,transport_binary_strength,1,4,0.4430081997482804,0.5198671747528554,0.4113880552157783,0.7539650938336342
48,beta,1,16,1.0,1.0,raw,transport_binary_strength,1,5,0.4533657552482819,0.5149143313814531,0.4130396174440269,0.754975026321762
19,beta,1,16,1.0,1.0,raw,transport_binary_strength,1,5,0.4448885656519558,0.5147208751239942,0.4146145613169686,0.7468225542822948
21,beta,1,16,1.0,1.0,raw,transport_binary_strength,1,4,0.4449379667699492,0.5194023036943392,0.4122531332784085,0.7645556937179501
30,beta,1,16,1.0,1.0,raw,transport_binary_strength,1,5,0.4615679002315502,0.5018607883558222,0.4214644200194585,0.7405986686460727
4,beta,1,16,1.0,1.0,raw,transport_binary_strength,1,13,0.4562549355644925,0.5224768173538665,0.4188429878670221,0.7722818923260699
6,beta,1,16,1.0,1.0,raw,transport_binary_strength,1,14,0.4516324091455864,0.5246433245602681,0.4225444074576392,0.7728713178485295
31,beta,1,16,1.0,1.0,raw,transport_binary_strength,1,5,0.4442648862267032,0.5335460697307517,0.4154275310336638,0.766164305058414
33,beta,1,16,1.0,1.0,raw,transport_binary_strength,1,5,0.4455625267162574,0.5050744925016102,0.4220451259203246,0.7468039695500756
15,beta,1,16,1.0,1.0,raw,transport_binary_strength,1,5,0.4501927969442327,0.5106917169992305,0.413637176729855,0.7424115636731896
3,beta,1,16,1.0,1.0,raw,transport_binary_strength,1,16,0.4530846972464573,0.5174366621571762,0.4248779233746067,0.7531613494356495
45,beta,1,16,1.0,1.0,raw,transport_binary_strength,1,6,0.4454759164084549,0.5284558190075673,0.419621488786586,0.757089647117338
28,beta,1,16,1.0,1.0,raw,transport_binary_strength,1,5,0.4557270449634391,0.5235401057771807,0.4096504907892137,0.7845627121116117
23,beta,1,16,1.0,1.0,raw,transport_binary_strength,1,5,0.4434874933461976,0.5046433633415093,0.4144176543478616,0.7530856543336936
12,beta,1,16,1.0,1.0,raw,transport_binary_strength,1,5,0.4422466919173083,0.5147164801171652,0.4126525661790844,0.7495055239692829
10,beta,1,16,1.0,1.0,raw,transport_binary_strength,1,9,0.4479031246563049,0.4987957871167841,0.421199487351697,0.7573669184961584
16,beta,1,16,1.0,1.0,raw,transport_binary_strength,1,5,0.4445223909645068,0.5061604488454746,0.4151312512504575,0.7521336301661549
11,beta,1,16,1.0,1.0,raw,transport_binary_strength,1,9,0.4550585108119673,0.5275025682751942,0.4230420958582775,0.7518725511802049
26,beta,1,16,1.0,1.0,raw,transport_binary_strength,1,5,0.4508357096125838,0.4867508278984835,0.4135586173797845,0.7713103080363173
17,beta,1,16,1.0,1.0,raw,transport_binary_strength,1,5,0.4594813801082182,0.4957537722908093,0.4158225350166007,0.7638291721871397
49,beta,1,16,1.0,1.0,raw,transport_binary_strength,1,5,0.4595521702004303,0.5293666469915155,0.4084093768325351,0.7638794386048208
43,beta,1,16,1.0,1.0,raw,transport_binary_strength,1,5,0.4493784579116142,0.5083820308636369,0.4130772799403047,0.7649888170119056
44,beta,1,16,1.0,1.0,raw,transport_binary_strength,1,5,0.445728191637062,0.5156011601860969,0.4100237677825969,0.7696211177559545
35,beta,1,16,1.0,1.0,raw,transport_binary_strength,1,5,0.4496115915623305,0.5188697019840425,0.4133373424344572,0.7683656141043216
1,beta,1,16,1.0,1.0,raw,transport_binary_strength,1,15,0.4535808079391271,0.5182982972056709,0.4219003775699135,0.7555073103379578
24,beta,1,16,1.0,1.0,raw,transport_binary_strength,1,5,0.4446371378095808,0.5354244681428417,0.4158217287196262,0.7598055804899523
13,beta,1,16,1.0,1.0,raw,transport_binary_strength,1,5,0.4569374379442475,0.5189023976589959,0.4156701887991527,0.748120243170913
37,beta,1,16,1.0,1.0,raw,transport_binary_strength,1,5,0.4510785291143306,0.5253379860444471,0.4200046014249874,0.7496005154906603
47,beta,1,16,1.0,1.0,raw,transport_binary_strength,1,6,0.443162042336632,0.512947425486984,0.4172802004172807,0.7524817206504216
46,beta,1,16,1.0,1.0,raw,transport_binary_strength,1,6,0.4491025525616611,0.5167849671606924,0.4135725433423764,0.7599122443218452
39,beta,1,16,1.0,1.0,raw,transport_binary_strength,1,6,0.4434941292882751,0.5244158376869676,0.4237434900397037,0.7455274540220247
32,beta,1,16,1.0,1.0,raw,transport_binary_strength,1,6,0.4527160673743335,0.5199229535629619,0.413836597502089,0.7643788852467113
9,beta,1,16,1.0,1.0,raw,transport_binary_strength,1,7,0.4457607690041961,0.5006517583166918,0.4165812484288161,0.7572223095805317
22,beta,1,16,1.0,1.0,raw,transport_binary_strength,1,6,0.4490922335056987,0.529827912500749,0.4158748693050343,0.7686037961397764
2,beta,1,16,1.0,1.0,raw,transport_binary_strength,1,15,0.4433300664011731,0.5286591757052105,0.4267760039408836,0.7364473165974125
36,beta,1,16,1.0,1.0,raw,transport_binary_strength,1,5,0.4628892890492407,0.5260010771992818,0.40849569322027,0.7786228999670582
29,beta,1,16,1.0,1.0,raw,transport_binary_strength,1,7,0.4501618478381289,0.5311951500630747,0.4197114994120649,0.7535683557487661
27,beta,1,16,1.0,1.0,raw,transport_binary_strength,1,7,0.4603226488733617,0.5262338536917922,0.4099129636481848,0.782382350999934
5,beta,1,16,1.0,1.0,raw,transport_binary_strength,1,14,0.4428446802844615,0.5119421255931229,0.4244367387158393,0.7635629059160237
41,beta,1,16,1.0,1.0,raw,transport_binary_strength,1,5,0.451453034619669,0.5039800755723994,0.4152354953639507,0.7589433404568289
7,beta,1,16,1.0,1.0,raw,transport_binary_strength,1,7,0.4461494244040496,0.5053469545743277,0.4202444390139483,0.7463869623570911
8,beta,1,16,1.0,1.0,raw,transport_binary_strength,1,5,0.4480373770680724,0.5231554122113746,0.4164131307122906,0.7440550372484858
14,beta,1,16,1.0,1.0,raw,transport_binary_strength,1,6,0.4477451202961607,0.5080687726411022,0.4190493901226802,0.7676987274029391
42,beta,1,16,1.0,1.0,raw,transport_binary_strength,1,5,0.4526497551975833,0.5100353620510905,0.4155386935520763,0.7544118509928175
40,beta,1,16,1.0,1.0,raw,transport_binary_strength,1,6,0.4437219926565306,0.5177602732741918,0.4154446045457592,0.7602629483451044
0,beta,1,16,1.0,1.0,raw,transport_binary_strength,1,14,0.4567900126949589,0.5191024504451466,0.4214435066158289,0.7618211021782451
18,beta,1,16,1.0,1.0,raw,transport_binary_strength,1,6,0.4537234793549947,0.5096597581342315,0.4162583874095127,0.7657242160401083
38,beta,1,16,1.0,1.0,raw,transport_binary_strength,1,5,0.4415128123518506,0.5136566434645832,0.4152996905427418,0.7584688871942504
34,beta,1,16,1.0,1.0,raw,transport_binary_strength,1,6,0.4520655446867039,0.5169584616503795,0.4169570407751461,0.7503818536995602
20,beta,1,16,1.0,1.0,raw,transport_binary_strength,1,5,0.4354094386831726,0.4942374062228076,0.4161852101430414,0.7569485565046589
25,beta,1,16,1.0,1.0,raw,transport_binary_strength,1,5,0.4429702227263551,0.5128225027593819,0.4130438203736575,0.7557728853059769
48,beta,1,16,1.0,1.0,raw,transport_binary_strength,1,6,0.4534370564590693,0.5015188067638623,0.4162924834786742,0.7666700795369419
19,beta,1,16,1.0,1.0,raw,transport_binary_strength,1,6,0.4448774287100445,0.5034346412432492,0.4161839211913425,0.7487674279436589
30,beta,1,16,1.0,1.0,raw,transport_binary_strength,1,6,0.4621410014018827,0.4987732696151924,0.4215743088252422,0.7448157525471295
6,beta,1,16,1.0,1.0,raw,transport_binary_strength,1,15,0.4511962652838551,0.5179588960319857,0.4210553684329974,0.7742309708380232
4,beta,1,16,1.0,1.0,raw,transport_binary_strength,1,14,0.4557146360714809,0.5163385908262957,0.4150786616564052,0.7837656698383931
31,beta,1,16,1.0,1.0,raw,transport_binary_strength,1,6,0.4452442986981685,0.5126499629605834,0.4190631691787235,0.7597725609833463
21,beta,1,16,1.0,1.0,raw,transport_binary_strength,1,5,0.4451302774604421,0.5241512150582947,0.4133432367058763,0.7608801172895964
3,beta,1,16,1.0,1.0,raw,transport_binary_strength,1,17,0.4523280962935094,0.5064358627475096,0.4234366300792133,0.753317070661287
23,beta,1,16,1.0,1.0,raw,transport_binary_strength,1,6,0.4415310033537933,0.5286718656461344,0.4109947715853668,0.7727575833352278
15,beta,1,16,1.0,1.0,raw,transport_binary_strength,1,6,0.4504004319406152,0.4998679099600501,0.4147316725603722,0.7541470804526018
33,beta,1,16,1.0,1.0,raw,transport_binary_strength,1,6,0.4461357805056319,0.5055865281233026,0.4219580497941645,0.7532384888536335
45,beta,1,16,1.0,1.0,raw,transport_binary_strength,1,7,0.4429539242370924,0.508655494220165,0.4202162132444767,0.7567646438341237
28,beta,1,16,1.0,1.0,raw,transport_binary_strength,1,6,0.4564981203949286,0.530733196636531,0.4113708133409123,0.7675024543545099
12,beta,1,16,1.0,1.0,raw,transport_binary_strength,1,6,0.4425934717357525,0.5048915777262974,0.4152172827948444,0.7613707143691951
10,beta,1,16,1.0,1.0,raw,transport_binary_strength,1,10,0.4488706815910769,0.4908020358104683,0.4213923413022017,0.7623770293039221
11,beta,1,16,1.0,1.0,raw,transport_binary_strength,1,10,0.4545406720603425,0.5060892920439308,0.4223479869035859,0.7448526297072091
16,beta,1,16,1.0,1.0,raw,transport_binary_strength,1,6,0.446887643675234,0.5313182760195301,0.4172175600173343,0.7503848324429503
26,beta,1,16,1.0,1.0,raw,transport_binary_strength,1,6,0.4509894923045471,0.509764902697023,0.4163310149399065,0.7642145289903022
17,beta,1,16,1.0,1.0,raw,transport_binary_strength,1,6,0.4594171796624354,0.530608024691358,0.4169754275096259,0.7646803861176591
49,beta,1,16,1.0,1.0,raw,transport_binary_strength,1,6,0.4597259698845016,0.5186813911540961,0.4071652116918677,0.7624097373273416
43,beta,1,16,1.0,1.0,raw,transport_binary_strength,1,6,0.449803875198989,0.5185730193814488,0.4139363258583619,0.7692959878879636
44,beta,1,16,1.0,1.0,raw,transport_binary_strength,1,6,0.4453547775544648,0.5122452527620202,0.4133994353541046,0.768415411295928
35,beta,1,16,1.0,1.0,raw,transport_binary_strength,1,6,0.4511525699068775,0.5277454658649672,0.4193679527281845,0.757223028046172
47,beta,1,16,1.0,1.0,raw,transport_binary_strength,1,7,0.4412115731135531,0.5158508350115765,0.4158244342877396,0.7668490852191826
1,beta,1,16,1.0,1.0,raw,transport_binary_strength,1,16,0.4523246701816981,0.5215228194986645,0.419806726325971,0.766411252165155
24,beta,1,16,1.0,1.0,raw,transport_binary_strength,1,6,0.4450542805548443,0.5132604743297514,0.4158218183082561,0.7588577294910287
13,beta,1,16,1.0,1.0,raw,transport_binary_strength,1,6,0.4565868662573146,0.5035887572644526,0.4150590600076679,0.757701085246276
46,beta,1,16,1.0,1.0,raw,transport_binary_strength,1,7,0.4504184955797402,0.5202149035883885,0.413628512695282,0.75503567034813
39,beta,1,16,1.0,1.0,raw,transport_binary_strength,1,7,0.4438435603625301,0.520329683437105,0.4202297944732168,0.7543417043993516
37,beta,1,16,1.0,1.0,raw,transport_binary_strength,1,6,0.4511988743221414,0.5253515338721497,0.4171444081257328,0.7479148983856675
9,beta,1,16,1.0,1.0,raw,transport_binary_strength,1,8,0.4459810425231879,0.5203472797233453,0.4182911992733368,0.7421172268112393
32,beta,1,16,1.0,1.0,raw,transport_binary_strength,1,7,0.4531375291341799,0.5290649839631851,0.4162017871382499,0.7655003467270816
22,beta,1,16,1.0,1.0,raw,transport_binary_strength,1,7,0.4492315871021611,0.5297746968292623,0.416830938461366,0.7582453037781333
2,beta,1,16,1.0,1.0,raw,transport_binary_strength,1,16,0.4432059035003139,0.5245373192184986,0.4265949453513604,0.7512456071495566
29,beta,1,16,1.0,1.0,raw,transport_binary_strength,1,8,0.4492754527254791,0.5154854928439835,0.4225508785932004,0.7441225237652354
7,beta,1,16,1.0,1.0,raw,transport_binary_strength,1,8,0.4465566121134334,0.5345493767127322,0.4208380352676644,0.7372067162763243
36,beta,1,16,1.0,1.0,raw,transport_binary_strength,1,6,0.4619316920329658,0.5160150807899462,0.4102706386365728,0.7658964258262875
27,beta,1,16,1.0,1.0,raw,transport_binary_strength,1,8,0.4592109445620476,0.5127580430161761,0.4161562435708443,0.7718745874859746
5,beta,1,16,1.0,1.0,raw,transport_binary_strength,1,15,0.4425787418155799,0.5109227954793942,0.4234077196804506,0.7615667037396594
41,beta,1,16,1.0,1.0,raw,transport_binary_strength,1,6,0.4522093696815517,0.5206059409725714,0.4152445744350065,0.7625296619577586
42,beta,1,16,1.0,1.0,raw,transport_binary_strength,1,6,0.4548485139828607,0.529794798191982,0.4199237912156497,0.7429638181623645
8,beta,1,16,1.0,1.0,raw,transport_binary_strength,1,6,0.4487797623915089,0.5193735592941268,0.4172171850037254,0.7500381187774141
14,beta,1,16,1.0,1.0,raw,transport_binary_strength,1,7,0.446605361606011,0.4985434615312423,0.4196484229840522,0.7691749467979241
18,beta,1,16,1.0,1.0,raw,transport_binary_strength,1,7,0.4516364178991952,0.4982450323943967,0.4145153016992119,0.7684753672199329
40,beta,1,16,1.0,1.0,raw,transport_binary_strength,1,7,0.4443890717983816,0.4946855562353421,0.4210180126015596,0.7640060240963855
38,beta,1,16,1.0,1.0,raw,transport_binary_strength,1,6,0.4417344451426038,0.5150080751803635,0.4187682162066227,0.7553121062634804
0,beta,1,16,1.0,1.0,raw,transport_binary_strength,1,15,0.4569012872828072,0.5129443335809222,0.4219773839408955,0.7608664880093452
34,beta,1,16,1.0,1.0,raw,transport_binary_strength,1,7,0.4522454011566256,0.4999066417711389,0.4192161840359603,0.749770957398076
19,beta,1,16,1.0,1.0,raw,transport_binary_strength,1,7,0.4423430806016455,0.5033158134024028,0.4159789628901644,0.7495917190944923
20,beta,1,16,1.0,1.0,raw,transport_binary_strength,1,6,0.4344164972586087,0.5178566179064462,0.4166794079580895,0.7602985338641391
25,beta,1,16,1.0,1.0,raw,transport_binary_strength,1,6,0.4427174361545963,0.5165270479412611,0.4133646680730582,0.7530278465228601
30,beta,1,16,1.0,1.0,raw,transport_binary_strength,1,7,0.4621360358369462,0.5327086456771615,0.4225009407224848,0.7456148021610776
6,beta,1,16,1.0,1.0,raw,transport_binary_strength,1,16,0.4516585396402656,0.5389157354273633,0.425289832890859,0.7703162021840558
31,beta,1,16,1.0,1.0,raw,transport_binary_strength,1,7,0.4452519291959646,0.5409512073641719,0.4155358964732411,0.76033171303182
48,beta,1,16,1.0,1.0,raw,transport_binary_strength,1,7,0.4528987911818046,0.5214220094407266,0.4183449166557268,0.7520078769045949
21,beta,1,16,1.0,1.0,raw,transport_binary_strength,1,6,0.445988927708024,0.5268836915297093,0.414969440679394,0.7654798973716033
4,beta,1,16,1.0,1.0,raw,transport_binary_strength,1,15,0.4560800255347019,0.5155351327482475,0.4183403929777087,0.7699818758495696
3,beta,1,16,1.0,1.0,raw,transport_binary_strength,1,18,0.4533899289132493,0.4899600295166646,0.4268452186025782,0.7494044010711397
15,beta,1,16,1.0,1.0,raw,transport_binary_strength,1,7,0.4501018965114395,0.4963779000516501,0.4140397731373909,0.7515909846617006
23,beta,1,16,1.0,1.0,raw,transport_binary_strength,1,7,0.4422651222763883,0.5334406439439291,0.41333934325161,0.7648940472032608
33,beta,1,16,1.0,1.0,raw,transport_binary_strength,1,7,0.4455173422844837,0.5241908166427629,0.4250530700647211,0.7512072166859456
28,beta,1,16,1.0,1.0,raw,transport_binary_strength,1,7,0.4556491690767603,0.5125220425278442,0.4084338763425764,0.7700176947436568
45,beta,1,16,1.0,1.0,raw,transport_binary_strength,1,8,0.4462028102874314,0.5000840484959822,0.4213312494893139,0.7590782620479991
11,beta,1,16,1.0,1.0,raw,transport_binary_strength,1,11,0.4548008610309613,0.5233954089436326,0.4255260262547932,0.7457870172988715
10,beta,1,16,1.0,1.0,raw,transport_binary_strength,1,11,0.44898199393758,0.5017991120656725,0.4223108336238099,0.7619787986604399
12,beta,1,16,1.0,1.0,raw,transport_binary_strength,1,7,0.4423561509205453,0.5097150600368878,0.4153237656614648,0.762126264119293
26,beta,1,16,1.0,1.0,raw,transport_binary_strength,1,7,0.4509832475050286,0.5093164358384793,0.4167318134241291,0.771792182626184
43,beta,1,16,1.0,1.0,raw,transport_binary_strength,1,7,0.4497208153085665,0.5160444484815454,0.4148248276642505,0.766630651710137
16,beta,1,16,1.0,1.0,raw,transport_binary_strength,1,7,0.4461427277569657,0.5173713672607206,0.4154919834534192,0.7628871262035751
47,beta,1,16,1.0,1.0,raw,transport_binary_strength,1,8,0.4393184709879899,0.5151844306009774,0.4142730465488465,0.7642688986981738
35,beta,1,16,1.0,1.0,raw,transport_binary_strength,1,7,0.4507726083386655,0.5251027479819033,0.4191202007625322,0.7564446091077465
17,beta,1,16,1.0,1.0,raw,transport_binary_strength,1,7,0.4585834943934098,0.4995462962962963,0.4170270454077581,0.7542749969888328
49,beta,1,16,1.0,1.0,raw,transport_binary_strength,1,7,0.4596161734755628,0.503765098480177,0.4089967596443358,0.7649732179332884
44,beta,1,16,1.0,1.0,raw,transport_binary_strength,1,7,0.4456966316091154,0.5018090150030776,0.4133450572436674,0.7780794720216917
39,beta,1,16,1.0,1.0,raw,transport_binary_strength,1,8,0.4417559495988324,0.5220147785013955,0.4190871347672281,0.7591954203700598
1,beta,1,16,1.0,1.0,raw,transport_binary_strength,1,17,0.4538760537955013,0.5324086321142387,0.4250153994575245,0.7597630850068897
46,beta,1,16,1.0,1.0,raw,transport_binary_strength,1,8,0.4504179000867011,0.5343406527650123,0.4146938369197805,0.7539359362638665
37,beta,1,16,1.0,1.0,raw,transport_binary_strength,1,7,0.4511160712802655,0.5003703072905377,0.4190395400423316,0.7573245744192948
24,beta,1,16,1.0,1.0,raw,transport_binary_strength,1,7,0.4461673762662933,0.5263099696081625,0.4152358362812731,0.752534538438522
13,beta,1,16,1.0,1.0,raw,transport_binary_strength,1,7,0.4566156013361099,0.5104447993272303,0.4172729154720191,0.756708991364258
22,beta,1,16,1.0,1.0,raw,transport_binary_strength,1,8,0.4494683277271629,0.5212104979365711,0.4189280615324839,0.7655178835387642
9,beta,1,16,1.0,1.0,raw,transport_binary_strength,1,9,0.4466805942194267,0.5164592567337197,0.4210400796634161,0.738435537916908
32,beta,1,16,1.0,1.0,raw,transport_binary_strength,1,8,0.4526900143814885,0.5095935016036814,0.4158974958881902,0.7701062267519663
2,beta,1,16,1.0,1.0,raw,transport_binary_strength,1,17,0.4436949581610773,0.5029994236414131,0.4277338698571414,0.7451632787121274
7,beta,1,16,1.0,1.0,raw,transport_binary_strength,1,9,0.4502865911862332,0.5068866625158016,0.4195686096378465,0.7432440218957073
27,beta,1,16,1.0,1.0,raw,transport_binary_strength,1,9,0.4591611967984093,0.5063455926571537,0.4184248921928625,0.77774552147273
29,beta,1,16,1.0,1.0,raw,transport_binary_strength,1,9,0.451704891154537,0.5253596159256536,0.4249919434793579,0.7412048599862756
5,beta,1,16,1.0,1.0,raw,transport_binary_strength,1,16,0.441749321278049,0.5289993323372891,0.4229434047978463,0.7703219610936557
42,beta,1,16,1.0,1.0,raw,transport_binary_strength,1,7,0.4529937027752464,0.5047333408678303,0.4198178184573338,0.74973251050112
36,beta,1,16,1.0,1.0,raw,transport_binary_strength,1,7,0.4623652345616653,0.5381788150807899,0.4115086194789228,0.7734695838366092
14,beta,1,16,1.0,1.0,raw,transport_binary_strength,1,8,0.4455977078676769,0.5180576984439815,0.4176334926057992,0.7725184697534928
8,beta,1,16,1.0,1.0,raw,transport_binary_strength,1,7,0.4489720206007136,0.5189855372501162,0.4181449019823182,0.7587996936573139
18,beta,1,16,1.0,1.0,raw,transport_binary_strength,1,8,0.4542604066048255,0.5051319788932922,0.4180878442811508,0.7612385603351718
41,beta,1,16,1.0,1.0,raw,transport_binary_strength,1,7,0.452232435428351,0.5071190349620732,0.4153553015968353,0.7646748633121478
38,beta,1,16,1.0,1.0,raw,transport_binary_strength,1,7,0.4426610042479641,0.5097336493467356,0.4183777919957641,0.7506337672572413
40,beta,1,16,1.0,1.0,raw,transport_binary_strength,1,8,0.4433943276764756,0.5247721652900988,0.4188577698340172,0.7578964132391635
34,beta,1,16,1.0,1.0,raw,transport_binary_strength,1,8,0.4515001498145006,0.514896396614855,0.4196594305302124,0.7517562833556343
0,beta,1,16,1.0,1.0,raw,transport_binary_strength,1,16,0.4562877247512105,0.5362090152010432,0.4194187432570008,0.7604933690647977
19,beta,1,16,1.0,1.0,raw,transport_binary_strength,1,8,0.4456378517865756,0.5247075801829604,0.418095524893695,0.7507011370030635
6,beta,1,16,1.0,1.0,raw,transport_binary_strength,1,17,0.4514539588178787,0.5221516302081086,0.4228327969446315,0.7757763416962755
31,beta,1,16,1.0,1.0,raw,transport_binary_strength,1,8,0.4449244699243392,0.5035076245186111,0.4184915713073318,0.7626070900409258
30,beta,1,16,1.0,1.0,raw,transport_binary_strength,1,8,0.4621059833573051,0.5211976043228386,0.4243963098302202,0.7376292206427646
25,beta,1,16,1.0,1.0,raw,transport_binary_strength,1,7,0.4441003195692981,0.5231023250791822,0.4159308512820492,0.753618135361109
20,beta,1,16,1.0,1.0,raw,transport_binary_strength,1,7,0.4374949080307141,0.4834669927800381,0.4167893606579301,0.7507640748564565
3,beta,1,16,1.0,1.0,raw,transport_binary_strength,1,19,0.4520186697366062,0.5187098757840365,0.4225225776644006,0.7474801316400504
48,beta,1,16,1.0,1.0,raw,transport_binary_strength,1,8,0.4531131282435083,0.5002980102772466,0.4188355344270997,0.7553161427057578
21,beta,1,16,1.0,1.0,raw,transport_binary_strength,1,7,0.4461864128008708,0.5169093271526899,0.4142363381294139,0.769483124205709
15,beta,1,16,1.0,1.0,raw,transport_binary_strength,1,8,0.4503939308382647,0.5276717104639028,0.4165533825734355,0.7571369243653654
4,beta,1,16,1.0,1.0,raw,transport_binary_strength,1,16,0.4562370703445886,0.5363243086603742,0.4194883726006739,0.7820691051887245
23,beta,1,16,1.0,1.0,raw,transport_binary_strength,1,8,0.4443402300616831,0.515810311049158,0.4182675799650067,0.7582710071457259
33,beta,1,16,1.0,1.0,raw,transport_binary_strength,1,8,0.4464896354465525,0.5119144104448715,0.4237701974123262,0.7544464822176957
10,beta,1,16,1.0,1.0,raw,transport_binary_strength,1,12,0.4490772356125589,0.5083589191033209,0.4243678510622747,0.7570070127614978
28,beta,1,16,1.0,1.0,raw,transport_binary_strength,1,8,0.4557517963422151,0.5157345072277929,0.4130839895648885,0.7807870996237459
11,beta,1,16,1.0,1.0,raw,transport_binary_strength,1,12,0.4548691200039837,0.5103622360537975,0.4248827632319387,0.7353582288240379
45,beta,1,16,1.0,1.0,raw,transport_binary_strength,1,9,0.4465540593753065,0.499230956261763,0.4205227655639303,0.7490915276306929
12,beta,1,16,1.0,1.0,raw,transport_binary_strength,1,8,0.4433501826606341,0.5412295499885367,0.417882446933612,0.751583973270451
26,beta,1,16,1.0,1.0,raw,transport_binary_strength,1,8,0.4508020611063034,0.514522915852517,0.4155596889722635,0.7713243648546628
47,beta,1,16,1.0,1.0,raw,transport_binary_strength,1,9,0.4405200468020101,0.524671315514273,0.4183554420321941,0.763054082509208
43,beta,1,16,1.0,1.0,raw,transport_binary_strength,1,8,0.4501081866445535,0.5196855771204032,0.4156426203728476,0.7666230816874269
35,beta,1,16,1.0,1.0,raw,transport_binary_strength,1,8,0.4502986532831607,0.5226741859153348,0.417700101845829,0.7670263836790214
49,beta,1,16,1.0,1.0,raw,transport_binary_strength,1,8,0.4595686420064996,0.50933426542988,0.4105458543585114,0.7660866645872207
16,beta,1,16,1.0,1.0,raw,transport_binary_strength,1,8,0.4450387113052974,0.5048071426974795,0.4181533120781013,0.751536040605622
17,beta,1,16,1.0,1.0,raw,transport_binary_strength,1,8,0.4588952647613043,0.4992997256515775,0.416982699784345,0.766940998330953
39,beta,1,16,1.0,1.0,raw,transport_binary_strength,1,9,0.4432219573830585,0.5259011426799304,0.4215532948285675,0.7580167980323104
1,beta,1,16,1.0,1.0,raw,transport_binary_strength,1,18,0.4523914582124899,0.5119972519005548,0.4217495201845272,0.7555534841701578
44,beta,1,16,1.0,1.0,raw,transport_binary_strength,1,8,0.4464083455817332,0.5265079432204225,0.4172865746400573,0.7673093201384635
46,beta,1,16,1.0,1.0,raw,transport_binary_strength,1,9,0.4507335829366004,0.5076847450405944,0.4168623961240498,0.7625832511422527
2,beta,1,16,1.0,1.0,raw,transport_binary_strength,1,18,0.4428537317003992,0.5020826054468437,0.4257085195596171,0.7490937420613744
37,beta,1,16,1.0,1.0,raw,transport_binary_strength,1,8,0.4515045557827243,0.5140465167889842,0.4215951097062273,0.745180937083438
7,beta,1,16,1.0,1.0,raw,transport_binary_strength,1,10,0.4468630682412715,0.5087802803034591,0.4224536424237133,0.7345076979291832
22,beta,1,16,1.0,1.0,raw,transport_binary_strength,1,9,0.4492007873924416,0.5094815524879208,0.416507394469704,0.7552727016292742
24,beta,1,16,1.0,1.0,raw,transport_binary_strength,1,8,0.4448122762004401,0.5380328747422121,0.419134724087519,0.7609171387005913
13,beta,1,16,1.0,1.0,raw,transport_binary_strength,1,8,0.4565865235793648,0.513257683405848,0.4161015632231029,0.7649600795346
9,beta,1,16,1.0,1.0,raw,transport_binary_strength,1,10,0.4470952138302869,0.5242118625493157,0.420132730463394,0.7508377120719597
32,beta,1,16,1.0,1.0,raw,transport_binary_strength,1,9,0.452816068636546,0.5290911309440803,0.4145188605753724,0.7648708535933753
27,beta,1,16,1.0,1.0,raw,transport_binary_strength,1,10,0.4596195128141586,0.5165557683300954,0.415426203861525,0.7823063796669087
42,beta,1,16,1.0,1.0,raw,transport_binary_strength,1,8,0.4541720427915287,0.5113997375120611,0.4227273595647638,0.7523076577929182
14,beta,1,16,1.0,1.0,raw,transport_binary_strength,1,9,0.4467463915166298,0.4860641552639976,0.4197075052670075,0.7757524415117385
29,beta,1,16,1.0,1.0,raw,transport_binary_strength,1,10,0.4516654184395737,0.5149140400712727,0.4239943042307331,0.7441563123739459
5,beta,1,16,1.0,1.0,raw,transport_binary_strength,1,17,0.4419225357202325,0.51560119073453,0.4239677515631814,0.7754349543960193
18,beta,1,16,1.0,1.0,raw,transport_binary_strength,1,9,0.4538720812387206,0.5010959252155753,0.417649066633508,0.7686092051279734
36,beta,1,16,1.0,1.0,raw,transport_binary_strength,1,8,0.4602439317567398,0.519283303411131,0.4135158276913274,0.7702888231580104
38,beta,1,16,1.0,1.0,raw,transport_binary_strength,1,8,0.4428500976968971,0.5231771374504615,0.4189933624811596,0.7567280938691973
34,beta,1,16,1.0,1.0,raw,transport_binary_strength,1,9,0.4526203897405223,0.5128152355779724,0.4225426441882618,0.7462778836742053
8,beta,1,16,1.0,1.0,raw,transport_binary_strength,1,8,0.4498386749532503,0.5154288702928871,0.4201622563248806,0.7488111815080414
41,beta,1,16,1.0,1.0,raw,transport_binary_strength,1,8,0.4524996981171924,0.5286401153387983,0.4183689411968072,0.7659225736171629
40,beta,1,16,1.0,1.0,raw,transport_binary_strength,1,9,0.4440245490934046,0.5334190501682472,0.4210105799707005,0.7554293034205788
0,beta,1,16,1.0,1.0,raw,transport_binary_strength,1,17,0.4564837249014797,0.4940794315268474,0.4207651763747034,0.7600876108018965
19,beta,1,16,1.0,1.0,raw,transport_binary_strength,1,9,0.4452190803113729,0.5234156287887137,0.4182070828027294,0.7453335399070968
31,beta,1,16,1.0,1.0,raw,transport_binary_strength,1,9,0.4444182602633084,0.5218859295795298,0.418358416159962,0.7597771427524167
6,beta,1,16,1.0,1.0,raw,transport_binary_strength,1,18,0.4516099726660414,0.5053454574218694,0.4231156720326393,0.7712955350485668
30,beta,1,16,1.0,1.0,raw,transport_binary_strength,1,9,0.4615536790029416,0.5036364630184907,0.4246012935202755,0.7304132010113952
3,beta,1,16,1.0,1.0,raw,transport_binary_strength,1,20,0.4508124071324997,0.5228963227155332,0.4216769424638897,0.7564638212320329
25,beta,1,16,1.0,1.0,raw,transport_binary_strength,1,8,0.4431855117092632,0.5076224175784625,0.4153004978532422,0.7509156368517202
15,beta,1,16,1.0,1.0,raw,transport_binary_strength,1,9,0.4499443165447826,0.4988118484436434,0.4146607234103193,0.7603449358225244
48,beta,1,16,1.0,1.0,raw,transport_binary_strength,1,9,0.4529165413261785,0.5154640445745698,0.4189575655908187,0.7553733082828656
20,beta,1,16,1.0,1.0,raw,transport_binary_strength,1,8,0.4368265963959941,0.5106892035700007,0.4192643984504182,0.7617761436535857
21,beta,1,16,1.0,1.0,raw,transport_binary_strength,1,8,0.4453929192725327,0.5043366343587582,0.417209059626094,0.7686162979100939
23,beta,1,16,1.0,1.0,raw,transport_binary_strength,1,9,0.444645784100864,0.5249562385412534,0.4192403363653533,0.7663005627439918
4,beta,1,16,1.0,1.0,raw,transport_binary_strength,1,17,0.4560333344976464,0.5323494507920737,0.4184919095721472,0.7858710576540211
10,beta,1,16,1.0,1.0,raw,transport_binary_strength,1,13,0.4485127581936823,0.5113352168303915,0.4222647844247982,0.7524280571779767
11,beta,1,16,1.0,1.0,raw,transport_binary_strength,1,13,0.4550976728571363,0.5184777082037056,0.4277472646504289,0.7362150368434314
28,beta,1,16,1.0,1.0,raw,transport_binary_strength,1,9,0.4563836783704832,0.5305644032632039,0.4146084335371088,0.7629669723344196
33,beta,1,16,1.0,1.0,raw,transport_binary_strength,1,9,0.4467600334441146,0.526574091849297,0.425695638186489,0.7429290361286497
45,beta,1,16,1.0,1.0,raw,transport_binary_strength,1,10,0.4457467454833189,0.5169261663980116,0.4215096728605345,0.750190007292927
26,beta,1,16,1.0,1.0,raw,transport_binary_strength,1,9,0.4504053945510099,0.5276511452158757,0.4168733521275929,0.775535581921423
47,beta,1,16,1.0,1.0,raw,transport_binary_strength,1,10,0.4429409556608638,0.5041885947315236,0.419049461241552,0.7605076408823372
43,beta,1,16,1.0,1.0,raw,transport_binary_strength,1,9,0.4501615002692407,0.522283115161669,0.4180595976594336,0.770363533136054
35,beta,1,16,1.0,1.0,raw,transport_binary_strength,1,9,0.4508099941827647,0.5356578211342534,0.419610196149893,0.7715363156049733
12,beta,1,16,1.0,1.0,raw,transport_binary_strength,1,9,0.442149153216029,0.5152102574280464,0.41688318190202,0.7488814563754237
39,beta,1,16,1.0,1.0,raw,transport_binary_strength,1,10,0.4447746542357998,0.5171551086619433,0.4263088736889511,0.7512088434233328
49,beta,1,16,1.0,1.0,raw,transport_binary_strength,1,9,0.4595244942914005,0.5214813080568095,0.4131524323316705,0.7544870830527002
17,beta,1,16,1.0,1.0,raw,transport_binary_strength,1,9,0.4580753496230855,0.5210006858710563,0.4201118571760404,0.7549815028304971
16,beta,1,16,1.0,1.0,raw,transport_binary_strength,1,9,0.4476390262772144,0.5183188092949588,0.4178445934674858,0.7529531518867697
7,beta,1,16,1.0,1.0,raw,transport_binary_strength,1,11,0.4496250139925257,0.5166271877088654,0.4214726224574172,0.7445425863074533
2,beta,1,16,1.0,1.0,raw,transport_binary_strength,1,19,0.4421907054124447,0.5104037825444956,0.4258319929491262,0.7435855904122514
44,beta,1,16,1.0,1.0,raw,transport_binary_strength,1,9,0.4464685425575315,0.4988645829767325,0.4178527421480851,0.7692106132448782
1,beta,1,16,1.0,1.0,raw,transport_binary_strength,1,19,0.4538245556008529,0.5303562256009863,0.4242754917589907,0.7521774334128377
46,beta,1,16,1.0,1.0,raw,transport_binary_strength,1,10,0.4508781633046659,0.5159651812385111,0.4175954203150825,0.7571084538899324
37,beta,1,16,1.0,1.0,raw,transport_binary_strength,1,9,0.4511106540378646,0.5189034130203656,0.4203141620135152,0.7567618373658787
22,beta,1,16,1.0,1.0,raw,transport_binary_strength,1,10,0.4492475251642838,0.5051872944941164,0.4183229033371845,0.7685064039233487
27,beta,1,16,1.0,1.0,raw,transport_binary_strength,1,11,0.4590218711308846,0.5040599599269484,0.4204297387926651,0.7844273892812356
9,beta,1,16,1.0,1.0,raw,transport_binary_strength,1,11,0.4477528912148987,0.5088338975208222,0.423902549010395,0.7415280800529902
42,beta,1,16,1.0,1.0,raw,transport_binary_strength,1,9,0.4544457720508759,0.5234220509467008,0.4210019968884786,0.7524412299684881
24,beta,1,16,1.0,1.0,raw,transport_binary_strength,1,9,0.4473424953718909,0.5268550553565614,0.4194968978485239,0.7581875960834081
32,beta,1,16,1.0,1.0,raw,transport_binary_strength,1,10,0.4526968610491671,0.5245743271510249,0.4160779628702491,0.7684022569155077
14,beta,1,16,1.0,1.0,raw,transport_binary_strength,1,10,0.4455776763548834,0.4999752238301706,0.4186906551897627,0.770400933566725
13,beta,1,16,1.0,1.0,raw,transport_binary_strength,1,9,0.4565295865142636,0.5186136224874268,0.4207786690582889,0.751493014266658
29,beta,1,16,1.0,1.0,raw,transport_binary_strength,1,11,0.4496849294858077,0.5229760921584821,0.4242225429021116,0.7562865970690995
18,beta,1,16,1.0,1.0,raw,transport_binary_strength,1,10,0.4535281591137259,0.5189040128152296,0.4191264403432506,0.7589212525559565
38,beta,1,16,1.0,1.0,raw,transport_binary_strength,1,9,0.4428862345167162,0.5225303211830323,0.4210363989507883,0.7461185199881237
5,beta,1,16,1.0,1.0,raw,transport_binary_strength,1,18,0.443706292699761,0.5003055909468979,0.4266047607000197,0.7652226164387109
34,beta,1,16,1.0,1.0,raw,transport_binary_strength,1,10,0.4527147013986878,0.5299122190159801,0.4235506335934072,0.7485690058715663
36,beta,1,16,1.0,1.0,raw,transport_binary_strength,1,9,0.4612844906810632,0.5299608617594255,0.411853113996694,0.7717981360491929
41,beta,1,16,1.0,1.0,raw,transport_binary_strength,1,9,0.4523909311938788,0.5158772001606649,0.4182654780313126,0.7696178290916155
8,beta,1,16,1.0,1.0,raw,transport_binary_strength,1,9,0.4499677136547892,0.5100558848597552,0.4223869184814633,0.74587847246397
19,beta,1,16,1.0,1.0,raw,transport_binary_strength,1,10,0.4447385535887377,0.5284077758183622,0.4175776496791721,0.7602078814532258
40,beta,1,16,1.0,1.0,raw,transport_binary_strength,1,10,0.4454957518059275,0.5313280692362597,0.424793918516967,0.7500723583991137
30,beta,1,16,1.0,1.0,raw,transport_binary_strength,1,10,0.4625034725213497,0.5174077023988006,0.4255149253363483,0.7476059016126735
0,beta,1,16,1.0,1.0,raw,transport_binary_strength,1,18,0.4567291206646715,0.5205013845579854,0.4223001069026995,0.7613492063492063
3,beta,1,16,1.0,1.0,raw,transport_binary_strength,1,21,0.4517158927550019,0.5137381625876276,0.4238252947312883,0.7621488625398689
31,beta,1,16,1.0,1.0,raw,transport_binary_strength,1,10,0.4464281896180836,0.4959522974048246,0.4224540304253339,0.7665017699726363
6,beta,1,16,1.0,1.0,raw,transport_binary_strength,1,19,0.4519263725308877,0.5012753304281543,0.4244586455956665,0.7675116402561165
15,beta,1,16,1.0,1.0,raw,transport_binary_strength,1,10,0.4501960075852992,0.5211304535728214,0.419353135444333,0.7490509280657627
23,beta,1,16,1.0,1.0,raw,transport_binary_strength,1,10,0.4434991859774769,0.5321731167857384,0.4165597500320404,0.7614670540913465
25,beta,1,16,1.0,1.0,raw,transport_binary_strength,1,9,0.4445646263424592,0.5263824653277666,0.4176072491444587,0.747627784175835
20,beta,1,16,1.0,1.0,raw,transport_binary_strength,1,9,0.4370494634428834,0.527055748924061,0.4213957536951003,0.7524721876752251
48,beta,1,16,1.0,1.0,raw,transport_binary_strength,1,10,0.4527954843666218,0.5173577915869981,0.4204342754325986,0.7545688947590258
21,beta,1,16,1.0,1.0,raw,transport_binary_strength,1,9,0.4472458847553836,0.5245297794634078,0.4183809796622028,0.7660773069979824
10,beta,1,16,1.0,1.0,raw,transport_binary_strength,1,14,0.4489159600189937,0.4905221539134216,0.4235217661606751,0.758292987656592
4,beta,1,16,1.0,1.0,raw,transport_binary_strength,1,18,0.4561503634678318,0.5212866368604074,0.4197232863563284,0.7776376131043099
11,beta,1,16,1.0,1.0,raw,transport_binary_strength,1,14,0.4550433493494217,0.5215291174081542,0.427950016515602,0.7461632438971308
26,beta,1,16,1.0,1.0,raw,transport_binary_strength,1,10,0.4503833270577612,0.5109362296206243,0.4175227985895758,0.763807738381354
45,beta,1,16,1.0,1.0,raw,transport_binary_strength,1,11,0.4457982576096166,0.5033805505776834,0.4221216469773589,0.7578783170942297
28,beta,1,16,1.0,1.0,raw,transport_binary_strength,1,10,0.4559437128680403,0.5277629723266465,0.4130692895731562,0.7803624464152665
47,beta,1,16,1.0,1.0,raw,transport_binary_strength,1,11,0.4431503576224949,0.5147049325669193,0.4197731286902352,0.7624259083260249
33,beta,1,16,1.0,1.0,raw,transport_binary_strength,1,10,0.4466713034272911,0.5143284798602599,0.4263095552896142,0.7582180311520416
43,beta,1,16,1.0,1.0,raw,transport_binary_strength,1,10,0.4503727726570254,0.5112355883906433,0.4182453666231995,0.7566418346982314
35,beta,1,16,1.0,1.0,raw,transport_binary_strength,1,10,0.4510128847531561,0.5403037150768035,0.4203777943205485,0.7661667992602745
39,beta,1,16,1.0,1.0,raw,transport_binary_strength,1,11,0.445329398119028,0.504737410243565,0.4287018134117257,0.7526393663703952
49,beta,1,16,1.0,1.0,raw,transport_binary_strength,1,10,0.459396501933204,0.5122878463623504,0.4115523420049168,0.7758125020702449
12,beta,1,16,1.0,1.0,raw,transport_binary_strength,1,10,0.444187013590675,0.5222668587482078,0.4204378728114971,0.7596679774778801
2,beta,1,16,1.0,1.0,raw,transport_binary_strength,1,20,0.4426860149218068,0.5062586549422748,0.4253739675127626,0.7576273104645537
16,beta,1,16,1.0,1.0,raw,transport_binary_strength,1,10,0.44558225793223,0.5023202271050807,0.4177745118200926,0.7521514609091255
7,beta,1,16,1.0,1.0,raw,transport_binary_strength,1,12,0.4493020685300707,0.4973047964217942,0.42152757820964,0.7522333129554286
17,beta,1,16,1.0,1.0,raw,transport_binary_strength,1,10,0.4580938099890316,0.5054639917695474,0.4203619314573347,0.7634671438649622
46,beta,1,16,1.0,1.0,raw,transport_binary_strength,1,11,0.4505449042385465,0.5108259612438726,0.417015861178705,0.7574174110332378
37,beta,1,16,1.0,1.0,raw,transport_binary_strength,1,10,0.4512961245446268,0.5128136644680478,0.4224563937002361,0.7491583155381142
1,beta,1,16,1.0,1.0,raw,transport_binary_strength,1,20,0.4537156629049454,0.5146776119786316,0.423365978239451,0.7617501162127912
22,beta,1,16,1.0,1.0,raw,transport_binary_strength,1,11,0.4497093672800432,0.5313327530123242,0.4219919325229164,0.768769140394731
44,beta,1,16,1.0,1.0,raw,transport_binary_strength,1,10,0.4465677405464301,0.500253060725848,0.4186360745108467,0.7676986628495137
27,beta,1,16,1.0,1.0,raw,transport_binary_strength,1,12,0.4590854776914829,0.5145819072666354,0.4214929687642092,0.785387343794689
42,beta,1,16,1.0,1.0,raw,transport_binary_strength,1,10,0.453206252343919,0.5141082367513166,0.4226112652035845,0.7506435279621442
14,beta,1,16,1.0,1.0,raw,transport_binary_strength,1,11,0.446820249738144,0.5122304183794133,0.4228368672907505,0.7727926879679105
24,beta,1,16,1.0,1.0,raw,transport_binary_strength,1,10,0.4450238279328181,0.4971388934114837,0.4154772251981977,0.7555670769664641
9,beta,1,16,1.0,1.0,raw,transport_binary_strength,1,12,0.448062985570418,0.5167180117870537,0.4227763895430284,0.7554087742686023
18,beta,1,16,1.0,1.0,raw,transport_binary_strength,1,11,0.4530636976144406,0.5119349571328092,0.4176278551284396,0.7626010997652102
13,beta,1,16,1.0,1.0,raw,transport_binary_strength,1,10,0.456705123745079,0.4937160078009022,0.4228046206172196,0.7515170333816964
32,beta,1,16,1.0,1.0,raw,transport_binary_strength,1,11,0.4530054131914963,0.5244209315297726,0.4183246309615144,0.7683914538462013
29,beta,1,16,1.0,1.0,raw,transport_binary_strength,1,12,0.452060896965696,0.5265578819037939,0.4251301012336008,0.7440244671327405
38,beta,1,16,1.0,1.0,raw,transport_binary_strength,1,10,0.4426623507536095,0.5112280755679187,0.4198474729406262,0.7563233783652525
34,beta,1,16,1.0,1.0,raw,transport_binary_strength,1,11,0.4526855211995479,0.5111453963481171,0.4223291636893167,0.7477116625151244
5,beta,1,16,1.0,1.0,raw,transport_binary_strength,1,19,0.4419422777209238,0.4794338481807528,0.4245306249058642,0.7704881946199131
36,beta,1,16,1.0,1.0,raw,transport_binary_strength,1,10,0.4598856092837952,0.5213052064631957,0.4173820156434324,0.764757706983639
41,beta,1,16,1.0,1.0,raw,transport_binary_strength,1,10,0.4525259431757401,0.5006412222514427,0.4192882992283433,0.7726175029835419
19,beta,1,16,1.0,1.0,raw,transport_binary_strength,1,11,0.4458778039048959,0.5144050341673096,0.4186579111955679,0.7476506242214838
8,beta,1,16,1.0,1.0,raw,transport_binary_strength,1,10,0.4492078365161241,0.5172621382496513,0.4205507050151492,0.7546964422474414
3,beta,1,16,1.0,1.0,raw,transport_binary_strength,1,22,0.4534587946071006,0.5199714057311524,0.4266455216712669,0.7536193019239913
30,beta,1,16,1.0,1.0,raw,transport_binary_strength,1,11,0.4614439622637586,0.520101667916042,0.4258569772555212,0.7334233217416061
6,beta,1,16,1.0,1.0,raw,transport_binary_strength,1,20,0.451720313112714,0.5242632782499892,0.4257624035785178,0.7734995465545319
31,beta,1,16,1.0,1.0,raw,transport_binary_strength,1,11,0.4460375053904153,0.5177583272790773,0.4207168328930709,0.7685785449147298
40,beta,1,16,1.0,1.0,raw,transport_binary_strength,1,11,0.444847064473192,0.5159901728357296,0.4214253325026142,0.7618136338457278
0,beta,1,16,1.0,1.0,raw,transport_binary_strength,1,19,0.4566972114999487,0.5134546861041037,0.4225678935040352,0.7558458737030166
15,beta,1,16,1.0,1.0,raw,transport_binary_strength,1,11,0.4508516901207718,0.4986649353318787,0.4209484592815078,0.7527628806808069
23,beta,1,16,1.0,1.0,raw,transport_binary_strength,1,11,0.444846645757149,0.5174106058913592,0.420186230152713,0.7666660122330858
25,beta,1,16,1.0,1.0,raw,transport_binary_strength,1,10,0.4432780993742609,0.528405512165275,0.4182336270991942,0.7571704183784873
10,beta,1,16,1.0,1.0,raw,transport_binary_strength,1,15,0.4487870173474506,0.5148493562716367,0.4238740746688529,0.7626979133132371
20,beta,1,16,1.0,1.0,raw,transport_binary_strength,1,10,0.4364406157230372,0.511261714799746,0.4194967380017205,0.751132708960387
11,beta,1,16,1.0,1.0,raw,transport_binary_strength,1,15,0.4546570200715953,0.5102789968847741,0.4259660302372619,0.7497674329194154
26,beta,1,16,1.0,1.0,raw,transport_binary_strength,1,11,0.4506658217871992,0.5218091915082818,0.4170135385376137,0.7731862075869792
4,beta,1,16,1.0,1.0,raw,transport_binary_strength,1,19,0.4561454306919609,0.5176991913672242,0.4203495420562111,0.7807353668080901
48,beta,1,16,1.0,1.0,raw,transport_binary_strength,1,11,0.4524987101931657,0.5098018493068834,0.4211330600713383,0.7579179443599758
21,beta,1,16,1.0,1.0,raw,transport_binary_strength,1,10,0.4476133768745221,0.5006331647703329,0.4206708571616495,0.769760933384031
47,beta,1,16,1.0,1.0,raw,transport_binary_strength,1,12,0.443249945222622,0.5166796816133054,0.4199222121126463,0.7681261996742492
45,beta,1,16,1.0,1.0,raw,transport_binary_strength,1,12,0.4462528506222671,0.498787600445457,0.4218475721414856,0.761512381210514
43,beta,1,16,1.0,1.0,raw,transport_binary_strength,1,11,0.4506620358552717,0.5044310547262677,0.4203461034452381,0.7682153671461014
35,beta,1,16,1.0,1.0,raw,transport_binary_strength,1,11,0.4525215142230611,0.5205370161892435,0.4224300265632453,0.7709111314957748
28,beta,1,16,1.0,1.0,raw,transport_binary_strength,1,11,0.4565723756509309,0.5103115568543923,0.4156093135540984,0.7735747028459504
33,beta,1,16,1.0,1.0,raw,transport_binary_strength,1,11,0.4464528724323378,0.5248908934972458,0.4264530516562784,0.7616594055892518
39,beta,1,16,1.0,1.0,raw,transport_binary_strength,1,12,0.4448383216004137,0.5111977862067321,0.4260921917765501,0.759116985298228
2,beta,1,16,1.0,1.0,raw,transport_binary_strength,1,21,0.4440927531697115,0.5108695236370777,0.4287355976354925,0.7502220219467742
7,beta,1,16,1.0,1.0,raw,transport_binary_strength,1,13,0.4517089487475157,0.5200570829709903,0.423734768900401,0.7441833379007948
46,beta,1,16,1.0,1.0,raw,transport_binary_strength,1,12,0.4495229437481317,0.5143513399011949,0.4188862472192157,0.765189782980696
49,beta,1,16,1.0,1.0,raw,transport_binary_strength,1,11,0.4594883688045079,0.5182372163728035,0.4163461724147633,0.7542051847210414
12,beta,1,16,1.0,1.0,raw,transport_binary_strength,1,11,0.4429551352909747,0.4907804282140864,0.4195182102101976,0.7597300233058567
16,beta,1,16,1.0,1.0,raw,transport_binary_strength,1,11,0.4476948972732886,0.532431448561274,0.4202048833979975,0.7546917358834182
17,beta,1,16,1.0,1.0,raw,transport_binary_strength,1,11,0.4582316455599133,0.5185716735253771,0.4197870437266552,0.7531973432902593
37,beta,1,16,1.0,1.0,raw,transport_binary_strength,1,11,0.4512839405208635,0.4936680033856666,0.4204748371977888,0.7540237255752404
22,beta,1,16,1.0,1.0,raw,transport_binary_strength,1,12,0.4496027590532509,0.5254029060690535,0.4212381713293125,0.7595288613018447
1,beta,1,16,1.0,1.0,raw,transport_binary_strength,1,21,0.4528861402836057,0.5082507191288268,0.4216752639121497,0.7626953827551286
42,beta,1,16,1.0,1.0,raw,transport_binary_strength,1,11,0.454440787982234,0.5105481869191115,0.4235934297679336,0.7611341209604771
27,beta,1,16,1.0,1.0,raw,transport_binary_strength,1,13,0.4592266822952756,0.5076772040871187,0.4191119522853427,0.7789722350559919
14,beta,1,16,1.0,1.0,raw,transport_binary_strength,1,12,0.4462697465251567,0.5008025977438669,0.4207212956010154,0.7703960003606344
44,beta,1,16,1.0,1.0,raw,transport_binary_strength,1,11,0.4465343377300717,0.5108668437420499,0.4189370605794248,0.7729505742934023
18,beta,1,16,1.0,1.0,raw,transport_binary_strength,1,12,0.4554356819829544,0.5169838973046499,0.4219443476159009,0.7632398715990396
24,beta,1,16,1.0,1.0,raw,transport_binary_strength,1,11,0.4456777580457921,0.5069331379572344,0.4178614077478492,0.7572736214717829
32,beta,1,16,1.0,1.0,raw,transport_binary_strength,1,12,0.4527931313489118,0.5168857202621671,0.4164233470792108,0.769634664202881
13,beta,1,16,1.0,1.0,raw,transport_binary_strength,1,11,0.4566469288334582,0.5187966662205167,0.4208469757695199,0.7577512120950515
9,beta,1,16,1.0,1.0,raw,transport_binary_strength,1,13,0.4475737930170778,0.4972660245482441,0.4220959473344654,0.7486540249142807
29,beta,1,16,1.0,1.0,raw,transport_binary_strength,1,13,0.452488353326456,0.5409528044748171,0.426152793394156,0.7520168664374615
38,beta,1,16,1.0,1.0,raw,transport_binary_strength,1,11,0.4428877149194599,0.5325569756261188,0.420574125242908,0.7615738300966427
34,beta,1,16,1.0,1.0,raw,transport_binary_strength,1,12,0.452339972182131,0.512506365333786,0.4219003069316148,0.747129483561146
5,beta,1,16,1.0,1.0,raw,transport_binary_strength,1,20,0.442540778447105,0.5171811672741823,0.4258256941531298,0.77186810787051
19,beta,1,16,1.0,1.0,raw,transport_binary_strength,1,12,0.4446759777761145,0.5064880001102171,0.4195450622444419,0.758019791232249
3,beta,1,16,1.0,1.0,raw,transport_binary_strength,1,23,0.4525222221998201,0.5318315705325298,0.4251321166513169,0.7520685201200166
36,beta,1,16,1.0,1.0,raw,transport_binary_strength,1,11,0.4601572027018453,0.5194815080789946,0.4159184373690385,0.7700652657296586
41,beta,1,16,1.0,1.0,raw,transport_binary_strength,1,11,0.4531258879028039,0.527908316149743,0.4234658903901304,0.7533563112319946
8,beta,1,16,1.0,1.0,raw,transport_binary_strength,1,11,0.4482292389505788,0.515417066190144,0.4195048368297898,0.7642148228086054
6,beta,1,16,1.0,1.0,raw,transport_binary_strength,1,21,0.4522069477098851,0.5255609008931268,0.428212825788452,0.769996022528073
30,beta,1,16,1.0,1.0,raw,transport_binary_strength,1,12,0.4616773454461652,0.5061828460769615,0.4250757865091258,0.7478926443373396
31,beta,1,16,1.0,1.0,raw,transport_binary_strength,1,12,0.4456464285065531,0.5179321297307626,0.4218205840726146,0.77162295424011
15,beta,1,16,1.0,1.0,raw,transport_binary_strength,1,12,0.4501034193938371,0.5093836632619718,0.4172557382103335,0.7465331193854193
0,beta,1,16,1.0,1.0,raw,transport_binary_strength,1,20,0.4565669741923737,0.5158024446262378,0.4223229008593944,0.7628387617673331
40,beta,1,16,1.0,1.0,raw,transport_binary_strength,1,12,0.4451283191127593,0.5216299581931274,0.4240725643000981,0.7594586968563911
23,beta,1,16,1.0,1.0,raw,transport_binary_strength,1,12,0.4436186649840789,0.5149598304256015,0.4178447539463183,0.7718293209666054
10,beta,1,16,1.0,1.0,raw,transport_binary_strength,1,16,0.4494384560063602,0.5040742035378033,0.4264852670470505,0.752390951698072
11,beta,1,16,1.0,1.0,raw,transport_binary_strength,1,16,0.4546981502216383,0.512757789972316,0.4270780570782023,0.7405656717944703
25,beta,1,16,1.0,1.0,raw,transport_binary_strength,1,11,0.4446783234808176,0.5199200379115079,0.4192945896155343,0.7471450371495703
20,beta,1,16,1.0,1.0,raw,transport_binary_strength,1,11,0.4386939378660855,0.5146530537851884,0.4217400864938041,0.7605194752863189
26,beta,1,16,1.0,1.0,raw,transport_binary_strength,1,12,0.451036804590016,0.4995144813199397,0.4203017357507897,0.7740575588997831
4,beta,1,16,1.0,1.0,raw,transport_binary_strength,1,20,0.4560660252601493,0.5179789700281504,0.4194864543960304,0.7851114223338963
47,beta,1,16,1.0,1.0,raw,transport_binary_strength,1,13,0.4429824840428196,0.5119695104488167,0.420977556266932,0.7675554783364701
48,beta,1,16,1.0,1.0,raw,transport_binary_strength,1,12,0.4523428711034376,0.5093914316443594,0.4221364729827084,0.7493949834219826
21,beta,1,16,1.0,1.0,raw,transport_binary_strength,1,11,0.447764206230146,0.5165128529287821,0.4200085217882923,0.7769389265124501
43,beta,1,16,1.0,1.0,raw,transport_binary_strength,1,12,0.4508837155355581,0.5138734974414872,0.4221138278148078,0.7761164063037644
35,beta,1,16,1.0,1.0,raw,transport_binary_strength,1,12,0.4526824434264743,0.5180122010302883,0.4237003045775827,0.7645408657697881
45,beta,1,16,1.0,1.0,raw,transport_binary_strength,1,13,0.4476081502747666,0.5225835306972123,0.4249419768779724,0.7608754725732856
39,beta,1,16,1.0,1.0,raw,transport_binary_strength,1,13,0.4451371065029035,0.4976934683556382,0.4265504416134253,0.7575566689026776
28,beta,1,16,1.0,1.0,raw,transport_binary_strength,1,12,0.4563254587924669,0.510452386455292,0.4149062000115742,0.7736570879763117
33,beta,1,16,1.0,1.0,raw,transport_binary_strength,1,12,0.4465724954894602,0.513533399595482,0.4246011531423362,0.7543776167580213
2,beta,1,16,1.0,1.0,raw,transport_binary_strength,1,22,0.4425566712690439,0.5126986970725573,0.4258157033717206,0.7581405739829733
7,beta,1,16,1.0,1.0,raw,transport_binary_strength,1,14,0.4506615233467588,0.4901431248009614,0.4224990185607707,0.7512864430718638
46,beta,1,16,1.0,1.0,raw,transport_binary_strength,1,13,0.4509544839654479,0.5075851141237744,0.4191292667894169,0.7573797715843071
49,beta,1,16,1.0,1.0,raw,transport_binary_strength,1,12,0.4595280612859567,0.5049093349249322,0.4130446320933368,0.7753040844549459
12,beta,1,16,1.0,1.0,raw,transport_binary_strength,1,12,0.4440039935351245,0.5237950704394037,0.4216496254124849,0.7654855043071149
42,beta,1,16,1.0,1.0,raw,transport_binary_strength,1,12,0.4534441218822652,0.4966447534749602,0.423695363289287,0.7448738657582378
22,beta,1,16,1.0,1.0,raw,transport_binary_strength,1,13,0.4498044880689741,0.5250261673086615,0.4211889269105963,0.7616355456600044
17,beta,1,16,1.0,1.0,raw,transport_binary_strength,1,12,0.4584196959394704,0.5077884087791495,0.4200286729425773,0.7655713474542734
14,beta,1,16,1.0,1.0,raw,transport_binary_strength,1,13,0.4460916562540654,0.5154291720629915,0.42158837648326,0.7754712487645721
37,beta,1,16,1.0,1.0,raw,transport_binary_strength,1,12,0.4516559332572846,0.5249531632242281,0.4253878394562007,0.7496283583504023
16,beta,1,16,1.0,1.0,raw,transport_binary_strength,1,12,0.448093929995998,0.5134002216126632,0.4210040143709591,0.7576950908329207
27,beta,1,16,1.0,1.0,raw,transport_binary_strength,1,14,0.4589680445586376,0.5063209973367772,0.4221870892774728,0.7820801844762721
18,beta,1,16,1.0,1.0,raw,transport_binary_strength,1,13,0.4558757455431126,0.5336229360384952,0.4226211201845949,0.7647082646472555
1,beta,1,16,1.0,1.0,raw,transport_binary_strength,1,22,0.454122103975083,0.5139970079104171,0.4262310417076,0.7546118492775438
44,beta,1,16,1.0,1.0,raw,transport_binary_strength,1,12,0.4458945636355418,0.5162331407521072,0.4170606141598695,0.7789969994976222
9,beta,1,16,1.0,1.0,raw,transport_binary_strength,1,14,0.4461239565695213,0.4930525790268375,0.4200453997949607,0.7522431758471746
38,beta,1,16,1.0,1.0,raw,transport_binary_strength,1,12,0.444174349401112,0.5189915412736267,0.4231847283088488,0.7636590621484572
24,beta,1,16,1.0,1.0,raw,transport_binary_strength,1,12,0.4466338714201109,0.5171038885270813,0.4203585461207526,0.7601173464299102
34,beta,1,16,1.0,1.0,raw,transport_binary_strength,1,13,0.4526656552049706,0.5144799219185723,0.4228278631392279,0.7576689241402548
32,beta,1,16,1.0,1.0,raw,transport_binary_strength,1,13,0.4527527661410192,0.4991768930414169,0.4193329518269186,0.7580938995925013
13,beta,1,16,1.0,1.0,raw,transport_binary_strength,1,12,0.4565583415171692,0.5240407622197735,0.422360846892822,0.7582805028836862
3,beta,1,16,1.0,1.0,raw,transport_binary_strength,1,24,0.4540410483452553,0.5234423810109459,0.4277910168912421,0.753525625874194
29,beta,1,16,1.0,1.0,raw,transport_binary_strength,1,14,0.4523725839757477,0.5184407718998914,0.4266320224321478,0.7493289303641159
5,beta,1,16,1.0,1.0,raw,transport_binary_strength,1,21,0.4432150820217442,0.5224225870949062,0.4264814062202127,0.7713548837310222
19,beta,1,16,1.0,1.0,raw,transport_binary_strength,1,13,0.4464538904230963,0.5090712140416621,0.4217325605892113,0.7516839655017235
31,beta,1,16,1.0,1.0,raw,transport_binary_strength,1,13,0.4450805461510346,0.5229542792469988,0.4201320388417673,0.7650986913057759
6,beta,1,16,1.0,1.0,raw,transport_binary_strength,1,22,0.4523178508242271,0.5171322863183329,0.4292152757646384,0.7670624661282728
8,beta,1,16,1.0,1.0,raw,transport_binary_strength,1,12,0.4507790709232969,0.5324727839764452,0.4248977734533208,0.7504072965257954
36,beta,1,16,1.0,1.0,raw,transport_binary_strength,1,12,0.4602200695398918,0.5434653500897666,0.4166320925514321,0.7690258866805753
30,beta,1,16,1.0,1.0,raw,transport_binary_strength,1,13,0.4619845282133481,0.519422320089955,0.4257435038222749,0.7493656749300089
41,beta,1,16,1.0,1.0,raw,transport_binary_strength,1,12,0.4530008902435734,0.5193250581410239,0.4224188795595547,0.7567096736143876
15,beta,1,16,1.0,1.0,raw,transport_binary_strength,1,13,0.4501550619208332,0.5299320642148647,0.4212584582139005,0.7537212656959907
0,beta,1,16,1.0,1.0,raw,transport_binary_strength,1,21,0.4567296426774622,0.5089594079773816,0.4231613645324086,0.7620150484436199
23,beta,1,16,1.0,1.0,raw,transport_binary_strength,1,13,0.4451299929147326,0.5117127535974026,0.4209654504662126,0.7665030927153276
10,beta,1,16,1.0,1.0,raw,transport_binary_strength,1,17,0.4493541347662766,0.4769325664809596,0.4272684320332162,0.7592887384694286
11,beta,1,16,1.0,1.0,raw,transport_binary_strength,1,17,0.4546619034474065,0.51550190791112,0.4265725543335854,0.7407651130842412
40,beta,1,16,1.0,1.0,raw,transport_binary_strength,1,13,0.4452509921243314,0.5397656011012543,0.4229011947012853,0.7561873355490929
4,beta,1,16,1.0,1.0,raw,transport_binary_strength,1,21,0.4558437929865392,0.5315387481371088,0.4175833592028823,0.7871285922203458
26,beta,1,16,1.0,1.0,raw,transport_binary_strength,1,13,0.4506365915836628,0.5046583926919826,0.4194790479124495,0.7706139812543756
25,beta,1,16,1.0,1.0,raw,transport_binary_strength,1,12,0.4434443825045823,0.4984729670553796,0.4162760890769355,0.7601831205639002
47,beta,1,16,1.0,1.0,raw,transport_binary_strength,1,14,0.4444240105504597,0.5136007823320305,0.4220676865114273,0.7545098753134813
20,beta,1,16,1.0,1.0,raw,transport_binary_strength,1,12,0.4361415105380289,0.5131552644575622,0.4205706176065095,0.756852086718313
43,beta,1,16,1.0,1.0,raw,transport_binary_strength,1,13,0.4507788560562431,0.503223625114805,0.4214689278445601,0.7679794921202946
21,beta,1,16,1.0,1.0,raw,transport_binary_strength,1,12,0.4458848888529403,0.5128796179238657,0.4194686928252918,0.7754097771018097
48,beta,1,16,1.0,1.0,raw,transport_binary_strength,1,13,0.4526892737501724,0.5246403710564054,0.4227681771537708,0.7637662388633777
35,beta,1,16,1.0,1.0,raw,transport_binary_strength,1,13,0.4519606132183714,0.536940415532499,0.4228973363896645,0.7715891431374235
39,beta,1,16,1.0,1.0,raw,transport_binary_strength,1,14,0.4453793692994117,0.5109938214174956,0.4274183176876099,0.7607344247861814
45,beta,1,16,1.0,1.0,raw,transport_binary_strength,1,14,0.446500882355052,0.5084606818134063,0.4242762995510688,0.7577024555648386
28,beta,1,16,1.0,1.0,raw,transport_binary_strength,1,13,0.4559881092296791,0.5003911559010635,0.4133045709156013,0.7664555268210897
2,beta,1,16,1.0,1.0,raw,transport_binary_strength,1,23,0.4437825708121823,0.4929714855515063,0.4289127127016324,0.749421323936077
33,beta,1,16,1.0,1.0,raw,transport_binary_strength,1,13,0.4466801271824243,0.5146688541474885,0.4265141260573748,0.7547291930521483
7,beta,1,16,1.0,1.0,raw,transport_binary_strength,1,15,0.4516569395208509,0.5046845885697983,0.4246006793664482,0.7445573427212232
46,beta,1,16,1.0,1.0,raw,transport_binary_strength,1,14,0.4515618624567197,0.5200258142807904,0.4221666528847611,0.7616154293859543
49,beta,1,16,1.0,1.0,raw,transport_binary_strength,1,13,0.4593815160795232,0.5216765207298052,0.4142254202991669,0.7695341397166802
42,beta,1,16,1.0,1.0,raw,transport_binary_strength,1,13,0.4545177398436255,0.4970599129700269,0.424639018409352,0.7542182231104024
12,beta,1,16,1.0,1.0,raw,transport_binary_strength,1,13,0.4445551907707953,0.5305200915695137,0.4222492394810316,0.757843039523708
22,beta,1,16,1.0,1.0,raw,transport_binary_strength,1,14,0.4499218290037173,0.5337746827323957,0.4225673469216955,0.766503273679317
14,beta,1,16,1.0,1.0,raw,transport_binary_strength,1,14,0.446955794253261,0.5132312254819152,0.4239672770794785,0.7678183151229985
17,beta,1,16,1.0,1.0,raw,transport_binary_strength,1,13,0.4583680417906144,0.529014060356653,0.4206299600407944,0.7659395701774008
27,beta,1,16,1.0,1.0,raw,transport_binary_strength,1,15,0.4594432079514318,0.531344830548635,0.4190042805464419,0.777889901381647
18,beta,1,16,1.0,1.0,raw,transport_binary_strength,1,14,0.4559391700447354,0.5172618291447322,0.4231793760579919,0.7643394282305516
37,beta,1,16,1.0,1.0,raw,transport_binary_strength,1,13,0.4513114449098175,0.4997364624944518,0.4228654114743718,0.7629984650110369
16,beta,1,16,1.0,1.0,raw,transport_binary_strength,1,13,0.4459499347773544,0.5351128340555437,0.4211362268825886,0.7556677526685525
1,beta,1,16,1.0,1.0,raw,transport_binary_strength,1,23,0.4533206911755204,0.527120466920074,0.4231690763058341,0.768893398283371
38,beta,1,16,1.0,1.0,raw,transport_binary_strength,1,13,0.4444990424638267,0.5146275360643502,0.4244366158375233,0.7554355875470244
34,beta,1,16,1.0,1.0,raw,transport_binary_strength,1,14,0.4531604818724337,0.5120553359683794,0.4260524795795385,0.7476307318085176
9,beta,1,16,1.0,1.0,raw,transport_binary_strength,1,15,0.4479740978356846,0.5216538405338269,0.4237051930552046,0.7455190405552835
32,beta,1,16,1.0,1.0,raw,transport_binary_strength,1,14,0.4527346146116371,0.5161013108353089,0.416136030225704,0.770196252329519
44,beta,1,16,1.0,1.0,raw,transport_binary_strength,1,13,0.4464126015259029,0.506731281057834,0.4190917748303781,0.7612878417716727
24,beta,1,16,1.0,1.0,raw,transport_binary_strength,1,13,0.447935294348001,0.4997076142407468,0.4242921214293095,0.7547332363471281
13,beta,1,16,1.0,1.0,raw,transport_binary_strength,1,13,0.4566817455198063,0.5221256786216532,0.4172666124633235,0.7695508634349701
3,beta,1,16,1.0,1.0,raw,transport_binary_strength,1,25,0.4541410367482483,0.5316224941581602,0.4273269489619039,0.7572297402514342
19,beta,1,16,1.0,1.0,raw,transport_binary_strength,1,14,0.4460790628397112,0.5096784415298137,0.4212162207748198,0.7562868732450105
29,beta,1,16,1.0,1.0,raw,transport_binary_strength,1,15,0.4507970532799095,0.5109102404699889,0.425165571189799,0.757447949867458
31,beta,1,16,1.0,1.0,raw,transport_binary_strength,1,14,0.4463796711433991,0.5194697185608388,0.4226958272176594,0.7580431193811651
5,beta,1,16,1.0,1.0,raw,transport_binary_strength,1,22,0.4442763068460871,0.4954360527162219,0.427900256037563,0.7664114486254412
6,beta,1,16,1.0,1.0,raw,transport_binary_strength,1,23,0.4515793681706552,0.4952276682343127,0.4247798166996636,0.7748682547850969
15,beta,1,16,1.0,1.0,raw,transport_binary_strength,1,14,0.4505100432704296,0.5192331003805247,0.4201771691995873,0.759166658618325
8,beta,1,16,1.0,1.0,raw,transport_binary_strength,1,13,0.4492084004412401,0.5248739685030219,0.4214277369049898,0.7546195084592354
30,beta,1,16,1.0,1.0,raw,transport_binary_strength,1,14,0.4619330952697183,0.5069699525237381,0.4263919510336207,0.7426123075671608
36,beta,1,16,1.0,1.0,raw,transport_binary_strength,1,13,0.4604920643424017,0.5265368043087971,0.4159427095369271,0.771589333754255
41,beta,1,16,1.0,1.0,raw,transport_binary_strength,1,13,0.4529842947496363,0.501110348321422,0.422048921409307,0.7688594543587466
0,beta,1,16,1.0,1.0,raw,transport_binary_strength,1,22,0.4563095067031467,0.5160940746394844,0.4213035032779971,0.7576259190544905
23,beta,1,16,1.0,1.0,raw,transport_binary_strength,1,14,0.4451209040943164,0.5150334071999556,0.4203729380438782,0.7623629392196534
10,beta,1,16,1.0,1.0,raw,transport_binary_strength,1,18,0.4489150139988489,0.5019852995937508,0.424190085410359,0.7572233742922085
11,beta,1,16,1.0,1.0,raw,transport_binary_strength,1,18,0.4549382694781336,0.5108894174576122,0.429031495532062,0.7371367233546781
26,beta,1,16,1.0,1.0,raw,transport_binary_strength,1,14,0.4504141616957482,0.5233919334689103,0.4184547700231076,0.7701459920582405
40,beta,1,16,1.0,1.0,raw,transport_binary_strength,1,14,0.4443788612509152,0.5156590955439992,0.4225073596211776,0.7622529774269491
47,beta,1,16,1.0,1.0,raw,transport_binary_strength,1,15,0.4447822090352464,0.5197311810069198,0.4240013506885823,0.75823323501744
43,beta,1,16,1.0,1.0,raw,transport_binary_strength,1,14,0.449701812415641,0.5109624112258321,0.4183296534989408,0.7837791617920308
4,beta,1,16,1.0,1.0,raw,transport_binary_strength,1,22,0.4561473090731675,0.5103994176740078,0.4199013638477202,0.7766404415702104
25,beta,1,16,1.0,1.0,raw,transport_binary_strength,1,13,0.4445906862504733,0.5104515338564162,0.4208842936748145,0.7599540837301489
35,beta,1,16,1.0,1.0,raw,transport_binary_strength,1,14,0.4521397039834686,0.5304472813913809,0.4225350444130445,0.7686640371849852
39,beta,1,16,1.0,1.0,raw,transport_binary_strength,1,15,0.445275003962736,0.5287739449891458,0.4268038308060181,0.756798346749399
21,beta,1,16,1.0,1.0,raw,transport_binary_strength,1,13,0.4481493618992207,0.525488832701222,0.4242030125011919,0.7748373737269934
20,beta,1,16,1.0,1.0,raw,transport_binary_strength,1,13,0.4388662530934089,0.5228151971966792,0.4234039539689062,0.7516650855866286
2,beta,1,16,1.0,1.0,raw,transport_binary_strength,1,24,0.4419749318529171,0.5068228997977644,0.4250278281469645,0.7544804132688483
48,beta,1,16,1.0,1.0,raw,transport_binary_strength,1,14,0.4524766624607726,0.5240062589627151,0.4238571649262377,0.7556335396413415
28,beta,1,16,1.0,1.0,raw,transport_binary_strength,1,14,0.4560315046605756,0.4963394411153704,0.4142082605577085,0.7697989183640755
45,beta,1,16,1.0,1.0,raw,transport_binary_strength,1,15,0.4461276975097506,0.5106264314509472,0.4238076270987387,0.761879297867168
7,beta,1,16,1.0,1.0,raw,transport_binary_strength,1,16,0.4485464787730788,0.5150917678511497,0.4198208354663663,0.7461726430142434
33,beta,1,16,1.0,1.0,raw,transport_binary_strength,1,14,0.4472493164554104,0.5065637528574732,0.4293946915765688,0.7545049919691482
46,beta,1,16,1.0,1.0,raw,transport_binary_strength,1,15,0.451383450263426,0.5281159644033394,0.4189398349501691,0.7598001972585934
49,beta,1,16,1.0,1.0,raw,transport_binary_strength,1,14,0.4595713818461067,0.5075816381376974,0.4193003112981956,0.7664127281409754
42,beta,1,16,1.0,1.0,raw,transport_binary_strength,1,14,0.4549923107786533,0.5151894152947241,0.4252695280813229,0.7508723609140894
14,beta,1,16,1.0,1.0,raw,transport_binary_strength,1,15,0.4461609303784087,0.5118888075529778,0.4223471754233673,0.7728030647117562
22,beta,1,16,1.0,1.0,raw,transport_binary_strength,1,15,0.4493437551637295,0.5229310205074167,0.4200695576573651,0.7606771994038022
12,beta,1,16,1.0,1.0,raw,transport_binary_strength,1,14,0.4426500805695186,0.5329294374086786,0.4195467493188405,0.7638473913252714
18,beta,1,16,1.0,1.0,raw,transport_binary_strength,1,15,0.4559525696092315,0.516906745656734,0.4231518214584015,0.7656659878593375
27,beta,1,16,1.0,1.0,raw,transport_binary_strength,1,16,0.4592854101051411,0.5232799903558631,0.4195306774398334,0.7750983845950762
17,beta,1,16,1.0,1.0,raw,transport_binary_strength,1,14,0.4580061857605372,0.5035847050754457,0.4219457602321698,0.7569681848684551
37,beta,1,16,1.0,1.0,raw,transport_binary_strength,1,14,0.4518747840448183,0.5395867525469916,0.4267289525100584,0.7473582141278476
1,beta,1,16,1.0,1.0,raw,transport_binary_strength,1,24,0.4529236971190482,0.517129391822478,0.4230932377624003,0.7699123354343869
16,beta,1,16,1.0,1.0,raw,transport_binary_strength,1,14,0.4472567461623405,0.5155856928908318,0.4194691546356539,0.7651602862613259
38,beta,1,16,1.0,1.0,raw,transport_binary_strength,1,14,0.444891680596341,0.5120118725531402,0.4244670008064654,0.7552352964274126
3,beta,1,16,1.0,1.0,raw,transport_binary_strength,1,26,0.4542724451924172,0.5341061984995695,0.4284902539040684,0.7546893639622154
34,beta,1,16,1.0,1.0,raw,transport_binary_strength,1,15,0.4532813920418938,0.5209564974902399,0.4252841567518216,0.7488278100881779
9,beta,1,16,1.0,1.0,raw,transport_binary_strength,1,16,0.4475056533083437,0.5330835078661535,0.4218481019946655,0.7442506442868594
32,beta,1,16,1.0,1.0,raw,transport_binary_strength,1,15,0.4530561493491523,0.5213931111421002,0.4197413389108709,0.771709710896147
19,beta,1,16,1.0,1.0,raw,transport_binary_strength,1,15,0.4434912565255386,0.5126212388405159,0.4208526763467892,0.7414613124212895
13,beta,1,16,1.0,1.0,raw,transport_binary_strength,1,14,0.4567271794243714,0.5096160604221557,0.4163173602132173,0.7676651888529028
44,beta,1,16,1.0,1.0,raw,transport_binary_strength,1,14,0.4458853065940039,0.51234929629652,0.4169450326741459,0.7689343055144554
31,beta,1,16,1.0,1.0,raw,transport_binary_strength,1,15,0.4469098004215499,0.5237738690073162,0.42503848602842,0.760891041302181
24,beta,1,16,1.0,1.0,raw,transport_binary_strength,1,14,0.448005530687236,0.5012841908173233,0.4231209370461699,0.754726701815568
6,beta,1,16,1.0,1.0,raw,transport_binary_strength,1,24,0.4523463794322173,0.506010628352821,0.4283879134116031,0.7653001111915262
29,beta,1,16,1.0,1.0,raw,transport_binary_strength,1,16,0.4527782231343633,0.5202685737276932,0.4264324353244529,0.7432797243964205
5,beta,1,16,1.0,1.0,raw,transport_binary_strength,1,23,0.4443053350285422,0.517415414031143,0.4276592937747233,0.7629403176145244
15,beta,1,16,1.0,1.0,raw,transport_binary_strength,1,15,0.4511836657283905,0.5112253475845641,0.4240692612931954,0.7431124592466476
30,beta,1,16,1.0,1.0,raw,transport_binary_strength,1,15,0.4619228692858427,0.5149542416291855,0.4272678914640393,0.7423384445393474
23,beta,1,16,1.0,1.0,raw,transport_binary_strength,1,15,0.4449055468583249,0.5275003227344874,0.4208222959821006,0.7787289453217299
8,beta,1,16,1.0,1.0,raw,transport_binary_strength,1,14,0.4504244504668305,0.5191713762009917,0.4239632703070339,0.7506741279676947
10,beta,1,16,1.0,1.0,raw,transport_binary_strength,1,19,0.4492263793297447,0.4776824217351716,0.4252225903026235,0.7609584850651314
36,beta,1,16,1.0,1.0,raw,transport_binary_strength,1,14,0.4611254486698109,0.5214412926391383,0.4158436236067078,0.7776229823212912
11,beta,1,16,1.0,1.0,raw,transport_binary_strength,1,19,0.4551005705835935,0.5111616789062928,0.4285959771766328,0.75535041594322
0,beta,1,16,1.0,1.0,raw,transport_binary_strength,1,23,0.4571596112092188,0.5043398790351564,0.4254820586163854,0.7511434068576927
41,beta,1,16,1.0,1.0,raw,transport_binary_strength,1,14,0.4527529142466067,0.5002376863776659,0.4212347576598503,0.7641294995975687
26,beta,1,16,1.0,1.0,raw,transport_binary_strength,1,15,0.450801085989354,0.5104891609440245,0.4224975372558687,0.7751186772602507
47,beta,1,16,1.0,1.0,raw,transport_binary_strength,1,16,0.4449525348659283,0.5039540647407155,0.4246140326250628,0.7523647383507435
40,beta,1,16,1.0,1.0,raw,transport_binary_strength,1,15,0.4461482888201002,0.5356343045783624,0.4264259706761562,0.7585455615565712
43,beta,1,16,1.0,1.0,raw,transport_binary_strength,1,15,0.4508058293350293,0.5061696995387612,0.421856685523463,0.7644012800220218
25,beta,1,16,1.0,1.0,raw,transport_binary_strength,1,14,0.4434680049423056,0.5279559878587197,0.4183451481812386,0.759294539326271
35,beta,1,16,1.0,1.0,raw,transport_binary_strength,1,15,0.4526767157502886,0.5100015447304797,0.4237131235230349,0.7683075388037468
4,beta,1,16,1.0,1.0,raw,transport_binary_strength,1,23,0.4567655133148162,0.5267959651156373,0.4249211294255674,0.7782329983111588
39,beta,1,16,1.0,1.0,raw,transport_binary_strength,1,16,0.4457166410598335,0.5180338867816503,0.4286875099263327,0.7627155654312706
7,beta,1,16,1.0,1.0,raw,transport_binary_strength,1,17,0.4507745256368669,0.5093986219814034,0.4238613133247119,0.7468017229869791
21,beta,1,16,1.0,1.0,raw,transport_binary_strength,1,14,0.4480984858459416,0.5332114763309453,0.4229532696554827,0.761598790108486
20,beta,1,16,1.0,1.0,raw,transport_binary_strength,1,14,0.4389633501173838,0.5298554684744008,0.4245586515870218,0.7508974251274938
2,beta,1,16,1.0,1.0,raw,transport_binary_strength,1,25,0.4440883239979398,0.5019471229250454,0.4294358296734534,0.7520431902771346
48,beta,1,16,1.0,1.0,raw,transport_binary_strength,1,15,0.4525238027950994,0.5169727682839388,0.4212267097803862,0.7626295824182574
28,beta,1,16,1.0,1.0,raw,transport_binary_strength,1,15,0.4562035915862191,0.523480135277276,0.4163282768720255,0.780521024891661
46,beta,1,16,1.0,1.0,raw,transport_binary_strength,1,16,0.4513278047686961,0.5264434814453125,0.4210875544331117,0.7647994479547491
45,beta,1,16,1.0,1.0,raw,transport_binary_strength,1,16,0.4475679333765476,0.522839878609958,0.4263961446647286,0.7593913898754056
33,beta,1,16,1.0,1.0,raw,transport_binary_strength,1,15,0.4470802989292655,0.5214344073523467,0.4289046004355695,0.7596997604034309
42,beta,1,16,1.0,1.0,raw,transport_binary_strength,1,15,0.4551564096070103,0.5017537303926148,0.4260918420595734,0.761630961132913
49,beta,1,16,1.0,1.0,raw,transport_binary_strength,1,15,0.4595505651405154,0.5122927926294025,0.4138661224797989,0.7654348825205093
27,beta,1,16,1.0,1.0,raw,transport_binary_strength,1,17,0.459364859151171,0.5092641218708517,0.4198394871996828,0.7849990649682089
14,beta,1,16,1.0,1.0,raw,transport_binary_strength,1,16,0.4469645790535448,0.4991579856223136,0.4246623184339804,0.7687886257278607
22,beta,1,16,1.0,1.0,raw,transport_binary_strength,1,16,0.4499970204201707,0.5190381707905876,0.4241467873249835,0.7750075483246828
18,beta,1,16,1.0,1.0,raw,transport_binary_strength,1,16,0.456565015943881,0.4934492363845931,0.4237307950959506,0.7592386395950239
12,beta,1,16,1.0,1.0,raw,transport_binary_strength,1,15,0.4426536993834548,0.5136642519598819,0.418911770275927,0.7550791642891027
37,beta,1,16,1.0,1.0,raw,transport_binary_strength,1,15,0.4516569890091652,0.5214204058671126,0.4251484849943417,0.7592711534829861
3,beta,1,16,1.0,1.0,raw,transport_binary_strength,1,27,0.4521583078184525,0.5139967408682818,0.4253123089567788,0.7630859706298644
17,beta,1,16,1.0,1.0,raw,transport_binary_strength,1,15,0.4577761554287404,0.5197561728395061,0.4248522852397675,0.7592721578883975
38,beta,1,16,1.0,1.0,raw,transport_binary_strength,1,15,0.4441636306856948,0.4981059910020373,0.42485600304059,0.7613826666032899
34,beta,1,16,1.0,1.0,raw,transport_binary_strength,1,16,0.452872863863467,0.5255437813720022,0.4263340921877405,0.7452668589974756
1,beta,1,16,1.0,1.0,raw,transport_binary_strength,1,25,0.4542203522225155,0.5358713658311075,0.4258604588457198,0.7539099032666862
16,beta,1,16,1.0,1.0,raw,transport_binary_strength,1,15,0.4487859880473397,0.5116503118224288,0.4238653034832417,0.7624716525809567
32,beta,1,16,1.0,1.0,raw,transport_binary_strength,1,16,0.4527773345497838,0.5125202203318924,0.4174948171191106,0.7706067689631592
19,beta,1,16,1.0,1.0,raw,transport_binary_strength,1,16,0.4456347754959146,0.5119830127851868,0.4213946221274605,0.7511051238308943
9,beta,1,16,1.0,1.0,raw,transport_binary_strength,1,17,0.4483330162955987,0.5281976036237884,0.4250253214024722,0.7497982254976177
31,beta,1,16,1.0,1.0,raw,transport_binary_strength,1,16,0.4467457410964802,0.5065679754293305,0.4246966169724658,0.767340938600065
6,beta,1,16,1.0,1.0,raw,transport_binary_strength,1,25,0.4525535861052674,0.5372700665890034,0.4295083279285238,0.7677527146929317
13,beta,1,16,1.0,1.0,raw,transport_binary_strength,1,15,0.4565623396573578,0.5162600284435904,0.4223526793455786,0.7661053387878771
24,beta,1,16,1.0,1.0,raw,transport_binary_strength,1,15,0.4481609495259832,0.4973268072289157,0.4240355972662071,0.7547015954574688
44,beta,1,16,1.0,1.0,raw,transport_binary_strength,1,15,0.446437435402746,0.5181180068480784,0.419404780471782,0.7753397931305013
30,beta,1,16,1.0,1.0,raw,transport_binary_strength,1,16,0.4624389827275031,0.5266733820589705,0.4297277258337187,0.7417281841661075
15,beta,1,16,1.0,1.0,raw,transport_binary_strength,1,16,0.4502795424038819,0.5135739809632229,0.4181761895336209,0.7590619726899075
23,beta,1,16,1.0,1.0,raw,transport_binary_strength,1,16,0.4449209700550927,0.529293254949543,0.4213230619828373,0.7679714350075123
5,beta,1,16,1.0,1.0,raw,transport_binary_strength,1,24,0.4434095513943237,0.5246164209354769,0.4265159777189745,0.767259414592014
10,beta,1,16,1.0,1.0,raw,transport_binary_strength,1,20,0.4492684709979342,0.4966300057417831,0.4242518192560217,0.7547090860693835
8,beta,1,16,1.0,1.0,raw,transport_binary_strength,1,15,0.4489802847125496,0.5091266901053774,0.421828461658592,0.7595676390726173
29,beta,1,16,1.0,1.0,raw,transport_binary_strength,1,17,0.4527197702996311,0.5370143483351031,0.4274793413256906,0.7469888079587849
11,beta,1,16,1.0,1.0,raw,transport_binary_strength,1,20,0.4551792605417905,0.5226507652107442,0.4313648775759622,0.7410584393873548
26,beta,1,16,1.0,1.0,raw,transport_binary_strength,1,16,0.4508325531060218,0.5062138701047029,0.4221338255199431,0.7726172492932164
0,beta,1,16,1.0,1.0,raw,transport_binary_strength,1,24,0.4568714775492381,0.5344883296651389,0.4236423419251686,0.7607491582491581
36,beta,1,16,1.0,1.0,raw,transport_binary_strength,1,15,0.4598205578963757,0.5192201077199282,0.4179511556754738,0.7704840713187658
41,beta,1,16,1.0,1.0,raw,transport_binary_strength,1,15,0.4526507592518375,0.52634227213185,0.4217218544935149,0.7619754516943742
47,beta,1,16,1.0,1.0,raw,transport_binary_strength,1,17,0.4441155861915219,0.4991538653739138,0.4226359462973374,0.7602935771179853
43,beta,1,16,1.0,1.0,raw,transport_binary_strength,1,16,0.4504497578587126,0.5153601598691979,0.4215625559620859,0.7805133851765191
35,beta,1,16,1.0,1.0,raw,transport_binary_strength,1,16,0.4534963368758921,0.5161772484605357,0.4277071312715436,0.7641012777265829
39,beta,1,16,1.0,1.0,raw,transport_binary_strength,1,17,0.4442254568392708,0.5147650826594146,0.4263807153936608,0.7648881645145061
40,beta,1,16,1.0,1.0,raw,transport_binary_strength,1,16,0.445269080605146,0.5122957453859489,0.4234566005044621,0.751080875225038
25,beta,1,16,1.0,1.0,raw,transport_binary_strength,1,15,0.4449578763816142,0.5073041138784913,0.4224347180939342,0.758681278740209
4,beta,1,16,1.0,1.0,raw,transport_binary_strength,1,24,0.4561460677090629,0.5394825992162058,0.4200935013042526,0.779187777182793
7,beta,1,16,1.0,1.0,raw,transport_binary_strength,1,18,0.4508953485595417,0.4965237934332857,0.4241538663811353,0.7442205802784043
20,beta,1,16,1.0,1.0,raw,transport_binary_strength,1,15,0.4363499409712385,0.5293832753227816,0.4240310991562333,0.7615393231338304
2,beta,1,16,1.0,1.0,raw,transport_binary_strength,1,26,0.4444253517146054,0.5063887181632013,0.4306395127961087,0.7475461642983171
48,beta,1,16,1.0,1.0,raw,transport_binary_strength,1,16,0.4525742966160578,0.520401753704589,0.4215013120569734,0.7602134409070044
21,beta,1,16,1.0,1.0,raw,transport_binary_strength,1,15,0.4467912515445455,0.5121042281219272,0.4202810658609005,0.7656741240104545
28,beta,1,16,1.0,1.0,raw,transport_binary_strength,1,16,0.4560878014642165,0.505807031103127,0.415629355328908,0.7685089632957905
46,beta,1,16,1.0,1.0,raw,transport_binary_strength,1,17,0.4516902439302757,0.5283987007889093,0.422133437224008,0.7575580361966034
45,beta,1,16,1.0,1.0,raw,transport_binary_strength,1,17,0.4465392932507824,0.5255939677193741,0.4253083849279709,0.762824793716347
42,beta,1,16,1.0,1.0,raw,transport_binary_strength,1,16,0.454162856036424,0.5183878745989677,0.4240681017208411,0.7536998112041859
33,beta,1,16,1.0,1.0,raw,transport_binary_strength,1,16,0.4470510342809029,0.5286821847639428,0.4281123507503583,0.7587831076306726
49,beta,1,16,1.0,1.0,raw,transport_binary_strength,1,16,0.4594488674901259,0.5089316392918265,0.414963012908454,0.7769211181530105
22,beta,1,16,1.0,1.0,raw,transport_binary_strength,1,17,0.4493282018919377,0.5178448710312915,0.421161189013598,0.7656902455105441
27,beta,1,16,1.0,1.0,raw,transport_binary_strength,1,18,0.4591544302967464,0.5202946034402964,0.422143497503439,0.7702436101577453
14,beta,1,16,1.0,1.0,raw,transport_binary_strength,1,17,0.4473443940611376,0.5204606115209189,0.4254496797006549,0.7750293015430729
18,beta,1,16,1.0,1.0,raw,transport_binary_strength,1,17,0.4535184664641349,0.4982853123712203,0.4214396879955996,0.7662451409886762
37,beta,1,16,1.0,1.0,raw,transport_binary_strength,1,16,0.4515047207994255,0.5362668896252025,0.4257329510933673,0.7539661375485693
12,beta,1,16,1.0,1.0,raw,transport_binary_strength,1,16,0.4440742476625474,0.5192258338266544,0.4224368698311824,0.7676364836343388
3,beta,1,16,1.0,1.0,raw,transport_binary_strength,1,28,0.4544199329968649,0.516452773336613,0.4289640926136877,0.7529585294910974
34,beta,1,16,1.0,1.0,raw,transport_binary_strength,1,17,0.4523378144502344,0.5193187880404471,0.4244068255731325,0.7402519399003351
38,beta,1,16,1.0,1.0,raw,transport_binary_strength,1,16,0.4447539658243655,0.5118869194105686,0.4257739180187324,0.757579546401752
17,beta,1,16,1.0,1.0,raw,transport_binary_strength,1,16,0.4578741077723702,0.5092019890260631,0.4234722946623315,0.7599843419309324
19,beta,1,16,1.0,1.0,raw,transport_binary_strength,1,17,0.4466329372479031,0.5320645734597157,0.4230239728115838,0.75011611186038
1,beta,1,16,1.0,1.0,raw,transport_binary_strength,1,26,0.4538587515792533,0.5061373150811588,0.4249882443990067,0.7536854327266289
32,beta,1,16,1.0,1.0,raw,transport_binary_strength,1,17,0.452884676112623,0.5267849672291173,0.4185314846683295,0.764798833131333
6,beta,1,16,1.0,1.0,raw,transport_binary_strength,1,26,0.4517402536663428,0.5252901583466367,0.4248077567855624,0.771950075209757
16,beta,1,16,1.0,1.0,raw,transport_binary_strength,1,16,0.448081625644229,0.5092981520569423,0.4227500071161812,0.7566470586198659
31,beta,1,16,1.0,1.0,raw,transport_binary_strength,1,17,0.4477887821238894,0.5128188231624577,0.4271741185188854,0.7624826773884763
9,beta,1,16,1.0,1.0,raw,transport_binary_strength,1,18,0.4486946531661588,0.5334777288003507,0.4259201313264251,0.7436053137663089
30,beta,1,16,1.0,1.0,raw,transport_binary_strength,1,17,0.4625942391963331,0.5037984913793103,0.4312850385059594,0.739754709562836
15,beta,1,16,1.0,1.0,raw,transport_binary_strength,1,17,0.4503234879412578,0.5063884145505908,0.4224027405756942,0.7589528026854786
23,beta,1,16,1.0,1.0,raw,transport_binary_strength,1,17,0.4440550031304322,0.5193082177899276,0.4192537359538669,0.7729094808137296
24,beta,1,16,1.0,1.0,raw,transport_binary_strength,1,16,0.4481866174629873,0.5197075464018235,0.4244695284008591,0.7588742377812858
13,beta,1,16,1.0,1.0,raw,transport_binary_strength,1,16,0.4566735392016234,0.5248254972891804,0.4247904106459571,0.7607403735564164
44,beta,1,16,1.0,1.0,raw,transport_binary_strength,1,16,0.4463154724453742,0.511482378717123,0.4192294777639629,0.7742082389941435
5,beta,1,16,1.0,1.0,raw,transport_binary_strength,1,25,0.4431430440115537,0.5225191990187796,0.425690755064083,0.7646815700564075
10,beta,1,16,1.0,1.0,raw,transport_binary_strength,1,21,0.4493711959242799,0.5018399532008639,0.427790111237346,0.7586920893207293
11,beta,1,16,1.0,1.0,raw,transport_binary_strength,1,21,0.4551067752578562,0.5357012795941258,0.4306611041531842,0.7420491236597786
29,beta,1,16,1.0,1.0,raw,transport_binary_strength,1,18,0.4517004871404207,0.5237853225274609,0.4258966726941622,0.7579579140236659
8,beta,1,16,1.0,1.0,raw,transport_binary_strength,1,16,0.4498604048004028,0.5368018629900821,0.4222527508180226,0.7516344078535125
26,beta,1,16,1.0,1.0,raw,transport_binary_strength,1,17,0.4510040466471725,0.518288219827758,0.4240674340868351,0.7691131587590778
47,beta,1,16,1.0,1.0,raw,transport_binary_strength,1,18,0.4430299955410689,0.5169305210610542,0.4221395087195774,0.7619773608100989
0,beta,1,16,1.0,1.0,raw,transport_binary_strength,1,25,0.4570585552438135,0.5182306410041383,0.4251519899109291,0.7618666254380541
35,beta,1,16,1.0,1.0,raw,transport_binary_strength,1,17,0.4521439554144749,0.5092168918618449,0.4229074842023024,0.7662260990400783
41,beta,1,16,1.0,1.0,raw,transport_binary_strength,1,16,0.4524912348314568,0.5090689377948826,0.4203540441125905,0.7587362271377426
36,beta,1,16,1.0,1.0,raw,transport_binary_strength,1,16,0.4596945928963864,0.5200965888689408,0.4192085239557964,0.7604203840452399
43,beta,1,16,1.0,1.0,raw,transport_binary_strength,1,17,0.4513186756773866,0.486750571081573,0.4241250224395935,0.7649982795402932
39,beta,1,16,1.0,1.0,raw,transport_binary_strength,1,18,0.4454840614045064,0.5161993964550681,0.427735663982522,0.75845841019621
40,beta,1,16,1.0,1.0,raw,transport_binary_strength,1,17,0.4437154944530337,0.5167265728561232,0.4221817773223585,0.7589703642154827
25,beta,1,16,1.0,1.0,raw,transport_binary_strength,1,16,0.4443274193251159,0.528676201530857,0.4211080431945243,0.7600454602381166
7,beta,1,16,1.0,1.0,raw,transport_binary_strength,1,19,0.4496979852319517,0.5161852292095118,0.4232767271445871,0.7504767727020399
4,beta,1,16,1.0,1.0,raw,transport_binary_strength,1,25,0.4561411512206739,0.5371936578903792,0.4201862833475556,0.7815900852658896
2,beta,1,16,1.0,1.0,raw,transport_binary_strength,1,27,0.4424405765504618,0.5185164759497802,0.426362279915274,0.760099143268703
46,beta,1,16,1.0,1.0,raw,transport_binary_strength,1,18,0.4513964898944806,0.5162506103515625,0.4214446910882212,0.7601208296013355
20,beta,1,16,1.0,1.0,raw,transport_binary_strength,1,16,0.4375036784426136,0.5183883404670633,0.4210181187810498,0.753065690289983
48,beta,1,16,1.0,1.0,raw,transport_binary_strength,1,17,0.4523859574254978,0.516698658580306,0.4233692515365627,0.7556535049324508
28,beta,1,16,1.0,1.0,raw,transport_binary_strength,1,17,0.4567234111108234,0.5042043363388212,0.4192544112533583,0.7691805999013442
45,beta,1,16,1.0,1.0,raw,transport_binary_strength,1,18,0.4440603889989641,0.5144416328221384,0.4231571740577795,0.760057113956874
42,beta,1,16,1.0,1.0,raw,transport_binary_strength,1,17,0.4552240260610553,0.5330432334228544,0.425542799648424,0.7488908677359344
21,beta,1,16,1.0,1.0,raw,transport_binary_strength,1,16,0.4478667937465715,0.5027496839443742,0.4230285168554049,0.773923617890774
27,beta,1,16,1.0,1.0,raw,transport_binary_strength,1,19,0.4591695371452697,0.5302761465576251,0.4211066808466821,0.780483067674301
33,beta,1,16,1.0,1.0,raw,transport_binary_strength,1,17,0.4475569962854445,0.5007931146769786,0.4311004296366356,0.7540621128475332
22,beta,1,16,1.0,1.0,raw,transport_binary_strength,1,18,0.4499948845678554,0.5152351885984543,0.4235553303022115,0.7683568067402945
18,beta,1,16,1.0,1.0,raw,transport_binary_strength,1,18,0.4550726894332368,0.5217545957904325,0.4228871354784179,0.7710212423356071
49,beta,1,16,1.0,1.0,raw,transport_binary_strength,1,17,0.4596316541854561,0.5077603632538523,0.4198396114234827,0.7631439841446852
14,beta,1,16,1.0,1.0,raw,transport_binary_strength,1,18,0.4475781377578283,0.5064710850836196,0.4276156674448046,0.7639084941303352
3,beta,1,16,1.0,1.0,raw,transport_binary_strength,1,29,0.4537545631904348,0.5028606567457877,0.4278123862835529,0.7543092720866923
34,beta,1,16,1.0,1.0,raw,transport_binary_strength,1,18,0.4529015549200735,0.5123614782123718,0.425080501421452,0.7480470463250846
12,beta,1,16,1.0,1.0,raw,transport_binary_strength,1,17,0.4424359961197329,0.5199885709201778,0.4190955259549883,0.7490218758808446
38,beta,1,16,1.0,1.0,raw,transport_binary_strength,1,17,0.4445622632784771,0.5269314114159062,0.4245850093697413,0.7616496066165301
37,beta,1,16,1.0,1.0,raw,transport_binary_strength,1,17,0.452106811716563,0.5103540886053737,0.4275351282377014,0.7467358138035559
19,beta,1,16,1.0,1.0,raw,transport_binary_strength,1,18,0.4470336845728991,0.5279400418825085,0.4241841135234107,0.7553430349716557
17,beta,1,16,1.0,1.0,raw,transport_binary_strength,1,17,0.4581599521704646,0.5136570644718793,0.4219230871698429,0.7575205189531462
31,beta,1,16,1.0,1.0,raw,transport_binary_strength,1,18,0.4448782493363316,0.5250143737098669,0.4215965765095644,0.7671890353331933
1,beta,1,16,1.0,1.0,raw,transport_binary_strength,1,27,0.4534307303472114,0.5064362029997944,0.4240411495549061,0.7664366737132199
6,beta,1,16,1.0,1.0,raw,transport_binary_strength,1,27,0.4525341094581107,0.5402762796450503,0.4294640393507103,0.7653933972599182
15,beta,1,16,1.0,1.0,raw,transport_binary_strength,1,18,0.4502489467621239,0.5131167715481348,0.4195381718069875,0.7607605751758794
30,beta,1,16,1.0,1.0,raw,transport_binary_strength,1,18,0.4626258543543127,0.5212089267866067,0.4317672336675268,0.7252633559066968
32,beta,1,16,1.0,1.0,raw,transport_binary_strength,1,18,0.4532107239237226,0.5303601310835309,0.4225408280131105,0.760475719158609
16,beta,1,16,1.0,1.0,raw,transport_binary_strength,1,17,0.4490651738904163,0.5099524522686558,0.4226611019004108,0.7572943319011033
9,beta,1,16,1.0,1.0,raw,transport_binary_strength,1,19,0.4486476917315449,0.5232879548000584,0.4253242560001495,0.7469648592309748
23,beta,1,16,1.0,1.0,raw,transport_binary_strength,1,18,0.4458888657319928,0.5380649442120831,0.4231664353033612,0.7598499142692009
13,beta,1,16,1.0,1.0,raw,transport_binary_strength,1,17,0.4565991209044663,0.5222509673204292,0.4217087630071311,0.7601047372656919
24,beta,1,16,1.0,1.0,raw,transport_binary_strength,1,17,0.446725527567517,0.5044831352436774,0.4221912540859019,0.7639624023689396
11,beta,1,16,1.0,1.0,raw,transport_binary_strength,1,22,0.4546915630932464,0.4965930901778474,0.4280976272798389,0.7455951280028615
10,beta,1,16,1.0,1.0,raw,transport_binary_strength,1,22,0.4492414054133404,0.5000168169380199,0.4262212701942953,0.7591213282995307
44,beta,1,16,1.0,1.0,raw,transport_binary_strength,1,17,0.4470292012055377,0.5081744655686382,0.4208978356447806,0.7723735281365918
5,beta,1,16,1.0,1.0,raw,transport_binary_strength,1,26,0.4410569826234802,0.5189047239960832,0.4243117530839779,0.7678125347778035
26,beta,1,16,1.0,1.0,raw,transport_binary_strength,1,18,0.450730888555012,0.5256108482140672,0.4233528144019764,0.7634636891811184
8,beta,1,16,1.0,1.0,raw,transport_binary_strength,1,17,0.4490314424854041,0.5161256150240199,0.4227920913281872,0.7622554480261784
29,beta,1,16,1.0,1.0,raw,transport_binary_strength,1,19,0.4521285479065997,0.5325316658649992,0.4280392157100343,0.7480528007969933
35,beta,1,16,1.0,1.0,raw,transport_binary_strength,1,18,0.4538322716732171,0.5074714634448894,0.4254921097634626,0.7617663707625146
47,beta,1,16,1.0,1.0,raw,transport_binary_strength,1,19,0.4455656035057411,0.5167286099841276,0.4258084594711793,0.7551089769724844
41,beta,1,16,1.0,1.0,raw,transport_binary_strength,1,17,0.452762573917518,0.5098397787673915,0.4236829130974196,0.767614519441592
39,beta,1,16,1.0,1.0,raw,transport_binary_strength,1,19,0.4469547107270331,0.5150432977885923,0.4323017528996523,0.7608733020291799
43,beta,1,16,1.0,1.0,raw,transport_binary_strength,1,18,0.4511281607451872,0.5174732457955276,0.4248924778516431,0.7712994632165715
36,beta,1,16,1.0,1.0,raw,transport_binary_strength,1,17,0.4614534077119547,0.517878276481149,0.4151608456725889,0.7808469789722192
0,beta,1,16,1.0,1.0,raw,transport_binary_strength,1,26,0.4573414393849809,0.5157866993438325,0.4261157445543082,0.753872569229712
7,beta,1,16,1.0,1.0,raw,transport_binary_strength,1,20,0.4506861726928853,0.5094026241929112,0.424070350585549,0.7453796614457069
25,beta,1,16,1.0,1.0,raw,transport_binary_strength,1,17,0.4453028293028014,0.5095078702370669,0.4255802309967548,0.7594650407433725
40,beta,1,16,1.0,1.0,raw,transport_binary_strength,1,18,0.4448384053452209,0.5178348373610686,0.4256087137318896,0.7586972026035176
4,beta,1,16,1.0,1.0,raw,transport_binary_strength,1,26,0.4564500030681381,0.5125607164541591,0.4223988247948521,0.775225865359531
2,beta,1,16,1.0,1.0,raw,transport_binary_strength,1,28,0.4422281428553911,0.5288647903559396,0.4249718523521688,0.7539981255325586
46,beta,1,16,1.0,1.0,raw,transport_binary_strength,1,19,0.4518632421902842,0.5246450386795343,0.4231537582620462,0.7557370535978782
48,beta,1,16,1.0,1.0,raw,transport_binary_strength,1,18,0.4523566571965316,0.5196839896032505,0.4276772203973034,0.7489345872218724
28,beta,1,16,1.0,1.0,raw,transport_binary_strength,1,18,0.4560741771642272,0.5110362565470603,0.4169273415381422,0.776079623594551
20,beta,1,16,1.0,1.0,raw,transport_binary_strength,1,17,0.438251718080355,0.5295394481550293,0.4234276034898387,0.7533078038422636
42,beta,1,16,1.0,1.0,raw,transport_binary_strength,1,18,0.4554500124497579,0.5037864113822296,0.4277687929842003,0.7464061491521445
21,beta,1,16,1.0,1.0,raw,transport_binary_strength,1,17,0.4476567686121201,0.5060995224048321,0.4225767621444867,0.767909100562812
45,beta,1,16,1.0,1.0,raw,transport_binary_strength,1,19,0.4490306958196388,0.5103226561726115,0.4265419176047597,0.7703943489595704
27,beta,1,16,1.0,1.0,raw,transport_binary_strength,1,20,0.4590701084012838,0.4977902317087027,0.4232343742519042,0.7774765279519504
22,beta,1,16,1.0,1.0,raw,transport_binary_strength,1,19,0.4502302143858522,0.5227981575395328,0.4241740665121323,0.7653071808701831
18,beta,1,16,1.0,1.0,raw,transport_binary_strength,1,19,0.4564045415713766,0.511678404665041,0.4245322395175582,0.7680154514995756
3,beta,1,16,1.0,1.0,raw,transport_binary_strength,1,30,0.4522447751198369,0.5163826712581479,0.4253867360227151,0.7654661069971663
14,beta,1,16,1.0,1.0,raw,transport_binary_strength,1,19,0.447543778196124,0.5129939748859733,0.42730459630156,0.7765562138834028
33,beta,1,16,1.0,1.0,raw,transport_binary_strength,1,18,0.4472869301598333,0.5140834365812924,0.4298236284500237,0.7658734884549387
49,beta,1,16,1.0,1.0,raw,transport_binary_strength,1,18,0.4595605683013107,0.5043847008662563,0.4188464388181497,0.7603458757963542
34,beta,1,16,1.0,1.0,raw,transport_binary_strength,1,19,0.4530345234483918,0.5075508014258348,0.42616088811067,0.7562356674329267
19,beta,1,16,1.0,1.0,raw,transport_binary_strength,1,19,0.4451929400378222,0.529265747272126,0.4206341756922331,0.7529070905871758
38,beta,1,16,1.0,1.0,raw,transport_binary_strength,1,18,0.4442669657739742,0.5078165874962665,0.4250209214165994,0.747010444071073
37,beta,1,16,1.0,1.0,raw,transport_binary_strength,1,18,0.4516844871772057,0.513536215278853,0.4239023908248922,0.7487064311126144
12,beta,1,16,1.0,1.0,raw,transport_binary_strength,1,18,0.4448049396645834,0.5164058623651352,0.4237421713305614,0.7603879497033488
31,beta,1,16,1.0,1.0,raw,transport_binary_strength,1,19,0.4466216936648338,0.5194296314234833,0.4254161599362027,0.7647802583553845
17,beta,1,16,1.0,1.0,raw,transport_binary_strength,1,18,0.4579561118936629,0.5098545953360768,0.4233225606626489,0.7536189066882324
15,beta,1,16,1.0,1.0,raw,transport_binary_strength,1,19,0.4509151934091647,0.5086069342988753,0.4235187755158615,0.7495772896037043
6,beta,1,16,1.0,1.0,raw,transport_binary_strength,1,28,0.4526523393982843,0.5152453581855575,0.4287819423398879,0.7677976491910765
1,beta,1,16,1.0,1.0,raw,transport_binary_strength,1,28,0.4544659536910838,0.5080818522703925,0.426885659907157,0.756750718029031
30,beta,1,16,1.0,1.0,raw,transport_binary_strength,1,19,0.4622597237797466,0.5170516304347826,0.4292739438570082,0.7424440241595998
23,beta,1,16,1.0,1.0,raw,transport_binary_strength,1,19,0.4447521900940054,0.5133010086038003,0.4206806336237691,0.769703961803123
11,beta,1,16,1.0,1.0,raw,transport_binary_strength,1,23,0.455334014331919,0.5203422655898293,0.4315980916190536,0.7471975237699003
16,beta,1,16,1.0,1.0,raw,transport_binary_strength,1,18,0.4478914471852787,0.5165222778205321,0.4217128618697818,0.7628428090171626
9,beta,1,16,1.0,1.0,raw,transport_binary_strength,1,20,0.4470998465139099,0.5291568238273829,0.4235771948190547,0.7593219820100637
32,beta,1,16,1.0,1.0,raw,transport_binary_strength,1,19,0.4533692556616288,0.5090200111560452,0.4233702898351982,0.7681863670066718
13,beta,1,16,1.0,1.0,raw,transport_binary_strength,1,18,0.4565946009197664,0.5109218131291555,0.4235939926152394,0.7593190685317568
10,beta,1,16,1.0,1.0,raw,transport_binary_strength,1,23,0.4497220412740853,0.4872164243826382,0.4286436058471699,0.7539344002987949
44,beta,1,16,1.0,1.0,raw,transport_binary_strength,1,18,0.4465845911689627,0.5105792137128036,0.4209092530456307,0.7741948193160781
26,beta,1,16,1.0,1.0,raw,transport_binary_strength,1,19,0.4510275209365625,0.4980865880096111,0.4243286622695058,0.7686100275170791
8,beta,1,16,1.0,1.0,raw,transport_binary_strength,1,18,0.4491485872622918,0.5151280170075934,0.4225931060499506,0.76
5,beta,1,16,1.0,1.0,raw,transport_binary_strength,1,27,0.4433638786725759,0.5146725271955134,0.4278735975019074,0.7722847415821092
35,beta,1,16,1.0,1.0,raw,transport_binary_strength,1,19,0.4542028662781791,0.5254681586578632,0.427225044821898,0.7658928657641905
24,beta,1,16,1.0,1.0,raw,transport_binary_strength,1,18,0.448820318912787,0.5016881716053403,0.4248636139087272,0.7550953869646413
47,beta,1,16,1.0,1.0,raw,transport_binary_strength,1,20,0.4456027741259801,0.525230403698202,0.4252189107504769,0.7631911386946298
29,beta,1,16,1.0,1.0,raw,transport_binary_strength,1,20,0.4522402775142722,0.5138062263848427,0.4276586317470627,0.7516812445354764
39,beta,1,16,1.0,1.0,raw,transport_binary_strength,1,20,0.4455034448927166,0.516545003459052,0.4290077902246627,0.7510570392419924
43,beta,1,16,1.0,1.0,raw,transport_binary_strength,1,19,0.4512452070082047,0.5102101647473616,0.4254444259936092,0.7674709242309545
7,beta,1,16,1.0,1.0,raw,transport_binary_strength,1,21,0.4531133420036465,0.499518019385569,0.427261387142579,0.7507102402484699
41,beta,1,16,1.0,1.0,raw,transport_binary_strength,1,18,0.4534585481486778,0.498550144329665,0.4258487192996193,0.7696936318725542
36,beta,1,16,1.0,1.0,raw,transport_binary_strength,1,18,0.4599248462941951,0.5104807899461401,0.4198848796782595,0.7692024335675853
25,beta,1,16,1.0,1.0,raw,transport_binary_strength,1,18,0.4444929579079352,0.5189010161723775,0.4214583564767094,0.7624767219622162
0,beta,1,16,1.0,1.0,raw,transport_binary_strength,1,27,0.4573510673049662,0.5256165476072305,0.4264795019986306,0.7635949632378204
46,beta,1,16,1.0,1.0,raw,transport_binary_strength,1,20,0.4502695150726572,0.5092561011220895,0.4201914254838841,0.759910676011473
40,beta,1,16,1.0,1.0,raw,transport_binary_strength,1,19,0.4451405711976211,0.5307768048332824,0.4259177872706413,0.7570876609887827
2,beta,1,16,1.0,1.0,raw,transport_binary_strength,1,29,0.4445357491746567,0.506319542381483,0.4306670035263984,0.7441325984977957
42,beta,1,16,1.0,1.0,raw,transport_binary_strength,1,19,0.453842368037854,0.5041365695086746,0.4231841120992049,0.7612102260372553
4,beta,1,16,1.0,1.0,raw,transport_binary_strength,1,27,0.4568686236707606,0.5141883314014462,0.4248636139087272,0.7708400269116173
28,beta,1,16,1.0,1.0,raw,transport_binary_strength,1,19,0.4565590105961298,0.5297969156295926,0.4180535025544449,0.7658434001426863
27,beta,1,16,1.0,1.0,raw,transport_binary_strength,1,21,0.4592543599280497,0.5005230835742058,0.4211164471909028,0.7718943537830287
20,beta,1,16,1.0,1.0,raw,transport_binary_strength,1,18,0.4381394311538951,0.5190141341925166,0.4231813655538795,0.7593227377066758
48,beta,1,16,1.0,1.0,raw,transport_binary_strength,1,19,0.4520735544767317,0.5027915123087954,0.4246192439668655,0.7530407820933522
21,beta,1,16,1.0,1.0,raw,transport_binary_strength,1,18,0.4479786715358487,0.5017105632813597,0.4236471079643114,0.7659610108006454
45,beta,1,16,1.0,1.0,raw,transport_binary_strength,1,20,0.4487955006826506,0.5196451352430352,0.4290166994059096,0.7577167759674304
22,beta,1,16,1.0,1.0,raw,transport_binary_strength,1,20,0.4501387587502028,0.4967319938960568,0.4243829672771999,0.770072552922143
18,beta,1,16,1.0,1.0,raw,transport_binary_strength,1,20,0.4570279895633568,0.510321898984015,0.4264414157813443,0.7654247319939346
14,beta,1,16,1.0,1.0,raw,transport_binary_strength,1,20,0.4470640836175948,0.5113880286052143,0.4259160029807257,0.7711398938169916
33,beta,1,16,1.0,1.0,raw,transport_binary_strength,1,19,0.4474219169903098,0.5156827698539109,0.4285855294502082,0.7496802675086547
19,beta,1,16,1.0,1.0,raw,transport_binary_strength,1,20,0.4468645521423124,0.5112810674528822,0.4245003146966817,0.744460124507641
31,beta,1,16,1.0,1.0,raw,transport_binary_strength,1,20,0.4467426724347962,0.5111335159769208,0.4262727298157756,0.7726804617859313
34,beta,1,16,1.0,1.0,raw,transport_binary_strength,1,20,0.453166910403753,0.5239809403719781,0.4266091268857472,0.7569546453877504
49,beta,1,16,1.0,1.0,raw,transport_binary_strength,1,19,0.4597160837711875,0.5169501976858065,0.4210360981218916,0.7641466727025803
38,beta,1,16,1.0,1.0,raw,transport_binary_strength,1,19,0.4454250528077223,0.514420728590415,0.4280502859760528,0.7467197377856861
15,beta,1,16,1.0,1.0,raw,transport_binary_strength,1,20,0.4504185121212023,0.5147443448334018,0.4229117300030449,0.7536096811890941
12,beta,1,16,1.0,1.0,raw,transport_binary_strength,1,19,0.4440334254443834,0.5277408404822114,0.4234180312238234,0.7633446654337709
37,beta,1,16,1.0,1.0,raw,transport_binary_strength,1,19,0.4520830473774417,0.525463142167033,0.428774679046452,0.7487178449557386
23,beta,1,16,1.0,1.0,raw,transport_binary_strength,1,20,0.4463126679235724,0.5218375866282908,0.4257232556525026,0.7594255657578306
6,beta,1,16,1.0,1.0,raw,transport_binary_strength,1,29,0.4524115832763369,0.5310818196200255,0.4288273438237894,0.763163757713186
11,beta,1,16,1.0,1.0,raw,transport_binary_strength,1,24,0.4545679302240021,0.5313849818503928,0.4274776158412134,0.742803808127181
30,beta,1,16,1.0,1.0,raw,transport_binary_strength,1,20,0.4624628110058728,0.5042135182408796,0.4309358668970667,0.735441536344471
17,beta,1,16,1.0,1.0,raw,transport_binary_strength,1,19,0.4582378891345024,0.5154993141289438,0.4232850704816308,0.7650181530361168
1,beta,1,16,1.0,1.0,raw,transport_binary_strength,1,29,0.4529296190690305,0.5063748844257243,0.4218127240027622,0.7653691416301888
16,beta,1,16,1.0,1.0,raw,transport_binary_strength,1,19,0.4465608666445503,0.5346373567421023,0.4211987267257595,0.7664072264712094
35,beta,1,16,1.0,1.0,raw,transport_binary_strength,1,20,0.4531909302726472,0.5333702742364701,0.4259972680546016,0.7630727151742365
26,beta,1,16,1.0,1.0,raw,transport_binary_strength,1,20,0.4502842085115866,0.5203564804684468,0.4195704209210623,0.7768337805230097
47,beta,1,16,1.0,1.0,raw,transport_binary_strength,1,21,0.4443654815577234,0.5343004188920921,0.4237206142499031,0.7634697503846918
10,beta,1,16,1.0,1.0,raw,transport_binary_strength,1,24,0.4484600294082799,0.497075954901777,0.4277476130139687,0.7506384581401411
9,beta,1,16,1.0,1.0,raw,transport_binary_strength,1,21,0.4489165243107624,0.5037102430470995,0.4281980709730472,0.7453435315269181
32,beta,1,16,1.0,1.0,raw,transport_binary_strength,1,20,0.453397866008231,0.5087191465625436,0.423268489258053,0.7647220113051548
39,beta,1,16,1.0,1.0,raw,transport_binary_strength,1,21,0.4452035670307214,0.5268377704620817,0.4276044639589466,0.765754618760132
7,beta,1,16,1.0,1.0,raw,transport_binary_strength,1,22,0.4525781817891371,0.5245098291455907,0.4263393349315811,0.7475690565030111
43,beta,1,16,1.0,1.0,raw,transport_binary_strength,1,20,0.4512907755015302,0.5084896868891782,0.4255092171803672,0.766290516826096
44,beta,1,16,1.0,1.0,raw,transport_binary_strength,1,19,0.4461816370448336,0.49797786356335,0.4198444738690603,0.775826858625412
13,beta,1,16,1.0,1.0,raw,transport_binary_strength,1,19,0.4567015020746296,0.5110908000814071,0.4242986712683758,0.7633939636134776
8,beta,1,16,1.0,1.0,raw,transport_binary_strength,1,19,0.451442686771244,0.521922337478692,0.4259237698352225,0.7483986632319154
5,beta,1,16,1.0,1.0,raw,transport_binary_strength,1,28,0.4452176411300905,0.4990731200657318,0.4295605905557834,0.7579428128672449
29,beta,1,16,1.0,1.0,raw,transport_binary_strength,1,21,0.4531881518587457,0.5418966544752709,0.4300900394407412,0.7452574030145013
24,beta,1,16,1.0,1.0,raw,transport_binary_strength,1,19,0.4486222992903697,0.5153037826983611,0.4241285358138785,0.7513084539642251
41,beta,1,16,1.0,1.0,raw,transport_binary_strength,1,19,0.4529722219270285,0.5205425371162427,0.4240996023095732,0.7742978268713053
2,beta,1,16,1.0,1.0,raw,transport_binary_strength,1,30,0.442370096659696,0.5097359334076309,0.4263018478955283,0.757781324129892
36,beta,1,16,1.0,1.0,raw,transport_binary_strength,1,19,0.4592795863290454,0.5292226211849191,0.4227926023753689,0.7631710154276931
46,beta,1,16,1.0,1.0,raw,transport_binary_strength,1,21,0.4520643745203127,0.5096513336780024,0.4240513578453674,0.7618764659345562
25,beta,1,16,1.0,1.0,raw,transport_binary_strength,1,19,0.4439948313225358,0.5067679839715904,0.4214855975397603,0.7632380227008513
40,beta,1,16,1.0,1.0,raw,transport_binary_strength,1,20,0.4444314707246624,0.5316970658713165,0.4256285122237745,0.7574221022019112
42,beta,1,16,1.0,1.0,raw,transport_binary_strength,1,20,0.4555535023324462,0.5272600714557758,0.4279987789564451,0.7486777390061816
0,beta,1,16,1.0,1.0,raw,transport_binary_strength,1,28,0.457314509456318,0.5260652881557825,0.4266863136716437,0.7587617673331959
27,beta,1,16,1.0,1.0,raw,transport_binary_strength,1,22,0.4591289049216699,0.5187208493491593,0.422493798701355,0.7887543176468
4,beta,1,16,1.0,1.0,raw,transport_binary_strength,1,28,0.4564976797232934,0.5179551664182812,0.4225388883999598,0.7771216926858069
28,beta,1,16,1.0,1.0,raw,transport_binary_strength,1,20,0.456160114526761,0.5100794238519524,0.4163086624736045,0.7764067561998681
22,beta,1,16,1.0,1.0,raw,transport_binary_strength,1,21,0.4497680125687497,0.5227216820381251,0.4224842758187059,0.7637757781278648
20,beta,1,16,1.0,1.0,raw,transport_binary_strength,1,19,0.439903316902365,0.5285517009242493,0.4271281052203863,0.761262719498644
18,beta,1,16,1.0,1.0,raw,transport_binary_strength,1,21,0.4552522743572589,0.4973325359963562,0.4239907721716399,0.763758015500168
21,beta,1,16,1.0,1.0,raw,transport_binary_strength,1,19,0.4464417077584112,0.5161711616800112,0.4202206458086346,0.7709598632534846
31,beta,1,16,1.0,1.0,raw,transport_binary_strength,1,21,0.446398999052139,0.523902367502401,0.424859931247621,0.7717977663523339
45,beta,1,16,1.0,1.0,raw,transport_binary_strength,1,21,0.4473050195927429,0.5061037218475061,0.4266221727824649,0.7605300365205194
19,beta,1,16,1.0,1.0,raw,transport_binary_strength,1,21,0.4465314678410788,0.5096519205334509,0.423902215063153,0.7597468692738474
48,beta,1,16,1.0,1.0,raw,transport_binary_strength,1,20,0.4521566435561529,0.5048267955305927,0.4259322362449987,0.7533994747592646
14,beta,1,16,1.0,1.0,raw,transport_binary_strength,1,21,0.447018500942606,0.4757272368939692,0.4256469444745973,0.7808016630007841
34,beta,1,16,1.0,1.0,raw,transport_binary_strength,1,21,0.4527357995024842,0.502052668590412,0.4251469778713255,0.7506323037787155
33,beta,1,16,1.0,1.0,raw,transport_binary_strength,1,20,0.4466944216294287,0.5208968190892646,0.4279961503481868,0.7639181581475432
15,beta,1,16,1.0,1.0,raw,transport_binary_strength,1,21,0.45081582821033,0.5286569506371944,0.4229926915574492,0.7563332399725713
38,beta,1,16,1.0,1.0,raw,transport_binary_strength,1,20,0.4443880658435323,0.5307541757402472,0.4257361186895511,0.7685556030880999
49,beta,1,16,1.0,1.0,raw,transport_binary_strength,1,20,0.4597243816380079,0.5086747631562459,0.4176366145937483,0.7576666340028044
23,beta,1,16,1.0,1.0,raw,transport_binary_strength,1,21,0.4454866202739615,0.5261886495116843,0.4236315258071656,0.7536407173418698
11,beta,1,16,1.0,1.0,raw,transport_binary_strength,1,25,0.4547163052954912,0.5089357247946593,0.4292121685621937,0.7489976444644916
30,beta,1,16,1.0,1.0,raw,transport_binary_strength,1,21,0.4623296050047673,0.5107805472263868,0.4310692505132999,0.7452299364827581
37,beta,1,16,1.0,1.0,raw,transport_binary_strength,1,20,0.4515898943712645,0.5106060136871768,0.4216414617587048,0.7534696353726759
12,beta,1,16,1.0,1.0,raw,transport_binary_strength,1,20,0.4442438386480192,0.5099864151356605,0.4239451163416343,0.7605086039173089
6,beta,1,16,1.0,1.0,raw,transport_binary_strength,1,30,0.452646957001844,0.5183738188721577,0.4298895447553525,0.7563538747205689
26,beta,1,16,1.0,1.0,raw,transport_binary_strength,1,21,0.4506055076129191,0.5100553749958928,0.4222982191127304,0.7692967545206385
35,beta,1,16,1.0,1.0,raw,transport_binary_strength,1,21,0.4529493747921625,0.5205934807692758,0.4255154331133863,0.769784960456318
17,beta,1,16,1.0,1.0,raw,transport_binary_strength,1,20,0.4578248819753386,0.5128672839506173,0.4254966624697224,0.7621570280640777
47,beta,1,16,1.0,1.0,raw,transport_binary_strength,1,22,0.443278401916627,0.5024610970523593,0.4231088045252265,0.7652765731523545
39,beta,1,16,1.0,1.0,raw,transport_binary_strength,1,22,0.4449734149717529,0.5143422433741263,0.4275091789052138,0.7591914025378724
10,beta,1,16,1.0,1.0,raw,transport_binary_strength,1,25,0.4497275415106867,0.5110177971252646,0.4290292726724424,0.7554231488023815
7,beta,1,16,1.0,1.0,raw,transport_binary_strength,1,23,0.4509486021656552,0.5265378068910078,0.4247780627095524,0.7496532242764087
1,beta,1,16,1.0,1.0,raw,transport_binary_strength,1,30,0.4547435693155087,0.5206101037600164,0.4271789149193989,0.7567354996873321
43,beta,1,16,1.0,1.0,raw,transport_binary_strength,1,21,0.4508475091324941,0.5260349276517866,0.4249057167320891,0.7721744890234671
9,beta,1,16,1.0,1.0,raw,transport_binary_strength,1,22,0.4471887247533974,0.5060773951585407,0.42461490995981,0.7544329510286325
16,beta,1,16,1.0,1.0,raw,transport_binary_strength,1,20,0.4489018358968905,0.5079362240906377,0.4241028875123128,0.7630934781028089
32,beta,1,16,1.0,1.0,raw,transport_binary_strength,1,21,0.4528516898825065,0.5190161762655138,0.4195482765592879,0.7694583855481683
44,beta,1,16,1.0,1.0,raw,transport_binary_strength,1,20,0.4464333298974521,0.5113286627855073,0.4206068263442726,0.7679042591993613
13,beta,1,16,1.0,1.0,raw,transport_binary_strength,1,20,0.4566753501513182,0.5199798804684698,0.4231430000860286,0.7582909459771812
29,beta,1,16,1.0,1.0,raw,transport_binary_strength,1,22,0.4520114501667498,0.5316867386049776,0.4286035737828542,0.7480587225119218
5,beta,1,16,1.0,1.0,raw,transport_binary_strength,1,29,0.4449722931305092,0.5183821278047928,0.4286532004717134,0.7641508476509977
8,beta,1,16,1.0,1.0,raw,transport_binary_strength,1,20,0.4516629935510543,0.5327878627188904,0.4268324239004432,0.7554614286708905
24,beta,1,16,1.0,1.0,raw,transport_binary_strength,1,20,0.4488764080375018,0.5250844594594595,0.4255053124774151,0.7563111537575277
46,beta,1,16,1.0,1.0,raw,transport_binary_strength,1,22,0.4521165840677642,0.5304338043811274,0.4235789361922257,0.7565736600530438
42,beta,1,16,1.0,1.0,raw,transport_binary_strength,1,21,0.4542668359719531,0.5307812511228251,0.4256161185806977,0.7599531979663895
41,beta,1,16,1.0,1.0,raw,transport_binary_strength,1,20,0.4523425581526002,0.5042730451154356,0.4215117232648379,0.7675309108822959
25,beta,1,16,1.0,1.0,raw,transport_binary_strength,1,20,0.4450254853858784,0.5107289717103369,0.4243768400958566,0.7590481460608387
27,beta,1,16,1.0,1.0,raw,transport_binary_strength,1,23,0.4591641500124818,0.5261042952436115,0.4230959672701407,0.7711385937121862
36,beta,1,16,1.0,1.0,raw,transport_binary_strength,1,20,0.4603662668953989,0.5145210053859963,0.4179217588444702,0.7636608515427692
22,beta,1,16,1.0,1.0,raw,transport_binary_strength,1,22,0.4504111676522992,0.4988014139157218,0.4255971072912056,0.7613777729395469
18,beta,1,16,1.0,1.0,raw,transport_binary_strength,1,22,0.4560396898568662,0.5048057110810216,0.4245840266855036,0.7639978808418508
40,beta,1,16,1.0,1.0,raw,transport_binary_strength,1,21,0.4454095467009385,0.5148277378403181,0.4263947642657093,0.7558456238748096
0,beta,1,16,1.0,1.0,raw,transport_binary_strength,1,29,0.4566179020223206,0.5139212256675486,0.424542067456291,0.7582137703566275
19,beta,1,16,1.0,1.0,raw,transport_binary_strength,1,22,0.4464069102345498,0.5295357792350931,0.4234993885884831,0.7592324387681699
4,beta,1,16,1.0,1.0,raw,transport_binary_strength,1,29,0.4567129705991961,0.5124641220952696,0.4239753432302111,0.7711695569194437
31,beta,1,16,1.0,1.0,raw,transport_binary_strength,1,22,0.4484143726353055,0.5216209700757757,0.428392731006022,0.7615152192270767
28,beta,1,16,1.0,1.0,raw,transport_binary_strength,1,21,0.4561820985615664,0.5312847230879012,0.4171234924705271,0.7809461940821677
21,beta,1,16,1.0,1.0,raw,transport_binary_strength,1,20,0.4464286902972472,0.5189801938474505,0.4209437157866539,0.7825620788758832
14,beta,1,16,1.0,1.0,raw,transport_binary_strength,1,22,0.4478593575239669,0.5231589616532462,0.4275667219072039,0.7764587405354739
34,beta,1,16,1.0,1.0,raw,transport_binary_strength,1,22,0.4536024077952864,0.5141213414486288,0.4280330886472693,0.7453782474968916
45,beta,1,16,1.0,1.0,raw,transport_binary_strength,1,22,0.4470884313615641,0.5068265389129527,0.4260492618726307,0.7613635887348029
20,beta,1,16,1.0,1.0,raw,transport_binary_strength,1,20,0.4363872648508124,0.5269223589520472,0.4228916457562237,0.7515107339284751
38,beta,1,16,1.0,1.0,raw,transport_binary_strength,1,21,0.4450233256730962,0.5055012792662643,0.4273635615580682,0.7616339346544625
15,beta,1,16,1.0,1.0,raw,transport_binary_strength,1,22,0.4511859775997866,0.5041053320895129,0.42512869919825,0.7513253893902623
48,beta,1,16,1.0,1.0,raw,transport_binary_strength,1,21,0.4523022515692323,0.5082188097514341,0.4222069599853715,0.7569502249934728
23,beta,1,16,1.0,1.0,raw,transport_binary_strength,1,22,0.4464115667510538,0.517229005034658,0.4243358436408084,0.7596931946485244
30,beta,1,16,1.0,1.0,raw,transport_binary_strength,1,22,0.4625914045172739,0.5210461175662169,0.4315075561330397,0.7406096841762756
33,beta,1,16,1.0,1.0,raw,transport_binary_strength,1,21,0.4478253356467664,0.5101945211205685,0.4313247007825867,0.7526749657312356
26,beta,1,16,1.0,1.0,raw,transport_binary_strength,1,22,0.450536999568593,0.5214767737510915,0.4224970434864139,0.7722738857914365
11,beta,1,16,1.0,1.0,raw,transport_binary_strength,1,26,0.4551640212564035,0.5053439546513007,0.4321639396992386,0.7378776769243338
49,beta,1,16,1.0,1.0,raw,transport_binary_strength,1,21,0.4597390646056634,0.5403470300963862,0.4213404094051802,0.7595243336572116
10,beta,1,16,1.0,1.0,raw,transport_binary_strength,1,26,0.4487632100278152,0.5026660852810951,0.426356181178711,0.7677818866725478
37,beta,1,16,1.0,1.0,raw,transport_binary_strength,1,21,0.4516093127527099,0.5180144174692142,0.4282521462807037,0.7398231753588271
47,beta,1,16,1.0,1.0,raw,transport_binary_strength,1,23,0.4447103746204651,0.5257284945131725,0.4247434023793205,0.7543920277601075
35,beta,1,16,1.0,1.0,raw,transport_binary_strength,1,22,0.4525271450773537,0.5283630654942318,0.4255241352670681,0.7680129640863741
39,beta,1,16,1.0,1.0,raw,transport_binary_strength,1,23,0.4474809120145724,0.5276312650588039,0.4326169636125179,0.7633432206942814
17,beta,1,16,1.0,1.0,raw,transport_binary_strength,1,21,0.4581569924834773,0.5077253086419753,0.42337192647025,0.7573718533303508
7,beta,1,16,1.0,1.0,raw,transport_binary_strength,1,24,0.4489604041220694,0.510090146955489,0.4241930010657954,0.7518185523255406
12,beta,1,16,1.0,1.0,raw,transport_binary_strength,1,21,0.4442080135436744,0.5031330734985645,0.4234533454773674,0.7567036993750731
43,beta,1,16,1.0,1.0,raw,transport_binary_strength,1,22,0.4514606591983177,0.5156245899819341,0.4269597254571859,0.7657332599270525
9,beta,1,16,1.0,1.0,raw,transport_binary_strength,1,23,0.4469390409771377,0.4970961594661731,0.4229559824509961,0.7642164052411274
46,beta,1,16,1.0,1.0,raw,transport_binary_strength,1,23,0.4517023015334598,0.5118494968788296,0.4232096400330734,0.7633214025573914
29,beta,1,16,1.0,1.0,raw,transport_binary_strength,1,23,0.4512047858847188,0.5171263397678492,0.424762364175561,0.7505460169500382
32,beta,1,16,1.0,1.0,raw,transport_binary_strength,1,22,0.4530151003716559,0.5123166225073211,0.4207524801080313,0.7861873670622305
16,beta,1,16,1.0,1.0,raw,transport_binary_strength,1,21,0.4490653563948159,0.5218090490773059,0.4239634987643755,0.7624548605220426
5,beta,1,16,1.0,1.0,raw,transport_binary_strength,1,30,0.4452840896377759,0.5227614719971082,0.4309089984832426,0.7603287014256888
42,beta,1,16,1.0,1.0,raw,transport_binary_strength,1,22,0.4557593163099412,0.5237467311497664,0.4296146677887474,0.7560718390507056
13,beta,1,16,1.0,1.0,raw,transport_binary_strength,1,21,0.4567132642418475,0.5163972348478598,0.4256902649985264,0.7629433441291713
44,beta,1,16,1.0,1.0,raw,transport_binary_strength,1,21,0.4473740725245192,0.5064198217029443,0.424747559663342,0.7693811119751701
27,beta,1,16,1.0,1.0,raw,transport_binary_strength,1,24,0.459293731974583,0.4961111680767984,0.4219291440339484,0.7815669482762414
22,beta,1,16,1.0,1.0,raw,transport_binary_strength,1,23,0.4503864205421402,0.5214476777174354,0.4260116618657835,0.7626373675277576
24,beta,1,16,1.0,1.0,raw,transport_binary_strength,1,21,0.4470638836306345,0.5215157929013351,0.4247263869109186,0.7720958306249419
41,beta,1,16,1.0,1.0,raw,transport_binary_strength,1,21,0.453301165306635,0.5220917150836837,0.4256834040214954,0.7624247176042851
8,beta,1,16,1.0,1.0,raw,transport_binary_strength,1,21,0.4518492431739395,0.5232661891755772,0.427975173127635,0.7505848360370396
25,beta,1,16,1.0,1.0,raw,transport_binary_strength,1,21,0.4446351772899176,0.5353995704962088,0.4234303660337264,0.7633816386649569
18,beta,1,16,1.0,1.0,raw,transport_binary_strength,1,23,0.4572118744574693,0.5076414214493975,0.4269604932702417,0.760516530893613
19,beta,1,16,1.0,1.0,raw,transport_binary_strength,1,23,0.4478109774726705,0.5258324837429736,0.4255413464473688,0.7574935090721837
34,beta,1,16,1.0,1.0,raw,transport_binary_strength,1,23,0.4537633148845977,0.5229064114066782,0.4282577656845172,0.747647962217021
38,beta,1,16,1.0,1.0,raw,transport_binary_strength,1,22,0.4439805338658327,0.5267834054208281,0.4252672855580103,0.7598144370803445
14,beta,1,16,1.0,1.0,raw,transport_binary_strength,1,23,0.4476185035436545,0.5122356739305892,0.42792304768149,0.7704502656276314
31,beta,1,16,1.0,1.0,raw,transport_binary_strength,1,23,0.4460538081310706,0.5280854328285101,0.4241211576942643,0.7696924434644942
36,beta,1,16,1.0,1.0,raw,transport_binary_strength,1,21,0.4592367411824387,0.5220473967684022,0.4214962389304174,0.7620288651586692
15,beta,1,16,1.0,1.0,raw,transport_binary_strength,1,23,0.4504275932921662,0.5211759109930536,0.4206273562349752,0.7662966844052114
21,beta,1,16,1.0,1.0,raw,transport_binary_strength,1,21,0.4488686897665003,0.5187540384885518,0.4271149352252342,0.7668610645812138
0,beta,1,16,1.0,1.0,raw,transport_binary_strength,1,30,0.4568806098405715,0.5212667421983836,0.4254297678079337,0.7640778533635676
40,beta,1,16,1.0,1.0,raw,transport_binary_strength,1,22,0.4467387698672058,0.513802959620679,0.4296715820138377,0.7576647971195126
28,beta,1,16,1.0,1.0,raw,transport_binary_strength,1,22,0.4561973201699757,0.5104621569299955,0.4177336878545277,0.7660530608397849
45,beta,1,16,1.0,1.0,raw,transport_binary_strength,1,23,0.4493813759373997,0.5081968295706623,0.4304396202353121,0.7599612371151305
30,beta,1,16,1.0,1.0,raw,transport_binary_strength,1,23,0.4625098034103235,0.5075555972013993,0.4320963356976383,0.7433179793789274
4,beta,1,16,1.0,1.0,raw,transport_binary_strength,1,30,0.4569619607160848,0.5284594579676547,0.4262603723824549,0.7734817591410251
20,beta,1,16,1.0,1.0,raw,transport_binary_strength,1,21,0.4386290219335355,0.5123167082147645,0.4257072594424893,0.7630116398907518
26,beta,1,16,1.0,1.0,raw,transport_binary_strength,1,23,0.4510117779344167,0.5159210977965352,0.4265548083551593,0.7693003544375319
23,beta,1,16,1.0,1.0,raw,transport_binary_strength,1,23,0.4466375914079136,0.5280799070524675,0.4254624634501395,0.7714213332947562
10,beta,1,16,1.0,1.0,raw,transport_binary_strength,1,27,0.4487479022835073,0.4976747580162739,0.4279470219968573,0.7588277943387839
33,beta,1,16,1.0,1.0,raw,transport_binary_strength,1,22,0.446910483945542,0.5087314686020281,0.428553106847318,0.7649060927118941
11,beta,1,16,1.0,1.0,raw,transport_binary_strength,1,27,0.454982501940617,0.5093949275437717,0.4310285448824551,0.7365440634806865
48,beta,1,16,1.0,1.0,raw,transport_binary_strength,1,22,0.4521922673183023,0.5125970960803059,0.4268294739078897,0.7513502168025843
49,beta,1,16,1.0,1.0,raw,transport_binary_strength,1,22,0.4596171298905525,0.488106206246146,0.4191225117291847,0.7637276206538661
37,beta,1,16,1.0,1.0,raw,transport_binary_strength,1,22,0.4521241809773218,0.5150987314072193,0.42919840286403,0.7508389174696132
35,beta,1,16,1.0,1.0,raw,transport_binary_strength,1,23,0.4544557728132022,0.5206499453493081,0.4278327968009781,0.7647567239652976
47,beta,1,16,1.0,1.0,raw,transport_binary_strength,1,24,0.4452498207820165,0.5112085111879613,0.4257824399039064,0.7603257645554707
39,beta,1,16,1.0,1.0,raw,transport_binary_strength,1,24,0.4469462424623339,0.5109043631766025,0.4309069582134991,0.7535933394823635
7,beta,1,16,1.0,1.0,raw,transport_binary_strength,1,25,0.4527514825572317,0.5134277054806856,0.4270699797457783,0.7468951802741882
17,beta,1,16,1.0,1.0,raw,transport_binary_strength,1,22,0.4580993886140392,0.5140130315500686,0.4251989004380641,0.7586596004611388
12,beta,1,16,1.0,1.0,raw,transport_binary_strength,1,22,0.4453990417177677,0.5211355851586212,0.4256393476132144,0.7606828822263624
43,beta,1,16,1.0,1.0,raw,transport_binary_strength,1,23,0.4513743553104196,0.535260712615604,0.4255607629046686,0.7665236391163719
46,beta,1,16,1.0,1.0,raw,transport_binary_strength,1,24,0.4523000771847376,0.5112448299632353,0.42431919812512,0.7646954167000659
9,beta,1,16,1.0,1.0,raw,transport_binary_strength,1,24,0.4487197592435892,0.5230669475427402,0.4272863924912105,0.7441598457607873
29,beta,1,16,1.0,1.0,raw,transport_binary_strength,1,24,0.4536578728282282,0.5330937406409104,0.4312086748972127,0.7462578245012697
42,beta,1,16,1.0,1.0,raw,transport_binary_strength,1,23,0.4557985162194453,0.5286456785195628,0.4291495510348749,0.7498010223276073
32,beta,1,16,1.0,1.0,raw,transport_binary_strength,1,23,0.4537169601822356,0.5288139729465904,0.4255755041138162,0.7723927049445134
13,beta,1,16,1.0,1.0,raw,transport_binary_strength,1,22,0.4567458737149906,0.5111586393280614,0.4265849725861055,0.7554002976977852
22,beta,1,16,1.0,1.0,raw,transport_binary_strength,1,24,0.4503996048335668,0.53514877480608,0.4263003098954505,0.7586964916208461
41,beta,1,16,1.0,1.0,raw,transport_binary_strength,1,22,0.4536722594519514,0.5027907066812672,0.4273562392897702,0.7656573506147484
27,beta,1,16,1.0,1.0,raw,transport_binary_strength,1,25,0.4592346645270077,0.5133756973292947,0.4225327873769096,0.7717448174487932
16,beta,1,16,1.0,1.0,raw,transport_binary_strength,1,22,0.4491700187456582,0.5306492867840299,0.4249836336518806,0.7569171164745679
18,beta,1,16,1.0,1.0,raw,transport_binary_strength,1,24,0.4570628424264613,0.5012492989734803,0.4256186568561952,0.7546989272804763
25,beta,1,16,1.0,1.0,raw,transport_binary_strength,1,22,0.4438406059284309,0.5042890392552069,0.4216885684599004,0.7628842577845298
8,beta,1,16,1.0,1.0,raw,transport_binary_strength,1,22,0.4514817498944839,0.5343045385867038,0.4273661068886149,0.75474552670055
44,beta,1,16,1.0,1.0,raw,transport_binary_strength,1,22,0.446824751876594,0.5153017833061813,0.4219942454187522,0.7692701415603989
34,beta,1,16,1.0,1.0,raw,transport_binary_strength,1,24,0.4533801018412335,0.5113039234705012,0.4269541762217766,0.7568009640674624
24,beta,1,16,1.0,1.0,raw,transport_binary_strength,1,22,0.4483660690890024,0.5017020785846087,0.4260270870142175,0.7583019503857092
38,beta,1,16,1.0,1.0,raw,transport_binary_strength,1,23,0.4440165786837629,0.5105394968865284,0.4257070844259266,0.7539319402853468
19,beta,1,16,1.0,1.0,raw,transport_binary_strength,1,24,0.4477854377518279,0.5362483467430839,0.4259895375202734,0.7534629160016572
14,beta,1,16,1.0,1.0,raw,transport_binary_strength,1,24,0.4477274147441869,0.5048741483191621,0.4281798007447166,0.7670177748518763
30,beta,1,16,1.0,1.0,raw,transport_binary_strength,1,24,0.4617824729928537,0.5226691341829085,0.4286606743963765,0.7488396409953972
31,beta,1,16,1.0,1.0,raw,transport_binary_strength,1,24,0.4484957640542475,0.5110950762561689,0.4276572728449694,0.7658041075207273
45,beta,1,16,1.0,1.0,raw,transport_binary_strength,1,24,0.4484561085578315,0.5034504909332685,0.4305023616400349,0.7597181395491798
36,beta,1,16,1.0,1.0,raw,transport_binary_strength,1,22,0.4598394828855049,0.5112003590664274,0.4195872370693942,0.7576978903590644
21,beta,1,16,1.0,1.0,raw,transport_binary_strength,1,22,0.448767709276361,0.5098841129372103,0.4258229821428264,0.7680646188944497
26,beta,1,16,1.0,1.0,raw,transport_binary_strength,1,24,0.4510922547471859,0.5131100529980867,0.42655285206039,0.7693258967050132
15,beta,1,16,1.0,1.0,raw,transport_binary_strength,1,24,0.4510530753010651,0.4909177391982628,0.4240062708390956,0.746708170814322
28,beta,1,16,1.0,1.0,raw,transport_binary_strength,1,23,0.4563091148331363,0.5198987509290374,0.4183683178940486,0.773799155027832
40,beta,1,16,1.0,1.0,raw,transport_binary_strength,1,23,0.446675306664832,0.5407094422351382,0.429461575848805,0.7528557332779394
10,beta,1,16,1.0,1.0,raw,transport_binary_strength,1,28,0.4497424845849492,0.5093189860827825,0.4289925764581974,0.7621009157562759
20,beta,1,16,1.0,1.0,raw,transport_binary_strength,1,22,0.4388526034680075,0.5130237118129866,0.4261531605444541,0.7554753860328141
33,beta,1,16,1.0,1.0,raw,transport_binary_strength,1,23,0.447952392912838,0.51317631781196,0.4329134441227644,0.7540027401203954
11,beta,1,16,1.0,1.0,raw,transport_binary_strength,1,28,0.4551187587164462,0.5040138620962814,0.4320741090675848,0.7398454862076564
23,beta,1,16,1.0,1.0,raw,transport_binary_strength,1,24,0.446260330310363,0.5176286606953541,0.4254002047214096,0.7579289794900517
48,beta,1,16,1.0,1.0,raw,transport_binary_strength,1,23,0.4522896004583792,0.5218085265296366,0.427390705158144,0.7491330456283691
49,beta,1,16,1.0,1.0,raw,transport_binary_strength,1,23,0.4597866594790639,0.5298642414569724,0.4224482280002795,0.7616292550431163
37,beta,1,16,1.0,1.0,raw,transport_binary_strength,1,23,0.4517250303124123,0.5091189783131536,0.427989343744492,0.7515161388283033
17,beta,1,16,1.0,1.0,raw,transport_binary_strength,1,23,0.4582456609652678,0.4946008230452674,0.4236562705679062,0.7604776571399074
39,beta,1,16,1.0,1.0,raw,transport_binary_strength,1,25,0.4449299624865983,0.5037980987141869,0.4268085964547786,0.7595053175135558
35,beta,1,16,1.0,1.0,raw,transport_binary_strength,1,24,0.454529001198271,0.5100205612988842,0.4299565253348046,0.7663198591638977
7,beta,1,16,1.0,1.0,raw,transport_binary_strength,1,26,0.4536835089483158,0.5052786311064457,0.4281696038783295,0.746827019696299
47,beta,1,16,1.0,1.0,raw,transport_binary_strength,1,25,0.4452547069324326,0.4928075294891291,0.425543990219084,0.7622521653838992
12,beta,1,16,1.0,1.0,raw,transport_binary_strength,1,23,0.445887378583894,0.5207571252100179,0.4266715235297115,0.7588166949682724
43,beta,1,16,1.0,1.0,raw,transport_binary_strength,1,24,0.4514570119592294,0.5117940540231394,0.426843176363431,0.7646342302663272
46,beta,1,16,1.0,1.0,raw,transport_binary_strength,1,25,0.452486706743931,0.5194220449410233,0.4240092580454812,0.7612426942875166
9,beta,1,16,1.0,1.0,raw,transport_binary_strength,1,25,0.4492360982447551,0.5010496322634066,0.4279013355774974,0.7403657893418534
42,beta,1,16,1.0,1.0,raw,transport_binary_strength,1,24,0.4555967102111606,0.511324283662053,0.4284682053762906,0.7546812388042702
29,beta,1,16,1.0,1.0,raw,transport_binary_strength,1,25,0.4513873952042083,0.5112327225534772,0.4288600931537194,0.7497326519877804
22,beta,1,16,1.0,1.0,raw,transport_binary_strength,1,25,0.4495771885411597,0.5283558472040628,0.4229194463284602,0.7738294277171743
32,beta,1,16,1.0,1.0,raw,transport_binary_strength,1,24,0.4532651026945423,0.5262076418909496,0.4234652745896222,0.7730474052399344
18,beta,1,16,1.0,1.0,raw,transport_binary_strength,1,25,0.4575813764626287,0.5102376208786612,0.4275507946678862,0.7614422720601374
13,beta,1,16,1.0,1.0,raw,transport_binary_strength,1,23,0.4567654806915964,0.5109007279578981,0.426419453512591,0.7643300128937395
27,beta,1,16,1.0,1.0,raw,transport_binary_strength,1,26,0.4591545276571896,0.5081943986409526,0.4231914537386244,0.7753627373330693
16,beta,1,16,1.0,1.0,raw,transport_binary_strength,1,23,0.4500320370184288,0.5175958538633729,0.4266496778839891,0.7549830867612792
8,beta,1,16,1.0,1.0,raw,transport_binary_strength,1,23,0.4495175404558056,0.5149996852239269,0.4240287446577689,0.7529748311634059
25,beta,1,16,1.0,1.0,raw,transport_binary_strength,1,23,0.4457791543584395,0.4988085168922161,0.4269062368991772,0.7623739446608895
41,beta,1,16,1.0,1.0,raw,transport_binary_strength,1,23,0.4535517820259136,0.5089942899049192,0.4260232220351325,0.7568897269018344
34,beta,1,16,1.0,1.0,raw,transport_binary_strength,1,25,0.4534018755851691,0.5385348214069207,0.4274910535210866,0.7490323124113244
38,beta,1,16,1.0,1.0,raw,transport_binary_strength,1,24,0.444487443183396,0.5270393254935817,0.4270786502240223,0.7552017136515533
24,beta,1,16,1.0,1.0,raw,transport_binary_strength,1,23,0.4470182342661153,0.5083730191034408,0.4242850271195787,0.758695397970168
44,beta,1,16,1.0,1.0,raw,transport_binary_strength,1,23,0.4461707995626707,0.5070504597717352,0.4195511356805281,0.7768004734737697
30,beta,1,16,1.0,1.0,raw,transport_binary_strength,1,25,0.462714713105738,0.512597997876062,0.4336053657694166,0.7392579938855333
14,beta,1,16,1.0,1.0,raw,transport_binary_strength,1,25,0.4474081953277789,0.5162460348743361,0.4273414723337347,0.7674714597016601
19,beta,1,16,1.0,1.0,raw,transport_binary_strength,1,25,0.4479696238801626,0.5122967871707262,0.4264317364482808,0.7541953138902077
26,beta,1,16,1.0,1.0,raw,transport_binary_strength,1,25,0.450938292309018,0.5178236738768579,0.4262350796020684,0.7675177098768691
21,beta,1,16,1.0,1.0,raw,transport_binary_strength,1,23,0.4469608451177856,0.5227219412838882,0.4229184773912173,0.7734997105440744
31,beta,1,16,1.0,1.0,raw,transport_binary_strength,1,25,0.4464031382536727,0.5291444471352249,0.4253081396749683,0.7665925242446072
45,beta,1,16,1.0,1.0,raw,transport_binary_strength,1,25,0.4497370176641559,0.5120441494742466,0.4298008855859394,0.7484273753007284
36,beta,1,16,1.0,1.0,raw,transport_binary_strength,1,23,0.459643276532829,0.5129235188509874,0.420753241540681,0.7628141470846602
20,beta,1,16,1.0,1.0,raw,transport_binary_strength,1,23,0.4391300963907707,0.5301637720185319,0.426038104635456,0.7599095813450313
28,beta,1,16,1.0,1.0,raw,transport_binary_strength,1,24,0.4564762821554099,0.5276248380291133,0.4193844572157841,0.7633723622138793
15,beta,1,16,1.0,1.0,raw,transport_binary_strength,1,25,0.4513445272002527,0.5185891202605699,0.4263245677048112,0.7534075528396619
10,beta,1,16,1.0,1.0,raw,transport_binary_strength,1,29,0.4497658093670574,0.5174241496034807,0.4294184969785239,0.7630217587927793
40,beta,1,16,1.0,1.0,raw,transport_binary_strength,1,24,0.4453721424785188,0.52561085194249,0.4268929553409706,0.7599356044869132
33,beta,1,16,1.0,1.0,raw,transport_binary_strength,1,24,0.4474878217329371,0.5122541295361671,0.4317699773647289,0.7558999058666123
11,beta,1,16,1.0,1.0,raw,transport_binary_strength,1,29,0.4548308228543085,0.4949432204818299,0.4300717802904998,0.7451265611172557
49,beta,1,16,1.0,1.0,raw,transport_binary_strength,1,24,0.4598433228781424,0.5043190803900296,0.422671255384746,0.7598985304022348
48,beta,1,16,1.0,1.0,raw,transport_binary_strength,1,24,0.4521006977098275,0.5140781847514341,0.4234161308217363,0.7577392806010748
23,beta,1,16,1.0,1.0,raw,transport_binary_strength,1,25,0.4456618929353851,0.5203673889007429,0.424228830375826,0.7632937848787266
37,beta,1,16,1.0,1.0,raw,transport_binary_strength,1,24,0.4516164067704896,0.5357707810774265,0.426193265439291,0.7584375970609009
17,beta,1,16,1.0,1.0,raw,transport_binary_strength,1,24,0.4582150118717683,0.4990504115226337,0.4241515476958541,0.7603439613194075
7,beta,1,16,1.0,1.0,raw,transport_binary_strength,1,27,0.451664131765654,0.5136898503344419,0.4255949715315917,0.744206702222597
39,beta,1,16,1.0,1.0,raw,transport_binary_strength,1,26,0.4470298678801103,0.5146562417996613,0.4310383456977854,0.7570586323997988
35,beta,1,16,1.0,1.0,raw,transport_binary_strength,1,25,0.4546483183558354,0.5255635340624774,0.428288001334674,0.7593865079181825
47,beta,1,16,1.0,1.0,raw,transport_binary_strength,1,26,0.445919810654667,0.497307308659082,0.4264361393490435,0.7649855018090724
46,beta,1,16,1.0,1.0,raw,transport_binary_strength,1,26,0.4522584653581886,0.519171022901348,0.42543256988964,0.7620550790602685
12,beta,1,16,1.0,1.0,raw,transport_binary_strength,1,24,0.4452112149615547,0.5216868500566321,0.4267748517229083,0.7656991413269901
42,beta,1,16,1.0,1.0,raw,transport_binary_strength,1,25,0.4558254376406983,0.5051302085204709,0.4290879314690146,0.7489545474940549
43,beta,1,16,1.0,1.0,raw,transport_binary_strength,1,25,0.4515789062001177,0.5345262966663639,0.4263801038028958,0.7659975225380221
9,beta,1,16,1.0,1.0,raw,transport_binary_strength,1,26,0.4492182856018319,0.531426257853977,0.427985914289344,0.7633708657100235
22,beta,1,16,1.0,1.0,raw,transport_binary_strength,1,26,0.4505514196990521,0.5202994879313201,0.426405143358941,0.760248434022165
29,beta,1,16,1.0,1.0,raw,transport_binary_strength,1,26,0.4538143603338377,0.5212511457794476,0.430545297452625,0.7527008245117197
18,beta,1,16,1.0,1.0,raw,transport_binary_strength,1,26,0.457797752637584,0.5052367068330333,0.4271048699352973,0.7697633398154914
32,beta,1,16,1.0,1.0,raw,transport_binary_strength,1,25,0.4534564614619965,0.5273448612466881,0.4227499718680166,0.7674905121615124
13,beta,1,16,1.0,1.0,raw,transport_binary_strength,1,24,0.456763523294146,0.5396541787448028,0.4233761148193116,0.7626735642138857
27,beta,1,16,1.0,1.0,raw,transport_binary_strength,1,27,0.4592385906957758,0.5213397313498189,0.4231603785421115,0.7868338929773612
8,beta,1,16,1.0,1.0,raw,transport_binary_strength,1,24,0.4518392341884635,0.5324013540213854,0.4273933026248697,0.7515731393162988
34,beta,1,16,1.0,1.0,raw,transport_binary_strength,1,26,0.4539336355486832,0.5135423991852373,0.4278239326259102,0.7479788208691923
38,beta,1,16,1.0,1.0,raw,transport_binary_strength,1,25,0.4461460510432695,0.5024115288317683,0.4308672574827533,0.7486406725648354
25,beta,1,16,1.0,1.0,raw,transport_binary_strength,1,24,0.4454751805082525,0.5132510317688838,0.4260553650025664,0.7575456235927677
24,beta,1,16,1.0,1.0,raw,transport_binary_strength,1,24,0.4478084651608189,0.512821217301639,0.4251162208799214,0.7502245815320381
41,beta,1,16,1.0,1.0,raw,transport_binary_strength,1,24,0.4532116280980998,0.5114023871083406,0.4243616709912345,0.7558971788182398
16,beta,1,16,1.0,1.0,raw,transport_binary_strength,1,24,0.4499039110272754,0.5241880322775332,0.4267339808882761,0.7524987276120307
44,beta,1,16,1.0,1.0,raw,transport_binary_strength,1,24,0.4470788157443106,0.5093098825919057,0.4245842723567762,0.7664248257162324
30,beta,1,16,1.0,1.0,raw,transport_binary_strength,1,26,0.4624295251867328,0.5070734164167916,0.4313118662202803,0.7432173143798426
14,beta,1,16,1.0,1.0,raw,transport_binary_strength,1,26,0.4478915802635866,0.5165519830320776,0.4294502123296215,0.7651036908887086
26,beta,1,16,1.0,1.0,raw,transport_binary_strength,1,26,0.4511248246137363,0.4966555487899085,0.4270252114576329,0.7656092396495532
19,beta,1,16,1.0,1.0,raw,transport_binary_strength,1,26,0.4477562857494962,0.5111060977625923,0.4262800881737919,0.745464595157792
21,beta,1,16,1.0,1.0,raw,transport_binary_strength,1,24,0.4482953241637948,0.5218236409608091,0.4253572224935736,0.7727630537771429
36,beta,1,16,1.0,1.0,raw,transport_binary_strength,1,24,0.4593930150087261,0.5251170556552962,0.4214422160674925,0.7665844268145383
45,beta,1,16,1.0,1.0,raw,transport_binary_strength,1,26,0.4490214702468527,0.5131193698764187,0.4297428268879186,0.7672677859400191
31,beta,1,16,1.0,1.0,raw,transport_binary_strength,1,26,0.4487084185108736,0.5260659746418653,0.4289798110666338,0.7681497970628746
10,beta,1,16,1.0,1.0,raw,transport_binary_strength,1,30,0.4498173415822007,0.5070862372581665,0.4301782233421122,0.7559652720580755
20,beta,1,16,1.0,1.0,raw,transport_binary_strength,1,24,0.4413181318251388,0.5054660491286659,0.4298961999551319,0.7472447204561706
28,beta,1,16,1.0,1.0,raw,transport_binary_strength,1,25,0.4563658181904366,0.5170134286751977,0.4186048569296792,0.7797329483419434
40,beta,1,16,1.0,1.0,raw,transport_binary_strength,1,25,0.4447085484544955,0.5269319746099725,0.4248756437125608,0.7623187577897799
15,beta,1,16,1.0,1.0,raw,transport_binary_strength,1,26,0.4511176237706679,0.5049370711191221,0.425376524748467,0.7499691288613068
49,beta,1,16,1.0,1.0,raw,transport_binary_strength,1,25,0.4598470170180119,0.5133641540729212,0.4225116976128741,0.7593709630226678
33,beta,1,16,1.0,1.0,raw,transport_binary_strength,1,25,0.4477407938161465,0.5130488822029784,0.4306960494084562,0.75059709287655
11,beta,1,16,1.0,1.0,raw,transport_binary_strength,1,30,0.4550157758052894,0.5265869374159371,0.4313873307315328,0.7483646500783692
37,beta,1,16,1.0,1.0,raw,transport_binary_strength,1,25,0.451829851593825,0.5218584522961632,0.4283142165947435,0.7564489943020711
48,beta,1,16,1.0,1.0,raw,transport_binary_strength,1,25,0.4521329477511777,0.5109591598948374,0.4277274771356265,0.7518042991926855
23,beta,1,16,1.0,1.0,raw,transport_binary_strength,1,26,0.4468833088935998,0.5230415702086303,0.4261442614314777,0.7643820390359298
17,beta,1,16,1.0,1.0,raw,transport_binary_strength,1,25,0.4579723808069161,0.4975829903978052,0.4240738292746521,0.7555868334566478
35,beta,1,16,1.0,1.0,raw,transport_binary_strength,1,26,0.4536953000918057,0.5148320456678501,0.426846108806328,0.7663819577533675
7,beta,1,16,1.0,1.0,raw,transport_binary_strength,1,28,0.4540300374460895,0.5239732469313043,0.4293115878859774,0.7452747855049856
47,beta,1,16,1.0,1.0,raw,transport_binary_strength,1,27,0.444513524377527,0.5162086644968564,0.4251984448508104,0.7625558694311407
42,beta,1,16,1.0,1.0,raw,transport_binary_strength,1,26,0.4548491364359638,0.5102159939950495,0.4271276865777829,0.7494122133979451
46,beta,1,16,1.0,1.0,raw,transport_binary_strength,1,27,0.4520207136121519,0.5085933909696692,0.4244737936822695,0.7595402062502395
39,beta,1,16,1.0,1.0,raw,transport_binary_strength,1,27,0.4476878908968588,0.5136912855745605,0.4323193663795922,0.7482532911286266
12,beta,1,16,1.0,1.0,raw,transport_binary_strength,1,25,0.4434857293448892,0.5122510154429453,0.423050919334685,0.7680453673594257
22,beta,1,16,1.0,1.0,raw,transport_binary_strength,1,27,0.450668748009736,0.5249539208672392,0.427220336137631,0.7629853435839925
43,beta,1,16,1.0,1.0,raw,transport_binary_strength,1,26,0.4514520774123858,0.5277981314951067,0.4272094013261903,0.7627186704287385
18,beta,1,16,1.0,1.0,raw,transport_binary_strength,1,27,0.4576874936614452,0.510973814916605,0.4279609846320762,0.7650117464491238
9,beta,1,16,1.0,1.0,raw,transport_binary_strength,1,27,0.4494638686451794,0.5089477497442891,0.4284024703816103,0.7423581386093423
29,beta,1,16,1.0,1.0,raw,transport_binary_strength,1,27,0.4538063320155267,0.5175435093674088,0.4309500093145178,0.7506773396869852
38,beta,1,16,1.0,1.0,raw,transport_binary_strength,1,26,0.44466394746753,0.5242987088398001,0.4273049275897738,0.7524234708814946
34,beta,1,16,1.0,1.0,raw,transport_binary_strength,1,27,0.454007128669001,0.5240909697131356,0.4308205145208411,0.7488479992536969
32,beta,1,16,1.0,1.0,raw,transport_binary_strength,1,26,0.4536056435786888,0.531930693069307,0.4261159543727584,0.7653593923942277
27,beta,1,16,1.0,1.0,raw,transport_binary_strength,1,28,0.4589468108693403,0.5001905271296776,0.4269980097261987,0.7703738958374584
13,beta,1,16,1.0,1.0,raw,transport_binary_strength,1,25,0.4568162559128359,0.5230271460884562,0.4253444881308086,0.761411690416582
14,beta,1,16,1.0,1.0,raw,transport_binary_strength,1,27,0.4477241531187693,0.5078315220451601,0.428122757815316,0.7725824313221162
25,beta,1,16,1.0,1.0,raw,transport_binary_strength,1,25,0.4447433783460147,0.5318686114310395,0.424129062817511,0.7627079708902011
30,beta,1,16,1.0,1.0,raw,transport_binary_strength,1,27,0.4624762954307744,0.5136876874062968,0.4322978578453543,0.7343213416576848
24,beta,1,16,1.0,1.0,raw,transport_binary_strength,1,25,0.4480833050418812,0.5096161673721915,0.425359026643435,0.7476633890832053
8,beta,1,16,1.0,1.0,raw,transport_binary_strength,1,25,0.4512320309123065,0.5168647334573067,0.4265856013487696,0.7463087446912204
26,beta,1,16,1.0,1.0,raw,transport_binary_strength,1,27,0.4511048238232092,0.5005215218651188,0.4270521148653838,0.7704320997389545
41,beta,1,16,1.0,1.0,raw,transport_binary_strength,1,25,0.4538494764004955,0.4986678943485613,0.4278180637095365,0.7614739738003385
16,beta,1,16,1.0,1.0,raw,transport_binary_strength,1,25,0.4483741782005144,0.5175754169607132,0.4237620042827879,0.765971325395479
44,beta,1,16,1.0,1.0,raw,transport_binary_strength,1,25,0.4468010401043871,0.5130839778998108,0.4231251630965895,0.7680331225182198
19,beta,1,16,1.0,1.0,raw,transport_binary_strength,1,27,0.4478657290600807,0.5213766119254932,0.4265675240524714,0.7442802885345378
21,beta,1,16,1.0,1.0,raw,transport_binary_strength,1,25,0.449216527518704,0.519275881444023,0.4291543948014605,0.7697405515762501
31,beta,1,16,1.0,1.0,raw,transport_binary_strength,1,27,0.4485765593771593,0.5081470242439319,0.4288722888168166,0.7590056433297195
36,beta,1,16,1.0,1.0,raw,transport_binary_strength,1,25,0.4590307658674227,0.5276125673249551,0.4237596307070842,0.761450326671791
28,beta,1,16,1.0,1.0,raw,transport_binary_strength,1,26,0.456426872955013,0.5278394515596709,0.4184225773732261,0.7711595629701025
45,beta,1,16,1.0,1.0,raw,transport_binary_strength,1,27,0.4486551647073514,0.5064567255306311,0.4298349647636461,0.7595026349540769
20,beta,1,16,1.0,1.0,raw,transport_binary_strength,1,25,0.4396468858594047,0.5322873550716116,0.4273349865672129,0.7441984948664414
49,beta,1,16,1.0,1.0,raw,transport_binary_strength,1,26,0.4596599557898242,0.4826761942761798,0.4192483157474942,0.757546904846029
15,beta,1,16,1.0,1.0,raw,transport_binary_strength,1,27,0.4515134500969364,0.5301748331910319,0.4263477581383516,0.7461576642517044
40,beta,1,16,1.0,1.0,raw,transport_binary_strength,1,26,0.4465208223940589,0.521538187009279,0.4289486341258379,0.76165697271846
33,beta,1,16,1.0,1.0,raw,transport_binary_strength,1,26,0.4481383724957388,0.5356924536498017,0.4342796468019591,0.7587201104056573
42,beta,1,16,1.0,1.0,raw,transport_binary_strength,1,27,0.4556652423894055,0.5206090268935812,0.4294538382790943,0.7507581170119869
46,beta,1,16,1.0,1.0,raw,transport_binary_strength,1,28,0.4522069147578001,0.5280794629863664,0.4255958468442051,0.7565698264054674
23,beta,1,16,1.0,1.0,raw,transport_binary_strength,1,27,0.4469068162435832,0.5121354856100551,0.4261107088805075,0.7655210979053303
37,beta,1,16,1.0,1.0,raw,transport_binary_strength,1,26,0.4523681699917611,0.5293265310335573,0.4301681084874133,0.7465720424484286
7,beta,1,16,1.0,1.0,raw,transport_binary_strength,1,29,0.4516156478808871,0.5338392700423605,0.4246735995377756,0.7412652570778084
48,beta,1,16,1.0,1.0,raw,transport_binary_strength,1,26,0.4522487290218496,0.5255709996414913,0.4244585227236923,0.7598243736956436
47,beta,1,16,1.0,1.0,raw,transport_binary_strength,1,28,0.4449613257275759,0.4919092046008325,0.4254041629314962,0.763055120813643
35,beta,1,16,1.0,1.0,raw,transport_binary_strength,1,27,0.4550866875231795,0.533025342941869,0.4306003237936146,0.764065417977734
17,beta,1,16,1.0,1.0,raw,transport_binary_strength,1,26,0.4578306266138539,0.5005432098765432,0.4256486598761447,0.7496113013403995
22,beta,1,16,1.0,1.0,raw,transport_binary_strength,1,28,0.4506945210926844,0.5450299734626487,0.4275203848880867,0.7654944340947385
39,beta,1,16,1.0,1.0,raw,transport_binary_strength,1,28,0.4474731197222407,0.5180148023569264,0.4321924022857161,0.7588542540108446
18,beta,1,16,1.0,1.0,raw,transport_binary_strength,1,28,0.4577593424274431,0.5071518648080039,0.4283930962366025,0.7651582728861085
38,beta,1,16,1.0,1.0,raw,transport_binary_strength,1,27,0.4463454196329557,0.5037412440922889,0.4308324298750789,0.7579871896348742
43,beta,1,16,1.0,1.0,raw,transport_binary_strength,1,27,0.4515248358835452,0.516989466530751,0.4273092343131806,0.7580926983690042
12,beta,1,16,1.0,1.0,raw,transport_binary_strength,1,26,0.4462534349774142,0.5184309310593799,0.4282570175947657,0.7536354386519728
34,beta,1,16,1.0,1.0,raw,transport_binary_strength,1,28,0.4541185437380608,0.5191505613618177,0.429238188518322,0.753213558208149
29,beta,1,16,1.0,1.0,raw,transport_binary_strength,1,28,0.4537302940072414,0.5282298879783156,0.4317741877843901,0.7517017963696404
9,beta,1,16,1.0,1.0,raw,transport_binary_strength,1,28,0.4488745988202938,0.5238106400077931,0.4285377552365189,0.7514656482388564
30,beta,1,16,1.0,1.0,raw,transport_binary_strength,1,28,0.4625786643531668,0.514767616191904,0.4322134678749346,0.7409892962940368
26,beta,1,16,1.0,1.0,raw,transport_binary_strength,1,28,0.4510847725947743,0.5155110809414518,0.4272168133102784,0.7679401001256886
27,beta,1,16,1.0,1.0,raw,transport_binary_strength,1,29,0.4590422411214426,0.5297499452667518,0.4243523304857859,0.7759393975645172
14,beta,1,16,1.0,1.0,raw,transport_binary_strength,1,28,0.4480098546106573,0.4987259042363496,0.4286976944739721,0.7761506703206413
32,beta,1,16,1.0,1.0,raw,transport_binary_strength,1,27,0.452998308031236,0.5252015060660995,0.4216347292759486,0.7748595772467469
25,beta,1,16,1.0,1.0,raw,transport_binary_strength,1,26,0.4458497136514567,0.5188987666762646,0.4275655369689085,0.7530919972556419
13,beta,1,16,1.0,1.0,raw,transport_binary_strength,1,26,0.4567273099281798,0.5164604903616321,0.4238092268848476,0.7621131181963245
24,beta,1,16,1.0,1.0,raw,transport_binary_strength,1,26,0.4480239237034472,0.5096935037447086,0.4266108558829437,0.765526046986721
8,beta,1,16,1.0,1.0,raw,transport_binary_strength,1,26,0.4522940646277417,0.5204661954710987,0.4292071171403773,0.7457634198983499
16,beta,1,16,1.0,1.0,raw,transport_binary_strength,1,26,0.4497925452358799,0.5312767635610025,0.4266211773264933,0.7505331911490268
41,beta,1,16,1.0,1.0,raw,transport_binary_strength,1,26,0.4539636710216242,0.5270884386972163,0.4277474910867621,0.7656205767255974
44,beta,1,16,1.0,1.0,raw,transport_binary_strength,1,26,0.4476788706498339,0.5159951831199769,0.4261967617639119,0.7647110640084234
19,beta,1,16,1.0,1.0,raw,transport_binary_strength,1,28,0.4476894885600425,0.4990156232778573,0.4258976873373551,0.7564661939287926
31,beta,1,16,1.0,1.0,raw,transport_binary_strength,1,28,0.4474010845434219,0.5103463254098086,0.4273785195162493,0.7638753589639846
21,beta,1,16,1.0,1.0,raw,transport_binary_strength,1,26,0.4492862153185862,0.5149171231914595,0.4282682909948122,0.7651248428545492
15,beta,1,16,1.0,1.0,raw,transport_binary_strength,1,28,0.4510386546902893,0.5220165438657518,0.4247661003038568,0.756258907789461
28,beta,1,16,1.0,1.0,raw,transport_binary_strength,1,27,0.4564615595239412,0.4988976209231009,0.4191167698423853,0.7817985963912905
36,beta,1,16,1.0,1.0,raw,transport_binary_strength,1,26,0.4590330382177298,0.5158154398563735,0.4237672612660899,0.7624840438673548
20,beta,1,16,1.0,1.0,raw,transport_binary_strength,1,26,0.4395519399807769,0.5140482055925307,0.4281603464446123,0.7535336968109991
46,beta,1,16,1.0,1.0,raw,transport_binary_strength,1,29,0.4520539582578247,0.5169866225298714,0.4260693196817893,0.7662137153969741
49,beta,1,16,1.0,1.0,raw,transport_binary_strength,1,27,0.4598105927988175,0.5219231745801444,0.4218949560461099,0.7640892234097759
45,beta,1,16,1.0,1.0,raw,transport_binary_strength,1,28,0.4471765454468035,0.5296075835757232,0.4279451068866746,0.7663048261852404
42,beta,1,16,1.0,1.0,raw,transport_binary_strength,1,28,0.4561367573705944,0.5127405948899125,0.4302998947203266,0.7524267337633874
47,beta,1,16,1.0,1.0,raw,transport_binary_strength,1,29,0.4433212768049422,0.5034882666504877,0.4231308858059211,0.7659810627115113
40,beta,1,16,1.0,1.0,raw,transport_binary_strength,1,27,0.4463387092338277,0.5172756067094932,0.4290972557077461,0.7557884988228778
33,beta,1,16,1.0,1.0,raw,transport_binary_strength,1,27,0.4481863681053856,0.5071983101186495,0.4338058777581098,0.7514488498777855
22,beta,1,16,1.0,1.0,raw,transport_binary_strength,1,29,0.4507229375559407,0.50719997462564,0.4280075524724414,0.7584585739040893
7,beta,1,16,1.0,1.0,raw,transport_binary_strength,1,30,0.4512375622776153,0.5157041062118325,0.4251143280693056,0.7489436867143088
37,beta,1,16,1.0,1.0,raw,transport_binary_strength,1,27,0.4519358685231505,0.5209759080915368,0.4268769855090053,0.7480843766623572
23,beta,1,16,1.0,1.0,raw,transport_binary_strength,1,28,0.4470721163532068,0.530335704066187,0.4275932427550852,0.7787585670522315
35,beta,1,16,1.0,1.0,raw,transport_binary_strength,1,28,0.4548783907710216,0.5298507462686567,0.4303315104854211,0.7673127368929994
48,beta,1,16,1.0,1.0,raw,transport_binary_strength,1,27,0.4521523428103567,0.510261188456023,0.4250570490358155,0.7633145454824689
17,beta,1,16,1.0,1.0,raw,transport_binary_strength,1,27,0.4583962101144722,0.5221927297668039,0.4234583423735489,0.76238450023229
18,beta,1,16,1.0,1.0,raw,transport_binary_strength,1,29,0.457832188882683,0.507563340263555,0.4274126698153435,0.7628327957800386
39,beta,1,16,1.0,1.0,raw,transport_binary_strength,1,29,0.4480570824415711,0.5114798778596819,0.4326996563222202,0.7523357580077142
38,beta,1,16,1.0,1.0,raw,transport_binary_strength,1,28,0.4458509502614234,0.5257059351406325,0.4295994928572323,0.755743343549386
43,beta,1,16,1.0,1.0,raw,transport_binary_strength,1,28,0.4512409801321372,0.5244934279360658,0.4269170398592629,0.7659665542632992
34,beta,1,16,1.0,1.0,raw,transport_binary_strength,1,29,0.4542051299749466,0.5185225150949344,0.4301209257831417,0.756710460911687
26,beta,1,16,1.0,1.0,raw,transport_binary_strength,1,29,0.4508955633710828,0.5162510687353234,0.4254959620565454,0.7799369088850748
30,beta,1,16,1.0,1.0,raw,transport_binary_strength,1,29,0.4625889563713802,0.5235319840079959,0.433862585632532,0.7395128763074587
12,beta,1,16,1.0,1.0,raw,transport_binary_strength,1,27,0.4464663731374303,0.5203618980485017,0.4279113473100386,0.7615752421677885
14,beta,1,16,1.0,1.0,raw,transport_binary_strength,1,29,0.4472389546400998,0.5194789496405579,0.4278702367717505,0.7803476379298907
27,beta,1,16,1.0,1.0,raw,transport_binary_strength,1,30,0.4592237132590471,0.5374313063094271,0.4234950783070879,0.7763971162519526
29,beta,1,16,1.0,1.0,raw,transport_binary_strength,1,29,0.4525955658839158,0.5440765849570881,0.4290784681145246,0.7448043918224599
9,beta,1,16,1.0,1.0,raw,transport_binary_strength,1,29,0.4490071669157366,0.5078965953923336,0.4280932240632241,0.7488898923498242
32,beta,1,16,1.0,1.0,raw,transport_binary_strength,1,28,0.4532095567141319,0.5272678148096499,0.423982653595913,0.7689055427633497
25,beta,1,16,1.0,1.0,raw,transport_binary_strength,1,27,0.4442317630929465,0.5075939239610328,0.4224663757453895,0.7655101838012083
19,beta,1,16,1.0,1.0,raw,transport_binary_strength,1,29,0.4481871660492227,0.5272942383996474,0.427499802600525,0.7481590430184136
41,beta,1,16,1.0,1.0,raw,transport_binary_strength,1,27,0.4528367835958119,0.5242183991119712,0.4249411878845184,0.7622516027864894
24,beta,1,16,1.0,1.0,raw,transport_binary_strength,1,27,0.4491108972196957,0.5052453055465103,0.4277406108523576,0.7556864181481138
31,beta,1,16,1.0,1.0,raw,transport_binary_strength,1,29,0.4487908522996617,0.5092192178834761,0.430041358200794,0.7618847565247916
13,beta,1,16,1.0,1.0,raw,transport_binary_strength,1,27,0.4568642531251653,0.5140418073108706,0.428018780221639,0.7570114929724943
8,beta,1,16,1.0,1.0,raw,transport_binary_strength,1,27,0.4523767179291553,0.5123776610684952,0.4289210158900164,0.7575642275290677
15,beta,1,16,1.0,1.0,raw,transport_binary_strength,1,29,0.4505606470174438,0.5031079040571735,0.4233603818986699,0.7525605798669126
16,beta,1,16,1.0,1.0,raw,transport_binary_strength,1,27,0.4501876830408205,0.5071142774117939,0.4264217423937165,0.7532443296506214
44,beta,1,16,1.0,1.0,raw,transport_binary_strength,1,27,0.4471343401668374,0.5162207226528281,0.4246807926201284,0.76918239751151
47,beta,1,16,1.0,1.0,raw,transport_binary_strength,1,30,0.4451488729650975,0.5203933449587143,0.4255618133640226,0.7640956749082659
46,beta,1,16,1.0,1.0,raw,transport_binary_strength,1,30,0.4527639232929605,0.5193113439223346,0.4269401108554848,0.760157772023434
42,beta,1,16,1.0,1.0,raw,transport_binary_strength,1,29,0.4552915997443899,0.5287430172524739,0.4293585124730235,0.7471264724865478
21,beta,1,16,1.0,1.0,raw,transport_binary_strength,1,27,0.4490250377120433,0.5061732687175164,0.4278294879948321,0.7748598108431217
23,beta,1,16,1.0,1.0,raw,transport_binary_strength,1,29,0.4455552192560804,0.5256552178976173,0.4244427597097483,0.7736524351473544
28,beta,1,16,1.0,1.0,raw,transport_binary_strength,1,28,0.4564980061467678,0.5169292004449946,0.4195537816822043,0.779104654226684
22,beta,1,16,1.0,1.0,raw,transport_binary_strength,1,30,0.4506878754483686,0.514539508230808,0.4279507303222101,0.7566507415843882
20,beta,1,16,1.0,1.0,raw,transport_binary_strength,1,27,0.441460715790471,0.5263483778603514,0.4310813145435689,0.7480929716040756
35,beta,1,16,1.0,1.0,raw,transport_binary_strength,1,29,0.4552103922758815,0.5161117144401873,0.4298637375505715,0.7644518286372806
36,beta,1,16,1.0,1.0,raw,transport_binary_strength,1,27,0.4591211318142086,0.5177576301615798,0.4237682106808709,0.7625061765674755
49,beta,1,16,1.0,1.0,raw,transport_binary_strength,1,28,0.4599136198614166,0.5094664956357438,0.422249698250337,0.7596697683534102
45,beta,1,16,1.0,1.0,raw,transport_binary_strength,1,29,0.4476232639695596,0.4950807615994428,0.4280124961998525,0.76337682777236
18,beta,1,16,1.0,1.0,raw,transport_binary_strength,1,30,0.4565051221205025,0.5040506164385684,0.4265194713982135,0.7699898213663703
40,beta,1,16,1.0,1.0,raw,transport_binary_strength,1,28,0.4469395077435838,0.5245497476292444,0.4288311314073487,0.7593882426256752
39,beta,1,16,1.0,1.0,raw,transport_binary_strength,1,30,0.4480930154949893,0.501910231637205,0.4332177877739475,0.7481348524232769
43,beta,1,16,1.0,1.0,raw,transport_binary_strength,1,29,0.4509816449896227,0.5083843858391955,0.4262563347275831,0.7717369761200192
38,beta,1,16,1.0,1.0,raw,transport_binary_strength,1,29,0.4465796361509053,0.4976108558221148,0.4309895295510926,0.7573957883410246
37,beta,1,16,1.0,1.0,raw,transport_binary_strength,1,28,0.4524669966859674,0.5187214850483592,0.429437425842412,0.7408142774034269
33,beta,1,16,1.0,1.0,raw,transport_binary_strength,1,28,0.4482085437656547,0.5094092687947868,0.4335138230072369,0.7507952320938587
26,beta,1,16,1.0,1.0,raw,transport_binary_strength,1,30,0.4509195390007162,0.5233055957338673,0.4263017430320629,0.7674962818001231
48,beta,1,16,1.0,1.0,raw,transport_binary_strength,1,28,0.4520550625248732,0.5270991425669216,0.4267596456457786,0.747174058090465
30,beta,1,16,1.0,1.0,raw,transport_binary_strength,1,30,0.4623741455503367,0.5092789542728635,0.4317240742242235,0.7462425179129468
17,beta,1,16,1.0,1.0,raw,transport_binary_strength,1,28,0.4576223577450722,0.5130109739368999,0.4294366971573191,0.7520627355162861
34,beta,1,16,1.0,1.0,raw,transport_binary_strength,1,30,0.4541319478031383,0.4954563641213415,0.4291713215134159,0.7532944889147557
14,beta,1,16,1.0,1.0,raw,transport_binary_strength,1,30,0.4480344502888902,0.5170591437205548,0.430096864768448,0.7694990074049124
19,beta,1,16,1.0,1.0,raw,transport_binary_strength,1,30,0.4462005393883776,0.5325130193982145,0.424027163270864,0.7562262408682144
31,beta,1,16,1.0,1.0,raw,transport_binary_strength,1,30,0.4465996894540232,0.5135217209133498,0.4277469859593928,0.7662723290753426
12,beta,1,16,1.0,1.0,raw,transport_binary_strength,1,28,0.4438950751461327,0.5212601415974021,0.4253467477635789,0.7702320960833786
42,beta,1,16,1.0,1.0,raw,transport_binary_strength,1,30,0.4550555636989735,0.5142444456493833,0.4282979518413001,0.7597704422377998
15,beta,1,16,1.0,1.0,raw,transport_binary_strength,1,30,0.4509813310941855,0.5152232947538185,0.4251524805969456,0.7616334178179245
29,beta,1,16,1.0,1.0,raw,transport_binary_strength,1,30,0.4535532440433296,0.5220343597702088,0.4313681074479987,0.7483030803367714
9,beta,1,16,1.0,1.0,raw,transport_binary_strength,1,30,0.4476665049604936,0.5199180507525205,0.4266086378751679,0.7453727540410562
38,beta,1,16,1.0,1.0,raw,transport_binary_strength,1,30,0.4464794896243158,0.5081112630891758,0.4311982040812863,0.7571701809749959
35,beta,1,16,1.0,1.0,raw,transport_binary_strength,1,30,0.455024028395129,0.5047977339271963,0.4298584684613573,0.7677512753825797
23,beta,1,16,1.0,1.0,raw,transport_binary_strength,1,30,0.4470772325639294,0.5216519724929884,0.4267526447323693,0.7633519950235492
25,beta,1,16,1.0,1.0,raw,transport_binary_strength,1,28,0.4437744785327049,0.5333442808810827,0.4219978824659526,0.758945368759512
32,beta,1,16,1.0,1.0,raw,transport_binary_strength,1,29,0.4536960226588791,0.5244484730163157,0.4273367823672601,0.7535936495786117
43,beta,1,16,1.0,1.0,raw,transport_binary_strength,1,30,0.4517253931718872,0.535437335782508,0.4284778387054348,0.7522976739384764
41,beta,1,16,1.0,1.0,raw,transport_binary_strength,1,28,0.4539464870352667,0.5267533040280501,0.4284038269199279,0.7664459076905997
13,beta,1,16,1.0,1.0,raw,transport_binary_strength,1,28,0.4568283250035018,0.5221226227997319,0.4261963247249029,0.7635795025745706
24,beta,1,16,1.0,1.0,raw,transport_binary_strength,1,28,0.4471965053406023,0.5303531694344947,0.4260779930365507,0.7640925771160704
8,beta,1,16,1.0,1.0,raw,transport_binary_strength,1,28,0.4517767678327593,0.510617033743995,0.4279077257016566,0.7558144189932465
44,beta,1,16,1.0,1.0,raw,transport_binary_strength,1,28,0.4475354209659188,0.4976878841639699,0.4258920192995881,0.7631253053836995
16,beta,1,16,1.0,1.0,raw,transport_binary_strength,1,28,0.4497213951575392,0.544193844021727,0.4270694563712368,0.7615151976788874
21,beta,1,16,1.0,1.0,raw,transport_binary_strength,1,28,0.4491640638153351,0.5163495575221239,0.4277209101260281,0.7648662165541386
45,beta,1,16,1.0,1.0,raw,transport_binary_strength,1,30,0.4466486010557408,0.5182787468369249,0.4266360216044328,0.7651576222263825
28,beta,1,16,1.0,1.0,raw,transport_binary_strength,1,29,0.4564017663962044,0.5182023943727456,0.4184191407327621,0.7759093495255374
49,beta,1,16,1.0,1.0,raw,transport_binary_strength,1,29,0.459884880240777,0.5152391190368628,0.4229050001248416,0.7624820233744437
36,beta,1,16,1.0,1.0,raw,transport_binary_strength,1,28,0.4595016972995082,0.5191809694793537,0.4226721014974308,0.7714917096738771
20,beta,1,16,1.0,1.0,raw,transport_binary_strength,1,28,0.4384104247647972,0.5050746983843277,0.4268693232682473,0.7646237951521286
37,beta,1,16,1.0,1.0,raw,transport_binary_strength,1,29,0.4519911918995113,0.5171060678784876,0.4294554343811198,0.7580279092675564
33,beta,1,16,1.0,1.0,raw,transport_binary_strength,1,29,0.4482091089480549,0.5104756001758546,0.4321477336338176,0.745272360304085
40,beta,1,16,1.0,1.0,raw,transport_binary_strength,1,29,0.4467068809434903,0.5201622565514428,0.4295699218792625,0.7527942805705581
17,beta,1,16,1.0,1.0,raw,transport_binary_strength,1,29,0.4578894683922214,0.5139200960219478,0.4253367106983472,0.7592608014866562
48,beta,1,16,1.0,1.0,raw,transport_binary_strength,1,29,0.4520426682085987,0.5186394598470363,0.4289800889567533,0.7526257770679008
12,beta,1,16,1.0,1.0,raw,transport_binary_strength,1,29,0.446071396382874,0.5193356761806343,0.4288329035679847,0.7530153241164055
25,beta,1,16,1.0,1.0,raw,transport_binary_strength,1,29,0.4460284684711267,0.5146892096170458,0.4279498946460621,0.7596352018382844
41,beta,1,16,1.0,1.0,raw,transport_binary_strength,1,29,0.4540834156635331,0.5234731695494078,0.4297839316619575,0.7724391843135079
13,beta,1,16,1.0,1.0,raw,transport_binary_strength,1,29,0.4569277850028671,0.514843349400845,0.4289627552159657,0.7610155490700077
32,beta,1,16,1.0,1.0,raw,transport_binary_strength,1,30,0.4532293659906191,0.5223549714126342,0.4229986802648694,0.7693987114510478
21,beta,1,16,1.0,1.0,raw,transport_binary_strength,1,29,0.4493497077127238,0.5333835510605422,0.4283481009636607,0.7693704247979802
49,beta,1,16,1.0,1.0,raw,transport_binary_strength,1,30,0.4597417710176112,0.5172535687316782,0.4220446669286459,0.7690552230895782
24,beta,1,16,1.0,1.0,raw,transport_binary_strength,1,29,0.4483571954259757,0.5122506919570172,0.4270881404451103,0.7579043757286863
37,beta,1,16,1.0,1.0,raw,transport_binary_strength,1,30,0.4520956877882268,0.5080522481652371,0.428809256782271,0.7560998344646872
33,beta,1,16,1.0,1.0,raw,transport_binary_strength,1,30,0.4478804015478804,0.5061916015674908,0.4328592454200723,0.7606940809878516
8,beta,1,16,1.0,1.0,raw,transport_binary_strength,1,29,0.4516358240120169,0.5187815381411747,0.4282231608162738,0.7516655642971524
44,beta,1,16,1.0,1.0,raw,transport_binary_strength,1,29,0.4471596338212175,0.5217179131417724,0.4245825877509092,0.7694139729817149
16,beta,1,16,1.0,1.0,raw,transport_binary_strength,1,29,0.4476329844022883,0.5099974773198279,0.4238450534797419,0.7664228067320576
17,beta,1,16,1.0,1.0,raw,transport_binary_strength,1,30,0.4577993638429184,0.5158347050754458,0.4271070155889201,0.7580559905019185
28,beta,1,16,1.0,1.0,raw,transport_binary_strength,1,30,0.4564721853289264,0.5053730872611203,0.4202055571689289,0.7671307753008347
36,beta,1,16,1.0,1.0,raw,transport_binary_strength,1,29,0.4590343042365928,0.5300477558348294,0.4241425714537722,0.7632938604919293
40,beta,1,16,1.0,1.0,raw,transport_binary_strength,1,30,0.4454048295257684,0.5134342816355665,0.4274077365818989,0.7660137100124635
25,beta,1,16,1.0,1.0,raw,transport_binary_strength,1,30,0.4454018352645453,0.5135955795901718,0.42603455454417,0.7543185184277659
20,beta,1,16,1.0,1.0,raw,transport_binary_strength,1,29,0.4418209119981589,0.509875267514875,0.429713387143003,0.7586899642054408
41,beta,1,16,1.0,1.0,raw,transport_binary_strength,1,30,0.4539241156944102,0.4912780655764535,0.4288514413191849,0.7667342011046044
13,beta,1,16,1.0,1.0,raw,transport_binary_strength,1,30,0.4567376032985951,0.519890956050558,0.4274175855602299,0.7635669708623768
21,beta,1,16,1.0,1.0,raw,transport_binary_strength,1,30,0.4481880969819037,0.5106724961370979,0.4266137375293659,0.77273804752558
48,beta,1,16,1.0,1.0,raw,transport_binary_strength,1,30,0.4523122832532455,0.5179963850382409,0.4262889494957394,0.7742836811901362
12,beta,1,16,1.0,1.0,raw,transport_binary_strength,1,30,0.4456597028705134,0.4965610104127814,0.4269034968480687,0.7568752277305321
24,beta,1,16,1.0,1.0,raw,transport_binary_strength,1,30,0.4498484634518179,0.521430655052643,0.4290851532581461,0.751930954076
8,beta,1,16,1.0,1.0,raw,transport_binary_strength,1,30,0.4515924021446234,0.5361393198899738,0.4283227923069673,0.7526232333078048
16,beta,1,16,1.0,1.0,raw,transport_binary_strength,1,30,0.4492016167068516,0.5173145271251984,0.4256645532678542,0.7586179616171618
44,beta,1,16,1.0,1.0,raw,transport_binary_strength,1,30,0.4479269776894816,0.5055109510854425,0.4267072669502231,0.7627363067669587
20,beta,1,16,1.0,1.0,raw,transport_binary_strength,1,30,0.4415488561316296,0.5150300733755085,0.4301878530170278,0.7530448596458518
36,beta,1,16,1.0,1.0,raw,transport_binary_strength,1,30,0.4588364383016483,0.5097026929982047,0.42550583777586237,0.7603037155484792
