seed,model_type,n_samples,pre_revision,j_percentage,train_retention,baseline_embedding_type,pre_population_match,pre_population_match_version,mirt_dim,rmse_mirt,auc_mirt,val_rmse_mirt,val_auc_mirt
0,bernoulli,1,32,0.3,1.0,raw,transport_binary_strength,1,2,0.4520860633093799,0.4862180114134087,0.4515548335813856,0.7611900154798762
2,bernoulli,1,32,0.3,1.0,raw,transport_binary_strength,1,2,0.4387735665070206,0.5192324661677055,0.452853565473231,0.7388721258880147
1,bernoulli,1,32,0.3,1.0,raw,transport_binary_strength,1,2,0.4624807901517057,0.5277406083361627,0.4584211424319157,0.6968141215548971
0,bernoulli,1,32,0.3,1.0,raw,transport_binary_strength,1,3,0.4517664438916502,0.5120129952968592,0.453146374954663,0.7642917956656347
2,bernoulli,1,32,0.3,1.0,raw,transport_binary_strength,1,3,0.4387027182737646,0.535212058495576,0.4520313778773897,0.7375219616530441
1,bernoulli,1,32,0.3,1.0,raw,transport_binary_strength,1,3,0.4626463716451462,0.5369741633547029,0.458767291738392,0.6959837058981955
8,bernoulli,1,32,0.3,1.0,raw,transport_binary_strength,1,2,0.4487935915311778,0.498725825326435,0.4605549340032369,0.7346188305870438
2,bernoulli,1,32,0.3,1.0,raw,transport_binary_strength,1,4,0.4404848322210875,0.5118563441067232,0.4437475815559355,0.7295890306317317
0,bernoulli,1,32,0.3,1.0,raw,transport_binary_strength,1,4,0.4518631267702501,0.509299971934241,0.4492116015321598,0.7803676470588236
1,bernoulli,1,32,0.3,1.0,raw,transport_binary_strength,1,4,0.4621932816933696,0.555757491029405,0.4515230702803731,0.6746397791543227
8,bernoulli,1,32,0.3,1.0,raw,transport_binary_strength,1,3,0.4477441551619341,0.5546701773835919,0.4568893668842093,0.7285594639865998
2,bernoulli,1,32,0.3,1.0,raw,transport_binary_strength,1,5,0.4384400792226153,0.5249801458378456,0.4491769854163016,0.7593136505996486
1,bernoulli,1,32,0.3,1.0,raw,transport_binary_strength,1,5,0.4624586866588063,0.4673130820900987,0.4521761364619525,0.7081724870574858
0,bernoulli,1,32,0.3,1.0,raw,transport_binary_strength,1,5,0.4515415345179119,0.5098527823372824,0.4527990385520065,0.7694794891640866
8,bernoulli,1,32,0.3,1.0,raw,transport_binary_strength,1,4,0.4483120766136077,0.5253102673072185,0.4584013787245529,0.737733239842624
2,bernoulli,1,32,0.3,1.0,raw,transport_binary_strength,1,6,0.4392879090741674,0.496670918265027,0.4517538602386444,0.738610495760446
1,bernoulli,1,32,0.3,1.0,raw,transport_binary_strength,1,6,0.462376723742875,0.5243920299840893,0.457046345518513,0.6825923182811144
0,bernoulli,1,32,0.3,1.0,raw,transport_binary_strength,1,6,0.4516667710928192,0.5016754407599867,0.4495728962646929,0.7729643962848297
6,bernoulli,1,32,0.3,1.0,raw,transport_binary_strength,1,2,0.4547472393472184,0.5055867346938776,0.4440635600872661,0.7475094557597051
8,bernoulli,1,32,0.3,1.0,raw,transport_binary_strength,1,5,0.448525565667984,0.5399613513180586,0.4587841165210231,0.7345136535390129
2,bernoulli,1,32,0.3,1.0,raw,transport_binary_strength,1,7,0.4394033107074617,0.545287544421181,0.45044732642594,0.7287258421816515
1,bernoulli,1,32,0.3,1.0,raw,transport_binary_strength,1,7,0.4623933527393609,0.5222583930818238,0.4570140672371739,0.7108058772481073
0,bernoulli,1,32,0.3,1.0,raw,transport_binary_strength,1,7,0.4515366998977612,0.5278999158027232,0.4487691536750007,0.7632623839009287
6,bernoulli,1,32,0.3,1.0,raw,transport_binary_strength,1,3,0.4546760780499139,0.5232312925170068,0.45822514174592,0.7454185063856051
8,bernoulli,1,32,0.3,1.0,raw,transport_binary_strength,1,6,0.4486663241194985,0.5206254619364376,0.4585761344684759,0.7400919325308714
2,bernoulli,1,32,0.3,1.0,raw,transport_binary_strength,1,8,0.4401289257631784,0.5404944689111897,0.4538301046193335,0.7322931785195935
1,bernoulli,1,32,0.3,1.0,raw,transport_binary_strength,1,8,0.4626785790576504,0.5142963658271921,0.4582385232427879,0.7003302959571475
0,bernoulli,1,32,0.3,1.0,raw,transport_binary_strength,1,8,0.4514174515498643,0.5408867078864782,0.4495865850033455,0.7595510835913313
6,bernoulli,1,32,0.3,1.0,raw,transport_binary_strength,1,4,0.4552914851934719,0.5053344671201814,0.4530900086671295,0.7419645824431467
2,bernoulli,1,32,0.3,1.0,raw,transport_binary_strength,1,9,0.4404111464968606,0.5499643026175407,0.4540262959769458,0.7315178366816897
8,bernoulli,1,32,0.3,1.0,raw,transport_binary_strength,1,7,0.4487109091795165,0.4685074833702882,0.4593003828729404,0.7402243777024657
1,bernoulli,1,32,0.3,1.0,raw,transport_binary_strength,1,9,0.463007787371208,0.5264690805722541,0.4588491362325921,0.6999412724062601
0,bernoulli,1,32,0.3,1.0,raw,transport_binary_strength,1,9,0.4515001498145006,0.5187785441525417,0.447548705892191,0.7739434984520124
6,bernoulli,1,32,0.3,1.0,raw,transport_binary_strength,1,5,0.4556175276846052,0.5022250566893425,0.454102809453093,0.7455648926237162
2,bernoulli,1,32,0.3,1.0,raw,transport_binary_strength,1,10,0.4411063230251593,0.5256700278359364,0.4555106501993451,0.7641242074707815
8,bernoulli,1,32,0.3,1.0,raw,transport_binary_strength,1,8,0.4492644411153096,0.5090231584134023,0.460522836926593,0.7425304818666977
18,bernoulli,1,32,0.3,1.0,raw,transport_binary_strength,1,2,0.4583854988784927,0.5061331338818249,0.4567181908848433,0.7424792430219982
22,bernoulli,1,32,0.3,1.0,raw,transport_binary_strength,1,2,0.4379212871504966,0.5180517082179132,0.448713383230015,0.7324959830701101
1,bernoulli,1,32,0.3,1.0,raw,transport_binary_strength,1,10,0.4631396078722301,0.5062278231577826,0.4593592472359755,0.6968721010264236
25,bernoulli,1,32,0.3,1.0,raw,transport_binary_strength,1,2,0.443050983068867,0.5154655836890307,0.4633907883369808,0.7467703349282296
20,bernoulli,1,32,0.3,1.0,raw,transport_binary_strength,1,2,0.4651785374210723,0.5086551490514906,0.4518501170946015,0.7513901760889713
0,bernoulli,1,32,0.3,1.0,raw,transport_binary_strength,1,10,0.4512927731454128,0.5203051513424788,0.4496654280016763,0.7766640866873065
29,bernoulli,1,32,0.3,1.0,raw,transport_binary_strength,1,2,0.4386887918201366,0.5290355246796375,0.4507315001645157,0.73450233281493
6,bernoulli,1,32,0.3,1.0,raw,transport_binary_strength,1,6,0.4555358058714445,0.4985912698412698,0.4561712700052066,0.731998449097153
2,bernoulli,1,32,0.3,1.0,raw,transport_binary_strength,1,11,0.4407919094145003,0.5050577976720494,0.454229029331479,0.7461538461538462
15,bernoulli,1,32,0.3,1.0,raw,transport_binary_strength,1,2,0.4383472005417724,0.5193425160697888,0.4594630079239463,0.7242690058479533
8,bernoulli,1,32,0.3,1.0,raw,transport_binary_strength,1,9,0.4508386182063956,0.5339754249815225,0.4588729560835627,0.7333489151182269
16,bernoulli,1,32,0.3,1.0,raw,transport_binary_strength,1,2,0.4577897453511985,0.5151095685863029,0.4456409113372025,0.7234161101666653
35,bernoulli,1,32,0.3,1.0,raw,transport_binary_strength,1,2,0.4669528844129744,0.5184008620689655,0.4538121767766611,0.7551151702688623
41,bernoulli,1,32,0.3,1.0,raw,transport_binary_strength,1,2,0.4505529741350995,0.5032761506048069,0.4677527150320489,0.7301376260092318
18,bernoulli,1,32,0.3,1.0,raw,transport_binary_strength,1,3,0.4584541992287245,0.5173522812266268,0.4540738661328641,0.7365031009018682
45,bernoulli,1,32,0.3,1.0,raw,transport_binary_strength,1,2,0.4482937452795973,0.5242863924989615,0.432446275968524,0.7376135692790601
14,bernoulli,1,32,0.3,1.0,raw,transport_binary_strength,1,2,0.4593294510349722,0.5046548072244326,0.4578638399520438,0.7561790627337476
34,bernoulli,1,32,0.3,1.0,raw,transport_binary_strength,1,2,0.4507250534280175,0.4937712448323381,0.4547969129343954,0.7623431499857646
36,bernoulli,1,32,0.3,1.0,raw,transport_binary_strength,1,2,0.4632954175561505,0.504696604600219,0.4593062388281054,0.7597171976504455
22,bernoulli,1,32,0.3,1.0,raw,transport_binary_strength,1,3,0.4396531052682679,0.541590819153146,0.4512842376960885,0.7260061919504645
1,bernoulli,1,32,0.3,1.0,raw,transport_binary_strength,1,11,0.4629759569022352,0.5333526392522618,0.4594829691946698,0.6832581470509023
44,bernoulli,1,32,0.3,1.0,raw,transport_binary_strength,1,2,0.4403339290345345,0.5279415434524923,0.4508343214134675,0.7466904916698908
7,bernoulli,1,32,0.3,1.0,raw,transport_binary_strength,1,2,0.4378518154563176,0.5193164700955666,0.4563095556868743,0.7180776051342679
3,bernoulli,1,32,0.3,1.0,raw,transport_binary_strength,1,2,0.4502297510309787,0.5030328017341004,0.4278448824333599,0.7529990156323461
42,bernoulli,1,32,0.3,1.0,raw,transport_binary_strength,1,2,0.4481092767071893,0.5420299575229153,0.4525091820781075,0.7155812903024827
25,bernoulli,1,32,0.3,1.0,raw,transport_binary_strength,1,3,0.4433614083802232,0.5445402179768762,0.46035001784443,0.7424887977519558
40,bernoulli,1,32,0.3,1.0,raw,transport_binary_strength,1,2,0.4607497980735199,0.5312462143543606,0.4507616498312299,0.7650162337662337
6,bernoulli,1,32,0.3,1.0,raw,transport_binary_strength,1,7,0.4555344974181987,0.4853344671201814,0.4567608971060566,0.732674990900315
20,bernoulli,1,32,0.3,1.0,raw,transport_binary_strength,1,3,0.4646967968142222,0.5152608401084011,0.4536890925363562,0.7653218976702566
2,bernoulli,1,32,0.3,1.0,raw,transport_binary_strength,1,12,0.4407405728756264,0.5527478962610001,0.4534783958380254,0.7243506989534795
0,bernoulli,1,32,0.3,1.0,raw,transport_binary_strength,1,11,0.4512635175101589,0.5443566562624914,0.4509515430751412,0.777374226006192
4,bernoulli,1,32,0.3,1.0,raw,transport_binary_strength,1,2,0.461706570563101,0.5356987359550562,0.455155525665283,0.7142802949834604
15,bernoulli,1,32,0.3,1.0,raw,transport_binary_strength,1,3,0.438240021451124,0.4994453627180899,0.4582448480184316,0.7213870733478577
37,bernoulli,1,32,0.3,1.0,raw,transport_binary_strength,1,2,0.4472909778589075,0.5195072243346007,0.4646054626833807,0.7412436564046934
29,bernoulli,1,32,0.3,1.0,raw,transport_binary_strength,1,3,0.4400300710329222,0.5468872160296646,0.4548523797304554,0.7239424572317262
39,bernoulli,1,32,0.3,1.0,raw,transport_binary_strength,1,2,0.4499493504206384,0.5099728094543058,0.455989187630032,0.6943664738232984
8,bernoulli,1,32,0.3,1.0,raw,transport_binary_strength,1,10,0.4495850603702714,0.5053315163833456,0.4618500711581605,0.747411475984574
35,bernoulli,1,32,0.3,1.0,raw,transport_binary_strength,1,3,0.4678266809540019,0.5431336206896552,0.4426331306611369,0.7440915047125873
18,bernoulli,1,32,0.3,1.0,raw,transport_binary_strength,1,4,0.4584031340883044,0.5321942782348541,0.451726745645544,0.7541864120581118
16,bernoulli,1,32,0.3,1.0,raw,transport_binary_strength,1,3,0.4565144575875531,0.5113765688688002,0.4485814259004489,0.7204634743494848
45,bernoulli,1,32,0.3,1.0,raw,transport_binary_strength,1,3,0.4499259523557044,0.5386030502640793,0.4494720408323077,0.7557936530791494
41,bernoulli,1,32,0.3,1.0,raw,transport_binary_strength,1,3,0.4500253815910349,0.5185639448996169,0.4642873688029059,0.7164772990413264
14,bernoulli,1,32,0.3,1.0,raw,transport_binary_strength,1,3,0.459934760318667,0.5036243810287089,0.4427822743170496,0.7521057595368956
34,bernoulli,1,32,0.3,1.0,raw,transport_binary_strength,1,3,0.4481429112684206,0.5237299035369775,0.4359932566436258,0.7697976487254091
36,bernoulli,1,32,0.3,1.0,raw,transport_binary_strength,1,3,0.463168998100633,0.5057875136911282,0.4569788519663524,0.7928288014937566
22,bernoulli,1,32,0.3,1.0,raw,transport_binary_strength,1,4,0.4387462950275632,0.5305500593589236,0.4561364960250182,0.7317278676960458
46,bernoulli,1,32,0.3,1.0,raw,transport_binary_strength,1,2,0.4632064128468874,0.5214635820383315,0.4372293793345485,0.7606360728346455
1,bernoulli,1,32,0.3,1.0,raw,transport_binary_strength,1,12,0.4631547295144089,0.5382656627588824,0.4593761152137143,0.7019069635215609
7,bernoulli,1,32,0.3,1.0,raw,transport_binary_strength,1,3,0.4373262094276298,0.5212196783609283,0.4551699631652039,0.7287535889207903
10,bernoulli,1,32,0.3,1.0,raw,transport_binary_strength,1,2,0.4390064427711147,0.5068126015838434,0.4561852180527364,0.7164761508461024
44,bernoulli,1,32,0.3,1.0,raw,transport_binary_strength,1,3,0.4407405052568808,0.5129842784952274,0.4652218282883069,0.7507029838423401
3,bernoulli,1,32,0.3,1.0,raw,transport_binary_strength,1,3,0.4518173521580518,0.5154201258097362,0.4483789970702607,0.7586021979313587
42,bernoulli,1,32,0.3,1.0,raw,transport_binary_strength,1,3,0.4480809605345079,0.5396406215068188,0.4509764739474692,0.7400100464159995
25,bernoulli,1,32,0.3,1.0,raw,transport_binary_strength,1,4,0.4437573029360451,0.4929509759230864,0.4591587952696658,0.7500246829194198
6,bernoulli,1,32,0.3,1.0,raw,transport_binary_strength,1,8,0.455976164958241,0.5274744897959184,0.4568483361579529,0.7358163604424821
40,bernoulli,1,32,0.3,1.0,raw,transport_binary_strength,1,3,0.4606581504155808,0.5281328993805674,0.4509123348793398,0.7801721534279673
15,bernoulli,1,32,0.3,1.0,raw,transport_binary_strength,1,4,0.4388520092582537,0.5237061524334252,0.4601803072225177,0.738529602874288
2,bernoulli,1,32,0.3,1.0,raw,transport_binary_strength,1,13,0.4410980634110202,0.5420266486976473,0.4544271798848776,0.7425884195248644
20,bernoulli,1,32,0.3,1.0,raw,transport_binary_strength,1,4,0.4655544714028646,0.5247052845528456,0.449665477709168,0.7523948579463743
0,bernoulli,1,32,0.3,1.0,raw,transport_binary_strength,1,12,0.4511532304882985,0.4904916610676895,0.4508366020240443,0.7548645510835914
4,bernoulli,1,32,0.3,1.0,raw,transport_binary_strength,1,3,0.4600032292905736,0.5525421348314606,0.460241309239826,0.6943491851537131
29,bernoulli,1,32,0.3,1.0,raw,transport_binary_strength,1,4,0.4400874159143864,0.5261129850112807,0.4628482268025946,0.7256901244167963
49,bernoulli,1,32,0.3,1.0,raw,transport_binary_strength,1,2,0.4475117302001851,0.498438466295609,0.4383093126258073,0.7399179402702786
39,bernoulli,1,32,0.3,1.0,raw,transport_binary_strength,1,3,0.4483481554088933,0.4847421017938698,0.4539217521134456,0.6974519677165917
37,bernoulli,1,32,0.3,1.0,raw,transport_binary_strength,1,3,0.4442273017631741,0.5166996197718632,0.4592403266357278,0.7422661130438035
35,bernoulli,1,32,0.3,1.0,raw,transport_binary_strength,1,4,0.467131060122286,0.5290172413793104,0.4483771193788974,0.7459208885240208
18,bernoulli,1,32,0.3,1.0,raw,transport_binary_strength,1,5,0.4582894604087589,0.5286929693343306,0.4578233196815755,0.7198294309436547
9,bernoulli,1,32,0.3,1.0,raw,transport_binary_strength,1,2,0.4652536172034396,0.506609539667391,0.4562374786069673,0.7745919964229824
8,bernoulli,1,32,0.3,1.0,raw,transport_binary_strength,1,11,0.4494951641673413,0.5209526669130329,0.4609547951249964,0.7400529780686378
43,bernoulli,1,32,0.3,1.0,raw,transport_binary_strength,1,2,0.4627845578255441,0.5029916785061903,0.4442945356258799,0.7539003708358546
11,bernoulli,1,32,0.3,1.0,raw,transport_binary_strength,1,2,0.4418423953835189,0.5233788329161452,0.4350075568715673,0.7664449146736896
14,bernoulli,1,32,0.3,1.0,raw,transport_binary_strength,1,4,0.459607711547767,0.504762143286487,0.4536413177925369,0.7464063871995836
16,bernoulli,1,32,0.3,1.0,raw,transport_binary_strength,1,4,0.454218121407792,0.5234593809273982,0.4589257547807375,0.7223586923808981
41,bernoulli,1,32,0.3,1.0,raw,transport_binary_strength,1,4,0.4496794784339431,0.5230175473024906,0.4660831725416219,0.7291843555583
24,bernoulli,1,32,0.3,1.0,raw,transport_binary_strength,1,2,0.4748409004791207,0.5174409220041323,0.4405468195011911,0.7485284320257084
23,bernoulli,1,32,0.3,1.0,raw,transport_binary_strength,1,2,0.4175853575177381,0.5371492521017578,0.4447747714953082,0.7528918058870325
45,bernoulli,1,32,0.3,1.0,raw,transport_binary_strength,1,4,0.4501615333710512,0.5381023381401696,0.4406470800508422,0.738351499618436
34,bernoulli,1,32,0.3,1.0,raw,transport_binary_strength,1,4,0.4488908151216352,0.5164905833716124,0.4453288794734278,0.7695355086905498
22,bernoulli,1,32,0.3,1.0,raw,transport_binary_strength,1,5,0.4385922965259067,0.5176394934705184,0.4552627974632944,0.7374515029196222
46,bernoulli,1,32,0.3,1.0,raw,transport_binary_strength,1,3,0.4635984264584053,0.5179683828082453,0.4404487351995144,0.7714566929133859
7,bernoulli,1,32,0.3,1.0,raw,transport_binary_strength,1,4,0.4398490817354969,0.5327295569181152,0.4574130493146586,0.7103783144739065
36,bernoulli,1,32,0.3,1.0,raw,transport_binary_strength,1,4,0.4632606154376868,0.5212267250821467,0.4449491859205681,0.7646944412027852
48,bernoulli,1,32,0.3,1.0,raw,transport_binary_strength,1,2,0.4579901132640924,0.5021155961750021,0.4474887041712139,0.7587519151249568
10,bernoulli,1,32,0.3,1.0,raw,transport_binary_strength,1,3,0.4427154671337329,0.475841200677802,0.4624601688502675,0.7234807689169562
3,bernoulli,1,32,0.3,1.0,raw,transport_binary_strength,1,4,0.4518122401519716,0.5352910677586002,0.4431826705691003,0.7320610014104372
1,bernoulli,1,32,0.3,1.0,raw,transport_binary_strength,1,13,0.4642844321290851,0.5409451911618834,0.4604008346816019,0.7056457042822516
21,bernoulli,1,32,0.3,1.0,raw,transport_binary_strength,1,2,0.4576174571174481,0.5195188951903151,0.4709162407717143,0.7066732702325922
44,bernoulli,1,32,0.3,1.0,raw,transport_binary_strength,1,4,0.4411682905345718,0.4999688065381495,0.4585012774839669,0.7507149495247629
42,bernoulli,1,32,0.3,1.0,raw,transport_binary_strength,1,4,0.4467933026574684,0.5199856546687532,0.4449769646597416,0.7482924986760536
28,bernoulli,1,32,0.3,1.0,raw,transport_binary_strength,1,2,0.4638078029164952,0.4905712442660551,0.4597691745669652,0.7404515579357351
26,bernoulli,1,32,0.3,1.0,raw,transport_binary_strength,1,2,0.4766105408765092,0.5572894428291618,0.4333131758727114,0.7510405591408484
31,bernoulli,1,32,0.3,1.0,raw,transport_binary_strength,1,2,0.4346363146090579,0.4819276651574787,0.4570226913042018,0.7657533452570218
13,bernoulli,1,32,0.3,1.0,raw,transport_binary_strength,1,2,0.4657839714925421,0.5116780598958334,0.4487068078711236,0.7440527541321525
25,bernoulli,1,32,0.3,1.0,raw,transport_binary_strength,1,5,0.4432686868419521,0.505992292072438,0.4610082927586867,0.7560074428495482
6,bernoulli,1,32,0.3,1.0,raw,transport_binary_strength,1,9,0.4561656024682581,0.5153656462585035,0.4573715605782388,0.7536477867983352
30,bernoulli,1,32,0.3,1.0,raw,transport_binary_strength,1,2,0.4556354662526411,0.5175565107885831,0.4482858341550402,0.7386986415119408
17,bernoulli,1,32,0.3,1.0,raw,transport_binary_strength,1,2,0.4348232261976401,0.5482970476661718,0.445171501190306,0.753263334801834
27,bernoulli,1,32,0.3,1.0,raw,transport_binary_strength,1,2,0.448573038173804,0.4858387541888429,0.4342559706256055,0.7453345488243139
47,bernoulli,1,32,0.3,1.0,raw,transport_binary_strength,1,2,0.4530046237347485,0.5088846208564518,0.4523274538995215,0.740685393258427
2,bernoulli,1,32,0.3,1.0,raw,transport_binary_strength,1,14,0.441699276775902,0.5095660963107357,0.4557715114720924,0.7622087693835459
40,bernoulli,1,32,0.3,1.0,raw,transport_binary_strength,1,4,0.4612300720148523,0.5309958569894123,0.4469315059656278,0.7638175777710661
15,bernoulli,1,32,0.3,1.0,raw,transport_binary_strength,1,5,0.4408070201838763,0.4973921028466482,0.4558810734753506,0.720540457898559
12,bernoulli,1,32,0.3,1.0,raw,transport_binary_strength,1,2,0.457502497108607,0.5416492564827332,0.4520783833556481,0.7187608283144955
39,bernoulli,1,32,0.3,1.0,raw,transport_binary_strength,1,4,0.4494259397950675,0.5147193841517962,0.455566209995436,0.7192539818584387
20,bernoulli,1,32,0.3,1.0,raw,transport_binary_strength,1,5,0.4653479302202992,0.5121510840108401,0.4503239015648737,0.7481144738103608
4,bernoulli,1,32,0.3,1.0,raw,transport_binary_strength,1,4,0.4601969670155152,0.4922120786516853,0.4635437490295042,0.6907700069800613
0,bernoulli,1,32,0.3,1.0,raw,transport_binary_strength,1,13,0.4511055175070891,0.5305619105127529,0.4507565423815426,0.7780650154798763
49,bernoulli,1,32,0.3,1.0,raw,transport_binary_strength,1,3,0.4484668077468414,0.5182745825602969,0.4451809906436118,0.7370580519203197
29,bernoulli,1,32,0.3,1.0,raw,transport_binary_strength,1,5,0.4412830146995773,0.525844930417495,0.4607698006176036,0.7077410575427683
37,bernoulli,1,32,0.3,1.0,raw,transport_binary_strength,1,4,0.4451703965847143,0.4905733840304182,0.4608787887165061,0.7397806290186494
35,bernoulli,1,32,0.3,1.0,raw,transport_binary_strength,1,5,0.4672675692478455,0.5321896551724138,0.449552544681796,0.7278461028401826
43,bernoulli,1,32,0.3,1.0,raw,transport_binary_strength,1,3,0.4617877973123474,0.5170407956159935,0.4492120825231246,0.7558903163741874
18,bernoulli,1,32,0.3,1.0,raw,transport_binary_strength,1,6,0.4574555929446843,0.5189884068810771,0.4495094188206203,0.7308012543673303
11,bernoulli,1,32,0.3,1.0,raw,transport_binary_strength,1,3,0.4424837515159241,0.5330100125156446,0.4395546520361894,0.778286699447396
32,bernoulli,1,32,0.3,1.0,raw,transport_binary_strength,1,2,0.4417651919768016,0.5246029717790515,0.4600040553266644,0.6992641451883482
23,bernoulli,1,32,0.3,1.0,raw,transport_binary_strength,1,3,0.4186908331392564,0.5291571132219675,0.4593658809665019,0.7601730310262529
9,bernoulli,1,32,0.3,1.0,raw,transport_binary_strength,1,3,0.4660620711811759,0.5758489518820098,0.4476818496814053,0.7645624706090952
14,bernoulli,1,32,0.3,1.0,raw,transport_binary_strength,1,5,0.4589734664594658,0.5197498354180381,0.4482362036212106,0.7521586067839604
8,bernoulli,1,32,0.3,1.0,raw,transport_binary_strength,1,12,0.4513261209357249,0.5325434220251293,0.460235497559587,0.7340267227610923
34,bernoulli,1,32,0.3,1.0,raw,transport_binary_strength,1,5,0.4490666007410176,0.5298024804777217,0.4457010447982668,0.7604144242988189
41,bernoulli,1,32,0.3,1.0,raw,transport_binary_strength,1,5,0.4498786557359861,0.528032619775739,0.4672275934270975,0.7249139355017984
33,bernoulli,1,32,0.3,1.0,raw,transport_binary_strength,1,2,0.4350691257833193,0.517896714794846,0.4627448709596267,0.7290074797691589
16,bernoulli,1,32,0.3,1.0,raw,transport_binary_strength,1,5,0.4529232365196931,0.5504176924008233,0.4552124545553124,0.7147656192807932
22,bernoulli,1,32,0.3,1.0,raw,transport_binary_strength,1,6,0.4388921420748709,0.5227344677483181,0.4541572618677307,0.7450013716345966
45,bernoulli,1,32,0.3,1.0,raw,transport_binary_strength,1,5,0.4499629614740038,0.5291970802919708,0.4489998491420789,0.7422013361938633
24,bernoulli,1,32,0.3,1.0,raw,transport_binary_strength,1,3,0.4740871020466956,0.5218919486053719,0.4428526717857916,0.7431163538033468
7,bernoulli,1,32,0.3,1.0,raw,transport_binary_strength,1,5,0.4401895921704284,0.5274637015369422,0.4605930463766237,0.7253736699881776
46,bernoulli,1,32,0.3,1.0,raw,transport_binary_strength,1,4,0.4626540533166312,0.5488171529606612,0.4442371803617222,0.7569594816272966
10,bernoulli,1,32,0.3,1.0,raw,transport_binary_strength,1,4,0.440880893234178,0.5137946536639346,0.4641822628292328,0.7274195917168453
36,bernoulli,1,32,0.3,1.0,raw,transport_binary_strength,1,5,0.4630716348190623,0.5107294633077766,0.4537570754201028,0.757001983895437
38,bernoulli,1,32,0.3,1.0,raw,transport_binary_strength,1,2,0.4482219915889164,0.5093431843891403,0.4530905842043302,0.7704843131282364
3,bernoulli,1,32,0.3,1.0,raw,transport_binary_strength,1,5,0.4524819480867532,0.4870098636332403,0.4440586943869366,0.7481230900329102
48,bernoulli,1,32,0.3,1.0,raw,transport_binary_strength,1,3,0.4575137664203746,0.5107697949282107,0.4535421884463942,0.7505271741816445
21,bernoulli,1,32,0.3,1.0,raw,transport_binary_strength,1,3,0.4575042070653955,0.5581068000872504,0.4692467917981475,0.7279290075900244
42,bernoulli,1,32,0.3,1.0,raw,transport_binary_strength,1,5,0.4475789367860186,0.5301438259184738,0.4450752061075548,0.7329464035388306
1,bernoulli,1,32,0.3,1.0,raw,transport_binary_strength,1,14,0.4644566695428573,0.5280601545804957,0.4606715421054055,0.7006763024807732
5,bernoulli,1,32,0.3,1.0,raw,transport_binary_strength,1,2,0.4542952749891633,0.5075727128503438,0.4531113852724642,0.722159706593315
44,bernoulli,1,32,0.3,1.0,raw,transport_binary_strength,1,5,0.4410707329512362,0.5114441013163641,0.4658128909753397,0.7649780429727542
28,bernoulli,1,32,0.3,1.0,raw,transport_binary_strength,1,3,0.4634801755974103,0.4972118692660551,0.4589200238507448,0.7409627555988316
26,bernoulli,1,32,0.3,1.0,raw,transport_binary_strength,1,3,0.4762761553393059,0.4841679713180028,0.4346452969783632,0.7715261808800863
31,bernoulli,1,32,0.3,1.0,raw,transport_binary_strength,1,3,0.4342718235125667,0.5217239627177516,0.4536650333509443,0.7656974529676736
6,bernoulli,1,32,0.3,1.0,raw,transport_binary_strength,1,10,0.4561458553701277,0.5265646258503401,0.459948075878018,0.7343920619095096
27,bernoulli,1,32,0.3,1.0,raw,transport_binary_strength,1,3,0.4494642830598678,0.5021210329193772,0.4566431598576658,0.7629001514341036
30,bernoulli,1,32,0.3,1.0,raw,transport_binary_strength,1,3,0.4552101303984598,0.5292843022069634,0.4487633760525483,0.7390972199156343
13,bernoulli,1,32,0.3,1.0,raw,transport_binary_strength,1,3,0.4657375814038449,0.4899820963541667,0.446521005938399,0.7458964766958049
25,bernoulli,1,32,0.3,1.0,raw,transport_binary_strength,1,6,0.4435131461722828,0.5340930752973354,0.460304294080551,0.7405217589428115
47,bernoulli,1,32,0.3,1.0,raw,transport_binary_strength,1,3,0.4522966838062309,0.5341158059467919,0.4403282945397819,0.7361741573033709
2,bernoulli,1,32,0.3,1.0,raw,transport_binary_strength,1,15,0.441711843252413,0.5391508033916523,0.4557825456874819,0.742613245741349
17,bernoulli,1,32,0.3,1.0,raw,transport_binary_strength,1,3,0.435592306872374,0.5336425861784595,0.4521606476620185,0.7185088191623018
40,bernoulli,1,32,0.3,1.0,raw,transport_binary_strength,1,5,0.4609966078538278,0.5226008092196119,0.4415882208123488,0.773546511627907
15,bernoulli,1,32,0.3,1.0,raw,transport_binary_strength,1,6,0.4414417117567514,0.5436804407713499,0.4549428550498329,0.7442227573290526
39,bernoulli,1,32,0.3,1.0,raw,transport_binary_strength,1,5,0.4484007976545305,0.4863429304581195,0.4555616470529895,0.7020516391686308
12,bernoulli,1,32,0.3,1.0,raw,transport_binary_strength,1,3,0.4568425628586147,0.5686780549752162,0.4541696312863011,0.7186659516541539
20,bernoulli,1,32,0.3,1.0,raw,transport_binary_strength,1,6,0.4647712651005265,0.4834247967479674,0.453719735357908,0.7609975711866033
4,bernoulli,1,32,0.3,1.0,raw,transport_binary_strength,1,5,0.4595968178021396,0.5396699438202247,0.4649074735159343,0.6944136748505356
35,bernoulli,1,32,0.3,1.0,raw,transport_binary_strength,1,6,0.4669695100020564,0.5279741379310345,0.4509846682871209,0.768864163811749
0,bernoulli,1,32,0.3,1.0,raw,transport_binary_strength,1,14,0.450996942997191,0.5141859654195832,0.4511441969535403,0.7791756965944272
29,bernoulli,1,32,0.3,1.0,raw,transport_binary_strength,1,6,0.4404921392243854,0.5198695467643577,0.4638557191736108,0.7288608087091757
49,bernoulli,1,32,0.3,1.0,raw,transport_binary_strength,1,4,0.4483331658612379,0.5082057823129252,0.4454132100046393,0.7376376559592447
37,bernoulli,1,32,0.3,1.0,raw,transport_binary_strength,1,5,0.446453523279156,0.5138615969581749,0.462763547555797,0.7356346920368915
18,bernoulli,1,32,0.3,1.0,raw,transport_binary_strength,1,7,0.4581733680942481,0.4956946522064323,0.4544532480513492,0.7209577390262312
43,bernoulli,1,32,0.3,1.0,raw,transport_binary_strength,1,4,0.4620021228039676,0.5317069210472904,0.4491482720857889,0.7526532607177768
11,bernoulli,1,32,0.3,1.0,raw,transport_binary_strength,1,4,0.4432129807286697,0.504853071547768,0.4554923468573915,0.7635886525902358
23,bernoulli,1,32,0.3,1.0,raw,transport_binary_strength,1,4,0.419170505848639,0.5690714051752375,0.4581980848888851,0.7670485282418457
9,bernoulli,1,32,0.3,1.0,raw,transport_binary_strength,1,4,0.4658119472816184,0.5027378994321143,0.4479478355770574,0.7562963990841601
14,bernoulli,1,32,0.3,1.0,raw,transport_binary_strength,1,6,0.4592697068296711,0.4996064344391333,0.4503507366531851,0.7544107125434973
8,bernoulli,1,32,0.3,1.0,raw,transport_binary_strength,1,13,0.4498598582546156,0.5245211258930771,0.4624412222190555,0.7352732655525691
32,bernoulli,1,32,0.3,1.0,raw,transport_binary_strength,1,3,0.4409781886954511,0.5071154758862401,0.4543645937854819,0.7062909867317371
34,bernoulli,1,32,0.3,1.0,raw,transport_binary_strength,1,6,0.4493114375814118,0.514077476649824,0.4414286818754408,0.755364322567653
22,bernoulli,1,32,0.3,1.0,raw,transport_binary_strength,1,7,0.4391915963056389,0.5483214615486083,0.4564908574192604,0.726088490026257
41,bernoulli,1,32,0.3,1.0,raw,transport_binary_strength,1,6,0.4500001165601791,0.4984682224293665,0.4686222220150511,0.7404422094261852
33,bernoulli,1,32,0.3,1.0,raw,transport_binary_strength,1,3,0.438612052527444,0.5294680389289957,0.4609523544504216,0.739235741690041
45,bernoulli,1,32,0.3,1.0,raw,transport_binary_strength,1,6,0.4519853730430216,0.5737344964690523,0.4465763995100988,0.7347158428244375
16,bernoulli,1,32,0.3,1.0,raw,transport_binary_strength,1,6,0.4534956961367616,0.4862141329351467,0.4599961512342406,0.7243189822760512
24,bernoulli,1,32,0.3,1.0,raw,transport_binary_strength,1,4,0.4729975736900586,0.5309271694214877,0.4493678964894354,0.7638397930791236
7,bernoulli,1,32,0.3,1.0,raw,transport_binary_strength,1,6,0.4414385387122723,0.5501834455257417,0.4581297852343021,0.7129602263131227
10,bernoulli,1,32,0.3,1.0,raw,transport_binary_strength,1,5,0.4444207414458987,0.4982743714769858,0.4646012932109939,0.7421692694309818
46,bernoulli,1,32,0.3,1.0,raw,transport_binary_strength,1,5,0.4630581194608255,0.5046664826433704,0.444526933136211,0.7576730643044619
36,bernoulli,1,32,0.3,1.0,raw,transport_binary_strength,1,6,0.4632492125113845,0.4541029572836801,0.4555747960535486,0.7660598280623955
19,bernoulli,1,32,0.3,1.0,raw,transport_binary_strength,1,2,0.4568310812781315,0.5514525390869754,0.4602898881308733,0.7225962188125744
38,bernoulli,1,32,0.3,1.0,raw,transport_binary_strength,1,3,0.4481755791002912,0.5216982466063349,0.4455941296835406,0.7667666377687699
3,bernoulli,1,32,0.3,1.0,raw,transport_binary_strength,1,6,0.4527323764760206,0.5312369208473104,0.4456483511404296,0.7608537552891397
42,bernoulli,1,32,0.3,1.0,raw,transport_binary_strength,1,6,0.4468381079537599,0.5571437886578732,0.4478155195636196,0.7544624778044297
21,bernoulli,1,32,0.3,1.0,raw,transport_binary_strength,1,4,0.4573941053761689,0.5325723906641946,0.4700855144612881,0.7065122573597151
1,bernoulli,1,32,0.3,1.0,raw,transport_binary_strength,1,15,0.4634520751297155,0.5566429004147444,0.4598725025340411,0.7147896280336357
48,bernoulli,1,32,0.3,1.0,raw,transport_binary_strength,1,4,0.4571068530028614,0.5851569772361851,0.4536517961491954,0.7591678885026606
31,bernoulli,1,32,0.3,1.0,raw,transport_binary_strength,1,4,0.4341704854534899,0.5384008675934142,0.4484160175561002,0.7521984300476947
5,bernoulli,1,32,0.3,1.0,raw,transport_binary_strength,1,3,0.4538056588780901,0.5334884540807333,0.452446791750405,0.7086896724181044
28,bernoulli,1,32,0.3,1.0,raw,transport_binary_strength,1,4,0.4633409104682482,0.5285944667431193,0.4588888190611683,0.7337857026939306
26,bernoulli,1,32,0.3,1.0,raw,transport_binary_strength,1,4,0.4741696648120232,0.4952456472087239,0.4407219604243257,0.7838439284919515
44,bernoulli,1,32,0.3,1.0,raw,transport_binary_strength,1,6,0.4420484748901181,0.5421423669598853,0.4597822842622303,0.7606484602161002
6,bernoulli,1,32,0.3,1.0,raw,transport_binary_strength,1,11,0.4561709923465354,0.5110005668934241,0.4576356754646816,0.741157479941129
27,bernoulli,1,32,0.3,1.0,raw,transport_binary_strength,1,4,0.4490630004232295,0.5393810368618175,0.4538398726970841,0.7462254484634335
30,bernoulli,1,32,0.3,1.0,raw,transport_binary_strength,1,4,0.4553478407644303,0.5147107449645071,0.4508810716246127,0.7376316139103863
2,bernoulli,1,32,0.3,1.0,raw,transport_binary_strength,1,16,0.4420638966429761,0.5055230669265758,0.4564197884092379,0.7571423115117255
39,bernoulli,1,32,0.3,1.0,raw,transport_binary_strength,1,6,0.4493364262903621,0.4847362163943688,0.4566217038400866,0.7073405471037782
47,bernoulli,1,32,0.3,1.0,raw,transport_binary_strength,1,4,0.4519319448560925,0.5693982074263765,0.4449136855499563,0.7260149812734084
13,bernoulli,1,32,0.3,1.0,raw,transport_binary_strength,1,4,0.4637183824079239,0.5233479817708334,0.4516274270236096,0.7466427453525213
25,bernoulli,1,32,0.3,1.0,raw,transport_binary_strength,1,7,0.4437600228695531,0.4586672744602378,0.4616139023400018,0.7501044277360067
15,bernoulli,1,32,0.3,1.0,raw,transport_binary_strength,1,7,0.4420595145602698,0.5082130394857667,0.4569972261985306,0.7424148606811145
40,bernoulli,1,32,0.3,1.0,raw,transport_binary_strength,1,6,0.4603415694060486,0.5017000072684397,0.4437391360390258,0.7649501661129569
17,bernoulli,1,32,0.3,1.0,raw,transport_binary_strength,1,4,0.4366795988054643,0.5240062675243279,0.4543814504131448,0.7174992249579846
35,bernoulli,1,32,0.3,1.0,raw,transport_binary_strength,1,7,0.4668766895197232,0.5392974137931034,0.4529042692894574,0.7603171721317946
20,bernoulli,1,32,0.3,1.0,raw,transport_binary_strength,1,7,0.4649897754734622,0.5207926829268292,0.4525960268167358,0.739242114345978
12,bernoulli,1,32,0.3,1.0,raw,transport_binary_strength,1,4,0.4571322794045964,0.5341362500512065,0.4609433674842966,0.7211533701839783
4,bernoulli,1,32,0.3,1.0,raw,transport_binary_strength,1,6,0.4591079058696191,0.5362043539325843,0.4632119620682231,0.6987932839671026
49,bernoulli,1,32,0.3,1.0,raw,transport_binary_strength,1,5,0.4476865262217078,0.4955627705627706,0.4476318525819382,0.7495424178640068
0,bernoulli,1,32,0.3,1.0,raw,transport_binary_strength,1,15,0.4510417767172922,0.4947780678851175,0.450373186235378,0.7715363777089784
37,bernoulli,1,32,0.3,1.0,raw,transport_binary_strength,1,6,0.4465720950751573,0.5225733840304183,0.4627503291118076,0.743157645357174
29,bernoulli,1,32,0.3,1.0,raw,transport_binary_strength,1,7,0.4420838177175262,0.5367569861728505,0.4627099469222723,0.7253538102643857
11,bernoulli,1,32,0.3,1.0,raw,transport_binary_strength,1,5,0.4440249518050421,0.5591038277012933,0.4460993223627258,0.770606570354245
18,bernoulli,1,32,0.3,1.0,raw,transport_binary_strength,1,8,0.4575616578989417,0.518581712789828,0.4520244387163916,0.7365478441534188
23,bernoulli,1,32,0.3,1.0,raw,transport_binary_strength,1,5,0.4199049480486467,0.5348646140408342,0.4592042923683079,0.7629435163086715
43,bernoulli,1,32,0.3,1.0,raw,transport_binary_strength,1,5,0.4610450102002097,0.5556322305662675,0.4524128348873987,0.7426531055563312
14,bernoulli,1,32,0.3,1.0,raw,transport_binary_strength,1,7,0.4591877588157397,0.4748296934482067,0.4574602672906526,0.7496788513447591
9,bernoulli,1,32,0.3,1.0,raw,transport_binary_strength,1,5,0.4655576081118154,0.5141734521899811,0.4481426452610333,0.7716798877556527
34,bernoulli,1,32,0.3,1.0,raw,transport_binary_strength,1,7,0.4496038527692288,0.5070463941203491,0.4425563513979592,0.7740352899511831
22,bernoulli,1,32,0.3,1.0,raw,transport_binary_strength,1,8,0.439884143959783,0.5045838279910302,0.4580785538104433,0.7364737234000862
8,bernoulli,1,32,0.3,1.0,raw,transport_binary_strength,1,14,0.4498799475164358,0.537239775806849,0.4622212007834282,0.7327373300611586
32,bernoulli,1,32,0.3,1.0,raw,transport_binary_strength,1,4,0.4408767528850599,0.4998722208024533,0.454379253183894,0.7095298917187738
7,bernoulli,1,32,0.3,1.0,raw,transport_binary_strength,1,7,0.4412245080894881,0.5313857481264805,0.4625853163410323,0.7300582671845973
16,bernoulli,1,32,0.3,1.0,raw,transport_binary_strength,1,7,0.4538311553134178,0.5220307518463215,0.4585169908272801,0.7242681448825046
41,bernoulli,1,32,0.3,1.0,raw,transport_binary_strength,1,7,0.4503012675221965,0.5173047256155728,0.4685541220530779,0.7335628386618708
45,bernoulli,1,32,0.3,1.0,raw,transport_binary_strength,1,7,0.4509284613768164,0.5333696813245504,0.4508677526874559,0.7628921829779269
24,bernoulli,1,32,0.3,1.0,raw,transport_binary_strength,1,5,0.4738340756387807,0.5256166064049587,0.443041700246501,0.7629737038053064
33,bernoulli,1,32,0.3,1.0,raw,transport_binary_strength,1,4,0.4375526192220645,0.4857443114319656,0.4628301331472748,0.7443377825063674
19,bernoulli,1,32,0.3,1.0,raw,transport_binary_strength,1,3,0.4567783666821014,0.5473798273612513,0.4588548518106092,0.7401221904188625
10,bernoulli,1,32,0.3,1.0,raw,transport_binary_strength,1,6,0.4440636943127264,0.5131479752394785,0.4645091222785047,0.749177967069728
46,bernoulli,1,32,0.3,1.0,raw,transport_binary_strength,1,6,0.4630880457951994,0.5377011511403228,0.4460783446369301,0.7762241633858268
38,bernoulli,1,32,0.3,1.0,raw,transport_binary_strength,1,4,0.4480445775286596,0.4943863122171945,0.4458479589962935,0.7738817685512781
36,bernoulli,1,32,0.3,1.0,raw,transport_binary_strength,1,7,0.4632718894231564,0.4915881708652793,0.45695966176213,0.7712957560197612
3,bernoulli,1,32,0.3,1.0,raw,transport_binary_strength,1,7,0.4529661031529236,0.4932503763672595,0.4473399804289909,0.7596306417489422
42,bernoulli,1,32,0.3,1.0,raw,transport_binary_strength,1,7,0.4471185933945321,0.5374608763693269,0.4460517870244727,0.7348914364038502
21,bernoulli,1,32,0.3,1.0,raw,transport_binary_strength,1,5,0.4569610965716287,0.489938924637365,0.4703217065106493,0.7081570344282209
31,bernoulli,1,32,0.3,1.0,raw,transport_binary_strength,1,5,0.4349664661208561,0.5248181769920901,0.4480306920103111,0.7502028683094859
1,bernoulli,1,32,0.3,1.0,raw,transport_binary_strength,1,16,0.4633691784688792,0.4799052012808479,0.4596281528349203,0.6806864769428733
26,bernoulli,1,32,0.3,1.0,raw,transport_binary_strength,1,5,0.4738396419122406,0.4884038522795817,0.44019306195488,0.7685343157860033
6,bernoulli,1,32,0.3,1.0,raw,transport_binary_strength,1,12,0.4565736811298153,0.5199886621315193,0.4612304758576298,0.7360972637642628
5,bernoulli,1,32,0.3,1.0,raw,transport_binary_strength,1,4,0.4540931454770584,0.5425947470474175,0.4555776416828203,0.7124697841126948
48,bernoulli,1,32,0.3,1.0,raw,transport_binary_strength,1,5,0.4586185702052284,0.5256833375645257,0.4562385890787891,0.7602387110591259
44,bernoulli,1,32,0.3,1.0,raw,transport_binary_strength,1,7,0.4409609210784792,0.5113505209308129,0.4654063818855895,0.7475181180374686
28,bernoulli,1,32,0.3,1.0,raw,transport_binary_strength,1,5,0.4634564478544712,0.525010751146789,0.4620027194923602,0.7595950989938332
27,bernoulli,1,32,0.3,1.0,raw,transport_binary_strength,1,5,0.4490028525964905,0.524695446481372,0.4524087177327092,0.758031281313333
2,bernoulli,1,32,0.3,1.0,raw,transport_binary_strength,1,17,0.4421483275245457,0.5361506188883274,0.4565871273451038,0.7393380948743411
39,bernoulli,1,32,0.3,1.0,raw,transport_binary_strength,1,7,0.4515766623364989,0.4916339046094449,0.4572819079470823,0.7250232126276694
30,bernoulli,1,32,0.3,1.0,raw,transport_binary_strength,1,5,0.4551169088315483,0.5578299012951928,0.4536293281533701,0.7405420666290231
47,bernoulli,1,32,0.3,1.0,raw,transport_binary_strength,1,5,0.4526719097132039,0.5503414425949638,0.4464114499214846,0.7292397003745318
25,bernoulli,1,32,0.3,1.0,raw,transport_binary_strength,1,8,0.4435310031575986,0.4978450955202851,0.4634751440027314,0.7515531252373358
15,bernoulli,1,32,0.3,1.0,raw,transport_binary_strength,1,8,0.4424476660207031,0.4982185491276401,0.4596208906895181,0.7342315483698352
35,bernoulli,1,32,0.3,1.0,raw,transport_binary_strength,1,8,0.466875396891761,0.5473146551724138,0.4547107343210367,0.7497888413507838
13,bernoulli,1,32,0.3,1.0,raw,transport_binary_strength,1,5,0.4648288916769652,0.52349853515625,0.4519960051746138,0.7469595755239149
40,bernoulli,1,32,0.3,1.0,raw,transport_binary_strength,1,7,0.4601612181468177,0.5194269239155892,0.446275072274991,0.758018725460586
17,bernoulli,1,32,0.3,1.0,raw,transport_binary_strength,1,5,0.4370038761735185,0.5538965858485898,0.4500865515284453,0.7618459053306574
20,bernoulli,1,32,0.3,1.0,raw,transport_binary_strength,1,8,0.4647082123184058,0.4871612466124661,0.4543317642000566,0.7612412514780609
18,bernoulli,1,32,0.3,1.0,raw,transport_binary_strength,1,9,0.4580933057950858,0.543927636499626,0.4551227367620397,0.7358436242811899
23,bernoulli,1,32,0.3,1.0,raw,transport_binary_strength,1,6,0.4201591885691995,0.5376760563380282,0.4601196857426348,0.7606682577565633
11,bernoulli,1,32,0.3,1.0,raw,transport_binary_strength,1,6,0.4439318821457734,0.4960693053817272,0.4473883781063599,0.7681613359923275
4,bernoulli,1,32,0.3,1.0,raw,transport_binary_strength,1,7,0.458886789539865,0.5429529494382023,0.4649407582077192,0.7013292464568602
12,bernoulli,1,32,0.3,1.0,raw,transport_binary_strength,1,5,0.4571380327467224,0.4880832411617714,0.4595074696177569,0.7245524296675193
0,bernoulli,1,32,0.3,1.0,raw,transport_binary_strength,1,16,0.450922364438916,0.536090014543166,0.4548309866642105,0.7959752321981424
29,bernoulli,1,32,0.3,1.0,raw,transport_binary_strength,1,8,0.4405109136075978,0.5315113066916851,0.4638776918526918,0.7113919129082426
37,bernoulli,1,32,0.3,1.0,raw,transport_binary_strength,1,7,0.4468416595025919,0.5130403041825095,0.4633223053879922,0.7309193381463609
49,bernoulli,1,32,0.3,1.0,raw,transport_binary_strength,1,6,0.4484831384702171,0.5206323438466296,0.4497896961359228,0.7476072267472011
43,bernoulli,1,32,0.3,1.0,raw,transport_binary_strength,1,6,0.4613284699699539,0.5380840267911507,0.4541645129470621,0.7609039705813899
14,bernoulli,1,32,0.3,1.0,raw,transport_binary_strength,1,8,0.4589732716617429,0.5431097403898445,0.4550657639032124,0.7585653191973722
34,bernoulli,1,32,0.3,1.0,raw,transport_binary_strength,1,8,0.4494853348233256,0.5607533302710151,0.447773740572487,0.7568764018415771
22,bernoulli,1,32,0.3,1.0,raw,transport_binary_strength,1,9,0.4401026355182565,0.5009893153937475,0.4577841304022053,0.7418544499745268
7,bernoulli,1,32,0.3,1.0,raw,transport_binary_strength,1,8,0.4416905896737443,0.519522729119399,0.461361609139283,0.7226735348758656
9,bernoulli,1,32,0.3,1.0,raw,transport_binary_strength,1,6,0.4653789740758292,0.5427741791378156,0.448251678432805,0.7618585073660353
8,bernoulli,1,32,0.3,1.0,raw,transport_binary_strength,1,15,0.4498651911881684,0.5092695245134269,0.4617230461940564,0.7371547660784542
32,bernoulli,1,32,0.3,1.0,raw,transport_binary_strength,1,5,0.4412251835347326,0.5211675367821547,0.4562903210054606,0.7339751410706116
16,bernoulli,1,32,0.3,1.0,raw,transport_binary_strength,1,8,0.4533750238894489,0.5144194680979862,0.4603248986609286,0.728239562066357
19,bernoulli,1,32,0.3,1.0,raw,transport_binary_strength,1,4,0.4564209637331961,0.4971288303761637,0.4533814986788376,0.7220986941513212
41,bernoulli,1,32,0.3,1.0,raw,transport_binary_strength,1,8,0.4502382237304473,0.5016544287995988,0.4661914778229143,0.7328256943050775
45,bernoulli,1,32,0.3,1.0,raw,transport_binary_strength,1,8,0.4508434437865551,0.5374347219749569,0.4501935582323297,0.7610581561100632
24,bernoulli,1,32,0.3,1.0,raw,transport_binary_strength,1,6,0.4730310766604471,0.5056616412706612,0.4533620247310686,0.7690402476780185
33,bernoulli,1,32,0.3,1.0,raw,transport_binary_strength,1,5,0.4396379717848363,0.5077332541350635,0.4641426473180854,0.7345608859657607
10,bernoulli,1,32,0.3,1.0,raw,transport_binary_strength,1,7,0.445281730391911,0.5052910052910053,0.468385236597198,0.7126372774595715
46,bernoulli,1,32,0.3,1.0,raw,transport_binary_strength,1,7,0.4628030396343944,0.5260368096328736,0.447526414294102,0.7543594160104987
38,bernoulli,1,32,0.3,1.0,raw,transport_binary_strength,1,5,0.448017953539547,0.5411941459276018,0.4481012625638818,0.7941610628177793
42,bernoulli,1,32,0.3,1.0,raw,transport_binary_strength,1,8,0.4474989936060751,0.5943112377971533,0.4485510798575551,0.7514329771658204
3,bernoulli,1,32,0.3,1.0,raw,transport_binary_strength,1,8,0.4524720848282555,0.4957615736836516,0.4501037504545461,0.7470266954630935
36,bernoulli,1,32,0.3,1.0,raw,transport_binary_strength,1,8,0.4632289953498131,0.5034041621029572,0.4571132912318905,0.776459719142646
31,bernoulli,1,32,0.3,1.0,raw,transport_binary_strength,1,6,0.4349741741439404,0.525129115191227,0.4548141958423413,0.7586322535771065
1,bernoulli,1,32,0.3,1.0,raw,transport_binary_strength,1,17,0.4648435095778412,0.521479499111262,0.462348830158754,0.6944762396385074
21,bernoulli,1,32,0.3,1.0,raw,transport_binary_strength,1,6,0.457300090784614,0.5507075471698113,0.4715618989509609,0.7142021506428287
6,bernoulli,1,32,0.3,1.0,raw,transport_binary_strength,1,13,0.4573398917308797,0.535266439909297,0.4621892677825279,0.7373276994413583
27,bernoulli,1,32,0.3,1.0,raw,transport_binary_strength,1,6,0.4489219016437961,0.5064734870885077,0.4494717921878322,0.76715688121087
26,bernoulli,1,32,0.3,1.0,raw,transport_binary_strength,1,6,0.4733166927644079,0.5121891710550394,0.4419894290421631,0.7698138944522744
5,bernoulli,1,32,0.3,1.0,raw,transport_binary_strength,1,5,0.4540795269613661,0.5214736471002996,0.4583276636322064,0.7135679753271652
2,bernoulli,1,32,0.3,1.0,raw,transport_binary_strength,1,18,0.4419113240291611,0.507163542142966,0.4546856149326326,0.7351577419601253
39,bernoulli,1,32,0.3,1.0,raw,transport_binary_strength,1,8,0.4521721160159336,0.5213139742925749,0.4565945356489015,0.7249446468109422
30,bernoulli,1,32,0.3,1.0,raw,transport_binary_strength,1,6,0.4553465808583799,0.4821691137673156,0.4524976234742452,0.7480818414322251
28,bernoulli,1,32,0.3,1.0,raw,transport_binary_strength,1,6,0.4635384448793153,0.5044079701834863,0.4627161461715721,0.7566009412528399
44,bernoulli,1,32,0.3,1.0,raw,transport_binary_strength,1,8,0.4417413772816564,0.5522607461476075,0.4629535873664669,0.7603672666791642
48,bernoulli,1,32,0.3,1.0,raw,transport_binary_strength,1,6,0.4597238468190761,0.5195819581958195,0.4581252640883451,0.7547713381987117
47,bernoulli,1,32,0.3,1.0,raw,transport_binary_strength,1,6,0.451654333128636,0.5387893014653578,0.4480050317703096,0.7399588014981273
25,bernoulli,1,32,0.3,1.0,raw,transport_binary_strength,1,9,0.4436112583221598,0.515337118229663,0.4622506494048174,0.7433204222677907
35,bernoulli,1,32,0.3,1.0,raw,transport_binary_strength,1,9,0.4669319340513659,0.5208448275862069,0.4536612724482882,0.7549336132994429
15,bernoulli,1,32,0.3,1.0,raw,transport_binary_strength,1,9,0.4426970891833554,0.5152433425160697,0.4595275100249706,0.7529335320872989
13,bernoulli,1,32,0.3,1.0,raw,transport_binary_strength,1,6,0.4647246296305276,0.50443115234375,0.4494061452341458,0.7315074245142574
18,bernoulli,1,32,0.3,1.0,raw,transport_binary_strength,1,10,0.4580250067828361,0.5456151832460733,0.4548103461519263,0.7409638085455721
23,bernoulli,1,32,0.3,1.0,raw,transport_binary_strength,1,7,0.4214219733880901,0.5167430942242602,0.4564881317334024,0.742788385043755
20,bernoulli,1,32,0.3,1.0,raw,transport_binary_strength,1,9,0.4645686738163257,0.5240345528455284,0.4560989750467755,0.7450125435428717
43,bernoulli,1,32,0.3,1.0,raw,transport_binary_strength,1,7,0.4613681656324298,0.5257195047696367,0.4538078588845476,0.7564857484212323
11,bernoulli,1,32,0.3,1.0,raw,transport_binary_strength,1,7,0.4441535491539168,0.5186463548185232,0.4500113419586936,0.7783000197902237
40,bernoulli,1,32,0.3,1.0,raw,transport_binary_strength,1,8,0.4600797690026786,0.4849462539269764,0.4460213189856601,0.7727763515554212
37,bernoulli,1,32,0.3,1.0,raw,transport_binary_strength,1,8,0.4473857801534298,0.5035315589353612,0.464267951106773,0.7508177574948981
29,bernoulli,1,32,0.3,1.0,raw,transport_binary_strength,1,9,0.4407128145085585,0.5510979069403803,0.4638102606927634,0.712348367029549
17,bernoulli,1,32,0.3,1.0,raw,transport_binary_strength,1,6,0.438149532033994,0.4992742866567705,0.4575132778721523,0.7383662114314617
49,bernoulli,1,32,0.3,1.0,raw,transport_binary_strength,1,7,0.4482877620890165,0.5424551638837354,0.4515070805316544,0.7417139501540526
34,bernoulli,1,32,0.3,1.0,raw,transport_binary_strength,1,9,0.450062448751359,0.4780370540499158,0.4493885548633693,0.7704260903983835
0,bernoulli,1,32,0.3,1.0,raw,transport_binary_strength,1,17,0.4509140863506311,0.5155850009780492,0.4522492562061728,0.7632082043343653
4,bernoulli,1,32,0.3,1.0,raw,transport_binary_strength,1,8,0.4586081565920549,0.5286446629213484,0.4660525912438418,0.6822175351279172
12,bernoulli,1,32,0.3,1.0,raw,transport_binary_strength,1,6,0.4576011755857339,0.5191020441604195,0.4582499533006526,0.7243503011302697
22,bernoulli,1,32,0.3,1.0,raw,transport_binary_strength,1,10,0.4424240901459778,0.5395000659543596,0.4596499872104523,0.7337539679429399
14,bernoulli,1,32,0.3,1.0,raw,transport_binary_strength,1,9,0.4591798406719957,0.4825328448349887,0.457609935121789,0.7523679631857947
7,bernoulli,1,32,0.3,1.0,raw,transport_binary_strength,1,9,0.4445928480649017,0.512381791703387,0.4644500764405065,0.7037029218037494
19,bernoulli,1,32,0.3,1.0,raw,transport_binary_strength,1,5,0.4566402229718477,0.5043933686670254,0.4562052247533835,0.7586391164944781
8,bernoulli,1,32,0.3,1.0,raw,transport_binary_strength,1,16,0.4501829993825227,0.5043383530426214,0.463073082869763,0.7476724708815395
32,bernoulli,1,32,0.3,1.0,raw,transport_binary_strength,1,6,0.4413724565651468,0.5008287393669454,0.457535359730699,0.7491021046210157
9,bernoulli,1,32,0.3,1.0,raw,transport_binary_strength,1,7,0.4637385300351466,0.5411023344907642,0.4493161303248446,0.7729056330319078
16,bernoulli,1,32,0.3,1.0,raw,transport_binary_strength,1,9,0.4532854355227959,0.5221639291335405,0.4604588140497185,0.7235340529196932
41,bernoulli,1,32,0.3,1.0,raw,transport_binary_strength,1,9,0.4505214544156007,0.5352499632046313,0.4660102888698709,0.7382693703011872
38,bernoulli,1,32,0.3,1.0,raw,transport_binary_strength,1,6,0.4476395422462247,0.5209205316742082,0.4440682747322448,0.7592297538992634
45,bernoulli,1,32,0.3,1.0,raw,transport_binary_strength,1,9,0.4509295684000585,0.5140459023203371,0.4499263663447802,0.7350470115621085
10,bernoulli,1,32,0.3,1.0,raw,transport_binary_strength,1,8,0.4459741762847025,0.5376007193000657,0.4695350113652994,0.7357623080563307
46,bernoulli,1,32,0.3,1.0,raw,transport_binary_strength,1,8,0.463433908588798,0.5428376392297879,0.4495342473582188,0.7579396325459317
3,bernoulli,1,32,0.3,1.0,raw,transport_binary_strength,1,9,0.4536089943148394,0.5353223015560677,0.4514449478046277,0.735508124706159
33,bernoulli,1,32,0.3,1.0,raw,transport_binary_strength,1,6,0.4428878158558304,0.4876890477931097,0.4668548579894857,0.7358021407615178
42,bernoulli,1,32,0.3,1.0,raw,transport_binary_strength,1,9,0.4466866823356791,0.5014252179745137,0.4503695798193593,0.7326991370985327
24,bernoulli,1,32,0.3,1.0,raw,transport_binary_strength,1,7,0.4718465569115365,0.4872804752066115,0.4534545390728551,0.7617470705803975
36,bernoulli,1,32,0.3,1.0,raw,transport_binary_strength,1,9,0.4633586625881761,0.4816516976998904,0.4584352170527223,0.7792974676158244
31,bernoulli,1,32,0.3,1.0,raw,transport_binary_strength,1,7,0.4362088975425688,0.4896442411970362,0.4497575928204571,0.7419266693163753
27,bernoulli,1,32,0.3,1.0,raw,transport_binary_strength,1,7,0.4491706822427558,0.5255548984821605,0.4502663215027918,0.7520172378720871
6,bernoulli,1,32,0.3,1.0,raw,transport_binary_strength,1,14,0.4566680573641816,0.4960912698412698,0.4614653716687961,0.7424472613904319
1,bernoulli,1,32,0.3,1.0,raw,transport_binary_strength,1,18,0.4633217908029858,0.5471596998928188,0.4596506517891364,0.7017311548014484
21,bernoulli,1,32,0.3,1.0,raw,transport_binary_strength,1,7,0.4570496710300878,0.5136294852219435,0.4721394543090247,0.7097406673677861
2,bernoulli,1,32,0.3,1.0,raw,transport_binary_strength,1,19,0.4422274015506453,0.5286180700952199,0.4559485824629021,0.7318119318615843
26,bernoulli,1,32,0.3,1.0,raw,transport_binary_strength,1,7,0.4734255937142997,0.4635646463208832,0.4439254037980571,0.7688763609689357
30,bernoulli,1,32,0.3,1.0,raw,transport_binary_strength,1,7,0.4551472590901073,0.4895596625885565,0.4550576921713836,0.7518600325505695
39,bernoulli,1,32,0.3,1.0,raw,transport_binary_strength,1,9,0.4513126995718577,0.5149695136305852,0.4595193221001121,0.7061120634240412
5,bernoulli,1,32,0.3,1.0,raw,transport_binary_strength,1,6,0.4543437844983586,0.5135765908690287,0.4598906315487385,0.7206134867050096
28,bernoulli,1,32,0.3,1.0,raw,transport_binary_strength,1,7,0.4633309889237807,0.5381307339449541,0.4638207984616821,0.7454722492697177
47,bernoulli,1,32,0.3,1.0,raw,transport_binary_strength,1,7,0.4516098736791032,0.4860008536064874,0.4505282182768094,0.7341460674157304
44,bernoulli,1,32,0.3,1.0,raw,transport_binary_strength,1,9,0.4422634881713761,0.5223072244057646,0.4640179359025757,0.7618250856543433
15,bernoulli,1,32,0.3,1.0,raw,transport_binary_strength,1,10,0.4397968219772363,0.4756473829201101,0.4616626918474719,0.7251576654053435
35,bernoulli,1,32,0.3,1.0,raw,transport_binary_strength,1,10,0.4671289547627006,0.5443836206896552,0.4525195878620862,0.7611302316035428
25,bernoulli,1,32,0.3,1.0,raw,transport_binary_strength,1,10,0.443789269496217,0.5058638266130703,0.4620559506720342,0.7413913571808308
48,bernoulli,1,32,0.3,1.0,raw,transport_binary_strength,1,7,0.4601178235782262,0.5049363910750049,0.4596865051953763,0.7590752211660433
18,bernoulli,1,32,0.3,1.0,raw,transport_binary_strength,1,11,0.4580057953422065,0.5446194839192221,0.4552584442327534,0.7277801122082934
23,bernoulli,1,32,0.3,1.0,raw,transport_binary_strength,1,8,0.4214116130030739,0.5376241947810896,0.4618415211015194,0.7600795544948291
13,bernoulli,1,32,0.3,1.0,raw,transport_binary_strength,1,7,0.4641440438705041,0.5426961263020833,0.4526120933245383,0.7374126808413177
11,bernoulli,1,32,0.3,1.0,raw,transport_binary_strength,1,8,0.4444401713089694,0.5217589695452649,0.4505848884983691,0.7724409718522127
43,bernoulli,1,32,0.3,1.0,raw,transport_binary_strength,1,8,0.4607698167874577,0.5127217373655368,0.4584976375013531,0.7468541016928114
20,bernoulli,1,32,0.3,1.0,raw,transport_binary_strength,1,10,0.4642961305717907,0.4655115176151762,0.4565659134754827,0.760917676009076
37,bernoulli,1,32,0.3,1.0,raw,transport_binary_strength,1,9,0.4476533233919728,0.5365110266159696,0.4637688462265781,0.744653923365628
14,bernoulli,1,32,0.3,1.0,raw,transport_binary_strength,1,10,0.4589968578183283,0.50977831525317,0.4575201012150848,0.7364995609613321
34,bernoulli,1,32,0.3,1.0,raw,transport_binary_strength,1,10,0.4494746433028977,0.5343867707854847,0.4482809810431529,0.7480955786871472
40,bernoulli,1,32,0.3,1.0,raw,transport_binary_strength,1,9,0.4605618740548094,0.5322961000783376,0.4486411154098682,0.7592985502869225
22,bernoulli,1,32,0.3,1.0,raw,transport_binary_strength,1,11,0.4421988098261796,0.5476421316449018,0.4589588239335,0.7461613826076734
29,bernoulli,1,32,0.3,1.0,raw,transport_binary_strength,1,10,0.4411411333190283,0.5332238777075375,0.4648885464921665,0.72675933125972
0,bernoulli,1,32,0.3,1.0,raw,transport_binary_strength,1,18,0.4508954311793773,0.5136118930779632,0.4544928065067497,0.7839434984520124
49,bernoulli,1,32,0.3,1.0,raw,transport_binary_strength,1,8,0.4480794141505902,0.5103664192949907,0.452481371775393,0.7500838900582654
4,bernoulli,1,32,0.3,1.0,raw,transport_binary_strength,1,9,0.4585570111091144,0.5044452247191011,0.4669560595951981,0.705111377499924
17,bernoulli,1,32,0.3,1.0,raw,transport_binary_strength,1,7,0.438404646585371,0.5422810489856507,0.45821668664972,0.7266589978298824
7,bernoulli,1,32,0.3,1.0,raw,transport_binary_strength,1,10,0.4423837724889987,0.531345121349059,0.4622656228338038,0.7181092720824186
12,bernoulli,1,32,0.3,1.0,raw,transport_binary_strength,1,7,0.456240385424543,0.5041128999221662,0.4609166641698596,0.7169127959739297
19,bernoulli,1,32,0.3,1.0,raw,transport_binary_strength,1,6,0.4567738647824312,0.5334625789663789,0.4568045942588231,0.745809941484548
9,bernoulli,1,32,0.3,1.0,raw,transport_binary_strength,1,8,0.4651483771773045,0.4741947055996643,0.4498607360399507,0.7812295227302511
8,bernoulli,1,32,0.3,1.0,raw,transport_binary_strength,1,17,0.4502814618015578,0.5487111973392462,0.4631343312681229,0.7413423707685715
38,bernoulli,1,32,0.3,1.0,raw,transport_binary_strength,1,7,0.447884443883532,0.5210089083710407,0.4488287020182407,0.7962346821621875
32,bernoulli,1,32,0.3,1.0,raw,transport_binary_strength,1,7,0.4411706042250322,0.4810229637472162,0.4573071779851433,0.7381462559097147
46,bernoulli,1,32,0.3,1.0,raw,transport_binary_strength,1,9,0.4628582552766341,0.5135219820801098,0.4504574490392272,0.7737307250656169
41,bernoulli,1,32,0.3,1.0,raw,transport_binary_strength,1,10,0.4506378977248532,0.5152687152147487,0.4692666226818024,0.7290434876576563
3,bernoulli,1,32,0.3,1.0,raw,transport_binary_strength,1,10,0.4524804002774386,0.5099948151896204,0.4496351054076472,0.7793455424306535
45,bernoulli,1,32,0.3,1.0,raw,transport_binary_strength,1,10,0.4508580028438361,0.5306435819832651,0.4492511240032827,0.760493009459907
10,bernoulli,1,32,0.3,1.0,raw,transport_binary_strength,1,9,0.4459417481677866,0.5113843068091435,0.4697722256169935,0.7232074378681811
16,bernoulli,1,32,0.3,1.0,raw,transport_binary_strength,1,10,0.4508160926403858,0.5167198030590419,0.461512465635136,0.7233754402518281
42,bernoulli,1,32,0.3,1.0,raw,transport_binary_strength,1,10,0.4473742057567281,0.5375167672702884,0.4491667178330307,0.7550971932338557
33,bernoulli,1,32,0.3,1.0,raw,transport_binary_strength,1,7,0.4411504054667661,0.5165459654573701,0.4675234961087596,0.7354273462939678
24,bernoulli,1,32,0.3,1.0,raw,transport_binary_strength,1,8,0.4732997706540259,0.5107300813533058,0.4487189788509603,0.7563310734020456
36,bernoulli,1,32,0.3,1.0,raw,transport_binary_strength,1,10,0.4634100980882509,0.4874260679079956,0.4588353503551599,0.7695491500369549
27,bernoulli,1,32,0.3,1.0,raw,transport_binary_strength,1,8,0.4492569285215652,0.4907392075694855,0.4502327462808465,0.7541267676729627
31,bernoulli,1,32,0.3,1.0,raw,transport_binary_strength,1,8,0.4349688299291233,0.5138367498615947,0.4531891053991642,0.7432473834128246
6,bernoulli,1,32,0.3,1.0,raw,transport_binary_strength,1,15,0.4568799575401013,0.5270181405895692,0.4609816416924543,0.7437014353764104
2,bernoulli,1,32,0.3,1.0,raw,transport_binary_strength,1,20,0.4429153369813029,0.5367241835727866,0.4581406162873828,0.7441295546558705
30,bernoulli,1,32,0.3,1.0,raw,transport_binary_strength,1,8,0.4551490924821129,0.4888561358088096,0.4550362105161076,0.7500581260172052
1,bernoulli,1,32,0.3,1.0,raw,transport_binary_strength,1,19,0.4636321104588979,0.5286060460812313,0.4611761800625474,0.7030366280635605
39,bernoulli,1,32,0.3,1.0,raw,transport_binary_strength,1,10,0.4506639866887958,0.4405398088422242,0.4598632676405468,0.6955610313549032
21,bernoulli,1,32,0.3,1.0,raw,transport_binary_strength,1,8,0.4573506111644307,0.5254969189660814,0.4702382938483464,0.7253324202476744
26,bernoulli,1,32,0.3,1.0,raw,transport_binary_strength,1,8,0.4730511899037844,0.4958217270194985,0.4459737419205618,0.7699725539648394
5,bernoulli,1,32,0.3,1.0,raw,transport_binary_strength,1,7,0.454089059965236,0.5153358011634056,0.4598045974328206,0.720175877302659
47,bernoulli,1,32,0.3,1.0,raw,transport_binary_strength,1,8,0.4527292002792782,0.5064305022051501,0.4502060531030069,0.7315168539325841
15,bernoulli,1,32,0.3,1.0,raw,transport_binary_strength,1,11,0.439732272180617,0.5000220385674932,0.462092230149051,0.739999235561671
35,bernoulli,1,32,0.3,1.0,raw,transport_binary_strength,1,11,0.4669242589311621,0.505448275862069,0.4569194852669107,0.7635694100187872
28,bernoulli,1,32,0.3,1.0,raw,transport_binary_strength,1,8,0.4634317542791931,0.5391341743119265,0.4612543665671484,0.7331142486205777
18,bernoulli,1,32,0.3,1.0,raw,transport_binary_strength,1,12,0.4579153882698122,0.5379768137621541,0.4548075121036904,0.7386391048237115
44,bernoulli,1,32,0.3,1.0,raw,transport_binary_strength,1,10,0.4424251510873353,0.5019573897311124,0.4626375303181999,0.7493189532421016
25,bernoulli,1,32,0.3,1.0,raw,transport_binary_strength,1,11,0.4438854071380846,0.4999917119058472,0.4625151032481954,0.7333029543555859
23,bernoulli,1,32,0.3,1.0,raw,transport_binary_strength,1,9,0.4219004835273393,0.5193525494049569,0.4617321793463765,0.7640692124105012
11,bernoulli,1,32,0.3,1.0,raw,transport_binary_strength,1,9,0.4444959415297714,0.5110163746349604,0.4510603267283794,0.778669183577159
13,bernoulli,1,32,0.3,1.0,raw,transport_binary_strength,1,8,0.4639630188581886,0.4759195963541667,0.45261693291901,0.7540405389930146
48,bernoulli,1,32,0.3,1.0,raw,transport_binary_strength,1,8,0.4602960552274446,0.5448675636794449,0.4608781259087753,0.7460235416220491
43,bernoulli,1,32,0.3,1.0,raw,transport_binary_strength,1,9,0.4606627113971355,0.5145199918814695,0.4583391727451213,0.7466873031389161
20,bernoulli,1,32,0.3,1.0,raw,transport_binary_strength,1,11,0.4643567202578265,0.4772289972899728,0.4561181034540036,0.767648844715733
14,bernoulli,1,32,0.3,1.0,raw,transport_binary_strength,1,11,0.4589718593757793,0.5120431061625211,0.4587122658430381,0.7437680900191876
34,bernoulli,1,32,0.3,1.0,raw,transport_binary_strength,1,11,0.4498535315247474,0.5364752717807381,0.4486788947319972,0.7606158033984459
22,bernoulli,1,32,0.3,1.0,raw,transport_binary_strength,1,12,0.4404498178148883,0.5171613243635405,0.458443294324707,0.7255437551436298
37,bernoulli,1,32,0.3,1.0,raw,transport_binary_strength,1,10,0.4477862031327127,0.5253961977186312,0.46482639120051,0.726278798156253
40,bernoulli,1,32,0.3,1.0,raw,transport_binary_strength,1,10,0.459957876013025,0.5319044119428539,0.4512406168831276,0.7795983086680762
49,bernoulli,1,32,0.3,1.0,raw,transport_binary_strength,1,9,0.4481441082997092,0.5270214904143475,0.4548704303712146,0.7461505902809555
7,bernoulli,1,32,0.3,1.0,raw,transport_binary_strength,1,11,0.4427214583152983,0.5237010369203653,0.4634200983259411,0.7323636210099645
29,bernoulli,1,32,0.3,1.0,raw,transport_binary_strength,1,11,0.4413032580376207,0.54454546131451,0.4667528203502049,0.7112150077760497
0,bernoulli,1,32,0.3,1.0,raw,transport_binary_strength,1,19,0.4508638197250615,0.4961430843418579,0.4533146264123529,0.7625735294117647
4,bernoulli,1,32,0.3,1.0,raw,transport_binary_strength,1,10,0.4582288651907275,0.5037675561797753,0.4678729276037933,0.7005212284907893
19,bernoulli,1,32,0.3,1.0,raw,transport_binary_strength,1,7,0.4568795335442963,0.5163903611260587,0.4558855351621105,0.7239147615362251
12,bernoulli,1,32,0.3,1.0,raw,transport_binary_strength,1,8,0.4561553288572194,0.5391258039408463,0.4600561411951549,0.728999257487006
17,bernoulli,1,32,0.3,1.0,raw,transport_binary_strength,1,8,0.4384932143144137,0.5071375556655121,0.4593548030695172,0.7538201413023968
38,bernoulli,1,32,0.3,1.0,raw,transport_binary_strength,1,8,0.4477022197347984,0.5018488404977375,0.4463404953449408,0.7680904738474034
9,bernoulli,1,32,0.3,1.0,raw,transport_binary_strength,1,9,0.4650029943482577,0.5098009354207701,0.4518194793951529,0.7689007608871621
3,bernoulli,1,32,0.3,1.0,raw,transport_binary_strength,1,11,0.4528586328198521,0.5009838646202283,0.4513695684194391,0.7754723495533616
46,bernoulli,1,32,0.3,1.0,raw,transport_binary_strength,1,10,0.4630945939341364,0.5333778470766408,0.4511591261346422,0.7547367125984252
8,bernoulli,1,32,0.3,1.0,raw,transport_binary_strength,1,18,0.4522963708234358,0.4958271741808326,0.4628965803962396,0.7344006855985353
42,bernoulli,1,32,0.3,1.0,raw,transport_binary_strength,1,11,0.4472629097268921,0.552276622699158,0.4492419858811007,0.7389294726020996
32,bernoulli,1,32,0.3,1.0,raw,transport_binary_strength,1,8,0.4414602094769122,0.5369062830856851,0.4581619198638696,0.7195516242183926
10,bernoulli,1,32,0.3,1.0,raw,transport_binary_strength,1,10,0.4463785361451958,0.4907874260815437,0.4713527106865021,0.7203048253129027
41,bernoulli,1,32,0.3,1.0,raw,transport_binary_strength,1,11,0.4507689390038524,0.5221399096196722,0.4667593011138774,0.7323857233277242
45,bernoulli,1,32,0.3,1.0,raw,transport_binary_strength,1,11,0.4512843367544534,0.5578192688861194,0.4499635906854922,0.7566593713553441
16,bernoulli,1,32,0.3,1.0,raw,transport_binary_strength,1,11,0.4522534077612433,0.4992937568102021,0.4598248355305413,0.7159125108792022
33,bernoulli,1,32,0.3,1.0,raw,transport_binary_strength,1,8,0.4410393633337094,0.4867266745864936,0.4665825323772601,0.7310225037882452
27,bernoulli,1,32,0.3,1.0,raw,transport_binary_strength,1,9,0.4492943907370396,0.5199408633944412,0.4521390778003304,0.7516103999819183
36,bernoulli,1,32,0.3,1.0,raw,transport_binary_strength,1,11,0.4633597077551962,0.5323242059145674,0.4574495178522406,0.7935270548877738
6,bernoulli,1,32,0.3,1.0,raw,transport_binary_strength,1,16,0.4569964925476969,0.5492120181405896,0.4617545112406014,0.7377352070771811
31,bernoulli,1,32,0.3,1.0,raw,transport_binary_strength,1,9,0.4362763595268704,0.545704123343875,0.4535080014556526,0.7659417229729729
24,bernoulli,1,32,0.3,1.0,raw,transport_binary_strength,1,9,0.4718590468432031,0.5015899405991735,0.4548692019020462,0.7547850452639416
30,bernoulli,1,32,0.3,1.0,raw,transport_binary_strength,1,9,0.4550850339700696,0.5000914584813672,0.4549812901496227,0.7402950310559007
2,bernoulli,1,32,0.3,1.0,raw,transport_binary_strength,1,21,0.4426448121968082,0.5102078470066341,0.4582837540369202,0.7438029944236497
39,bernoulli,1,32,0.3,1.0,raw,transport_binary_strength,1,11,0.4505503944297878,0.5022452799096002,0.4599957787019429,0.6974501821298479
26,bernoulli,1,32,0.3,1.0,raw,transport_binary_strength,1,9,0.4724243477904408,0.5236497705846871,0.4478055535234903,0.7728943616118158
1,bernoulli,1,32,0.3,1.0,raw,transport_binary_strength,1,20,0.4648034374804687,0.506084693069175,0.4618674288995084,0.694552922165365
21,bernoulli,1,32,0.3,1.0,raw,transport_binary_strength,1,9,0.4572541109216265,0.5287040571490893,0.472958617793407,0.7175915735237769
15,bernoulli,1,32,0.3,1.0,raw,transport_binary_strength,1,12,0.440000218938643,0.5135757575757576,0.462632505663654,0.731173795054084
47,bernoulli,1,32,0.3,1.0,raw,transport_binary_strength,1,9,0.451292310881499,0.5434094465784607,0.4528162496291738,0.7524232209737828
18,bernoulli,1,32,0.3,1.0,raw,transport_binary_strength,1,13,0.4578245890456641,0.544502617801047,0.454878145081753,0.7231637758635447
5,bernoulli,1,32,0.3,1.0,raw,transport_binary_strength,1,8,0.4539614389455421,0.5093389740877843,0.4593983508033528,0.7003229974160207
35,bernoulli,1,32,0.3,1.0,raw,transport_binary_strength,1,12,0.4669236206618457,0.4805387931034482,0.4574374488635607,0.7490665603637454
23,bernoulli,1,32,0.3,1.0,raw,transport_binary_strength,1,10,0.4215381478415425,0.5029178949666994,0.4605252636990683,0.7684447096260939
28,bernoulli,1,32,0.3,1.0,raw,transport_binary_strength,1,9,0.4634229922451408,0.518782253440367,0.4641995494136899,0.7420886075949367
11,bernoulli,1,32,0.3,1.0,raw,transport_binary_strength,1,10,0.4445987636739021,0.5024444618272841,0.4535078700254392,0.763632419430955
44,bernoulli,1,32,0.3,1.0,raw,transport_binary_strength,1,11,0.4412190876039561,0.5198351425541207,0.4629054006801676,0.7462357957378238
25,bernoulli,1,32,0.3,1.0,raw,transport_binary_strength,1,12,0.4439126314418182,0.5164352907049024,0.4623091381198818,0.7416571732361206
43,bernoulli,1,32,0.3,1.0,raw,transport_binary_strength,1,10,0.4605617769918721,0.544798051552669,0.4595681232184626,0.7498079877112135
34,bernoulli,1,32,0.3,1.0,raw,transport_binary_strength,1,12,0.4500155472718776,0.4991701117746134,0.4497748540210047,0.7645565840549418
13,bernoulli,1,32,0.3,1.0,raw,transport_binary_strength,1,9,0.4641244114893381,0.4913492838541667,0.455635531660895,0.7524888345993817
22,bernoulli,1,32,0.3,1.0,raw,transport_binary_strength,1,13,0.4412423563827397,0.5390746603350481,0.460425901176514,0.740565113453776
20,bernoulli,1,32,0.3,1.0,raw,transport_binary_strength,1,12,0.4642200453004128,0.5031097560975609,0.4584906012030402,0.7664244511201304
14,bernoulli,1,32,0.3,1.0,raw,transport_binary_strength,1,12,0.4589104288473979,0.5117032086326817,0.456161502851533,0.7542176168330677
7,bernoulli,1,32,0.3,1.0,raw,transport_binary_strength,1,12,0.4427787070345703,0.5098598063665285,0.4637415022984028,0.7336767437932781
48,bernoulli,1,32,0.3,1.0,raw,transport_binary_strength,1,9,0.4606452273892675,0.5172491608135172,0.4620781218020162,0.7603705046045369
40,bernoulli,1,32,0.3,1.0,raw,transport_binary_strength,1,11,0.4601144392775282,0.5051000218053189,0.449983509741743,0.7598686197523407
37,bernoulli,1,32,0.3,1.0,raw,transport_binary_strength,1,11,0.4477860533843816,0.5442311787072243,0.4628377312808536,0.7297888169844178
49,bernoulli,1,32,0.3,1.0,raw,transport_binary_strength,1,10,0.4483181259555315,0.5093885281385282,0.4548859906935233,0.7481887373783593
19,bernoulli,1,32,0.3,1.0,raw,transport_binary_strength,1,8,0.4572300274899743,0.4947073176125431,0.4592200141050859,0.7645029462468623
0,bernoulli,1,32,0.3,1.0,raw,transport_binary_strength,1,20,0.4509005866271733,0.5028150806677949,0.4536679566511237,0.7687886996904025
29,bernoulli,1,32,0.3,1.0,raw,transport_binary_strength,1,12,0.4415707745758785,0.5211204682020238,0.4667643930793523,0.7283864696734059
38,bernoulli,1,32,0.3,1.0,raw,transport_binary_strength,1,9,0.4477882164109675,0.5201180712669684,0.4492128123015361,0.7825901887735577
17,bernoulli,1,32,0.3,1.0,raw,transport_binary_strength,1,9,0.4393025797365486,0.5370196272472374,0.4631182758651401,0.7125613914859594
4,bernoulli,1,32,0.3,1.0,raw,transport_binary_strength,1,11,0.4582829574152565,0.5125561797752809,0.4669974466791131,0.7152590209705321
46,bernoulli,1,32,0.3,1.0,raw,transport_binary_strength,1,11,0.4629759086238255,0.5324788684059355,0.4516563786529102,0.7670132053805775
12,bernoulli,1,32,0.3,1.0,raw,transport_binary_strength,1,9,0.456717473099105,0.4756708041456721,0.4612601331047455,0.7326623215906279
3,bernoulli,1,32,0.3,1.0,raw,transport_binary_strength,1,12,0.4543437844983586,0.5366247509104651,0.4533668234524033,0.7548575605312647
42,bernoulli,1,32,0.3,1.0,raw,transport_binary_strength,1,12,0.4467662205379782,0.530236977420076,0.4531532311688507,0.7257328432136071
9,bernoulli,1,32,0.3,1.0,raw,transport_binary_strength,1,10,0.4647889305295249,0.5485782551898254,0.4521597413860176,0.7724199603752785
10,bernoulli,1,32,0.3,1.0,raw,transport_binary_strength,1,11,0.4468308046801307,0.4968668949061106,0.4720120729846093,0.719945823338392
8,bernoulli,1,32,0.3,1.0,raw,transport_binary_strength,1,19,0.4503830127453251,0.5321700234047795,0.4636887699124719,0.7310915040317868
32,bernoulli,1,32,0.3,1.0,raw,transport_binary_strength,1,9,0.4414167149746401,0.5193968821875798,0.4584781858544343,0.7140918102790912
27,bernoulli,1,32,0.3,1.0,raw,transport_binary_strength,1,10,0.4494686095263968,0.4819830475064064,0.4523817082687985,0.7401209966021502
41,bernoulli,1,32,0.3,1.0,raw,transport_binary_strength,1,12,0.4511616363024182,0.4969500727730625,0.4716779183617184,0.7492339101841703
45,bernoulli,1,32,0.3,1.0,raw,transport_binary_strength,1,12,0.4542739540937027,0.567284582517358,0.4528822083980076,0.7394799930886524
33,bernoulli,1,32,0.3,1.0,raw,transport_binary_strength,1,9,0.4413198200780812,0.5012250982363154,0.4685956859898427,0.7313569977754135
31,bernoulli,1,32,0.3,1.0,raw,transport_binary_strength,1,10,0.4352672175168658,0.5268354833572225,0.4534579402173288,0.7686266229464759
6,bernoulli,1,32,0.3,1.0,raw,transport_binary_strength,1,17,0.456920447326544,0.5370294784580498,0.4628367815209777,0.7392900663090094
16,bernoulli,1,32,0.3,1.0,raw,transport_binary_strength,1,12,0.4504574821192899,0.517635901368094,0.4629158785727745,0.7285344189489268
2,bernoulli,1,32,0.3,1.0,raw,transport_binary_strength,1,22,0.4427497302129388,0.5112908013059626,0.4572481472130097,0.7485409823542892
36,bernoulli,1,32,0.3,1.0,raw,transport_binary_strength,1,12,0.463402927366962,0.536039430449069,0.4586610507483821,0.7813513828918193
30,bernoulli,1,32,0.3,1.0,raw,transport_binary_strength,1,10,0.4551263218844525,0.5233113598469126,0.454814507092483,0.7396120503537382
39,bernoulli,1,32,0.3,1.0,raw,transport_binary_strength,1,12,0.4508784276981635,0.4942941051838599,0.4604223735018366,0.7083244053996143
24,bernoulli,1,32,0.3,1.0,raw,transport_binary_strength,1,10,0.4715678712350615,0.5165410317665289,0.4570263919409105,0.7430712858094605
26,bernoulli,1,32,0.3,1.0,raw,transport_binary_strength,1,10,0.4721511948297409,0.5021043856617124,0.4478068845600467,0.7710337182371898
15,bernoulli,1,32,0.3,1.0,raw,transport_binary_strength,1,13,0.4401500685491035,0.4978328741965105,0.4624041000381195,0.7449031074418071
1,bernoulli,1,32,0.3,1.0,raw,transport_binary_strength,1,21,0.4635599343490011,0.5177914028745848,0.4596401967204434,0.6979998952628901
21,bernoulli,1,32,0.3,1.0,raw,transport_binary_strength,1,10,0.4568690150608637,0.5341503980804886,0.4715924863590466,0.6978094096738164
18,bernoulli,1,32,0.3,1.0,raw,transport_binary_strength,1,14,0.4578148571643752,0.5174270755422588,0.4550107979803188,0.7401234135599287
47,bernoulli,1,32,0.3,1.0,raw,transport_binary_strength,1,10,0.4524097717278779,0.5218345426091904,0.4514683331571936,0.748063670411985
35,bernoulli,1,32,0.3,1.0,raw,transport_binary_strength,1,13,0.4667830365416148,0.522896551724138,0.4601183093609724,0.7445138220110198
23,bernoulli,1,32,0.3,1.0,raw,transport_binary_strength,1,11,0.4240379341560703,0.5305628343705644,0.4621473856212623,0.7544868735083532
5,bernoulli,1,32,0.3,1.0,raw,transport_binary_strength,1,9,0.4545537030761238,0.5355931605852282,0.4644900186193079,0.6974910394265232
11,bernoulli,1,32,0.3,1.0,raw,transport_binary_strength,1,11,0.4448511008756345,0.5225672715894869,0.4529959067250258,0.7567020353483841
28,bernoulli,1,32,0.3,1.0,raw,transport_binary_strength,1,10,0.4633737449237959,0.538725630733945,0.4647836726498769,0.7555988315481987
44,bernoulli,1,32,0.3,1.0,raw,transport_binary_strength,1,12,0.4427775964596301,0.5092917524486867,0.465024063656727,0.7672515226330883
25,bernoulli,1,32,0.3,1.0,raw,transport_binary_strength,1,13,0.4438593058216609,0.5287513986158883,0.4628978358483711,0.7286568694463431
34,bernoulli,1,32,0.3,1.0,raw,transport_binary_strength,1,13,0.4502230985262941,0.5256622263053131,0.4505613250029195,0.7559806120535807
22,bernoulli,1,32,0.3,1.0,raw,transport_binary_strength,1,14,0.4407723187309491,0.537699511937739,0.4557148813097726,0.733624642395266
43,bernoulli,1,32,0.3,1.0,raw,transport_binary_strength,1,11,0.4605423963489146,0.5106230972194032,0.459765771494723,0.7662551009325204
7,bernoulli,1,32,0.3,1.0,raw,transport_binary_strength,1,13,0.4444087712885851,0.521107173438838,0.4667893253497994,0.7297711535213647
13,bernoulli,1,32,0.3,1.0,raw,transport_binary_strength,1,10,0.4636919835140349,0.4946248372395833,0.4551125542055572,0.7546016719471694
14,bernoulli,1,32,0.3,1.0,raw,transport_binary_strength,1,13,0.4589564051120799,0.5051020408163266,0.4595742837885881,0.7595816124101596
20,bernoulli,1,32,0.3,1.0,raw,transport_binary_strength,1,13,0.4644183608664843,0.488970189701897,0.4554915453537593,0.7301180850723851
19,bernoulli,1,32,0.3,1.0,raw,transport_binary_strength,1,9,0.4571284818331536,0.5198033304093351,0.4562726694510813,0.7312138373278627
37,bernoulli,1,32,0.3,1.0,raw,transport_binary_strength,1,12,0.448538738214005,0.5220349809885931,0.4662243352530275,0.7319459511132724
49,bernoulli,1,32,0.3,1.0,raw,transport_binary_strength,1,11,0.4484760281164479,0.5030187074829933,0.455942650701178,0.7426329276105063
40,bernoulli,1,32,0.3,1.0,raw,transport_binary_strength,1,12,0.4600014314421897,0.484013470841443,0.4505223309118999,0.7725705980066445
48,bernoulli,1,32,0.3,1.0,raw,transport_binary_strength,1,10,0.4610752611063256,0.543039688584243,0.462723166519845,0.7464992339500174
38,bernoulli,1,32,0.3,1.0,raw,transport_binary_strength,1,10,0.447835218062278,0.551410492081448,0.4528141764365597,0.784570085209744
0,bernoulli,1,32,0.3,1.0,raw,transport_binary_strength,1,21,0.4506411382613323,0.5216616630237878,0.4568900843998982,0.7854353715170279
46,bernoulli,1,32,0.3,1.0,raw,transport_binary_strength,1,12,0.4632809759592722,0.5264881640692026,0.4538813395402824,0.753317749343832
29,bernoulli,1,32,0.3,1.0,raw,transport_binary_strength,1,13,0.4436136768376082,0.5313065427658766,0.4680723378159591,0.7213219284603422
3,bernoulli,1,32,0.3,1.0,raw,transport_binary_strength,1,13,0.4542911912951233,0.5214138915437616,0.4533079863075971,0.762917988951575
42,bernoulli,1,32,0.3,1.0,raw,transport_binary_strength,1,13,0.447460531886436,0.5570459795811908,0.4515095887649777,0.7420251705554343
4,bernoulli,1,32,0.3,1.0,raw,transport_binary_strength,1,12,0.4580003619858923,0.515565308988764,0.4696696003024033,0.6777165336408607
17,bernoulli,1,32,0.3,1.0,raw,transport_binary_strength,1,10,0.4393095841690227,0.532632360217714,0.4625629762354062,0.7164508786528955
12,bernoulli,1,32,0.3,1.0,raw,transport_binary_strength,1,10,0.4564345940052488,0.5045184547949695,0.4630219478472186,0.7340483458460523
27,bernoulli,1,32,0.3,1.0,raw,transport_binary_strength,1,11,0.4496179879802772,0.5057756751429134,0.4528724196642428,0.7626665963490066
10,bernoulli,1,32,0.3,1.0,raw,transport_binary_strength,1,12,0.4470943472798195,0.5104575163398692,0.4723175348445351,0.7163965992722052
32,bernoulli,1,32,0.3,1.0,raw,transport_binary_strength,1,10,0.4414727321285031,0.5043298893797232,0.4593993076718236,0.7232614000305018
8,bernoulli,1,32,0.3,1.0,raw,transport_binary_strength,1,20,0.4504434559548601,0.5172456270017246,0.4634993851769741,0.7480737018425461
9,bernoulli,1,32,0.3,1.0,raw,transport_binary_strength,1,11,0.4646898223162189,0.5060342085135474,0.4521301298781193,0.7829737042947338
31,bernoulli,1,32,0.3,1.0,raw,transport_binary_strength,1,11,0.4353406614681856,0.4831145390151601,0.453065391434473,0.7644698926868045
41,bernoulli,1,32,0.3,1.0,raw,transport_binary_strength,1,13,0.4512140163540826,0.4813897201916629,0.4715912856510995,0.7402009972675486
6,bernoulli,1,32,0.3,1.0,raw,transport_binary_strength,1,18,0.4570139531179938,0.5096371882086168,0.4609779889702333,0.7399982591906819
45,bernoulli,1,32,0.3,1.0,raw,transport_binary_strength,1,13,0.4516074814881641,0.5376906415049552,0.4497899114755035,0.7422553310967446
33,bernoulli,1,32,0.3,1.0,raw,transport_binary_strength,1,10,0.4421916489692929,0.4793446723933107,0.4686094550197266,0.7323806299771093
2,bernoulli,1,32,0.3,1.0,raw,transport_binary_strength,1,23,0.4428355109105369,0.5548055094297243,0.4577387037461561,0.7524749828126194
30,bernoulli,1,32,0.3,1.0,raw,transport_binary_strength,1,11,0.4551510240835582,0.527623979006761,0.4559931090643619,0.7419786096256685
39,bernoulli,1,32,0.3,1.0,raw,transport_binary_strength,1,13,0.4520484863275738,0.5252218795611846,0.4616310268662532,0.7148703664023999
16,bernoulli,1,32,0.3,1.0,raw,transport_binary_strength,1,13,0.4524737808629701,0.5289842205093023,0.4627053739163108,0.7228345303844932
36,bernoulli,1,32,0.3,1.0,raw,transport_binary_strength,1,13,0.4634859305173283,0.513485213581599,0.4595632595521338,0.7809195938849341
24,bernoulli,1,32,0.3,1.0,raw,transport_binary_strength,1,11,0.4722361786578216,0.4805413868801653,0.4530684008272601,0.7752282791864247
18,bernoulli,1,32,0.3,1.0,raw,transport_binary_strength,1,15,0.4578743193098294,0.4964566192969334,0.4559393824799275,0.7226210207686502
15,bernoulli,1,32,0.3,1.0,raw,transport_binary_strength,1,14,0.4432037012993158,0.4986703397612488,0.4633466831978123,0.7483851240301189
1,bernoulli,1,32,0.3,1.0,raw,transport_binary_strength,1,22,0.4638056021515296,0.5009453243061519,0.460822850856013,0.6896751653350092
26,bernoulli,1,32,0.3,1.0,raw,transport_binary_strength,1,11,0.4718748995799785,0.4992104317887617,0.4501558729260874,0.7767269160711783
47,bernoulli,1,32,0.3,1.0,raw,transport_binary_strength,1,11,0.4524372241433951,0.5212690283112819,0.4524763825349338,0.7540524344569288
21,bernoulli,1,32,0.3,1.0,raw,transport_binary_strength,1,11,0.4570483995138134,0.5293857018213546,0.4759376995264087,0.7022117869575497
23,bernoulli,1,32,0.3,1.0,raw,transport_binary_strength,1,12,0.4222740475981777,0.5318402664046293,0.4617177534011955,0.7690175019888623
35,bernoulli,1,32,0.3,1.0,raw,transport_binary_strength,1,14,0.4669480178857519,0.5179612068965518,0.4603134715684425,0.7568735100487836
11,bernoulli,1,32,0.3,1.0,raw,transport_binary_strength,1,12,0.4448031808880062,0.4946678139340842,0.4530417102691022,0.7714419461401453
5,bernoulli,1,32,0.3,1.0,raw,transport_binary_strength,1,10,0.4543113962019147,0.5137704918032786,0.4633042141657044,0.7266149870801034
22,bernoulli,1,32,0.3,1.0,raw,transport_binary_strength,1,15,0.4417549039161559,0.5233610341643582,0.4614749135496812,0.7436414939060234
34,bernoulli,1,32,0.3,1.0,raw,transport_binary_strength,1,14,0.4501074583178507,0.5445597917623641,0.4507276486637985,0.7730874193615589
28,bernoulli,1,32,0.3,1.0,raw,transport_binary_strength,1,11,0.4633818968986902,0.5358586582568807,0.4667295782508029,0.7336984745212594
43,bernoulli,1,32,0.3,1.0,raw,transport_binary_strength,1,12,0.4610208662259094,0.5204789933022123,0.4548795373191872,0.7502211050598148
7,bernoulli,1,32,0.3,1.0,raw,transport_binary_strength,1,14,0.4462952728173278,0.5506490908977268,0.4671418100680086,0.7257093396385745
25,bernoulli,1,32,0.3,1.0,raw,transport_binary_strength,1,14,0.4433794731256494,0.50743027640794,0.467238484665778,0.7363028784081416
44,bernoulli,1,32,0.3,1.0,raw,transport_binary_strength,1,13,0.44149970019083,0.5174137500779836,0.461588206288835,0.7519075292062365
19,bernoulli,1,32,0.3,1.0,raw,transport_binary_strength,1,10,0.4571791841450766,0.5090005086282517,0.4583871567796445,0.7461068183400285
14,bernoulli,1,32,0.3,1.0,raw,transport_binary_strength,1,14,0.459018624833742,0.50436142198815,0.4612396187634919,0.7613296367361541
13,bernoulli,1,32,0.3,1.0,raw,transport_binary_strength,1,11,0.4635742868954191,0.5068684895833334,0.454283187804347,0.7532923617208077
37,bernoulli,1,32,0.3,1.0,raw,transport_binary_strength,1,13,0.4500179975937231,0.5191817490494297,0.4672088241813846,0.7587417964480022
38,bernoulli,1,32,0.3,1.0,raw,transport_binary_strength,1,11,0.4477492636935997,0.5266579468325792,0.4500972781735316,0.7706912845505596
49,bernoulli,1,32,0.3,1.0,raw,transport_binary_strength,1,12,0.448547093361101,0.526727736549165,0.455787269884698,0.7564252158262408
20,bernoulli,1,32,0.3,1.0,raw,transport_binary_strength,1,14,0.4640051064498029,0.4969850948509485,0.4591941191929726,0.7633724553385959
40,bernoulli,1,32,0.3,1.0,raw,transport_binary_strength,1,13,0.4598482483913736,0.51991552457944,0.4512040758407925,0.7582792207792208
48,bernoulli,1,32,0.3,1.0,raw,transport_binary_strength,1,11,0.4589409016251041,0.4817353530224817,0.4601010475660394,0.7568059010559959
0,bernoulli,1,32,0.3,1.0,raw,transport_binary_strength,1,22,0.4507887398347136,0.5108946173276294,0.4540231124219048,0.7716950464396285
46,bernoulli,1,32,0.3,1.0,raw,transport_binary_strength,1,13,0.4634677653034401,0.5207361926574704,0.4537883539777979,0.7632463910761155
3,bernoulli,1,32,0.3,1.0,raw,transport_binary_strength,1,14,0.4538439276188681,0.5380490120749861,0.4517506936547718,0.7661098377997181
27,bernoulli,1,32,0.3,1.0,raw,transport_binary_strength,1,12,0.4496435064622542,0.5029213483146068,0.4521659534596125,0.7577242693869555
10,bernoulli,1,32,0.3,1.0,raw,transport_binary_strength,1,13,0.447537102413222,0.5292596050765985,0.4730718850187517,0.7158968522054144
42,bernoulli,1,32,0.3,1.0,raw,transport_binary_strength,1,14,0.4466571750480496,0.5327520679633355,0.4531986571329933,0.7434308900034267
17,bernoulli,1,32,0.3,1.0,raw,transport_binary_strength,1,11,0.4395789750351679,0.557999340260597,0.4633774109184168,0.7299223326317164
29,bernoulli,1,32,0.3,1.0,raw,transport_binary_strength,1,14,0.4434816301147513,0.5315187526526236,0.4670024881858215,0.7367029548989115
12,bernoulli,1,32,0.3,1.0,raw,transport_binary_strength,1,11,0.4565306473155577,0.498418745647454,0.4614583483309201,0.7273409784671232
4,bernoulli,1,32,0.3,1.0,raw,transport_binary_strength,1,13,0.4580316923703726,0.5408075842696629,0.4667319727513334,0.7063328882279749
32,bernoulli,1,32,0.3,1.0,raw,transport_binary_strength,1,11,0.4415298727660535,0.5423460260669563,0.4592926126675866,0.720413298764679
31,bernoulli,1,32,0.3,1.0,raw,transport_binary_strength,1,12,0.4372441531456191,0.4989572194541138,0.453897541113608,0.7455451775304717
8,bernoulli,1,32,0.3,1.0,raw,transport_binary_strength,1,21,0.4506926530483376,0.4761525314116777,0.4643826642180517,0.7348564528066691
6,bernoulli,1,32,0.3,1.0,raw,transport_binary_strength,1,19,0.4573252457764599,0.5570493197278912,0.4623901784519128,0.7368885407270251
41,bernoulli,1,32,0.3,1.0,raw,transport_binary_strength,1,14,0.4510097460063771,0.4802177195593277,0.4698460639056818,0.7237869922966484
2,bernoulli,1,32,0.3,1.0,raw,transport_binary_strength,1,24,0.4430641670330218,0.509108848939908,0.4573350532416449,0.728603620808189
9,bernoulli,1,32,0.3,1.0,raw,transport_binary_strength,1,12,0.4646637351623395,0.5046297236379881,0.4538537446478924,0.7799806501846327
39,bernoulli,1,32,0.3,1.0,raw,transport_binary_strength,1,14,0.4512939948406197,0.4879025613258628,0.4607307325930644,0.705321048496536
30,bernoulli,1,32,0.3,1.0,raw,transport_binary_strength,1,12,0.4552890632530291,0.495947685748658,0.456044264353671,0.7423875676752915
45,bernoulli,1,32,0.3,1.0,raw,transport_binary_strength,1,14,0.4517017242273743,0.5137046762803394,0.4505897664013686,0.7431318483535153
33,bernoulli,1,32,0.3,1.0,raw,transport_binary_strength,1,11,0.4416377380481877,0.5018276523805172,0.4691268995121048,0.7417384015217461
16,bernoulli,1,32,0.3,1.0,raw,transport_binary_strength,1,14,0.4520846295081805,0.5077162113079623,0.4634526538750668,0.7235421869026607
36,bernoulli,1,32,0.3,1.0,raw,transport_binary_strength,1,14,0.4634296160366228,0.5231062431544359,0.4585357908831167,0.760314311277084
15,bernoulli,1,32,0.3,1.0,raw,transport_binary_strength,1,15,0.4433177978917574,0.4879008264462809,0.4650404858397163,0.7349501203990368
18,bernoulli,1,32,0.3,1.0,raw,transport_binary_strength,1,16,0.4574791759170917,0.5037023186237845,0.4586384707583419,0.7321260436849764
24,bernoulli,1,32,0.3,1.0,raw,transport_binary_strength,1,12,0.4725614090023859,0.5190712164256198,0.4536475588491612,0.7720264921424933
1,bernoulli,1,32,0.3,1.0,raw,transport_binary_strength,1,23,0.4637481054745455,0.5373403100930013,0.461039289453132,0.683271239189634
23,bernoulli,1,32,0.3,1.0,raw,transport_binary_strength,1,13,0.4228498357512917,0.5265203624849875,0.4623063661571432,0.7618297533810661
26,bernoulli,1,32,0.3,1.0,raw,transport_binary_strength,1,12,0.4718408565926448,0.4946865109217955,0.450952088297826,0.7675452694739098
47,bernoulli,1,32,0.3,1.0,raw,transport_binary_strength,1,12,0.4511446593692185,0.518992744344857,0.4552963453999515,0.7378352059925093
21,bernoulli,1,32,0.3,1.0,raw,transport_binary_strength,1,12,0.4571488221052896,0.5561709292180173,0.4744666242006029,0.716077237263678
35,bernoulli,1,32,0.3,1.0,raw,transport_binary_strength,1,15,0.4668035147605706,0.531978448275862,0.4553586561781583,0.7702475489809129
11,bernoulli,1,32,0.3,1.0,raw,transport_binary_strength,1,13,0.4478069677497001,0.5200478462661661,0.4564741766196982,0.7632594498317831
5,bernoulli,1,32,0.3,1.0,raw,transport_binary_strength,1,11,0.4543231874490135,0.5181526529173277,0.4642490461562572,0.7119446528298741
22,bernoulli,1,32,0.3,1.0,raw,transport_binary_strength,1,16,0.4413838169845331,0.5699478960559293,0.4614150757531675,0.7179135478308578
7,bernoulli,1,32,0.3,1.0,raw,transport_binary_strength,1,15,0.4436641267508657,0.5084597451138487,0.4644867624176632,0.7111256544502618
34,bernoulli,1,32,0.3,1.0,raw,transport_binary_strength,1,15,0.4513811394034399,0.5093431327514929,0.4499732936775701,0.763511495968946
19,bernoulli,1,32,0.3,1.0,raw,transport_binary_strength,1,11,0.4573174257199549,0.5344614069099729,0.4588753266350257,0.748666101576928
43,bernoulli,1,32,0.3,1.0,raw,transport_binary_strength,1,13,0.4605192291012082,0.5067789730058859,0.4621882844496564,0.7437954816987075
28,bernoulli,1,32,0.3,1.0,raw,transport_binary_strength,1,12,0.4633170951884002,0.530447247706422,0.4643979058193415,0.7362301200908796
25,bernoulli,1,32,0.3,1.0,raw,transport_binary_strength,1,15,0.4437375913147671,0.5040653101819237,0.4642669400805164,0.7524227234753551
44,bernoulli,1,32,0.3,1.0,raw,transport_binary_strength,1,14,0.4429618464878912,0.4931452367583754,0.4661138317553268,0.7517759066995856
14,bernoulli,1,32,0.3,1.0,raw,transport_binary_strength,1,15,0.4589253326750209,0.5031163236683173,0.4593177396418595,0.7638663045952713
38,bernoulli,1,32,0.3,1.0,raw,transport_binary_strength,1,12,0.4476222819278008,0.4932444852941177,0.4493093979638619,0.7633242734522052
13,bernoulli,1,32,0.3,1.0,raw,transport_binary_strength,1,12,0.4637075048960209,0.5037150065104167,0.4554221199729423,0.7290185899148758
37,bernoulli,1,32,0.3,1.0,raw,transport_binary_strength,1,14,0.4486303539482778,0.505012927756654,0.4631246627003295,0.7435441838426913
40,bernoulli,1,32,0.3,1.0,raw,transport_binary_strength,1,14,0.4599604353527398,0.5136525524337159,0.4502833150053436,0.7617071881606764
20,bernoulli,1,32,0.3,1.0,raw,transport_binary_strength,1,15,0.4640194933964764,0.5226863143631437,0.4595563206324018,0.7595774344060593
49,bernoulli,1,32,0.3,1.0,raw,transport_binary_strength,1,13,0.4485795988842433,0.4870052566481138,0.4555492663660088,0.7465242823586834
0,bernoulli,1,32,0.3,1.0,raw,transport_binary_strength,1,23,0.4506689298647468,0.524659596363358,0.4550902238146166,0.7879140866873064
48,bernoulli,1,32,0.3,1.0,raw,transport_binary_strength,1,12,0.4610523791935314,0.5425657950410425,0.4624689491261748,0.7605331872621539
46,bernoulli,1,32,0.3,1.0,raw,transport_binary_strength,1,14,0.4632366673598785,0.5245148872359949,0.454868071707481,0.7633571194225721
27,bernoulli,1,32,0.3,1.0,raw,transport_binary_strength,1,13,0.4498291015625,0.4952966686378868,0.4535181378961119,0.744453066728948
3,bernoulli,1,32,0.3,1.0,raw,transport_binary_strength,1,15,0.4547944719778795,0.5214326318222422,0.4553512114050373,0.7524443905735778
10,bernoulli,1,32,0.3,1.0,raw,transport_binary_strength,1,14,0.447398037029815,0.5020679876889028,0.4740992186476523,0.7236704688239421
42,bernoulli,1,32,0.3,1.0,raw,transport_binary_strength,1,15,0.4468175317585276,0.5623789030479172,0.4554904167033961,0.7248021868477618
31,bernoulli,1,32,0.3,1.0,raw,transport_binary_strength,1,13,0.4357148945466909,0.5098021371313297,0.4552655304852586,0.7584086844197138
6,bernoulli,1,32,0.3,1.0,raw,transport_binary_strength,1,20,0.4571477953343956,0.5317148526077098,0.4625398618686219,0.7310528731266517
29,bernoulli,1,32,0.3,1.0,raw,transport_binary_strength,1,15,0.4419957671987666,0.5089649369699406,0.4671280137276962,0.7369712286158631
2,bernoulli,1,32,0.3,1.0,raw,transport_binary_strength,1,25,0.4434091481237693,0.530631562903601,0.4588942906058823,0.7301122908868688
12,bernoulli,1,32,0.3,1.0,raw,transport_binary_strength,1,12,0.4558540409302339,0.4798615378313055,0.4649839109795777,0.730847289827572
30,bernoulli,1,32,0.3,1.0,raw,transport_binary_strength,1,13,0.4552431584995781,0.5232691482401278,0.4559091012959551,0.7468528913541702
17,bernoulli,1,32,0.3,1.0,raw,transport_binary_strength,1,12,0.4400219944040855,0.515182253010061,0.4637243271736596,0.7267813728849511
32,bernoulli,1,32,0.3,1.0,raw,transport_binary_strength,1,12,0.4412437409883686,0.521204045124311,0.4584471785154919,0.7225369833765442
39,bernoulli,1,32,0.3,1.0,raw,transport_binary_strength,1,15,0.4548594231691499,0.5293092895145722,0.4639850185715476,0.7268980787086636
8,bernoulli,1,32,0.3,1.0,raw,transport_binary_strength,1,22,0.4506571917999184,0.5224886055678739,0.4639291982862574,0.7510439795878617
41,bernoulli,1,32,0.3,1.0,raw,transport_binary_strength,1,15,0.4516036539563043,0.5115537457685326,0.4728854860902248,0.7488151658767772
9,bernoulli,1,32,0.3,1.0,raw,transport_binary_strength,1,13,0.4634031846144877,0.5322523876242885,0.4537380773643574,0.7703616334019443
45,bernoulli,1,32,0.3,1.0,raw,transport_binary_strength,1,15,0.4519710481167593,0.5430983324431784,0.4517112084481293,0.7496904292234813
4,bernoulli,1,32,0.3,1.0,raw,transport_binary_strength,1,14,0.4580559288404054,0.5385674157303371,0.467522603676796,0.712880489211253
33,bernoulli,1,32,0.3,1.0,raw,transport_binary_strength,1,12,0.4445551069726365,0.5242392396966097,0.4701832951848672,0.7362353709256214
15,bernoulli,1,32,0.3,1.0,raw,transport_binary_strength,1,16,0.440486625154415,0.5021561065197429,0.4645116886212207,0.7382524939800482
16,bernoulli,1,32,0.3,1.0,raw,transport_binary_strength,1,15,0.4519106773284629,0.4945397312240203,0.4636555881741058,0.7343400492919367
36,bernoulli,1,32,0.3,1.0,raw,transport_binary_strength,1,15,0.4635021982284894,0.4839693318729464,0.4598542107841721,0.7662893375345238
18,bernoulli,1,32,0.3,1.0,raw,transport_binary_strength,1,17,0.4578152640197432,0.512037210172027,0.4565245109539609,0.7425570573725206
23,bernoulli,1,32,0.3,1.0,raw,transport_binary_strength,1,14,0.4270758589423919,0.4948711649743422,0.4647937395137091,0.7461614956245028
1,bernoulli,1,32,0.3,1.0,raw,transport_binary_strength,1,24,0.4639974792603143,0.525373968964071,0.461801543453383,0.6842662417332496
26,bernoulli,1,32,0.3,1.0,raw,transport_binary_strength,1,13,0.4719824756979751,0.5151237893852212,0.4500071200496274,0.7730962919005349
35,bernoulli,1,32,0.3,1.0,raw,transport_binary_strength,1,16,0.4668076166808432,0.5113706896551724,0.4570172462600257,0.7608519758134542
24,bernoulli,1,32,0.3,1.0,raw,transport_binary_strength,1,13,0.4726704209150132,0.5009644563533058,0.453828347984728,0.7543382842810675
47,bernoulli,1,32,0.3,1.0,raw,transport_binary_strength,1,13,0.4511202662952362,0.5579456537203016,0.4565027882239102,0.7451067415730337
11,bernoulli,1,32,0.3,1.0,raw,transport_binary_strength,1,14,0.4452470430150655,0.4915714956195244,0.4543453423582158,0.767086194035531
21,bernoulli,1,32,0.3,1.0,raw,transport_binary_strength,1,13,0.4570322770327252,0.5085069255098702,0.4763409615554984,0.7045108062057215
7,bernoulli,1,32,0.3,1.0,raw,transport_binary_strength,1,16,0.4444377237629719,0.4868056727481826,0.4646532806490431,0.7174379327816247
22,bernoulli,1,32,0.3,1.0,raw,transport_binary_strength,1,17,0.444832275183672,0.5127687640153015,0.4642129673400247,0.7210095230630561
19,bernoulli,1,32,0.3,1.0,raw,transport_binary_strength,1,12,0.4572477072642114,0.4845605525619383,0.4583444070200776,0.7543620423489715
5,bernoulli,1,32,0.3,1.0,raw,transport_binary_strength,1,12,0.4547407348511043,0.5502908514013749,0.4658077886085449,0.7257501875468868
34,bernoulli,1,32,0.3,1.0,raw,transport_binary_strength,1,16,0.4502534808067218,0.5459837697136731,0.45038081255213,0.7628726381356461
43,bernoulli,1,32,0.3,1.0,raw,transport_binary_strength,1,14,0.4603597285016179,0.5295717475137001,0.4627895647299274,0.7567689180592406
28,bernoulli,1,32,0.3,1.0,raw,transport_binary_strength,1,13,0.4634759960018382,0.5116040711009174,0.4673851009939353,0.7581832197338526
14,bernoulli,1,32,0.3,1.0,raw,transport_binary_strength,1,16,0.4589438724909201,0.5142077167472879,0.4610501652758974,0.7471787700413022
38,bernoulli,1,32,0.3,1.0,raw,transport_binary_strength,1,13,0.447747233600047,0.5102552319004525,0.4519373192821759,0.7903379491865632
25,bernoulli,1,32,0.3,1.0,raw,transport_binary_strength,1,16,0.4438175573099802,0.5492768637851727,0.4630193732474283,0.7496050732892838
44,bernoulli,1,32,0.3,1.0,raw,transport_binary_strength,1,15,0.4415635529145837,0.5085976979225155,0.4662223376641001,0.7518875864021985
37,bernoulli,1,32,0.3,1.0,raw,transport_binary_strength,1,15,0.4492300778494889,0.5284349809885931,0.4662562795323553,0.7383009763214005
13,bernoulli,1,32,0.3,1.0,raw,transport_binary_strength,1,13,0.463018391677489,0.5116739908854167,0.4589773948625654,0.7421613161812423
20,bernoulli,1,32,0.3,1.0,raw,transport_binary_strength,1,16,0.4640036291934181,0.5178556910569105,0.4569475146148307,0.7570627336933942
40,bernoulli,1,32,0.3,1.0,raw,transport_binary_strength,1,15,0.4597378977644593,0.4884270289041616,0.4526259699823984,0.7717192691029902
49,bernoulli,1,32,0.3,1.0,raw,transport_binary_strength,1,14,0.4487785338518888,0.5308016388373531,0.4588147763142657,0.7552145297580917
46,bernoulli,1,32,0.3,1.0,raw,transport_binary_strength,1,15,0.4630658425709774,0.5078744563230653,0.4526095418168242,0.7726316437007874
27,bernoulli,1,32,0.3,1.0,raw,transport_binary_strength,1,14,0.4499070906093699,0.5077666075300611,0.4533859192306593,0.7551306778371293
3,bernoulli,1,32,0.3,1.0,raw,transport_binary_strength,1,16,0.4533918680093216,0.524000049974076,0.4527449658449429,0.752771288787024
0,bernoulli,1,32,0.3,1.0,raw,transport_binary_strength,1,24,0.4506046643476691,0.5055961422338643,0.4551045324170276,0.7698800309597523
48,bernoulli,1,32,0.3,1.0,raw,transport_binary_strength,1,13,0.4603888430610272,0.5292460015232293,0.4622885897452216,0.7591555328577783
10,bernoulli,1,32,0.3,1.0,raw,transport_binary_strength,1,15,0.4478502575488903,0.5307466196355086,0.4741069347652074,0.7339183433690704
2,bernoulli,1,32,0.3,1.0,raw,transport_binary_strength,1,26,0.4433337468877933,0.5044882439294395,0.458137087278692,0.7260522496371553
6,bernoulli,1,32,0.3,1.0,raw,transport_binary_strength,1,21,0.4575299370721249,0.5349376417233559,0.4633418270345699,0.7438596907689631
31,bernoulli,1,32,0.3,1.0,raw,transport_binary_strength,1,14,0.4357004963872646,0.4955899862732161,0.4549686971575705,0.7598536036036037
42,bernoulli,1,32,0.3,1.0,raw,transport_binary_strength,1,16,0.446716354459762,0.5169908338922423,0.4562523064489724,0.7427260832995857
39,bernoulli,1,32,0.3,1.0,raw,transport_binary_strength,1,16,0.4519186568902505,0.4788419887941993,0.4621322632616855,0.697950146418113
30,bernoulli,1,32,0.3,1.0,raw,transport_binary_strength,1,14,0.455201128270489,0.5100041508080004,0.4555025699942871,0.7370171388713588
29,bernoulli,1,32,0.3,1.0,raw,transport_binary_strength,1,16,0.4440307743033181,0.5166193848147073,0.4685556008638907,0.7379199066874027
17,bernoulli,1,32,0.3,1.0,raw,transport_binary_strength,1,13,0.43854901027496,0.514283358073561,0.4631097974868928,0.7263652976977172
12,bernoulli,1,32,0.3,1.0,raw,transport_binary_strength,1,13,0.4560539686699701,0.4831223628691983,0.465010605045103,0.744773533536837
32,bernoulli,1,32,0.3,1.0,raw,transport_binary_strength,1,13,0.4420035549156792,0.5101858274615749,0.4619048200331859,0.7249656855269178
8,bernoulli,1,32,0.3,1.0,raw,transport_binary_strength,1,23,0.4507751867722869,0.511140367085489,0.4641726321408347,0.7279654084375365
41,bernoulli,1,32,0.3,1.0,raw,transport_binary_strength,1,16,0.4516251998983279,0.5305374304294973,0.4720719406484952,0.7321464408663569
9,bernoulli,1,32,0.3,1.0,raw,transport_binary_strength,1,14,0.463227756879254,0.5189419321650727,0.455367769723729,0.7688853427075866
45,bernoulli,1,32,0.3,1.0,raw,transport_binary_strength,1,16,0.4530717719812342,0.5348829446323661,0.4528048963151862,0.7387834588414853
33,bernoulli,1,32,0.3,1.0,raw,transport_binary_strength,1,13,0.442962065146732,0.511685552407932,0.4684965084031313,0.7374786407453977
4,bernoulli,1,32,0.3,1.0,raw,transport_binary_strength,1,15,0.4577492673514902,0.5524262640449438,0.4701627740125264,0.6990341719522928
15,bernoulli,1,32,0.3,1.0,raw,transport_binary_strength,1,17,0.4434785724675993,0.5216749311294766,0.4644364407737377,0.7498490234300348
18,bernoulli,1,32,0.3,1.0,raw,transport_binary_strength,1,18,0.4577842768800104,0.5261032161555722,0.4567921657068325,0.7276497731711682
23,bernoulli,1,32,0.3,1.0,raw,transport_binary_strength,1,15,0.4232903509897164,0.55219183316956,0.4633792599836472,0.7553301511535402
16,bernoulli,1,32,0.3,1.0,raw,transport_binary_strength,1,16,0.4504909744364119,0.5281448000322855,0.4635645953590464,0.7438954457829366
36,bernoulli,1,32,0.3,1.0,raw,transport_binary_strength,1,16,0.4634775231661286,0.5332311062431545,0.4607755247105133,0.7695102501264247
26,bernoulli,1,32,0.3,1.0,raw,transport_binary_strength,1,14,0.4716341458719627,0.52363621576561,0.4520682640757735,0.7567152123564853
11,bernoulli,1,32,0.3,1.0,raw,transport_binary_strength,1,15,0.4452353126153212,0.4858025657071338,0.4576358545511798,0.7710499474797912
1,bernoulli,1,32,0.3,1.0,raw,transport_binary_strength,1,25,0.4639980894400872,0.4947807446758935,0.4611890559006736,0.6921215249723195
35,bernoulli,1,32,0.3,1.0,raw,transport_binary_strength,1,17,0.4668239601609064,0.5636077586206897,0.456676965316609,0.7668413823589777
24,bernoulli,1,32,0.3,1.0,raw,transport_binary_strength,1,14,0.4711968139970609,0.526685982696281,0.4589496680590456,0.7527138770231611
47,bernoulli,1,32,0.3,1.0,raw,transport_binary_strength,1,14,0.4512089305374336,0.4895397638355384,0.4567536056848112,0.7421910112359551
21,bernoulli,1,32,0.3,1.0,raw,transport_binary_strength,1,14,0.4570325541681446,0.5286358926818628,0.4756414392815913,0.7140003750173243
7,bernoulli,1,32,0.3,1.0,raw,transport_binary_strength,1,17,0.4444461560050804,0.5501084422443483,0.465703441745834,0.7141720148623544
22,bernoulli,1,32,0.3,1.0,raw,transport_binary_strength,1,18,0.4435039906187836,0.5347381611924549,0.4628607180949712,0.7425970921346553
19,bernoulli,1,32,0.3,1.0,raw,transport_binary_strength,1,13,0.4573447464598763,0.54550379996904,0.4583220227608779,0.7514731234311595
34,bernoulli,1,32,0.3,1.0,raw,transport_binary_strength,1,17,0.4505324353026992,0.5198683203184811,0.4517201646685674,0.7708392647579632
43,bernoulli,1,32,0.3,1.0,raw,transport_binary_strength,1,15,0.4607818308322436,0.5418144915770245,0.4568319293592873,0.756862014926531
5,bernoulli,1,32,0.3,1.0,raw,transport_binary_strength,1,13,0.4549785390445737,0.5229402432575356,0.4671365308229064,0.7301992164707843
38,bernoulli,1,32,0.3,1.0,raw,transport_binary_strength,1,14,0.447640807199992,0.5314302884615385,0.4499571660636576,0.7657474011418575
14,bernoulli,1,32,0.3,1.0,raw,transport_binary_strength,1,17,0.4588655683275048,0.5136066347997824,0.4615722262391469,0.7461218251000031
28,bernoulli,1,32,0.3,1.0,raw,transport_binary_strength,1,14,0.4636174222214266,0.5041463589449542,0.4697651361500657,0.7424740344044141
25,bernoulli,1,32,0.3,1.0,raw,transport_binary_strength,1,17,0.4448780316193009,0.5027557913057892,0.4686058140569447,0.7368288144603934
37,bernoulli,1,32,0.3,1.0,raw,transport_binary_strength,1,16,0.4497985581027183,0.5419954372623574,0.4668127081192948,0.7397349094128356
27,bernoulli,1,32,0.3,1.0,raw,transport_binary_strength,1,15,0.449807121744,0.5306091070372561,0.4542345406038369,0.7444342316414402
44,bernoulli,1,32,0.3,1.0,raw,transport_binary_strength,1,16,0.4431245324706717,0.5152146110175306,0.4669469647944976,0.7434637459765393
13,bernoulli,1,32,0.3,1.0,raw,transport_binary_strength,1,14,0.4633081540920614,0.5058553059895834,0.4570481060864785,0.7409856090392031
3,bernoulli,1,32,0.3,1.0,raw,transport_binary_strength,1,17,0.4532578207888807,0.4973201401772831,0.4516017566763311,0.7564094087917255
46,bernoulli,1,32,0.3,1.0,raw,transport_binary_strength,1,16,0.4634404518408987,0.5165247946523824,0.4557868939123184,0.7620365813648294
40,bernoulli,1,32,0.3,1.0,raw,transport_binary_strength,1,16,0.4594501485794662,0.5217730147064762,0.4527279659999206,0.792842041679251
20,bernoulli,1,32,0.3,1.0,raw,transport_binary_strength,1,17,0.4639875396399636,0.5013516260162602,0.4573162852838753,0.7634104055479213
49,bernoulli,1,32,0.3,1.0,raw,transport_binary_strength,1,15,0.4487750806414307,0.5038303957946815,0.4568627853952515,0.7537693328452457
0,bernoulli,1,32,0.3,1.0,raw,transport_binary_strength,1,25,0.4506127001053297,0.4886971534516631,0.4568646282109423,0.7813738390092879
2,bernoulli,1,32,0.3,1.0,raw,transport_binary_strength,1,27,0.4433317133806982,0.5295445976624231,0.4578742379492798,0.7334733786570926
10,bernoulli,1,32,0.3,1.0,raw,transport_binary_strength,1,16,0.4481276987172776,0.4930974859079434,0.474360663784152,0.7143445766224441
6,bernoulli,1,32,0.3,1.0,raw,transport_binary_strength,1,22,0.4574458695005781,0.5132227891156462,0.4624254972145553,0.7345463609172482
31,bernoulli,1,32,0.3,1.0,raw,transport_binary_strength,1,15,0.4376869823883626,0.4847564443837736,0.4562701874016253,0.7551959128245893
48,bernoulli,1,32,0.3,1.0,raw,transport_binary_strength,1,14,0.4599827236839277,0.5138218950100139,0.4617172370279119,0.756305497438263
42,bernoulli,1,32,0.3,1.0,raw,transport_binary_strength,1,17,0.4469631788312906,0.537842797525896,0.4521530843211711,0.7509559671038285
39,bernoulli,1,32,0.3,1.0,raw,transport_binary_strength,1,17,0.4556915503826646,0.5287796035594896,0.4672018074473029,0.7051496321691307
30,bernoulli,1,32,0.3,1.0,raw,transport_binary_strength,1,15,0.4550637009590018,0.5211163562941024,0.4562528943270497,0.7250867738399707
29,bernoulli,1,32,0.3,1.0,raw,transport_binary_strength,1,17,0.4417946887109763,0.4964557225932792,0.4665069956893788,0.7252993779160187
12,bernoulli,1,32,0.3,1.0,raw,transport_binary_strength,1,14,0.4563211810095195,0.5144156322969153,0.4630770569411978,0.7327901988284795
32,bernoulli,1,32,0.3,1.0,raw,transport_binary_strength,1,14,0.4416906234103939,0.5117410828374284,0.4610740653282702,0.7064968735702304
8,bernoulli,1,32,0.3,1.0,raw,transport_binary_strength,1,24,0.4508841121208628,0.5099662786400591,0.4647038834383097,0.7324841260566399
17,bernoulli,1,32,0.3,1.0,raw,transport_binary_strength,1,14,0.4403072787612194,0.5238248391885205,0.463958859671043,0.7460839982377991
18,bernoulli,1,32,0.3,1.0,raw,transport_binary_strength,1,19,0.4578551666375672,0.5216856768885565,0.4576690331858838,0.7335305927119079
45,bernoulli,1,32,0.3,1.0,raw,transport_binary_strength,1,17,0.4524740772567336,0.5439773603940419,0.4540238672874902,0.7602518322270377
41,bernoulli,1,32,0.3,1.0,raw,transport_binary_strength,1,17,0.4514961728549521,0.5198204386007947,0.4700607411722318,0.7146170708739213
9,bernoulli,1,32,0.3,1.0,raw,transport_binary_strength,1,15,0.463128201966536,0.5308445184478242,0.4567251239844723,0.7765905779504615
15,bernoulli,1,32,0.3,1.0,raw,transport_binary_strength,1,18,0.443891113973854,0.4952837465564738,0.4658095960364039,0.7457803004242632
33,bernoulli,1,32,0.3,1.0,raw,transport_binary_strength,1,14,0.4433035122132265,0.5486383989765147,0.4729346409153309,0.735012251346036
23,bernoulli,1,32,0.3,1.0,raw,transport_binary_strength,1,16,0.4234515683979623,0.5454361829894093,0.4628825287573621,0.7606881463802705
4,bernoulli,1,32,0.3,1.0,raw,transport_binary_strength,1,16,0.4577180315789352,0.5317661516853932,0.4707361265144781,0.6868190646717853
36,bernoulli,1,32,0.3,1.0,raw,transport_binary_strength,1,17,0.463557250228848,0.5361489594742607,0.4607056179952745,0.7752752168670012
26,bernoulli,1,32,0.3,1.0,raw,transport_binary_strength,1,15,0.4714873812373414,0.480718269862893,0.4524331566140637,0.7703310832529733
11,bernoulli,1,32,0.3,1.0,raw,transport_binary_strength,1,16,0.4487191781002712,0.5323125260742596,0.4589364858764432,0.7555222335550853
35,bernoulli,1,32,0.3,1.0,raw,transport_binary_strength,1,18,0.4667984232218458,0.5572327586206897,0.4588933326843674,0.7506137414944507
16,bernoulli,1,32,0.3,1.0,raw,transport_binary_strength,1,17,0.4497758810581222,0.5130675168489447,0.4650864168078682,0.7307732977607145
47,bernoulli,1,32,0.3,1.0,raw,transport_binary_strength,1,15,0.45224049168698,0.5196080523545312,0.4557614578432685,0.7576179775280899
1,bernoulli,1,32,0.3,1.0,raw,transport_binary_strength,1,26,0.4655300331558187,0.5402661553926758,0.4651247345355414,0.7009119609779454
7,bernoulli,1,32,0.3,1.0,raw,transport_binary_strength,1,18,0.4448360939827548,0.5267480452269786,0.4648886426517284,0.7275629116703259
19,bernoulli,1,32,0.3,1.0,raw,transport_binary_strength,1,14,0.4575189449994576,0.5261095835882617,0.4590720884231932,0.745029871953941
34,bernoulli,1,32,0.3,1.0,raw,transport_binary_strength,1,18,0.4506300608209236,0.5491900168427499,0.4521162709602929,0.7499809037060698
21,bernoulli,1,32,0.3,1.0,raw,transport_binary_strength,1,15,0.4572748692352206,0.5597393390773258,0.4753139901122161,0.721099208387344
24,bernoulli,1,32,0.3,1.0,raw,transport_binary_strength,1,15,0.4708900871786427,0.5093338391012396,0.4616967752717092,0.7507152094681976
22,bernoulli,1,32,0.3,1.0,raw,transport_binary_strength,1,19,0.4428384047518029,0.5155124653739612,0.4635152987863668,0.7491397891601678
43,bernoulli,1,32,0.3,1.0,raw,transport_binary_strength,1,16,0.4604558367774413,0.5168297138217982,0.4640237804918637,0.742175984111468
38,bernoulli,1,32,0.3,1.0,raw,transport_binary_strength,1,15,0.4476932497029436,0.4818014705882353,0.4525708229796831,0.7839023094886634
5,bernoulli,1,32,0.3,1.0,raw,transport_binary_strength,1,14,0.4545931872317632,0.50814736471003,0.4653917336366674,0.7269734100191716
14,bernoulli,1,32,0.3,1.0,raw,transport_binary_strength,1,18,0.4589161436620452,0.5035671351289464,0.4629097785689035,0.7475832547399915
3,bernoulli,1,32,0.3,1.0,raw,transport_binary_strength,1,18,0.4535049621222235,0.5082644628099173,0.4539606019141818,0.7494894511048427
28,bernoulli,1,32,0.3,1.0,raw,transport_binary_strength,1,15,0.4636670132440789,0.5289241685779816,0.4665916981538595,0.7468354430379747
37,bernoulli,1,32,0.3,1.0,raw,transport_binary_strength,1,17,0.4496370109860656,0.5382266159695819,0.4672852678607739,0.7359484947858868
25,bernoulli,1,32,0.3,1.0,raw,transport_binary_strength,1,18,0.44373495519682,0.5019932866437362,0.4673142538707392,0.7519879243563454
27,bernoulli,1,32,0.3,1.0,raw,transport_binary_strength,1,16,0.4499915234774042,0.5267612852355608,0.4536260104164187,0.7564529009801779
46,bernoulli,1,32,0.3,1.0,raw,transport_binary_strength,1,17,0.4632830666414767,0.5149282682164412,0.4547376873725558,0.7721907808398949
44,bernoulli,1,32,0.3,1.0,raw,transport_binary_strength,1,17,0.4417501983134802,0.5083403518622497,0.4664855940660229,0.7445606001986302
20,bernoulli,1,32,0.3,1.0,raw,transport_binary_strength,1,18,0.4638669144479048,0.5124762872628726,0.4563727892945157,0.7714178997155732
13,bernoulli,1,32,0.3,1.0,raw,transport_binary_strength,1,15,0.462953410337053,0.50472412109375,0.4580135223097831,0.7387105393747376
40,bernoulli,1,32,0.3,1.0,raw,transport_binary_strength,1,17,0.4595818546919267,0.4857336682199591,0.4509371853071927,0.7729632286318333
49,bernoulli,1,32,0.3,1.0,raw,transport_binary_strength,1,16,0.4498595932624799,0.5016929499072356,0.4586015281472529,0.7586826210304749
2,bernoulli,1,32,0.3,1.0,raw,transport_binary_strength,1,28,0.4437031694335571,0.5352762335651657,0.4588044158718048,0.7456916965854403
0,bernoulli,1,32,0.3,1.0,raw,transport_binary_strength,1,26,0.4505760916042179,0.5208324474192259,0.4566034939878707,0.7686687306501547
6,bernoulli,1,32,0.3,1.0,raw,transport_binary_strength,1,23,0.4574224802692425,0.5230867346938776,0.4632037910177403,0.731282343445853
10,bernoulli,1,32,0.3,1.0,raw,transport_binary_strength,1,17,0.4480974217099548,0.534249749282429,0.4748074310612628,0.7308790652894046
42,bernoulli,1,32,0.3,1.0,raw,transport_binary_strength,1,18,0.4468328722856916,0.5416200909158656,0.4558246530680376,0.7329639263574343
31,bernoulli,1,32,0.3,1.0,raw,transport_binary_strength,1,16,0.4376123658704335,0.5345444755382642,0.4577160782550159,0.7410820747217807
30,bernoulli,1,32,0.3,1.0,raw,transport_binary_strength,1,16,0.4552424056557748,0.5084845329637473,0.4577196105096776,0.7571328926827648
48,bernoulli,1,32,0.3,1.0,raw,transport_binary_strength,1,15,0.4619123043486542,0.533987757750134,0.4654403192263925,0.7543903724815078
39,bernoulli,1,32,0.3,1.0,raw,transport_binary_strength,1,18,0.4557369358672069,0.5281822355101464,0.4658335717831287,0.7300389257910149
12,bernoulli,1,32,0.3,1.0,raw,transport_binary_strength,1,15,0.4561869819440616,0.5206955880545656,0.4641291310419067,0.732517944064021
18,bernoulli,1,32,0.3,1.0,raw,transport_binary_strength,1,20,0.4578548574544686,0.5138556469708302,0.4571063803191823,0.7245099641275845
32,bernoulli,1,32,0.3,1.0,raw,transport_binary_strength,1,15,0.4417142890351379,0.5128180789310358,0.4604336198933506,0.736293274363276
15,bernoulli,1,32,0.3,1.0,raw,transport_binary_strength,1,19,0.4407412321578524,0.5288962350780533,0.4647345534861917,0.7269464510950578
29,bernoulli,1,32,0.3,1.0,raw,transport_binary_strength,1,18,0.4444793469744754,0.4840842584939799,0.4687498728434072,0.7234972783825816
23,bernoulli,1,32,0.3,1.0,raw,transport_binary_strength,1,17,0.4282326256734413,0.4901135495141391,0.4672593734468432,0.7550556881463802
8,bernoulli,1,32,0.3,1.0,raw,transport_binary_strength,1,25,0.4511193579291618,0.5159329576250308,0.4659978660147844,0.7171477542752522
45,bernoulli,1,32,0.3,1.0,raw,transport_binary_strength,1,18,0.4524512873031088,0.540223873954068,0.4538555504327843,0.7614469194108076
41,bernoulli,1,32,0.3,1.0,raw,transport_binary_strength,1,18,0.4518828301918692,0.4908365904048581,0.4726293256673176,0.7491586519906757
9,bernoulli,1,32,0.3,1.0,raw,transport_binary_strength,1,16,0.464453413107408,0.509628336074617,0.4543924691936206,0.7928201392261617
33,bernoulli,1,32,0.3,1.0,raw,transport_binary_strength,1,15,0.4424607837670336,0.4760434752810015,0.4682543995656153,0.7269058097172518
11,bernoulli,1,32,0.3,1.0,raw,transport_binary_strength,1,17,0.4455296003941656,0.5089695452649146,0.4568864478883128,0.7783418837248245
17,bernoulli,1,32,0.3,1.0,raw,transport_binary_strength,1,15,0.4405414921512376,0.5471713673099126,0.4655620890879421,0.7307463246691794
35,bernoulli,1,32,0.3,1.0,raw,transport_binary_strength,1,19,0.4669891344558555,0.4921422413793103,0.4609830316587944,0.7725564800050521
26,bernoulli,1,32,0.3,1.0,raw,transport_binary_strength,1,16,0.4714662056924614,0.4996374085896888,0.4534130003322328,0.7701250319379538
4,bernoulli,1,32,0.3,1.0,raw,transport_binary_strength,1,17,0.4575994171456479,0.495625,0.4712982372872185,0.6827486267488089
36,bernoulli,1,32,0.3,1.0,raw,transport_binary_strength,1,18,0.463621359486093,0.5329156626506024,0.4603039379838589,0.7699731590617341
47,bernoulli,1,32,0.3,1.0,raw,transport_binary_strength,1,16,0.4510439406492543,0.5468523260776782,0.4582176459857893,0.7370786516853932
34,bernoulli,1,32,0.3,1.0,raw,transport_binary_strength,1,19,0.4507567407301834,0.5036502832644312,0.4525783628768994,0.7688619303228316
19,bernoulli,1,32,0.3,1.0,raw,transport_binary_strength,1,15,0.4575859518295218,0.5387994898974635,0.4587871208815659,0.7609199497152028
16,bernoulli,1,32,0.3,1.0,raw,transport_binary_strength,1,18,0.4494752234694465,0.5169901933088502,0.464887568868825,0.7265110906857761
7,bernoulli,1,32,0.3,1.0,raw,transport_binary_strength,1,19,0.4453116801739558,0.5388423243516904,0.4657688552297556,0.7155168045938186
1,bernoulli,1,32,0.3,1.0,raw,transport_binary_strength,1,27,0.4656300346051122,0.5280634831872075,0.464969858325781,0.6974967830744829
22,bernoulli,1,32,0.3,1.0,raw,transport_binary_strength,1,20,0.4453991755407674,0.5524600976124522,0.4649657241688992,0.7247462475996396
21,bernoulli,1,32,0.3,1.0,raw,transport_binary_strength,1,16,0.4567283539573035,0.5035036536154434,0.4751683777475384,0.7107719650092531
24,bernoulli,1,32,0.3,1.0,raw,transport_binary_strength,1,16,0.4725032432636586,0.5255480049070248,0.4565910925975496,0.7467139554022808
43,bernoulli,1,32,0.3,1.0,raw,transport_binary_strength,1,17,0.4603501958749884,0.5201177186929166,0.463912431618558,0.7518619373458084
38,bernoulli,1,32,0.3,1.0,raw,transport_binary_strength,1,16,0.4477874177562141,0.5214613970588236,0.4530072059110853,0.7851109444926077
14,bernoulli,1,32,0.3,1.0,raw,transport_binary_strength,1,19,0.4588928131328789,0.5203151386781921,0.4619617397228291,0.7353328563530522
5,bernoulli,1,32,0.3,1.0,raw,transport_binary_strength,1,15,0.4550411061959747,0.5451401374933897,0.4677808279198286,0.7052825706426606
3,bernoulli,1,32,0.3,1.0,raw,transport_binary_strength,1,19,0.4533850154038665,0.5154482362274571,0.4531379730735242,0.7610502615185706
27,bernoulli,1,32,0.3,1.0,raw,transport_binary_strength,1,17,0.4500958711436043,0.5155884092253105,0.4545801409578103,0.7653788489501322
46,bernoulli,1,32,0.3,1.0,raw,transport_binary_strength,1,18,0.4635666686898341,0.5287747778664738,0.4569599715509259,0.7611630577427821
37,bernoulli,1,32,0.3,1.0,raw,transport_binary_strength,1,18,0.4499360039028131,0.5129216730038022,0.4675274642231134,0.7234732768904018
28,bernoulli,1,32,0.3,1.0,raw,transport_binary_strength,1,16,0.4636150759171948,0.5224089736238532,0.4687932948145611,0.7542112950340798
25,bernoulli,1,32,0.3,1.0,raw,transport_binary_strength,1,19,0.4444677639429784,0.5376693879242469,0.4682914716478794,0.7310131389078757
20,bernoulli,1,32,0.3,1.0,raw,transport_binary_strength,1,19,0.463797570073999,0.5142073170731707,0.4596978182124122,0.7570387651401361
13,bernoulli,1,32,0.3,1.0,raw,transport_binary_strength,1,16,0.4630929046196856,0.4918619791666666,0.4581684896219612,0.7445738061610108
44,bernoulli,1,32,0.3,1.0,raw,transport_binary_strength,1,18,0.443291831228089,0.524576548755381,0.4685846036938679,0.7546037963121767
2,bernoulli,1,32,0.3,1.0,raw,transport_binary_strength,1,29,0.4440725698812505,0.5369808838511458,0.4592633961679372,0.7634348025360936
6,bernoulli,1,32,0.3,1.0,raw,transport_binary_strength,1,24,0.4577396803608826,0.5794274376417233,0.4633755136090322,0.7429536786465999
40,bernoulli,1,32,0.3,1.0,raw,transport_binary_strength,1,18,0.4590775577835999,0.5435662195230289,0.4548997160938976,0.7900218967079433
0,bernoulli,1,32,0.3,1.0,raw,transport_binary_strength,1,27,0.4507809386095264,0.5192463068012689,0.4540132662341017,0.7629102167182662
49,bernoulli,1,32,0.3,1.0,raw,transport_binary_strength,1,17,0.4487990865452033,0.4744782003710576,0.4583935282655225,0.7523107897867667
10,bernoulli,1,32,0.3,1.0,raw,transport_binary_strength,1,18,0.448289839594796,0.4892692879620984,0.4742852505305743,0.740217196194579
42,bernoulli,1,32,0.3,1.0,raw,transport_binary_strength,1,19,0.4469466258714868,0.526562150681869,0.4544095051452554,0.7444355316033768
30,bernoulli,1,32,0.3,1.0,raw,transport_binary_strength,1,17,0.4553100257026085,0.4983643002370885,0.4580917281523802,0.7480361709901353
31,bernoulli,1,32,0.3,1.0,raw,transport_binary_strength,1,17,0.437873935976949,0.5046678649163121,0.4569847213666068,0.7552807863010069
39,bernoulli,1,32,0.3,1.0,raw,transport_binary_strength,1,19,0.4560799438540663,0.5227676679693017,0.4671929406962426,0.7031551317763017
48,bernoulli,1,32,0.3,1.0,raw,transport_binary_strength,1,16,0.460546877588429,0.5594877436461595,0.4632717125153748,0.7604322828289485
18,bernoulli,1,32,0.3,1.0,raw,transport_binary_strength,1,21,0.4576864192626395,0.5603029169783097,0.4583062864761807,0.73269992452008
23,bernoulli,1,32,0.3,1.0,raw,transport_binary_strength,1,18,0.4232192346169703,0.4829484659897368,0.4605895361583018,0.7534168655529037
15,bernoulli,1,32,0.3,1.0,raw,transport_binary_strength,1,20,0.4407413673951101,0.4874123048668503,0.4655302092054079,0.7316133470932233
12,bernoulli,1,32,0.3,1.0,raw,transport_binary_strength,1,16,0.4560732950012777,0.4970791856130433,0.4640841328109473,0.7305502846299811
29,bernoulli,1,32,0.3,1.0,raw,transport_binary_strength,1,19,0.4422490336600054,0.5351970573562371,0.4678951415695719,0.7093779160186625
32,bernoulli,1,32,0.3,1.0,raw,transport_binary_strength,1,16,0.4417064456150286,0.5274980833120368,0.4616782007630001,0.7309630928778404
11,bernoulli,1,32,0.3,1.0,raw,transport_binary_strength,1,18,0.4456184072662231,0.5374133030871924,0.4569302145630602,0.775879523207843
41,bernoulli,1,32,0.3,1.0,raw,transport_binary_strength,1,19,0.4517133361850891,0.5164870507558041,0.4713363661662856,0.7355658644271887
45,bernoulli,1,32,0.3,1.0,raw,transport_binary_strength,1,19,0.4527054027802502,0.480145837042312,0.4533787378662438,0.7512166851449225
9,bernoulli,1,32,0.3,1.0,raw,transport_binary_strength,1,17,0.4641387626329347,0.5201433589863342,0.4534842612554212,0.7765635961362043
8,bernoulli,1,32,0.3,1.0,raw,transport_binary_strength,1,26,0.4510587410048028,0.5553091894555309,0.4656350109125057,0.7378364691675431
33,bernoulli,1,32,0.3,1.0,raw,transport_binary_strength,1,16,0.4466054283367822,0.5401626610618661,0.4701901089668022,0.7213624786407454
17,bernoulli,1,32,0.3,1.0,raw,transport_binary_strength,1,16,0.4406824676427598,0.5577395678706911,0.4667402735913971,0.7283844861063521
35,bernoulli,1,32,0.3,1.0,raw,transport_binary_strength,1,20,0.4670172454480162,0.5283275862068966,0.4647771322775474,0.7312068802197629
26,bernoulli,1,32,0.3,1.0,raw,transport_binary_strength,1,17,0.4713612620906805,0.5144867128885997,0.4547847080208025,0.7592125542945214
34,bernoulli,1,32,0.3,1.0,raw,transport_binary_strength,1,20,0.4508786590423468,0.5434328586740163,0.4530212184839752,0.7722714868027248
4,bernoulli,1,32,0.3,1.0,raw,transport_binary_strength,1,18,0.4575230813066812,0.5186551966292134,0.4720501915554227,0.6866255955813177
47,bernoulli,1,32,0.3,1.0,raw,transport_binary_strength,1,17,0.4511531974592504,0.5287629819319961,0.4583216488678177,0.7277696629213484
19,bernoulli,1,32,0.3,1.0,raw,transport_binary_strength,1,16,0.4576603887389728,0.5100140794197215,0.4593862032659516,0.7308821542203604
36,bernoulli,1,32,0.3,1.0,raw,transport_binary_strength,1,19,0.4636989408851146,0.5059320920043812,0.4621693750352094,0.7563543003851091
7,bernoulli,1,32,0.3,1.0,raw,transport_binary_strength,1,20,0.4463439006210913,0.5068002975130163,0.4683255658263544,0.7160108089849686
16,bernoulli,1,32,0.3,1.0,raw,transport_binary_strength,1,19,0.4514138864866213,0.5219702167157674,0.4647260885628217,0.7223871613212841
22,bernoulli,1,32,0.3,1.0,raw,transport_binary_strength,1,21,0.4420617730237047,0.5300751879699248,0.4617666126106803,0.724922600619195
1,bernoulli,1,32,0.3,1.0,raw,transport_binary_strength,1,28,0.464168201957072,0.5003994328054163,0.4614541665686329,0.6977511446269863
38,bernoulli,1,32,0.3,1.0,raw,transport_binary_strength,1,17,0.447520587330369,0.5361460690045249,0.4528752329186375,0.7681295250591625
43,bernoulli,1,32,0.3,1.0,raw,transport_binary_strength,1,18,0.4602977386200272,0.4820336919017657,0.4645986311436677,0.7619590684106812
21,bernoulli,1,32,0.3,1.0,raw,transport_binary_strength,1,17,0.4572068227672708,0.542388073944814,0.4743307732331831,0.712359674224081
24,bernoulli,1,32,0.3,1.0,raw,transport_binary_strength,1,17,0.47075545150712,0.5139422456095042,0.4622812243407255,0.758704001254066
14,bernoulli,1,32,0.3,1.0,raw,transport_binary_strength,1,20,0.458931209650456,0.541138334716776,0.464089799970642,0.7474958535236919
3,bernoulli,1,32,0.3,1.0,raw,transport_binary_strength,1,20,0.4552176102130149,0.5261239482018704,0.4571525706143719,0.7615553008932768
27,bernoulli,1,32,0.3,1.0,raw,transport_binary_strength,1,18,0.4503521759746369,0.54983244628425,0.4546326515701305,0.7376912703136418
5,bernoulli,1,32,0.3,1.0,raw,transport_binary_strength,1,16,0.4544422471395677,0.538667371760973,0.4644224517678021,0.7227015087105109
46,bernoulli,1,32,0.3,1.0,raw,transport_binary_strength,1,19,0.4628686376572729,0.5488246133645676,0.4528919640179591,0.7473958333333335
37,bernoulli,1,32,0.3,1.0,raw,transport_binary_strength,1,19,0.4505410676796557,0.5507680608365019,0.4674441745647233,0.7325340714971509
28,bernoulli,1,32,0.3,1.0,raw,transport_binary_strength,1,17,0.4635711046222358,0.5159547018348624,0.4667327549521781,0.7511583089905874
25,bernoulli,1,32,0.3,1.0,raw,transport_binary_strength,1,20,0.4446570608909248,0.5064688574862211,0.4707794285893141,0.7227538543328017
2,bernoulli,1,32,0.3,1.0,raw,transport_binary_strength,1,30,0.4439808023669142,0.5223208913917167,0.4592023453665445,0.755700481246658
6,bernoulli,1,32,0.3,1.0,raw,transport_binary_strength,1,25,0.4592176291084433,0.4801473922902494,0.4672277209979805,0.741074395860039
20,bernoulli,1,32,0.3,1.0,raw,transport_binary_strength,1,20,0.4633183495010641,0.5181741192411924,0.4635184814426834,0.7606939695120003
13,bernoulli,1,32,0.3,1.0,raw,transport_binary_strength,1,17,0.4624615221513657,0.5200846354166666,0.4632501131758574,0.7529030041607818
44,bernoulli,1,32,0.3,1.0,raw,transport_binary_strength,1,19,0.4417425579271011,0.5361181296400275,0.4658965362307897,0.749717809322862
42,bernoulli,1,32,0.3,1.0,raw,transport_binary_strength,1,20,0.4467483260940418,0.5576700946419256,0.4534460771776073,0.7469704993613907
40,bernoulli,1,32,0.3,1.0,raw,transport_binary_strength,1,19,0.4592185863534818,0.5118475565928785,0.4544522971633786,0.7837775596496527
0,bernoulli,1,32,0.3,1.0,raw,transport_binary_strength,1,28,0.4506530420728665,0.5229501365016457,0.4562241527342769,0.7730843653250774
30,bernoulli,1,32,0.3,1.0,raw,transport_binary_strength,1,18,0.4553137238956672,0.511639850570912,0.4576002312391203,0.748729531338227
10,bernoulli,1,32,0.3,1.0,raw,transport_binary_strength,1,19,0.4483665676041869,0.5230106857557838,0.4737040358014125,0.7511667564171604
49,bernoulli,1,32,0.3,1.0,raw,transport_binary_strength,1,18,0.4488233235685863,0.5058209647495362,0.4599920209679836,0.7652508312742137
31,bernoulli,1,32,0.3,1.0,raw,transport_binary_strength,1,18,0.4380651468215248,0.4874373383690153,0.4569044670903526,0.7553201179120297
18,bernoulli,1,32,0.3,1.0,raw,transport_binary_strength,1,22,0.4576840913899083,0.543203066566941,0.4568485807876695,0.7431659546653594
39,bernoulli,1,32,0.3,1.0,raw,transport_binary_strength,1,20,0.4561592978631566,0.5511500070624794,0.4660913410693588,0.7350617813013356
15,bernoulli,1,32,0.3,1.0,raw,transport_binary_strength,1,21,0.4409518814985849,0.515089072543618,0.465387090926034,0.7462580743798494
23,bernoulli,1,32,0.3,1.0,raw,transport_binary_strength,1,19,0.4242283737467949,0.5178158095861993,0.4636184507346068,0.7598766905330151
48,bernoulli,1,32,0.3,1.0,raw,transport_binary_strength,1,17,0.4619606752647936,0.5261515895179262,0.4652371544999146,0.762230029159322
29,bernoulli,1,32,0.3,1.0,raw,transport_binary_strength,1,20,0.4426231994301414,0.516355053201391,0.4690173658173519,0.7262752721617418
12,bernoulli,1,32,0.3,1.0,raw,transport_binary_strength,1,17,0.4561259277378222,0.5464544672483717,0.4646074992966751,0.7200664136622391
11,bernoulli,1,32,0.3,1.0,raw,transport_binary_strength,1,19,0.4461152721230504,0.5237438725490196,0.4595435936031029,0.7692954680387888
32,bernoulli,1,32,0.3,1.0,raw,transport_binary_strength,1,17,0.4418264094159991,0.4985834763243401,0.4610720454258626,0.7102447765746531
41,bernoulli,1,32,0.3,1.0,raw,transport_binary_strength,1,20,0.4518222497354325,0.4971626682366024,0.4732626658254585,0.7429566049678126
45,bernoulli,1,32,0.3,1.0,raw,transport_binary_strength,1,20,0.452809618670219,0.5415665242418848,0.4543180052418066,0.7518340268678637
8,bernoulli,1,32,0.3,1.0,raw,transport_binary_strength,1,27,0.4510009739192842,0.4946646341463415,0.4648149625695781,0.7471310038564918
9,bernoulli,1,32,0.3,1.0,raw,transport_binary_strength,1,18,0.4640898160248204,0.5581084465381986,0.4571503541083677,0.7781555231773785
26,bernoulli,1,32,0.3,1.0,raw,transport_binary_strength,1,18,0.4712624768039769,0.5081430575605392,0.4540731769837061,0.7681428182874663
34,bernoulli,1,32,0.3,1.0,raw,transport_binary_strength,1,21,0.4508209515150509,0.4995008421374981,0.4527042836416144,0.7708028081968238
33,bernoulli,1,32,0.3,1.0,raw,transport_binary_strength,1,17,0.4432964868518622,0.5174426574065614,0.4695897369010203,0.729104200922075
19,bernoulli,1,32,0.3,1.0,raw,transport_binary_strength,1,17,0.4577463863923939,0.550188339881615,0.4606793860907512,0.7363364986548407
47,bernoulli,1,32,0.3,1.0,raw,transport_binary_strength,1,18,0.4510872336254897,0.5113173993455683,0.4588658443556944,0.7398501872659176
35,bernoulli,1,32,0.3,1.0,raw,transport_binary_strength,1,21,0.4668371749783644,0.548875,0.4635420452787874,0.7636286133783806
7,bernoulli,1,32,0.3,1.0,raw,transport_binary_strength,1,21,0.445451898674232,0.5318638940453645,0.466398923423385,0.71672225975342
17,bernoulli,1,32,0.3,1.0,raw,transport_binary_strength,1,17,0.4409255220393571,0.5199365000824674,0.4670897805837771,0.7042888377633103
22,bernoulli,1,32,0.3,1.0,raw,transport_binary_strength,1,22,0.4422425306604824,0.5600613375544123,0.4619519659705535,0.7286573656777835
4,bernoulli,1,32,0.3,1.0,raw,transport_binary_strength,1,19,0.4575011128531924,0.5224578651685393,0.471905750889505,0.6951685836545173
38,bernoulli,1,32,0.3,1.0,raw,transport_binary_strength,1,18,0.4476300383345246,0.4987662613122172,0.4535993362434937,0.7739872068230278
36,bernoulli,1,32,0.3,1.0,raw,transport_binary_strength,1,20,0.4636551864435964,0.4949353778751368,0.4625834641022046,0.7745555685221923
16,bernoulli,1,32,0.3,1.0,raw,transport_binary_strength,1,20,0.4512732751026888,0.5367609669478187,0.4645468621272089,0.7446214037627805
43,bernoulli,1,32,0.3,1.0,raw,transport_binary_strength,1,19,0.4603682898944658,0.536338542723767,0.4657353097704892,0.7448370029015191
1,bernoulli,1,32,0.3,1.0,raw,transport_binary_strength,1,29,0.4641997259678703,0.5101089785837445,0.4617055216538592,0.7004182003172039
14,bernoulli,1,32,0.3,1.0,raw,transport_binary_strength,1,21,0.4588644642130864,0.5136638806995449,0.4623546797326504,0.756195323425152
21,bernoulli,1,32,0.3,1.0,raw,transport_binary_strength,1,18,0.4573089049644912,0.5488943723415858,0.4748566536689371,0.7181683664734513
24,bernoulli,1,32,0.3,1.0,raw,transport_binary_strength,1,18,0.4719678579000101,0.5345791903409091,0.4591864120919116,0.7766645765568053
27,bernoulli,1,32,0.3,1.0,raw,transport_binary_strength,1,19,0.4503499259988481,0.504868913857678,0.4563981586432527,0.7477529740603176
46,bernoulli,1,32,0.3,1.0,raw,transport_binary_strength,1,20,0.4631453509370349,0.5292335927067091,0.4526149905029557,0.7508448162729657
3,bernoulli,1,32,0.3,1.0,raw,transport_binary_strength,1,21,0.4555385045443945,0.5046226020251994,0.4572880830240564,0.7624441701927597
5,bernoulli,1,32,0.3,1.0,raw,transport_binary_strength,1,17,0.4549368774204367,0.5158610964216463,0.468134762416443,0.7087188463782612
6,bernoulli,1,32,0.3,1.0,raw,transport_binary_strength,1,26,0.4575660217831173,0.5033219954648526,0.4634825868854033,0.7368034784535282
25,bernoulli,1,32,0.3,1.0,raw,transport_binary_strength,1,21,0.4434157348302321,0.5125108781235754,0.4683556487354375,0.7556751727804359
37,bernoulli,1,32,0.3,1.0,raw,transport_binary_strength,1,20,0.4504290323680268,0.4853809885931558,0.4682834210502999,0.755283731717353
42,bernoulli,1,32,0.3,1.0,raw,transport_binary_strength,1,21,0.446763952502736,0.5165157612340712,0.45751331044205,0.7268757203825426
28,bernoulli,1,32,0.3,1.0,raw,transport_binary_strength,1,18,0.4635486352232427,0.536317373853211,0.467182622520477,0.7500851996105161
30,bernoulli,1,32,0.3,1.0,raw,transport_binary_strength,1,19,0.4553339325174594,0.4874561175171132,0.4574768632760479,0.7322238183811074
10,bernoulli,1,32,0.3,1.0,raw,transport_binary_strength,1,20,0.4487085347423845,0.530331638828371,0.4760670666279671,0.741979569523996
20,bernoulli,1,32,0.3,1.0,raw,transport_binary_strength,1,21,0.4635455331391087,0.4968224932249322,0.4627076121185375,0.7616626985395161
18,bernoulli,1,32,0.3,1.0,raw,transport_binary_strength,1,23,0.4577905916563787,0.5095830216903515,0.4574067781923162,0.7362171331636981
13,bernoulli,1,32,0.3,1.0,raw,transport_binary_strength,1,18,0.4623562106006528,0.5003214518229167,0.4648701475966689,0.7431022636179716
40,bernoulli,1,32,0.3,1.0,raw,transport_binary_strength,1,20,0.459253694775898,0.5004320683556367,0.4535665662545645,0.7665697674418605
49,bernoulli,1,32,0.3,1.0,raw,transport_binary_strength,1,19,0.4488203521135134,0.4838705936920223,0.4580225504962357,0.7440323663097526
31,bernoulli,1,32,0.3,1.0,raw,transport_binary_strength,1,19,0.4375968553416153,0.5070719480657369,0.456007879497605,0.7772464560148384
0,bernoulli,1,32,0.3,1.0,raw,transport_binary_strength,1,29,0.4505625817537862,0.5214490436380028,0.4559619817507911,0.7604605263157894
44,bernoulli,1,32,0.3,1.0,raw,transport_binary_strength,1,20,0.4436009962800811,0.5130973547944351,0.4684148703078472,0.7508146635449531
39,bernoulli,1,32,0.3,1.0,raw,transport_binary_strength,1,21,0.4535267955840161,0.4977547200903996,0.4648744108201981,0.7262177701592742
23,bernoulli,1,32,0.3,1.0,raw,transport_binary_strength,1,20,0.424429313290862,0.4841139862430397,0.4641009414369453,0.7482219570405728
15,bernoulli,1,32,0.3,1.0,raw,transport_binary_strength,1,22,0.4439679309136339,0.4752433425160698,0.467395749453061,0.7352367847723884
11,bernoulli,1,32,0.3,1.0,raw,transport_binary_strength,1,20,0.4459916340317007,0.5271921933667084,0.4580632157967516,0.7828041985720592
26,bernoulli,1,32,0.3,1.0,raw,transport_binary_strength,1,19,0.4711049529304545,0.4880412608692706,0.4549185346152873,0.7806954643984537
29,bernoulli,1,32,0.3,1.0,raw,transport_binary_strength,1,21,0.4450313617606244,0.5291918898593458,0.4711181741838918,0.7286916796267496
48,bernoulli,1,32,0.3,1.0,raw,transport_binary_strength,1,18,0.4613786622870732,0.5426532396829427,0.4643667803328247,0.7520798668885191
34,bernoulli,1,32,0.3,1.0,raw,transport_binary_strength,1,22,0.4508720161121389,0.4989557495023733,0.4533406763791037,0.7606296916122133
12,bernoulli,1,32,0.3,1.0,raw,transport_binary_strength,1,18,0.4561885171772563,0.5091679980336734,0.4650738731534672,0.7224857685009488
32,bernoulli,1,32,0.3,1.0,raw,transport_binary_strength,1,18,0.4416667709560391,0.4853674564638019,0.4606129263249197,0.7310412536220833
45,bernoulli,1,32,0.3,1.0,raw,transport_binary_strength,1,21,0.4528075289930563,0.544096047712302,0.454880667485265,0.7706242530705102
41,bernoulli,1,32,0.3,1.0,raw,transport_binary_strength,1,21,0.4519706689698509,0.5265771585253506,0.4742501708780965,0.7406216712722107
19,bernoulli,1,32,0.3,1.0,raw,transport_binary_strength,1,18,0.4577951649323011,0.5171901606233276,0.4597249326629232,0.722807103751295
8,bernoulli,1,32,0.3,1.0,raw,transport_binary_strength,1,28,0.451603307497078,0.5272427014042868,0.4663347326811672,0.741198239258307
9,bernoulli,1,32,0.3,1.0,raw,transport_binary_strength,1,19,0.4641472222155173,0.5186576508890559,0.4553593433818486,0.7898386487507421
22,bernoulli,1,32,0.3,1.0,raw,transport_binary_strength,1,23,0.4424883819660516,0.5246768236380425,0.4627554168889041,0.7330759885566485
7,bernoulli,1,32,0.3,1.0,raw,transport_binary_strength,1,22,0.4453825811821686,0.5031251367247316,0.4671672803911271,0.7187742779935822
38,bernoulli,1,32,0.3,1.0,raw,transport_binary_strength,1,19,0.4477415759137062,0.5308788178733033,0.4546651644644621,0.7812897834219796
33,bernoulli,1,32,0.3,1.0,raw,transport_binary_strength,1,18,0.4437176269489097,0.4819633555697706,0.4698638239620062,0.7257753812425445
35,bernoulli,1,32,0.3,1.0,raw,transport_binary_strength,1,22,0.4670228291553535,0.533875,0.4625443881874899,0.7622827236702926
47,bernoulli,1,32,0.3,1.0,raw,transport_binary_strength,1,19,0.4510322123440414,0.4917164603784322,0.4598643531551898,0.7474756554307117
17,bernoulli,1,32,0.3,1.0,raw,transport_binary_strength,1,18,0.4394079057952436,0.4745340590466765,0.4650572438793402,0.7150252092613442
14,bernoulli,1,32,0.3,1.0,raw,transport_binary_strength,1,22,0.458957346668242,0.4938854223316254,0.4651344256011159,0.7470730755471723
36,bernoulli,1,32,0.3,1.0,raw,transport_binary_strength,1,21,0.4638321873360221,0.5629266155531216,0.4628916390323396,0.7901213677208542
4,bernoulli,1,32,0.3,1.0,raw,transport_binary_strength,1,20,0.45754679107066,0.5272085674157303,0.4708036734795409,0.7162586112712817
43,bernoulli,1,32,0.3,1.0,raw,transport_binary_strength,1,20,0.4604836994096419,0.548455449563629,0.4651235011127108,0.7552832472187311
46,bernoulli,1,32,0.3,1.0,raw,transport_binary_strength,1,21,0.4635743351115114,0.5040845711386814,0.4583100092617446,0.761831528871391
1,bernoulli,1,32,0.3,1.0,raw,transport_binary_strength,1,30,0.4642130154897796,0.512998209209589,0.4618242914499086,0.6897125714456713
16,bernoulli,1,32,0.3,1.0,raw,transport_binary_strength,1,21,0.4490354578666719,0.5261471407240002,0.4656847550625219,0.7283127679130641
27,bernoulli,1,32,0.3,1.0,raw,transport_binary_strength,1,20,0.4505896175847699,0.5051645968854721,0.4555884679949554,0.737163887863423
3,bernoulli,1,32,0.3,1.0,raw,transport_binary_strength,1,22,0.4557729663691144,0.5174284589869006,0.458775687966697,0.7421011841795957
21,bernoulli,1,32,0.3,1.0,raw,transport_binary_strength,1,19,0.457215573562957,0.521962591340386,0.4801846105986879,0.699696725120454
24,bernoulli,1,32,0.3,1.0,raw,transport_binary_strength,1,19,0.4718577678641303,0.5103991800103306,0.4600524487345156,0.7724438609554415
6,bernoulli,1,32,0.3,1.0,raw,transport_binary_strength,1,27,0.4597407500377299,0.5141213151927437,0.4694906106077005,0.7247622212726899
5,bernoulli,1,32,0.3,1.0,raw,transport_binary_strength,1,18,0.4553207765611123,0.497161995416887,0.4691605518438333,0.7352046344919563
42,bernoulli,1,32,0.3,1.0,raw,transport_binary_strength,1,22,0.4467099665298307,0.5394263730531336,0.4574435404037194,0.7431855705429737
18,bernoulli,1,32,0.3,1.0,raw,transport_binary_strength,1,24,0.4577013629468811,0.5098541510845176,0.4584829960293909,0.7451385484511053
30,bernoulli,1,32,0.3,1.0,raw,transport_binary_strength,1,20,0.4553595888114867,0.481673127387594,0.4596163517903728,0.7474299996678513
37,bernoulli,1,32,0.3,1.0,raw,transport_binary_strength,1,21,0.4506819075101343,0.5176760456273765,0.4681037899045642,0.7476153069240264
10,bernoulli,1,32,0.3,1.0,raw,transport_binary_strength,1,21,0.4491457672541394,0.462330117232078,0.4765928446379858,0.7249494133581371
25,bernoulli,1,32,0.3,1.0,raw,transport_binary_strength,1,22,0.4447273123713468,0.4844598234635946,0.4694750265014095,0.7401572112098428
28,bernoulli,1,32,0.3,1.0,raw,transport_binary_strength,1,19,0.4637912246343978,0.5173344323394495,0.4690965007579095,0.7475819539110679
20,bernoulli,1,32,0.3,1.0,raw,transport_binary_strength,1,22,0.4637257410526704,0.5070392953929539,0.4583290291352896,0.7674491067719152
13,bernoulli,1,32,0.3,1.0,raw,transport_binary_strength,1,19,0.4629685380608817,0.4819783528645833,0.4601093546832745,0.7338664732602969
31,bernoulli,1,32,0.3,1.0,raw,transport_binary_strength,1,20,0.4365195630475516,0.5291599359922341,0.4576315238944002,0.7641697303921569
23,bernoulli,1,32,0.3,1.0,raw,transport_binary_strength,1,21,0.4248236991749716,0.5246233213232886,0.4651256636051241,0.7622712808273668
39,bernoulli,1,32,0.3,1.0,raw,transport_binary_strength,1,22,0.4568153751829257,0.547942464334479,0.4683119634535875,0.7279730019284336
49,bernoulli,1,32,0.3,1.0,raw,transport_binary_strength,1,20,0.4500418709772522,0.4940051020408164,0.4614353562426277,0.7478569903297642
40,bernoulli,1,32,0.3,1.0,raw,transport_binary_strength,1,21,0.45920995485152,0.5266509453009538,0.4532532839216894,0.7670209151313803
0,bernoulli,1,32,0.3,1.0,raw,transport_binary_strength,1,30,0.4505422748762775,0.5125530485367533,0.456853766906838,0.7720820433436533
44,bernoulli,1,32,0.3,1.0,raw,transport_binary_strength,1,21,0.4437066117418453,0.5222955268575706,0.468999367187862,0.7572143093607535
15,bernoulli,1,32,0.3,1.0,raw,transport_binary_strength,1,23,0.4440126185954544,0.4862479338842974,0.4680131843372588,0.7421339295952298
26,bernoulli,1,32,0.3,1.0,raw,transport_binary_strength,1,20,0.4711085745786412,0.4792984025645718,0.4555260741604546,0.7826817990752417
34,bernoulli,1,32,0.3,1.0,raw,transport_binary_strength,1,23,0.4510768113161923,0.5280447098453529,0.4540598696365358,0.7692994090565042
29,bernoulli,1,32,0.3,1.0,raw,transport_binary_strength,1,22,0.4424840209252592,0.5153759093379796,0.4683197271954459,0.738203732503888
11,bernoulli,1,32,0.3,1.0,raw,transport_binary_strength,1,21,0.4460449719859629,0.4964278264497288,0.4593966478969074,0.7879972293686919
19,bernoulli,1,32,0.3,1.0,raw,transport_binary_strength,1,19,0.4579590240716027,0.5077178808630464,0.4615220549728602,0.7626991634214955
41,bernoulli,1,32,0.3,1.0,raw,transport_binary_strength,1,22,0.4521368531953263,0.5143038588802216,0.4740609033566508,0.7404943112524507
22,bernoulli,1,32,0.3,1.0,raw,transport_binary_strength,1,24,0.4424076704910667,0.5150606780108165,0.4618201775335349,0.7505114237567113
38,bernoulli,1,32,0.3,1.0,raw,transport_binary_strength,1,20,0.4475866939438875,0.5373585972850679,0.4535863270876586,0.7700000781024235
48,bernoulli,1,32,0.3,1.0,raw,transport_binary_strength,1,19,0.4619831735149772,0.5466503060562468,0.4653520129497893,0.7565011284822327
45,bernoulli,1,32,0.3,1.0,raw,transport_binary_strength,1,22,0.4530644376336804,0.5436695151623049,0.4554338006667286,0.7434792155620509
12,bernoulli,1,32,0.3,1.0,raw,transport_binary_strength,1,19,0.4560785389448463,0.5358240137642866,0.4645658191093778,0.7215782526194209
9,bernoulli,1,32,0.3,1.0,raw,transport_binary_strength,1,20,0.4641490521618642,0.5097095592963361,0.4553546474692947,0.7777816323226716
32,bernoulli,1,32,0.3,1.0,raw,transport_binary_strength,1,19,0.4418588360442844,0.536303895440108,0.4623409661521525,0.7351037059630929
8,bernoulli,1,32,0.3,1.0,raw,transport_binary_strength,1,29,0.4512635009996712,0.5267384207932989,0.4653254025158273,0.7429200264890343
33,bernoulli,1,32,0.3,1.0,raw,transport_binary_strength,1,19,0.4438006184143427,0.5124366033080507,0.4689442708847127,0.7335211335719122
7,bernoulli,1,32,0.3,1.0,raw,transport_binary_strength,1,23,0.4457840514203657,0.4790522085341233,0.4659016376256563,0.7261526769126836
35,bernoulli,1,32,0.3,1.0,raw,transport_binary_strength,1,23,0.4670847878729807,0.5155948275862069,0.4643499331941594,0.7632299774237856
47,bernoulli,1,32,0.3,1.0,raw,transport_binary_strength,1,20,0.450966197770775,0.549960876369327,0.4597394049337901,0.7401928838951312
14,bernoulli,1,32,0.3,1.0,raw,transport_binary_strength,1,23,0.4589969876768128,0.4948085124652946,0.4648695385615446,0.7493536375166672
46,bernoulli,1,32,0.3,1.0,raw,transport_binary_strength,1,22,0.4635321923334232,0.5479666669153469,0.4570200340003282,0.7613537565616797
17,bernoulli,1,32,0.3,1.0,raw,transport_binary_strength,1,19,0.4412085335080469,0.5265174006267525,0.4660851547415465,0.7473322237995007
36,bernoulli,1,32,0.3,1.0,raw,transport_binary_strength,1,22,0.4636998888790976,0.5148127053669223,0.4613618190776996,0.7769654179795386
43,bernoulli,1,32,0.3,1.0,raw,transport_binary_strength,1,21,0.4607545683629643,0.5475583519382992,0.4592790185474809,0.7587181337181337
4,bernoulli,1,32,0.3,1.0,raw,transport_binary_strength,1,21,0.4575411731401299,0.5143539325842696,0.4725734385937398,0.7092804467239234
6,bernoulli,1,32,0.3,1.0,raw,transport_binary_strength,1,28,0.4577150202010791,0.5247760770975056,0.4641702565403066,0.7262854294260076
27,bernoulli,1,32,0.3,1.0,raw,transport_binary_strength,1,21,0.4506103026206155,0.5078178592548788,0.4563273201053511,0.7489075649245467
21,bernoulli,1,32,0.3,1.0,raw,transport_binary_strength,1,20,0.4571595949116707,0.5435809521212782,0.4764752073542806,0.7148115537946046
16,bernoulli,1,32,0.3,1.0,raw,transport_binary_strength,1,22,0.4490221837421583,0.4889099640824892,0.4668846047931418,0.7201665839711733
3,bernoulli,1,32,0.3,1.0,raw,transport_binary_strength,1,23,0.4556875282520939,0.5040853807087573,0.4586354816691473,0.7464114656793607
42,bernoulli,1,32,0.3,1.0,raw,transport_binary_strength,1,23,0.4467619679624541,0.536021685669573,0.4590276657142188,0.728049749228996
24,bernoulli,1,32,0.3,1.0,raw,transport_binary_strength,1,20,0.4713326672310329,0.5142610408057852,0.4610817893534602,0.7645922326292277
30,bernoulli,1,32,0.3,1.0,raw,transport_binary_strength,1,21,0.455975135546742,0.5087026262654688,0.4616936284700736,0.7528149599760853
18,bernoulli,1,32,0.3,1.0,raw,transport_binary_strength,1,25,0.45779469295932,0.5219007105459985,0.4588118046125352,0.7410104971558855
5,bernoulli,1,32,0.3,1.0,raw,transport_binary_strength,1,19,0.4553018764809075,0.5403419707385863,0.4700714716694857,0.7188651329499043
10,bernoulli,1,32,0.3,1.0,raw,transport_binary_strength,1,22,0.4493160308325595,0.5251167133520074,0.4763732284156611,0.7337347628139227
37,bernoulli,1,32,0.3,1.0,raw,transport_binary_strength,1,22,0.4509111121500662,0.5485505703422053,0.4692837061017884,0.744288166519117
25,bernoulli,1,32,0.3,1.0,raw,transport_binary_strength,1,23,0.443658954387219,0.4876424516182503,0.4681487518977157,0.7515569226095542
28,bernoulli,1,32,0.3,1.0,raw,transport_binary_strength,1,20,0.4635249270584808,0.5269531249999999,0.4690480873897649,0.7419506653683869
20,bernoulli,1,32,0.3,1.0,raw,transport_binary_strength,1,23,0.4636805269226311,0.4965108401084011,0.4614129120177516,0.7573863091623789
13,bernoulli,1,32,0.3,1.0,raw,transport_binary_strength,1,20,0.4624652275983922,0.4941853841145833,0.4638676854181127,0.7319502233080124
49,bernoulli,1,32,0.3,1.0,raw,transport_binary_strength,1,21,0.4492324827002507,0.5263528138528139,0.4588494122706666,0.7444594429700131
40,bernoulli,1,32,0.3,1.0,raw,transport_binary_strength,1,22,0.4591418381720874,0.546554355814348,0.4543417838704969,0.7623886288130474
23,bernoulli,1,32,0.3,1.0,raw,transport_binary_strength,1,22,0.4253042681624045,0.5543536412272082,0.4647117555569176,0.7458552108194114
31,bernoulli,1,32,0.3,1.0,raw,transport_binary_strength,1,21,0.4377267113878901,0.5142386943629179,0.4573605321184212,0.7524716812400636
26,bernoulli,1,32,0.3,1.0,raw,transport_binary_strength,1,21,0.4711711819908828,0.4778751465614813,0.4554677776764687,0.7611700417872066
39,bernoulli,1,32,0.3,1.0,raw,transport_binary_strength,1,23,0.4569082339106562,0.5023894721973727,0.4683139521292351,0.723614384686808
38,bernoulli,1,32,0.3,1.0,raw,transport_binary_strength,1,21,0.4475077510940318,0.535785492081448,0.4537556961584776,0.7726360348961627
34,bernoulli,1,32,0.3,1.0,raw,transport_binary_strength,1,24,0.4508801793011694,0.529924973204716,0.4538953087123253,0.758959633906685
15,bernoulli,1,32,0.3,1.0,raw,transport_binary_strength,1,24,0.4439649437433554,0.5262148760330578,0.4675364999241145,0.7472422887283569
22,bernoulli,1,32,0.3,1.0,raw,transport_binary_strength,1,25,0.4424711396078527,0.5319153146022951,0.4628156931301415,0.7412803229219737
44,bernoulli,1,32,0.3,1.0,raw,transport_binary_strength,1,22,0.4437200113022415,0.5318524237319857,0.4696990102193879,0.7557365475815362
19,bernoulli,1,32,0.3,1.0,raw,transport_binary_strength,1,20,0.4579226611922001,0.5393191752850898,0.4608823775613241,0.7415246776326836
29,bernoulli,1,32,0.3,1.0,raw,transport_binary_strength,1,23,0.4449924523538587,0.5506064735184399,0.4723271098788035,0.7158825816485226
41,bernoulli,1,32,0.3,1.0,raw,transport_binary_strength,1,23,0.4521790034794915,0.5321264452403146,0.4740042891247964,0.7302784939098754
11,bernoulli,1,32,0.3,1.0,raw,transport_binary_strength,1,22,0.4460253614658216,0.5337857217355026,0.4581454300065606,0.7661404496947739
48,bernoulli,1,32,0.3,1.0,raw,transport_binary_strength,1,20,0.4628592693798894,0.5311331133113312,0.4674051702677819,0.7473352992537191
32,bernoulli,1,32,0.3,1.0,raw,transport_binary_strength,1,20,0.4418528500283618,0.5218831002884159,0.4622033727369305,0.7386857556809516
9,bernoulli,1,32,0.3,1.0,raw,transport_binary_strength,1,21,0.464007306268529,0.5311964857419403,0.456078636961909,0.7641982161166231
45,bernoulli,1,32,0.3,1.0,raw,transport_binary_strength,1,23,0.4534529781525996,0.5335996380036793,0.4560228945250879,0.744175749809218
8,bernoulli,1,32,0.3,1.0,raw,transport_binary_strength,1,30,0.4517109940244689,0.4973477149544223,0.4663412192550218,0.7383565112383623
12,bernoulli,1,32,0.3,1.0,raw,transport_binary_strength,1,20,0.4557362001875393,0.4984023595919872,0.4672984218009945,0.7365852652421416
33,bernoulli,1,32,0.3,1.0,raw,transport_binary_strength,1,20,0.4439322345920309,0.5187791282098145,0.4690088193344826,0.7410774736434858
46,bernoulli,1,32,0.3,1.0,raw,transport_binary_strength,1,23,0.4632557262060572,0.5149133474086287,0.4555798331323284,0.764651000656168
7,bernoulli,1,32,0.3,1.0,raw,transport_binary_strength,1,24,0.4461027294798438,0.5359171963773415,0.4672160162244552,0.7291821482857626
35,bernoulli,1,32,0.3,1.0,raw,transport_binary_strength,1,24,0.4667366659367383,0.5488189655172413,0.4610284618561515,0.747442414865569
47,bernoulli,1,32,0.3,1.0,raw,transport_binary_strength,1,21,0.451040356115092,0.5301714326362215,0.4609076280127763,0.720449438202247
14,bernoulli,1,32,0.3,1.0,raw,transport_binary_strength,1,24,0.4589121335580788,0.5279753556401523,0.4647818452021678,0.7511951608182379
17,bernoulli,1,32,0.3,1.0,raw,transport_binary_strength,1,20,0.4415040540789867,0.5312757710704272,0.4691606788891198,0.7096407068383181
36,bernoulli,1,32,0.3,1.0,raw,transport_binary_strength,1,23,0.4638636859962416,0.4934194961664841,0.4630009966256639,0.7856731629517252
4,bernoulli,1,32,0.3,1.0,raw,transport_binary_strength,1,22,0.4573770014043254,0.5303230337078652,0.4728932535226706,0.6944459196989469
6,bernoulli,1,32,0.3,1.0,raw,transport_binary_strength,1,29,0.4579751627332197,0.5103316326530613,0.4643765513931996,0.7418696292076151
43,bernoulli,1,32,0.3,1.0,raw,transport_binary_strength,1,22,0.4602487720419246,0.536346661254313,0.4665122341461172,0.7505993110831821
27,bernoulli,1,32,0.3,1.0,raw,transport_binary_strength,1,22,0.4503335140706981,0.5357539917208752,0.455832384318887,0.7504595761351908
16,bernoulli,1,32,0.3,1.0,raw,transport_binary_strength,1,23,0.4492642421078237,0.4864441664312522,0.4669716160805047,0.7244450590120464
21,bernoulli,1,32,0.3,1.0,raw,transport_binary_strength,1,21,0.4571699926292675,0.5413553822663322,0.4760704001249096,0.7183253030710659
30,bernoulli,1,32,0.3,1.0,raw,transport_binary_strength,1,22,0.4553385304672884,0.5569856691594965,0.4595722410823822,0.7451693127844023
3,bernoulli,1,32,0.3,1.0,raw,transport_binary_strength,1,24,0.4539222937685037,0.5291317628979967,0.4550213266708871,0.7457319581570286
42,bernoulli,1,32,0.3,1.0,raw,transport_binary_strength,1,24,0.447126008610365,0.5395055518294956,0.454926232132509,0.749926014765895
24,bernoulli,1,32,0.3,1.0,raw,transport_binary_strength,1,21,0.4716046354556597,0.5175861957644627,0.4567785950381486,0.7561096523886036
18,bernoulli,1,32,0.3,1.0,raw,transport_binary_strength,1,26,0.4576727611549709,0.5298522812266268,0.4621478370273749,0.7369174623184007
10,bernoulli,1,32,0.3,1.0,raw,transport_binary_strength,1,23,0.4489955015647449,0.4821281599059377,0.4762142816550854,0.7425180724857624
5,bernoulli,1,32,0.3,1.0,raw,transport_binary_strength,1,20,0.4548529530376825,0.5237687290675128,0.4677298412036363,0.7208385429690756
37,bernoulli,1,32,0.3,1.0,raw,transport_binary_strength,1,23,0.4508337429959074,0.5024212927756655,0.4684898608300357,0.7215114901682066
25,bernoulli,1,32,0.3,1.0,raw,transport_binary_strength,1,24,0.4436893327639962,0.5162902490572293,0.4668697954625682,0.747649426596795
28,bernoulli,1,32,0.3,1.0,raw,transport_binary_strength,1,21,0.4636074101692258,0.5573609518348623,0.4698392768497234,0.7364187763713079
20,bernoulli,1,32,0.3,1.0,raw,transport_binary_strength,1,24,0.463721981410337,0.4655894308943089,0.4595749971124258,0.7326927071681953
49,bernoulli,1,32,0.3,1.0,raw,transport_binary_strength,1,22,0.4491384019728657,0.509678416821274,0.4591859740001763,0.7680630548183399
26,bernoulli,1,32,0.3,1.0,raw,transport_binary_strength,1,22,0.4720159402263028,0.4820601969515211,0.4528468527968929,0.7653673070741538
40,bernoulli,1,32,0.3,1.0,raw,transport_binary_strength,1,23,0.4579890721112675,0.5044216341067491,0.4572905106700053,0.7674380851706433
31,bernoulli,1,32,0.3,1.0,raw,transport_binary_strength,1,22,0.4384621190876147,0.5094874070029349,0.459209760154116,0.7449717640434551
34,bernoulli,1,32,0.3,1.0,raw,transport_binary_strength,1,25,0.4525092479382522,0.5285653039350788,0.4550841826334523,0.7606227475053295
13,bernoulli,1,32,0.3,1.0,raw,transport_binary_strength,1,21,0.4622167841343574,0.4918986002604167,0.4655271203256803,0.7507119135778906
23,bernoulli,1,32,0.3,1.0,raw,transport_binary_strength,1,23,0.4253709548591952,0.5457637296648106,0.4649846160046119,0.7544391408114558
22,bernoulli,1,32,0.3,1.0,raw,transport_binary_strength,1,26,0.4429174396864616,0.5320900936551907,0.4635154756011799,0.7339146451385352
38,bernoulli,1,32,0.3,1.0,raw,transport_binary_strength,1,22,0.4476685354201357,0.5381504524886879,0.4561070936916379,0.7847341002991324
39,bernoulli,1,32,0.3,1.0,raw,transport_binary_strength,1,24,0.4530160542763256,0.4770263430481661,0.4639729108291768,0.7052174844653953
44,bernoulli,1,32,0.3,1.0,raw,transport_binary_strength,1,23,0.4437639852119908,0.5214572025703412,0.4696551643403199,0.7586402198494717
19,bernoulli,1,32,0.3,1.0,raw,transport_binary_strength,1,21,0.4578878575039448,0.5206473584502318,0.4610981095669277,0.7445630586915306
15,bernoulli,1,32,0.3,1.0,raw,transport_binary_strength,1,25,0.4441905863364698,0.5063471074380166,0.4689607782129281,0.7242441616022628
32,bernoulli,1,32,0.3,1.0,raw,transport_binary_strength,1,21,0.4421264377125192,0.5048410061699098,0.4629107120839402,0.7174698795180723
12,bernoulli,1,32,0.3,1.0,raw,transport_binary_strength,1,21,0.4561372800612977,0.5138544098971776,0.4647151384426854,0.7233974094546655
48,bernoulli,1,32,0.3,1.0,raw,transport_binary_strength,1,21,0.4631429861542693,0.5008885503935009,0.4681790371355181,0.7558483385776182
9,bernoulli,1,32,0.3,1.0,raw,transport_binary_strength,1,22,0.4641192102941846,0.49553949140726,0.4556503300369559,0.7861421401975068
41,bernoulli,1,32,0.3,1.0,raw,transport_binary_strength,1,24,0.4522286296611724,0.4993376833635873,0.4735267284396204,0.7137351992219461
29,bernoulli,1,32,0.3,1.0,raw,transport_binary_strength,1,24,0.4451182761687439,0.5149328746621396,0.4707166266186738,0.7284642301710732
11,bernoulli,1,32,0.3,1.0,raw,transport_binary_strength,1,23,0.4461953296351124,0.5279972361284939,0.4585261228435028,0.7871599506766733
46,bernoulli,1,32,0.3,1.0,raw,transport_binary_strength,1,24,0.4638206538902527,0.5228362963570847,0.4605496763187853,0.7440780839895014
14,bernoulli,1,32,0.3,1.0,raw,transport_binary_strength,1,25,0.4588156856836267,0.5433816584137161,0.4637077941093882,0.7493048554424534
45,bernoulli,1,32,0.3,1.0,raw,transport_binary_strength,1,24,0.4530531563202535,0.4933868909856982,0.4538898918106275,0.7526367510906969
33,bernoulli,1,32,0.3,1.0,raw,transport_binary_strength,1,21,0.4443663534297005,0.5365616147308782,0.4720070060608051,0.7396266563497437
36,bernoulli,1,32,0.3,1.0,raw,transport_binary_strength,1,24,0.4638446360677721,0.543671412924425,0.4644235266260921,0.7676158244836037
47,bernoulli,1,32,0.3,1.0,raw,transport_binary_strength,1,22,0.4519759769976265,0.5052923602219377,0.4565524176777456,0.7243033707865169
7,bernoulli,1,32,0.3,1.0,raw,transport_binary_strength,1,25,0.4459587728055119,0.5224916090078942,0.4690235611257853,0.739866576591792
35,bernoulli,1,32,0.3,1.0,raw,transport_binary_strength,1,25,0.4667765880310282,0.5294698275862069,0.460710340226347,0.765765854659699
17,bernoulli,1,32,0.3,1.0,raw,transport_binary_strength,1,21,0.4416365065113532,0.5337250536038266,0.4680284668994473,0.7367834940525724
6,bernoulli,1,32,0.3,1.0,raw,transport_binary_strength,1,30,0.4581665707419609,0.4981462585034013,0.4649291721361714,0.7355591954295843
4,bernoulli,1,32,0.3,1.0,raw,transport_binary_strength,1,23,0.4574668634118966,0.5355442415730337,0.471170660165047,0.7021789930502867
16,bernoulli,1,32,0.3,1.0,raw,transport_binary_strength,1,24,0.4488909645014219,0.5299971750272409,0.4681041400677446,0.7252279548726625
43,bernoulli,1,32,0.3,1.0,raw,transport_binary_strength,1,23,0.4606540746066218,0.5161152831337528,0.4593038380577326,0.7401627643563127
30,bernoulli,1,32,0.3,1.0,raw,transport_binary_strength,1,23,0.4554176046664858,0.4980441955523037,0.460015328141539,0.7438137310260073
27,bernoulli,1,32,0.3,1.0,raw,transport_binary_strength,1,23,0.4505137974037148,0.5339246993889217,0.4570890699801485,0.746713277229886
42,bernoulli,1,32,0.3,1.0,raw,transport_binary_strength,1,25,0.4472292089837948,0.5027107086966243,0.4554037639916798,0.7628695367745553
21,bernoulli,1,32,0.3,1.0,raw,transport_binary_strength,1,22,0.4573583166202655,0.5596677663867379,0.4757633387509334,0.7252019794392677
18,bernoulli,1,32,0.3,1.0,raw,transport_binary_strength,1,27,0.4575039627862456,0.5051234106207928,0.4624315552714126,0.7481577452513793
3,bernoulli,1,32,0.3,1.0,raw,transport_binary_strength,1,25,0.4543129213735001,0.4888995083800278,0.4558098603515685,0.7602605635872121
24,bernoulli,1,32,0.3,1.0,raw,transport_binary_strength,1,22,0.4716679668352429,0.4921390754132231,0.4600346014236195,0.7843085002155424
10,bernoulli,1,32,0.3,1.0,raw,transport_binary_strength,1,24,0.4492991002411942,0.5191997786769029,0.4759833929035917,0.7428811540281653
28,bernoulli,1,32,0.3,1.0,raw,transport_binary_strength,1,22,0.4636142884562638,0.5232798165137614,0.4678552512215922,0.7443727685816294
20,bernoulli,1,32,0.3,1.0,raw,transport_binary_strength,1,25,0.4633933287165852,0.470640243902439,0.4634669615164656,0.7697361062286281
37,bernoulli,1,32,0.3,1.0,raw,transport_binary_strength,1,24,0.4508703966765038,0.536851711026616,0.4690785051648421,0.7286998591004875
25,bernoulli,1,32,0.3,1.0,raw,transport_binary_strength,1,25,0.4448291095753699,0.5043761137126519,0.4688922825086467,0.7374382927014507
5,bernoulli,1,32,0.3,1.0,raw,transport_binary_strength,1,21,0.454988659099051,0.5361889652741054,0.4689258245687144,0.6975118779694923
26,bernoulli,1,32,0.3,1.0,raw,transport_binary_strength,1,23,0.471001558155471,0.5084514296945422,0.456855185740505,0.7786431933008596
40,bernoulli,1,32,0.3,1.0,raw,transport_binary_strength,1,24,0.4590913201589057,0.5168789320239373,0.4537527405837344,0.7675135910601026
34,bernoulli,1,32,0.3,1.0,raw,transport_binary_strength,1,26,0.4527522889115745,0.5163864645536671,0.4550748341977566,0.7451755817425542
49,bernoulli,1,32,0.3,1.0,raw,transport_binary_strength,1,23,0.4492449047933267,0.5126623376623377,0.4598273794077477,0.7526806686800281
22,bernoulli,1,32,0.3,1.0,raw,transport_binary_strength,1,27,0.4430172814589257,0.5192685661522226,0.4639372602038436,0.7301171767841047
38,bernoulli,1,32,0.3,1.0,raw,transport_binary_strength,1,23,0.4474843252622802,0.5171662895927601,0.4535954598168904,0.7631817365292846
31,bernoulli,1,32,0.3,1.0,raw,transport_binary_strength,1,23,0.4386124602085604,0.5210717508854155,0.4583917891187261,0.7732511923688394
44,bernoulli,1,32,0.3,1.0,raw,transport_binary_strength,1,24,0.4440919982003735,0.4974460353109988,0.4696939183429241,0.7425683140752323
13,bernoulli,1,32,0.3,1.0,raw,transport_binary_strength,1,22,0.4626180755830896,0.5162760416666666,0.4612520890072293,0.7465072336527083
32,bernoulli,1,32,0.3,1.0,raw,transport_binary_strength,1,22,0.4427243360731241,0.5146288927019824,0.4668775353113912,0.7241383254537136
12,bernoulli,1,32,0.3,1.0,raw,transport_binary_strength,1,22,0.4560545894777899,0.4966039900045061,0.4643664433960413,0.7251175645573797
39,bernoulli,1,32,0.3,1.0,raw,transport_binary_strength,1,25,0.4536826057143813,0.4914749988229201,0.4649905606050077,0.719605742446968
23,bernoulli,1,32,0.3,1.0,raw,transport_binary_strength,1,24,0.4269069000936173,0.509998362266623,0.467256280052676,0.7535481304693715
46,bernoulli,1,32,0.3,1.0,raw,transport_binary_strength,1,25,0.4632176238139404,0.5173640900918376,0.4536833775689461,0.7734272473753281
48,bernoulli,1,32,0.3,1.0,raw,transport_binary_strength,1,22,0.4633899361812093,0.5239175199571239,0.4685434999199681,0.7561984151826165
19,bernoulli,1,32,0.3,1.0,raw,transport_binary_strength,1,22,0.4581662780307459,0.5206657870100767,0.4617167045173583,0.749489167065915
15,bernoulli,1,32,0.3,1.0,raw,transport_binary_strength,1,26,0.4443049828782477,0.4918971533516988,0.4677864821492645,0.7466804265565875
14,bernoulli,1,32,0.3,1.0,raw,transport_binary_strength,1,26,0.4588254937671812,0.5173812863153677,0.46341776710011,0.7412436176786237
41,bernoulli,1,32,0.3,1.0,raw,transport_binary_strength,1,25,0.452281083821182,0.4950230856868741,0.4743138244696872,0.737993423591707
11,bernoulli,1,32,0.3,1.0,raw,transport_binary_strength,1,24,0.4463107314577575,0.5265012254901961,0.4581430719409857,0.7727359223005374
9,bernoulli,1,32,0.3,1.0,raw,transport_binary_strength,1,23,0.4639619429330426,0.5015297040090428,0.4562040652052986,0.7807496318909626
29,bernoulli,1,32,0.3,1.0,raw,transport_binary_strength,1,25,0.4429379447438497,0.5495119172604821,0.4699828307333367,0.7151632970451011
45,bernoulli,1,32,0.3,1.0,raw,transport_binary_strength,1,25,0.4534781986798203,0.5434840662275235,0.4555668641769871,0.7539812241724382
33,bernoulli,1,32,0.3,1.0,raw,transport_binary_strength,1,22,0.4446633275124474,0.5199671022571507,0.4712713302267468,0.7303293355256795
36,bernoulli,1,32,0.3,1.0,raw,transport_binary_strength,1,25,0.4638750577560138,0.5194698795180723,0.4638232561690875,0.770609172598903
30,bernoulli,1,32,0.3,1.0,raw,transport_binary_strength,1,24,0.4555337123444472,0.4945019382162782,0.4591918314143682,0.7565308732188527
47,bernoulli,1,32,0.3,1.0,raw,transport_binary_strength,1,23,0.4518545361392371,0.514582444159909,0.457107521278953,0.7553558052434456
7,bernoulli,1,32,0.3,1.0,raw,transport_binary_strength,1,26,0.4461495079027553,0.5228822510984856,0.4691119544982381,0.7335922985982097
16,bernoulli,1,32,0.3,1.0,raw,transport_binary_strength,1,25,0.4507446413033703,0.5349893054602688,0.466170349399889,0.7322414816863373
42,bernoulli,1,32,0.3,1.0,raw,transport_binary_strength,1,26,0.4467299806264575,0.5340655041359267,0.4600582303373893,0.7386296377059904
35,bernoulli,1,32,0.3,1.0,raw,transport_binary_strength,1,26,0.4667155781584812,0.529323275862069,0.4630223340359524,0.7395644211490189
18,bernoulli,1,32,0.3,1.0,raw,transport_binary_strength,1,28,0.457760188788832,0.5298803290949887,0.4586037538857256,0.748517636622546
17,bernoulli,1,32,0.3,1.0,raw,transport_binary_strength,1,22,0.4417205805381301,0.5261999010390896,0.4681736900157672,0.7235853443634049
10,bernoulli,1,32,0.3,1.0,raw,transport_binary_strength,1,25,0.4494188940923292,0.5224089635854342,0.47781565326476,0.7192155806856938
4,bernoulli,1,32,0.3,1.0,raw,transport_binary_strength,1,24,0.4572561151013226,0.5179143258426967,0.4738717489138578,0.6878584868441018
43,bernoulli,1,32,0.3,1.0,raw,transport_binary_strength,1,24,0.4606373504732422,0.4970123807590826,0.4597708598886544,0.7518735744542195
3,bernoulli,1,32,0.3,1.0,raw,transport_binary_strength,1,26,0.454140429730507,0.5305341604042904,0.4552688853700291,0.742674174306535
28,bernoulli,1,32,0.3,1.0,raw,transport_binary_strength,1,23,0.4635730654194067,0.5228856077981652,0.469668473996046,0.7355586660175268
27,bernoulli,1,32,0.3,1.0,raw,transport_binary_strength,1,24,0.4503880086328189,0.5348945397200867,0.4569281111190799,0.746686908107375
21,bernoulli,1,32,0.3,1.0,raw,transport_binary_strength,1,23,0.4573474018770885,0.5276475079070782,0.4768862328262573,0.7195176135854102
24,bernoulli,1,32,0.3,1.0,raw,transport_binary_strength,1,23,0.4704311423978835,0.5477466425619835,0.4646088463430827,0.7514754869302818
20,bernoulli,1,32,0.3,1.0,raw,transport_binary_strength,1,26,0.4629947529139124,0.5040243902439023,0.467890348537871,0.7489373941388897
34,bernoulli,1,32,0.3,1.0,raw,transport_binary_strength,1,27,0.4512435724006706,0.5417363344051447,0.4552133874881761,0.7577305269882714
37,bernoulli,1,32,0.3,1.0,raw,transport_binary_strength,1,25,0.4511944653689014,0.5369368821292776,0.4697927479897155,0.7177188410495557
25,bernoulli,1,32,0.3,1.0,raw,transport_binary_strength,1,26,0.4438453061552538,0.495565869628279,0.4683126157401306,0.7351408825093035
40,bernoulli,1,32,0.3,1.0,raw,transport_binary_strength,1,25,0.4588253800985395,0.4888429451717371,0.4552578223392781,0.7767026578073091
26,bernoulli,1,32,0.3,1.0,raw,transport_binary_strength,1,24,0.4708751664805694,0.5413252546611634,0.4561454470257438,0.7737206273850439
38,bernoulli,1,32,0.3,1.0,raw,transport_binary_strength,1,24,0.4475680332574265,0.5122277997737557,0.4553536821014795,0.7736982278560105
22,bernoulli,1,32,0.3,1.0,raw,transport_binary_strength,1,28,0.4428301606193244,0.5047025458382799,0.4637996905559808,0.7332523415762041
5,bernoulli,1,32,0.3,1.0,raw,transport_binary_strength,1,22,0.45560174704766,0.5155473294553147,0.4713168120642867,0.7085125448028673
46,bernoulli,1,32,0.3,1.0,raw,transport_binary_strength,1,26,0.4636485980135782,0.5275363508180333,0.4598977598306203,0.7691539534120736
32,bernoulli,1,32,0.3,1.0,raw,transport_binary_strength,1,23,0.4420058136650442,0.5358950020079588,0.461515758965505,0.7243365868537441
14,bernoulli,1,32,0.3,1.0,raw,transport_binary_strength,1,27,0.4588353828312118,0.4988550820047513,0.462974572919159,0.7485588962242674
12,bernoulli,1,32,0.3,1.0,raw,transport_binary_strength,1,23,0.4554625594174787,0.4987751423538569,0.4683490946121074,0.7360283804966586
44,bernoulli,1,32,0.3,1.0,raw,transport_binary_strength,1,25,0.4440195319469678,0.5233327094640963,0.4703285974935063,0.7504596816330762
13,bernoulli,1,32,0.3,1.0,raw,transport_binary_strength,1,23,0.4629509319181504,0.5447184244791667,0.4609075148576289,0.7457533305340307
49,bernoulli,1,32,0.3,1.0,raw,transport_binary_strength,1,24,0.4512593898694442,0.4933402906617192,0.4640429836240919,0.7360208657454013
31,bernoulli,1,32,0.3,1.0,raw,transport_binary_strength,1,24,0.4378449408515198,0.4799861973775017,0.4578297641089872,0.7679269342872285
48,bernoulli,1,32,0.3,1.0,raw,transport_binary_strength,1,23,0.4634186674369934,0.5054751629009056,0.4687398750483252,0.7556794780975601
39,bernoulli,1,32,0.3,1.0,raw,transport_binary_strength,1,26,0.4574605930272674,0.5112469984462545,0.4697531456671975,0.6979858581529891
23,bernoulli,1,32,0.3,1.0,raw,transport_binary_strength,1,25,0.4250646037198466,0.5667157986679768,0.4645572548832809,0.7495465393794749
15,bernoulli,1,32,0.3,1.0,raw,transport_binary_strength,1,27,0.4412488910077561,0.4979247015610651,0.4664817129201961,0.7424511715017391
19,bernoulli,1,32,0.3,1.0,raw,transport_binary_strength,1,23,0.4598868081520232,0.52314995687717,0.4633787936983283,0.7372127972351551
41,bernoulli,1,32,0.3,1.0,raw,transport_binary_strength,1,26,0.4522703430752061,0.5182804842815636,0.4746143984430652,0.7438519845006716
11,bernoulli,1,32,0.3,1.0,raw,transport_binary_strength,1,25,0.4463219161013252,0.4752164163537755,0.4596505545337792,0.7699919316780587
30,bernoulli,1,32,0.3,1.0,raw,transport_binary_strength,1,25,0.4555424625691355,0.5338572262753182,0.4603484479356167,0.7542784900521474
29,bernoulli,1,32,0.3,1.0,raw,transport_binary_strength,1,26,0.4428850064515942,0.5330861274301755,0.4693572720152549,0.7322200622083981
36,bernoulli,1,32,0.3,1.0,raw,transport_binary_strength,1,26,0.4638806311014498,0.5058488499452355,0.4632361848472665,0.7790426732018517
45,bernoulli,1,32,0.3,1.0,raw,transport_binary_strength,1,26,0.4534592546624648,0.5340335885110675,0.4552771497368077,0.7510942966983916
9,bernoulli,1,32,0.3,1.0,raw,transport_binary_strength,1,24,0.4626420717859326,0.529071144773624,0.4609849873020135,0.7705081061079119
33,bernoulli,1,32,0.3,1.0,raw,transport_binary_strength,1,23,0.4467755260326325,0.5349652746047702,0.4719109767815777,0.7275566624754168
16,bernoulli,1,32,0.3,1.0,raw,transport_binary_strength,1,26,0.4509775147690266,0.5421284151902821,0.4648084546962476,0.7247256814244232
18,bernoulli,1,32,0.3,1.0,raw,transport_binary_strength,1,29,0.4576880959748239,0.518829468960359,0.4627799855568575,0.7412400494899269
42,bernoulli,1,32,0.3,1.0,raw,transport_binary_strength,1,27,0.4465552940347849,0.5244522691705791,0.4590000393406221,0.729443786797919
47,bernoulli,1,32,0.3,1.0,raw,transport_binary_strength,1,24,0.4510883732928832,0.5133162612035851,0.4620738650275773,0.7535280898876404
10,bernoulli,1,32,0.3,1.0,raw,transport_binary_strength,1,26,0.4492078365161241,0.5321160562990629,0.4769685766168167,0.7423426510663992
4,bernoulli,1,32,0.3,1.0,raw,transport_binary_strength,1,25,0.4579305034533537,0.4741678370786517,0.4711956439050052,0.7122128311735608
7,bernoulli,1,32,0.3,1.0,raw,transport_binary_strength,1,27,0.4466222608553287,0.5453519841493065,0.4672927776101804,0.7176427123796656
35,bernoulli,1,32,0.3,1.0,raw,transport_binary_strength,1,27,0.467056712850427,0.538271551724138,0.466182240248964,0.745591323155618
17,bernoulli,1,32,0.3,1.0,raw,transport_binary_strength,1,23,0.4418093773163131,0.5195241629556325,0.4657508910329817,0.7480787116354202
43,bernoulli,1,32,0.3,1.0,raw,transport_binary_strength,1,25,0.4605457289716262,0.5384371828699006,0.4621326501938989,0.7373853744821487
28,bernoulli,1,32,0.3,1.0,raw,transport_binary_strength,1,24,0.4637937467562298,0.4953483371559632,0.471941731010247,0.7304446608244077
3,bernoulli,1,32,0.3,1.0,raw,transport_binary_strength,1,27,0.454294422172557,0.4834179769244704,0.4551587504073665,0.7699077338975082
27,bernoulli,1,32,0.3,1.0,raw,transport_binary_strength,1,25,0.450576240425284,0.5028661541494184,0.4556171842775983,0.7597226721715349
21,bernoulli,1,32,0.3,1.0,raw,transport_binary_strength,1,24,0.4574362435759484,0.5466347202530265,0.4790517178471116,0.7136335102436797
34,bernoulli,1,32,0.3,1.0,raw,transport_binary_strength,1,28,0.4510730123163092,0.5057326596233348,0.4540498273358301,0.7507864201045782
20,bernoulli,1,32,0.3,1.0,raw,transport_binary_strength,1,27,0.4635159578230547,0.5012059620596205,0.4606992299686817,0.7653278898085711
24,bernoulli,1,32,0.3,1.0,raw,transport_binary_strength,1,24,0.4709169685581292,0.5317059981921487,0.4636272572853016,0.748834110592938
38,bernoulli,1,32,0.3,1.0,raw,transport_binary_strength,1,25,0.447631436470796,0.548133484162896,0.4545647176811452,0.7844958879074019
40,bernoulli,1,32,0.3,1.0,raw,transport_binary_strength,1,26,0.4589331415679334,0.5117143018663738,0.455108903490758,0.7611144669284204
22,bernoulli,1,32,0.3,1.0,raw,transport_binary_strength,1,29,0.4430767116142712,0.5376533438860309,0.4639400063629058,0.7316220558843125
26,bernoulli,1,32,0.3,1.0,raw,transport_binary_strength,1,25,0.470918582341385,0.4852049149773974,0.4569471885124658,0.7912082024907482
37,bernoulli,1,32,0.3,1.0,raw,transport_binary_strength,1,26,0.4515745999520158,0.5222114068441064,0.470012649051412,0.7316092885613703
46,bernoulli,1,32,0.3,1.0,raw,transport_binary_strength,1,27,0.4638828796944834,0.5035847240769615,0.4608789180447327,0.7461327099737532
25,bernoulli,1,32,0.3,1.0,raw,transport_binary_strength,1,27,0.4436688624335326,0.5082383655878331,0.468061020277152,0.7648211437685123
14,bernoulli,1,32,0.3,1.0,raw,transport_binary_strength,1,28,0.4587936329685007,0.519578097718751,0.4633769607101132,0.7662972779602589
32,bernoulli,1,32,0.3,1.0,raw,transport_binary_strength,1,24,0.4428836438000075,0.5121499762695776,0.4676281856804622,0.7022723806618881
5,bernoulli,1,32,0.3,1.0,raw,transport_binary_strength,1,23,0.4549161434451256,0.5165097831835007,0.4672794481205861,0.7339626573309994
12,bernoulli,1,32,0.3,1.0,raw,transport_binary_strength,1,24,0.4557796359499501,0.5348982016304126,0.465717808223679,0.7321384374226549
44,bernoulli,1,32,0.3,1.0,raw,transport_binary_strength,1,26,0.4440327710502754,0.5390854076985463,0.4709046276797956,0.7568692988508956
48,bernoulli,1,32,0.3,1.0,raw,transport_binary_strength,1,24,0.4616082047837357,0.5268793546021269,0.4654656265476685,0.7545365809459481
49,bernoulli,1,32,0.3,1.0,raw,transport_binary_strength,1,25,0.4493267261270974,0.530117501546073,0.4608761213137397,0.7503355602330619
13,bernoulli,1,32,0.3,1.0,raw,transport_binary_strength,1,24,0.4622931829905845,0.5228515625,0.4645829150136709,0.7501775012406
30,bernoulli,1,32,0.3,1.0,raw,transport_binary_strength,1,26,0.4555450794261126,0.5090297662180511,0.4601777814869646,0.7480112598399044
23,bernoulli,1,32,0.3,1.0,raw,transport_binary_strength,1,26,0.425362074413197,0.5367343596462496,0.4641570460534144,0.7536793953858393
31,bernoulli,1,32,0.3,1.0,raw,transport_binary_strength,1,25,0.4387574857089509,0.5054717539189588,0.4595794391495918,0.7455575980392157
15,bernoulli,1,32,0.3,1.0,raw,transport_binary_strength,1,28,0.4413235848588835,0.5066409550045914,0.4662148586151448,0.7540190345143906
36,bernoulli,1,32,0.3,1.0,raw,transport_binary_strength,1,27,0.4638819160130893,0.5166265060240964,0.4647535990000597,0.7930330260240402
39,bernoulli,1,32,0.3,1.0,raw,transport_binary_strength,1,27,0.4575813927451543,0.4983314892414897,0.4687301631544849,0.7178737233054782
41,bernoulli,1,32,0.3,1.0,raw,transport_binary_strength,1,27,0.4523981117696506,0.5137832725528354,0.4741555229910034,0.7273434243635858
19,bernoulli,1,32,0.3,1.0,raw,transport_binary_strength,1,24,0.4582046378680633,0.4730685026426554,0.4619072718050575,0.7461477668718188
18,bernoulli,1,32,0.3,1.0,raw,transport_binary_strength,1,30,0.4577281073424201,0.5712322363500374,0.4629796260466464,0.7436192232571531
11,bernoulli,1,32,0.3,1.0,raw,transport_binary_strength,1,26,0.4467567147250378,0.4819598717146433,0.4602651217927612,0.7836509917946688
10,bernoulli,1,32,0.3,1.0,raw,transport_binary_strength,1,27,0.4497935059748199,0.474502887574783,0.478301035195462,0.7245047404578908
16,bernoulli,1,32,0.3,1.0,raw,transport_binary_strength,1,27,0.4509685933634436,0.5293111102142944,0.4642848172676936,0.7138769816416004
42,bernoulli,1,32,0.3,1.0,raw,transport_binary_strength,1,28,0.4467346671311849,0.5605671063417542,0.4603502929825366,0.7465674745335036
29,bernoulli,1,32,0.3,1.0,raw,transport_binary_strength,1,27,0.4455083115377143,0.5437896962792532,0.4730072452189875,0.7173017107309486
45,bernoulli,1,32,0.3,1.0,raw,transport_binary_strength,1,27,0.4537291938173008,0.5702072577295116,0.456526404095592,0.7450720651970454
33,bernoulli,1,32,0.3,1.0,raw,transport_binary_strength,1,24,0.44549837750483,0.4722882207804075,0.4709136935104042,0.7334304574910533
4,bernoulli,1,32,0.3,1.0,raw,transport_binary_strength,1,26,0.4579739913978884,0.5004459269662921,0.4722574143370424,0.6989222633607478
9,bernoulli,1,32,0.3,1.0,raw,transport_binary_strength,1,25,0.4627082562035031,0.5193683540790979,0.4612208158414597,0.7754457781169778
47,bernoulli,1,32,0.3,1.0,raw,transport_binary_strength,1,25,0.4509323111623531,0.5353357518850477,0.4623749512370492,0.756558052434457
34,bernoulli,1,32,0.3,1.0,raw,transport_binary_strength,1,29,0.4528628610494489,0.5486816720257235,0.4555806017725692,0.7692455922281556
7,bernoulli,1,32,0.3,1.0,raw,transport_binary_strength,1,28,0.4460526221935986,0.5202665116598851,0.4680248373361128,0.7377090018577942
28,bernoulli,1,32,0.3,1.0,raw,transport_binary_strength,1,25,0.4637541462540675,0.5593570814220183,0.4699051769204003,0.7450340798442064
38,bernoulli,1,32,0.3,1.0,raw,transport_binary_strength,1,26,0.4477240366317078,0.5003994626696833,0.4549184691039435,0.7853296312784586
43,bernoulli,1,32,0.3,1.0,raw,transport_binary_strength,1,26,0.4603321658852119,0.5479277450781409,0.4681034715741728,0.7538673990286895
3,bernoulli,1,32,0.3,1.0,raw,transport_binary_strength,1,28,0.4544191787892103,0.5002561171392341,0.4566011769115821,0.7470432240244476
17,bernoulli,1,32,0.3,1.0,raw,transport_binary_strength,1,24,0.4419282173257581,0.5506514926603991,0.4665775023013871,0.7277603733255015
20,bernoulli,1,32,0.3,1.0,raw,transport_binary_strength,1,28,0.4635255700077588,0.4867344173441734,0.4622550012587185,0.7683858777284203
35,bernoulli,1,32,0.3,1.0,raw,transport_binary_strength,1,28,0.4670200851703759,0.5154525862068966,0.4658282137346636,0.7496053109360445
27,bernoulli,1,32,0.3,1.0,raw,transport_binary_strength,1,26,0.4506969677231264,0.5156317760693869,0.4579522560765021,0.7466605389848641
22,bernoulli,1,32,0.3,1.0,raw,transport_binary_strength,1,30,0.4430806296211494,0.5128083366310513,0.4638562652908208,0.7246502331778814
26,bernoulli,1,32,0.3,1.0,raw,transport_binary_strength,1,26,0.4709927154805838,0.4987190695972185,0.4565563832316495,0.7558168286230003
46,bernoulli,1,32,0.3,1.0,raw,transport_binary_strength,1,28,0.464065589637618,0.5148275527637066,0.4607833669257473,0.7657931430446195
21,bernoulli,1,32,0.3,1.0,raw,transport_binary_strength,1,25,0.4572691013211208,0.5041648489475407,0.4761558736564449,0.7144691466725366
24,bernoulli,1,32,0.3,1.0,raw,transport_binary_strength,1,25,0.4702837330077533,0.5550184013429752,0.4654808807072868,0.7705608026021868
40,bernoulli,1,32,0.3,1.0,raw,transport_binary_strength,1,27,0.4589774273285666,0.520064931394006,0.4549113119328138,0.7704658713379643
14,bernoulli,1,32,0.3,1.0,raw,transport_binary_strength,1,29,0.4590153947452983,0.5092881472364542,0.4666957506273253,0.7353450518716056
32,bernoulli,1,32,0.3,1.0,raw,transport_binary_strength,1,25,0.4421598365137299,0.4955131247490051,0.46347509577632,0.7186956687509533
37,bernoulli,1,32,0.3,1.0,raw,transport_binary_strength,1,27,0.4516579292861061,0.4913551330798479,0.4698417982207425,0.7515056297460068
25,bernoulli,1,32,0.3,1.0,raw,transport_binary_strength,1,28,0.4435667989564704,0.5471924081057561,0.4708254326801725,0.7532809295967191
12,bernoulli,1,32,0.3,1.0,raw,transport_binary_strength,1,25,0.4559488275753626,0.4995698660439965,0.4658069888594665,0.7318043065753651
30,bernoulli,1,32,0.3,1.0,raw,transport_binary_strength,1,27,0.4556105123186688,0.5082734749298232,0.4618600406469645,0.7490035539907662
48,bernoulli,1,32,0.3,1.0,raw,transport_binary_strength,1,25,0.4637503225782974,0.5381145806888381,0.4689492279105354,0.7412583812457786
5,bernoulli,1,32,0.3,1.0,raw,transport_binary_strength,1,24,0.4552635339079535,0.5210717433456725,0.4704483735769065,0.7086730015837294
10,bernoulli,1,32,0.3,1.0,raw,transport_binary_strength,1,28,0.4498732898390291,0.5173185323512122,0.4785928157905629,0.7310381684371992
44,bernoulli,1,32,0.3,1.0,raw,transport_binary_strength,1,27,0.4440500534428703,0.5169887391602721,0.4703312429704496,0.7573638803910384
13,bernoulli,1,32,0.3,1.0,raw,transport_binary_strength,1,25,0.4625450808231243,0.50206298828125,0.4613213960962745,0.7409665228842998
42,bernoulli,1,32,0.3,1.0,raw,transport_binary_strength,1,29,0.447040067877097,0.5762445040614055,0.4567576347395749,0.7254914177128438
49,bernoulli,1,32,0.3,1.0,raw,transport_binary_strength,1,26,0.4505272591046264,0.4702612863327149,0.4626809462140211,0.7577827094963545
36,bernoulli,1,32,0.3,1.0,raw,transport_binary_strength,1,28,0.463790084052505,0.5233253012048193,0.4629065917275265,0.7613860038121911
23,bernoulli,1,32,0.3,1.0,raw,transport_binary_strength,1,27,0.4255388777450437,0.5184190413800633,0.4655096749725177,0.7536077963404931
41,bernoulli,1,32,0.3,1.0,raw,transport_binary_strength,1,28,0.4524300277204631,0.5187356566201682,0.4748453409231685,0.7212706670577521
15,bernoulli,1,32,0.3,1.0,raw,transport_binary_strength,1,29,0.4413871423417214,0.4990045913682277,0.4666234735810856,0.7222776440010702
31,bernoulli,1,32,0.3,1.0,raw,transport_binary_strength,1,26,0.438798306351734,0.5399631424476146,0.4603573979625737,0.740547992845787
19,bernoulli,1,32,0.3,1.0,raw,transport_binary_strength,1,25,0.4583663188017591,0.4764040719745833,0.4628494984830818,0.7519051304415479
34,bernoulli,1,32,0.3,1.0,raw,transport_binary_strength,1,30,0.4513074993051432,0.5023886081763895,0.4542723467856375,0.7683741068142521
11,bernoulli,1,32,0.3,1.0,raw,transport_binary_strength,1,27,0.4465844410177081,0.4920310544430538,0.4591858441951374,0.7789089497480552
39,bernoulli,1,32,0.3,1.0,raw,transport_binary_strength,1,28,0.4544096855032131,0.49762818400113,0.4665115154588877,0.713520462824084
16,bernoulli,1,32,0.3,1.0,raw,transport_binary_strength,1,28,0.4484350250920177,0.4819847451471004,0.4691338239267352,0.7149608348720118
46,bernoulli,1,32,0.3,1.0,raw,transport_binary_strength,1,29,0.4633394310942199,0.4958259040144433,0.4566363234109322,0.7633817257217849
38,bernoulli,1,32,0.3,1.0,raw,transport_binary_strength,1,27,0.4476741274580992,0.4853117929864253,0.4555971844611277,0.7720502667197763
26,bernoulli,1,32,0.3,1.0,raw,transport_binary_strength,1,27,0.470677751039256,0.4944865773404089,0.4577755857824623,0.7627978471758607
4,bernoulli,1,32,0.3,1.0,raw,transport_binary_strength,1,27,0.4572197615008898,0.5393153089887641,0.4740264829609305,0.7042843919759643
33,bernoulli,1,32,0.3,1.0,raw,transport_binary_strength,1,25,0.4476556368519044,0.5099978296627982,0.4727284242365474,0.7334768030434924
9,bernoulli,1,32,0.3,1.0,raw,transport_binary_strength,1,26,0.4638635735621967,0.520424255961446,0.4575302464747935,0.7785718140259179
45,bernoulli,1,32,0.3,1.0,raw,transport_binary_strength,1,28,0.4539882067228336,0.5220535873241944,0.4557033876666498,0.7500017998300961
29,bernoulli,1,32,0.3,1.0,raw,transport_binary_strength,1,28,0.44560748920572,0.5236074191554791,0.471533758679217,0.7127935458786937
28,bernoulli,1,32,0.3,1.0,raw,transport_binary_strength,1,26,0.4635891693578073,0.5255948967889909,0.4695856592830989,0.7505517689061992
14,bernoulli,1,32,0.3,1.0,raw,transport_binary_strength,1,30,0.4588583103502326,0.4810408735724303,0.4637685088553839,0.7710413346775504
47,bernoulli,1,32,0.3,1.0,raw,transport_binary_strength,1,26,0.4508873178392694,0.5169405320813771,0.4625743477578062,0.7406666666666667
20,bernoulli,1,32,0.3,1.0,raw,transport_binary_strength,1,29,0.4634423649610363,0.5243631436314363,0.4616734722934936,0.7550973123262279
7,bernoulli,1,32,0.3,1.0,raw,transport_binary_strength,1,29,0.4461890511336845,0.5043283143637534,0.4684861235166584,0.7185146090187469
3,bernoulli,1,32,0.3,1.0,raw,transport_binary_strength,1,29,0.4544185393513052,0.502832905430308,0.4567479290615126,0.748622619887165
24,bernoulli,1,32,0.3,1.0,raw,transport_binary_strength,1,26,0.4718295978657439,0.5339093168904958,0.4599606459306898,0.7563898577418976
17,bernoulli,1,32,0.3,1.0,raw,transport_binary_strength,1,25,0.4397083473821285,0.5625968992248062,0.4656117450184364,0.7252149721800708
43,bernoulli,1,32,0.3,1.0,raw,transport_binary_strength,1,27,0.4601622543849937,0.5245626141668358,0.4668036584081931,0.7603162966066193
10,bernoulli,1,32,0.3,1.0,raw,transport_binary_strength,1,29,0.4462536854151001,0.519123698862261,0.4743303334212096,0.7213655129648668
27,bernoulli,1,32,0.3,1.0,raw,transport_binary_strength,1,27,0.450850252393999,0.517417701557264,0.4580180120247496,0.7532226834725875
35,bernoulli,1,32,0.3,1.0,raw,transport_binary_strength,1,29,0.4671693058362392,0.522008620689655,0.4668016473374559,0.7604000568352253
30,bernoulli,1,32,0.3,1.0,raw,transport_binary_strength,1,28,0.4558539265206509,0.5115835684285321,0.4625099161734637,0.733201581027668
21,bernoulli,1,32,0.3,1.0,raw,transport_binary_strength,1,26,0.4573881923610977,0.5460416893881557,0.4774836720675804,0.7169251025183228
40,bernoulli,1,32,0.3,1.0,raw,transport_binary_strength,1,28,0.458868328601928,0.5289364657616114,0.4559410656167972,0.7632267441860464
32,bernoulli,1,32,0.3,1.0,raw,transport_binary_strength,1,26,0.4420582673441738,0.4847869738235186,0.4624737016830478,0.7199938996492298
42,bernoulli,1,32,0.3,1.0,raw,transport_binary_strength,1,30,0.4467480926110056,0.5564684402712572,0.4584964350007466,0.7403157222516432
37,bernoulli,1,32,0.3,1.0,raw,transport_binary_strength,1,28,0.4513135250055083,0.5467558935361216,0.4695790429950263,0.7281304421917147
46,bernoulli,1,32,0.3,1.0,raw,transport_binary_strength,1,30,0.4640661676178442,0.5342730955453928,0.4612822132698805,0.758823408792651
12,bernoulli,1,32,0.3,1.0,raw,transport_binary_strength,1,26,0.4556803177584219,0.4820204006390561,0.4668121335396788,0.733738965431895
25,bernoulli,1,32,0.3,1.0,raw,transport_binary_strength,1,29,0.4448556229427546,0.5010898843810866,0.4732618314450008,0.740981240981241
26,bernoulli,1,32,0.3,1.0,raw,transport_binary_strength,1,28,0.4706893855578744,0.5209659164074307,0.4585424852717763,0.7700261273067444
38,bernoulli,1,32,0.3,1.0,raw,transport_binary_strength,1,28,0.447630570958381,0.5004772341628959,0.4552408508657188,0.7800752907362715
48,bernoulli,1,32,0.3,1.0,raw,transport_binary_strength,1,26,0.4636372046295144,0.5005698005698006,0.469159329031192,0.7500370669346469
44,bernoulli,1,32,0.3,1.0,raw,transport_binary_strength,1,28,0.4443372956978297,0.4903573211054962,0.470705879171711,0.7435913799223826
5,bernoulli,1,32,0.3,1.0,raw,transport_binary_strength,1,25,0.4550698897635781,0.4882319760267936,0.4683574622387997,0.7276548303742603
13,bernoulli,1,32,0.3,1.0,raw,transport_binary_strength,1,26,0.4621319246957331,0.5080851236979167,0.465657235636243,0.7503550024812001
10,bernoulli,1,32,0.3,1.0,raw,transport_binary_strength,1,30,0.4500357620281139,0.4972576684994986,0.4784256831129417,0.7347444558672346
36,bernoulli,1,32,0.3,1.0,raw,transport_binary_strength,1,29,0.4638338418318802,0.5285432639649508,0.4633284321218144,0.7753685766522737
49,bernoulli,1,32,0.3,1.0,raw,transport_binary_strength,1,27,0.450983644002807,0.5264417130488559,0.4644176549818273,0.7451229370672037
30,bernoulli,1,32,0.3,1.0,raw,transport_binary_strength,1,29,0.4557007880684771,0.4886767364799741,0.4624998157088454,0.7178770717773275
41,bernoulli,1,32,0.3,1.0,raw,transport_binary_strength,1,29,0.4524819316207245,0.5038239927608519,0.4731202960819847,0.7282561711718665
15,bernoulli,1,32,0.3,1.0,raw,transport_binary_strength,1,30,0.4415447220459758,0.5033976124885216,0.4670903229197557,0.7566372357910025
23,bernoulli,1,32,0.3,1.0,raw,transport_binary_strength,1,28,0.4257066118808477,0.5376296538923463,0.4663589370474467,0.7706881463802704
31,bernoulli,1,32,0.3,1.0,raw,transport_binary_strength,1,27,0.4387800529979307,0.5462463692277356,0.4598934666740837,0.7556430511393747
19,bernoulli,1,32,0.3,1.0,raw,transport_binary_strength,1,26,0.4582108655505021,0.5464436565211302,0.4627399601777194,0.7422760831910372
11,bernoulli,1,32,0.3,1.0,raw,transport_binary_strength,1,28,0.4480039840429557,0.5303015488110138,0.4594636403414386,0.756268172753429
4,bernoulli,1,32,0.3,1.0,raw,transport_binary_strength,1,28,0.4578887361709801,0.5254564606741573,0.4719535238096651,0.6937782616612546
16,bernoulli,1,32,0.3,1.0,raw,transport_binary_strength,1,29,0.4484146052507337,0.5131199806287582,0.469254111381205,0.7362800042296711
26,bernoulli,1,32,0.3,1.0,raw,transport_binary_strength,1,29,0.470770534263021,0.510742194118564,0.4587810796609124,0.7606755186311598
39,bernoulli,1,32,0.3,1.0,raw,transport_binary_strength,1,29,0.4540155636970218,0.4881762324026555,0.4654535573200332,0.7055281765588173
33,bernoulli,1,32,0.3,1.0,raw,transport_binary_strength,1,26,0.4462490105551214,0.521380677145207,0.4717431825348374,0.7229019569913274
9,bernoulli,1,32,0.3,1.0,raw,transport_binary_strength,1,27,0.4637314286587776,0.5555093034431877,0.4580354173877617,0.7713869423437174
28,bernoulli,1,32,0.3,1.0,raw,transport_binary_strength,1,27,0.4636481802075423,0.5512614678899083,0.470690541079398,0.7613112625770853
38,bernoulli,1,32,0.3,1.0,raw,transport_binary_strength,1,29,0.4476696338616772,0.5318014705882352,0.4569747107330363,0.7761369760303662
45,bernoulli,1,32,0.3,1.0,raw,transport_binary_strength,1,29,0.4539464377965488,0.5481314165331435,0.4563921674248951,0.758963153878274
29,bernoulli,1,32,0.3,1.0,raw,transport_binary_strength,1,29,0.4432805869386949,0.5330712355082985,0.4703376585862667,0.7261080870917574
20,bernoulli,1,32,0.3,1.0,raw,transport_binary_strength,1,30,0.4634255163710208,0.4788753387533876,0.4620302308283877,0.7683059825508933
3,bernoulli,1,32,0.3,1.0,raw,transport_binary_strength,1,30,0.4545087731797755,0.5027142169999312,0.4561552308566359,0.7595975846262342
47,bernoulli,1,32,0.3,1.0,raw,transport_binary_strength,1,27,0.4509753670393677,0.5044067434912505,0.4631862420736868,0.7306048689138577
24,bernoulli,1,32,0.3,1.0,raw,transport_binary_strength,1,27,0.471253939417353,0.5073726433367769,0.4612046130523678,0.7627542422698593
7,bernoulli,1,32,0.3,1.0,raw,transport_binary_strength,1,30,0.4468012235336148,0.5499803116386341,0.4701494783501437,0.7264566796149299
43,bernoulli,1,32,0.3,1.0,raw,transport_binary_strength,1,28,0.4603626254746762,0.567866856099046,0.468344035784295,0.7552560939657713
40,bernoulli,1,32,0.3,1.0,raw,transport_binary_strength,1,29,0.4587592039302365,0.528209621798858,0.4559429938630503,0.7625943823618242
30,bernoulli,1,32,0.3,1.0,raw,transport_binary_strength,1,30,0.4555015231556136,0.5055648968277977,0.4617704688473132,0.7314661042282525
32,bernoulli,1,32,0.3,1.0,raw,transport_binary_strength,1,27,0.442232843372472,0.4843963345624476,0.4638496315294163,0.7187700167759646
35,bernoulli,1,32,0.3,1.0,raw,transport_binary_strength,1,30,0.467116880661221,0.4898577586206897,0.4670220474403451,0.7693318703525364
27,bernoulli,1,32,0.3,1.0,raw,transport_binary_strength,1,28,0.4507548398854532,0.4932111176818451,0.457123461819054,0.7570386722016711
26,bernoulli,1,32,0.3,1.0,raw,transport_binary_strength,1,30,0.4707173863699972,0.5147239222224481,0.4590945497131549,0.7484092838480495
21,bernoulli,1,32,0.3,1.0,raw,transport_binary_strength,1,27,0.4572758142537579,0.5221875340822336,0.4771270066334775,0.7235633167836558
17,bernoulli,1,32,0.3,1.0,raw,transport_binary_strength,1,26,0.4420643348488575,0.5419717961405245,0.4695503237336377,0.7312929332484865
12,bernoulli,1,32,0.3,1.0,raw,transport_binary_strength,1,27,0.4557215517406953,0.5016713776576134,0.466697810047783,0.7348774853559936
37,bernoulli,1,32,0.3,1.0,raw,transport_binary_strength,1,29,0.4560074220134896,0.5039330798479087,0.4730975715316051,0.7303623902209919
38,bernoulli,1,32,0.3,1.0,raw,transport_binary_strength,1,30,0.4475671010350225,0.5309389140271493,0.4570368578966177,0.7884498230980107
48,bernoulli,1,32,0.3,1.0,raw,transport_binary_strength,1,27,0.4639276404892187,0.527979464613128,0.4701939278107077,0.7615442908683547
25,bernoulli,1,32,0.3,1.0,raw,transport_binary_strength,1,30,0.4438595408242831,0.5185570428080063,0.4682680195214455,0.7442944482418166
44,bernoulli,1,32,0.3,1.0,raw,transport_binary_strength,1,29,0.4439955864570961,0.5125163765674715,0.4711696797634289,0.7643558274867679
11,bernoulli,1,32,0.3,1.0,raw,transport_binary_strength,1,29,0.4467837640686659,0.5152143304130163,0.4603243483541943,0.7729871059081429
36,bernoulli,1,32,0.3,1.0,raw,transport_binary_strength,1,30,0.4639042729059054,0.5226812705366922,0.4641636754212942,0.773162951725211
23,bernoulli,1,32,0.3,1.0,raw,transport_binary_strength,1,29,0.4285754465442728,0.545004913200131,0.4683112157093594,0.7495505171042164
19,bernoulli,1,32,0.3,1.0,raw,transport_binary_strength,1,27,0.4601444761003752,0.4982603439506409,0.4640132633895063,0.7398826415078887
13,bernoulli,1,32,0.3,1.0,raw,transport_binary_strength,1,27,0.4626147901000546,0.5013753255208333,0.4612642035584686,0.7403099591556286
31,bernoulli,1,32,0.3,1.0,raw,transport_binary_strength,1,28,0.4389788632811471,0.505551384433372,0.4610523468736424,0.7353976218865924
39,bernoulli,1,32,0.3,1.0,raw,transport_binary_strength,1,30,0.4580043638054795,0.4982844060454824,0.4711689839933011,0.6995018212984787
41,bernoulli,1,32,0.3,1.0,raw,transport_binary_strength,1,30,0.4526192045475494,0.4977704732156972,0.4754187193995343,0.7385800515615111
5,bernoulli,1,32,0.3,1.0,raw,transport_binary_strength,1,26,0.4557992191061534,0.5321064692402608,0.4713061415371502,0.7156309910811037
49,bernoulli,1,32,0.3,1.0,raw,transport_binary_strength,1,28,0.4495422359552166,0.5185374149659864,0.4620043160331888,0.749002852261981
16,bernoulli,1,32,0.3,1.0,raw,transport_binary_strength,1,30,0.4483841316020693,0.5122079179950765,0.4696465342785396,0.7271984122465247
4,bernoulli,1,32,0.3,1.0,raw,transport_binary_strength,1,29,0.4573163341597657,0.535252808988764,0.4722621314942644,0.7178158477739673
43,bernoulli,1,32,0.3,1.0,raw,transport_binary_strength,1,29,0.460542412526753,0.5088613760909275,0.4626375464227741,0.7513111142143399
28,bernoulli,1,32,0.3,1.0,raw,transport_binary_strength,1,28,0.4635765851902434,0.5344000860091743,0.4704138789109824,0.7486043492372606
47,bernoulli,1,32,0.3,1.0,raw,transport_binary_strength,1,28,0.4510128351941661,0.5030125195618154,0.462693957306281,0.7602397003745319
9,bernoulli,1,32,0.3,1.0,raw,transport_binary_strength,1,28,0.4638203647472587,0.5124136157194008,0.4574910972333508,0.7709321060462391
33,bernoulli,1,32,0.3,1.0,raw,transport_binary_strength,1,27,0.4510150323041559,0.520475418075482,0.4749457968353487,0.7337125608537254
24,bernoulli,1,32,0.3,1.0,raw,transport_binary_strength,1,28,0.4701034873547821,0.4921834646177686,0.466849415906688,0.7595720500058784
40,bernoulli,1,32,0.3,1.0,raw,transport_binary_strength,1,30,0.4585971253772881,0.5282378879529651,0.4567906161917349,0.7691294170945333
27,bernoulli,1,32,0.3,1.0,raw,transport_binary_strength,1,29,0.4508308839496396,0.5093002168342204,0.4584907637053741,0.7372995004934793
45,bernoulli,1,32,0.3,1.0,raw,transport_binary_strength,1,30,0.4539709580171396,0.5364258797697466,0.4564807380245428,0.7459575816042965
29,bernoulli,1,32,0.3,1.0,raw,transport_binary_strength,1,30,0.4457180284821779,0.500897238293088,0.4736159960720751,0.7214171850699845
32,bernoulli,1,32,0.3,1.0,raw,transport_binary_strength,1,28,0.4421296058201335,0.5032601949545471,0.4644442853415266,0.711991001982614
12,bernoulli,1,32,0.3,1.0,raw,transport_binary_strength,1,28,0.4558512133706972,0.5014092007701446,0.4693108699992281,0.7260333305832851
21,bernoulli,1,32,0.3,1.0,raw,transport_binary_strength,1,28,0.4575673081440177,0.5449101592321954,0.4811064047665204,0.6988345929023895
37,bernoulli,1,32,0.3,1.0,raw,transport_binary_strength,1,30,0.4524725623532357,0.5300349809885931,0.4712557575774661,0.7385669813006812
11,bernoulli,1,32,0.3,1.0,raw,transport_binary_strength,1,30,0.4504255256463868,0.497901022110972,0.462944639249508,0.771712158808933
17,bernoulli,1,32,0.3,1.0,raw,transport_binary_strength,1,27,0.4425182345776624,0.5278080158337457,0.4695624463322381,0.7418131088158989
44,bernoulli,1,32,0.3,1.0,raw,transport_binary_strength,1,30,0.444200817984687,0.551824037681702,0.4704065932126454,0.7553137601359302
48,bernoulli,1,32,0.3,1.0,raw,transport_binary_strength,1,28,0.4640782568725797,0.5287241544667287,0.4702066676299485,0.7600801469498031
23,bernoulli,1,32,0.3,1.0,raw,transport_binary_strength,1,30,0.426119783541328,0.5266213560432361,0.4657698150070576,0.7458611774065235
19,bernoulli,1,32,0.3,1.0,raw,transport_binary_strength,1,28,0.458344829660789,0.5357514060991162,0.4622552430271783,0.7276922635938888
31,bernoulli,1,32,0.3,1.0,raw,transport_binary_strength,1,29,0.4391961427160936,0.5252277053519289,0.4608783845655642,0.7555892289348173
43,bernoulli,1,32,0.3,1.0,raw,transport_binary_strength,1,30,0.4603338977012425,0.5062593870509438,0.468658867560271,0.742866452543872
4,bernoulli,1,32,0.3,1.0,raw,transport_binary_strength,1,30,0.4578521236158802,0.5549929775280898,0.4708964002478953,0.6819121574459046
13,bernoulli,1,32,0.3,1.0,raw,transport_binary_strength,1,28,0.4624857681249823,0.4730021158854166,0.4628412083512287,0.7562259037294345
47,bernoulli,1,32,0.3,1.0,raw,transport_binary_strength,1,29,0.4518538271163295,0.5384585289514867,0.4582134996883589,0.7416853932584269
28,bernoulli,1,32,0.3,1.0,raw,transport_binary_strength,1,29,0.4636506870381104,0.5278741399082568,0.4701967325020372,0.7388266796494645
49,bernoulli,1,32,0.3,1.0,raw,transport_binary_strength,1,29,0.4502434032513991,0.5099219233147805,0.462061158967623,0.7345813886092554
9,bernoulli,1,32,0.3,1.0,raw,transport_binary_strength,1,29,0.4637891523074687,0.5111851144908995,0.4586665899862088,0.7806031591849951
5,bernoulli,1,32,0.3,1.0,raw,transport_binary_strength,1,27,0.4556841273985462,0.5532275691873788,0.4719295116542134,0.7229849128948904
27,bernoulli,1,32,0.3,1.0,raw,transport_binary_strength,1,30,0.4508331480513572,0.512414744726986,0.459100392065128,0.739699090641975
24,bernoulli,1,32,0.3,1.0,raw,transport_binary_strength,1,29,0.4713311497107367,0.4981154764979339,0.4625852680218527,0.7505035858447309
32,bernoulli,1,32,0.3,1.0,raw,transport_binary_strength,1,29,0.4424559677975156,0.5276514183490928,0.464229626857173,0.7300937928930913
33,bernoulli,1,32,0.3,1.0,raw,transport_binary_strength,1,28,0.4460879484156798,0.4854216165585305,0.4722961125657476,0.7365073991681981
12,bernoulli,1,32,0.3,1.0,raw,transport_binary_strength,1,29,0.4556689213486742,0.4933431649666134,0.4676314359404043,0.7282979952149162
19,bernoulli,1,32,0.3,1.0,raw,transport_binary_strength,1,29,0.4584598059711046,0.5273995827774052,0.4619682393148949,0.7536044945108493
48,bernoulli,1,32,0.3,1.0,raw,transport_binary_strength,1,29,0.4624658236892721,0.5405573890722405,0.4674883553130761,0.7583565344887235
31,bernoulli,1,32,0.3,1.0,raw,transport_binary_strength,1,30,0.4370735167384965,0.54379299099796,0.4581147742073441,0.7435537559618441
21,bernoulli,1,32,0.3,1.0,raw,transport_binary_strength,1,29,0.457358055972718,0.5556528792670956,0.4783664081460791,0.7089498699668191
17,bernoulli,1,32,0.3,1.0,raw,transport_binary_strength,1,28,0.4424000246181619,0.522814613227775,0.4699048439548242,0.7441259973566988
47,bernoulli,1,32,0.3,1.0,raw,transport_binary_strength,1,30,0.4517916926021276,0.490236875800256,0.4586770347599982,0.7469887640449437
28,bernoulli,1,32,0.3,1.0,raw,transport_binary_strength,1,30,0.4635474779714856,0.5780067373853212,0.4703075123519288,0.7475170399221032
13,bernoulli,1,32,0.3,1.0,raw,transport_binary_strength,1,29,0.4620754935709146,0.5248616536458334,0.4653350894022919,0.7423979845020423
24,bernoulli,1,32,0.3,1.0,raw,transport_binary_strength,1,30,0.4706376849386269,0.5190833225723142,0.4650285818175828,0.7515048791002077
32,bernoulli,1,32,0.3,1.0,raw,transport_binary_strength,1,30,0.4422901553366102,0.469241721733416,0.4633152137130373,0.7020950892176301
19,bernoulli,1,32,0.3,1.0,raw,transport_binary_strength,1,30,0.4586217218605761,0.5030775694940991,0.4635820817652202,0.7558157152275305
12,bernoulli,1,32,0.3,1.0,raw,transport_binary_strength,1,30,0.4556633293188469,0.4999303592642661,0.4667007953930868,0.7385281742430492
49,bernoulli,1,32,0.3,1.0,raw,transport_binary_strength,1,30,0.4503233224917051,0.5160250463821893,0.4634426543398653,0.7315746926573319
9,bernoulli,1,32,0.3,1.0,raw,transport_binary_strength,1,30,0.4637746457596862,0.5030323336108461,0.4595862804513176,0.79103741221274
5,bernoulli,1,32,0.3,1.0,raw,transport_binary_strength,1,28,0.4558799948192498,0.4699277278335977,0.4726383426521237,0.7247957822789031
48,bernoulli,1,32,0.3,1.0,raw,transport_binary_strength,1,30,0.4622409139981168,0.5211446785704211,0.466861895896923,0.7523722838174001
33,bernoulli,1,32,0.3,1.0,raw,transport_binary_strength,1,29,0.446090620734735,0.4896594855158548,0.472865885754368,0.7343613985878712
21,bernoulli,1,32,0.3,1.0,raw,transport_binary_strength,1,30,0.457218718593863,0.5124775057258152,0.4770424567816989,0.7094186416220315
17,bernoulli,1,32,0.3,1.0,raw,transport_binary_strength,1,29,0.4426252025268746,0.5336343394359229,0.4703199322642362,0.7302282702693883
13,bernoulli,1,32,0.3,1.0,raw,transport_binary_strength,1,30,0.4623068496402129,0.494970703125,0.4663772931846447,0.7328510898194449
5,bernoulli,1,32,0.3,1.0,raw,transport_binary_strength,1,29,0.4557785243599218,0.5153111228626829,0.4720611767088056,0.7057160123364173
33,bernoulli,1,32,0.3,1.0,raw,transport_binary_strength,1,30,0.4460600885361062,0.5030270492552317,0.4728553289667604,0.7399329400006449
17,bernoulli,1,32,0.3,1.0,raw,transport_binary_strength,1,30,0.4426718603331209,0.5430108857001484,0.4703434088045935,0.7397041787002138
5,bernoulli,1,32,0.3,1.0,raw,transport_binary_strength,1,30,0.4557354808551606,0.5520500616957519,0.4702880897397212,0.7290218387930315
