seed,model_type,n_samples,pre_revision,j_percentage,train_retention,baseline_embedding_type,pre_population_match,pre_population_match_version,mirt_dim,rmse_mirt,auc_mirt,val_rmse_mirt,val_auc_mirt
3,bernoulli,1,none,1.0,1.0,raw,none,,2,0.4185764671992598,0.5756561317780581,0.2941786134867652,0.926275659824047
1,bernoulli,1,none,1.0,1.0,raw,none,,2,0.4320897833576633,0.5924901345819713,0.3081239069093269,0.9106157420853906
2,bernoulli,1,none,1.0,1.0,raw,none,,2,0.4206273562349752,0.6030302664120969,0.4478751115226553,0.6173073880715076
3,bernoulli,1,none,1.0,1.0,raw,none,,3,0.4200868149564992,0.5926130989911728,0.294491776368552,0.9274072796273936
1,bernoulli,1,none,1.0,1.0,raw,none,,3,0.4341551436995901,0.570718114085461,0.310328496768445,0.9026043179397814
2,bernoulli,1,none,1.0,1.0,raw,none,,3,0.4247594348876697,0.6239899783293456,0.4385712145488202,0.5949339942695424
3,bernoulli,1,none,1.0,1.0,raw,none,,4,0.4248533374508483,0.5871808007566204,0.3000116162236669,0.9254131447300328
1,bernoulli,1,none,1.0,1.0,raw,none,,4,0.4355284511621024,0.5795804252436905,0.3070098209425586,0.9093917264843784
2,bernoulli,1,none,1.0,1.0,raw,none,,4,0.4301490039263629,0.5990244177522134,0.4340993493726644,0.5959781328552093
0,bernoulli,1,none,1.0,1.0,raw,none,,2,0.4324618678564911,0.5925619768704875,0.3163044141615167,0.8997739600605081
3,bernoulli,1,none,1.0,1.0,raw,none,,5,0.4252146178993963,0.5792264344262296,0.300263777143604,0.9222045885803
1,bernoulli,1,none,1.0,1.0,raw,none,,5,0.4364422887009241,0.5740753011161174,0.3090896123405338,0.9108404907126952
2,bernoulli,1,none,1.0,1.0,raw,none,,5,0.425420153024768,0.5867188695813293,0.4469642456676917,0.5805234755400868
0,bernoulli,1,none,1.0,1.0,raw,none,,3,0.4342277290923067,0.5749333109705451,0.3170852792386078,0.8990366475473108
3,bernoulli,1,none,1.0,1.0,raw,none,,6,0.4287814384311573,0.5948376418663304,0.3021235055630031,0.923356908745903
2,bernoulli,1,none,1.0,1.0,raw,none,,6,0.4275212911133665,0.601844019624429,0.440750326771001,0.6169909824394874
1,bernoulli,1,none,1.0,1.0,raw,none,,6,0.4394129247292062,0.5688168124392614,0.3101851798145068,0.9060827351562176
0,bernoulli,1,none,1.0,1.0,raw,none,,4,0.4352161708647721,0.5809373202990225,0.3158697123868057,0.9025709014251247
3,bernoulli,1,none,1.0,1.0,raw,none,,7,0.4285668063482163,0.5907609552332913,0.3074127607921263,0.9145454545454548
2,bernoulli,1,none,1.0,1.0,raw,none,,7,0.4304489671208009,0.6140508817297856,0.4404642975397101,0.581651988960959
1,bernoulli,1,none,1.0,1.0,raw,none,,7,0.4382208777477145,0.5782220897016815,0.3091873423435418,0.9115423979641232
0,bernoulli,1,none,1.0,1.0,raw,none,,5,0.4372520595707052,0.5849047185483356,0.3172760417048239,0.9031282127613912
6,bernoulli,1,none,1.0,1.0,raw,none,,2,0.4436249462739251,0.5383838057494041,0.3663237944591265,0.820935960591133
3,bernoulli,1,none,1.0,1.0,raw,none,,8,0.4296010363890402,0.5700937894073139,0.2992145682458519,0.9240572710022426
2,bernoulli,1,none,1.0,1.0,raw,none,,8,0.4260996057089123,0.6088064222474644,0.4461224368035926,0.598829299161525
1,bernoulli,1,none,1.0,1.0,raw,none,,8,0.4429205516717769,0.5592366816856613,0.3106600237391625,0.9107817103024772
0,bernoulli,1,none,1.0,1.0,raw,none,,6,0.4410793140196298,0.5878398345153664,0.3226965941359934,0.9044332212941392
6,bernoulli,1,none,1.0,1.0,raw,none,,3,0.4570460683914562,0.5165578960971827,0.3836856537715614,0.8084975369458128
5,bernoulli,1,none,1.0,1.0,raw,none,,2,0.422864653845008,0.6016014500731328,0.304585011680265,0.9192328304064638
3,bernoulli,1,none,1.0,1.0,raw,none,,9,0.4301222769017201,0.5858054854981084,0.3004188335850235,0.921831982059686
2,bernoulli,1,none,1.0,1.0,raw,none,,9,0.4249216028441623,0.5684337514400108,0.5050649996746278,0.6111058376839108
4,bernoulli,1,none,1.0,1.0,raw,none,,2,0.4226185286465637,0.5919202535395303,0.3373904522844271,0.8776772817937961
1,bernoulli,1,none,1.0,1.0,raw,none,,9,0.440341289301957,0.5833535795270489,0.3096978319024763,0.9099484115458556
12,bernoulli,1,none,1.0,1.0,raw,none,,2,0.4173522038319442,0.6102698829711011,0.4101416812307486,0.7061536901865368
0,bernoulli,1,none,1.0,1.0,raw,none,,7,0.4458258330376784,0.5989713117372693,0.3303414597894261,0.9059666928591456
6,bernoulli,1,none,1.0,1.0,raw,none,,4,0.4486699608322406,0.4731232589529307,0.362242536535047,0.8199507389162561
3,bernoulli,1,none,1.0,1.0,raw,none,,10,0.4316889360414188,0.5749054224464061,0.3039428463355226,0.9196618940831464
5,bernoulli,1,none,1.0,1.0,raw,none,,3,0.4253403366811765,0.6304633313936115,0.3054076633691944,0.917841536812598
2,bernoulli,1,none,1.0,1.0,raw,none,,10,0.4368096422524141,0.6076201754597965,0.4434436096297424,0.5891332243491711
4,bernoulli,1,none,1.0,1.0,raw,none,,3,0.4232598463457742,0.5819965832220784,0.3381690273072478,0.8807070637595433
1,bernoulli,1,none,1.0,1.0,raw,none,,10,0.4438818990761547,0.6028525046382189,0.3104052310582393,0.9095991867557364
12,bernoulli,1,none,1.0,1.0,raw,none,,3,0.4226298114172147,0.5995760687843324,0.4063513702684901,0.7081848858764918
6,bernoulli,1,none,1.0,1.0,raw,none,,5,0.4498890395585188,0.5178125269234083,0.359827275331791,0.8405172413793104
0,bernoulli,1,none,1.0,1.0,raw,none,,8,0.4397437766308682,0.591839179605137,0.3229923954222021,0.8973127901220893
3,bernoulli,1,none,1.0,1.0,raw,none,,11,0.4305458339068749,0.5844557849936949,0.2990200947002235,0.9214248749353112
2,bernoulli,1,none,1.0,1.0,raw,none,,11,0.4267437057433191,0.5836515455446262,0.4976278898820711,0.5844715147040729
5,bernoulli,1,none,1.0,1.0,raw,none,,4,0.4261092226459633,0.5972881902395294,0.3052751425160381,0.9142104322972489
4,bernoulli,1,none,1.0,1.0,raw,none,,4,0.4237398855583266,0.5834026563216479,0.3389332401859798,0.8829527477818282
8,bernoulli,1,none,1.0,1.0,raw,none,,2,0.4318226564212018,0.5811933183474149,0.4320954907962215,0.6042134358513862
1,bernoulli,1,none,1.0,1.0,raw,none,,11,0.4404630627219303,0.5833756662838296,0.3093610110154622,0.911044493312864
12,bernoulli,1,none,1.0,1.0,raw,none,,4,0.4215717638721417,0.6025595095931853,0.4304813161632403,0.6773259182018305
6,bernoulli,1,none,1.0,1.0,raw,none,,6,0.4507692199900068,0.5174284196318314,0.363769592694783,0.8211206896551724
0,bernoulli,1,none,1.0,1.0,raw,none,,9,0.4414962744269429,0.6083956296722255,0.3210073470837576,0.9027924413351932
3,bernoulli,1,none,1.0,1.0,raw,none,,12,0.4331532895976621,0.5696386349306432,0.3053345900268353,0.9168604450577884
2,bernoulli,1,none,1.0,1.0,raw,none,,12,0.4382818082646097,0.6172068218253297,0.4426148502906591,0.5761148904006047
5,bernoulli,1,none,1.0,1.0,raw,none,,5,0.4282247441065835,0.5954697010207131,0.3058765391945159,0.9172334899826864
4,bernoulli,1,none,1.0,1.0,raw,none,,5,0.4264707319876484,0.5834067142526711,0.340426515355435,0.8775569158814224
8,bernoulli,1,none,1.0,1.0,raw,none,,3,0.4241181185743383,0.5769475234477947,0.4534276412007776,0.6059672802783702
16,bernoulli,1,none,1.0,1.0,raw,none,,2,0.4310798800132434,0.5694419699196769,0.3074670818976449,0.9145628432416628
1,bernoulli,1,none,1.0,1.0,raw,none,,12,0.4431500213671677,0.5881758547574875,0.3131885096393451,0.9084858166327816
12,bernoulli,1,none,1.0,1.0,raw,none,,5,0.4274801604926507,0.6229599554175624,0.4010906891358658,0.7083405746726914
6,bernoulli,1,none,1.0,1.0,raw,none,,7,0.452302976361741,0.534711452858907,0.35877042170627,0.8143472906403941
0,bernoulli,1,none,1.0,1.0,raw,none,,10,0.4420982607779022,0.5943769567439781,0.3209499668348337,0.9006116578454552
3,bernoulli,1,none,1.0,1.0,raw,none,,13,0.4330744167752262,0.5684032156368222,0.2987834672657063,0.9209867172675522
2,bernoulli,1,none,1.0,1.0,raw,none,,13,0.4372611585984983,0.6039345530125432,0.4393193019981296,0.5970117245864754
15,bernoulli,1,none,1.0,1.0,raw,none,,2,0.4230169629118204,0.5744331850987825,0.3211907813303021,0.8945515501378052
5,bernoulli,1,none,1.0,1.0,raw,none,,6,0.4316738858073431,0.577825440762468,0.3056913247915276,0.9178861956193146
4,bernoulli,1,none,1.0,1.0,raw,none,,6,0.427475611481814,0.6044470866084218,0.3402407618206766,0.8774606231515234
8,bernoulli,1,none,1.0,1.0,raw,none,,4,0.4288114634074459,0.5830749554298116,0.4547957334134194,0.603252329105399
10,bernoulli,1,none,1.0,1.0,raw,none,,2,0.4255010225158221,0.5885702178477185,0.3192099459755574,0.9129032258064516
14,bernoulli,1,none,1.0,1.0,raw,none,,2,0.4145269667903447,0.6069102359487556,0.3067402890299681,0.9125375194065896
16,bernoulli,1,none,1.0,1.0,raw,none,,3,0.4329381574425015,0.5624619541816994,0.3073470367504133,0.9163134192264056
1,bernoulli,1,none,1.0,1.0,raw,none,,13,0.441578552915392,0.589905984038637,0.308514947124943,0.909467795250543
6,bernoulli,1,none,1.0,1.0,raw,none,,8,0.4616630307575416,0.5455005600068924,0.373738651071434,0.8174261083743842
7,bernoulli,1,none,1.0,1.0,raw,none,,2,0.4049734820997478,0.565523654296222,0.4442613811612889,0.6834231522956327
3,bernoulli,1,none,1.0,1.0,raw,none,,14,0.4333288741187983,0.5693351986128625,0.299149820042479,0.9223977919613592
12,bernoulli,1,none,1.0,1.0,raw,none,,6,0.4267209733299573,0.6080646445346709,0.4083463609167787,0.7088547097671185
0,bernoulli,1,none,1.0,1.0,raw,none,,11,0.441532083315498,0.5852780972461823,0.3208267456881129,0.8984862593332341
11,bernoulli,1,none,1.0,1.0,raw,none,,2,0.4227509411914709,0.5769264646186132,0.3043977631393359,0.914576505088839
2,bernoulli,1,none,1.0,1.0,raw,none,,14,0.438157439126124,0.6202056698165648,0.443243658618565,0.5927367329360685
15,bernoulli,1,none,1.0,1.0,raw,none,,3,0.4311214794547193,0.5940722380177071,0.3338432013644536,0.8952131525182027
5,bernoulli,1,none,1.0,1.0,raw,none,,7,0.4331961002588638,0.5700383750373528,0.3063294721173429,0.9159693022233216
47,bernoulli,1,none,1.0,1.0,raw,none,,2,0.4069352056783998,0.6106696514286711,0.3119335285530884,0.9110628397298632
4,bernoulli,1,none,1.0,1.0,raw,none,,7,0.4289390461096342,0.5961242700796572,0.3395842186013288,0.8815977715111081
26,bernoulli,1,none,1.0,1.0,raw,none,,2,0.4391066478105264,0.5662937400077279,0.3343329367518014,0.8993784237159543
8,bernoulli,1,none,1.0,1.0,raw,none,,5,0.4426026966246824,0.5724284939152003,0.4289953552686012,0.6020386687619261
22,bernoulli,1,none,1.0,1.0,raw,none,,2,0.4321995736654015,0.5738687073575511,0.2946182987477134,0.917160917746215
34,bernoulli,1,none,1.0,1.0,raw,none,,2,0.4197973377169717,0.5839661863689324,0.3139745612887624,0.9116389125737512
10,bernoulli,1,none,1.0,1.0,raw,none,,3,0.4245805697246652,0.5897913978080398,0.3158924381369925,0.9095323616771432
24,bernoulli,1,none,1.0,1.0,raw,none,,2,0.4448899054156546,0.5324277241415996,0.4130104122154007,0.7297307942964772
14,bernoulli,1,none,1.0,1.0,raw,none,,3,0.4164995056850069,0.6051287581417417,0.3082058557116235,0.9091116094531654
19,bernoulli,1,none,1.0,1.0,raw,none,,2,0.4115096877036546,0.6285326422312724,0.4272111976541403,0.6444244230369396
49,bernoulli,1,none,1.0,1.0,raw,none,,2,0.424088464053128,0.5955207995229432,0.3135609973554398,0.9095109139641032
16,bernoulli,1,none,1.0,1.0,raw,none,,4,0.4374511725562719,0.5594442712277107,0.3140793705674484,0.9142078556662284
39,bernoulli,1,none,1.0,1.0,raw,none,,2,0.4277099706925337,0.5702950661744506,0.4167027239297828,0.6939038417299287
6,bernoulli,1,none,1.0,1.0,raw,none,,9,0.4630702028533608,0.5097480686941788,0.3763510090350311,0.8219827586206897
13,bernoulli,1,none,1.0,1.0,raw,none,,2,0.4331712812547536,0.5980308619338324,0.3102873191335981,0.9068535672053608
7,bernoulli,1,none,1.0,1.0,raw,none,,3,0.4201460306578205,0.5697404714142428,0.4313264799717158,0.6409749440089586
3,bernoulli,1,none,1.0,1.0,raw,none,,15,0.4339344988299801,0.5730099306431273,0.2962006262788391,0.923425909953424
27,bernoulli,1,none,1.0,1.0,raw,none,,2,0.4260221902022069,0.554784188897071,0.3154245027759663,0.9124174436674436
1,bernoulli,1,none,1.0,1.0,raw,none,,14,0.4454269596703126,0.5642503754748652,0.3111561011574268,0.9044507143548676
35,bernoulli,1,none,1.0,1.0,raw,none,,2,0.4238625613519013,0.6095763141039963,0.314261763259208,0.8964285088103796
17,bernoulli,1,none,1.0,1.0,raw,none,,2,0.4177755461894173,0.5613351959045738,0.3291951960360597,0.904191103042865
31,bernoulli,1,none,1.0,1.0,raw,none,,2,0.4144149575739329,0.6238360765871682,0.3120094979793693,0.9137268043679888
12,bernoulli,1,none,1.0,1.0,raw,none,,7,0.427612844821285,0.5832437704004458,0.4158866395814894,0.6982026995713128
43,bernoulli,1,none,1.0,1.0,raw,none,,2,0.4374918766629965,0.5925561611535746,0.2943828026533207,0.917323610563658
9,bernoulli,1,none,1.0,1.0,raw,none,,2,0.4149638926930393,0.5954893669721524,0.4482036067008544,0.6019186664429155
40,bernoulli,1,none,1.0,1.0,raw,none,,2,0.4172981622634432,0.5867315979927097,0.3043045424938725,0.9118261278455452
0,bernoulli,1,none,1.0,1.0,raw,none,,12,0.4422998413693693,0.5618131429301642,0.3184468552859548,0.9017574345678414
11,bernoulli,1,none,1.0,1.0,raw,none,,3,0.4248924077107807,0.5906114289653271,0.305894478431425,0.9138278419872348
2,bernoulli,1,none,1.0,1.0,raw,none,,15,0.4317240051932694,0.5774282814123789,0.5019738159665003,0.5756895006064441
38,bernoulli,1,none,1.0,1.0,raw,none,,2,0.4124860804550107,0.5778468823219126,0.4728569361347097,0.6539365167371266
15,bernoulli,1,none,1.0,1.0,raw,none,,4,0.429023923869284,0.5808364316784524,0.3220832655541832,0.8955730916370717
29,bernoulli,1,none,1.0,1.0,raw,none,,2,0.4206494615025612,0.5838096468059224,0.2933758259921317,0.918749130858017
20,bernoulli,1,none,1.0,1.0,raw,none,,2,0.4148826214526187,0.5850839141524914,0.4553466626705669,0.60053122734008
42,bernoulli,1,none,1.0,1.0,raw,none,,2,0.4343087427117016,0.6028996237893219,0.4516076794630675,0.5769409526299354
47,bernoulli,1,none,1.0,1.0,raw,none,,3,0.4082407226769825,0.6075496151227942,0.3108042604031975,0.9119859441058584
36,bernoulli,1,none,1.0,1.0,raw,none,,2,0.4271562754361517,0.5988466813673116,0.2928424690201468,0.9289306620496331
5,bernoulli,1,none,1.0,1.0,raw,none,,8,0.434829874423857,0.5913707280247864,0.3065634344827484,0.9201466182977436
32,bernoulli,1,none,1.0,1.0,raw,none,,2,0.4092863030478161,0.6179956896551724,0.3076722111007794,0.9148818366897766
23,bernoulli,1,none,1.0,1.0,raw,none,,2,0.4305310206019822,0.5852903986862091,0.2930713092580675,0.9284458509142054
18,bernoulli,1,none,1.0,1.0,raw,none,,2,0.4080215305708394,0.6273549647498514,0.4723268574915936,0.6027906548721429
21,bernoulli,1,none,1.0,1.0,raw,none,,2,0.4118449913346012,0.6092488254294522,0.3098959548800361,0.9187744485632948
37,bernoulli,1,none,1.0,1.0,raw,none,,2,0.4257822824168156,0.5885814810091448,0.3052840994292784,0.9189936517702332
26,bernoulli,1,none,1.0,1.0,raw,none,,3,0.4417727813761704,0.6080087063486155,0.3340635373177049,0.8947949076684277
4,bernoulli,1,none,1.0,1.0,raw,none,,8,0.4293183388173439,0.5829035308057833,0.3423197751897569,0.8794965265836714
46,bernoulli,1,none,1.0,1.0,raw,none,,2,0.429141252268276,0.6134150280231785,0.4406470124177498,0.600863049703817
30,bernoulli,1,none,1.0,1.0,raw,none,,2,0.4050732773258085,0.5985012755102042,0.4306361736514472,0.7117668797684547
48,bernoulli,1,none,1.0,1.0,raw,none,,2,0.4035930311881121,0.6045477851636176,0.3056946760453367,0.9220954627103072
28,bernoulli,1,none,1.0,1.0,raw,none,,2,0.4343259145597625,0.5571234629604029,0.3949931811396013,0.7234113350047978
22,bernoulli,1,none,1.0,1.0,raw,none,,3,0.4337565829412365,0.5667121519454177,0.2963181468189813,0.9134433928799466
8,bernoulli,1,none,1.0,1.0,raw,none,,6,0.4343085368512628,0.5676284784125261,0.4367664181484387,0.6110218599169379
10,bernoulli,1,none,1.0,1.0,raw,none,,4,0.4322780545707478,0.5929464337307626,0.327018347538962,0.9112834150721832
34,bernoulli,1,none,1.0,1.0,raw,none,,3,0.4209619991873239,0.5985511437456517,0.3130188925498338,0.9126285403162016
45,bernoulli,1,none,1.0,1.0,raw,none,,2,0.4343225522933159,0.5617222525970476,0.2961967777176414,0.9227393479385888
41,bernoulli,1,none,1.0,1.0,raw,none,,2,0.4066126012169498,0.5933925958046506,0.3150524091642694,0.9099513085818624
14,bernoulli,1,none,1.0,1.0,raw,none,,4,0.4184593814886231,0.5936656170469741,0.3097419984713832,0.9089184060721064
19,bernoulli,1,none,1.0,1.0,raw,none,,3,0.4039851106140132,0.6152208583715432,0.4601964165557992,0.6498094116016356
44,bernoulli,1,none,1.0,1.0,raw,none,,2,0.4035387902197518,0.6094849483403701,0.43300322107368,0.725623244069846
39,bernoulli,1,none,1.0,1.0,raw,none,,3,0.4252821245354776,0.5657285210565333,0.4518284004897355,0.6805542283803153
49,bernoulli,1,none,1.0,1.0,raw,none,,3,0.4265025442557344,0.5969040376210568,0.3142311307724364,0.9107067743404518
6,bernoulli,1,none,1.0,1.0,raw,none,,10,0.454538262510839,0.5188033083484105,0.3645552783344309,0.8054802955665026
24,bernoulli,1,none,1.0,1.0,raw,none,,3,0.4442375996522167,0.5342828266709221,0.4402094288132495,0.7219640056433653
16,bernoulli,1,none,1.0,1.0,raw,none,,5,0.4344332360947583,0.5779586655382833,0.3093801931465552,0.912930596448732
33,bernoulli,1,none,1.0,1.0,raw,none,,2,0.4228811628099519,0.5856130713650338,0.4448793044250478,0.6966270063980246
25,bernoulli,1,none,1.0,1.0,raw,none,,2,0.4351556500579698,0.591420468145913,0.318324958953669,0.8991188685598832
13,bernoulli,1,none,1.0,1.0,raw,none,,3,0.4360262366874483,0.6107959243839478,0.3126778335022604,0.9056112393715864
7,bernoulli,1,none,1.0,1.0,raw,none,,4,0.4178318441188451,0.5801195252423939,0.4332159991539889,0.6846934490481523
3,bernoulli,1,none,1.0,1.0,raw,none,,16,0.4366018749658129,0.5715439785624212,0.3033595121836739,0.921963084353976
27,bernoulli,1,none,1.0,1.0,raw,none,,3,0.4271535369889591,0.5648977361807255,0.3160583679377193,0.9109501609501608
35,bernoulli,1,none,1.0,1.0,raw,none,,3,0.4273592728161436,0.5821082264623084,0.310305519601731,0.9066327693521524
1,bernoulli,1,none,1.0,1.0,raw,none,,15,0.4455682287930129,0.5641288983125718,0.310042217152558,0.9070439677468431
31,bernoulli,1,none,1.0,1.0,raw,none,,3,0.412985949668698,0.6119695442839548,0.3056964308690393,0.912206944641902
43,bernoulli,1,none,1.0,1.0,raw,none,,3,0.4397201913367148,0.5868119385228425,0.2975944284633444,0.917087814629202
17,bernoulli,1,none,1.0,1.0,raw,none,,3,0.4215902321066231,0.5633197544082712,0.3324264082280147,0.898518546480304
12,bernoulli,1,none,1.0,1.0,raw,none,,8,0.4302682246837437,0.5934519544622243,0.4164810621608913,0.7039776677094194
9,bernoulli,1,none,1.0,1.0,raw,none,,3,0.4194322614903991,0.5879104596440324,0.447345843055404,0.6067782625720199
11,bernoulli,1,none,1.0,1.0,raw,none,,4,0.4268127510795128,0.5848421834669852,0.3061125758380851,0.9123615663274108
40,bernoulli,1,none,1.0,1.0,raw,none,,3,0.4191559482130561,0.5872210189700457,0.3080229248132395,0.9093159627140208
2,bernoulli,1,none,1.0,1.0,raw,none,,16,0.4651641222537842,0.5305987223175517,0.4475134949807099,0.6037230396034383
0,bernoulli,1,none,1.0,1.0,raw,none,,13,0.4422456473949842,0.5744281515558112,0.3161991053553501,0.901650126173902
38,bernoulli,1,none,1.0,1.0,raw,none,,3,0.4149997288634092,0.576785780002208,0.4699205882117457,0.64662138748354
15,bernoulli,1,none,1.0,1.0,raw,none,,5,0.432989747974438,0.5911379229342342,0.3254356641613231,0.8937939639923762
47,bernoulli,1,none,1.0,1.0,raw,none,,4,0.4143363658737021,0.6228879754237142,0.3154372931824201,0.9112858946906056
20,bernoulli,1,none,1.0,1.0,raw,none,,3,0.4435660934829439,0.6006198112134652,0.4403405448207299,0.5642162426306
42,bernoulli,1,none,1.0,1.0,raw,none,,3,0.4328284684137815,0.60778035699992,0.4489735805049555,0.5934293370514804
29,bernoulli,1,none,1.0,1.0,raw,none,,3,0.4226756445759022,0.5643231488347679,0.2939502043966512,0.9154498678904186
36,bernoulli,1,none,1.0,1.0,raw,none,,3,0.428942936924657,0.5795672402949221,0.2912182966258039,0.9284772033968176
23,bernoulli,1,none,1.0,1.0,raw,none,,3,0.4308770619667588,0.5957375039513958,0.2957318658605898,0.9271132208157524
5,bernoulli,1,none,1.0,1.0,raw,none,,9,0.4319902445422368,0.5839611216834689,0.3064853372201394,0.9158696787314152
32,bernoulli,1,none,1.0,1.0,raw,none,,3,0.4129730142408586,0.6043832403651116,0.3106490512915995,0.9135612688456036
18,bernoulli,1,none,1.0,1.0,raw,none,,3,0.4746492628125363,0.5795336787564767,0.4707858064458212,0.5877388333544223
21,bernoulli,1,none,1.0,1.0,raw,none,,3,0.4130927912727449,0.6213638782851271,0.3089469626596417,0.9177333579098996
26,bernoulli,1,none,1.0,1.0,raw,none,,4,0.439893036108618,0.5817017792004765,0.31780454346216,0.8954805209268657
30,bernoulli,1,none,1.0,1.0,raw,none,,3,0.4089499764245266,0.6005654761904763,0.4499913413486331,0.7049386425726947
46,bernoulli,1,none,1.0,1.0,raw,none,,3,0.4395090025239079,0.6152313099648523,0.4318861112255571,0.6092385547840414
37,bernoulli,1,none,1.0,1.0,raw,none,,3,0.4270402161612683,0.5898305339044718,0.3113813046131433,0.9127782594104816
4,bernoulli,1,none,1.0,1.0,raw,none,,9,0.4307267193184653,0.5883249266528967,0.3399182818886351,0.8781587454432905
48,bernoulli,1,none,1.0,1.0,raw,none,,3,0.4108574459293948,0.6015949751872401,0.3103572218362757,0.9214441443047346
22,bernoulli,1,none,1.0,1.0,raw,none,,4,0.4350224403918116,0.5610990226811727,0.297635372060441,0.9133174652723584
10,bernoulli,1,none,1.0,1.0,raw,none,,5,0.4274738685529577,0.5802858408613749,0.3155459021609734,0.909673965600608
34,bernoulli,1,none,1.0,1.0,raw,none,,4,0.4228041624500401,0.5842616574882022,0.3121295879440831,0.9121148926990128
8,bernoulli,1,none,1.0,1.0,raw,none,,7,0.4548312815218856,0.5409173707464537,0.4348062453440394,0.6209696655067909
28,bernoulli,1,none,1.0,1.0,raw,none,,3,0.437534279842715,0.5708872559966254,0.3830969007060507,0.7319311604296281
19,bernoulli,1,none,1.0,1.0,raw,none,,4,0.4107878771595944,0.6352822791178956,0.4577402174980939,0.6328713008524498
45,bernoulli,1,none,1.0,1.0,raw,none,,3,0.4360149759063236,0.5418170220521231,0.3044072598588517,0.9091564602380542
14,bernoulli,1,none,1.0,1.0,raw,none,,5,0.4199817348663911,0.5962731311737048,0.3072189417413465,0.9114162497843712
39,bernoulli,1,none,1.0,1.0,raw,none,,4,0.4314047915701028,0.5704343015838969,0.4344922456378618,0.6760064412238325
41,bernoulli,1,none,1.0,1.0,raw,none,,3,0.4091057904142558,0.598448302199183,0.3144694021999689,0.9093156150672888
44,bernoulli,1,none,1.0,1.0,raw,none,,3,0.4091885185654366,0.613172776576391,0.4233087618460148,0.7179202674348304
6,bernoulli,1,none,1.0,1.0,raw,none,,11,0.4588250715692273,0.5169096952988139,0.3653643575691654,0.8331896551724138
7,bernoulli,1,none,1.0,1.0,raw,none,,5,0.4270545573736032,0.5880370277499164,0.4151800297712973,0.6765152575587906
27,bernoulli,1,none,1.0,1.0,raw,none,,4,0.4288584427168287,0.5776084598269078,0.3169006911327112,0.9096250971250972
24,bernoulli,1,none,1.0,1.0,raw,none,,4,0.4469354902021424,0.5374095720630867,0.4178244796325149,0.7086863420538125
3,bernoulli,1,none,1.0,1.0,raw,none,,17,0.4369969711798886,0.5743359867591425,0.3014292857581173,0.9213593237881662
49,bernoulli,1,none,1.0,1.0,raw,none,,4,0.427873162175655,0.5925844850882027,0.3136445186747492,0.9120486409255402
16,bernoulli,1,none,1.0,1.0,raw,none,,6,0.4356206651797592,0.553965673392425,0.3135173212571577,0.9007566107735248
13,bernoulli,1,none,1.0,1.0,raw,none,,4,0.437330485609909,0.5973028165469436,0.3127048893640822,0.9036228109690864
25,bernoulli,1,none,1.0,1.0,raw,none,,3,0.4370878185312403,0.5809426749744311,0.3193768349686256,0.8992346222920643
31,bernoulli,1,none,1.0,1.0,raw,none,,4,0.4178267086069667,0.6210793864068973,0.3052080549340828,0.9158931968506072
33,bernoulli,1,none,1.0,1.0,raw,none,,3,0.4270444208731809,0.5691860828040388,0.4287731151633466,0.7122467448647436
35,bernoulli,1,none,1.0,1.0,raw,none,,4,0.4290164215395041,0.6107139133413766,0.3105713216887904,0.9057596212851756
43,bernoulli,1,none,1.0,1.0,raw,none,,4,0.4402227317265496,0.5731913582237702,0.2960000194262807,0.9161692662875162
1,bernoulli,1,none,1.0,1.0,raw,none,,16,0.4509156891061346,0.547979797979798,0.3124487954150827,0.9095888137421684
11,bernoulli,1,none,1.0,1.0,raw,none,,5,0.4287757563848287,0.5939718756462398,0.3087458175499447,0.9137105399344488
17,bernoulli,1,none,1.0,1.0,raw,none,,4,0.4225996645915717,0.5647062267875665,0.3314165596300361,0.898329804428918
12,bernoulli,1,none,1.0,1.0,raw,none,,9,0.4245332223216697,0.5966742297587772,0.4396391750259857,0.6865622465531225
2,bernoulli,1,none,1.0,1.0,raw,none,,17,0.4408734236781788,0.6029617903666289,0.4399158330633541,0.5956511803687883
9,bernoulli,1,none,1.0,1.0,raw,none,,4,0.4222170185129557,0.5950293690952195,0.4434426687368148,0.5759075907590758
40,bernoulli,1,none,1.0,1.0,raw,none,,4,0.4217101940800831,0.5979284869583704,0.3079835677779583,0.9145956075567724
38,bernoulli,1,none,1.0,1.0,raw,none,,4,0.4271925189624068,0.5722817175545987,0.435136559004921,0.6476089819114285
15,bernoulli,1,none,1.0,1.0,raw,none,,6,0.4390033878975573,0.5798482013397812,0.3385623913314614,0.8941847550357196
0,bernoulli,1,none,1.0,1.0,raw,none,,14,0.4434914749233593,0.5949160596766979,0.3184650339421291,0.9017955117398844
42,bernoulli,1,none,1.0,1.0,raw,none,,4,0.4298212363456456,0.5961918674457696,0.4651033814421116,0.5758244192210772
47,bernoulli,1,none,1.0,1.0,raw,none,,5,0.4122401748559804,0.6179722818592799,0.3103833517763005,0.914007165211662
29,bernoulli,1,none,1.0,1.0,raw,none,,4,0.4305194257203553,0.5640794374224081,0.3020573952928447,0.9226741760534
23,bernoulli,1,none,1.0,1.0,raw,none,,4,0.4330824337309453,0.5874896878204485,0.2977501993771197,0.9250105485232066
20,bernoulli,1,none,1.0,1.0,raw,none,,4,0.4265458128183793,0.5867552923591818,0.4552999618835651,0.5607798165137614
36,bernoulli,1,none,1.0,1.0,raw,none,,4,0.4323136446624554,0.583791781278653,0.2948508650826385,0.9276389919476736
5,bernoulli,1,none,1.0,1.0,raw,none,,10,0.4355006000928543,0.5749335514209774,0.3072521768939791,0.9155192788633304
18,bernoulli,1,none,1.0,1.0,raw,none,,4,0.449361148323633,0.5877367705767435,0.4472419865787497,0.5736555738327218
32,bernoulli,1,none,1.0,1.0,raw,none,,4,0.4137357286083691,0.6050827658649667,0.3069316187912469,0.9143453560030814
26,bernoulli,1,none,1.0,1.0,raw,none,,5,0.4423096451030477,0.5826518204989135,0.321838859269818,0.8971858533970919
30,bernoulli,1,none,1.0,1.0,raw,none,,4,0.4152252497706563,0.6053124999999999,0.4404125675502681,0.6788241754825876
21,bernoulli,1,none,1.0,1.0,raw,none,,4,0.4152321579480129,0.6193359088239613,0.3103860402626775,0.9179791235723403
46,bernoulli,1,none,1.0,1.0,raw,none,,4,0.4310752480032139,0.6053747506412083,0.4381037361111098,0.6277509709309168
4,bernoulli,1,none,1.0,1.0,raw,none,,10,0.4320892660634335,0.5852713335578722,0.3417323351280227,0.8772474035353188
10,bernoulli,1,none,1.0,1.0,raw,none,,6,0.436064186283201,0.5992353179112815,0.3260285867966004,0.911452649029495
34,bernoulli,1,none,1.0,1.0,raw,none,,5,0.4242005887016679,0.5790249033956127,0.3132541140554849,0.9113820887651568
37,bernoulli,1,none,1.0,1.0,raw,none,,4,0.4303345230384286,0.5837184267184792,0.3081150083682198,0.9203115386766596
48,bernoulli,1,none,1.0,1.0,raw,none,,4,0.4165878121941029,0.6089792891281657,0.316665331415239,0.9197404324754213
22,bernoulli,1,none,1.0,1.0,raw,none,,5,0.4365460349427504,0.5569924396090724,0.2971526529036449,0.9130425528895952
19,bernoulli,1,none,1.0,1.0,raw,none,,5,0.4149240311925906,0.6437288183863527,0.4543566243838706,0.6283768798946566
14,bernoulli,1,none,1.0,1.0,raw,none,,6,0.4234891493993727,0.6028663244618901,0.3142229742508866,0.9057823011902708
8,bernoulli,1,none,1.0,1.0,raw,none,,8,0.4183698672449052,0.5591252616076273,0.5183006282078364,0.6270379672241553
39,bernoulli,1,none,1.0,1.0,raw,none,,5,0.4299599564004709,0.5617302069339234,0.4447784735296071,0.6789970094317921
41,bernoulli,1,none,1.0,1.0,raw,none,,4,0.4109755008953195,0.6130807779677637,0.3150515578098405,0.9093663352945154
28,bernoulli,1,none,1.0,1.0,raw,none,,4,0.4398127123111344,0.5584083908449331,0.3803558150664192,0.7345312161451079
45,bernoulli,1,none,1.0,1.0,raw,none,,4,0.4373911313431594,0.5346947330052851,0.2990362277992479,0.9188787303777816
6,bernoulli,1,none,1.0,1.0,raw,none,,12,0.4558383828946392,0.5291831796904167,0.3630037375775276,0.8148399014778326
7,bernoulli,1,none,1.0,1.0,raw,none,,6,0.4185153203937845,0.5777478268137746,0.4531392884468058,0.666013437849944
27,bernoulli,1,none,1.0,1.0,raw,none,,5,0.4297380244288011,0.5814784901536927,0.3174941234532885,0.9098228160728162
31,bernoulli,1,none,1.0,1.0,raw,none,,5,0.4193627827281784,0.6189138954204456,0.3049977996621731,0.9106938548923236
3,bernoulli,1,none,1.0,1.0,raw,none,,18,0.4355750481085342,0.5969715479192937,0.3013930353537686,0.9194617905813351
44,bernoulli,1,none,1.0,1.0,raw,none,,4,0.4146118298837611,0.6051342120619229,0.413134560755733,0.7174828407838116
49,bernoulli,1,none,1.0,1.0,raw,none,,5,0.4291731790708962,0.5778425259852504,0.3160529460017421,0.909634323973872
24,bernoulli,1,none,1.0,1.0,raw,none,,5,0.4470377345649832,0.535672491289662,0.4364440640990149,0.7101652188236305
43,bernoulli,1,none,1.0,1.0,raw,none,,5,0.4437977812120192,0.5670493759473668,0.304378009992752,0.9120023649980292
16,bernoulli,1,none,1.0,1.0,raw,none,,7,0.4386259134728265,0.5814328983118792,0.3088382404310333,0.9150605219013412
13,bernoulli,1,none,1.0,1.0,raw,none,,5,0.438570942735891,0.6046102350597896,0.3131000479923237,0.9052311504026128
25,bernoulli,1,none,1.0,1.0,raw,none,,4,0.4375952548825437,0.5833726235465644,0.3165003789595133,0.8995082220226737
35,bernoulli,1,none,1.0,1.0,raw,none,,5,0.4290100479294201,0.609300758151243,0.307271684654264,0.9036451301832208
33,bernoulli,1,none,1.0,1.0,raw,none,,4,0.4278438724079922,0.567726946425506,0.4510925355319464,0.6385642327982939
11,bernoulli,1,none,1.0,1.0,raw,none,,6,0.4293910304246291,0.5815104585525762,0.3085041881923072,0.9129860272554772
1,bernoulli,1,none,1.0,1.0,raw,none,,17,0.4446893313726056,0.5685572930470889,0.3097091868724238,0.9096441364811972
2,bernoulli,1,none,1.0,1.0,raw,none,,18,0.4396338366774709,0.584545762138386,0.4484855639389413,0.5806183972296929
17,bernoulli,1,none,1.0,1.0,raw,none,,5,0.4272442278140057,0.5302577207481514,0.3320763949950139,0.8995583435997572
12,bernoulli,1,none,1.0,1.0,raw,none,,10,0.4257132624670324,0.6034790223708304,0.4507775999083411,0.6592442938245858
38,bernoulli,1,none,1.0,1.0,raw,none,,5,0.4180651402070003,0.5894556279313208,0.4829434189560236,0.6535484094531845
40,bernoulli,1,none,1.0,1.0,raw,none,,5,0.4250383983824584,0.5836489102078599,0.3113808858813627,0.9107957845821923
9,bernoulli,1,none,1.0,1.0,raw,none,,5,0.426439004704486,0.5926409185803758,0.4344852149882002,0.5985658947250657
15,bernoulli,1,none,1.0,1.0,raw,none,,7,0.4334396397731029,0.582330927559476,0.322893559746889,0.8944110024818659
42,bernoulli,1,none,1.0,1.0,raw,none,,5,0.4874020098969973,0.5811994717041543,0.4869126021098957,0.5777334190250031
47,bernoulli,1,none,1.0,1.0,raw,none,,6,0.4147404033718731,0.6044448517219109,0.3132387251305214,0.9123565585021688
0,bernoulli,1,none,1.0,1.0,raw,none,,15,0.4439428581978875,0.5620826943965241,0.3193989846056657,0.896575477608892
23,bernoulli,1,none,1.0,1.0,raw,none,,5,0.4338805307053933,0.5893959954048157,0.2973343282300365,0.92387482419128
29,bernoulli,1,none,1.0,1.0,raw,none,,5,0.4266335243091046,0.5811413192911122,0.2931339052714266,0.9175288555138368
20,bernoulli,1,none,1.0,1.0,raw,none,,5,0.4343557964169165,0.587297525629153,0.4329458843678783,0.5997036476559789
18,bernoulli,1,none,1.0,1.0,raw,none,,5,0.4560603400784766,0.6105686740847702,0.4517329966602024,0.5922848630554565
36,bernoulli,1,none,1.0,1.0,raw,none,,5,0.4326087141391199,0.5769870497927512,0.2949281401316119,0.926364498309836
5,bernoulli,1,none,1.0,1.0,raw,none,,11,0.4337906605134167,0.6050752559646446,0.3045403907895463,0.9178140544700032
26,bernoulli,1,none,1.0,1.0,raw,none,,6,0.4411227742293283,0.5888589933107167,0.3159327319320258,0.8936116157503114
30,bernoulli,1,none,1.0,1.0,raw,none,,5,0.4165177874024052,0.6019111394557823,0.4281845336786815,0.7115769186932059
32,bernoulli,1,none,1.0,1.0,raw,none,,5,0.4169473914355649,0.6066855621558969,0.3078207644209987,0.9137400957411688
46,bernoulli,1,none,1.0,1.0,raw,none,,5,0.4298427821390785,0.6167436116652418,0.4533011324340927,0.6150013730336197
21,bernoulli,1,none,1.0,1.0,raw,none,,5,0.4199518414827729,0.6076062619292321,0.3117495705610008,0.9171564912855592
10,bernoulli,1,none,1.0,1.0,raw,none,,7,0.4326449142078666,0.5857927075909625,0.3197102700418448,0.9097706707190716
34,bernoulli,1,none,1.0,1.0,raw,none,,6,0.4255211236766757,0.6077652324791913,0.3148520291094179,0.9102931558167168
4,bernoulli,1,none,1.0,1.0,raw,none,,11,0.4324391603676426,0.5863243666584155,0.3413649309238485,0.8764323543572462
22,bernoulli,1,none,1.0,1.0,raw,none,,6,0.4369751472727806,0.5553420615895261,0.3009934110585668,0.9085481788384864
19,bernoulli,1,none,1.0,1.0,raw,none,,6,0.4073349696340852,0.6205560143916308,0.486466644659931,0.6194365513895627
37,bernoulli,1,none,1.0,1.0,raw,none,,5,0.4298745355151552,0.5912221213644309,0.3043923905082865,0.920468846132334
14,bernoulli,1,none,1.0,1.0,raw,none,,7,0.4233516528672534,0.6016024673251952,0.31185985803636,0.9069691219596342
48,bernoulli,1,none,1.0,1.0,raw,none,,5,0.4188167668250337,0.6040602281675183,0.3120265831786969,0.9210293573201332
39,bernoulli,1,none,1.0,1.0,raw,none,,6,0.4298201442935686,0.5669647057052649,0.454614820931202,0.6780166693210171
8,bernoulli,1,none,1.0,1.0,raw,none,,9,0.4320824032347088,0.5740930935586388,0.460325497523392,0.6033470367044562
7,bernoulli,1,none,1.0,1.0,raw,none,,7,0.4375571826622081,0.5645478100969575,0.4217204764614545,0.642441209406495
6,bernoulli,1,none,1.0,1.0,raw,none,,13,0.4565184561120725,0.5104032049625226,0.3627185770933084,0.8213054187192118
41,bernoulli,1,none,1.0,1.0,raw,none,,5,0.4127481581094034,0.6029348720551495,0.3159160230715236,0.9076046527355108
27,bernoulli,1,none,1.0,1.0,raw,none,,6,0.4308027359921185,0.5756922504374816,0.3182489870749009,0.9072663447663448
31,bernoulli,1,none,1.0,1.0,raw,none,,6,0.423010639812135,0.6089620423244878,0.3051255940177977,0.9139705235222836
3,bernoulli,1,none,1.0,1.0,raw,none,,19,0.4369860423126477,0.5578578184110972,0.2999846076990259,0.9217422804899086
45,bernoulli,1,none,1.0,1.0,raw,none,,5,0.437867061719448,0.5607690905777292,0.2957953471770548,0.922435742625496
28,bernoulli,1,none,1.0,1.0,raw,none,,5,0.4400474598333509,0.5724610711158845,0.3861957828653987,0.7304260686538521
43,bernoulli,1,none,1.0,1.0,raw,none,,6,0.4432416583167571,0.560113666089736,0.2980726328427456,0.9117665690635736
13,bernoulli,1,none,1.0,1.0,raw,none,,6,0.4391768201466187,0.5863569687425847,0.3161211377553136,0.8908863111661692
44,bernoulli,1,none,1.0,1.0,raw,none,,5,0.4073784634073334,0.6091545669858922,0.4559342840079973,0.6826807496710409
49,bernoulli,1,none,1.0,1.0,raw,none,,6,0.4306269519412865,0.5783161859615487,0.3170982493657209,0.910779777444822
35,bernoulli,1,none,1.0,1.0,raw,none,,6,0.4313503514888574,0.5847557978461951,0.3099360306365162,0.9007661961953188
16,bernoulli,1,none,1.0,1.0,raw,none,,8,0.443824171529794,0.5469188454857244,0.3142405555591108,0.9156208454272728
24,bernoulli,1,none,1.0,1.0,raw,none,,6,0.4504737737549504,0.541427298598367,0.4069577800611183,0.7250076987531601
11,bernoulli,1,none,1.0,1.0,raw,none,,7,0.4305664782352089,0.5997468654978823,0.3081698947296089,0.9112057961014318
2,bernoulli,1,none,1.0,1.0,raw,none,,19,0.4423553087724625,0.6002710845800002,0.4415573772881089,0.5991492204116788
25,bernoulli,1,none,1.0,1.0,raw,none,,5,0.4387390948024433,0.5803188672812865,0.318620001706188,0.8979297620383881
33,bernoulli,1,none,1.0,1.0,raw,none,,5,0.4286299957124433,0.5828996239017463,0.4450399669101297,0.6955326074755864
1,bernoulli,1,none,1.0,1.0,raw,none,,18,0.444634071351935,0.571242674559001,0.3107904163004212,0.9080432347205508
17,bernoulli,1,none,1.0,1.0,raw,none,,6,0.4289197130991232,0.5577655000501891,0.3298820838897591,0.8994862784528642
15,bernoulli,1,none,1.0,1.0,raw,none,,8,0.433854583092803,0.5709156521105198,0.321588857551082,0.8917748769351013
38,bernoulli,1,none,1.0,1.0,raw,none,,6,0.4203329159341041,0.6001811438642116,0.4841413241903523,0.650415829232795
12,bernoulli,1,none,1.0,1.0,raw,none,,11,0.4321212336834306,0.6019106759016002,0.4133996876720509,0.6969318445139613
47,bernoulli,1,none,1.0,1.0,raw,none,,7,0.4232712704428015,0.6388787069522264,0.3189204484880478,0.913080629220886
42,bernoulli,1,none,1.0,1.0,raw,none,,6,0.4358912419486637,0.5954074281597694,0.4515145391845954,0.5803885899363121
9,bernoulli,1,none,1.0,1.0,raw,none,,6,0.4253440151828956,0.5948458122500974,0.4491793242029342,0.602373161044918
40,bernoulli,1,none,1.0,1.0,raw,none,,6,0.4275038807954932,0.621354256633758,0.3150121210241227,0.909509584266866
23,bernoulli,1,none,1.0,1.0,raw,none,,6,0.4366853486255563,0.590086044055173,0.3023079853442372,0.9209493670886076
0,bernoulli,1,none,1.0,1.0,raw,none,,16,0.4509968108352009,0.5785492939748259,0.3254011837092231,0.9025916707916936
18,bernoulli,1,none,1.0,1.0,raw,none,,6,0.4411488178997422,0.6038711458421813,0.4406567683840763,0.5812039156591858
29,bernoulli,1,none,1.0,1.0,raw,none,,6,0.4277996379236826,0.5783334305401645,0.2947618542997984,0.9188221387845918
20,bernoulli,1,none,1.0,1.0,raw,none,,6,0.4200137015787163,0.558471836363341,0.5018945503939993,0.5864584318547243
36,bernoulli,1,none,1.0,1.0,raw,none,,6,0.4348117971794323,0.5677461031924648,0.2943841440355904,0.9271340039024928
5,bernoulli,1,none,1.0,1.0,raw,none,,12,0.4350502193171539,0.5918641775317302,0.3072696236069683,0.915144831945475
26,bernoulli,1,none,1.0,1.0,raw,none,,7,0.4410533338158902,0.5849329830942278,0.3197162941115106,0.8880466634648179
30,bernoulli,1,none,1.0,1.0,raw,none,,6,0.4148924445185402,0.5933354591836735,0.4355758349451525,0.7028179862053721
46,bernoulli,1,none,1.0,1.0,raw,none,,6,0.447481761166435,0.6110059846110003,0.4304456611159837,0.6452159585736142
32,bernoulli,1,none,1.0,1.0,raw,none,,6,0.4241826907967663,0.5815547124022022,0.3169339806405121,0.9136850720809948
10,bernoulli,1,none,1.0,1.0,raw,none,,8,0.4336254864324599,0.5839513068936958,0.3201096404083786,0.9071941700628584
21,bernoulli,1,none,1.0,1.0,raw,none,,6,0.4188016453964334,0.6015292357950374,0.3107579072036788,0.9158628081457664
34,bernoulli,1,none,1.0,1.0,raw,none,,7,0.4260779930365507,0.6077421815408086,0.3150311009630233,0.91070064959302
19,bernoulli,1,none,1.0,1.0,raw,none,,7,0.4201781621902851,0.6103271342997371,0.4375359316103296,0.6168272229537737
22,bernoulli,1,none,1.0,1.0,raw,none,,7,0.4379671191628476,0.563193804167435,0.2982561708980638,0.9143550378137548
14,bernoulli,1,none,1.0,1.0,raw,none,,8,0.4241095808145535,0.5919423715653711,0.3090405308250534,0.909211661204071
39,bernoulli,1,none,1.0,1.0,raw,none,,7,0.4353215614137037,0.5595287822170041,0.4351465926134579,0.6634142025446373
4,bernoulli,1,none,1.0,1.0,raw,none,,12,0.4330013111195965,0.5956474631844209,0.3395130806883361,0.8808755760368664
37,bernoulli,1,none,1.0,1.0,raw,none,,6,0.4314737299362844,0.5762541166232811,0.3039516586662891,0.9205877006543992
7,bernoulli,1,none,1.0,1.0,raw,none,,8,0.4249620518852551,0.5730838348378469,0.4349332686737957,0.691916293393057
31,bernoulli,1,none,1.0,1.0,raw,none,,7,0.4221703237432146,0.6217735975814578,0.3064606253674181,0.9098814577113418
6,bernoulli,1,none,1.0,1.0,raw,none,,14,0.4568239377628365,0.4924273426954997,0.3654909099956649,0.7919334975369459
27,bernoulli,1,none,1.0,1.0,raw,none,,7,0.4331863998610463,0.5791980426158634,0.3183527167624472,0.9104125041625042
48,bernoulli,1,none,1.0,1.0,raw,none,,6,0.4151011701002656,0.6010959731912322,0.3148445276104054,0.915558282713324
8,bernoulli,1,none,1.0,1.0,raw,none,,10,0.4830058034939138,0.5638535772420743,0.4752327235963102,0.6302176871702773
41,bernoulli,1,none,1.0,1.0,raw,none,,6,0.4153216667684936,0.6141328182360216,0.3155310028156809,0.9088726584161764
43,bernoulli,1,none,1.0,1.0,raw,none,,7,0.442500841845773,0.5837911152678785,0.2984239924704407,0.9136951686468832
3,bernoulli,1,none,1.0,1.0,raw,none,,20,0.436361841932765,0.5879945617906683,0.3003083760100438,0.9207797136449888
45,bernoulli,1,none,1.0,1.0,raw,none,,6,0.4386914922280132,0.5772535082923274,0.2988321640639257,0.920051750905641
28,bernoulli,1,none,1.0,1.0,raw,none,,6,0.4417145083115483,0.564641620320647,0.3845643616037182,0.7318731234716935
35,bernoulli,1,none,1.0,1.0,raw,none,,7,0.431368573791161,0.5915627746250205,0.3092047039617972,0.9043254142193392
2,bernoulli,1,none,1.0,1.0,raw,none,,20,0.4409321627439178,0.595230039232746,0.4363498555973146,0.6003445305770888
11,bernoulli,1,none,1.0,1.0,raw,none,,8,0.430265783102459,0.593518071735484,0.3110007561984175,0.9120407107124376
13,bernoulli,1,none,1.0,1.0,raw,none,,7,0.4409128993557206,0.5797416427580158,0.3137470160110645,0.903256799369334
49,bernoulli,1,none,1.0,1.0,raw,none,,7,0.4319363612293968,0.5803183900844662,0.3156554297140181,0.9118922057018902
44,bernoulli,1,none,1.0,1.0,raw,none,,6,0.4169715501024695,0.6034179452854151,0.4387238958260637,0.6974074469220101
16,bernoulli,1,none,1.0,1.0,raw,none,,9,0.4444510007000516,0.564596231793684,0.3134998657501578,0.9193969387542024
24,bernoulli,1,none,1.0,1.0,raw,none,,7,0.4482825101114713,0.5426839809569404,0.4249583700772059,0.7063086806127491
25,bernoulli,1,none,1.0,1.0,raw,none,,6,0.4403051466696701,0.5756511899494426,0.320100888855018,0.8991118531821752
33,bernoulli,1,none,1.0,1.0,raw,none,,6,0.4322902916882567,0.5788909002949485,0.424241282108811,0.7188832921764507
15,bernoulli,1,none,1.0,1.0,raw,none,,9,0.4343645272947843,0.5792244821916033,0.3235055133240694,0.8919017126246076
1,bernoulli,1,none,1.0,1.0,raw,none,,19,0.4520888320160688,0.5378787878787878,0.3116398656553253,0.9096752555219008
17,bernoulli,1,none,1.0,1.0,raw,none,,7,0.4246332458411908,0.5441830896376351,0.3271040131881338,0.9042597365160964
38,bernoulli,1,none,1.0,1.0,raw,none,,7,0.4280475358423548,0.5875644532767412,0.4545611445200733,0.6504019682583686
47,bernoulli,1,none,1.0,1.0,raw,none,,8,0.4169784114804443,0.6163075352149552,0.3114037956642554,0.915441580189974
42,bernoulli,1,none,1.0,1.0,raw,none,,7,0.4567741257633338,0.6064916353157768,0.4580491948089334,0.581269108153054
12,bernoulli,1,none,1.0,1.0,raw,none,,12,0.4298111477589716,0.5946501074755195,0.4302532806038674,0.6907513613717995
23,bernoulli,1,none,1.0,1.0,raw,none,,7,0.4364080425898977,0.5942706686918374,0.2984036815915086,0.9261849507735584
40,bernoulli,1,none,1.0,1.0,raw,none,,7,0.4251734393709513,0.5787790607546384,0.3075114719452921,0.9098449644566148
9,bernoulli,1,none,1.0,1.0,raw,none,,7,0.4309076844123117,0.6084555571281978,0.4361515039452369,0.5889620741735191
18,bernoulli,1,none,1.0,1.0,raw,none,,7,0.449724758266838,0.5949248279962627,0.4432871419402772,0.5994110406865056
0,bernoulli,1,none,1.0,1.0,raw,none,,17,0.4516151859474612,0.5633945115328095,0.3246816754300576,0.9010028142491702
29,bernoulli,1,none,1.0,1.0,raw,none,,7,0.4294647679894109,0.5842283305143352,0.2976609167098621,0.9145077179808094
20,bernoulli,1,none,1.0,1.0,raw,none,,7,0.4267287429930135,0.591584620883495,0.4495286950339436,0.5938238910432233
30,bernoulli,1,none,1.0,1.0,raw,none,,7,0.4213914218962806,0.6009906462585034,0.4228760709994265,0.681266038758967
5,bernoulli,1,none,1.0,1.0,raw,none,,13,0.4368109726818399,0.6007934510796911,0.3057513493229746,0.91425852639679
36,bernoulli,1,none,1.0,1.0,raw,none,,7,0.4343859334983022,0.567708214932521,0.2941786388134882,0.9235681699508066
26,bernoulli,1,none,1.0,1.0,raw,none,,8,0.44111814633453,0.5685749026030422,0.3167518447311926,0.8923413170735102
46,bernoulli,1,none,1.0,1.0,raw,none,,7,0.4310339033805307,0.6064899781514201,0.4494908379564076,0.6298654427052685
19,bernoulli,1,none,1.0,1.0,raw,none,,8,0.4201418987758351,0.6476281339295038,0.4396576469063521,0.6391953704345414
10,bernoulli,1,none,1.0,1.0,raw,none,,9,0.4348808636249475,0.5994491207119056,0.3204448705561775,0.9099157283967672
34,bernoulli,1,none,1.0,1.0,raw,none,,8,0.4315413624132987,0.6137081835022339,0.3187579953368981,0.9082077464909306
32,bernoulli,1,none,1.0,1.0,raw,none,,7,0.4182881177951865,0.5980309149521879,0.3085062772175597,0.9121650434686916
14,bernoulli,1,none,1.0,1.0,raw,none,,9,0.4268748037915875,0.6199823146270975,0.3159996646391924,0.905965154390202
21,bernoulli,1,none,1.0,1.0,raw,none,,7,0.4240295353490098,0.6104853362208194,0.3122012737126305,0.9176309555505492
22,bernoulli,1,none,1.0,1.0,raw,none,,8,0.4391418032451378,0.5692808408629909,0.30155729526515,0.9096229975736764
39,bernoulli,1,none,1.0,1.0,raw,none,,8,0.436771143327793,0.5553479568144443,0.4348185997946749,0.6839942666029623
7,bernoulli,1,none,1.0,1.0,raw,none,,9,0.4235842130369069,0.5675840020060181,0.4482778065477071,0.6636058230683092
31,bernoulli,1,none,1.0,1.0,raw,none,,8,0.4264409964646091,0.6414018586944351,0.3074460961616836,0.9129651820108184
4,bernoulli,1,none,1.0,1.0,raw,none,,13,0.4340307765433243,0.6139284424443353,0.340763808761277,0.8796719169131302
27,bernoulli,1,none,1.0,1.0,raw,none,,8,0.4336566363945466,0.5682649594983016,0.3205604291519151,0.905126123876124
37,bernoulli,1,none,1.0,1.0,raw,none,,7,0.4322747970261565,0.5953706273771389,0.305226204330483,0.9193711896638516
6,bernoulli,1,none,1.0,1.0,raw,none,,15,0.4569720368459173,0.545037477384337,0.3615288048278279,0.8136699507389162
43,bernoulli,1,none,1.0,1.0,raw,none,,8,0.4504856985279855,0.5869301913904746,0.3128956435964295,0.9130440903204008
8,bernoulli,1,none,1.0,1.0,raw,none,,11,0.4476018083631736,0.5871792884272538,0.4279620814282632,0.6116023824222695
3,bernoulli,1,none,1.0,1.0,raw,none,,21,0.4365098682317128,0.5880950504413619,0.3029827821540285,0.9202898050715888
48,bernoulli,1,none,1.0,1.0,raw,none,,7,0.4157487613294802,0.5961265542309876,0.3073139088334411,0.9195964568278736
41,bernoulli,1,none,1.0,1.0,raw,none,,7,0.4153134684267945,0.6198857784851606,0.3124595258251433,0.9122878203827688
35,bernoulli,1,none,1.0,1.0,raw,none,,8,0.4314022355271089,0.6097382963194661,0.309804472826406,0.9010642587884632
45,bernoulli,1,none,1.0,1.0,raw,none,,7,0.4399331247648939,0.5617331875341717,0.2970757307753563,0.9213800241504226
11,bernoulli,1,none,1.0,1.0,raw,none,,9,0.4321032155476773,0.5832663158781584,0.3067535872649936,0.9118544074521304
28,bernoulli,1,none,1.0,1.0,raw,none,,7,0.4427202466221964,0.5701517455523772,0.3889683498461113,0.7232720463057543
2,bernoulli,1,none,1.0,1.0,raw,none,,21,0.4366705388462878,0.5822397306071811,0.4815690537340308,0.5887008033187435
13,bernoulli,1,none,1.0,1.0,raw,none,,8,0.4420783403541898,0.6151965542780305,0.3126389909638932,0.9071949434089756
15,bernoulli,1,none,1.0,1.0,raw,none,,10,0.4384393654999093,0.5955667338987307,0.323159037149449,0.89265244278682
16,bernoulli,1,none,1.0,1.0,raw,none,,10,0.4416645273420716,0.5588967826228972,0.3101406439403009,0.9122902267048104
49,bernoulli,1,none,1.0,1.0,raw,none,,8,0.4322611116235381,0.5911427471523789,0.3162274856431392,0.9104043329080612
44,bernoulli,1,none,1.0,1.0,raw,none,,7,0.419338370939318,0.6086654309545876,0.4227528445837868,0.7191080763896298
25,bernoulli,1,none,1.0,1.0,raw,none,,7,0.4415082222960244,0.5454055838042114,0.3252537878117946,0.889641093276462
24,bernoulli,1,none,1.0,1.0,raw,none,,8,0.4476197186222115,0.5375807867230511,0.443475750005363,0.6974998746714602
47,bernoulli,1,none,1.0,1.0,raw,none,,9,0.4190586532541384,0.6286960430085003,0.314171943763577,0.912737467742821
38,bernoulli,1,none,1.0,1.0,raw,none,,8,0.4287529926918505,0.5961554974913824,0.4452550583315944,0.6605724582438146
33,bernoulli,1,none,1.0,1.0,raw,none,,7,0.4296517964181598,0.5819730332870363,0.4500528304559544,0.6812913907284768
42,bernoulli,1,none,1.0,1.0,raw,none,,8,0.4422275363334188,0.5994737052749539,0.4568530656425938,0.5729831594082917
1,bernoulli,1,none,1.0,1.0,raw,none,,20,0.449441042093985,0.5655737403186383,0.3119364067009561,0.908779718683872
17,bernoulli,1,none,1.0,1.0,raw,none,,8,0.427619012752257,0.5762936226452973,0.3303709931673668,0.8996475671149576
12,bernoulli,1,none,1.0,1.0,raw,none,,13,0.4331559557125599,0.6073202770480058,0.4144061479901326,0.695947022361256
23,bernoulli,1,none,1.0,1.0,raw,none,,8,0.4372045507098652,0.591288810417807,0.2964873920633954,0.924732770745429
9,bernoulli,1,none,1.0,1.0,raw,none,,8,0.4361195242361171,0.5943526414493472,0.4319024306113866,0.6029010740057057
18,bernoulli,1,none,1.0,1.0,raw,none,,8,0.4562554417899651,0.5849889577847617,0.4494563262310899,0.5832261626770041
40,bernoulli,1,none,1.0,1.0,raw,none,,8,0.4278280077311661,0.5957582038914504,0.3105217665592482,0.9111346222996708
0,bernoulli,1,none,1.0,1.0,raw,none,,18,0.4447866983009649,0.5899363459203885,0.3210870635364384,0.8958104726069364
30,bernoulli,1,none,1.0,1.0,raw,none,,8,0.4224626369151141,0.5992538265306122,0.4263521968567086,0.7136388598190879
29,bernoulli,1,none,1.0,1.0,raw,none,,8,0.4317101470056957,0.5653146585124023,0.2984761178161,0.921099290780142
20,bernoulli,1,none,1.0,1.0,raw,none,,8,0.4456238912753187,0.5899924452892724,0.437736617543326,0.5672270563384721
26,bernoulli,1,none,1.0,1.0,raw,none,,9,0.4412941579363308,0.597476718670793,0.316317498746281,0.8919967703091176
5,bernoulli,1,none,1.0,1.0,raw,none,,14,0.4370506397156222,0.5925168677162135,0.3079124486894138,0.9124034682716357
36,bernoulli,1,none,1.0,1.0,raw,none,,8,0.4355189908942199,0.5735070131169155,0.2942200577514887,0.9274088273284414
19,bernoulli,1,none,1.0,1.0,raw,none,,9,0.4126398550269995,0.6209404873788436,0.4673366697611094,0.6496292189340911
10,bernoulli,1,none,1.0,1.0,raw,none,,10,0.4355043125311336,0.5659822408844888,0.31923493120706,0.9078262070871036
46,bernoulli,1,none,1.0,1.0,raw,none,,8,0.4393701941334511,0.5927747696399733,0.4375230067879549,0.6212682907692911
34,bernoulli,1,none,1.0,1.0,raw,none,,9,0.4290565192742771,0.5737860537631705,0.3128157451053551,0.9107725602594264
14,bernoulli,1,none,1.0,1.0,raw,none,,10,0.4257219780779457,0.5906720441702973,0.3073185394412068,0.9110298430222528
22,bernoulli,1,none,1.0,1.0,raw,none,,9,0.4403910651686091,0.557298543241748,0.2994133448483301,0.9128261702399364
31,bernoulli,1,none,1.0,1.0,raw,none,,9,0.421961298699009,0.6125383495689173,0.3044659102224344,0.9155682379782142
21,bernoulli,1,none,1.0,1.0,raw,none,,8,0.4215061730094571,0.6037453200704743,0.3100479604745034,0.9165693844252838
7,bernoulli,1,none,1.0,1.0,raw,none,,10,0.4720821046125825,0.5281135071882314,0.4621789829844144,0.6455732082866741
32,bernoulli,1,none,1.0,1.0,raw,none,,8,0.4194857439476402,0.6042926869023472,0.3079425967688758,0.9146273522614724
39,bernoulli,1,none,1.0,1.0,raw,none,,9,0.4376729214757119,0.5720392719117022,0.4253405293653895,0.6805046805046804
27,bernoulli,1,none,1.0,1.0,raw,none,,9,0.4354744068294353,0.5813755532856657,0.3195597829414112,0.9083936896436896
6,bernoulli,1,none,1.0,1.0,raw,none,,16,0.4576956655213317,0.5492124005628788,0.3609566918757451,0.8075738916256159
4,bernoulli,1,none,1.0,1.0,raw,none,,14,0.4350598610325433,0.6045323031599109,0.3425231954801995,0.8755897929706308
43,bernoulli,1,none,1.0,1.0,raw,none,,9,0.4472357894074919,0.5946739625102575,0.3002713451508619,0.910320119376091
3,bernoulli,1,none,1.0,1.0,raw,none,,22,0.4431904710522933,0.5870921343001262,0.3276624484696979,0.9149042608245646
37,bernoulli,1,none,1.0,1.0,raw,none,,8,0.4402592703575965,0.5892997801966977,0.3178474077579286,0.9195459757257116
8,bernoulli,1,none,1.0,1.0,raw,none,,12,0.4524939351966304,0.569008216417332,0.430121687953118,0.6137894264227186
35,bernoulli,1,none,1.0,1.0,raw,none,,9,0.4364133862527588,0.6189656970076113,0.3110013191825327,0.9051108968177436
48,bernoulli,1,none,1.0,1.0,raw,none,,8,0.4186694608641175,0.6133535680931714,0.3094506378382058,0.9163227248419696
41,bernoulli,1,none,1.0,1.0,raw,none,,8,0.4196889719365625,0.5970833600244407,0.3162378404563984,0.9112598904443092
11,bernoulli,1,none,1.0,1.0,raw,none,,10,0.4330952502295633,0.5666632200546863,0.3117899337794997,0.9050198378471624
45,bernoulli,1,none,1.0,1.0,raw,none,,8,0.4410278926795369,0.5420575906688536,0.2989481641233887,0.9218043815766775
2,bernoulli,1,none,1.0,1.0,raw,none,,22,0.4385988366593424,0.6022145958704916,0.447496829181498,0.616811685914676
15,bernoulli,1,none,1.0,1.0,raw,none,,11,0.4363109062711064,0.6177857160214819,0.3232187913800393,0.8912915301183342
28,bernoulli,1,none,1.0,1.0,raw,none,,8,0.4428183830209637,0.5517125873307883,0.3969841611727003,0.7109449964403998
16,bernoulli,1,none,1.0,1.0,raw,none,,11,0.4447226214663553,0.5455788903241132,0.310253736707853,0.919562251595704
13,bernoulli,1,none,1.0,1.0,raw,none,,9,0.4426484983811072,0.6055468070266267,0.31363811667553,0.9021270904893294
47,bernoulli,1,none,1.0,1.0,raw,none,,10,0.4205910429773528,0.6157315285123317,0.3165177160708935,0.9113579586009992
49,bernoulli,1,none,1.0,1.0,raw,none,,9,0.433278802809079,0.5870232263226625,0.3157669012782064,0.9099489325903238
42,bernoulli,1,none,1.0,1.0,raw,none,,9,0.4319291337309301,0.5856479628592012,0.4745876793945674,0.5894506655628418
24,bernoulli,1,none,1.0,1.0,raw,none,,9,0.4503772227401579,0.5446537806856566,0.4178233027292076,0.7223543145245035
38,bernoulli,1,none,1.0,1.0,raw,none,,9,0.431685466939961,0.5875767203555817,0.4410639423024068,0.6620451867766304
44,bernoulli,1,none,1.0,1.0,raw,none,,8,0.4236021362285043,0.6127737445508529,0.4155772411183427,0.7075216046089834
25,bernoulli,1,none,1.0,1.0,raw,none,,8,0.4443079342244635,0.5623064201417349,0.3228402996002549,0.8942782579414076
1,bernoulli,1,none,1.0,1.0,raw,none,,21,0.4472378884589865,0.5847211178843832,0.3126069005274416,0.9091393164875592
17,bernoulli,1,none,1.0,1.0,raw,none,,9,0.4300921009090034,0.552729865827952,0.3323359381722059,0.8993078314224631
33,bernoulli,1,none,1.0,1.0,raw,none,,8,0.4351713332022547,0.5667359821470372,0.4328467489800607,0.694820546638231
23,bernoulli,1,none,1.0,1.0,raw,none,,9,0.4414861657371784,0.6002440227908805,0.3037723344276057,0.9251476793248944
12,bernoulli,1,none,1.0,1.0,raw,none,,14,0.433421521734603,0.6136593424090439,0.4232701438891559,0.6816308944502375
18,bernoulli,1,none,1.0,1.0,raw,none,,9,0.4543825818180926,0.5935827741442283,0.4488672456881554,0.5864723407681778
9,bernoulli,1,none,1.0,1.0,raw,none,,9,0.4160732354762815,0.609691801422455,0.5094794569974654,0.5753482127873805
40,bernoulli,1,none,1.0,1.0,raw,none,,9,0.4260170135111648,0.5642315204826001,0.3075466983505693,0.9103428484496446
30,bernoulli,1,none,1.0,1.0,raw,none,,9,0.4240829826586405,0.5756994047619047,0.4173258712692275,0.7222700003108454
0,bernoulli,1,none,1.0,1.0,raw,none,,19,0.445993789055476,0.5727229889463932,0.3197986854669346,0.8984827977721392
26,bernoulli,1,none,1.0,1.0,raw,none,,10,0.4449255416491288,0.5616498814220843,0.3169877748305644,0.8932183452010551
29,bernoulli,1,none,1.0,1.0,raw,none,,9,0.4429997569539887,0.5810954932135746,0.3150704999020434,0.923331247392574
20,bernoulli,1,none,1.0,1.0,raw,none,,9,0.4237273487574911,0.5806587220353854,0.4678086365136976,0.5924642958479145
10,bernoulli,1,none,1.0,1.0,raw,none,,11,0.4333962170963905,0.5796116878864341,0.317398739928627,0.9086792843821232
19,bernoulli,1,none,1.0,1.0,raw,none,,10,0.4226623182160812,0.6373684010670312,0.4433667858697549,0.644077898676277
5,bernoulli,1,none,1.0,1.0,raw,none,,15,0.4379314441014489,0.601894374282434,0.3066983138324132,0.915622337648061
34,bernoulli,1,none,1.0,1.0,raw,none,,10,0.4293568813049294,0.6026625929371925,0.3144294658787779,0.908783031822182
36,bernoulli,1,none,1.0,1.0,raw,none,,9,0.4398398837907172,0.5746114558942765,0.2980602346403392,0.9292913677961908
46,bernoulli,1,none,1.0,1.0,raw,none,,9,0.4338799640302308,0.6108083974541655,0.4627640949619006,0.606712172923777
14,bernoulli,1,none,1.0,1.0,raw,none,,11,0.4272183480109139,0.5833261441573567,0.3117343105170589,0.9076729342763498
31,bernoulli,1,none,1.0,1.0,raw,none,,10,0.4231771928835996,0.6032359198298063,0.3037035656000603,0.9128230125041464
39,bernoulli,1,none,1.0,1.0,raw,none,,10,0.4376203848195836,0.5667219845185277,0.437867878468563,0.6639344552388031
22,bernoulli,1,none,1.0,1.0,raw,none,,10,0.4403535561409438,0.5778111746265905,0.2994274163798636,0.91064460746059
7,bernoulli,1,none,1.0,1.0,raw,none,,11,0.4156286382874451,0.5739489301237044,0.4691281700545555,0.6603408454647257
27,bernoulli,1,none,1.0,1.0,raw,none,,10,0.4343638754867814,0.5668951073314805,0.3187978685189013,0.9090250027750028
6,bernoulli,1,none,1.0,1.0,raw,none,,17,0.4908844638346389,0.5188571551649866,0.4753559660991676,0.7970443349753694
32,bernoulli,1,none,1.0,1.0,raw,none,,9,0.4244341231554313,0.6087660279629092,0.3112812236651457,0.909358836799824
21,bernoulli,1,none,1.0,1.0,raw,none,,9,0.4269346137191474,0.6246719461165761,0.3125518279012865,0.9191533372928912
43,bernoulli,1,none,1.0,1.0,raw,none,,10,0.4454401234902373,0.5975872831582834,0.299094274839866,0.9145362914578524
3,bernoulli,1,none,1.0,1.0,raw,none,,23,0.4391833346109502,0.5794884930643128,0.3017318121810294,0.9223977919613594
4,bernoulli,1,none,1.0,1.0,raw,none,,15,0.4349323950225497,0.5943347224983869,0.3428022041096096,0.8792661118371277
37,bernoulli,1,none,1.0,1.0,raw,none,,9,0.4342813624167559,0.6127973533581893,0.3051581049568297,0.9189586945578612
35,bernoulli,1,none,1.0,1.0,raw,none,,10,0.4385533085121226,0.586308592877251,0.3127904853162455,0.9014464802314368
11,bernoulli,1,none,1.0,1.0,raw,none,,11,0.433624489871638,0.6096118348996269,0.3054702924606522,0.9142487493531136
8,bernoulli,1,none,1.0,1.0,raw,none,,13,0.462749556280013,0.567134330672041,0.4416566492989979,0.6317172241553486
41,bernoulli,1,none,1.0,1.0,raw,none,,9,0.4200274312620772,0.610767274895412,0.3152639703672686,0.90950835193075
48,bernoulli,1,none,1.0,1.0,raw,none,,9,0.4228768462271309,0.6166703290666373,0.3131557855491289,0.914307065776303
15,bernoulli,1,none,1.0,1.0,raw,none,,12,0.4361183967035767,0.5989465626594737,0.3234070187639791,0.8919428485239068
2,bernoulli,1,none,1.0,1.0,raw,none,,23,0.4420302377623817,0.5853956707027252,0.4304749469345648,0.59770781697692
45,bernoulli,1,none,1.0,1.0,raw,none,,9,0.4410142592754453,0.5513176599234554,0.3012770863579563,0.917312402967052
47,bernoulli,1,none,1.0,1.0,raw,none,,11,0.4247019325594117,0.6196741198443037,0.3176256864435974,0.9095048866194478
42,bernoulli,1,none,1.0,1.0,raw,none,,10,0.4537708021287431,0.5876170655567118,0.4554992168306722,0.5825326971816155
16,bernoulli,1,none,1.0,1.0,raw,none,,12,0.4421566349216322,0.5677104212136059,0.3097959953322937,0.9160454384096556
28,bernoulli,1,none,1.0,1.0,raw,none,,9,0.4427551992704525,0.5554202688955291,0.3919589345500319,0.72890550035596
38,bernoulli,1,none,1.0,1.0,raw,none,,10,0.430497325357243,0.5861516946969418,0.4419151343500651,0.6712315475777948
49,bernoulli,1,none,1.0,1.0,raw,none,,10,0.4335806389278372,0.5968021346779488,0.3156663579565839,0.9114854741203996
13,bernoulli,1,none,1.0,1.0,raw,none,,10,0.4442073258612562,0.5951528356019586,0.3143048618106899,0.9009269947632186
24,bernoulli,1,none,1.0,1.0,raw,none,,10,0.449387493782227,0.5337060161174498,0.4253503911771822,0.7288355904406552
25,bernoulli,1,none,1.0,1.0,raw,none,,9,0.4426428428528896,0.5812509520320899,0.325609350249407,0.8955620720619597
23,bernoulli,1,none,1.0,1.0,raw,none,,10,0.43880149848816,0.575064957093623,0.3044405694633343,0.9171308016877636
44,bernoulli,1,none,1.0,1.0,raw,none,,9,0.4202419391950544,0.6154897367246766,0.4363171561560594,0.6953554536078808
1,bernoulli,1,none,1.0,1.0,raw,none,,22,0.451174979591422,0.5730317018582325,0.3096933451311665,0.9118812497406747
17,bernoulli,1,none,1.0,1.0,raw,none,,10,0.43015063209066,0.5502685113929132,0.3320416280583124,0.8985871799535351
33,bernoulli,1,none,1.0,1.0,raw,none,,9,0.4330467003621192,0.591141403579956,0.4461835239755303,0.6685935570771129
18,bernoulli,1,none,1.0,1.0,raw,none,,10,0.4458698332037763,0.5775885500721991,0.4397330515785039,0.593919455212635
12,bernoulli,1,none,1.0,1.0,raw,none,,15,0.4370611407928301,0.5921901122522092,0.4129129322561899,0.7018957826439579
30,bernoulli,1,none,1.0,1.0,raw,none,,10,0.426143090021626,0.5877274659863945,0.4225271094670687,0.7136457674945517
9,bernoulli,1,none,1.0,1.0,raw,none,,10,0.4290807601754997,0.6031080818088532,0.4469588447822258,0.5809245119427198
40,bernoulli,1,none,1.0,1.0,raw,none,,10,0.4272364849644936,0.5753066078475664,0.3078880570717668,0.9110343539955192
0,bernoulli,1,none,1.0,1.0,raw,none,,20,0.4465584807752297,0.5584287745192,0.3221455668292242,0.8987735689041043
26,bernoulli,1,none,1.0,1.0,raw,none,,11,0.4517999875922706,0.5622365673731713,0.3268268427923285,0.899601161018188
20,bernoulli,1,none,1.0,1.0,raw,none,,10,0.4775950861171271,0.5070449708371918,0.470887761289688,0.5886298433115799
10,bernoulli,1,none,1.0,1.0,raw,none,,12,0.4369737832423963,0.6039023826492285,0.3222069889245934,0.9050424811770394
34,bernoulli,1,none,1.0,1.0,raw,none,,11,0.4300007112075779,0.5862545158883832,0.31652394213372,0.907327696906814
19,bernoulli,1,none,1.0,1.0,raw,none,,11,0.414694142349503,0.6049587522190263,0.467766190315443,0.6475639337445421
29,bernoulli,1,none,1.0,1.0,raw,none,,10,0.4323439240946417,0.5794457544222165,0.2958112405644987,0.9180433875677928
39,bernoulli,1,none,1.0,1.0,raw,none,,11,0.4388782216320259,0.5722594143833941,0.4253095761548289,0.687568791916618
5,bernoulli,1,none,1.0,1.0,raw,none,,16,0.4405636298275673,0.581029913656166,0.3076170058476956,0.9158078434605766
7,bernoulli,1,none,1.0,1.0,raw,none,,12,0.4264865598047871,0.5821318121029756,0.44456486097224,0.6715565509518477
31,bernoulli,1,none,1.0,1.0,raw,none,,11,0.4370073201048708,0.601932594334341,0.3187789141873509,0.9152161991997888
36,bernoulli,1,none,1.0,1.0,raw,none,,10,0.4410448198141198,0.5599809043169883,0.2987584300826988,0.928614615109792
6,bernoulli,1,none,1.0,1.0,raw,none,,18,0.4586588577765055,0.5295152350593033,0.3631655190820114,0.8041256157635468
22,bernoulli,1,none,1.0,1.0,raw,none,,11,0.4413452275048941,0.5583127420247096,0.2966657955490853,0.9140322374675428
46,bernoulli,1,none,1.0,1.0,raw,none,,10,0.4478446011640661,0.6145017573857698,0.4315816226178195,0.6239221686085284
27,bernoulli,1,none,1.0,1.0,raw,none,,11,0.4355810006633064,0.575672454885938,0.3191401263341661,0.9082826895326896
14,bernoulli,1,none,1.0,1.0,raw,none,,12,0.4280438979801282,0.592442738213346,0.3133573572839959,0.9068587200276004
43,bernoulli,1,none,1.0,1.0,raw,none,,11,0.4456883400446542,0.5498632925181769,0.3029859543470448,0.904653978264542
32,bernoulli,1,none,1.0,1.0,raw,none,,10,0.4214766175525782,0.5997310562155896,0.306612390080837,0.9151397600968416
3,bernoulli,1,none,1.0,1.0,raw,none,,24,0.4383447019779221,0.5737409363177806,0.3006588451462625,0.9209867172675524
21,bernoulli,1,none,1.0,1.0,raw,none,,10,0.4261011794043733,0.6152455586551167,0.3100619218302255,0.9184706548972222
4,bernoulli,1,none,1.0,1.0,raw,none,,16,0.4366183081844977,0.5899683887173286,0.342083532834353,0.8775259646468121
35,bernoulli,1,none,1.0,1.0,raw,none,,11,0.4345103018826702,0.5873214471900741,0.3098236755970412,0.9016218111685806
37,bernoulli,1,none,1.0,1.0,raw,none,,10,0.4346736142253194,0.5972535839941185,0.3079048870106446,0.917291235527714
11,bernoulli,1,none,1.0,1.0,raw,none,,12,0.4353790473048917,0.5326604780833774,0.3062291147934578,0.9117992064861136
15,bernoulli,1,none,1.0,1.0,raw,none,,13,0.4377023024811559,0.5712821883631828,0.3241069555000565,0.8895089744820304
2,bernoulli,1,none,1.0,1.0,raw,none,,24,0.4428138233237728,0.5978724089872796,0.446055545273225,0.5842254214347238
41,bernoulli,1,none,1.0,1.0,raw,none,,10,0.4196003592344152,0.603099946289279,0.3139803275981488,0.9106884425508892
47,bernoulli,1,none,1.0,1.0,raw,none,,12,0.4210351956339117,0.633858284896406,0.3134536378267844,0.9124046011090978
48,bernoulli,1,none,1.0,1.0,raw,none,,10,0.4219723695075578,0.5921940522624476,0.3142634702449403,0.90849490600447
8,bernoulli,1,none,1.0,1.0,raw,none,,14,0.4320105266602025,0.5728470661189056,0.4769277267504482,0.6256699685711078
42,bernoulli,1,none,1.0,1.0,raw,none,,11,0.445458538804087,0.6041863443528377,0.4533769630492701,0.5711458719127398
45,bernoulli,1,none,1.0,1.0,raw,none,,10,0.4460022921097022,0.5657043921997449,0.3085430079402442,0.9151526651716404
38,bernoulli,1,none,1.0,1.0,raw,none,,11,0.4331404060111939,0.5826555772273948,0.4463433998468162,0.6556552775660128
16,bernoulli,1,none,1.0,1.0,raw,none,,13,0.4413626151333803,0.5722183867088326,0.3105161999601297,0.9121336145391776
28,bernoulli,1,none,1.0,1.0,raw,none,,10,0.4409273976683374,0.5527688866675882,0.4149116769412601,0.6972444052372551
23,bernoulli,1,none,1.0,1.0,raw,none,,11,0.4433187390497089,0.5829272711852646,0.3036614405294494,0.9246132208157524
49,bernoulli,1,none,1.0,1.0,raw,none,,11,0.4345641060718148,0.5794031506880335,0.3165746287915402,0.9098446424412236
13,bernoulli,1,none,1.0,1.0,raw,none,,11,0.4431521397714691,0.5958575116307497,0.3129581549989363,0.9055690072639224
25,bernoulli,1,none,1.0,1.0,raw,none,,10,0.4436871833397122,0.5723381182768401,0.3258684540176371,0.8929593669323157
18,bernoulli,1,none,1.0,1.0,raw,none,,11,0.4679577171795563,0.577221184065234,0.4628374737190459,0.5861180449311538
24,bernoulli,1,none,1.0,1.0,raw,none,,11,0.4522878378406306,0.5459387217745153,0.4213687190060461,0.7131390860326713
44,bernoulli,1,none,1.0,1.0,raw,none,,10,0.4221469214736827,0.609197473655305,0.4346595072560121,0.6893915146342331
1,bernoulli,1,none,1.0,1.0,raw,none,,23,0.4483414085126561,0.5757502135053155,0.3101906682862828,0.9092637926503742
17,bernoulli,1,none,1.0,1.0,raw,none,,11,0.42968098028612,0.552949442901596,0.3333882371071692,0.8985871799535353
33,bernoulli,1,none,1.0,1.0,raw,none,,10,0.435413802135968,0.5821349428049751,0.4483377691348466,0.6739252441351442
30,bernoulli,1,none,1.0,1.0,raw,none,,11,0.4266322843878116,0.6110161564625851,0.4260532315401497,0.6870028632314796
12,bernoulli,1,none,1.0,1.0,raw,none,,16,0.4367010109562372,0.6089523127139559,0.4141025343920347,0.7023121596570502
9,bernoulli,1,none,1.0,1.0,raw,none,,11,0.4388787139479019,0.6019160680796858,0.4336059499862866,0.5955627342395255
26,bernoulli,1,none,1.0,1.0,raw,none,,12,0.4509992227854238,0.5809112597618515,0.3232112189725493,0.8989816728963507
0,bernoulli,1,none,1.0,1.0,raw,none,,21,0.4498221449915783,0.5722577630822312,0.3221538349808193,0.9016258952462382
40,bernoulli,1,none,1.0,1.0,raw,none,,11,0.4313483996705516,0.5935812771008562,0.3123315714894484,0.9062837108953612
10,bernoulli,1,none,1.0,1.0,raw,none,,13,0.4346952794446367,0.5855731263362676,0.3159968588671412,0.9109345858948678
34,bernoulli,1,none,1.0,1.0,raw,none,,12,0.4312802186689227,0.6058499090535703,0.313962909698462,0.912241592444586
20,bernoulli,1,none,1.0,1.0,raw,none,,11,0.4540860901524463,0.5761076180728176,0.4419144430995972,0.5843540149437245
19,bernoulli,1,none,1.0,1.0,raw,none,,12,0.4161745224645243,0.605343225206239,0.4767752625843969,0.631547577794719
7,bernoulli,1,none,1.0,1.0,raw,none,,13,0.4720781747828509,0.5499707455700434,0.4588332394068536,0.669449888017917
39,bernoulli,1,none,1.0,1.0,raw,none,,12,0.439956918796467,0.5557374396489763,0.4326629614455846,0.6630355152094283
31,bernoulli,1,none,1.0,1.0,raw,none,,12,0.4265557690323416,0.6155503303101556,0.3091910051116687,0.906682643811226
6,bernoulli,1,none,1.0,1.0,raw,none,,19,0.4661407967691383,0.5284167600011488,0.3682210660562307,0.8318349753694582
46,bernoulli,1,none,1.0,1.0,raw,none,,11,0.4399663005733308,0.6229030113042653,0.4343492095481185,0.6118983170530775
29,bernoulli,1,none,1.0,1.0,raw,none,,11,0.4380152767371747,0.5731384197502062,0.2989361760881582,0.918521415658462
22,bernoulli,1,none,1.0,1.0,raw,none,,12,0.441455416346453,0.5649511340586391,0.2978100106694676,0.916004512110334
5,bernoulli,1,none,1.0,1.0,raw,none,,17,0.4375431175783054,0.603653885472532,0.306141307090397,0.9170892076840628
27,bernoulli,1,none,1.0,1.0,raw,none,,12,0.4364358186794576,0.5539428779564657,0.3181984149332327,0.908473470973471
36,bernoulli,1,none,1.0,1.0,raw,none,,11,0.4396804899566501,0.5765513348033978,0.2959707568332904,0.9264950394371616
14,bernoulli,1,none,1.0,1.0,raw,none,,13,0.4284455296816416,0.6027196652719664,0.3137046245803784,0.908173193030878
43,bernoulli,1,none,1.0,1.0,raw,none,,12,0.4460981866512372,0.5655855487828914,0.3021475857881108,0.9047173264260376
3,bernoulli,1,none,1.0,1.0,raw,none,,25,0.438053122051196,0.5805662831021439,0.3013913172754899,0.9212661721580128
32,bernoulli,1,none,1.0,1.0,raw,none,,11,0.4225702561421445,0.6005007606490872,0.3097591365793702,0.9125536480686696
21,bernoulli,1,none,1.0,1.0,raw,none,,11,0.425113294030317,0.602052286742035,0.3107168344336773,0.91694827315488
11,bernoulli,1,none,1.0,1.0,raw,none,,13,0.4367223708765264,0.561464580317548,0.3099606697259238,0.9106848369846472
35,bernoulli,1,none,1.0,1.0,raw,none,,12,0.440780347804918,0.5982617632601993,0.3126218796520553,0.900955553607434
4,bernoulli,1,none,1.0,1.0,raw,none,,17,0.4362345001669778,0.6055041776399885,0.3420277061296234,0.8772198913267761
37,bernoulli,1,none,1.0,1.0,raw,none,,11,0.4382763003853497,0.5915240695868749,0.3090676278710092,0.9173996028860676
15,bernoulli,1,none,1.0,1.0,raw,none,,14,0.4375900448369376,0.5899006099487254,0.3242182789075255,0.8876749989716025
2,bernoulli,1,none,1.0,1.0,raw,none,,25,0.4362195555220883,0.573549314836745,0.4577432287101833,0.5994128917716958
47,bernoulli,1,none,1.0,1.0,raw,none,,13,0.4208685561191833,0.6309957061318532,0.3148633756744506,0.9129227749409764
42,bernoulli,1,none,1.0,1.0,raw,none,,12,0.4850107604484836,0.5535119667013528,0.4842348049686644,0.5947528376288098
41,bernoulli,1,none,1.0,1.0,raw,none,,11,0.42008181342786,0.606556650027841,0.318961270757131,0.905443971055657
8,bernoulli,1,none,1.0,1.0,raw,none,,15,0.4566725603069063,0.5615766219672893,0.4319041556689899,0.6145611179705917
48,bernoulli,1,none,1.0,1.0,raw,none,,11,0.4264645998608813,0.615454870076361,0.3108280516415201,0.921536700078158
38,bernoulli,1,none,1.0,1.0,raw,none,,12,0.4331129862617824,0.5749457181761307,0.4449493031340814,0.6622565666366346
45,bernoulli,1,none,1.0,1.0,raw,none,,11,0.442597932700575,0.5444924366684891,0.3026610870250517,0.9180334655856476
23,bernoulli,1,none,1.0,1.0,raw,none,,12,0.4399570881443928,0.5747642655029646,0.2978423945782633,0.9245042194092826
28,bernoulli,1,none,1.0,1.0,raw,none,,11,0.445742182311664,0.5669066380260672,0.3811546354935966,0.7381217692760083
16,bernoulli,1,none,1.0,1.0,raw,none,,14,0.4423134519926043,0.5699987379923686,0.3111297966475075,0.911051250461136
18,bernoulli,1,none,1.0,1.0,raw,none,,12,0.4204191058509975,0.6213603159772361,0.4886567464875857,0.5908803331301117
49,bernoulli,1,none,1.0,1.0,raw,none,,12,0.4355786230721629,0.5955755251775753,0.3175455937726906,0.9086661637563922
25,bernoulli,1,none,1.0,1.0,raw,none,,11,0.4444928740980439,0.5742857039234602,0.3220174353911127,0.8967090863172074
13,bernoulli,1,none,1.0,1.0,raw,none,,12,0.4419798879222692,0.6097928396286788,0.3130299128370277,0.9044252210146968
24,bernoulli,1,none,1.0,1.0,raw,none,,12,0.4525949403314807,0.5444659432431714,0.4064861124981447,0.7264006359528191
44,bernoulli,1,none,1.0,1.0,raw,none,,11,0.4231952389465965,0.6305499776885319,0.42128242271684,0.7101710587147481
30,bernoulli,1,none,1.0,1.0,raw,none,,12,0.4269041949519315,0.5992410714285715,0.4216319726378162,0.7090003557452863
1,bernoulli,1,none,1.0,1.0,raw,none,,24,0.4496384360220398,0.5619717584003299,0.3116297645043953,0.9105189272920904
17,bernoulli,1,none,1.0,1.0,raw,none,,12,0.4285170479457879,0.541462425134674,0.3383483432547132,0.8972042154679257
33,bernoulli,1,none,1.0,1.0,raw,none,,11,0.4364853571383499,0.5903006445169244,0.4346479025164058,0.6865213548097429
12,bernoulli,1,none,1.0,1.0,raw,none,,17,0.4361714046639037,0.6026371308016878,0.4247181946845764,0.6877932742440042
9,bernoulli,1,none,1.0,1.0,raw,none,,12,0.4358289857025121,0.6094706485970065,0.4352682616682583,0.5809280080550429
26,bernoulli,1,none,1.0,1.0,raw,none,,13,0.4455740478459649,0.5871716065269255,0.3177408634270849,0.8916731051668093
34,bernoulli,1,none,1.0,1.0,raw,none,,13,0.4321266993234605,0.5880273426040016,0.31388382882402,0.9101082426745288
0,bernoulli,1,none,1.0,1.0,raw,none,,22,0.4552904215049992,0.5138010350776308,0.325581021148781,0.905180918490621
19,bernoulli,1,none,1.0,1.0,raw,none,,13,0.4185620669071759,0.6345797852647168,0.4627430193594542,0.6574849261903112
7,bernoulli,1,none,1.0,1.0,raw,none,,14,0.4301131827525091,0.5799544466733534,0.4318213968921597,0.6789123740201568
39,bernoulli,1,none,1.0,1.0,raw,none,,13,0.4397618375023139,0.5565803783440018,0.4395325143947105,0.6614039744474528
40,bernoulli,1,none,1.0,1.0,raw,none,,12,0.4293215667315885,0.5895396785323572,0.3102473968216825,0.9068922357757307
6,bernoulli,1,none,1.0,1.0,raw,none,,20,0.4590573192015849,0.4933194049567789,0.3598762209673803,0.8273399014778325
31,bernoulli,1,none,1.0,1.0,raw,none,,13,0.4293006369206386,0.6277258985555929,0.3056919097402937,0.9120918550412628
10,bernoulli,1,none,1.0,1.0,raw,none,,14,0.4407695296499752,0.5799545428279754,0.3218356761243749,0.910117773019272
20,bernoulli,1,none,1.0,1.0,raw,none,,12,0.4667456530954461,0.5342134977498335,0.4541810817209893,0.5853431697090072
22,bernoulli,1,none,1.0,1.0,raw,none,,13,0.4422984600698394,0.5555946892863728,0.2982657882255936,0.9140286902109908
46,bernoulli,1,none,1.0,1.0,raw,none,,12,0.4287030994854486,0.6085646432981856,0.480188505117806,0.6201169040053353
27,bernoulli,1,none,1.0,1.0,raw,none,,13,0.4438388769038983,0.5576585029812101,0.3357182053127733,0.9079548923298923
29,bernoulli,1,none,1.0,1.0,raw,none,,12,0.4349863867986379,0.5597301260633734,0.2987257214780359,0.916423306911417
14,bernoulli,1,none,1.0,1.0,raw,none,,14,0.4291483357443568,0.6110986498727516,0.3116978363440534,0.9096015180265654
36,bernoulli,1,none,1.0,1.0,raw,none,,12,0.4379706575894466,0.5736055225927694,0.2925690149129092,0.9282848269986532
43,bernoulli,1,none,1.0,1.0,raw,none,,13,0.4486423111118885,0.5989561496866299,0.3003881908263556,0.9098344501379584
5,bernoulli,1,none,1.0,1.0,raw,none,,18,0.4387862677134094,0.5735632952204205,0.305657091152655,0.9177522191991644
3,bernoulli,1,none,1.0,1.0,raw,none,,26,0.4394165871583512,0.5819908575031526,0.3026150375926035,0.9190408832154562
11,bernoulli,1,none,1.0,1.0,raw,none,,14,0.4451064419422282,0.6111877024884538,0.3170970863053235,0.9136760393306884
35,bernoulli,1,none,1.0,1.0,raw,none,,13,0.441527139094183,0.5966642834800484,0.3121814176751646,0.905096870342772
32,bernoulli,1,none,1.0,1.0,raw,none,,12,0.4241483506999067,0.5997740691104028,0.3099110169524428,0.913499367227908
21,bernoulli,1,none,1.0,1.0,raw,none,,12,0.4257098496792053,0.5973861217148732,0.3118191932484379,0.9161529481639258
15,bernoulli,1,none,1.0,1.0,raw,none,,15,0.4370158445706952,0.5850769118611941,0.3249112741695161,0.8898963375337656
4,bernoulli,1,none,1.0,1.0,raw,none,,18,0.4374366271578063,0.5888341969963194,0.3438261446281457,0.8780486966091204
47,bernoulli,1,none,1.0,1.0,raw,none,,14,0.4251361825084122,0.6161897156621459,0.3189900008954391,0.906286031955197
37,bernoulli,1,none,1.0,1.0,raw,none,,12,0.4383014762685581,0.5894873256764765,0.3084719332960782,0.9156342636612788
2,bernoulli,1,none,1.0,1.0,raw,none,,26,0.4456943246973947,0.5826828109013864,0.4414229769617862,0.5778305120497812
42,bernoulli,1,none,1.0,1.0,raw,none,,13,0.4517253931718872,0.5944368846554071,0.4538753479305143,0.5789071407304126
38,bernoulli,1,none,1.0,1.0,raw,none,,13,0.4344707246318603,0.5774727364172769,0.4454979426767816,0.6547820361771433
41,bernoulli,1,none,1.0,1.0,raw,none,,12,0.4319488840072615,0.6092692878155505,0.3257944813335284,0.9116622709136404
8,bernoulli,1,none,1.0,1.0,raw,none,,16,0.4311732182358272,0.5751744050848772,0.4776046333463241,0.6130387810079694
45,bernoulli,1,none,1.0,1.0,raw,none,,12,0.4434991019797883,0.5450355385456533,0.2987270059475282,0.920917716060031
48,bernoulli,1,none,1.0,1.0,raw,none,,12,0.4275266238616785,0.5915508432675932,0.3096953419328597,0.9178173291831782
23,bernoulli,1,none,1.0,1.0,raw,none,,13,0.4402411452740016,0.6181717951287963,0.2981264690546912,0.9226511954992968
16,bernoulli,1,none,1.0,1.0,raw,none,,15,0.4458459202454307,0.5551256068771993,0.3099977088082151,0.9112670272226746
28,bernoulli,1,none,1.0,1.0,raw,none,,12,0.4454338677971303,0.5751478996302952,0.3905378625955062,0.7221113071470578
25,bernoulli,1,none,1.0,1.0,raw,none,,12,0.445144604938656,0.5737471257697859,0.3205925368629926,0.9000554214838927
18,bernoulli,1,none,1.0,1.0,raw,none,,13,0.4264361393490435,0.5964686146266882,0.4904314230246696,0.5924585600404909
30,bernoulli,1,none,1.0,1.0,raw,none,,13,0.4271700546173954,0.5907929421768707,0.4236645185003186,0.7004313843327014
49,bernoulli,1,none,1.0,1.0,raw,none,,13,0.4364063694807272,0.5650140777028811,0.3168615667892896,0.912291984606774
13,bernoulli,1,none,1.0,1.0,raw,none,,13,0.4432128798663516,0.5622433864716584,0.316084498007476,0.8979320344613998
24,bernoulli,1,none,1.0,1.0,raw,none,,13,0.4533955982809858,0.5386047501263331,0.4150426886905009,0.719962329821747
44,bernoulli,1,none,1.0,1.0,raw,none,,12,0.4269660424235489,0.6202931383654275,0.4218208136904309,0.7140758917457948
1,bernoulli,1,none,1.0,1.0,raw,none,,25,0.4494197561607125,0.5733630032099419,0.313249238202812,0.9061760922783288
17,bernoulli,1,none,1.0,1.0,raw,none,,13,0.4319763776482016,0.5530874627764579,0.3305784643050402,0.8988479871518138
33,bernoulli,1,none,1.0,1.0,raw,none,,12,0.4322176394983041,0.574314518016823,0.4471980047958117,0.7012255864855763
26,bernoulli,1,none,1.0,1.0,raw,none,,14,0.444258748151377,0.5822902376166725,0.3183978121904287,0.8919236846318221
12,bernoulli,1,none,1.0,1.0,raw,none,,18,0.4378873608864809,0.6073561022211608,0.411838315797495,0.697706667825281
34,bernoulli,1,none,1.0,1.0,raw,none,,14,0.4316643755838479,0.6039157257692727,0.314813774328964,0.910152758801352
9,bernoulli,1,none,1.0,1.0,raw,none,,13,0.4252706142993013,0.5775118537914441,0.4897480562423681,0.5908639592772835
19,bernoulli,1,none,1.0,1.0,raw,none,,14,0.4197275643671788,0.6349476452216177,0.4578184049310136,0.6580774828470441
7,bernoulli,1,none,1.0,1.0,raw,none,,15,0.4300036914245599,0.5728518890003343,0.432572114891339,0.6875209966405375
6,bernoulli,1,none,1.0,1.0,raw,none,,21,0.498438916458461,0.4930160678900663,0.496145200689589,0.8198891625615763
10,bernoulli,1,none,1.0,1.0,raw,none,,15,0.4427221314766997,0.5688310187414527,0.3214774115956645,0.909625613041376
31,bernoulli,1,none,1.0,1.0,raw,none,,14,0.4262665948406163,0.6429582353599821,0.3084444819764544,0.9115570268971168
39,bernoulli,1,none,1.0,1.0,raw,none,,14,0.4402432269041642,0.5558635041413127,0.4346183493135245,0.6621330360460795
40,bernoulli,1,none,1.0,1.0,raw,none,,13,0.4389577150031202,0.6020055187197988,0.3210810187755761,0.9080193898155065
22,bernoulli,1,none,1.0,1.0,raw,none,,14,0.4429812562445275,0.5500774479070626,0.2986834680820328,0.9133795422620145
46,bernoulli,1,none,1.0,1.0,raw,none,,13,0.4398426957058509,0.6005072670276431,0.4502636739665597,0.617033462790789
20,bernoulli,1,none,1.0,1.0,raw,none,,13,0.4363826721028367,0.5839019674741271,0.4420461657944743,0.5933706926447869
0,bernoulli,1,none,1.0,1.0,raw,none,,23,0.4483455297815386,0.5500407322215833,0.3214153169271962,0.9003105020302055
27,bernoulli,1,none,1.0,1.0,raw,none,,14,0.4371406407632882,0.5742174818474792,0.3197595428999324,0.905420967920968
14,bernoulli,1,none,1.0,1.0,raw,none,,15,0.4305079689783619,0.6106435750334296,0.3122514809427502,0.9066206658616524
36,bernoulli,1,none,1.0,1.0,raw,none,,13,0.442596097818601,0.5735771063978116,0.2974801295921381,0.9268935334047874
43,bernoulli,1,none,1.0,1.0,raw,none,,14,0.4500401492222016,0.5638475899707234,0.2983422037334095,0.912079790528746
3,bernoulli,1,none,1.0,1.0,raw,none,,27,0.4392961857624267,0.569906604665826,0.2985507949761019,0.9235156115232016
29,bernoulli,1,none,1.0,1.0,raw,none,,13,0.4344460127436474,0.5709200209966755,0.2944644639768889,0.9203587818105966
11,bernoulli,1,none,1.0,1.0,raw,none,,15,0.4360670738029552,0.5979125020105237,0.3059131229184642,0.9135518371571504
5,bernoulli,1,none,1.0,1.0,raw,none,,19,0.4393343616646255,0.5910463488668355,0.3050123219463385,0.917364031110012
35,bernoulli,1,none,1.0,1.0,raw,none,,14,0.4419198381964869,0.6091853225494139,0.3128055390146519,0.9042447619882528
15,bernoulli,1,none,1.0,1.0,raw,none,,16,0.4481241241084733,0.5655188614290458,0.3295634393358508,0.8904551001659147
32,bernoulli,1,none,1.0,1.0,raw,none,,13,0.4252783228633108,0.5866664553752535,0.308842317451444,0.912928496753604
21,bernoulli,1,none,1.0,1.0,raw,none,,13,0.4271660953285474,0.5904235795037439,0.3107588782104843,0.9171599046975376
47,bernoulli,1,none,1.0,1.0,raw,none,,15,0.4235862885778016,0.6173722748773804,0.3165525404332132,0.9118075001372644
4,bernoulli,1,none,1.0,1.0,raw,none,,19,0.437527791911632,0.5874605873449363,0.3457843340302227,0.875981841942362
37,bernoulli,1,none,1.0,1.0,raw,none,,13,0.4368824517210762,0.5915296959512681,0.3069766930406155,0.9187244812349684
42,bernoulli,1,none,1.0,1.0,raw,none,,14,0.4588490388073497,0.5773593212198831,0.4559449711240447,0.5821105930880228
38,bernoulli,1,none,1.0,1.0,raw,none,,14,0.4275371845983091,0.5802859864980352,0.4714084421877517,0.6526613070898883
2,bernoulli,1,none,1.0,1.0,raw,none,,27,0.4413001346473825,0.5728544843753777,0.4722736954295263,0.6137003638664768
23,bernoulli,1,none,1.0,1.0,raw,none,,14,0.4424233996907118,0.5846581753417476,0.3027350271894751,0.9179711673699016
41,bernoulli,1,none,1.0,1.0,raw,none,,13,0.4351252409537902,0.6007026742025929,0.3295387624080541,0.9130655305335768
8,bernoulli,1,none,1.0,1.0,raw,none,,17,0.4631915180864343,0.4994322145570111,0.4386707037538975,0.627402766864968
45,bernoulli,1,none,1.0,1.0,raw,none,,13,0.4440599192061787,0.5228266812465828,0.2991514140126434,0.9180817664309124
48,bernoulli,1,none,1.0,1.0,raw,none,,13,0.4293467471004736,0.5855925763152594,0.3088461411169447,0.9186434751607728
18,bernoulli,1,none,1.0,1.0,raw,none,,14,0.4303985434603685,0.6027032192304427,0.46911760856585,0.5970045897415251
30,bernoulli,1,none,1.0,1.0,raw,none,,14,0.4278722915218216,0.5925977891156462,0.4165167677974167,0.7076429975166907
16,bernoulli,1,none,1.0,1.0,raw,none,,16,0.4450027827647349,0.5643568215224266,0.309217209506137,0.9125651680622552
25,bernoulli,1,none,1.0,1.0,raw,none,,13,0.4440533084978509,0.5767736811182116,0.3157789110024421,0.8989154226063532
28,bernoulli,1,none,1.0,1.0,raw,none,,13,0.4470077670881859,0.5561132437960138,0.3910226133409935,0.7257018602779584
49,bernoulli,1,none,1.0,1.0,raw,none,,14,0.4359895654575884,0.5909464896323191,0.321981431901052,0.9060067649543382
13,bernoulli,1,none,1.0,1.0,raw,none,,14,0.4455032442051836,0.593439681889107,0.3147978699529678,0.9018807365279576
24,bernoulli,1,none,1.0,1.0,raw,none,,14,0.4539868281634105,0.5208815394026437,0.4141905244803476,0.7234500440440297
1,bernoulli,1,none,1.0,1.0,raw,none,,26,0.4505207432947087,0.5771637659392762,0.3126773331076019,0.9086932769041394
44,bernoulli,1,none,1.0,1.0,raw,none,,13,0.427404145570508,0.6081913122575773,0.4323070956161627,0.6995198975781499
26,bernoulli,1,none,1.0,1.0,raw,none,,15,0.4494933574406356,0.5849595700708632,0.3167539852097873,0.8966150890601181
17,bernoulli,1,none,1.0,1.0,raw,none,,14,0.4337359530293332,0.5256863351959046,0.3314721954719039,0.8993455798327402
33,bernoulli,1,none,1.0,1.0,raw,none,,13,0.4384431040345209,0.5672022035300177,0.4399445731570862,0.7010922943091256
34,bernoulli,1,none,1.0,1.0,raw,none,,15,0.4330010013965189,0.5808647873865265,0.3159419408838901,0.9093446198836416
19,bernoulli,1,none,1.0,1.0,raw,none,,15,0.4197926522078513,0.6267241952173459,0.4562251489220444,0.6530944625407167
6,bernoulli,1,none,1.0,1.0,raw,none,,22,0.4597375898475365,0.5154719852962293,0.365899016737314,0.8149630541871921
31,bernoulli,1,none,1.0,1.0,raw,none,,15,0.4260967730424359,0.6173687157093269,0.3049669940083707,0.9123660390898444
7,bernoulli,1,none,1.0,1.0,raw,none,,16,0.43271692646122,0.5741871447676363,0.4356657473253582,0.668218085106383
10,bernoulli,1,none,1.0,1.0,raw,none,,16,0.4381669614562828,0.5971338867808232,0.3206058182657819,0.9063480002763004
39,bernoulli,1,none,1.0,1.0,raw,none,,15,0.4408139669074007,0.5716253288025378,0.4277111900699952,0.6682663552228769
12,bernoulli,1,none,1.0,1.0,raw,none,,19,0.4378917847208801,0.604933922458403,0.4073872054976331,0.7026235372494497
9,bernoulli,1,none,1.0,1.0,raw,none,,14,0.4317914949388735,0.578400888149747,0.4472958083983393,0.603998853275158
46,bernoulli,1,none,1.0,1.0,raw,none,,14,0.4434417278418909,0.6017858839175453,0.443115217560907,0.5839080459770115
27,bernoulli,1,none,1.0,1.0,raw,none,,15,0.4375544752538352,0.5757338210957234,0.3183859246539725,0.9077970640470642
22,bernoulli,1,none,1.0,1.0,raw,none,,15,0.4438434260704976,0.5631200442559469,0.3013636412693119,0.90998836499851
40,bernoulli,1,none,1.0,1.0,raw,none,,14,0.4350774998522511,0.5747463204843717,0.3123249040254631,0.9091292562166348
0,bernoulli,1,none,1.0,1.0,raw,none,,24,0.4476902374626971,0.5495176027090921,0.3169874457699798,0.9023458999539612
20,bernoulli,1,none,1.0,1.0,raw,none,,14,0.4294886562450311,0.5733639583434875,0.5090402287060135,0.5907460827894954
14,bernoulli,1,none,1.0,1.0,raw,none,,16,0.4315284824982882,0.6058016650131561,0.3176510308395621,0.9053993444885284
3,bernoulli,1,none,1.0,1.0,raw,none,,28,0.4405249346745655,0.5724109394703657,0.3031150885072536,0.9180783163705366
36,bernoulli,1,none,1.0,1.0,raw,none,,14,0.4420734022423031,0.5807891366781089,0.2969091546338456,0.9311739082639404
43,bernoulli,1,none,1.0,1.0,raw,none,,15,0.4485880695330154,0.5296169682114791,0.3005016935105613,0.9105946280759052
11,bernoulli,1,none,1.0,1.0,raw,none,,16,0.4381434953407207,0.5588757917633633,0.3112605309907095,0.9082835949629118
5,bernoulli,1,none,1.0,1.0,raw,none,,20,0.4386963665070678,0.61321618986207,0.3061669086112878,0.9177350427350426
29,bernoulli,1,none,1.0,1.0,raw,none,,14,0.4343292596459591,0.5864009031903282,0.2947738225319217,0.9194444444444444
15,bernoulli,1,none,1.0,1.0,raw,none,,17,0.4413027684265579,0.612686609478911,0.3240532625071801,0.8922993596511677
35,bernoulli,1,none,1.0,1.0,raw,none,,15,0.4389449338885021,0.5954894469517553,0.3123804936782657,0.8966879985973525
47,bernoulli,1,none,1.0,1.0,raw,none,,16,0.4245371184155813,0.6392932572306295,0.3148148393254384,0.9111554933289407
32,bernoulli,1,none,1.0,1.0,raw,none,,14,0.4287216428493252,0.5850546037380469,0.3112329545773119,0.9131073236491692
21,bernoulli,1,none,1.0,1.0,raw,none,,14,0.427595960961929,0.5919789678461314,0.3111525692746482,0.91738177647613
4,bernoulli,1,none,1.0,1.0,raw,none,,20,0.4382673754340409,0.5822136825318244,0.3461181390922017,0.8776325744549144
42,bernoulli,1,none,1.0,1.0,raw,none,,15,0.4570489863679181,0.5965420635555911,0.4555145757533086,0.5784550808624358
38,bernoulli,1,none,1.0,1.0,raw,none,,15,0.4302977303579173,0.5914020044406825,0.4769481599316552,0.6476713562963475
23,bernoulli,1,none,1.0,1.0,raw,none,,15,0.4427098629494963,0.6075242288031704,0.3033841328191266,0.9202004219409282
37,bernoulli,1,none,1.0,1.0,raw,none,,14,0.439677168637315,0.6067190043585569,0.3090255107094024,0.9168018345545051
2,bernoulli,1,none,1.0,1.0,raw,none,,28,0.4455281287698902,0.590074195809266,0.4429530159445077,0.5844961240310077
41,bernoulli,1,none,1.0,1.0,raw,none,,14,0.4222060952937447,0.6354298582332623,0.3154358169385294,0.9092209373097992
18,bernoulli,1,none,1.0,1.0,raw,none,,15,0.4619172561889957,0.5923362779240636,0.4514564343394764,0.5928082546328781
45,bernoulli,1,none,1.0,1.0,raw,none,,14,0.4442130956514665,0.5443958447238929,0.2990990949780295,0.9202656546489564
8,bernoulli,1,none,1.0,1.0,raw,none,,18,0.436193627483479,0.5768603209053562,0.4743317628086322,0.6428471208889888
48,bernoulli,1,none,1.0,1.0,raw,none,,14,0.4294819426865122,0.5736760424105916,0.3079466130638826,0.921310452632012
30,bernoulli,1,none,1.0,1.0,raw,none,,15,0.4291544121625327,0.5809630102040816,0.4179248073687654,0.7175071580786991
16,bernoulli,1,none,1.0,1.0,raw,none,,17,0.4451770911220268,0.5617307321128977,0.3101249924098133,0.9131498534806184
25,bernoulli,1,none,1.0,1.0,raw,none,,14,0.4458974209146027,0.6021992847972262,0.3220260423130923,0.8975754854641373
49,bernoulli,1,none,1.0,1.0,raw,none,,15,0.4375236879475448,0.5753742102521908,0.3158062084212239,0.9103869512165446
28,bernoulli,1,none,1.0,1.0,raw,none,,14,0.4458551446831963,0.5597907960172552,0.4033393208825122,0.7117613829820164
26,bernoulli,1,none,1.0,1.0,raw,none,,16,0.4487684397774035,0.5938750695692555,0.3160601123669089,0.8904584908155666
13,bernoulli,1,none,1.0,1.0,raw,none,,15,0.444329884246843,0.5654306073875934,0.3151398617517081,0.90292950053494
1,bernoulli,1,none,1.0,1.0,raw,none,,27,0.4501433104562385,0.5971393968842948,0.3111162304575303,0.910837033041506
24,bernoulli,1,none,1.0,1.0,raw,none,,15,0.4531768900658194,0.5537896619590946,0.4182563576542874,0.7257489275457807
34,bernoulli,1,none,1.0,1.0,raw,none,,16,0.434403256656758,0.5955482351363358,0.3186726812944922,0.9065846200206144
44,bernoulli,1,none,1.0,1.0,raw,none,,14,0.4254207659955715,0.6239509319328597,0.4247896564499064,0.7116433728084214
6,bernoulli,1,none,1.0,1.0,raw,none,,23,0.4716494058875607,0.5071741908618362,0.384786731121724,0.8245689655172415
17,bernoulli,1,none,1.0,1.0,raw,none,,15,0.4347428740026524,0.5546245022919665,0.3321394014929536,0.8986935618370435
19,bernoulli,1,none,1.0,1.0,raw,none,,16,0.4214926859378315,0.6048567007471117,0.455867965996472,0.6585972693880381
33,bernoulli,1,none,1.0,1.0,raw,none,,14,0.4347851511502564,0.5656767427706425,0.4570604298723523,0.6846938489168257
31,bernoulli,1,none,1.0,1.0,raw,none,,16,0.4280773512226932,0.6173015339827568,0.305710322867825,0.9109071091523312
39,bernoulli,1,none,1.0,1.0,raw,none,,16,0.4415686148390853,0.5594121255226031,0.4313152519561706,0.6680221549786767
7,bernoulli,1,none,1.0,1.0,raw,none,,17,0.4699091724889114,0.510059344700769,0.4545175431362615,0.6772326427771557
10,bernoulli,1,none,1.0,1.0,raw,none,,17,0.4367836980686277,0.5900360190303754,0.3223930453774115,0.90406852248394
27,bernoulli,1,none,1.0,1.0,raw,none,,16,0.4381191266600824,0.5872983823075278,0.3207081584094017,0.9072004384504384
46,bernoulli,1,none,1.0,1.0,raw,none,,15,0.4472312247694422,0.6431461954972926,0.4306019329487001,0.6157192734690675
12,bernoulli,1,none,1.0,1.0,raw,none,,20,0.4360451350079474,0.5977071889180797,0.4153122664681288,0.6997125188274823
9,bernoulli,1,none,1.0,1.0,raw,none,,15,0.4305542267331089,0.5785910795796326,0.4562535801838492,0.6206298595961292
22,bernoulli,1,none,1.0,1.0,raw,none,,16,0.4438410927399482,0.5720505255393693,0.2992246154130594,0.9135249797806376
14,bernoulli,1,none,1.0,1.0,raw,none,,17,0.4319192323791874,0.5912220161325109,0.3159134877755287,0.9040331205796104
3,bernoulli,1,none,1.0,1.0,raw,none,,29,0.4429473474838888,0.5788697982345523,0.3029481563681063,0.919751595652924
40,bernoulli,1,none,1.0,1.0,raw,none,,15,0.4303845041019466,0.5800745868711162,0.3090651448775964,0.9062041877575856
0,bernoulli,1,none,1.0,1.0,raw,none,,25,0.4503794891224748,0.5740008625646923,0.322655620989983,0.9011343535707734
20,bernoulli,1,none,1.0,1.0,raw,none,,15,0.4332220185186883,0.5842431479586034,0.4654101919556547,0.590060373908383
11,bernoulli,1,none,1.0,1.0,raw,none,,17,0.4402838421085387,0.5855985233182448,0.3114962670606185,0.90731412799724
43,bernoulli,1,none,1.0,1.0,raw,none,,16,0.4509161682793542,0.5679846486277292,0.3001878507899201,0.9105101638605776
36,bernoulli,1,none,1.0,1.0,raw,none,,15,0.4397241392506844,0.5645615949441906,0.2948987964417031,0.924993816472916
15,bernoulli,1,none,1.0,1.0,raw,none,,18,0.4453970009120404,0.5917697423310896,0.3243660075350598,0.888497716957589
35,bernoulli,1,none,1.0,1.0,raw,none,,16,0.441078216057594,0.5905219923440129,0.3124429412248949,0.9006434645393181
47,bernoulli,1,none,1.0,1.0,raw,none,,17,0.4258322728934524,0.6393368941020404,0.3159034053505735,0.910898122220392
29,bernoulli,1,none,1.0,1.0,raw,none,,15,0.4384117673308784,0.571280380606404,0.2984485584227413,0.914851898206091
5,bernoulli,1,none,1.0,1.0,raw,none,,21,0.4399301101978713,0.5984362958652469,0.3060016291526672,0.9163300079698792
32,bernoulli,1,none,1.0,1.0,raw,none,,15,0.427995158087892,0.6235783106345987,0.3113839725195506,0.9123197975129304
42,bernoulli,1,none,1.0,1.0,raw,none,,16,0.4544260649865517,0.5999739854318419,0.454583484510938,0.5770262811993929
21,bernoulli,1,none,1.0,1.0,raw,none,,15,0.4296249344098438,0.6090584165320805,0.3129520246480774,0.914357493463316
4,bernoulli,1,none,1.0,1.0,raw,none,,21,0.4373673169708728,0.6022558038558461,0.3420775868416783,0.8792695508631956
23,bernoulli,1,none,1.0,1.0,raw,none,,16,0.4428899523369429,0.5789431076090392,0.301813089684159,0.922753164556962
38,bernoulli,1,none,1.0,1.0,raw,none,,16,0.4348545473645026,0.5906394010394305,0.4635507407711127,0.6561265506965139
2,bernoulli,1,none,1.0,1.0,raw,none,,29,0.4424583421107173,0.5994111060089744,0.43714098164112,0.6295909578301605
37,bernoulli,1,none,1.0,1.0,raw,none,,15,0.4391333539815858,0.5878312990900293,0.3067433616414207,0.9179798926114436
18,bernoulli,1,none,1.0,1.0,raw,none,,16,0.4266620415043233,0.6076849571052408,0.4839033630156874,0.5954700746551943
30,bernoulli,1,none,1.0,1.0,raw,none,,16,0.425873982541655,0.5874596088435374,0.4439999326510421,0.7046416125277601
41,bernoulli,1,none,1.0,1.0,raw,none,,15,0.4240291312181153,0.602025731870168,0.3154610774716498,0.9084060323256916
45,bernoulli,1,none,1.0,1.0,raw,none,,15,0.4479700396771688,0.5474849644614543,0.3034401941032515,0.9168569949974124
8,bernoulli,1,none,1.0,1.0,raw,none,,19,0.4333597015495163,0.5604216727385474,0.4702763660782377,0.6310788247839262
48,bernoulli,1,none,1.0,1.0,raw,none,,15,0.42626865732075,0.6067955831456353,0.3100925457004641,0.9150783638881652
25,bernoulli,1,none,1.0,1.0,raw,none,,15,0.4521072237086525,0.5568372224599784,0.3269320441301092,0.901216466494556
16,bernoulli,1,none,1.0,1.0,raw,none,,18,0.4465110443774119,0.5692545246685374,0.3100394175449226,0.9151475286600262
6,bernoulli,1,none,1.0,1.0,raw,none,,24,0.4602622889567386,0.524950819907527,0.3641376859770969,0.7950738916256158
49,bernoulli,1,none,1.0,1.0,raw,none,,16,0.4372971439094274,0.5984986299715427,0.3149415600207049,0.909754257645337
34,bernoulli,1,none,1.0,1.0,raw,none,,17,0.4340798685815958,0.58782197969841,0.3147797517122595,0.9098000541042156
26,bernoulli,1,none,1.0,1.0,raw,none,,17,0.4511026436669275,0.550779352908438,0.3171717249889067,0.8968239052809623
13,bernoulli,1,none,1.0,1.0,raw,none,,16,0.4472882793969279,0.5946620790819077,0.3155383817394365,0.9007686243594796
28,bernoulli,1,none,1.0,1.0,raw,none,,15,0.447869921248501,0.5532545007922245,0.3892879491644386,0.728897762094902
19,bernoulli,1,none,1.0,1.0,raw,none,,17,0.4259821216722484,0.6192839309277666,0.4520986871558545,0.6381557973525538
24,bernoulli,1,none,1.0,1.0,raw,none,,16,0.4533830105452768,0.5471588340115429,0.4219662426366458,0.723106285763394
1,bernoulli,1,none,1.0,1.0,raw,none,,28,0.4475039051460917,0.5843916570957386,0.3118207344020017,0.9059790050205384
10,bernoulli,1,none,1.0,1.0,raw,none,,18,0.4408757220165807,0.5924167421075948,0.3204188867999689,0.9103854389721628
44,bernoulli,1,none,1.0,1.0,raw,none,,15,0.4279070814700313,0.613531047265987,0.4147963768011288,0.7237846296098722
17,bernoulli,1,none,1.0,1.0,raw,none,,16,0.4344724394921422,0.5544530230535015,0.3306790812056446,0.9007628610549652
31,bernoulli,1,none,1.0,1.0,raw,none,,17,0.4320030072105343,0.6316291568693315,0.3079237364179771,0.9112726878837732
39,bernoulli,1,none,1.0,1.0,raw,none,,17,0.442872086327228,0.5585240293974869,0.4373142495245051,0.6721983330678982
7,bernoulli,1,none,1.0,1.0,raw,none,,18,0.4309079956399996,0.5781761952524239,0.4417585469289644,0.6756089025755878
33,bernoulli,1,none,1.0,1.0,raw,none,,15,0.4420917724135866,0.5778219073331358,0.4250464442064107,0.7090757941407565
27,bernoulli,1,none,1.0,1.0,raw,none,,17,0.4389956148456455,0.5914534685765415,0.3197638767771553,0.9069923132423132
46,bernoulli,1,none,1.0,1.0,raw,none,,16,0.4366737465369447,0.6030113042652228,0.4875855792563311,0.6216076262210192
9,bernoulli,1,none,1.0,1.0,raw,none,,16,0.4452797057808834,0.5793894412795018,0.4339435128959215,0.5898535828159086
22,bernoulli,1,none,1.0,1.0,raw,none,,17,0.4442768938009722,0.5640199151761018,0.2991994532844386,0.9111376761212876
12,bernoulli,1,none,1.0,1.0,raw,none,,21,0.4386929188518789,0.6283775177135579,0.4097328543855015,0.6995170026648129
14,bernoulli,1,none,1.0,1.0,raw,none,,18,0.433500898574769,0.5853987835914247,0.3155563501728508,0.9066620665861652
3,bernoulli,1,none,1.0,1.0,raw,none,,30,0.4405111165695309,0.5775299495586381,0.3007454045722311,0.9205865102639296
11,bernoulli,1,none,1.0,1.0,raw,none,,18,0.4385719450452328,0.5862514648100916,0.3097564546783873,0.910598585475246
43,bernoulli,1,none,1.0,1.0,raw,none,,17,0.4569736998751112,0.5816338962886516,0.314004744253187,0.9104327383298608
0,bernoulli,1,none,1.0,1.0,raw,none,,26,0.4483385169546162,0.5933167209762954,0.3217972443928813,0.8999054993821114
40,bernoulli,1,none,1.0,1.0,raw,none,,16,0.4309216202762431,0.5975763696036354,0.3101382295961021,0.9079364091500016
15,bernoulli,1,none,1.0,1.0,raw,none,,19,0.4445765923033991,0.548876900520846,0.3239107277390916,0.8902528486610265
36,bernoulli,1,none,1.0,1.0,raw,none,,16,0.4408843575780518,0.5684584024794077,0.2952573396745925,0.9245300519416276
20,bernoulli,1,none,1.0,1.0,raw,none,,16,0.4310450523001357,0.5658803268833975,0.503047447861868,0.5751639395945647
35,bernoulli,1,none,1.0,1.0,raw,none,,17,0.4387748740011246,0.5884329803238155,0.3103917412170111,0.8995493994915402
47,bernoulli,1,none,1.0,1.0,raw,none,,18,0.4260971402410044,0.6261934684330872,0.3143899155106299,0.9120614396310328
42,bernoulli,1,none,1.0,1.0,raw,none,,17,0.4587153518855467,0.5731449611782597,0.4566937202801605,0.5794690384377973
29,bernoulli,1,none,1.0,1.0,raw,none,,16,0.436132029401569,0.5653729826110865,0.2969185646618151,0.915839243498818
23,bernoulli,1,none,1.0,1.0,raw,none,,17,0.442910206338821,0.6038137716748522,0.3009697707274457,0.9195147679324897
5,bernoulli,1,none,1.0,1.0,raw,none,,22,0.4390939049671962,0.600301967507038,0.3077968859706191,0.9149730673042572
32,bernoulli,1,none,1.0,1.0,raw,none,,16,0.4275432664883231,0.5913163756882063,0.3138355089590989,0.9080451469131724
38,bernoulli,1,none,1.0,1.0,raw,none,,17,0.4313625112907255,0.6042476804998426,0.4588949238071418,0.6569963268417769
21,bernoulli,1,none,1.0,1.0,raw,none,,16,0.4288585817012328,0.6021899317280869,0.3114325292076908,0.916572797837262
2,bernoulli,1,none,1.0,1.0,raw,none,,30,0.4434158524491012,0.5942008845493874,0.4363969965362428,0.6058921759918438
4,bernoulli,1,none,1.0,1.0,raw,none,,22,0.4407162463624156,0.5950144259447878,0.3452841596063908,0.8760299883073114
37,bernoulli,1,none,1.0,1.0,raw,none,,16,0.442706463379744,0.5645100186795298,0.3101017599019913,0.917273756921528
18,bernoulli,1,none,1.0,1.0,raw,none,,17,0.4680486836889548,0.570910133355984,0.4587090660823033,0.5801870405944808
30,bernoulli,1,none,1.0,1.0,raw,none,,17,0.4288444919280937,0.599781037414966,0.4281532292213177,0.6998442319182959
41,bernoulli,1,none,1.0,1.0,raw,none,,16,0.4242858173332162,0.6110604664455822,0.3133715634958334,0.9129979035639412
45,bernoulli,1,none,1.0,1.0,raw,none,,16,0.445812597045075,0.5518771642063058,0.3020620818171733,0.9191098844229776
8,bernoulli,1,none,1.0,1.0,raw,none,,20,0.4666306427124713,0.5124796527400977,0.4417517668532749,0.6240038163654732
6,bernoulli,1,none,1.0,1.0,raw,none,,25,0.4700462696705697,0.5212946210620029,0.3739728569709909,0.8357758620689655
26,bernoulli,1,none,1.0,1.0,raw,none,,18,0.4513859426777212,0.5415394922950941,0.3164529530471954,0.8948123090201647
19,bernoulli,1,none,1.0,1.0,raw,none,,18,0.4284130095278969,0.614257302613467,0.4355184434583241,0.6572527548686673
34,bernoulli,1,none,1.0,1.0,raw,none,,18,0.4344337677480435,0.6281171155313033,0.3160556334077218,0.909152858106558
48,bernoulli,1,none,1.0,1.0,raw,none,,16,0.4257531288029766,0.5776016773791867,0.3092776097066764,0.9181224204363148
25,bernoulli,1,none,1.0,1.0,raw,none,,16,0.446166457816455,0.5873602779571023,0.3192077869543722,0.8993538837130991
31,bernoulli,1,none,1.0,1.0,raw,none,,18,0.4314133231174874,0.614522449893629,0.3076214623532644,0.911384392496158
16,bernoulli,1,none,1.0,1.0,raw,none,,19,0.4474969790266137,0.5807165233916827,0.310942919123214,0.9141417305296275
39,bernoulli,1,none,1.0,1.0,raw,none,,18,0.4410310517849014,0.5615947346436515,0.4594125252272992,0.6819203340942471
13,bernoulli,1,none,1.0,1.0,raw,none,,17,0.4473332183269707,0.5851112021916863,0.3154157865785812,0.9007228729095108
10,bernoulli,1,none,1.0,1.0,raw,none,,19,0.4454443719589923,0.5924591174374483,0.3486224047392232,0.9081404987221108
27,bernoulli,1,none,1.0,1.0,raw,none,,18,0.4439068913144638,0.5751835047628097,0.3210070105385779,0.9083624708624708
49,bernoulli,1,none,1.0,1.0,raw,none,,17,0.4384225077115211,0.5873893220812355,0.3145114891905646,0.9104947177039482
7,bernoulli,1,none,1.0,1.0,raw,none,,19,0.4346034176678929,0.5634821130056837,0.4279655110743932,0.6745800671892498
1,bernoulli,1,none,1.0,1.0,raw,none,,29,0.4532705928124311,0.5923189622169214,0.312489294822437,0.9081193034867155
28,bernoulli,1,none,1.0,1.0,raw,none,,16,0.4461156228443568,0.5546900753942513,0.4054859385586505,0.7303138638685115
46,bernoulli,1,none,1.0,1.0,raw,none,,17,0.4422005789611939,0.6079243849149805,0.4391306053909286,0.6330979561413832
24,bernoulli,1,none,1.0,1.0,raw,none,,17,0.4548688579300846,0.5288338785606,0.4142050407785845,0.7246746829187942
17,bernoulli,1,none,1.0,1.0,raw,none,,17,0.4354218273526257,0.5239819988623816,0.3322659504465267,0.8987107202053513
44,bernoulli,1,none,1.0,1.0,raw,none,,16,0.4302492284695824,0.6062669481344181,0.4250981161516867,0.710604929051531
11,bernoulli,1,none,1.0,1.0,raw,none,,19,0.4382505110298654,0.6213820148127722,0.3076031394051721,0.9148628601000518
14,bernoulli,1,none,1.0,1.0,raw,none,,19,0.4326215102279009,0.5992127852305569,0.3099344680916305,0.9083422459893048
22,bernoulli,1,none,1.0,1.0,raw,none,,18,0.4447020144047457,0.5575271989673612,0.3039459594829494,0.9100096485378208
33,bernoulli,1,none,1.0,1.0,raw,none,,16,0.440036945363322,0.5824548604066855,0.4292184870954832,0.699299865304748
43,bernoulli,1,none,1.0,1.0,raw,none,,18,0.4498940409313808,0.544463078229647,0.2986720057553806,0.9085569288811308
15,bernoulli,1,none,1.0,1.0,raw,none,,20,0.4406766854402258,0.579961604821268,0.3259516217911304,0.8897660738526513
9,bernoulli,1,none,1.0,1.0,raw,none,,17,0.4405628011645368,0.5833945189483741,0.4446968541129912,0.5911821054986854
12,bernoulli,1,none,1.0,1.0,raw,none,,22,0.4397529935284902,0.6129945864182789,0.4093148638694446,0.7037930135557873
47,bernoulli,1,none,1.0,1.0,raw,none,,19,0.4267713426762748,0.6333782793108865,0.3162948859819858,0.9113339372975346
35,bernoulli,1,none,1.0,1.0,raw,none,,18,0.4451865804561794,0.5685389576537528,0.3128404550894227,0.9063171736652932
0,bernoulli,1,none,1.0,1.0,raw,none,,27,0.4490243739997353,0.5757559421123251,0.3214881419335417,0.8995593432726291
40,bernoulli,1,none,1.0,1.0,raw,none,,17,0.4358147451741462,0.6171310629514964,0.3132147126160729,0.9088526539982852
36,bernoulli,1,none,1.0,1.0,raw,none,,17,0.441107285792203,0.5689149560117301,0.2957999817871091,0.920912688597576
20,bernoulli,1,none,1.0,1.0,raw,none,,17,0.4775499057903882,0.5497229939399848,0.4697143806892328,0.5702930420252845
42,bernoulli,1,none,1.0,1.0,raw,none,,18,0.4758721808121314,0.5330645161290324,0.4730764208134018,0.5887880075234381
23,bernoulli,1,none,1.0,1.0,raw,none,,18,0.4431656233456169,0.5819654435971967,0.2978514124135124,0.9247890295358652
38,bernoulli,1,none,1.0,1.0,raw,none,,18,0.4326789587969497,0.5855240291629354,0.4658529402144341,0.6584066809896736
29,bernoulli,1,none,1.0,1.0,raw,none,,17,0.4447616549900506,0.5575179763204159,0.3011356717922906,0.9190133500208596
21,bernoulli,1,none,1.0,1.0,raw,none,,17,0.4305366794830549,0.6107743906915284,0.3126815983506799,0.9153473829370362
32,bernoulli,1,none,1.0,1.0,raw,none,,17,0.4267007540830033,0.6266027962909302,0.3082824295570479,0.913912044679212
5,bernoulli,1,none,1.0,1.0,raw,none,,23,0.4445410789381933,0.5985404903826494,0.3078361458579332,0.9163197020914065
4,bernoulli,1,none,1.0,1.0,raw,none,,23,0.4407323571220919,0.6063928645340887,0.3438552998606258,0.873285645505193
30,bernoulli,1,none,1.0,1.0,raw,none,,18,0.432629931673357,0.6073065476190477,0.4200552617627021,0.7159253003975367
18,bernoulli,1,none,1.0,1.0,raw,none,,18,0.4310834749717979,0.6122441178968827,0.4845321769422554,0.6020705600865034
6,bernoulli,1,none,1.0,1.0,raw,none,,26,0.4717291101187981,0.5219695011630913,0.3798292852901315,0.7992610837438424
37,bernoulli,1,none,1.0,1.0,raw,none,,17,0.4419404738343281,0.5786809551316194,0.309323112876116,0.9184762850271267
26,bernoulli,1,none,1.0,1.0,raw,none,,19,0.4506711947800965,0.5716270875207821,0.3176676015331433,0.8919132438207801
19,bernoulli,1,none,1.0,1.0,raw,none,,19,0.4593353552806092,0.535872279022964,0.4428066219351586,0.6410250190588398
41,bernoulli,1,none,1.0,1.0,raw,none,,17,0.4250573996041706,0.6211275309329404,0.3191413052947359,0.9063484817745316
34,bernoulli,1,none,1.0,1.0,raw,none,,19,0.4349442319912246,0.5857997837402872,0.3145439774903408,0.9089610963294742
45,bernoulli,1,none,1.0,1.0,raw,none,,17,0.4456386877314554,0.5593894660105704,0.2983291549141375,0.9219665344143524
31,bernoulli,1,none,1.0,1.0,raw,none,,19,0.4331864858584351,0.6408979957451573,0.3061652781600041,0.909898382652612
8,bernoulli,1,none,1.0,1.0,raw,none,,21,0.4346897261210851,0.5767479265173243,0.4776248659774165,0.6203417892019306
27,bernoulli,1,none,1.0,1.0,raw,none,,19,0.4405159876278711,0.5572526941745651,0.3186748790108396,0.908740564990565
10,bernoulli,1,none,1.0,1.0,raw,none,,20,0.4398947975796282,0.5455149565652869,0.3211146869933765,0.9079125509428748
39,bernoulli,1,none,1.0,1.0,raw,none,,19,0.4444371873127332,0.5500250247425086,0.4313568977884245,0.6746155615720832
46,bernoulli,1,none,1.0,1.0,raw,none,,18,0.4419195684432067,0.5966429182103163,0.4385105791044573,0.6285551763367462
25,bernoulli,1,none,1.0,1.0,raw,none,,17,0.4522081998873323,0.5415648143446755,0.326472788904328,0.8959970254798518
7,bernoulli,1,none,1.0,1.0,raw,none,,20,0.4333072437477632,0.5523048311601472,0.4356221360669342,0.6653695408734603
16,bernoulli,1,none,1.0,1.0,raw,none,,20,0.4502462163847742,0.56195529523555,0.3110548219796665,0.9141312897185854
48,bernoulli,1,none,1.0,1.0,raw,none,,17,0.4259806699699074,0.591486751268106,0.3057285886669165,0.9217423795746548
14,bernoulli,1,none,1.0,1.0,raw,none,,20,0.435946465130027,0.5787430444722426,0.3179949095928879,0.9032120062101088
13,bernoulli,1,none,1.0,1.0,raw,none,,18,0.4502917205124784,0.5821379007844913,0.3152471433414806,0.9003392645982318
49,bernoulli,1,none,1.0,1.0,raw,none,,18,0.4382401744613704,0.5820375304765283,0.3266312225711131,0.908182952732228
11,bernoulli,1,none,1.0,1.0,raw,none,,20,0.4429822990323358,0.5595344776085108,0.3099961105225733,0.911944109021908
1,bernoulli,1,none,1.0,1.0,raw,none,,30,0.4500123850124788,0.6043728097299526,0.314278074077222,0.9052667247555426
22,bernoulli,1,none,1.0,1.0,raw,none,,19,0.4446973399871711,0.5698561681725982,0.2964300158579559,0.9148410119613491
28,bernoulli,1,none,1.0,1.0,raw,none,,17,0.4485273596818749,0.5567193752946472,0.3891327392416305,0.7338463800414772
15,bernoulli,1,none,1.0,1.0,raw,none,,21,0.4462056154997179,0.5814257247697505,0.3240315804771837,0.8919394205322986
17,bernoulli,1,none,1.0,1.0,raw,none,,18,0.4350000035899808,0.5560569812962157,0.3307774150627887,0.8996029553573572
43,bernoulli,1,none,1.0,1.0,raw,none,,19,0.4559724394579927,0.5558099783919761,0.3028788560219595,0.9137549974660736
24,bernoulli,1,none,1.0,1.0,raw,none,,18,0.4558502653988343,0.5309084018191973,0.4113157323001069,0.7262359184433479
44,bernoulli,1,none,1.0,1.0,raw,none,,17,0.4284040356177494,0.6115981018089451,0.4351052923859961,0.7110352430740781
47,bernoulli,1,none,1.0,1.0,raw,none,,20,0.4268218282701612,0.632018990766438,0.3172269115486005,0.9088700378850272
35,bernoulli,1,none,1.0,1.0,raw,none,,19,0.4430750805024813,0.5834580782578906,0.3113593623094838,0.9020461120364688
9,bernoulli,1,none,1.0,1.0,raw,none,,18,0.4337223309093472,0.5922251512685327,0.4534607005477135,0.6031492979806454
33,bernoulli,1,none,1.0,1.0,raw,none,,17,0.4412665863539928,0.5736161613008941,0.4351531331688636,0.6956553765854754
12,bernoulli,1,none,1.0,1.0,raw,none,,23,0.4403497323077937,0.6139459437942839,0.4145329879338958,0.6979347700150621
42,bernoulli,1,none,1.0,1.0,raw,none,,19,0.469639585694435,0.5619947170415434,0.4661119615690777,0.5796732823540519
23,bernoulli,1,none,1.0,1.0,raw,none,,19,0.4434509518863355,0.5823760032690573,0.2993418074466267,0.9231575246132208
0,bernoulli,1,none,1.0,1.0,raw,none,,28,0.4501931113894724,0.589193581879752,0.3222976206299589,0.8995004967340171
40,bernoulli,1,none,1.0,1.0,raw,none,,18,0.4316467698984618,0.597290689485643,0.3115326691697633,0.9071377202445164
38,bernoulli,1,none,1.0,1.0,raw,none,,19,0.4374845195483776,0.592600089140773,0.4528515747144018,0.6428304109778917
36,bernoulli,1,none,1.0,1.0,raw,none,,18,0.4414752467421282,0.5876734335098927,0.2950020232777797,0.924688075411548
20,bernoulli,1,none,1.0,1.0,raw,none,,18,0.4649167524442418,0.520164172799792,0.4508784607473399,0.5788959298842965
29,bernoulli,1,none,1.0,1.0,raw,none,,18,0.4456841106186952,0.5583907547971572,0.3009501886911302,0.9179008482825756
18,bernoulli,1,none,1.0,1.0,raw,none,,19,0.4660466761768158,0.5381232481100824,0.4554915126392954,0.5976372608790678
30,bernoulli,1,none,1.0,1.0,raw,none,,19,0.4316216891869093,0.5808460884353741,0.4343183494236545,0.6962038869489833
6,bernoulli,1,none,1.0,1.0,raw,none,,27,0.4613962638334976,0.5092975503288246,0.3612428100490814,0.8282019704433498
21,bernoulli,1,none,1.0,1.0,raw,none,,18,0.429575367948362,0.6252477609748937,0.3128593048155065,0.9148046504324792
5,bernoulli,1,none,1.0,1.0,raw,none,,24,0.443515363635708,0.5457472909425475,0.3060599983304723,0.9164845961469756
4,bernoulli,1,none,1.0,1.0,raw,none,,24,0.4381492089454747,0.5988735183479351,0.3489236980539396,0.8779283306967467
32,bernoulli,1,none,1.0,1.0,raw,none,,18,0.4282153660709357,0.6136106382208055,0.3116784741380086,0.9084131176405854
19,bernoulli,1,none,1.0,1.0,raw,none,,20,0.4224461821414388,0.6074174807051521,0.469355906848672,0.6224409175965071
26,bernoulli,1,none,1.0,1.0,raw,none,,20,0.4471827934225386,0.5803121665550014,0.3198832450152916,0.8853738158380143
34,bernoulli,1,none,1.0,1.0,raw,none,,20,0.435737106450925,0.5962062346501705,0.3146039352344567,0.912063527937294
37,bernoulli,1,none,1.0,1.0,raw,none,,18,0.4415798521040828,0.5876118708786882,0.3089780949124376,0.9137011298171038
31,bernoulli,1,none,1.0,1.0,raw,none,,20,0.4377866214834113,0.6182353599820849,0.3057776170104454,0.9138926687924394
41,bernoulli,1,none,1.0,1.0,raw,none,,18,0.4259053145777686,0.5992638181916734,0.3152470842562402,0.907124501251099
45,bernoulli,1,none,1.0,1.0,raw,none,,18,0.4468944291912899,0.4993748860944049,0.3000803497120752,0.920065551147145
27,bernoulli,1,none,1.0,1.0,raw,none,,20,0.4404427469351599,0.5631834414170448,0.3201785156267275,0.9057643745143744
46,bernoulli,1,none,1.0,1.0,raw,none,,19,0.4666681790611192,0.5613850099743518,0.4453992257243819,0.6309913302734298
10,bernoulli,1,none,1.0,1.0,raw,none,,21,0.4415598745463746,0.5841574050888919,0.3218806655162963,0.9092422463217515
39,bernoulli,1,none,1.0,1.0,raw,none,,20,0.4435371681022278,0.5544184663784117,0.4273022424042237,0.6829537612146308
14,bernoulli,1,none,1.0,1.0,raw,none,,21,0.432928107070413,0.6140749687270846,0.3130193566950256,0.9088011040193203
7,bernoulli,1,none,1.0,1.0,raw,none,,21,0.4326218030007389,0.5550150451354062,0.4343013831404028,0.6824888017917133
25,bernoulli,1,none,1.0,1.0,raw,none,,18,0.447941698069838,0.5631170074639316,0.3207931982157361,0.900125575260972
11,bernoulli,1,none,1.0,1.0,raw,none,,21,0.439838071281675,0.5791322962860842,0.3096547056862764,0.9107193375884076
8,bernoulli,1,none,1.0,1.0,raw,none,,22,0.4417207998114173,0.5663533834586466,0.4745972557247344,0.6194473285441688
49,bernoulli,1,none,1.0,1.0,raw,none,,19,0.4397644466100407,0.5872232580258003,0.31541043627308,0.911214319732739
22,bernoulli,1,none,1.0,1.0,raw,none,,20,0.4448240010065243,0.5860003687995574,0.297204023537637,0.9140038594151284
13,bernoulli,1,none,1.0,1.0,raw,none,,19,0.4453221704871879,0.5918847207541472,0.3147173653894957,0.9050446252604314
15,bernoulli,1,none,1.0,1.0,raw,none,,22,0.4481767261717232,0.6400715251958236,0.3254228660666213,0.8933551810665167
47,bernoulli,1,none,1.0,1.0,raw,none,,21,0.432879435186883,0.6009473564783299,0.3179854203524204,0.913437517158074
48,bernoulli,1,none,1.0,1.0,raw,none,,18,0.4259018158605916,0.5761252723909979,0.3060227991567695,0.9219103511634604
35,bernoulli,1,none,1.0,1.0,raw,none,,20,0.439309448491004,0.6088203970984702,0.3108705956638269,0.8987130709213641
43,bernoulli,1,none,1.0,1.0,raw,none,,20,0.4558225608676736,0.5458874877715785,0.3012492761959387,0.9141737992004056
16,bernoulli,1,none,1.0,1.0,raw,none,,21,0.448140749953829,0.5609494009175539,0.3106302113546798,0.9141869740441438
17,bernoulli,1,none,1.0,1.0,raw,none,,19,0.4352892297520924,0.5737611670626024,0.3318902894537358,0.8989509373616605
28,bernoulli,1,none,1.0,1.0,raw,none,,18,0.4483974412311672,0.5520245146517225,0.3910963076219435,0.7293465812362646
44,bernoulli,1,none,1.0,1.0,raw,none,,18,0.4296629291791861,0.6065994748223664,0.4259432563196857,0.7156051068672428
24,bernoulli,1,none,1.0,1.0,raw,none,,19,0.4525912857710272,0.5460783531476902,0.4248494442568324,0.7214483682224115
9,bernoulli,1,none,1.0,1.0,raw,none,,19,0.4317227453764174,0.5898455468667068,0.4881294319645212,0.588238378922638
42,bernoulli,1,none,1.0,1.0,raw,none,,20,0.4606263678542056,0.5910089650204114,0.4556246901146106,0.583346041843678
23,bernoulli,1,none,1.0,1.0,raw,none,,20,0.4526884837420997,0.5903597505030801,0.309685778819978,0.9235654008438816
33,bernoulli,1,none,1.0,1.0,raw,none,,18,0.4377798649879476,0.5842943866165202,0.4460138686989626,0.7038002301043889
12,bernoulli,1,none,1.0,1.0,raw,none,,24,0.4410968472584523,0.6079850330387708,0.4147019576805844,0.7034780152937087
38,bernoulli,1,none,1.0,1.0,raw,none,,20,0.4394602626644737,0.585084458837817,0.4352243880339974,0.6653302377157114
0,bernoulli,1,none,1.0,1.0,raw,none,,29,0.4488695694901114,0.5924721263817009,0.319595126736832,0.900964737077127
40,bernoulli,1,none,1.0,1.0,raw,none,,19,0.4321338890348757,0.6084831493021876,0.3110125187611163,0.9069994191353415
18,bernoulli,1,none,1.0,1.0,raw,none,,20,0.4272936810830834,0.6243119850505394,0.4830093513337768,0.5944278927449875
30,bernoulli,1,none,1.0,1.0,raw,none,,20,0.4321422165367125,0.5986755952380952,0.4150835978231383,0.7324622754573745
20,bernoulli,1,none,1.0,1.0,raw,none,,19,0.4463581056840199,0.595351822066254,0.4426730889895536,0.582387527980075
6,bernoulli,1,none,1.0,1.0,raw,none,,28,0.4674640181662989,0.5318414175353954,0.3661005896573709,0.830972906403941
36,bernoulli,1,none,1.0,1.0,raw,none,,19,0.4423157091594349,0.5773659323921889,0.2975262350447657,0.9234204523593592
29,bernoulli,1,none,1.0,1.0,raw,none,,19,0.4480138458875449,0.5685266499470917,0.3047529052567728,0.9219267139479906
19,bernoulli,1,none,1.0,1.0,raw,none,,21,0.4291588565739203,0.6384458747472447,0.4495688359654523,0.641745789729018
21,bernoulli,1,none,1.0,1.0,raw,none,,19,0.4303624487472362,0.5792536888856262,0.3087698759793351,0.9180269113400372
26,bernoulli,1,none,1.0,1.0,raw,none,,21,0.4491258608106162,0.575544235411726,0.318362323770733,0.8915582562453451
34,bernoulli,1,none,1.0,1.0,raw,none,,21,0.4368700533083386,0.5743287985850914,0.3175087312188677,0.9081803519513472
5,bernoulli,1,none,1.0,1.0,raw,none,,25,0.4416797263385894,0.5847946778226885,0.3057193766991771,0.915247890730206
4,bernoulli,1,none,1.0,1.0,raw,none,,25,0.4386350349589424,0.5988552576583304,0.350263761010447,0.8755863539445629
31,bernoulli,1,none,1.0,1.0,raw,none,,21,0.4305180412360079,0.614773261672825,0.305089135648996,0.913547399990522
37,bernoulli,1,none,1.0,1.0,raw,none,,19,0.4436768055040849,0.5924786760789491,0.3111382737192292,0.9130614128306952
27,bernoulli,1,none,1.0,1.0,raw,none,,21,0.4407561080074472,0.5884801767346841,0.319946568506054,0.9066246253746252
32,bernoulli,1,none,1.0,1.0,raw,none,,19,0.4293644991538767,0.590327079107505,0.3103618190407767,0.9125261362385824
41,bernoulli,1,none,1.0,1.0,raw,none,,19,0.4277582553833852,0.5862845485589266,0.3192184302038532,0.90548792858592
10,bernoulli,1,none,1.0,1.0,raw,none,,22,0.4395665340317122,0.5843885432517287,0.3153993810497033,0.9095150929059886
45,bernoulli,1,none,1.0,1.0,raw,none,,19,0.4477475996831712,0.54170220521232,0.3020764245964238,0.9190995342418492
46,bernoulli,1,none,1.0,1.0,raw,none,,20,0.4427187824886071,0.607255628384155,0.4402845189968691,0.6240320112981053
39,bernoulli,1,none,1.0,1.0,raw,none,,21,0.4454720027434197,0.5569849136552305,0.4263791951521393,0.6747925182707792
14,bernoulli,1,none,1.0,1.0,raw,none,,22,0.4348096895465658,0.6029094595177501,0.318008522058203,0.9019251336898396
11,bernoulli,1,none,1.0,1.0,raw,none,,22,0.4409271104103623,0.5951073428153458,0.3091821011360502,0.9150146627565984
7,bernoulli,1,none,1.0,1.0,raw,none,,22,0.4354567840870306,0.5666478602474089,0.4291483183830387,0.6752729563269877
22,bernoulli,1,none,1.0,1.0,raw,none,,21,0.4455480788989042,0.5735220357735571,0.2983086127933645,0.9145146643585852
43,bernoulli,1,none,1.0,1.0,raw,none,,21,0.4530966519663347,0.5760760115099458,0.3000148570832328,0.9110627006025116
15,bernoulli,1,none,1.0,1.0,raw,none,,23,0.4403593425863741,0.5985273747904061,0.3263618007651399,0.8892724430610592
47,bernoulli,1,none,1.0,1.0,raw,none,,22,0.4283448831074717,0.6283033111658027,0.3147977397799086,0.912895322022731
25,bernoulli,1,none,1.0,1.0,raw,none,,19,0.452784097621877,0.5654381523686558,0.3347517533694408,0.8962285329442137
49,bernoulli,1,none,1.0,1.0,raw,none,,20,0.4391308259574804,0.5707508359815517,0.3184689643259481,0.9082733375281148
13,bernoulli,1,none,1.0,1.0,raw,none,,20,0.4462980774484398,0.589319484292196,0.3170277413991443,0.9000119657638381
35,bernoulli,1,none,1.0,1.0,raw,none,,21,0.4443299680874776,0.5983511327583896,0.3124542083568842,0.9059980713596916
17,bernoulli,1,none,1.0,1.0,raw,none,,20,0.4376125191001383,0.5379471007461438,0.3329233414804801,0.8977944633377146
8,bernoulli,1,none,1.0,1.0,raw,none,,23,0.4412817990567269,0.5579683745446089,0.4733135602519321,0.6109271523178808
48,bernoulli,1,none,1.0,1.0,raw,none,,19,0.4262272135385591,0.5682991814536066,0.3057938077957105,0.922475969778826
16,bernoulli,1,none,1.0,1.0,raw,none,,22,0.4518750643433331,0.5585571540985554,0.3112449477448288,0.9153737462326074
42,bernoulli,1,none,1.0,1.0,raw,none,,21,0.4738780537061375,0.5353638037300888,0.4692343117251291,0.5875879610466002
23,bernoulli,1,none,1.0,1.0,raw,none,,21,0.4466254637998985,0.6002478778112736,0.3052138404002169,0.920689170182841
44,bernoulli,1,none,1.0,1.0,raw,none,,19,0.4298880715852242,0.6205162530463735,0.4254388745060014,0.7117429496070272
28,bernoulli,1,none,1.0,1.0,raw,none,,19,0.4499837746609054,0.5598794117334297,0.3816503869080103,0.7407992076020677
9,bernoulli,1,none,1.0,1.0,raw,none,,20,0.435549800161623,0.5911415024238349,0.4466592100959854,0.6078935224030878
33,bernoulli,1,none,1.0,1.0,raw,none,,19,0.4434389555505973,0.5784324817803025,0.4253411599676579,0.695679930407453
24,bernoulli,1,none,1.0,1.0,raw,none,,20,0.4564622450672111,0.5351904305965584,0.4094827844962442,0.7212406809278609
38,bernoulli,1,none,1.0,1.0,raw,none,,21,0.4336651408216055,0.5715129806139264,0.4691464337220404,0.6624991336890984
12,bernoulli,1,none,1.0,1.0,raw,none,,25,0.4430936109242785,0.6013593662924925,0.4088357103235653,0.708992295214923
6,bernoulli,1,none,1.0,1.0,raw,none,,29,0.4968908469354171,0.5092706269205365,0.4921201478197154,0.8070812807881773
30,bernoulli,1,none,1.0,1.0,raw,none,,21,0.4331381010300779,0.5894621598639456,0.4197495572699551,0.7044205669129253
18,bernoulli,1,none,1.0,1.0,raw,none,,21,0.4487913503429991,0.606667799201563,0.4415943791354816,0.586131848665064
19,bernoulli,1,none,1.0,1.0,raw,none,,22,0.4291578670019304,0.6147556935228168,0.4360781794699753,0.6492307159193291
0,bernoulli,1,none,1.0,1.0,raw,none,,30,0.4489932116025053,0.5852401603731391,0.3198269560019732,0.9018232042286428
29,bernoulli,1,none,1.0,1.0,raw,none,,20,0.4374078415126781,0.5836096784675759,0.2941488910744601,0.9169378389653734
26,bernoulli,1,none,1.0,1.0,raw,none,,22,0.4486490202696746,0.5988291095489786,0.3182377495157156,0.8928181141111041
20,bernoulli,1,none,1.0,1.0,raw,none,,20,0.4403272962283879,0.5941637828792383,0.4550441680158087,0.5726063242851288
21,bernoulli,1,none,1.0,1.0,raw,none,,20,0.4308042752128178,0.5860923506093084,0.3119709543453864,0.9152313269297724
40,bernoulli,1,none,1.0,1.0,raw,none,,20,0.4326480311986966,0.584027602457292,0.3113066298508237,0.904516914225652
36,bernoulli,1,none,1.0,1.0,raw,none,,20,0.4461968825486992,0.5800787318041631,0.2970443292875615,0.9272061450518042
34,bernoulli,1,none,1.0,1.0,raw,none,,22,0.4425423946923552,0.604424941953546,0.3201775964571342,0.9090432799482244
31,bernoulli,1,none,1.0,1.0,raw,none,,22,0.4311572341382387,0.6160698689956332,0.3061858041782141,0.9121493998415826
37,bernoulli,1,none,1.0,1.0,raw,none,,20,0.4409588090436923,0.6007850653783542,0.3065255429023121,0.9110793388891996
27,bernoulli,1,none,1.0,1.0,raw,none,,22,0.4425244978141834,0.5606080401612149,0.3213017006101579,0.9052960927960928
5,bernoulli,1,none,1.0,1.0,raw,none,,26,0.4420504805911441,0.5862534010663227,0.3052204435091987,0.9182915601725892
10,bernoulli,1,none,1.0,1.0,raw,none,,23,0.4397205641026393,0.5990253674133713,0.3173756877392908,0.9085100504248118
11,bernoulli,1,none,1.0,1.0,raw,none,,23,0.4405181356121792,0.5923443088777066,0.3070440372201766,0.9140348456097982
14,bernoulli,1,none,1.0,1.0,raw,none,,23,0.4347166522224097,0.5721455376784714,0.3157506201761397,0.9049542867000172
46,bernoulli,1,none,1.0,1.0,raw,none,,21,0.4410462219328587,0.6040353377030493,0.4466649815749414,0.6285316386175513
45,bernoulli,1,none,1.0,1.0,raw,none,,20,0.4470817154496289,0.5534718425369054,0.302042632265916,0.9147248576850096
4,bernoulli,1,none,1.0,1.0,raw,none,,26,0.4387605592755761,0.6048670824693322,0.3487227508195085,0.8796787949652658
39,bernoulli,1,none,1.0,1.0,raw,none,,22,0.442561014758784,0.5500739452917734,0.4631416670185008,0.6812762117109944
41,bernoulli,1,none,1.0,1.0,raw,none,,20,0.4371199148916993,0.604171696913851,0.3217053600598451,0.9090687766281192
7,bernoulli,1,none,1.0,1.0,raw,none,,23,0.4355781441313693,0.5828589936476095,0.4253616190007123,0.6878744400895856
32,bernoulli,1,none,1.0,1.0,raw,none,,20,0.4285046856856572,0.6106744421906695,0.3090286811477277,0.9124160889182348
22,bernoulli,1,none,1.0,1.0,raw,none,,22,0.4475424796725874,0.5661903005716392,0.3002151016135966,0.9125317479461384
43,bernoulli,1,none,1.0,1.0,raw,none,,22,0.4528604261204944,0.5496339536233754,0.29947975269205,0.9119847682865028
47,bernoulli,1,none,1.0,1.0,raw,none,,23,0.4294368706538819,0.6264596533486936,0.31633403330698,0.9102907264042168
15,bernoulli,1,none,1.0,1.0,raw,none,,24,0.4517163215975702,0.5807088527617797,0.3294428518790903,0.8915314895309137
49,bernoulli,1,none,1.0,1.0,raw,none,,21,0.4399434554277765,0.6000781255897162,0.315837313277617,0.9102235633162876
35,bernoulli,1,none,1.0,1.0,raw,none,,22,0.443782436501694,0.6094888064703516,0.3117294945454562,0.9052301218550012
13,bernoulli,1,none,1.0,1.0,raw,none,,21,0.4466943048738382,0.5804696881449044,0.3135180223089561,0.9022784222084576
25,bernoulli,1,none,1.0,1.0,raw,none,,20,0.4502656927143462,0.5541497718749773,0.324992898716739,0.8957620103266359
17,bernoulli,1,none,1.0,1.0,raw,none,,21,0.4376605284324091,0.5660174155987553,0.3345629159585215,0.8938446069532571
8,bernoulli,1,none,1.0,1.0,raw,none,,24,0.4557345326425628,0.6006084799627935,0.4296738188906418,0.6050868503760243
42,bernoulli,1,none,1.0,1.0,raw,none,,22,0.4826889688671246,0.5385015608740895,0.4809301068665368,0.5878920575441349
23,bernoulli,1,none,1.0,1.0,raw,none,,22,0.4516349331797852,0.6281620804774057,0.3067787369625839,0.9248277074542898
48,bernoulli,1,none,1.0,1.0,raw,none,,20,0.4275949503485819,0.5856269113149847,0.3077944411387732,0.918681183068464
16,bernoulli,1,none,1.0,1.0,raw,none,,23,0.4523390992078706,0.5648616245750004,0.3114863765280057,0.918349377379635
33,bernoulli,1,none,1.0,1.0,raw,none,,20,0.4413276872516229,0.5763081508762622,0.4338002958736844,0.7012080480413065
28,bernoulli,1,none,1.0,1.0,raw,none,,20,0.4503662380686468,0.5427606276828407,0.3877709072411303,0.73043380691491
44,bernoulli,1,none,1.0,1.0,raw,none,,20,0.4314011647478402,0.5942402086980401,0.4312732565869958,0.6981720544827342
24,bernoulli,1,none,1.0,1.0,raw,none,,21,0.456123706242908,0.5541886087395942,0.4142078108693904,0.7237544133550092
38,bernoulli,1,none,1.0,1.0,raw,none,,22,0.4346559247328279,0.5847164464726015,0.4720020969332166,0.6438076096749602
9,bernoulli,1,none,1.0,1.0,raw,none,,21,0.4412633613962503,0.573553218215916,0.4342219124123252,0.5927868210549868
6,bernoulli,1,none,1.0,1.0,raw,none,,30,0.4726364036996298,0.5256562132046754,0.3822461239697455,0.8281403940886699
30,bernoulli,1,none,1.0,1.0,raw,none,,22,0.4341849171902256,0.5981483843537415,0.4313707673244583,0.6959241260927079
18,bernoulli,1,none,1.0,1.0,raw,none,,22,0.4510876630657152,0.6017943599762168,0.4408207614069906,0.5854830731712929
12,bernoulli,1,none,1.0,1.0,raw,none,,26,0.4411914268931707,0.588902157471539,0.4170126988103428,0.7011571660294288
19,bernoulli,1,none,1.0,1.0,raw,none,,23,0.4303591074528423,0.6177935047798061,0.4479493824152027,0.6484441056206252
26,bernoulli,1,none,1.0,1.0,raw,none,,23,0.4513731008197611,0.5906438656755042,0.3165085944911641,0.8955988501186771
29,bernoulli,1,none,1.0,1.0,raw,none,,21,0.4468281201134738,0.5698347761604413,0.3007470272461113,0.9190446391322484
34,bernoulli,1,none,1.0,1.0,raw,none,,23,0.4371445608423062,0.6016085363911451,0.3159696368692753,0.9086734536638484
20,bernoulli,1,none,1.0,1.0,raw,none,,21,0.4386272214070661,0.5878052346834333,0.4546963969405649,0.5784979034648002
21,bernoulli,1,none,1.0,1.0,raw,none,,21,0.4361567824217582,0.5824975223902511,0.3133952192730627,0.9159959312129218
40,bernoulli,1,none,1.0,1.0,raw,none,,21,0.4396008730578582,0.5923101113045173,0.3135141843282155,0.9091154261057172
36,bernoulli,1,none,1.0,1.0,raw,none,,21,0.4424699777451003,0.5565273894231133,0.2932706167806462,0.9262202160112128
31,bernoulli,1,none,1.0,1.0,raw,none,,23,0.4356275064732867,0.6152211398499609,0.3076065546044916,0.9110560486355112
14,bernoulli,1,none,1.0,1.0,raw,none,,24,0.4353820762705402,0.5713928309537161,0.3142133355302541,0.904267724685182
10,bernoulli,1,none,1.0,1.0,raw,none,,24,0.4397144642568784,0.6156442013213398,0.3172704174860543,0.909275056986945
27,bernoulli,1,none,1.0,1.0,raw,none,,23,0.4463784026158057,0.5559818197654622,0.320893922984152,0.9087891275391276
11,bernoulli,1,none,1.0,1.0,raw,none,,24,0.4407091797573524,0.5854951249588322,0.3113709079346438,0.9046886320510608
46,bernoulli,1,none,1.0,1.0,raw,none,,22,0.4412161324825494,0.6050175738576993,0.4850574269903753,0.6210034914283472
37,bernoulli,1,none,1.0,1.0,raw,none,,21,0.4438658187054167,0.6077936399576896,0.3080630023787356,0.9166620057050172
7,bernoulli,1,none,1.0,1.0,raw,none,,24,0.4315393423984264,0.5778397693079237,0.4524153051622278,0.6828527435610302
5,bernoulli,1,none,1.0,1.0,raw,none,,27,0.4409612758993309,0.6135503986914742,0.3053505969023129,0.9174773957732156
4,bernoulli,1,none,1.0,1.0,raw,none,,27,0.4399711607292518,0.5934338618112169,0.3469329983105301,0.8751238049384414
39,bernoulli,1,none,1.0,1.0,raw,none,,23,0.4456215505479845,0.5675348182601594,0.4289701542731628,0.6781369998761303
47,bernoulli,1,none,1.0,1.0,raw,none,,24,0.4293706419222464,0.6248036340786511,0.3143542234900354,0.9109907758194696
45,bernoulli,1,none,1.0,1.0,raw,none,,21,0.4473470422195235,0.5616074357572445,0.3003666733021415,0.918654476453338
41,bernoulli,1,none,1.0,1.0,raw,none,,21,0.4301416078258558,0.5940356461793938,0.3154833721382812,0.9123689727463312
22,bernoulli,1,none,1.0,1.0,raw,none,,23,0.4473672776292502,0.5684952978056427,0.3000616904249594,0.910921293471629
43,bernoulli,1,none,1.0,1.0,raw,none,,23,0.4564995240128575,0.5553960933552639,0.3013771149439671,0.906969705501436
15,bernoulli,1,none,1.0,1.0,raw,none,,25,0.4443182134761324,0.6108721537751209,0.3236496883543763,0.8905853638470292
32,bernoulli,1,none,1.0,1.0,raw,none,,21,0.4296845002503155,0.5985583888727904,0.309831238540687,0.9122235061076264
35,bernoulli,1,none,1.0,1.0,raw,none,,23,0.4412686293778544,0.603242250919761,0.3106823032107977,0.9058613132287192
49,bernoulli,1,none,1.0,1.0,raw,none,,22,0.4404779817954083,0.5947395436257822,0.3167099731200274,0.9078005555188609
42,bernoulli,1,none,1.0,1.0,raw,none,,23,0.4716589312991846,0.5680220923717282,0.4674550129414673,0.589398923770724
13,bernoulli,1,none,1.0,1.0,raw,none,,22,0.4473345174579515,0.5753338222922104,0.3135371045744948,0.9028872684272764
17,bernoulli,1,none,1.0,1.0,raw,none,,22,0.4384418465309822,0.5525186535952086,0.3312986369684128,0.9012776121041992
23,bernoulli,1,none,1.0,1.0,raw,none,,23,0.4454422979084418,0.5784380999375487,0.2992219760412105,0.9224437412095638
25,bernoulli,1,none,1.0,1.0,raw,none,,21,0.450616436849174,0.5525140900749295,0.3217364040605522,0.8975789931529913
8,bernoulli,1,none,1.0,1.0,raw,none,,25,0.4403978492749264,0.573422602899,0.4428745425257203,0.6265749522954316
48,bernoulli,1,none,1.0,1.0,raw,none,,21,0.431451799336164,0.5807055613543555,0.3088715305025445,0.9191850978348806
38,bernoulli,1,none,1.0,1.0,raw,none,,23,0.4409513070143476,0.5840233565181123,0.4672749836132309,0.6547300575230439
16,bernoulli,1,none,1.0,1.0,raw,none,,24,0.4493453966823293,0.5388735468353303,0.3109448240366456,0.9125442864401708
30,bernoulli,1,none,1.0,1.0,raw,none,,23,0.4355623730010516,0.5954719387755103,0.4210656844997265,0.7112211734068309
18,bernoulli,1,none,1.0,1.0,raw,none,,23,0.4297296156617435,0.6050666779920156,0.4814132927389029,0.5990912541842569
33,bernoulli,1,none,1.0,1.0,raw,none,,21,0.4407618722641961,0.5817038343294996,0.4348709609481991,0.6990788809069481
28,bernoulli,1,none,1.0,1.0,raw,none,,21,0.4455640651136551,0.5454261884253696,0.4022460559642132,0.7299695112514317
44,bernoulli,1,none,1.0,1.0,raw,none,,21,0.4332838067613146,0.6252316960148285,0.42532283708734,0.7053807034389559
24,bernoulli,1,none,1.0,1.0,raw,none,,22,0.4549220722138444,0.5469909439080827,0.4175671760686664,0.7287031002699935
26,bernoulli,1,none,1.0,1.0,raw,none,,24,0.4518591200279319,0.5891904442861042,0.3174011694661249,0.8951986190287262
9,bernoulli,1,none,1.0,1.0,raw,none,,22,0.4429815421704612,0.6020730865857542,0.4419239013353508,0.5998349834983498
19,bernoulli,1,none,1.0,1.0,raw,none,,24,0.4273811170570348,0.630568925089473,0.4547594944170922,0.6412571903804837
34,bernoulli,1,none,1.0,1.0,raw,none,,24,0.4371890086706278,0.591084735249495,0.3161918478864945,0.9102109721979668
12,bernoulli,1,none,1.0,1.0,raw,none,,27,0.4415671975060741,0.5952750577183346,0.4168740312830981,0.6931482446993397
14,bernoulli,1,none,1.0,1.0,raw,none,,25,0.434835323152026,0.5976383556916707,0.312409363954255,0.906882870450233
29,bernoulli,1,none,1.0,1.0,raw,none,,22,0.4385625164515272,0.5730780126479973,0.2950527961612361,0.9185926853010709
20,bernoulli,1,none,1.0,1.0,raw,none,,22,0.4611505080903046,0.6098601160013647,0.4419821130781869,0.5925667580945175
21,bernoulli,1,none,1.0,1.0,raw,none,,22,0.4322129334905193,0.5845071391866098,0.3104700197329232,0.9166786136085908
10,bernoulli,1,none,1.0,1.0,raw,none,,25,0.4406807431341541,0.5716143074522796,0.3175226461038694,0.9084513366028872
46,bernoulli,1,none,1.0,1.0,raw,none,,23,0.4493757885646135,0.6056711313764606,0.4281816278026307,0.6318700717900435
40,bernoulli,1,none,1.0,1.0,raw,none,,22,0.4368243620344363,0.6226276370046551,0.3143777697765368,0.9058204021796256
27,bernoulli,1,none,1.0,1.0,raw,none,,24,0.4418472349030923,0.5852020333990546,0.3217206334804187,0.906839688089688
31,bernoulli,1,none,1.0,1.0,raw,none,,24,0.4322474085507833,0.6181390661740007,0.3054768656362346,0.915107879575658
11,bernoulli,1,none,1.0,1.0,raw,none,,25,0.4456626452452621,0.5920992164702098,0.3114005058512931,0.9120131102294292
36,bernoulli,1,none,1.0,1.0,raw,none,,22,0.4432745528900179,0.596169875802284,0.2958052711989845,0.9259488278780884
7,bernoulli,1,none,1.0,1.0,raw,none,,25,0.434785511011046,0.575025075225677,0.4226455891616744,0.6929451287793952
22,bernoulli,1,none,1.0,1.0,raw,none,,24,0.4469500098597483,0.55942651668818,0.3003055600883779,0.9129645132454558
37,bernoulli,1,none,1.0,1.0,raw,none,,22,0.44303978311765,0.5904119248917863,0.3092326178580548,0.9153930588959116
47,bernoulli,1,none,1.0,1.0,raw,none,,25,0.4297531077842341,0.6193293885601578,0.3150916280957814,0.9121094822379616
39,bernoulli,1,none,1.0,1.0,raw,none,,24,0.4465400440824563,0.5554890737834777,0.4290926370226379,0.6776485993877297
15,bernoulli,1,none,1.0,1.0,raw,none,,26,0.4449475114384358,0.6093898082671139,0.3259674276691364,0.8886622605547863
4,bernoulli,1,none,1.0,1.0,raw,none,,28,0.4421513606693616,0.6087545803896426,0.343720445662914,0.8741591581264185
5,bernoulli,1,none,1.0,1.0,raw,none,,28,0.4412087699225595,0.604389144897221,0.3065111409289225,0.915983043394619
43,bernoulli,1,none,1.0,1.0,raw,none,,24,0.4561649328122668,0.5582234119177389,0.299743434849223,0.9127977363590292
45,bernoulli,1,none,1.0,1.0,raw,none,,22,0.448107431139172,0.5324585383634044,0.3041612531014755,0.9167293427634984
42,bernoulli,1,none,1.0,1.0,raw,none,,24,0.4696055393192445,0.5657728327863604,0.4636838851954404,0.5854592855638585
41,bernoulli,1,none,1.0,1.0,raw,none,,22,0.4372114524251378,0.6031048738783574,0.329138790481348,0.9141847568810444
32,bernoulli,1,none,1.0,1.0,raw,none,,22,0.4339582440520714,0.5880949362503622,0.3106812480296704,0.9093863486299107
35,bernoulli,1,none,1.0,1.0,raw,none,,24,0.4411522294728896,0.5925402535114764,0.311214401361823,0.9017901288682388
49,bernoulli,1,none,1.0,1.0,raw,none,,23,0.4410642463635454,0.6028276179620922,0.3141664892713887,0.9138285261368496
23,bernoulli,1,none,1.0,1.0,raw,none,,24,0.4457365326058446,0.5715973662500674,0.2982216583760906,0.923878340365682
17,bernoulli,1,none,1.0,1.0,raw,none,,23,0.4377237837526445,0.5639387526349249,0.3349687781125275,0.8978665284846071
13,bernoulli,1,none,1.0,1.0,raw,none,,23,0.4486571906926783,0.5842573217996563,0.3157805979899867,0.9007017568556787
38,bernoulli,1,none,1.0,1.0,raw,none,,24,0.4404095393476006,0.5852459753758837,0.4411676318905432,0.653240002772195
30,bernoulli,1,none,1.0,1.0,raw,none,,24,0.4365265609322242,0.5907249149659863,0.4190694273874625,0.7048315736030091
18,bernoulli,1,none,1.0,1.0,raw,none,,24,0.4565804695598432,0.5766329737535038,0.4417393195777676,0.59899002680225
25,bernoulli,1,none,1.0,1.0,raw,none,,22,0.4495808178858112,0.5515674981684716,0.322614157658197,0.8939730890111123
26,bernoulli,1,none,1.0,1.0,raw,none,,25,0.4563178501889216,0.5781479866568827,0.3184529383494902,0.8962775028364203
8,bernoulli,1,none,1.0,1.0,raw,none,,26,0.4742649539767694,0.5499457406402605,0.4558366013095367,0.6250438461106747
48,bernoulli,1,none,1.0,1.0,raw,none,,22,0.4302300755577073,0.605580124155359,0.30569211690938,0.9217972274403872
34,bernoulli,1,none,1.0,1.0,raw,none,,25,0.4375143048808836,0.6088088113259738,0.317593032468259,0.9075434289060332
44,bernoulli,1,none,1.0,1.0,raw,none,,22,0.4332047857144361,0.5788238423780593,0.4270919260075533,0.7117180554073758
16,bernoulli,1,none,1.0,1.0,raw,none,,25,0.4486586022344247,0.5573563909551171,0.310641820056912,0.9120292064287556
33,bernoulli,1,none,1.0,1.0,raw,none,,22,0.4440297171983526,0.5861904836217794,0.424958755791926,0.7063573352789314
24,bernoulli,1,none,1.0,1.0,raw,none,,23,0.4559359181398243,0.5404083220298412,0.4230332545855523,0.7132339776413884
28,bernoulli,1,none,1.0,1.0,raw,none,,22,0.4478710358316761,0.5612068751617236,0.394590675486433,0.7262628842046617
14,bernoulli,1,none,1.0,1.0,raw,none,,26,0.4352339745353482,0.6008734848811629,0.3169744476036447,0.9039089184060722
9,bernoulli,1,none,1.0,1.0,raw,none,,23,0.4455567242347952,0.554633593998797,0.4394658235198726,0.5771312300721597
19,bernoulli,1,none,1.0,1.0,raw,none,,25,0.4300817068506914,0.6055473281500678,0.478077466010562,0.630799085175688
12,bernoulli,1,none,1.0,1.0,raw,none,,28,0.4411873063458429,0.5965707348141072,0.4215655604845938,0.6981882168925966
10,bernoulli,1,none,1.0,1.0,raw,none,,26,0.4410753275598006,0.5846504998362771,0.319280508754587,0.9062236651239896
46,bernoulli,1,none,1.0,1.0,raw,none,,24,0.4443703103656355,0.5927538709983851,0.4435137173381645,0.6244360754776196
21,bernoulli,1,none,1.0,1.0,raw,none,,23,0.4322259481488605,0.5806347269123477,0.3121339680861764,0.9145964323018004
29,bernoulli,1,none,1.0,1.0,raw,none,,23,0.4445010203456002,0.5733321390779793,0.299833389548515,0.9184362397441246
20,bernoulli,1,none,1.0,1.0,raw,none,,23,0.4629440276812434,0.5613556237916525,0.4454469143303639,0.5956642706264383
27,bernoulli,1,none,1.0,1.0,raw,none,,25,0.442267851386761,0.5690053131260343,0.3196312241975749,0.907686063936064
7,bernoulli,1,none,1.0,1.0,raw,none,,26,0.438365879829807,0.5758253928452023,0.4273639625358041,0.6699223124300111
11,bernoulli,1,none,1.0,1.0,raw,none,,26,0.4438416466972323,0.5718388823786218,0.3120814500712846,0.9051026392961876
40,bernoulli,1,none,1.0,1.0,raw,none,,23,0.4356073414522371,0.5580085659743906,0.3118112962102754,0.9074004923519488
22,bernoulli,1,none,1.0,1.0,raw,none,,25,0.4467407711881775,0.5802581596902083,0.3020399805179689,0.9104530556067938
31,bernoulli,1,none,1.0,1.0,raw,none,,25,0.4356054429161708,0.6182375993729706,0.3064933471766653,0.9133002958479736
47,bernoulli,1,none,1.0,1.0,raw,none,,26,0.4302550122735465,0.6007008081548585,0.3128253792541797,0.9139042167682424
36,bernoulli,1,none,1.0,1.0,raw,none,,23,0.4431607814110871,0.5964502489258677,0.2937512565139518,0.9244922637205596
39,bernoulli,1,none,1.0,1.0,raw,none,,25,0.4539846454357628,0.5486100919330015,0.4166633685299358,0.6764736069083895
37,bernoulli,1,none,1.0,1.0,raw,none,,23,0.4511907994648647,0.5539774645351497,0.3161725252416743,0.9206086749818224
42,bernoulli,1,none,1.0,1.0,raw,none,,25,0.4607041948476514,0.5698351076602897,0.4549556616517117,0.5869371037668024
15,bernoulli,1,none,1.0,1.0,raw,none,,27,0.4531255097221928,0.5740281726649008,0.3305785093810563,0.8914355057658818
43,bernoulli,1,none,1.0,1.0,raw,none,,25,0.4522216935269241,0.5469230962184167,0.3000627084599037,0.9088560729770818
4,bernoulli,1,none,1.0,1.0,raw,none,,29,0.4417650739184482,0.6032601417841099,0.3441697289135887,0.8743792557947588
45,bernoulli,1,none,1.0,1.0,raw,none,,23,0.4483568464581103,0.5458356114452342,0.3014362807315447,0.9214179748145592
5,bernoulli,1,none,1.0,1.0,raw,none,,29,0.4428940738658761,0.5917914379629775,0.3077873243889987,0.9145780086294556
35,bernoulli,1,none,1.0,1.0,raw,none,,25,0.4464900192478022,0.6079639394074803,0.3125364043965806,0.9033155080213904
23,bernoulli,1,none,1.0,1.0,raw,none,,25,0.4480306753806898,0.5937791535917225,0.3038974937216997,0.9209669479606188
32,bernoulli,1,none,1.0,1.0,raw,none,,23,0.4317482343802163,0.5677136156186612,0.3089917188077923,0.9111746175855616
41,bernoulli,1,none,1.0,1.0,raw,none,,23,0.4301464577421819,0.6081384061220367,0.3168792133126429,0.9103063501724488
30,bernoulli,1,none,1.0,1.0,raw,none,,25,0.4367694204343831,0.5865391156462585,0.4230474146225746,0.6916931748712581
49,bernoulli,1,none,1.0,1.0,raw,none,,24,0.4408062426848937,0.5892141395994838,0.3123130954662705,0.9141448729224534
38,bernoulli,1,none,1.0,1.0,raw,none,,25,0.4398569413370145,0.5807971147830567,0.4456671925134821,0.6476367038602814
17,bernoulli,1,none,1.0,1.0,raw,none,,24,0.4441125496853957,0.5801435406698565,0.3332337874048146,0.8967375078499533
18,bernoulli,1,none,1.0,1.0,raw,none,,25,0.466124892874409,0.5515140575893995,0.452652635675129,0.5857062335361716
26,bernoulli,1,none,1.0,1.0,raw,none,,26,0.4488072044337442,0.5766892478721557,0.3205437988126206,0.8879387750840485
13,bernoulli,1,none,1.0,1.0,raw,none,,24,0.4475592935961604,0.592765565790136,0.314150077793343,0.9024966214313868
34,bernoulli,1,none,1.0,1.0,raw,none,,26,0.4392692350714758,0.585451924124693,0.3176886742664153,0.9073482428115016
25,bernoulli,1,none,1.0,1.0,raw,none,,23,0.449442152780897,0.5547354982845288,0.3188507991244474,0.9016145891794816
14,bernoulli,1,none,1.0,1.0,raw,none,,27,0.4363571293957117,0.5859315015312945,0.312748893326464,0.9056235984129722
48,bernoulli,1,none,1.0,1.0,raw,none,,23,0.4297640992293381,0.5818706623450347,0.3110376235169386,0.9177864772587035
33,bernoulli,1,none,1.0,1.0,raw,none,,23,0.4432323962974402,0.5554335273646592,0.4279535855367364,0.6985141430014592
8,bernoulli,1,none,1.0,1.0,raw,none,,27,0.4437165523065997,0.5689248895434462,0.4685591627116356,0.6134772421147154
19,bernoulli,1,none,1.0,1.0,raw,none,,26,0.4272956862958823,0.619181879455852,0.4683278089867217,0.6481010465035693
28,bernoulli,1,none,1.0,1.0,raw,none,,23,0.4513789935942882,0.5360187439962851,0.3895174920276329,0.7288668090506701
24,bernoulli,1,none,1.0,1.0,raw,none,,24,0.453972074033151,0.5369075640309583,0.4414633992426381,0.7265653534622905
44,bernoulli,1,none,1.0,1.0,raw,none,,23,0.4312548920450684,0.5980653382761817,0.429445545392656,0.710028806145311
16,bernoulli,1,none,1.0,1.0,raw,none,,26,0.4477061305458595,0.5614968895223672,0.3094625676618159,0.9128227080679628
10,bernoulli,1,none,1.0,1.0,raw,none,,27,0.4415757014359032,0.5695937746788142,0.3201889986274551,0.9058817434551356
46,bernoulli,1,none,1.0,1.0,raw,none,,25,0.456145202018938,0.5925885817421868,0.431098926038871,0.6231728845474873
9,bernoulli,1,none,1.0,1.0,raw,none,,24,0.4354266869001931,0.5850752804217827,0.4732380903431126,0.6087046204620462
12,bernoulli,1,none,1.0,1.0,raw,none,,29,0.4417931371879814,0.5924289467399093,0.4206882491886471,0.7010883733055265
22,bernoulli,1,none,1.0,1.0,raw,none,,26,0.4468989972693785,0.5694578646505624,0.3025755557959012,0.9090554365253912
31,bernoulli,1,none,1.0,1.0,raw,none,,26,0.4389368203185179,0.6140499384167506,0.3061918874995844,0.913103966529236
21,bernoulli,1,none,1.0,1.0,raw,none,,24,0.4328723783421915,0.5791573373953898,0.3111408838445249,0.918685699851858
27,bernoulli,1,none,1.0,1.0,raw,none,,26,0.4431836960714964,0.5586482805583929,0.3184135250541239,0.9082826895326896
7,bernoulli,1,none,1.0,1.0,raw,none,,27,0.4348986981539298,0.5682046138415247,0.4378780196431784,0.6848544232922732
29,bernoulli,1,none,1.0,1.0,raw,none,,24,0.449728154484696,0.5305909897599547,0.3022194574848943,0.9192010846891948
20,bernoulli,1,none,1.0,1.0,raw,none,,24,0.4409705180371346,0.5872690939221133,0.4630993239818145,0.5852525300293199
11,bernoulli,1,none,1.0,1.0,raw,none,,27,0.4426763710002896,0.5831724914409135,0.3096926354214394,0.91036743143005
47,bernoulli,1,none,1.0,1.0,raw,none,,27,0.43041469421501,0.6167155399626468,0.3141115833472969,0.9118075001372647
40,bernoulli,1,none,1.0,1.0,raw,none,,24,0.4341715665633509,0.595720556123963,0.3074721463699478,0.9117708074018752
39,bernoulli,1,none,1.0,1.0,raw,none,,26,0.4467441233807195,0.5669289560731099,0.4610658563897912,0.6666702058006406
42,bernoulli,1,none,1.0,1.0,raw,none,,26,0.4826747216233993,0.5543204194348836,0.4806896260271187,0.5903838333224404
36,bernoulli,1,none,1.0,1.0,raw,none,,24,0.4439357926052449,0.5765456515644063,0.2962294511670044,0.9222868057273202
15,bernoulli,1,none,1.0,1.0,raw,none,,28,0.4486363823914311,0.5598223615464996,0.3231369607914202,0.8897832138106926
43,bernoulli,1,none,1.0,1.0,raw,none,,26,0.4564287991489061,0.5829920125563045,0.3009636066081645,0.9142617827580384
37,bernoulli,1,none,1.0,1.0,raw,none,,24,0.4479709045337056,0.5827694465907983,0.3120388562455418,0.9170640136472956
45,bernoulli,1,none,1.0,1.0,raw,none,,24,0.4485912086151746,0.5391889921632951,0.3035793571378444,0.915614973262032
35,bernoulli,1,none,1.0,1.0,raw,none,,26,0.4451497935144553,0.593344578995189,0.3134431197251212,0.902323134917156
4,bernoulli,1,none,1.0,1.0,raw,none,,30,0.4475142941243186,0.6092861693536934,0.3685305766925404,0.8753335855285783
23,bernoulli,1,none,1.0,1.0,raw,none,,26,0.4460826705385146,0.6130195603734745,0.2982560459956663,0.9238642756680732
30,bernoulli,1,none,1.0,1.0,raw,none,,26,0.4353987608730765,0.5919749149659864,0.4271161214136236,0.6998891318088094
5,bernoulli,1,none,1.0,1.0,raw,none,,30,0.4440219314588583,0.5859388515798248,0.3073284307675482,0.9159040316596586
26,bernoulli,1,none,1.0,1.0,raw,none,,27,0.4505737104604758,0.5637821569482404,0.3195007785360793,0.8892577975457133
18,bernoulli,1,none,1.0,1.0,raw,none,,26,0.4769819477442035,0.5629002803023868,0.470258479009964,0.5909436002438659
38,bernoulli,1,none,1.0,1.0,raw,none,,26,0.4430924338787927,0.5776097187976628,0.4466204258246525,0.6558597269388038
32,bernoulli,1,none,1.0,1.0,raw,none,,24,0.4310555614052933,0.5941959758041147,0.311700011529087,0.9110370584351272
41,bernoulli,1,none,1.0,1.0,raw,none,,24,0.4329419778994562,0.5996383149616388,0.3340501330150013,0.9118042875498747
17,bernoulli,1,none,1.0,1.0,raw,none,,25,0.4377059622017525,0.5497185231036905,0.3328170565620088,0.8983366677762412
34,bernoulli,1,none,1.0,1.0,raw,none,,27,0.4394391036445872,0.6075221498562461,0.3158722598278176,0.911241691749792
49,bernoulli,1,none,1.0,1.0,raw,none,,25,0.4444809561705998,0.5786388786147237,0.3215394479294325,0.9082594321749016
13,bernoulli,1,none,1.0,1.0,raw,none,,25,0.447797251093666,0.559329407281173,0.3162540611375741,0.9004342868404753
14,bernoulli,1,none,1.0,1.0,raw,none,,28,0.4367446680174752,0.6039209765776646,0.3155270948677651,0.9040400207003624
25,bernoulli,1,none,1.0,1.0,raw,none,,24,0.4497701329331193,0.56394935551961,0.321572593182087,0.8975719777752833
48,bernoulli,1,none,1.0,1.0,raw,none,,24,0.4318539709279401,0.6002215751982273,0.3065796323727231,0.921708099658572
19,bernoulli,1,none,1.0,1.0,raw,none,,27,0.4288347973393934,0.5966498637731514,0.4626999152338244,0.6608773996811976
8,bernoulli,1,none,1.0,1.0,raw,none,,28,0.4414971857164833,0.5696438260599954,0.4698925874863369,0.6245825850263778
24,bernoulli,1,none,1.0,1.0,raw,none,,25,0.4583784120961677,0.5403734141865475,0.4109764073450183,0.7284058925898607
28,bernoulli,1,none,1.0,1.0,raw,none,,24,0.4511092997170997,0.5625839633910753,0.3887763721560821,0.7333743461169405
10,bernoulli,1,none,1.0,1.0,raw,none,,28,0.4414411716656847,0.6046844001001598,0.3165533289093973,0.9085618567382744
46,bernoulli,1,none,1.0,1.0,raw,none,,26,0.4603276339993461,0.5717355371900827,0.4329851536033639,0.6274018280961908
33,bernoulli,1,none,1.0,1.0,raw,none,,24,0.4454756655335224,0.5892804194822017,0.4411373838706165,0.6982686047816815
16,bernoulli,1,none,1.0,1.0,raw,none,,27,0.4531306562399532,0.534918637625644,0.3110738397853313,0.9143227045876924
44,bernoulli,1,none,1.0,1.0,raw,none,,24,0.4355165958570953,0.5975054062403461,0.4244060355848036,0.7166862263949642
12,bernoulli,1,none,1.0,1.0,raw,none,,30,0.4442352180769481,0.5874253642225937,0.4050590039764391,0.7066062738964198
22,bernoulli,1,none,1.0,1.0,raw,none,,27,0.4470354679072679,0.5625871288954454,0.2987702008125347,0.9128651900620062
9,bernoulli,1,none,1.0,1.0,raw,none,,25,0.4420113762075494,0.5888370899826616,0.4490131073336318,0.5830046987749623
31,bernoulli,1,none,1.0,1.0,raw,none,,27,0.4402087687345639,0.6025797783003023,0.3056839519038218,0.9130870415879656
21,bernoulli,1,none,1.0,1.0,raw,none,,25,0.4334397085308198,0.609547056232565,0.3134344078550393,0.9152415671657076
42,bernoulli,1,none,1.0,1.0,raw,none,,27,0.4677845549407117,0.5393240214520131,0.4616112230446814,0.5848529080702671
47,bernoulli,1,none,1.0,1.0,raw,none,,28,0.431012693709445,0.6225541533574209,0.3173613438314414,0.9105069181353976
20,bernoulli,1,none,1.0,1.0,raw,none,,25,0.4549548264495344,0.5465122418807169,0.4370682834268237,0.5927716825877234
27,bernoulli,1,none,1.0,1.0,raw,none,,27,0.4428520829432467,0.5453555676968271,0.3165158564669398,0.9115225052725052
29,bernoulli,1,none,1.0,1.0,raw,none,,25,0.4405787822481598,0.577562719236121,0.300688766529157,0.911862049784453
7,bernoulli,1,none,1.0,1.0,raw,none,,28,0.4636525189441851,0.5498746238716149,0.4346701860853387,0.6730123180291153
11,bernoulli,1,none,1.0,1.0,raw,none,,28,0.442774214236971,0.5951590419950523,0.3084111941249834,0.9130343281007416
36,bernoulli,1,none,1.0,1.0,raw,none,,25,0.4442044577109105,0.5638549788962393,0.2943454692793199,0.924172781487894
40,bernoulli,1,none,1.0,1.0,raw,none,,25,0.435776449008126,0.5744894298356343,0.3132801688501438,0.908417005504384
37,bernoulli,1,none,1.0,1.0,raw,none,,25,0.4464219310811599,0.5829963766213306,0.3096734846737226,0.9186335924828012
39,bernoulli,1,none,1.0,1.0,raw,none,,27,0.4478789875535457,0.5537147630928323,0.4292592775856348,0.6781369998761303
15,bernoulli,1,none,1.0,1.0,raw,none,,29,0.444701159944988,0.6139522733347914,0.326005893436795,0.8890667635645627
43,bernoulli,1,none,1.0,1.0,raw,none,,27,0.4565901951154432,0.5450471757273447,0.2992613401056913,0.9126147305591532
35,bernoulli,1,none,1.0,1.0,raw,none,,27,0.445002129796107,0.6058507231481894,0.3128964412877267,0.9020706583676688
23,bernoulli,1,none,1.0,1.0,raw,none,,27,0.4472796675297537,0.5846119150970308,0.3037129123047043,0.9197116736990156
26,bernoulli,1,none,1.0,1.0,raw,none,,28,0.4657066094483004,0.5439163680062958,0.3568745993563512,0.89891554775975
18,bernoulli,1,none,1.0,1.0,raw,none,,27,0.481804131740393,0.5627707466236302,0.4761160181720119,0.6045345265894424
45,bernoulli,1,none,1.0,1.0,raw,none,,25,0.4489293036697144,0.5457390195006379,0.2987545396547684,0.9210522684146972
38,bernoulli,1,none,1.0,1.0,raw,none,,27,0.4415553187267568,0.5764750140049151,0.4441845814233419,0.6597754522142907
30,bernoulli,1,none,1.0,1.0,raw,none,,27,0.4372886760416157,0.5874808673469388,0.4220528227833374,0.7150307564250016
32,bernoulli,1,none,1.0,1.0,raw,none,,25,0.4323709618180509,0.5948094755143436,0.3105233741361127,0.9122372620226696
34,bernoulli,1,none,1.0,1.0,raw,none,,28,0.4442759043622892,0.6142614060234198,0.319962473099416,0.9087042725208798
49,bernoulli,1,none,1.0,1.0,raw,none,,26,0.4420530087727495,0.5738645370209617,0.3145261999483795,0.9136025641471326
14,bernoulli,1,none,1.0,1.0,raw,none,,29,0.4366568035214226,0.6160376137687098,0.3153501711554461,0.9042401242021734
17,bernoulli,1,none,1.0,1.0,raw,none,,26,0.4389530982290884,0.5496118713822062,0.3324972472937369,0.8976194479809748
41,bernoulli,1,none,1.0,1.0,raw,none,,25,0.4304999213866584,0.6164882058155406,0.3149268804941149,0.9112125515655644
13,bernoulli,1,none,1.0,1.0,raw,none,,26,0.4501702887144458,0.6007003616857576,0.3162406558703184,0.8997233796948028
48,bernoulli,1,none,1.0,1.0,raw,none,,25,0.4395489227994673,0.5689492574484061,0.3101059044014129,0.922191446475339
25,bernoulli,1,none,1.0,1.0,raw,none,,25,0.4544925114294847,0.5704721353807766,0.3341994903422453,0.9011603434728924
24,bernoulli,1,none,1.0,1.0,raw,none,,26,0.4549308505803252,0.5241578898374957,0.4197658337610841,0.7368029047574713
28,bernoulli,1,none,1.0,1.0,raw,none,,25,0.4488570706136409,0.5529478904142607,0.4021497647679025,0.7277292846751479
10,bernoulli,1,none,1.0,1.0,raw,none,,29,0.4412619430827652,0.5914440356723231,0.3168776497363297,0.9095703529736824
16,bernoulli,1,none,1.0,1.0,raw,none,,28,0.4544739211755571,0.5476296527251941,0.3116809482646972,0.91379022322454
46,bernoulli,1,none,1.0,1.0,raw,none,,27,0.452376932037267,0.5952256103353283,0.4352209128751113,0.6186811031344397
44,bernoulli,1,none,1.0,1.0,raw,none,,25,0.4334255785908126,0.6072602375313219,0.4211505037750597,0.7138091681781001
19,bernoulli,1,none,1.0,1.0,raw,none,,28,0.451848814457525,0.6437003389058183,0.4281184244695088,0.6417180677801648
8,bernoulli,1,none,1.0,1.0,raw,none,,29,0.4447900149681758,0.5687427331214634,0.4627446294469808,0.6426471826243125
22,bernoulli,1,none,1.0,1.0,raw,none,,28,0.4478109941104504,0.5666513000184399,0.3012783599499654,0.9104778864026564
33,bernoulli,1,none,1.0,1.0,raw,none,,25,0.4446571446698699,0.5662970708032272,0.4287428963464752,0.6958026995173421
9,bernoulli,1,none,1.0,1.0,raw,none,,26,0.4456166182608518,0.5635173029970632,0.4462218119162712,0.5888012530066565
21,bernoulli,1,none,1.0,1.0,raw,none,,26,0.4328252494393974,0.6065142783732198,0.3132416864275299,0.915326902465166
31,bernoulli,1,none,1.0,1.0,raw,none,,28,0.4411421804565856,0.6098846713693875,0.3270429868273351,0.9147693807502488
42,bernoulli,1,none,1.0,1.0,raw,none,,28,0.4803448649157665,0.5533979028255823,0.4774964202377187,0.5758534672447224
20,bernoulli,1,none,1.0,1.0,raw,none,,26,0.4413613828288665,0.5595806729378889,0.4855431499016068,0.5905687442857593
36,bernoulli,1,none,1.0,1.0,raw,none,,26,0.4512918321076606,0.584744671016239,0.2989658836027171,0.9285630857174264
47,bernoulli,1,none,1.0,1.0,raw,none,,29,0.431953109931635,0.6179548271107155,0.3178228409059105,0.9112824630758248
40,bernoulli,1,none,1.0,1.0,raw,none,,26,0.435828370275132,0.5977313898227011,0.3072730910080131,0.9108718501922386
27,bernoulli,1,none,1.0,1.0,raw,none,,28,0.4436826829488924,0.5409609552541352,0.3193142384847466,0.907686063936064
29,bernoulli,1,none,1.0,1.0,raw,none,,26,0.440189541392892,0.5730592656162774,0.2978193296908263,0.9148692810457516
11,bernoulli,1,none,1.0,1.0,raw,none,,29,0.4423538602740095,0.5730241339430007,0.3069031071853023,0.9134414352251164
37,bernoulli,1,none,1.0,1.0,raw,none,,26,0.4456764039330183,0.6159424910540806,0.3080570043784506,0.916102690307064
7,bernoulli,1,none,1.0,1.0,raw,none,,29,0.436825197789334,0.5886973420260783,0.4303484601499962,0.6939179731243001
15,bernoulli,1,none,1.0,1.0,raw,none,,30,0.4454383504952299,0.5899066851352337,0.3262397101668669,0.8885525648233213
39,bernoulli,1,none,1.0,1.0,raw,none,,28,0.4463614774422047,0.5738154641619346,0.4323962058397546,0.6887791757356976
18,bernoulli,1,none,1.0,1.0,raw,none,,28,0.4770321173711563,0.5642189756221864,0.4684981623301093,0.5911334015851287
43,bernoulli,1,none,1.0,1.0,raw,none,,28,0.4515863141706918,0.5849181009306141,0.2995227768146793,0.910809307956529
38,bernoulli,1,none,1.0,1.0,raw,none,,28,0.4389729568020251,0.5861680508020625,0.4481820458849125,0.66292882389632
35,bernoulli,1,none,1.0,1.0,raw,none,,28,0.4433347720407264,0.5865338784872722,0.3110120516209789,0.9035083720522484
30,bernoulli,1,none,1.0,1.0,raw,none,,28,0.4371832484324197,0.5825616496598639,0.4212753838381909,0.7056397716322492
26,bernoulli,1,none,1.0,1.0,raw,none,,29,0.4574074134527787,0.5987528935492905,0.318149696526899,0.8951777374066416
23,bernoulli,1,none,1.0,1.0,raw,none,,28,0.4535627059746819,0.5943843917934326,0.3061180521424635,0.9242229254571028
45,bernoulli,1,none,1.0,1.0,raw,none,,26,0.4503709363645529,0.5232094040459268,0.3014615280221112,0.920006900120752
32,bernoulli,1,none,1.0,1.0,raw,none,,26,0.4369943284991366,0.5962039988409158,0.3122154848006098,0.9095514196104326
34,bernoulli,1,none,1.0,1.0,raw,none,,29,0.4397531798975893,0.6182114986462812,0.317023205605729,0.9091340243605944
14,bernoulli,1,none,1.0,1.0,raw,none,,30,0.4364528726981196,0.6022516499158866,0.3126389671326339,0.9068035190615836
49,bernoulli,1,none,1.0,1.0,raw,none,,27,0.442334625112295,0.5929883226775564,0.3151826392999239,0.9123997510941774
48,bernoulli,1,none,1.0,1.0,raw,none,,26,0.4395830089634185,0.5867851453057188,0.3103586262114541,0.9191131100111064
41,bernoulli,1,none,1.0,1.0,raw,none,,26,0.4377563611019912,0.6029915393295522,0.319734016103207,0.9087779806586868
17,bernoulli,1,none,1.0,1.0,raw,none,,27,0.4395671611751913,0.5388965101883763,0.3361641097363196,0.8959379278868097
25,bernoulli,1,none,1.0,1.0,raw,none,,26,0.4501463393842052,0.5510162262535996,0.3195130793061382,0.898168284880458
13,bernoulli,1,none,1.0,1.0,raw,none,,27,0.448652773368636,0.5666979456536589,0.3132427567689582,0.9044956078608029
24,bernoulli,1,none,1.0,1.0,raw,none,,27,0.4576419108896744,0.5427537966435277,0.418589460857156,0.7245887433486353
10,bernoulli,1,none,1.0,1.0,raw,none,,30,0.4446526038282898,0.581229655026292,0.3208289750946751,0.9079850797817228
28,bernoulli,1,none,1.0,1.0,raw,none,,26,0.451537194912442,0.5432302909785656,0.387945867717086,0.7287468660042715
16,bernoulli,1,none,1.0,1.0,raw,none,,29,0.4531888587940759,0.5707800691877125,0.3107379829127076,0.9165744395024604
46,bernoulli,1,none,1.0,1.0,raw,none,,28,0.4415098254459453,0.6081485703429277,0.4498049684259462,0.6434310148679926
22,bernoulli,1,none,1.0,1.0,raw,none,,29,0.4485319775735124,0.562229393324728,0.3019861881763996,0.9119961122068192
44,bernoulli,1,none,1.0,1.0,raw,none,,26,0.4319777919537989,0.6210289877458551,0.4196343080467241,0.721547707955475
8,bernoulli,1,none,1.0,1.0,raw,none,,30,0.4469986164404431,0.5792399813967909,0.4423463313742573,0.6110744752497475
19,bernoulli,1,none,1.0,1.0,raw,none,,29,0.4331031635829473,0.6289455946990195,0.4489039105607658,0.6482673781966872
31,bernoulli,1,none,1.0,1.0,raw,none,,29,0.4332724403121287,0.6432762288657485,0.3045261395937205,0.9142988673829302
42,bernoulli,1,none,1.0,1.0,raw,none,,29,0.4759475304691892,0.5492855999359642,0.4711712926811373,0.5800999252013391
20,bernoulli,1,none,1.0,1.0,raw,none,,27,0.4668645929353726,0.5412198826989001,0.4477658868183164,0.5952662442069423
36,bernoulli,1,none,1.0,1.0,raw,none,,27,0.4448147719350545,0.5598445065811908,0.294085079688323,0.9253407810481766
21,bernoulli,1,none,1.0,1.0,raw,none,,27,0.4354788722848906,0.6153992622228748,0.3138414677429932,0.9158320874379612
33,bernoulli,1,none,1.0,1.0,raw,none,,26,0.4448070334371557,0.5802681065559699,0.4282864878632361,0.6980335896284655
40,bernoulli,1,none,1.0,1.0,raw,none,,27,0.4419558487812094,0.6242243452610319,0.3133512822972403,0.907690924681216
47,bernoulli,1,none,1.0,1.0,raw,none,,30,0.4324967537465949,0.6110602014277985,0.3156758106992557,0.9106647724153076
27,bernoulli,1,none,1.0,1.0,raw,none,,29,0.4481745650202035,0.5664318914253589,0.341173224283795,0.9081890331890332
11,bernoulli,1,none,1.0,1.0,raw,none,,30,0.4428611342078852,0.5503626601717179,0.3076707218151073,0.910129377264102
9,bernoulli,1,none,1.0,1.0,raw,none,,27,0.4374441213345117,0.565587293443261,0.4823622106807537,0.5861616882027185
18,bernoulli,1,none,1.0,1.0,raw,none,,29,0.4702943633628504,0.5636604943514822,0.4592018099396123,0.5843833757031276
37,bernoulli,1,none,1.0,1.0,raw,none,,27,0.4523724192756262,0.5992284378961897,0.3160993712637712,0.9192837966329214
30,bernoulli,1,none,1.0,1.0,raw,none,,29,0.4376128766359075,0.6038669217687075,0.4135775695448859,0.72324052871348
26,bernoulli,1,none,1.0,1.0,raw,none,,30,0.4526454426769359,0.5840254809584073,0.3176262024995934,0.8944399200929928
38,bernoulli,1,none,1.0,1.0,raw,none,,29,0.4360285947504629,0.5974558078484771,0.4539290233683558,0.6690276526439809
43,bernoulli,1,none,1.0,1.0,raw,none,,29,0.4555951075696876,0.5735389499862038,0.2994680969293259,0.911967171574976
7,bernoulli,1,none,1.0,1.0,raw,none,,30,0.4379551937742114,0.567245486459378,0.4622909266652319,0.6748600223964166
29,bernoulli,1,none,1.0,1.0,raw,none,,27,0.4406582562767688,0.5667831759971338,0.2971997116540239,0.9159052982895286
35,bernoulli,1,none,1.0,1.0,raw,none,,29,0.4446331832482303,0.6079620775429346,0.3117233519823928,0.9005382659770318
39,bernoulli,1,none,1.0,1.0,raw,none,,29,0.4465659219758866,0.5573367652980201,0.4287212778986357,0.6749093096919184
34,bernoulli,1,none,1.0,1.0,raw,none,,30,0.4393739077905833,0.6175325437339168,0.3154221170656633,0.9080741981104616
23,bernoulli,1,none,1.0,1.0,raw,none,,29,0.4496504160877526,0.603638368246968,0.3038386355499983,0.9209458509142052
32,bernoulli,1,none,1.0,1.0,raw,none,,27,0.4323438379296591,0.6031064365401333,0.3105879942344067,0.91132593265104
45,bernoulli,1,none,1.0,1.0,raw,none,,27,0.4494232375738987,0.5450501184618188,0.3038721178201364,0.9159358288770054
48,bernoulli,1,none,1.0,1.0,raw,none,,27,0.4318365627579322,0.5919033492647732,0.3083907920657975,0.917519093913258
22,bernoulli,1,none,1.0,1.0,raw,none,,30,0.4485386219384941,0.5417499539000552,0.3009450268423089,0.9105381897640366
24,bernoulli,1,none,1.0,1.0,raw,none,,28,0.4584500875740662,0.5325756669060348,0.4135028728030135,0.7277577649982455
46,bernoulli,1,none,1.0,1.0,raw,none,,29,0.4461954298232489,0.6135632183908046,0.4382189905345098,0.6220469969793261
49,bernoulli,1,none,1.0,1.0,raw,none,,28,0.4430560111831081,0.5857739717238203,0.3146060784856108,0.9116871017419932
28,bernoulli,1,none,1.0,1.0,raw,none,,27,0.4507025883103255,0.5580237986367358,0.3947457212152205,0.7345544309282819
42,bernoulli,1,none,1.0,1.0,raw,none,,30,0.4642132722883885,0.5544304810693989,0.456225246907609,0.5902249769431313
41,bernoulli,1,none,1.0,1.0,raw,none,,27,0.4406897882757314,0.5837000280872577,0.334318885818542,0.9113004666260904
31,bernoulli,1,none,1.0,1.0,raw,none,,30,0.4373787303153867,0.6563542716381144,0.3084825242872011,0.9105313754561272
16,bernoulli,1,none,1.0,1.0,raw,none,,30,0.4537718201216962,0.5347367600552313,0.3105448236937521,0.918471186841794
25,bernoulli,1,none,1.0,1.0,raw,none,,27,0.4514930209658624,0.5786922524535227,0.324820247788958,0.8941028734987091
17,bernoulli,1,none,1.0,1.0,raw,none,,28,0.4403767522224261,0.5409438049988289,0.3340935445015421,0.8945686900958466
44,bernoulli,1,none,1.0,1.0,raw,none,,27,0.4320404306991831,0.6098282016956716,0.4306084733236076,0.7099932430029516
13,bernoulli,1,none,1.0,1.0,raw,none,,28,0.4491781631047096,0.565576216464971,0.3150390710138933,0.9013598738667716
19,bernoulli,1,none,1.0,1.0,raw,none,,30,0.4328294840210522,0.621355813136635,0.4500446688151604,0.6406126550696514
18,bernoulli,1,none,1.0,1.0,raw,none,,30,0.4642556581619727,0.5583666015459101,0.4474688905153201,0.6087389138762036
30,bernoulli,1,none,1.0,1.0,raw,none,,30,0.4378867143223254,0.6002317176870748,0.4129952946768944,0.7317473310468928
43,bernoulli,1,none,1.0,1.0,raw,none,,30,0.4589803817250656,0.5284254809845805,0.2998524357550003,0.914736893969255
20,bernoulli,1,none,1.0,1.0,raw,none,,28,0.4365678291022846,0.590711361310133,0.492429885520701,0.5860919322803366
38,bernoulli,1,none,1.0,1.0,raw,none,,30,0.4389357679197913,0.5861271605392608,0.4670794601291184,0.6612759026959595
27,bernoulli,1,none,1.0,1.0,raw,none,,30,0.4440191795700038,0.5579692931404455,0.3175477289008998,0.9078595016095016
39,bernoulli,1,none,1.0,1.0,raw,none,,30,0.4432930581661748,0.5472591321494561,0.4489979076719066,0.6858523119392685
40,bernoulli,1,none,1.0,1.0,raw,none,,28,0.4370799773202259,0.5763341704425162,0.3095842472634531,0.9087074378336514
36,bernoulli,1,none,1.0,1.0,raw,none,,28,0.4446990991823471,0.5763732599816621,0.2918930906207261,0.9304524967708248
23,bernoulli,1,none,1.0,1.0,raw,none,,30,0.4469939493712819,0.5793382471993277,0.3001611683972261,0.9221729957805906
35,bernoulli,1,none,1.0,1.0,raw,none,,30,0.4492814393460687,0.6078689843156531,0.3125963777696516,0.90152362584378
21,bernoulli,1,none,1.0,1.0,raw,none,,28,0.4341933941104043,0.5991640361180444,0.3108310958297691,0.9172076924652344
46,bernoulli,1,none,1.0,1.0,raw,none,,30,0.4460654167891293,0.599298945568538,0.4829642609776692,0.6221921462476953
33,bernoulli,1,none,1.0,1.0,raw,none,,27,0.4440386102251489,0.572831973033287,0.4352984553890047,0.676566533842182
32,bernoulli,1,none,1.0,1.0,raw,none,,28,0.432792386988909,0.6044986960301362,0.3083861171587965,0.9132586387146472
37,bernoulli,1,none,1.0,1.0,raw,none,,28,0.4470155508250729,0.5901081012145445,0.3086242781399287,0.9176303204877232
48,bernoulli,1,none,1.0,1.0,raw,none,,28,0.4381128174507001,0.6124448351004412,0.308784293247094,0.9194901890880172
9,bernoulli,1,none,1.0,1.0,raw,none,,28,0.4679404898184061,0.562062117405612,0.4493072256780784,0.596513676791408
24,bernoulli,1,none,1.0,1.0,raw,none,,29,0.4587454640738526,0.5170466634750924,0.4104235187029534,0.7200088804222498
29,bernoulli,1,none,1.0,1.0,raw,none,,28,0.4469061327139816,0.5627525641773385,0.2990118347149404,0.9216798776248089
45,bernoulli,1,none,1.0,1.0,raw,none,,28,0.4506377985243893,0.5530654273737925,0.3033833223960968,0.9141659479040884
28,bernoulli,1,none,1.0,1.0,raw,none,,28,0.4524985784697992,0.544671182523563,0.3857474024939215,0.7365315566285945
44,bernoulli,1,none,1.0,1.0,raw,none,,28,0.4340044945723643,0.6145436446641266,0.4219395976590098,0.7175361854973505
20,bernoulli,1,none,1.0,1.0,raw,none,,29,0.4361307481511037,0.5669201150265633,0.4869487280351066,0.5913687379803902
49,bernoulli,1,none,1.0,1.0,raw,none,,29,0.4438529942761204,0.5779085741891168,0.3142079528933936,0.9105816261615316
40,bernoulli,1,none,1.0,1.0,raw,none,,29,0.4401351552884281,0.5802716840067855,0.3138814551404834,0.906340760102896
41,bernoulli,1,none,1.0,1.0,raw,none,,28,0.4313064593522421,0.6370682816018606,0.3159436034189388,0.9049942517075809
36,bernoulli,1,none,1.0,1.0,raw,none,,29,0.445011807027905,0.5836061288049285,0.2911517445755211,0.926402286530904
25,bernoulli,1,none,1.0,1.0,raw,none,,28,0.4507200778068022,0.5484103784191553,0.3167159719208883,0.8997362217981815
17,bernoulli,1,none,1.0,1.0,raw,none,,29,0.4402412468171647,0.5329219225750326,0.3338574843259189,0.8973243240460805
13,bernoulli,1,none,1.0,1.0,raw,none,,29,0.4488220951482041,0.5943726585700829,0.3158667875217895,0.9017610788895772
48,bernoulli,1,none,1.0,1.0,raw,none,,29,0.4375208100410526,0.594398359244813,0.3097953700327613,0.9163055848839282
32,bernoulli,1,none,1.0,1.0,raw,none,,29,0.4338313645884721,0.6041070523036801,0.3098282085758908,0.9129113018597996
24,bernoulli,1,none,1.0,1.0,raw,none,,30,0.459295662367197,0.5322232639165936,0.4103420563313451,0.7241626263132641
21,bernoulli,1,none,1.0,1.0,raw,none,,29,0.4350204194143379,0.589118246219351,0.3123704164770932,0.9169209658590536
33,bernoulli,1,none,1.0,1.0,raw,none,,28,0.4436432689936876,0.5810698512773296,0.4334301167239488,0.6947188236614659
37,bernoulli,1,none,1.0,1.0,raw,none,,29,0.4469290220512493,0.577186217657782,0.3080813221605704,0.9170745008110072
28,bernoulli,1,none,1.0,1.0,raw,none,,29,0.4531351614503313,0.5532669069924889,0.3964322812288516,0.7180138979168601
44,bernoulli,1,none,1.0,1.0,raw,none,,29,0.4329230129571049,0.6079081282394536,0.4178029025451323,0.7186386429104876
9,bernoulli,1,none,1.0,1.0,raw,none,,29,0.4458476414865261,0.5883527652949294,0.4384693748377775,0.5955592381272025
45,bernoulli,1,none,1.0,1.0,raw,none,,29,0.4524323332231088,0.5545653362493166,0.3034508502235199,0.916939796446438
29,bernoulli,1,none,1.0,1.0,raw,none,,29,0.4470514009341334,0.5964180671393695,0.2980682085434052,0.9182971770268392
20,bernoulli,1,none,1.0,1.0,raw,none,,30,0.4426382476830058,0.5666215821026466,0.4893044851126385,0.5896189980768625
40,bernoulli,1,none,1.0,1.0,raw,none,,30,0.4373278790177184,0.5811907324483893,0.3107334152508397,0.9092537272148924
36,bernoulli,1,none,1.0,1.0,raw,none,,30,0.4454987454359241,0.566844362605803,0.2968962059478174,0.9236403111001182
48,bernoulli,1,none,1.0,1.0,raw,none,,30,0.4340052670893143,0.5788079803695361,0.305789665765207,0.9230244484361504
32,bernoulli,1,none,1.0,1.0,raw,none,,30,0.4340127346822745,0.5957240654882643,0.3108552205665472,0.911814267635083
49,bernoulli,1,none,1.0,1.0,raw,none,,30,0.4430753327366557,0.5834773813208131,0.3155821086520485,0.9102618030376244
28,bernoulli,1,none,1.0,1.0,raw,none,,30,0.4536108174991118,0.5768954015532562,0.3869765029582801,0.729528430371127
41,bernoulli,1,none,1.0,1.0,raw,none,,29,0.4415631648313103,0.5984951142954288,0.3319890051501933,0.912145803746534
44,bernoulli,1,none,1.0,1.0,raw,none,,30,0.4365342755433695,0.6157471767411526,0.4328245953133339,0.6898396102279597
25,bernoulli,1,none,1.0,1.0,raw,none,,29,0.45223637296328,0.5635921168116174,0.3244328768405729,0.8943589347850488
17,bernoulli,1,none,1.0,1.0,raw,none,,30,0.4394012081420465,0.538973884966708,0.3326323397685669,0.8989269156460298
13,bernoulli,1,none,1.0,1.0,raw,none,,30,0.4488966906891036,0.5896142977328128,0.3192441966015518,0.8952186215440057
21,bernoulli,1,none,1.0,1.0,raw,none,,30,0.4356130199071215,0.6107675084422259,0.3134813397480245,0.9140093254415248
33,bernoulli,1,none,1.0,1.0,raw,none,,29,0.4451310808826401,0.5754244760373913,0.4350125238106554,0.7111207767426198
37,bernoulli,1,none,1.0,1.0,raw,none,,30,0.4447477339847127,0.5937652380702321,0.3079469396879806,0.91707100508977
45,bernoulli,1,none,1.0,1.0,raw,none,,30,0.4505864428189556,0.532941498086386,0.3020554466639586,0.9187062273589788
9,bernoulli,1,none,1.0,1.0,raw,none,,30,0.444435779127776,0.585679027635257,0.4346578788400433,0.5901297756894334
29,bernoulli,1,none,1.0,1.0,raw,none,,30,0.4419177644639128,0.5751047750772795,0.2961071147267809,0.9184431928799888
25,bernoulli,1,none,1.0,1.0,raw,none,,30,0.4514023823636779,0.5760265626020035,0.3200403778857429,0.89860323829835
41,bernoulli,1,none,1.0,1.0,raw,none,,30,0.4375440371012354,0.6008283277240944,0.3353891888118324,0.91190910935281
33,bernoulli,1,none,1.0,1.0,raw,none,,30,0.4432244116426847,0.5828840181650774,0.4440246665510033,0.682241974407902
