seed,model_type,n_samples,pre_revision,j_percentage,train_retention,baseline_embedding_type,pre_population_match,pre_population_match_version,mirt_dim,rmse_mirt,auc_mirt,val_rmse_mirt,val_auc_mirt
1,beta,1,64,1.0,1.0,raw,transport_binary_strength,1,2,0.4508715864665169,0.5167207083418944,0.4066697849515013,0.7589393922624417
2,beta,1,64,1.0,1.0,raw,transport_binary_strength,1,2,0.4402313631728146,0.5544410214298283,0.4154159809069902,0.7588433262244778
3,beta,1,64,1.0,1.0,raw,transport_binary_strength,1,2,0.4488132803033235,0.5288451604968638,0.4172194172226193,0.7493181982498047
0,beta,1,64,1.0,1.0,raw,transport_binary_strength,1,2,0.4551701595906166,0.5332266533402248,0.4117857579927323,0.7559327973613688
1,beta,1,64,1.0,1.0,raw,transport_binary_strength,1,3,0.4509526830854577,0.5144737517978221,0.4097692934932083,0.7597923111403795
3,beta,1,64,1.0,1.0,raw,transport_binary_strength,1,3,0.4501560053349697,0.5208037141802976,0.4130334482595565,0.7671157787312614
2,beta,1,64,1.0,1.0,raw,transport_binary_strength,1,3,0.4385522551930784,0.5281503989880572,0.4141686501381939,0.7642862383771597
1,beta,1,64,1.0,1.0,raw,transport_binary_strength,1,4,0.4518243604594825,0.5182295947195398,0.4072637929752605,0.7655410397171049
0,beta,1,64,1.0,1.0,raw,transport_binary_strength,1,3,0.4550362105161076,0.521896895783345,0.4139083359386031,0.7631338899196042
2,beta,1,64,1.0,1.0,raw,transport_binary_strength,1,4,0.4389545409761895,0.5080715704751388,0.4185250581978159,0.7662932614002992
3,beta,1,64,1.0,1.0,raw,transport_binary_strength,1,4,0.4507376988626561,0.5115699175993113,0.4146837935465313,0.7588976605666585
1,beta,1,64,1.0,1.0,raw,transport_binary_strength,1,5,0.4518891614855486,0.5247656410519828,0.4087459659960643,0.7648015666591036
0,beta,1,64,1.0,1.0,raw,transport_binary_strength,1,4,0.4552280031867619,0.5122008824203922,0.4123588457773754,0.7562911427197142
2,beta,1,64,1.0,1.0,raw,transport_binary_strength,1,5,0.440490397056363,0.5261962628501187,0.4154229397174163,0.7724088152576667
3,beta,1,64,1.0,1.0,raw,transport_binary_strength,1,5,0.4510854497924846,0.5153086951174517,0.416720657029596,0.7601130160698744
1,beta,1,64,1.0,1.0,raw,transport_binary_strength,1,6,0.4521267022661642,0.5018003903842203,0.4107736391368716,0.7664679750751233
6,beta,1,64,1.0,1.0,raw,transport_binary_strength,1,2,0.449812074336404,0.5191720239892997,0.4115206956885221,0.748957622155202
0,beta,1,64,1.0,1.0,raw,transport_binary_strength,1,5,0.4553365342100764,0.521695629999555,0.4157863934588338,0.7594966673538103
2,beta,1,64,1.0,1.0,raw,transport_binary_strength,1,6,0.4406282945604458,0.5129071807649247,0.4156935076075118,0.7624837593455146
3,beta,1,64,1.0,1.0,raw,transport_binary_strength,1,6,0.4514100738183857,0.5075172180543599,0.4197682299196775,0.7613794676002525
5,beta,1,64,1.0,1.0,raw,transport_binary_strength,1,2,0.4359915306762667,0.5236945945479959,0.4122806030640781,0.7603371005933313
1,beta,1,64,1.0,1.0,raw,transport_binary_strength,1,7,0.4522027627758896,0.5199757294020957,0.4127914786058093,0.7580980600764791
6,beta,1,64,1.0,1.0,raw,transport_binary_strength,1,3,0.4495514674143558,0.5392540737225122,0.4081617818092007,0.7731687739750321
0,beta,1,64,1.0,1.0,raw,transport_binary_strength,1,6,0.4553494770008509,0.5147639405649818,0.4145457129286572,0.7621907854050712
2,beta,1,64,1.0,1.0,raw,transport_binary_strength,1,7,0.4409868729361164,0.5112071142031588,0.4160485053164985,0.7658601195976678
3,beta,1,64,1.0,1.0,raw,transport_binary_strength,1,7,0.4515024930688711,0.5190139589226418,0.4194477687301158,0.7624411874299601
5,beta,1,64,1.0,1.0,raw,transport_binary_strength,1,3,0.4365182146617608,0.5081653425383192,0.4139587344299021,0.7610865513227639
6,beta,1,64,1.0,1.0,raw,transport_binary_strength,1,4,0.4497353610083712,0.5061907638319598,0.4102088349557072,0.768228371129568
1,beta,1,64,1.0,1.0,raw,transport_binary_strength,1,8,0.4521125795716522,0.5275586860489008,0.4119031489569313,0.774273946752406
2,beta,1,64,1.0,1.0,raw,transport_binary_strength,1,8,0.4410277575301395,0.5067106883914749,0.4209569549595876,0.757186900601311
0,beta,1,64,1.0,1.0,raw,transport_binary_strength,1,7,0.4555012123749193,0.5187858333533002,0.4162196523182735,0.766676802033945
3,beta,1,64,1.0,1.0,raw,transport_binary_strength,1,8,0.4517523264273529,0.5155509777395154,0.4214725340699279,0.7582925028572065
4,beta,1,64,1.0,1.0,raw,transport_binary_strength,1,2,0.4551193971705505,0.5598571093448144,0.4054937292500783,0.7700510428251706
5,beta,1,64,1.0,1.0,raw,transport_binary_strength,1,4,0.4383391438970548,0.5216583124602033,0.4135398805453198,0.7654488690170804
6,beta,1,64,1.0,1.0,raw,transport_binary_strength,1,5,0.4499207526204728,0.530834807495937,0.4138508021597735,0.7706881504823881
2,beta,1,64,1.0,1.0,raw,transport_binary_strength,1,9,0.4414752973717856,0.5221748228207398,0.4179655770154643,0.7598821397447318
1,beta,1,64,1.0,1.0,raw,transport_binary_strength,1,9,0.452434128213463,0.5291327434764742,0.4155477301396412,0.7596562107435958
3,beta,1,64,1.0,1.0,raw,transport_binary_strength,1,9,0.451623121238156,0.5587744434878859,0.4218214318916229,0.7535273638343014
0,beta,1,64,1.0,1.0,raw,transport_binary_strength,1,8,0.4558019652577858,0.5399649496322108,0.4165359788824122,0.7711483886483886
4,beta,1,64,1.0,1.0,raw,transport_binary_strength,1,3,0.4550879808922164,0.5236138709499365,0.4049514410554486,0.7751657947851877
6,beta,1,64,1.0,1.0,raw,transport_binary_strength,1,6,0.4503023429958748,0.5121445829917591,0.4130348913518993,0.7788788723115332
5,beta,1,64,1.0,1.0,raw,transport_binary_strength,1,5,0.4389581223632035,0.508275628765264,0.4145486424978416,0.7676366772052889
2,beta,1,64,1.0,1.0,raw,transport_binary_strength,1,10,0.4418630346380506,0.5225659688307316,0.4198434445969578,0.76168565707075
3,beta,1,64,1.0,1.0,raw,transport_binary_strength,1,10,0.4518737617781731,0.5202548886975772,0.4230272311425311,0.7552196155910316
1,beta,1,64,1.0,1.0,raw,transport_binary_strength,1,10,0.4519776584095731,0.5241354402095747,0.4126850464496762,0.770837541435394
0,beta,1,64,1.0,1.0,raw,transport_binary_strength,1,9,0.4559584031990279,0.537148597814144,0.4173359938814489,0.763749914107057
8,beta,1,64,1.0,1.0,raw,transport_binary_strength,1,2,0.4465282642222764,0.518556049511855,0.4156080228163347,0.7508788205806587
6,beta,1,64,1.0,1.0,raw,transport_binary_strength,1,7,0.4503483212298367,0.5189706749507413,0.4165925158641992,0.767077842952733
4,beta,1,64,1.0,1.0,raw,transport_binary_strength,1,4,0.4550896016912631,0.547987387536568,0.4057900319050667,0.7901278301822026
2,beta,1,64,1.0,1.0,raw,transport_binary_strength,1,11,0.440764526163514,0.5239447027290325,0.4190503146670723,0.7713800385830188
3,beta,1,64,1.0,1.0,raw,transport_binary_strength,1,11,0.4523263502974636,0.5186680605091625,0.4233003133689285,0.7571480561263789
5,beta,1,64,1.0,1.0,raw,transport_binary_strength,1,6,0.4396221937687098,0.5096391945954397,0.4169989949369782,0.7589486131924326
1,beta,1,64,1.0,1.0,raw,transport_binary_strength,1,11,0.4526326036317624,0.5237893594616807,0.4140493822718972,0.7672792164490905
0,beta,1,64,1.0,1.0,raw,transport_binary_strength,1,10,0.4558541553397882,0.5228238137127718,0.418801360752542,0.7666058544629973
16,beta,1,64,1.0,1.0,raw,transport_binary_strength,1,2,0.4436578124286772,0.5097950242528555,0.4118368142390116,0.7501881749282442
8,beta,1,64,1.0,1.0,raw,transport_binary_strength,1,3,0.4477557199955171,0.5037246484193398,0.410748481067396,0.7589278005987607
6,beta,1,64,1.0,1.0,raw,transport_binary_strength,1,8,0.4502395972194442,0.533567761142512,0.4166958937725745,0.7632030540423621
4,beta,1,64,1.0,1.0,raw,transport_binary_strength,1,5,0.4550466567525807,0.5348039824474251,0.4082515450557571,0.7779952904669714
3,beta,1,64,1.0,1.0,raw,transport_binary_strength,1,12,0.4519326372704015,0.5028563522321977,0.4232927623998322,0.7591896378647283
2,beta,1,64,1.0,1.0,raw,transport_binary_strength,1,12,0.4420671831764993,0.5187520561465072,0.4223499803157642,0.7521532494806797
23,beta,1,64,1.0,1.0,raw,transport_binary_strength,1,2,0.4396666961498313,0.5387532214921772,0.4081859311219839,0.7601072099980918
27,beta,1,64,1.0,1.0,raw,transport_binary_strength,1,2,0.4603860595362828,0.5156124858317098,0.4027409491016309,0.7794837524475832
19,beta,1,64,1.0,1.0,raw,transport_binary_strength,1,2,0.4393082952261531,0.5182967320621624,0.4142367518141933,0.7424199223218524
24,beta,1,64,1.0,1.0,raw,transport_binary_strength,1,2,0.4452659683009357,0.5059986567893194,0.4130329431760454,0.7679152780787102
5,beta,1,64,1.0,1.0,raw,transport_binary_strength,1,7,0.4384316844105857,0.5156490507952797,0.417581824776056,0.7606776168481704
1,beta,1,64,1.0,1.0,raw,transport_binary_strength,1,12,0.4527856114830587,0.5321909672282721,0.4150683224405651,0.7670215422544173
11,beta,1,64,1.0,1.0,raw,transport_binary_strength,1,2,0.4548206665251559,0.5340614679643653,0.4157028634411598,0.747816787258276
16,beta,1,64,1.0,1.0,raw,transport_binary_strength,1,3,0.4445800446076147,0.5223263581758787,0.4162612333299821,0.7399150702669766
0,beta,1,64,1.0,1.0,raw,transport_binary_strength,1,11,0.4560825576271464,0.5110032140913432,0.4201280841629063,0.7645834192262764
14,beta,1,64,1.0,1.0,raw,transport_binary_strength,1,2,0.4434148442863539,0.5223492313756405,0.4157623809695923,0.7615485504029068
31,beta,1,64,1.0,1.0,raw,transport_binary_strength,1,2,0.4416412808062335,0.5180263070466049,0.4070529338896345,0.7659792720767256
18,beta,1,64,1.0,1.0,raw,transport_binary_strength,1,2,0.4488137949223783,0.534973864491961,0.4144912515230102,0.7624335416569619
10,beta,1,64,1.0,1.0,raw,transport_binary_strength,1,2,0.447240520589002,0.5021051202771432,0.4110223617248152,0.7767925953488891
42,beta,1,64,1.0,1.0,raw,transport_binary_strength,1,2,0.4519511507167573,0.5112266182890987,0.4177429623253572,0.7415097107316786
15,beta,1,64,1.0,1.0,raw,transport_binary_strength,1,2,0.4496685595629256,0.5182175552604118,0.4180200670059268,0.7405517069152731
7,beta,1,64,1.0,1.0,raw,transport_binary_strength,1,2,0.4438697297469023,0.518743499979703,0.4188491070598398,0.7372260401514993
47,beta,1,64,1.0,1.0,raw,transport_binary_strength,1,2,0.4381984516886871,0.5183611866238967,0.4109826436647527,0.768683076952895
35,beta,1,64,1.0,1.0,raw,transport_binary_strength,1,2,0.445295467385594,0.5324955120898565,0.4164549607634449,0.7560938832714446
39,beta,1,64,1.0,1.0,raw,transport_binary_strength,1,2,0.4421808990417165,0.5175648274052339,0.4183907384006471,0.7488676700765834
26,beta,1,64,1.0,1.0,raw,transport_binary_strength,1,2,0.450577166421924,0.5120044406258543,0.4047462435472047,0.7756355224713669
28,beta,1,64,1.0,1.0,raw,transport_binary_strength,1,2,0.4554394445920922,0.5283906410981205,0.4078899806875515,0.7782854467613184
32,beta,1,64,1.0,1.0,raw,transport_binary_strength,1,2,0.4519690369860488,0.5191350578719844,0.4103734667386551,0.7678588453816707
8,beta,1,64,1.0,1.0,raw,transport_binary_strength,1,4,0.4483410761506116,0.480547141348985,0.4127324713584183,0.7677480331407087
6,beta,1,64,1.0,1.0,raw,transport_binary_strength,1,9,0.4498010924274719,0.5314007421150279,0.4157403563552583,0.7667764571933126
48,beta,1,64,1.0,1.0,raw,transport_binary_strength,1,2,0.4537781250594341,0.5302050967973231,0.4081386898601397,0.7554675035024581
2,beta,1,64,1.0,1.0,raw,transport_binary_strength,1,13,0.4408901032590971,0.5175221936309826,0.4189085510771235,0.7759568401795004
12,beta,1,64,1.0,1.0,raw,transport_binary_strength,1,2,0.4384481170195373,0.5328774248298471,0.4105608624689735,0.7601942498470339
3,beta,1,64,1.0,1.0,raw,transport_binary_strength,1,13,0.4518759876783876,0.5054940966670766,0.4211838146421519,0.7646864580929155
4,beta,1,64,1.0,1.0,raw,transport_binary_strength,1,6,0.4551854314069611,0.524099257603356,0.4099633262677361,0.7915334816218369
21,beta,1,64,1.0,1.0,raw,transport_binary_strength,1,2,0.4434567315176845,0.5399065880039331,0.4097976388416901,0.7737035286218815
23,beta,1,64,1.0,1.0,raw,transport_binary_strength,1,3,0.4423363768604146,0.5275618596730381,0.4101463135015228,0.763506131353775
27,beta,1,64,1.0,1.0,raw,transport_binary_strength,1,3,0.4597260185042057,0.5045217284066943,0.4048503275682562,0.780489771027215
46,beta,1,64,1.0,1.0,raw,transport_binary_strength,1,2,0.4476603469528007,0.5487988041896447,0.4095903579980086,0.7616504549842645
19,beta,1,64,1.0,1.0,raw,transport_binary_strength,1,3,0.4422555871042366,0.5271172021382123,0.4106831209282791,0.7433884944826255
43,beta,1,64,1.0,1.0,raw,transport_binary_strength,1,2,0.4484597303615719,0.5172397667901346,0.4080562966310941,0.7745263574427087
40,beta,1,64,1.0,1.0,raw,transport_binary_strength,1,2,0.4402424314856705,0.5360597022534924,0.4141045315120312,0.7627542930342058
13,beta,1,64,1.0,1.0,raw,transport_binary_strength,1,2,0.4572795128420126,0.5355636555208618,0.4148872007901682,0.7635097078997128
24,beta,1,64,1.0,1.0,raw,transport_binary_strength,1,3,0.4447884403918764,0.51873439704765,0.4142789814606297,0.7567754494210062
20,beta,1,64,1.0,1.0,raw,transport_binary_strength,1,2,0.4309109350015208,0.5461143464405823,0.4137489643256833,0.7475121039701842
29,beta,1,64,1.0,1.0,raw,transport_binary_strength,1,2,0.4486139455439359,0.5304530782518204,0.4148510675449435,0.7494633881266133
1,beta,1,64,1.0,1.0,raw,transport_binary_strength,1,13,0.4530524327278814,0.5112222621738236,0.415840022317426,0.7670243092256355
5,beta,1,64,1.0,1.0,raw,transport_binary_strength,1,8,0.4400321197977972,0.5125036638214208,0.417963740951613,0.7738011413068966
11,beta,1,64,1.0,1.0,raw,transport_binary_strength,1,3,0.4547771391715893,0.5201404106049475,0.4172742010598364,0.7561426887432041
33,beta,1,64,1.0,1.0,raw,transport_binary_strength,1,2,0.4452123864054404,0.5038129127324882,0.4186118695195199,0.760271740687543
25,beta,1,64,1.0,1.0,raw,transport_binary_strength,1,2,0.4420465028894808,0.5258272147039064,0.4064417533223737,0.7760365192935454
34,beta,1,64,1.0,1.0,raw,transport_binary_strength,1,2,0.4504685803431927,0.5206015543538883,0.4159342010046221,0.7503138022881982
22,beta,1,64,1.0,1.0,raw,transport_binary_strength,1,2,0.4475092162083626,0.5404449675948279,0.4095438427027858,0.7647077651550163
17,beta,1,64,1.0,1.0,raw,transport_binary_strength,1,2,0.4614440268486763,0.5148443072702331,0.4115413529706187,0.7453280451503003
30,beta,1,64,1.0,1.0,raw,transport_binary_strength,1,2,0.4604884562759206,0.5233519958770615,0.4180133474924808,0.7405503697828755
14,beta,1,64,1.0,1.0,raw,transport_binary_strength,1,3,0.4449233981969681,0.5150053494003041,0.4152730304743652,0.7545913689306681
18,beta,1,64,1.0,1.0,raw,transport_binary_strength,1,3,0.4499546491764881,0.5004272776003049,0.4179954163788265,0.7481299194121979
0,beta,1,64,1.0,1.0,raw,transport_binary_strength,1,12,0.4558120343388875,0.5216251185174791,0.4162068352928982,0.7688145056002198
31,beta,1,64,1.0,1.0,raw,transport_binary_strength,1,3,0.443302537408972,0.5198812981423181,0.4119039267481767,0.7580159812105175
16,beta,1,64,1.0,1.0,raw,transport_binary_strength,1,4,0.4460979027229132,0.5138689930674194,0.4100834554833427,0.771299428377541
9,beta,1,64,1.0,1.0,raw,transport_binary_strength,1,2,0.4441306342055567,0.509231771467537,0.4097230349099815,0.7568951217883066
10,beta,1,64,1.0,1.0,raw,transport_binary_strength,1,3,0.4472032695098416,0.5071679195285492,0.4153995519126896,0.749677722357637
44,beta,1,64,1.0,1.0,raw,transport_binary_strength,1,2,0.4454512798157776,0.5198387526589836,0.4071758613767499,0.7733712295866051
36,beta,1,64,1.0,1.0,raw,transport_binary_strength,1,2,0.4677414853326691,0.5247666068222621,0.4040443626988654,0.7638555849895685
15,beta,1,64,1.0,1.0,raw,transport_binary_strength,1,3,0.4494778756498477,0.5220847299960999,0.4121680918441507,0.761999904799617
42,beta,1,64,1.0,1.0,raw,transport_binary_strength,1,3,0.4529208019153207,0.5414359226960608,0.4128522098971829,0.7649878680569218
49,beta,1,64,1.0,1.0,raw,transport_binary_strength,1,2,0.4601094842277747,0.5213757876930281,0.4068773817177251,0.7566549743841712
7,beta,1,64,1.0,1.0,raw,transport_binary_strength,1,3,0.4468574827268793,0.5096258904205925,0.4160453714114406,0.7508409399132885
38,beta,1,64,1.0,1.0,raw,transport_binary_strength,1,2,0.4395963816792795,0.5187352871015615,0.4157871998243306,0.756305123112734
35,beta,1,64,1.0,1.0,raw,transport_binary_strength,1,3,0.4481300762319952,0.5340177152500006,0.4143587168490489,0.7439893813161262
39,beta,1,64,1.0,1.0,raw,transport_binary_strength,1,3,0.4373652557231718,0.5130036498962285,0.4207631223324316,0.7592469534350718
45,beta,1,64,1.0,1.0,raw,transport_binary_strength,1,2,0.4390798721406321,0.526924635514692,0.4156334424416253,0.7581318930035402
47,beta,1,64,1.0,1.0,raw,transport_binary_strength,1,3,0.4391424479613838,0.5144997595986047,0.4102113414277614,0.7665803374212532
26,beta,1,64,1.0,1.0,raw,transport_binary_strength,1,3,0.4513644843554963,0.5186188898575183,0.4045331144971377,0.7890995545017132
28,beta,1,64,1.0,1.0,raw,transport_binary_strength,1,3,0.4555333525185255,0.5408473225193271,0.409323564603252,0.7737191778135983
37,beta,1,64,1.0,1.0,raw,transport_binary_strength,1,2,0.4512609253562001,0.5188218034868237,0.4171628937626207,0.7675709197413139
32,beta,1,64,1.0,1.0,raw,transport_binary_strength,1,3,0.4519577942708391,0.5444648584576768,0.4120351896361672,0.7573393995139648
41,beta,1,64,1.0,1.0,raw,transport_binary_strength,1,2,0.451361463602072,0.5053612177038559,0.4133768702978891,0.7567417640365242
2,beta,1,64,1.0,1.0,raw,transport_binary_strength,1,14,0.4425002862099622,0.5252781695259323,0.4232158193221309,0.7497923411253865
8,beta,1,64,1.0,1.0,raw,transport_binary_strength,1,5,0.448834445600103,0.5218572635789556,0.4153185094394295,0.7635415651326324
6,beta,1,64,1.0,1.0,raw,transport_binary_strength,1,10,0.4505382729243791,0.5385489925357035,0.4171659835524585,0.7747621546963214
3,beta,1,64,1.0,1.0,raw,transport_binary_strength,1,14,0.4518290271034368,0.5219797687861272,0.4240046190806466,0.7620595313903402
12,beta,1,64,1.0,1.0,raw,transport_binary_strength,1,3,0.4386430012413654,0.5275146542018978,0.4108185824511681,0.767133242126539
23,beta,1,64,1.0,1.0,raw,transport_binary_strength,1,4,0.4421162423185105,0.5286404282970922,0.4109603810195371,0.7625487639127413
48,beta,1,64,1.0,1.0,raw,transport_binary_strength,1,3,0.4530006435360242,0.5320263951959847,0.408248114045991,0.7501751655668693
4,beta,1,64,1.0,1.0,raw,transport_binary_strength,1,7,0.4551288920233231,0.5249289341502457,0.410041029958919,0.7794893314659966
27,beta,1,64,1.0,1.0,raw,transport_binary_strength,1,4,0.4595340278331403,0.5136379319423237,0.4073680750728535,0.7774079474952148
43,beta,1,64,1.0,1.0,raw,transport_binary_strength,1,3,0.4500893325350518,0.5218962263198798,0.4098381807368447,0.7676818525910123
21,beta,1,64,1.0,1.0,raw,transport_binary_strength,1,3,0.4438232482309172,0.533590391908976,0.4086209946369274,0.7658442007762214
19,beta,1,64,1.0,1.0,raw,transport_binary_strength,1,4,0.4427398015974232,0.5250685412763143,0.4123101129721529,0.7549036649437681
46,beta,1,64,1.0,1.0,raw,transport_binary_strength,1,3,0.4491979842984024,0.546083038928462,0.4070331837027922,0.7637812660098351
40,beta,1,64,1.0,1.0,raw,transport_binary_strength,1,3,0.4408908130145007,0.5208397063322117,0.4185452629733613,0.7568664312422103
11,beta,1,64,1.0,1.0,raw,transport_binary_strength,1,4,0.4547225643677234,0.5392174408256215,0.4176119413323761,0.7538544346337179
24,beta,1,64,1.0,1.0,raw,transport_binary_strength,1,4,0.4448665929516042,0.5226836399652665,0.414342389787029,0.7750033532464585
13,beta,1,64,1.0,1.0,raw,transport_binary_strength,1,3,0.4564065984550277,0.523277112321624,0.4104495498470738,0.7724749296135499
20,beta,1,64,1.0,1.0,raw,transport_binary_strength,1,3,0.4333156002830081,0.5311180798899366,0.4193599045562272,0.7442063490437368
29,beta,1,64,1.0,1.0,raw,transport_binary_strength,1,3,0.4490103196612779,0.5323371480604184,0.4146769301354563,0.7567831502826747
1,beta,1,64,1.0,1.0,raw,transport_binary_strength,1,14,0.4526873810201928,0.5137315081158824,0.4145513923200186,0.7708219772222928
22,beta,1,64,1.0,1.0,raw,transport_binary_strength,1,3,0.447556496868511,0.5071580364474486,0.4108944380792481,0.7651365305366533
25,beta,1,64,1.0,1.0,raw,transport_binary_strength,1,3,0.4436091253149538,0.5299272962856321,0.4053733059191645,0.7648193297558665
33,beta,1,64,1.0,1.0,raw,transport_binary_strength,1,3,0.4454912362365911,0.5219087692078878,0.4174875359188014,0.7569970931527021
34,beta,1,64,1.0,1.0,raw,transport_binary_strength,1,3,0.4504717228606456,0.5401125148524455,0.4143925736729826,0.7481587829135611
5,beta,1,64,1.0,1.0,raw,transport_binary_strength,1,9,0.4399258931565338,0.5268774372215719,0.4180086419864,0.7642707107725625
30,beta,1,64,1.0,1.0,raw,transport_binary_strength,1,3,0.4606365093982744,0.5490746814092954,0.4201531239226954,0.7437423314962819
31,beta,1,64,1.0,1.0,raw,transport_binary_strength,1,4,0.4434252954622166,0.5156037809309332,0.4140560221615189,0.7708213208746808
14,beta,1,64,1.0,1.0,raw,transport_binary_strength,1,4,0.4449000372480007,0.5230433395273758,0.4139640799099371,0.7680406496181869
17,beta,1,64,1.0,1.0,raw,transport_binary_strength,1,3,0.4589575901738316,0.5090857338820302,0.4127266586249587,0.7559290741091246
18,beta,1,64,1.0,1.0,raw,transport_binary_strength,1,4,0.4525262395353386,0.5362572465227535,0.4148234626421514,0.7574655480366848
0,beta,1,64,1.0,1.0,raw,transport_binary_strength,1,13,0.4556542543875492,0.5181573912120787,0.4174733300742003,0.7722129457843743
10,beta,1,64,1.0,1.0,raw,transport_binary_strength,1,4,0.447653007162708,0.5049126480190849,0.4122977346089737,0.765521936480993
16,beta,1,64,1.0,1.0,raw,transport_binary_strength,1,5,0.4451994166762822,0.5081728451042442,0.4160551849325012,0.7544116374161695
15,beta,1,64,1.0,1.0,raw,transport_binary_strength,1,4,0.4498141448020147,0.5232850694115043,0.4135283317465831,0.7561028274513752
9,beta,1,64,1.0,1.0,raw,transport_binary_strength,1,3,0.4458944967983855,0.5238018118942087,0.410206837032231,0.7478424043728014
36,beta,1,64,1.0,1.0,raw,transport_binary_strength,1,3,0.4638053611912275,0.5207913824057451,0.4062830288005027,0.7634994029318107
44,beta,1,64,1.0,1.0,raw,transport_binary_strength,1,3,0.4448004170821913,0.5105335688073456,0.4109880459815162,0.7662329931387594
42,beta,1,64,1.0,1.0,raw,transport_binary_strength,1,4,0.453112223872577,0.5225626609927114,0.4159995957989288,0.7582498938670698
49,beta,1,64,1.0,1.0,raw,transport_binary_strength,1,3,0.4607990347869933,0.508914492232712,0.4105342939283874,0.7567091457893982
35,beta,1,64,1.0,1.0,raw,transport_binary_strength,1,4,0.4451847395076958,0.5124008505379641,0.4174701890181765,0.763040004086262
7,beta,1,64,1.0,1.0,raw,transport_binary_strength,1,4,0.4474219669470501,0.5303910789562004,0.4145299504127074,0.7679622446613403
39,beta,1,64,1.0,1.0,raw,transport_binary_strength,1,4,0.4417821920503177,0.5151324578353491,0.4155329021436217,0.7655767860137515
38,beta,1,64,1.0,1.0,raw,transport_binary_strength,1,3,0.4418674186692853,0.5125501065442705,0.4129493974704136,0.7481271144232338
26,beta,1,64,1.0,1.0,raw,transport_binary_strength,1,4,0.4506509093297547,0.5274742751999575,0.4059827732626723,0.7752193035086504
47,beta,1,64,1.0,1.0,raw,transport_binary_strength,1,4,0.4398982019411105,0.5338127661295636,0.4115736131898336,0.7642059082291164
45,beta,1,64,1.0,1.0,raw,transport_binary_strength,1,3,0.4421875714413211,0.5329599178726125,0.4130111338024473,0.75856622033581
37,beta,1,64,1.0,1.0,raw,transport_binary_strength,1,3,0.4509945640754439,0.5158222499200034,0.4213280841439041,0.7535166742413081
32,beta,1,64,1.0,1.0,raw,transport_binary_strength,1,4,0.4520759936438599,0.532743341235532,0.4123671209282768,0.7594907536015376
28,beta,1,64,1.0,1.0,raw,transport_binary_strength,1,4,0.4557327833486279,0.5020457352551745,0.4092885967246819,0.7658917304592446
41,beta,1,64,1.0,1.0,raw,transport_binary_strength,1,3,0.4513441145119651,0.5203382705052131,0.4176796242923102,0.7546215411728788
2,beta,1,64,1.0,1.0,raw,transport_binary_strength,1,15,0.4412538721168652,0.5345075576932395,0.4219783903516743,0.7496824549709035
6,beta,1,64,1.0,1.0,raw,transport_binary_strength,1,11,0.4506568611457775,0.5363435014597805,0.4193666735588592,0.7694624467193033
3,beta,1,64,1.0,1.0,raw,transport_binary_strength,1,15,0.4520167412326576,0.5272795474111425,0.4226655969626271,0.7603304348793299
23,beta,1,64,1.0,1.0,raw,transport_binary_strength,1,5,0.4424464872568027,0.5129281081337786,0.4122671575555731,0.7536854943763489
43,beta,1,64,1.0,1.0,raw,transport_binary_strength,1,4,0.449752440836646,0.5158870015441911,0.4091235830222445,0.7650772486408368
27,beta,1,64,1.0,1.0,raw,transport_binary_strength,1,5,0.4597967709320082,0.5350961365255057,0.40746951460165,0.7870793388225199
8,beta,1,64,1.0,1.0,raw,transport_binary_strength,1,6,0.4490400871253086,0.5228693897218348,0.4182026467123704,0.754862493907958
12,beta,1,64,1.0,1.0,raw,transport_binary_strength,1,4,0.4387685232789793,0.5233485150750932,0.4117967585978002,0.7583234220422532
19,beta,1,64,1.0,1.0,raw,transport_binary_strength,1,5,0.4435671684897747,0.5281807974209192,0.4135714624306302,0.7563691477732973
46,beta,1,64,1.0,1.0,raw,transport_binary_strength,1,4,0.4494212481982375,0.5176514270258885,0.4094368938802007,0.7692813304848171
48,beta,1,64,1.0,1.0,raw,transport_binary_strength,1,4,0.4524158486208801,0.5474336759082219,0.4096811176504161,0.7571101179658611
4,beta,1,64,1.0,1.0,raw,transport_binary_strength,1,8,0.4552664633093591,0.5413103024783352,0.4117359440088786,0.787466875369005
21,beta,1,64,1.0,1.0,raw,transport_binary_strength,1,4,0.4450777505876742,0.5268731563421829,0.4102187517773054,0.7734291449574723
11,beta,1,64,1.0,1.0,raw,transport_binary_strength,1,5,0.4546351425596015,0.509248218508368,0.4184325666186645,0.7550601790920993
40,beta,1,64,1.0,1.0,raw,transport_binary_strength,1,4,0.4414272134579666,0.5101346614662996,0.4165003643354858,0.7674181207588977
13,beta,1,64,1.0,1.0,raw,transport_binary_strength,1,4,0.4564491053086178,0.5217207822170722,0.4178416335135243,0.7670621002035707
22,beta,1,64,1.0,1.0,raw,transport_binary_strength,1,4,0.4479019269809803,0.5387663832021737,0.4080818762786655,0.7735134592962154
24,beta,1,64,1.0,1.0,raw,transport_binary_strength,1,5,0.4454969392258193,0.5368602789536525,0.4165120632718975,0.7633746384512473
30,beta,1,64,1.0,1.0,raw,transport_binary_strength,1,4,0.4606130395524363,0.540799522113943,0.4212679026899986,0.7518387461954052
20,beta,1,64,1.0,1.0,raw,transport_binary_strength,1,4,0.4350197343350974,0.50657469250488,0.4131164719859946,0.753445422687918
29,beta,1,64,1.0,1.0,raw,transport_binary_strength,1,4,0.4499124726632679,0.5012569540871428,0.4159499998672032,0.756327004065083
34,beta,1,64,1.0,1.0,raw,transport_binary_strength,1,4,0.4510634651231899,0.5348198913649701,0.4129875372525682,0.7549446051068842
25,beta,1,64,1.0,1.0,raw,transport_binary_strength,1,4,0.442782207010099,0.5297792044582015,0.4104951639029937,0.7725192894617192
1,beta,1,64,1.0,1.0,raw,transport_binary_strength,1,15,0.453194185434129,0.5255518671666324,0.417516874097988,0.7643420765012203
31,beta,1,64,1.0,1.0,raw,transport_binary_strength,1,5,0.4428748453437692,0.5345803727884119,0.4120712262616399,0.7681526166130718
33,beta,1,64,1.0,1.0,raw,transport_binary_strength,1,4,0.4452199839809633,0.5047465669371097,0.4187982474473501,0.770418436198309
14,beta,1,64,1.0,1.0,raw,transport_binary_strength,1,5,0.444912379350218,0.5205529590630104,0.4149992800327168,0.7623160892263883
5,beta,1,64,1.0,1.0,raw,transport_binary_strength,1,10,0.4409066977174532,0.5291182393205178,0.4195796370351367,0.7687817637272147
18,beta,1,64,1.0,1.0,raw,transport_binary_strength,1,5,0.4524599654048847,0.5191178065383698,0.4152019405526822,0.7655900305011378
17,beta,1,64,1.0,1.0,raw,transport_binary_strength,1,4,0.4586867970784664,0.5045486968449931,0.4152434440476507,0.7495655316000481
10,beta,1,64,1.0,1.0,raw,transport_binary_strength,1,5,0.447338264930027,0.4976119948011637,0.4125669569524002,0.7640405045509088
16,beta,1,64,1.0,1.0,raw,transport_binary_strength,1,6,0.446804591947863,0.5305033545259756,0.4164388232346806,0.7400989173449851
15,beta,1,64,1.0,1.0,raw,transport_binary_strength,1,5,0.4496564971331419,0.5210533735993844,0.4143994058352062,0.750771088609481
0,beta,1,64,1.0,1.0,raw,transport_binary_strength,1,14,0.456156945863807,0.5317154485180609,0.4218199658701801,0.7626350237064523
42,beta,1,64,1.0,1.0,raw,transport_binary_strength,1,5,0.4533157276084418,0.513029997968299,0.4189385366892234,0.7571535320694024
9,beta,1,64,1.0,1.0,raw,transport_binary_strength,1,4,0.4457536486542131,0.5275242316497004,0.4106991399318067,0.7614051298036246
36,beta,1,64,1.0,1.0,raw,transport_binary_strength,1,4,0.4614766895125007,0.5375443447037702,0.4078576483161472,0.7710404771055231
44,beta,1,64,1.0,1.0,raw,transport_binary_strength,1,4,0.4455282458310901,0.5073095617350702,0.406812956367409,0.7766182755369591
7,beta,1,64,1.0,1.0,raw,transport_binary_strength,1,5,0.4477357850312991,0.5191605875932587,0.4182781785375537,0.7413344716852527
35,beta,1,64,1.0,1.0,raw,transport_binary_strength,1,5,0.4495541357182167,0.529666431836427,0.4135638959693034,0.7711343365666581
38,beta,1,64,1.0,1.0,raw,transport_binary_strength,1,4,0.4422170231537229,0.5255719613166453,0.4148143204704687,0.7613886942810083
39,beta,1,64,1.0,1.0,raw,transport_binary_strength,1,5,0.4423608332346481,0.5109234476013265,0.4190562352587655,0.7578889261557382
26,beta,1,64,1.0,1.0,raw,transport_binary_strength,1,5,0.4501830655829795,0.5049090168054479,0.4103104256187467,0.7797414848251503
47,beta,1,64,1.0,1.0,raw,transport_binary_strength,1,5,0.440216638839056,0.5247920054956347,0.414670677505018,0.7650881208973996
49,beta,1,64,1.0,1.0,raw,transport_binary_strength,1,4,0.4590492689642296,0.5138505369997264,0.4063557707203948,0.7721971645927415
45,beta,1,64,1.0,1.0,raw,transport_binary_strength,1,4,0.4429716860288708,0.511659927778328,0.4139830855021755,0.7677644594152805
37,beta,1,64,1.0,1.0,raw,transport_binary_strength,1,4,0.4509094928548439,0.5318070737724377,0.4169090062959515,0.7752489774234183
28,beta,1,64,1.0,1.0,raw,transport_binary_strength,1,5,0.4554415385524098,0.5308794168441636,0.4108122892322635,0.7717095998112193
32,beta,1,64,1.0,1.0,raw,transport_binary_strength,1,5,0.451928021154969,0.5354026635057872,0.4153134325474817,0.7573802111091219
23,beta,1,64,1.0,1.0,raw,transport_binary_strength,1,6,0.4415093698144547,0.5364455862965265,0.4140169730438953,0.7673142459168512
41,beta,1,64,1.0,1.0,raw,transport_binary_strength,1,4,0.452029037364683,0.4945856854706471,0.4131324507406466,0.767226312064611
2,beta,1,64,1.0,1.0,raw,transport_binary_strength,1,16,0.4425356771343163,0.5312875366280982,0.4225558156327041,0.765437187689705
3,beta,1,64,1.0,1.0,raw,transport_binary_strength,1,16,0.4525993191803697,0.5191618497109827,0.4245300106498029,0.7582261127810976
43,beta,1,64,1.0,1.0,raw,transport_binary_strength,1,5,0.4493178880182485,0.5135508657899429,0.4122835125854927,0.7655250843025256
6,beta,1,64,1.0,1.0,raw,transport_binary_strength,1,12,0.4506389393284056,0.5296846011131725,0.4191087701785512,0.7687879166863147
27,beta,1,64,1.0,1.0,raw,transport_binary_strength,1,6,0.4591266817290063,0.4990906659719932,0.4107777564247361,0.7841542706202012
19,beta,1,64,1.0,1.0,raw,transport_binary_strength,1,6,0.4436178420277502,0.5161691970682244,0.4169625622412349,0.7443221987326631
8,beta,1,64,1.0,1.0,raw,transport_binary_strength,1,7,0.448643523417628,0.5229986295134046,0.4169380635283602,0.7643800041774003
46,beta,1,64,1.0,1.0,raw,transport_binary_strength,1,5,0.4494003094852895,0.5514233159083946,0.4104492231065422,0.7661628324382347
12,beta,1,64,1.0,1.0,raw,transport_binary_strength,1,5,0.4416241403415323,0.5211232663899507,0.4098646307980522,0.7618835807145754
48,beta,1,64,1.0,1.0,raw,transport_binary_strength,1,5,0.4522686956989675,0.5321686782982791,0.4128967645598294,0.7575560094673022
4,beta,1,64,1.0,1.0,raw,transport_binary_strength,1,9,0.4552510141867287,0.5423017745763647,0.4137123354683871,0.7789737543079184
11,beta,1,64,1.0,1.0,raw,transport_binary_strength,1,6,0.4550321498453524,0.5184364354490649,0.4173108565015482,0.7547248019146364
21,beta,1,64,1.0,1.0,raw,transport_binary_strength,1,5,0.4453668561186034,0.5345641944093271,0.4109916354010398,0.7777005895309445
40,beta,1,64,1.0,1.0,raw,transport_binary_strength,1,5,0.4427812647117167,0.5389654710920772,0.4166183046248743,0.7616725522780778
13,beta,1,64,1.0,1.0,raw,transport_binary_strength,1,5,0.4560929472270303,0.5257373545505162,0.4123173049015341,0.7711444795022961
22,beta,1,64,1.0,1.0,raw,transport_binary_strength,1,5,0.4481631439925738,0.5345493055531082,0.412279807911796,0.78056181444609
30,beta,1,64,1.0,1.0,raw,transport_binary_strength,1,5,0.4611698308657386,0.5188370658420789,0.4200653008661485,0.7554769216168765
24,beta,1,64,1.0,1.0,raw,transport_binary_strength,1,6,0.4449616438697886,0.5167945430370129,0.4156548094994438,0.76759491407091
34,beta,1,64,1.0,1.0,raw,transport_binary_strength,1,5,0.4512015989346276,0.5216715366521982,0.4144764396588636,0.7595823697067836
29,beta,1,64,1.0,1.0,raw,transport_binary_strength,1,5,0.4482511465469649,0.507235275788735,0.4196247735373732,0.7523345490265746
31,beta,1,64,1.0,1.0,raw,transport_binary_strength,1,6,0.4444887171076038,0.5150411881607857,0.4158793123100203,0.7659179468599374
14,beta,1,64,1.0,1.0,raw,transport_binary_strength,1,6,0.4452164697000308,0.5223420988419017,0.4169051461422129,0.7715124359321123
25,beta,1,64,1.0,1.0,raw,transport_binary_strength,1,5,0.4434879973452827,0.5157337256454554,0.4116130751148916,0.7666846356782894
18,beta,1,64,1.0,1.0,raw,transport_binary_strength,1,6,0.4528601299795934,0.5154808344771814,0.418725834334249,0.7561431599790588
20,beta,1,64,1.0,1.0,raw,transport_binary_strength,1,5,0.4354303486361215,0.5079526880835352,0.4162995529177444,0.7557195485009107
1,beta,1,64,1.0,1.0,raw,transport_binary_strength,1,16,0.4531702643838921,0.5248308121019108,0.4171920761828948,0.7668178239984947
33,beta,1,64,1.0,1.0,raw,transport_binary_strength,1,5,0.4459479466145624,0.5076346706100726,0.4170954484859977,0.7685086710070892
10,beta,1,64,1.0,1.0,raw,transport_binary_strength,1,6,0.4474421490138521,0.507590445096301,0.417824354809594,0.7693145346171482
5,beta,1,64,1.0,1.0,raw,transport_binary_strength,1,11,0.4409654154548384,0.5246297979710901,0.4198266919514192,0.7762412744896982
15,beta,1,64,1.0,1.0,raw,transport_binary_strength,1,6,0.4495663334770426,0.5073018451759795,0.4174951383456112,0.7575818826772556
17,beta,1,64,1.0,1.0,raw,transport_binary_strength,1,5,0.4583431716065331,0.5052592592592593,0.4167454188151703,0.7557964106887829
16,beta,1,64,1.0,1.0,raw,transport_binary_strength,1,7,0.4469700132078905,0.5169814694771665,0.415178773589898,0.7673446388322421
42,beta,1,64,1.0,1.0,raw,transport_binary_strength,1,6,0.4535548867539049,0.5303154624210429,0.4199251751437364,0.7437521356016443
7,beta,1,64,1.0,1.0,raw,transport_binary_strength,1,6,0.4480127482899455,0.5078571988064262,0.4170059987981444,0.7582927531954662
9,beta,1,64,1.0,1.0,raw,transport_binary_strength,1,5,0.4456277367292476,0.5483774536067411,0.4108549252646482,0.7669330553947544
0,beta,1,64,1.0,1.0,raw,transport_binary_strength,1,15,0.4562469338614499,0.5259865617437558,0.4219002362933043,0.763517316017316
35,beta,1,64,1.0,1.0,raw,transport_binary_strength,1,6,0.4479447086191174,0.5373775040432149,0.417326014094388,0.7615403668819651
36,beta,1,64,1.0,1.0,raw,transport_binary_strength,1,5,0.4612473077101043,0.5323691202872531,0.4092769461693331,0.77577430136159
44,beta,1,64,1.0,1.0,raw,transport_binary_strength,1,5,0.4457854887730398,0.5171319426404638,0.4113866787901251,0.7828627270162206
38,beta,1,64,1.0,1.0,raw,transport_binary_strength,1,5,0.4421589097394541,0.520627291503654,0.4166387985764561,0.7642578688749323
39,beta,1,64,1.0,1.0,raw,transport_binary_strength,1,6,0.4428333068675841,0.5275316682172762,0.4210426632213297,0.7432605232265639
26,beta,1,64,1.0,1.0,raw,transport_binary_strength,1,6,0.4508030362211437,0.5198160831470838,0.4095303437282253,0.7798153688337709
47,beta,1,64,1.0,1.0,raw,transport_binary_strength,1,6,0.4408257811565851,0.5175564780184401,0.4142960303706379,0.7694952040718147
49,beta,1,64,1.0,1.0,raw,transport_binary_strength,1,5,0.4590840495214706,0.5328600305349553,0.4098773371277047,0.7753239243008093
45,beta,1,64,1.0,1.0,raw,transport_binary_strength,1,5,0.4399257746045867,0.5233684836150458,0.4230740426622386,0.7437760386832494
37,beta,1,64,1.0,1.0,raw,transport_binary_strength,1,5,0.4508874335090952,0.5316022435202676,0.4167813699514321,0.7639527314710092
32,beta,1,64,1.0,1.0,raw,transport_binary_strength,1,6,0.4520072963893695,0.5335573839074048,0.4164637448981947,0.753215713630181
28,beta,1,64,1.0,1.0,raw,transport_binary_strength,1,6,0.4559143798122089,0.5357646541959472,0.4131989561185455,0.7647813371364648
23,beta,1,64,1.0,1.0,raw,transport_binary_strength,1,7,0.4430554226108114,0.5383505558725303,0.414937588123577,0.7555334081454247
3,beta,1,64,1.0,1.0,raw,transport_binary_strength,1,17,0.4524218595594015,0.5052305989423196,0.4235312305327435,0.7524086389130659
43,beta,1,64,1.0,1.0,raw,transport_binary_strength,1,6,0.4497842794833268,0.5244180687181869,0.4138581473428487,0.7629192760305554
2,beta,1,64,1.0,1.0,raw,transport_binary_strength,1,17,0.4427305290791543,0.5108656982482269,0.4253415278185494,0.7503296584634489
41,beta,1,64,1.0,1.0,raw,transport_binary_strength,1,5,0.4520460799758321,0.5070184633278967,0.4165982031206121,0.751517443312703
6,beta,1,64,1.0,1.0,raw,transport_binary_strength,1,13,0.4508677857374147,0.5071144525463462,0.4239732168742158,0.7676838606900709
27,beta,1,64,1.0,1.0,raw,transport_binary_strength,1,7,0.4590575951144758,0.5344479978716388,0.4140450995765746,0.7817176877763844
19,beta,1,64,1.0,1.0,raw,transport_binary_strength,1,7,0.4440068629804082,0.5106759065358757,0.4182765041590807,0.7463148225377931
46,beta,1,64,1.0,1.0,raw,transport_binary_strength,1,6,0.4493339390889753,0.5273183186848958,0.4138231845450622,0.7586889622316012
11,beta,1,64,1.0,1.0,raw,transport_binary_strength,1,7,0.4547298392020568,0.5197883782859529,0.4200237416755042,0.7531623973872847
8,beta,1,64,1.0,1.0,raw,transport_binary_strength,1,8,0.448990539965131,0.5222020039129087,0.4184272069996928,0.7494844391840144
12,beta,1,64,1.0,1.0,raw,transport_binary_strength,1,6,0.4420851828344393,0.5119454415423098,0.4118372122429983,0.7688894312408479
48,beta,1,64,1.0,1.0,raw,transport_binary_strength,1,6,0.452108278406691,0.5194352742590822,0.414815595716725,0.7623654262589652
4,beta,1,64,1.0,1.0,raw,transport_binary_strength,1,10,0.4554919052127074,0.5330269912237124,0.4161891127780108,0.782888982713405
21,beta,1,64,1.0,1.0,raw,transport_binary_strength,1,6,0.4457645129923643,0.5365950273914876,0.4145432506367039,0.7787304702888052
22,beta,1,64,1.0,1.0,raw,transport_binary_strength,1,6,0.4482126662562147,0.5400396826795324,0.4109824261203084,0.7847318787146829
40,beta,1,64,1.0,1.0,raw,transport_binary_strength,1,6,0.440517086991227,0.528720556745182,0.4182925351672151,0.7654142431796149
30,beta,1,64,1.0,1.0,raw,transport_binary_strength,1,6,0.4606683397802111,0.5143486850324838,0.4165768129103382,0.7601649618015307
31,beta,1,64,1.0,1.0,raw,transport_binary_strength,1,7,0.4437378095913473,0.5428789593598797,0.418176171716775,0.7544705730594798
13,beta,1,64,1.0,1.0,raw,transport_binary_strength,1,6,0.4561182014625642,0.5167718786154194,0.4131546504450875,0.7725812751156399
34,beta,1,64,1.0,1.0,raw,transport_binary_strength,1,6,0.4514420761252492,0.5225044860447635,0.41638618406577,0.7653477688187388
24,beta,1,64,1.0,1.0,raw,transport_binary_strength,1,7,0.4459416980452244,0.5315471344838815,0.4169524663012574,0.7646356310809834
29,beta,1,64,1.0,1.0,raw,transport_binary_strength,1,6,0.4502728575412102,0.5292657028506085,0.4185468472713496,0.7538165452715107
14,beta,1,64,1.0,1.0,raw,transport_binary_strength,1,7,0.445132386440619,0.5102490755860878,0.4185917925530801,0.7622347763811701
18,beta,1,64,1.0,1.0,raw,transport_binary_strength,1,7,0.4533234523416278,0.5045782841349565,0.4175274560374959,0.777119210293769
10,beta,1,64,1.0,1.0,raw,transport_binary_strength,1,7,0.4478933435474336,0.5082685280614635,0.4183553351769108,0.755216716907138
1,beta,1,64,1.0,1.0,raw,transport_binary_strength,1,17,0.4532578043510381,0.5332947015615369,0.4195519703271539,0.772714239663979
20,beta,1,64,1.0,1.0,raw,transport_binary_strength,1,6,0.435860097843165,0.5325096716916348,0.4150432631336139,0.7698702148424829
25,beta,1,64,1.0,1.0,raw,transport_binary_strength,1,6,0.4436250638373257,0.5242053280065264,0.4124523019667911,0.7671049335827215
33,beta,1,64,1.0,1.0,raw,transport_binary_strength,1,6,0.4456104653651195,0.5099082004978179,0.4195446005176346,0.7667033258737714
15,beta,1,64,1.0,1.0,raw,transport_binary_strength,1,7,0.4496908278140003,0.5075772249101392,0.4126687614973716,0.7744851245952258
5,beta,1,64,1.0,1.0,raw,transport_binary_strength,1,12,0.4416885148648459,0.528539459579652,0.4222150774122571,0.7656670723931258
42,beta,1,64,1.0,1.0,raw,transport_binary_strength,1,7,0.4536558034818054,0.5072873393665926,0.422458704053219,0.7467067728341117
7,beta,1,64,1.0,1.0,raw,transport_binary_strength,1,7,0.4486216183745151,0.5096296067598496,0.4196669936123292,0.7534689869370603
17,beta,1,64,1.0,1.0,raw,transport_binary_strength,1,6,0.458300385230117,0.5388106995884774,0.4179874487286129,0.7614095703494674
16,beta,1,64,1.0,1.0,raw,transport_binary_strength,1,8,0.447302737632781,0.5053563844564581,0.4170096793515037,0.7576776063179689
39,beta,1,64,1.0,1.0,raw,transport_binary_strength,1,7,0.4423656839250486,0.5242485507764976,0.4194402549845302,0.7736140225837107
35,beta,1,64,1.0,1.0,raw,transport_binary_strength,1,7,0.4502515447421689,0.5326687091436342,0.4185500158493354,0.7725438870848228
9,beta,1,64,1.0,1.0,raw,transport_binary_strength,1,6,0.4463715758725124,0.5344037674735764,0.4145956565552591,0.7589673111390658
38,beta,1,64,1.0,1.0,raw,transport_binary_strength,1,6,0.442706749483155,0.5198705565626793,0.4165275897931966,0.7714318386759225
0,beta,1,64,1.0,1.0,raw,transport_binary_strength,1,16,0.4561827845248051,0.544571471602014,0.4221651174681519,0.7597466158180444
44,beta,1,64,1.0,1.0,raw,transport_binary_strength,1,6,0.4457623735744044,0.517114825800917,0.4138677786966434,0.7674314736182895
36,beta,1,64,1.0,1.0,raw,transport_binary_strength,1,6,0.4608272323612687,0.5249324955116697,0.4104486966906941,0.7723258894257164
26,beta,1,64,1.0,1.0,raw,transport_binary_strength,1,7,0.4503649476830229,0.5214606946587352,0.4102485371260798,0.7897883386006402
47,beta,1,64,1.0,1.0,raw,transport_binary_strength,1,7,0.4411219803968091,0.5272273336060275,0.416265725906971,0.7712793571926463
49,beta,1,64,1.0,1.0,raw,transport_binary_strength,1,6,0.4591152572699015,0.5255415338044378,0.4117050356815706,0.7738775132771699
45,beta,1,64,1.0,1.0,raw,transport_binary_strength,1,6,0.4440117292487319,0.5368330526713914,0.4201214870372973,0.7657363760579634
3,beta,1,64,1.0,1.0,raw,transport_binary_strength,1,18,0.4515820739885984,0.4908021768540155,0.4238823183632177,0.7471836356457009
23,beta,1,64,1.0,1.0,raw,transport_binary_strength,1,8,0.4429836613804515,0.52415191062161,0.4136858972869086,0.772271924730494
32,beta,1,64,1.0,1.0,raw,transport_binary_strength,1,7,0.4520992145151387,0.5398169711337331,0.4155098074273134,0.7676316379716569
28,beta,1,64,1.0,1.0,raw,transport_binary_strength,1,7,0.4553778647668546,0.5186932764983697,0.413255498909524,0.7609173197279193
43,beta,1,64,1.0,1.0,raw,transport_binary_strength,1,7,0.4497377797237677,0.5219810054399936,0.4141721580257737,0.7674126006468929
2,beta,1,64,1.0,1.0,raw,transport_binary_strength,1,18,0.4422502971850874,0.5108854627572892,0.4215553450206979,0.7707987667831633
37,beta,1,64,1.0,1.0,raw,transport_binary_strength,1,6,0.4509365904991193,0.5283107665231886,0.4177104115929911,0.7601783810743262
6,beta,1,64,1.0,1.0,raw,transport_binary_strength,1,14,0.450894307548316,0.5307988523104802,0.4198359024399073,0.772765388613359
27,beta,1,64,1.0,1.0,raw,transport_binary_strength,1,8,0.4590016300934994,0.5197652844327557,0.4125617197853157,0.7820361829802213
41,beta,1,64,1.0,1.0,raw,transport_binary_strength,1,6,0.452220688520026,0.5238464089992247,0.4162582621169695,0.7593058754961005
19,beta,1,64,1.0,1.0,raw,transport_binary_strength,1,8,0.4442796440935327,0.5317855863551195,0.418903233119939,0.7447366631100253
46,beta,1,64,1.0,1.0,raw,transport_binary_strength,1,7,0.4498320994801305,0.5294925465303308,0.4142200602047005,0.7573776805038109
11,beta,1,64,1.0,1.0,raw,transport_binary_strength,1,8,0.4547558736353665,0.5395989536836454,0.4189930601854023,0.7615701693500273
12,beta,1,64,1.0,1.0,raw,transport_binary_strength,1,7,0.4412189356267665,0.5113243702884986,0.4135916930271096,0.7604197460417856
8,beta,1,64,1.0,1.0,raw,transport_binary_strength,1,9,0.4492318358795872,0.5133144225554006,0.4187357985522393,0.7619007171203788
4,beta,1,64,1.0,1.0,raw,transport_binary_strength,1,11,0.4553383832027111,0.5220069547938401,0.4137579679730319,0.7829900729085143
22,beta,1,64,1.0,1.0,raw,transport_binary_strength,1,7,0.4479859560964236,0.5399135157232926,0.4121364566528409,0.7700770031815931
48,beta,1,64,1.0,1.0,raw,transport_binary_strength,1,7,0.4520146643730499,0.5339925908221796,0.4148342030894009,0.754568041541457
30,beta,1,64,1.0,1.0,raw,transport_binary_strength,1,7,0.4608916890283732,0.5477971951524239,0.4197823758513103,0.7554037107084511
31,beta,1,64,1.0,1.0,raw,transport_binary_strength,1,8,0.4448853669498094,0.5062980736757653,0.4180381396440881,0.7596879744774316
40,beta,1,64,1.0,1.0,raw,transport_binary_strength,1,7,0.4413897924815417,0.5026683746303661,0.4203183631062607,0.7642883603379033
21,beta,1,64,1.0,1.0,raw,transport_binary_strength,1,7,0.4453407077890172,0.5279754881303553,0.4128523723165925,0.7824206051512879
34,beta,1,64,1.0,1.0,raw,transport_binary_strength,1,7,0.45152419234674,0.5098738451465845,0.4175307751066083,0.7631694274770365
18,beta,1,64,1.0,1.0,raw,transport_binary_strength,1,8,0.452876878088548,0.5121713696121658,0.4176191490012381,0.7677034527399228
14,beta,1,64,1.0,1.0,raw,transport_binary_strength,1,8,0.4448229457866322,0.5243906376109766,0.415725821979666,0.7793846420788871
13,beta,1,64,1.0,1.0,raw,transport_binary_strength,1,7,0.4560765132541662,0.5210491125587557,0.41383629143946,0.7731408508754097
24,beta,1,64,1.0,1.0,raw,transport_binary_strength,1,8,0.4461240901750696,0.5374945728861391,0.4175634290573229,0.7679706496356139
10,beta,1,64,1.0,1.0,raw,transport_binary_strength,1,8,0.4479155669827232,0.5014153255158597,0.4155057370298177,0.7685431587250487
29,beta,1,64,1.0,1.0,raw,transport_binary_strength,1,7,0.4503468984401574,0.5248120619189802,0.4187004067105344,0.761819742997572
20,beta,1,64,1.0,1.0,raw,transport_binary_strength,1,7,0.4360237419112455,0.4943961513134686,0.416145698378648,0.76466613941233
15,beta,1,64,1.0,1.0,raw,transport_binary_strength,1,8,0.4499633754290294,0.537906876851237,0.4165438848630202,0.7754836938300494
25,beta,1,64,1.0,1.0,raw,transport_binary_strength,1,7,0.4438079044011171,0.5277734037575583,0.411561429913751,0.7773598621286744
1,beta,1,64,1.0,1.0,raw,transport_binary_strength,1,18,0.4533388192386003,0.5178273320320526,0.4173424565142742,0.7649404340271052
42,beta,1,64,1.0,1.0,raw,transport_binary_strength,1,8,0.4538109618606002,0.5159109631504302,0.4212685040165129,0.7535153297368938
33,beta,1,64,1.0,1.0,raw,transport_binary_strength,1,7,0.4461209504341051,0.5241688675790052,0.4215971420227409,0.7633042372451331
7,beta,1,64,1.0,1.0,raw,transport_binary_strength,1,8,0.4489717550845581,0.5362674689385506,0.4189361535696195,0.7541043910871261
5,beta,1,64,1.0,1.0,raw,transport_binary_strength,1,13,0.4419314037135041,0.5192112067453554,0.4222199477934786,0.7747516471117712
39,beta,1,64,1.0,1.0,raw,transport_binary_strength,1,8,0.4433453763524732,0.5261435745127507,0.4210349655876466,0.7686713902398121
35,beta,1,64,1.0,1.0,raw,transport_binary_strength,1,8,0.4495290928146797,0.5282612537126192,0.4181498197707276,0.7771094453528915
38,beta,1,64,1.0,1.0,raw,transport_binary_strength,1,7,0.4429602149531336,0.5140722630083236,0.419571237771719,0.7531783083511925
17,beta,1,64,1.0,1.0,raw,transport_binary_strength,1,7,0.4581648144718659,0.5087596021947873,0.418151120480454,0.760616342894506
16,beta,1,64,1.0,1.0,raw,transport_binary_strength,1,9,0.4474180703045507,0.520591456736035,0.4162802414318817,0.7656791089475706
9,beta,1,64,1.0,1.0,raw,transport_binary_strength,1,7,0.4462161515859723,0.5119757927037164,0.4144612857112244,0.7650156757915126
26,beta,1,64,1.0,1.0,raw,transport_binary_strength,1,8,0.4503576188842852,0.5254234918335687,0.4132566707924232,0.7817245247595427
47,beta,1,64,1.0,1.0,raw,transport_binary_strength,1,8,0.4418065947821867,0.5259512816949832,0.4187322755165467,0.7593099567165491
44,beta,1,64,1.0,1.0,raw,transport_binary_strength,1,7,0.4458720222365154,0.5040201079233515,0.4142629929739747,0.7751617243254031
36,beta,1,64,1.0,1.0,raw,transport_binary_strength,1,7,0.4607585624317322,0.5439249551166966,0.4121311417024537,0.7852076356099704
0,beta,1,64,1.0,1.0,raw,transport_binary_strength,1,17,0.4563923143494468,0.5064237329326272,0.4206820859049192,0.7713213770356628
49,beta,1,64,1.0,1.0,raw,transport_binary_strength,1,7,0.4590761295889489,0.5111663627460357,0.4139155720992669,0.7738887271030926
3,beta,1,64,1.0,1.0,raw,transport_binary_strength,1,19,0.452600833659599,0.5147214364776781,0.4262262870815233,0.7564712944604953
23,beta,1,64,1.0,1.0,raw,transport_binary_strength,1,9,0.4434984467972713,0.5325112355078837,0.4151216312628993,0.7712143256199725
45,beta,1,64,1.0,1.0,raw,transport_binary_strength,1,7,0.4447197901461834,0.5176946097898487,0.4213403563560478,0.7517608856016385
43,beta,1,64,1.0,1.0,raw,transport_binary_strength,1,8,0.4497716735040868,0.5283293466961375,0.4155494334426669,0.7718794301837452
6,beta,1,64,1.0,1.0,raw,transport_binary_strength,1,15,0.4501592989933839,0.5315042930491436,0.4180217067646959,0.7706925926761211
2,beta,1,64,1.0,1.0,raw,transport_binary_strength,1,19,0.4429773205393933,0.5194030098159478,0.4254250567664665,0.7549639123485734
27,beta,1,64,1.0,1.0,raw,transport_binary_strength,1,9,0.4589295050106339,0.5124279114623893,0.4152711825057936,0.7855473648604052
32,beta,1,64,1.0,1.0,raw,transport_binary_strength,1,8,0.452249190308166,0.5230731418212243,0.4154633630788532,0.7725302297315557
28,beta,1,64,1.0,1.0,raw,transport_binary_strength,1,8,0.4561379170897825,0.5218322941815812,0.4148643574741782,0.7740182753954314
37,beta,1,64,1.0,1.0,raw,transport_binary_strength,1,7,0.4509429846447913,0.5066445643534718,0.418553398012853,0.7675416933854358
11,beta,1,64,1.0,1.0,raw,transport_binary_strength,1,9,0.4543780889760294,0.5331253741427233,0.4214142650030153,0.7524683005061896
19,beta,1,64,1.0,1.0,raw,transport_binary_strength,1,9,0.4446228945212801,0.5333045161468092,0.4192200229097961,0.7499330123882424
46,beta,1,64,1.0,1.0,raw,transport_binary_strength,1,8,0.4498188157374306,0.5349830178653492,0.4121229341274106,0.7643216360613801
41,beta,1,64,1.0,1.0,raw,transport_binary_strength,1,7,0.4522970132615708,0.5104906833811309,0.4153574182576001,0.7686015167494658
22,beta,1,64,1.0,1.0,raw,transport_binary_strength,1,8,0.4485230739701202,0.5312816518708304,0.4151660500526571,0.7734348951005382
4,beta,1,64,1.0,1.0,raw,transport_binary_strength,1,12,0.4548774571510949,0.5401052878511895,0.4154763465006105,0.7776834383710234
31,beta,1,64,1.0,1.0,raw,transport_binary_strength,1,9,0.4449246708729339,0.5265939716633361,0.4199060304003379,0.7559929539440574
30,beta,1,64,1.0,1.0,raw,transport_binary_strength,1,8,0.4611896051756102,0.539655172413793,0.4210913408596219,0.7492999206881825
12,beta,1,64,1.0,1.0,raw,transport_binary_strength,1,8,0.442277032529514,0.5440046948196156,0.4148037770871378,0.7584736382573544
48,beta,1,64,1.0,1.0,raw,transport_binary_strength,1,8,0.4517048251771142,0.5178798697418737,0.4158950236848506,0.7588267917142335
8,beta,1,64,1.0,1.0,raw,transport_binary_strength,1,10,0.4496846146852182,0.5186789332481017,0.4189161810716878,0.7635683701176634
21,beta,1,64,1.0,1.0,raw,transport_binary_strength,1,8,0.4459931208321634,0.5202310717797444,0.4141950934816208,0.782875342123202
40,beta,1,64,1.0,1.0,raw,transport_binary_strength,1,8,0.4439254709316788,0.5331026307739369,0.4218456823263908,0.7562761390389143
10,beta,1,64,1.0,1.0,raw,transport_binary_strength,1,9,0.4480184690721586,0.5045495823393322,0.4200829130598308,0.754945306871029
18,beta,1,64,1.0,1.0,raw,transport_binary_strength,1,9,0.4539557766444825,0.5121050625733947,0.4195630514356358,0.7784885285269417
34,beta,1,64,1.0,1.0,raw,transport_binary_strength,1,8,0.4518110858200131,0.5213663037416039,0.4193976745501888,0.7657632131126542
14,beta,1,64,1.0,1.0,raw,transport_binary_strength,1,9,0.4455434802476362,0.4971747658464253,0.4195040908916365,0.7710689577156193
29,beta,1,64,1.0,1.0,raw,transport_binary_strength,1,8,0.4496467375953083,0.5150798188534037,0.423349505779527,0.7408974533142445
24,beta,1,64,1.0,1.0,raw,transport_binary_strength,1,9,0.4464023371208873,0.5309236947791165,0.4200750382125356,0.7649130047495726
13,beta,1,64,1.0,1.0,raw,transport_binary_strength,1,8,0.4560820348737288,0.5237211232467985,0.4155571251135921,0.7715246081055114
15,beta,1,64,1.0,1.0,raw,transport_binary_strength,1,9,0.4499994377291663,0.5129919283432944,0.4159439634111836,0.7796930339534235
42,beta,1,64,1.0,1.0,raw,transport_binary_strength,1,9,0.4534440397268141,0.5235713254465006,0.4206480445330742,0.7560606217491397
7,beta,1,64,1.0,1.0,raw,transport_binary_strength,1,9,0.4494653273831878,0.5118076674368066,0.4192716132525975,0.7550380856012536
20,beta,1,64,1.0,1.0,raw,transport_binary_strength,1,8,0.4358513969242334,0.5227233308247689,0.4182536500040731,0.7636326321260438
25,beta,1,64,1.0,1.0,raw,transport_binary_strength,1,8,0.4438501909810994,0.5167598707889433,0.4166218097700823,0.7591458185293181
1,beta,1,64,1.0,1.0,raw,transport_binary_strength,1,19,0.4534315190620772,0.5310182093692213,0.4193207985464354,0.7506564639214622
39,beta,1,64,1.0,1.0,raw,transport_binary_strength,1,9,0.4429965614321021,0.5289361625992985,0.4208105575265135,0.7680957921068813
33,beta,1,64,1.0,1.0,raw,transport_binary_strength,1,8,0.4457658166951486,0.5121489705889097,0.4203591664724283,0.7758408576183321
35,beta,1,64,1.0,1.0,raw,transport_binary_strength,1,9,0.4507826575351472,0.5408344236165885,0.4205188854299351,0.7656177077888774
38,beta,1,64,1.0,1.0,raw,transport_binary_strength,1,8,0.4431362683056586,0.5230161015822274,0.4198042771438661,0.767930619018391
16,beta,1,64,1.0,1.0,raw,transport_binary_strength,1,10,0.4460325777029662,0.507592947991276,0.4133070405870348,0.7667146769519471
5,beta,1,64,1.0,1.0,raw,transport_binary_strength,1,14,0.4420334234147157,0.5201559227271079,0.421009801306541,0.7790390722279422
47,beta,1,64,1.0,1.0,raw,transport_binary_strength,1,9,0.442140272738983,0.5373568111227887,0.4171408537886098,0.7750605158434875
17,beta,1,64,1.0,1.0,raw,transport_binary_strength,1,8,0.4588086867408484,0.510227366255144,0.4176065533402409,0.7643362527315587
26,beta,1,64,1.0,1.0,raw,transport_binary_strength,1,9,0.4503213701823925,0.5413215196280277,0.4126401619770469,0.7983736261174315
9,beta,1,64,1.0,1.0,raw,transport_binary_strength,1,8,0.4460114966084685,0.5248088256782426,0.4146220007872189,0.7558331964977512
36,beta,1,64,1.0,1.0,raw,transport_binary_strength,1,8,0.4604401086935555,0.5290488330341113,0.4126708377742626,0.7688541437904909
44,beta,1,64,1.0,1.0,raw,transport_binary_strength,1,8,0.4459791213235573,0.5284934966078452,0.4137152529298632,0.7782773262495786
0,beta,1,64,1.0,1.0,raw,transport_binary_strength,1,18,0.4563893921744792,0.5305201762102475,0.4241201036666989,0.7591874527588813
3,beta,1,64,1.0,1.0,raw,transport_binary_strength,1,20,0.4515846313016298,0.5309817365637682,0.4236908439822768,0.764892580161672
23,beta,1,64,1.0,1.0,raw,transport_binary_strength,1,10,0.4437359626322792,0.5417929455926509,0.415135684266705,0.7757913996405437
49,beta,1,64,1.0,1.0,raw,transport_binary_strength,1,8,0.4592317279904093,0.5148767225375009,0.415317648345519,0.7667736408152899
2,beta,1,64,1.0,1.0,raw,transport_binary_strength,1,20,0.4421771247104866,0.5123738578026457,0.4226034198397396,0.7691252093028407
6,beta,1,64,1.0,1.0,raw,transport_binary_strength,1,16,0.4509104842607723,0.5469991802217715,0.4225116976128741,0.7760782400165113
27,beta,1,64,1.0,1.0,raw,transport_binary_strength,1,10,0.4591208721674292,0.5250508534229757,0.4152765110918684,0.784623677205025
43,beta,1,64,1.0,1.0,raw,transport_binary_strength,1,9,0.4500383115725249,0.528264080230653,0.4152114689592606,0.7726077007776477
45,beta,1,64,1.0,1.0,raw,transport_binary_strength,1,8,0.4451205358509034,0.5109515190264783,0.4212443618510295,0.7629770789731782
11,beta,1,64,1.0,1.0,raw,transport_binary_strength,1,10,0.4547964542321572,0.5116448129164993,0.4212573616505219,0.7482659592508147
46,beta,1,64,1.0,1.0,raw,transport_binary_strength,1,9,0.4497329257132887,0.5158817066865808,0.4136255766091315,0.7659873559332666
19,beta,1,64,1.0,1.0,raw,transport_binary_strength,1,10,0.4446181354856123,0.540569547007605,0.4184530963512394,0.7688972052768375
32,beta,1,64,1.0,1.0,raw,transport_binary_strength,1,9,0.4521342166122589,0.5406554176544415,0.4179768071333888,0.771979787628805
37,beta,1,64,1.0,1.0,raw,transport_binary_strength,1,8,0.4511366826323387,0.5198004727546733,0.4202571683575252,0.7522106538886963
28,beta,1,64,1.0,1.0,raw,transport_binary_strength,1,9,0.4560791923915335,0.5348677920007439,0.413923096132171,0.7738602129010642
41,beta,1,64,1.0,1.0,raw,transport_binary_strength,1,8,0.4522365047630194,0.5313727278462865,0.417042927926881,0.7695354347645084
22,beta,1,64,1.0,1.0,raw,transport_binary_strength,1,9,0.4486432909208908,0.5227808888779247,0.4168398040429143,0.7674999606323202
30,beta,1,64,1.0,1.0,raw,transport_binary_strength,1,9,0.4609974482718076,0.5211655890804597,0.4207784034584559,0.7490906256143277
31,beta,1,64,1.0,1.0,raw,transport_binary_strength,1,10,0.4457074471881796,0.5009310649504979,0.4196642062951085,0.7698998566258725
12,beta,1,64,1.0,1.0,raw,transport_binary_strength,1,9,0.4414569353018793,0.5210377193852934,0.4148312934973745,0.7546520621214516
4,beta,1,64,1.0,1.0,raw,transport_binary_strength,1,13,0.4555959252446129,0.5363053347684494,0.417189272330302,0.7756207864782854
21,beta,1,64,1.0,1.0,raw,transport_binary_strength,1,9,0.4456082750474928,0.5332265767663998,0.4135481140473294,0.7832735581155563
40,beta,1,64,1.0,1.0,raw,transport_binary_strength,1,9,0.4421803767031546,0.543506232792903,0.4166818755076212,0.7630274546461709
10,beta,1,64,1.0,1.0,raw,transport_binary_strength,1,10,0.4479406501943474,0.4973894706748637,0.4193094089682403,0.7601500036931276
18,beta,1,64,1.0,1.0,raw,transport_binary_strength,1,10,0.4541830502480153,0.5232781084522884,0.4195142852649283,0.7738626037417602
8,beta,1,64,1.0,1.0,raw,transport_binary_strength,1,11,0.4500489234820746,0.5154887988145048,0.4205584292283529,0.7724114043027223
14,beta,1,64,1.0,1.0,raw,transport_binary_strength,1,10,0.4454105001664459,0.5111368883383073,0.4188218724076351,0.7780773424648679
34,beta,1,64,1.0,1.0,raw,transport_binary_strength,1,9,0.4518453517331124,0.5222495695821916,0.4194336648037265,0.7641774933967506
48,beta,1,64,1.0,1.0,raw,transport_binary_strength,1,9,0.4518971908892703,0.5298622729445507,0.4166468456640108,0.7648087000889052
24,beta,1,64,1.0,1.0,raw,transport_binary_strength,1,10,0.4462527337511459,0.5061373873873873,0.4206291806720353,0.7598425521816737
15,beta,1,64,1.0,1.0,raw,transport_binary_strength,1,10,0.4499658425930834,0.5303998144810211,0.4207960212174481,0.7480506341863196
13,beta,1,64,1.0,1.0,raw,transport_binary_strength,1,9,0.4560335468889737,0.5267751116750121,0.4170886783498722,0.7671506924467194
29,beta,1,64,1.0,1.0,raw,transport_binary_strength,1,9,0.451339855546795,0.5243655482649193,0.4217126851954891,0.7553445218911867
42,beta,1,64,1.0,1.0,raw,transport_binary_strength,1,10,0.4541104223556051,0.5162601413567451,0.4230578230042675,0.7576733245665807
7,beta,1,64,1.0,1.0,raw,transport_binary_strength,1,10,0.449733141080052,0.5106933374041542,0.4218289032229584,0.7538840989101335
35,beta,1,64,1.0,1.0,raw,transport_binary_strength,1,10,0.4490553019510175,0.5457152453195836,0.4180079290263123,0.7617018232145869
20,beta,1,64,1.0,1.0,raw,transport_binary_strength,1,9,0.4368376145308917,0.5392324527880342,0.420135053594369,0.7578002225122576
39,beta,1,64,1.0,1.0,raw,transport_binary_strength,1,10,0.4438633344208251,0.5237377442209976,0.4215521813579738,0.769783106937224
1,beta,1,64,1.0,1.0,raw,transport_binary_strength,1,20,0.4535197150204514,0.5193330080131497,0.4187657609507157,0.770502564982319
25,beta,1,64,1.0,1.0,raw,transport_binary_strength,1,9,0.4440796165201005,0.5341173577118725,0.4151415888990383,0.7747152183915558
38,beta,1,64,1.0,1.0,raw,transport_binary_strength,1,9,0.4433076467039971,0.5279898380353357,0.4200830726835873,0.765396583305606
33,beta,1,64,1.0,1.0,raw,transport_binary_strength,1,9,0.4463293612459871,0.5258618938700523,0.4219627112585303,0.7638639632745163
26,beta,1,64,1.0,1.0,raw,transport_binary_strength,1,10,0.4503037659263323,0.5164272396602697,0.4162347780485832,0.7756543791789035
47,beta,1,64,1.0,1.0,raw,transport_binary_strength,1,10,0.4423819704026719,0.5139318643079278,0.4169877206174502,0.7706380311532862
16,beta,1,64,1.0,1.0,raw,transport_binary_strength,1,11,0.4478742298457098,0.5314080067952701,0.4190340459438588,0.7593770665484875
5,beta,1,64,1.0,1.0,raw,transport_binary_strength,1,15,0.4424346320852422,0.5182186307028532,0.4235083960553206,0.7679012509860272
17,beta,1,64,1.0,1.0,raw,transport_binary_strength,1,9,0.4578904934999921,0.5281683813443072,0.4192706181148505,0.7585737391813065
9,beta,1,64,1.0,1.0,raw,transport_binary_strength,1,9,0.4468591333786985,0.5241914665627587,0.4166325217402666,0.7560725428040255
36,beta,1,64,1.0,1.0,raw,transport_binary_strength,1,9,0.4607115692922494,0.5379816876122083,0.4153062925025534,0.7619314126496103
3,beta,1,64,1.0,1.0,raw,transport_binary_strength,1,21,0.4536486099660392,0.5119499446562539,0.4289246463130945,0.7599520809639144
44,beta,1,64,1.0,1.0,raw,transport_binary_strength,1,9,0.4460783613393334,0.5054069075509426,0.4132122811528936,0.7823443489391573
0,beta,1,64,1.0,1.0,raw,transport_binary_strength,1,19,0.4562192697496587,0.5237295097398263,0.422895521737781,0.7548718477289905
23,beta,1,64,1.0,1.0,raw,transport_binary_strength,1,11,0.4441224811642502,0.5263311209020245,0.4167358718461301,0.7747475780790927
2,beta,1,64,1.0,1.0,raw,transport_binary_strength,1,21,0.4432381619692291,0.5184033081962782,0.4270882451154907,0.7537241888671309
6,beta,1,64,1.0,1.0,raw,transport_binary_strength,1,17,0.4511304729010252,0.5327267693546763,0.4249591064413677,0.766719733796415
43,beta,1,64,1.0,1.0,raw,transport_binary_strength,1,10,0.4501112820198928,0.5203836591610231,0.4159868615464475,0.7704469754318354
49,beta,1,64,1.0,1.0,raw,transport_binary_strength,1,9,0.4590428903493054,0.5260737521392604,0.4130693436845145,0.7716954752729963
27,beta,1,64,1.0,1.0,raw,transport_binary_strength,1,11,0.4588658118817983,0.5135915126052749,0.4169715501024695,0.7893863235099993
11,beta,1,64,1.0,1.0,raw,transport_binary_strength,1,11,0.4547345087979014,0.5283155374926559,0.4208590849781046,0.7617100528708218
19,beta,1,64,1.0,1.0,raw,transport_binary_strength,1,11,0.4450802783133894,0.5247661330320732,0.4189850581595851,0.7488076205107136
46,beta,1,64,1.0,1.0,raw,transport_binary_strength,1,10,0.4503739637616529,0.5237845626531863,0.4167501385842443,0.7562828256073717
45,beta,1,64,1.0,1.0,raw,transport_binary_strength,1,9,0.4452984121670824,0.5055387958852258,0.4223596297089714,0.7574501021289199
37,beta,1,64,1.0,1.0,raw,transport_binary_strength,1,9,0.4512156180442097,0.5237170852300292,0.4224588275068396,0.7650455204816227
32,beta,1,64,1.0,1.0,raw,transport_binary_strength,1,10,0.4522862399475765,0.5385580811602286,0.4177525041141028,0.7726221415593048
28,beta,1,64,1.0,1.0,raw,transport_binary_strength,1,10,0.4562015337872674,0.5275483587960889,0.4156272759052576,0.7799002985128022
41,beta,1,64,1.0,1.0,raw,transport_binary_strength,1,9,0.4517522274716069,0.5177390247300027,0.420527372069223,0.7594514098970332
31,beta,1,64,1.0,1.0,raw,transport_binary_strength,1,11,0.4447319362149866,0.5228331941266303,0.4195719658329204,0.7805431299544784
22,beta,1,64,1.0,1.0,raw,transport_binary_strength,1,10,0.4484990699050343,0.520273408728075,0.4138498119903189,0.7818766949497771
30,beta,1,64,1.0,1.0,raw,transport_binary_strength,1,10,0.4610691205914929,0.5335933595702149,0.4205178223732773,0.7628942712464156
10,beta,1,64,1.0,1.0,raw,transport_binary_strength,1,11,0.448431951375521,0.5085357972549953,0.4189309604560627,0.7762671956897716
4,beta,1,64,1.0,1.0,raw,transport_binary_strength,1,14,0.4556652423894055,0.53567333167743,0.4186145570545389,0.7758608971454463
18,beta,1,64,1.0,1.0,raw,transport_binary_strength,1,11,0.4524428889816166,0.5153826133029271,0.4204108651362345,0.7578329939296686
12,beta,1,64,1.0,1.0,raw,transport_binary_strength,1,10,0.4428556832825652,0.5275187604581213,0.4147499603457716,0.7701908467794606
34,beta,1,64,1.0,1.0,raw,transport_binary_strength,1,10,0.4513411926680951,0.5353682194039623,0.4180015301550916,0.7657854908125373
40,beta,1,64,1.0,1.0,raw,transport_binary_strength,1,10,0.4433766332283837,0.5383832976445396,0.4219173657373017,0.7478295942390252
14,beta,1,64,1.0,1.0,raw,transport_binary_strength,1,11,0.4457326713751701,0.5214963304990896,0.4201122296057171,0.7744451418977194
21,beta,1,64,1.0,1.0,raw,transport_binary_strength,1,10,0.4463875993591849,0.5135415788734373,0.4172989299990814,0.7787138565463284
15,beta,1,64,1.0,1.0,raw,transport_binary_strength,1,11,0.4501407615065289,0.5094455907619981,0.4199974701725745,0.7611412042434536
8,beta,1,64,1.0,1.0,raw,transport_binary_strength,1,12,0.449886340118937,0.5310789918448784,0.4198906820377618,0.7610836872519668
48,beta,1,64,1.0,1.0,raw,transport_binary_strength,1,10,0.451973570259838,0.530327213790631,0.4160122938425721,0.7670458365542296
42,beta,1,64,1.0,1.0,raw,transport_binary_strength,1,11,0.4542371321909376,0.5133024157644324,0.4217876591164047,0.7686219286165443
7,beta,1,64,1.0,1.0,raw,transport_binary_strength,1,11,0.4499607261102847,0.5188555619019195,0.4193168539849493,0.764070064857952
24,beta,1,64,1.0,1.0,raw,transport_binary_strength,1,11,0.4467571483279254,0.5130464425268642,0.4201500561003333,0.7655695532100026
39,beta,1,64,1.0,1.0,raw,transport_binary_strength,1,11,0.4442635110368706,0.5127027720126911,0.4224036930574373,0.7704035999776399
35,beta,1,64,1.0,1.0,raw,transport_binary_strength,1,11,0.4513875767696905,0.5296392235154789,0.4236722035295077,0.7657669193292093
29,beta,1,64,1.0,1.0,raw,transport_binary_strength,1,10,0.4515758043856981,0.5111936979861509,0.4216426103342675,0.7515427809069977
13,beta,1,64,1.0,1.0,raw,transport_binary_strength,1,10,0.4561106220717189,0.5049599045605697,0.4176187386669938,0.7750935353074029
20,beta,1,64,1.0,1.0,raw,transport_binary_strength,1,10,0.4370363878501155,0.5237467222078502,0.4213514081143998,0.7585692489152698
38,beta,1,64,1.0,1.0,raw,transport_binary_strength,1,10,0.4435007483315847,0.5170544334644562,0.4214911127126422,0.766975834867808
25,beta,1,64,1.0,1.0,raw,transport_binary_strength,1,10,0.4441968092194492,0.5354374370141088,0.4160052016121022,0.7766909588645763
1,beta,1,64,1.0,1.0,raw,transport_binary_strength,1,21,0.4535741717311393,0.5124158876104377,0.4183206770066502,0.7713276412123761
47,beta,1,64,1.0,1.0,raw,transport_binary_strength,1,11,0.4422479722961467,0.5216671135457869,0.4182013996102215,0.774161690304244
26,beta,1,64,1.0,1.0,raw,transport_binary_strength,1,11,0.4503382623412387,0.5328450415924173,0.4145223834731956,0.7879931800431579
33,beta,1,64,1.0,1.0,raw,transport_binary_strength,1,10,0.4465160502147322,0.5200942040712565,0.4225200384229812,0.7784092458524526
16,beta,1,64,1.0,1.0,raw,transport_binary_strength,1,12,0.4480862315019573,0.5117560089283719,0.4177456019447979,0.7678423416093372
9,beta,1,64,1.0,1.0,raw,transport_binary_strength,1,10,0.4470244177863201,0.5303894111343822,0.4166048739230592,0.7648380794407089
5,beta,1,64,1.0,1.0,raw,transport_binary_strength,1,16,0.4426392407823695,0.533921784175502,0.4229186007106261,0.7795374228413964
17,beta,1,64,1.0,1.0,raw,transport_binary_strength,1,10,0.4578312612862087,0.5125668724279835,0.4197323216060494,0.7692909131579401
3,beta,1,64,1.0,1.0,raw,transport_binary_strength,1,22,0.4537631342697261,0.5176546550239822,0.4274431569806772,0.7602405823417692
23,beta,1,64,1.0,1.0,raw,transport_binary_strength,1,12,0.4433632905089784,0.5230445801675812,0.415834145519684,0.7809640082196858
36,beta,1,64,1.0,1.0,raw,transport_binary_strength,1,10,0.4600866352524319,0.5273543985637342,0.4147343313454777,0.7720143159108378
2,beta,1,64,1.0,1.0,raw,transport_binary_strength,1,22,0.4419438118616741,0.5203252473113892,0.4221554636288928,0.7668392311914705
44,beta,1,64,1.0,1.0,raw,transport_binary_strength,1,10,0.4460826037295426,0.514039500295685,0.4141990508435664,0.7823987158400374
0,beta,1,64,1.0,1.0,raw,transport_binary_strength,1,20,0.4561846464198251,0.5258013835311192,0.4214909712988544,0.7721031746031746
27,beta,1,64,1.0,1.0,raw,transport_binary_strength,1,12,0.4587597398737423,0.5252223278396856,0.4196116698917354,0.7893749793742988
43,beta,1,64,1.0,1.0,raw,transport_binary_strength,1,11,0.4500764867894812,0.5102650020353717,0.4179751137222271,0.7745612827747574
11,beta,1,64,1.0,1.0,raw,transport_binary_strength,1,12,0.4545491791431676,0.5174358312714298,0.4195877520200067,0.7612310161756841
6,beta,1,64,1.0,1.0,raw,transport_binary_strength,1,18,0.4511521735575607,0.5230433188074384,0.4228597204113016,0.772956232090271
49,beta,1,64,1.0,1.0,raw,transport_binary_strength,1,10,0.4590672357313634,0.5181643413715669,0.4150839388652174,0.7781227227307357
19,beta,1,64,1.0,1.0,raw,transport_binary_strength,1,12,0.4451081493040898,0.5145552050038575,0.4199641006885671,0.7652772977953175
46,beta,1,64,1.0,1.0,raw,transport_binary_strength,1,11,0.4504696554174199,0.5200491512522978,0.4141823037487717,0.7694322367939553
37,beta,1,64,1.0,1.0,raw,transport_binary_strength,1,10,0.4511828565706032,0.5171412277170491,0.4209847594071355,0.7578528970063219
32,beta,1,64,1.0,1.0,raw,transport_binary_strength,1,11,0.4523604289456957,0.5331770324919816,0.4196230512658426,0.7715300026956231
28,beta,1,64,1.0,1.0,raw,transport_binary_strength,1,11,0.4564267913364482,0.5156162507925877,0.4167753276600103,0.7728695274086214
45,beta,1,64,1.0,1.0,raw,transport_binary_strength,1,10,0.4456637653487261,0.5221569845801027,0.4237613361665269,0.7489982703747893
41,beta,1,64,1.0,1.0,raw,transport_binary_strength,1,10,0.4524268329330914,0.5037876776635397,0.4182110734622846,0.7816298812133995
22,beta,1,64,1.0,1.0,raw,transport_binary_strength,1,11,0.4482945928918052,0.5392890245320722,0.4150938648619173,0.7854158493594023
31,beta,1,64,1.0,1.0,raw,transport_binary_strength,1,12,0.4448044036572204,0.5212736397418388,0.4191488913994551,0.7688936296492621
30,beta,1,64,1.0,1.0,raw,transport_binary_strength,1,11,0.4611048798622008,0.533960753998001,0.4222159244391139,0.7573849809177123
10,beta,1,64,1.0,1.0,raw,transport_binary_strength,1,12,0.4484955480932979,0.5138586584407816,0.4225791599954268,0.7543911635302956
18,beta,1,64,1.0,1.0,raw,transport_binary_strength,1,12,0.4545660944880068,0.5237115829721046,0.4208433110719282,0.7717681273886591
34,beta,1,64,1.0,1.0,raw,transport_binary_strength,1,11,0.4521136836955209,0.5222386575814155,0.4197833165299856,0.7613087174031999
14,beta,1,64,1.0,1.0,raw,transport_binary_strength,1,12,0.4454599103047211,0.5112198509675845,0.4203344757688235,0.7760103291128905
4,beta,1,64,1.0,1.0,raw,transport_binary_strength,1,15,0.4556027118898552,0.5272161505768063,0.4184639750987283,0.7669356112095125
12,beta,1,64,1.0,1.0,raw,transport_binary_strength,1,11,0.4435407124866395,0.4986377494978391,0.4173786953913584,0.7681701465037778
15,beta,1,64,1.0,1.0,raw,transport_binary_strength,1,12,0.4501507751545031,0.5210065985727688,0.4218678827038613,0.7493034160380911
21,beta,1,64,1.0,1.0,raw,transport_binary_strength,1,11,0.4467257610623469,0.5294851805028795,0.4191916392940863,0.7818492294306453
40,beta,1,64,1.0,1.0,raw,transport_binary_strength,1,11,0.4440970816358089,0.5216487585398185,0.4185401184138208,0.7775058856114112
7,beta,1,64,1.0,1.0,raw,transport_binary_strength,1,12,0.4502557643593403,0.5044936259064294,0.4219168183122202,0.755980563695006
42,beta,1,64,1.0,1.0,raw,transport_binary_strength,1,12,0.4544453293890965,0.4978471154744414,0.4245079494929407,0.7518113353420932
8,beta,1,64,1.0,1.0,raw,transport_binary_strength,1,13,0.4492659834203371,0.5269971936502401,0.4200742046051949,0.7563773236788971
35,beta,1,64,1.0,1.0,raw,transport_binary_strength,1,12,0.4515194400465522,0.524155722875352,0.4221387321378053,0.7709018604387554
39,beta,1,64,1.0,1.0,raw,transport_binary_strength,1,12,0.4445439113965849,0.5176674061881247,0.4245006657248085,0.7645552085080217
48,beta,1,64,1.0,1.0,raw,transport_binary_strength,1,11,0.4517648441544248,0.5268358628107075,0.4187272222216823,0.7601276072195857
24,beta,1,64,1.0,1.0,raw,transport_binary_strength,1,12,0.4471166270919524,0.5218058042982742,0.4217709660296311,0.7656287079167569
13,beta,1,64,1.0,1.0,raw,transport_binary_strength,1,11,0.4560279920063371,0.5244215176311757,0.4209474327087956,0.7761321009554734
20,beta,1,64,1.0,1.0,raw,transport_binary_strength,1,11,0.4374888963652696,0.527828528844571,0.4224511909506904,0.7563198808350561
29,beta,1,64,1.0,1.0,raw,transport_binary_strength,1,11,0.4516684206644654,0.5209099077023606,0.423504279385263,0.7528060220357463
47,beta,1,64,1.0,1.0,raw,transport_binary_strength,1,12,0.4429864365210604,0.527166336237069,0.4202334113321852,0.7693318441740392
38,beta,1,64,1.0,1.0,raw,transport_binary_strength,1,11,0.4432000197327519,0.5355030633565889,0.4205532029987018,0.7707706885399035
1,beta,1,64,1.0,1.0,raw,transport_binary_strength,1,22,0.4527284926261914,0.520789243887405,0.4190689473577152,0.756315611805006
26,beta,1,64,1.0,1.0,raw,transport_binary_strength,1,12,0.450290065897493,0.5119771760779458,0.4159529732821783,0.7880703211194438
25,beta,1,64,1.0,1.0,raw,transport_binary_strength,1,11,0.4442418260783016,0.5271735381274594,0.4141096951920607,0.7780653500281786
33,beta,1,64,1.0,1.0,raw,transport_binary_strength,1,11,0.446280815332117,0.5227205569689588,0.4217650128854288,0.7703583730906232
16,beta,1,64,1.0,1.0,raw,transport_binary_strength,1,13,0.4467284295660218,0.5347839276533646,0.4192163439897386,0.7544968095088064
3,beta,1,64,1.0,1.0,raw,transport_binary_strength,1,23,0.4516362859243341,0.5322764727585783,0.4230603061844002,0.7573395793302318
23,beta,1,64,1.0,1.0,raw,transport_binary_strength,1,13,0.4438364260420492,0.5158404106386665,0.4185199311921253,0.7741265550547416
9,beta,1,64,1.0,1.0,raw,transport_binary_strength,1,11,0.4471818937194129,0.5167594125955871,0.4180386386802104,0.7573183264126999
5,beta,1,64,1.0,1.0,raw,transport_binary_strength,1,17,0.4427546102982738,0.519664539618915,0.4224638714382037,0.7835044547085384
17,beta,1,64,1.0,1.0,raw,transport_binary_strength,1,11,0.4578113419189387,0.523184499314129,0.4215121474851727,0.7636321558235972
2,beta,1,64,1.0,1.0,raw,transport_binary_strength,1,23,0.4429540756190088,0.5031231112142549,0.4248167189724901,0.7590257199360133
11,beta,1,64,1.0,1.0,raw,transport_binary_strength,1,13,0.4547075391725363,0.5278244263954179,0.4264447703003832,0.7398384491225612
36,beta,1,64,1.0,1.0,raw,transport_binary_strength,1,11,0.4599192250121805,0.5271734290843806,0.4163014321155275,0.7682745758757
43,beta,1,64,1.0,1.0,raw,transport_binary_strength,1,12,0.4497271604723679,0.519792560295785,0.4163082150541011,0.7744157318835593
27,beta,1,64,1.0,1.0,raw,transport_binary_strength,1,13,0.4588050816752981,0.514999681300074,0.4185017013298737,0.7803737514575495
44,beta,1,64,1.0,1.0,raw,transport_binary_strength,1,11,0.4462951726516049,0.5129856399784932,0.4166998810245462,0.771225629520539
6,beta,1,64,1.0,1.0,raw,transport_binary_strength,1,19,0.451332080355562,0.5141203204326128,0.4245447174508266,0.7756398296657899
0,beta,1,64,1.0,1.0,raw,transport_binary_strength,1,21,0.4557604279468175,0.5172677827561775,0.4208543935862985,0.7547771937057651
19,beta,1,64,1.0,1.0,raw,transport_binary_strength,1,13,0.4453022437002066,0.5211041689628568,0.4209367951441742,0.7499455510950584
46,beta,1,64,1.0,1.0,raw,transport_binary_strength,1,12,0.450171182445025,0.5210843553730086,0.4162914991168768,0.7673279127880027
49,beta,1,64,1.0,1.0,raw,transport_binary_strength,1,11,0.4590667812960569,0.5210414200402955,0.415218126153122,0.7664436092923628
37,beta,1,64,1.0,1.0,raw,transport_binary_strength,1,11,0.4510539177279908,0.505207849482344,0.4203769258664311,0.7626167930144514
32,beta,1,64,1.0,1.0,raw,transport_binary_strength,1,12,0.4522843784774153,0.5281669223260355,0.420320366144137,0.7668973722134083
22,beta,1,64,1.0,1.0,raw,transport_binary_strength,1,12,0.4489387468843538,0.5359833093099231,0.4167805833859106,0.7797737761957677
45,beta,1,64,1.0,1.0,raw,transport_binary_strength,1,11,0.4459518895170042,0.5113132277324016,0.4261881957176427,0.7474118491900938
28,beta,1,64,1.0,1.0,raw,transport_binary_strength,1,12,0.4563439736196253,0.5178954667018852,0.4167967613098504,0.777699807160317
31,beta,1,64,1.0,1.0,raw,transport_binary_strength,1,13,0.445482188235849,0.525593166076617,0.4202052380144119,0.7735420105930502
41,beta,1,64,1.0,1.0,raw,transport_binary_strength,1,11,0.4525538165931145,0.5298048098227878,0.4206645696429556,0.7597435194693458
30,beta,1,64,1.0,1.0,raw,transport_binary_strength,1,12,0.4612810664841066,0.5282554035482259,0.4234383192441553,0.7604874626319321
10,beta,1,64,1.0,1.0,raw,transport_binary_strength,1,13,0.4484910793395412,0.5113024838617455,0.4222815638523859,0.7592535492349651
18,beta,1,64,1.0,1.0,raw,transport_binary_strength,1,13,0.4548435015662985,0.5352837104675265,0.4243839679832273,0.7591258333582469
34,beta,1,64,1.0,1.0,raw,transport_binary_strength,1,12,0.4521911469096955,0.5224347704842504,0.4217778023259999,0.7617840330155512
14,beta,1,64,1.0,1.0,raw,transport_binary_strength,1,13,0.4459206126543507,0.522560955008728,0.4213726443595755,0.7723444466558816
4,beta,1,64,1.0,1.0,raw,transport_binary_strength,1,16,0.4557190176424089,0.5464587818071425,0.4189502031089744,0.7806972649009349
15,beta,1,64,1.0,1.0,raw,transport_binary_strength,1,13,0.4499997688663736,0.5397482317722333,0.4168363364790354,0.7716739538650665
12,beta,1,64,1.0,1.0,raw,transport_binary_strength,1,12,0.443138571721023,0.5256856592423272,0.4164837992243239,0.7729571282234613
40,beta,1,64,1.0,1.0,raw,transport_binary_strength,1,12,0.4442115525753795,0.528964323952279,0.4202682308722255,0.7741564533998061
21,beta,1,64,1.0,1.0,raw,transport_binary_strength,1,12,0.4468352733640139,0.5254516083719624,0.4196203169233255,0.7819302428346813
7,beta,1,64,1.0,1.0,raw,transport_binary_strength,1,13,0.4485208480416556,0.5254612119954283,0.4215665855520797,0.7544827876973671
39,beta,1,64,1.0,1.0,raw,transport_binary_strength,1,13,0.4449292591744845,0.5030809418163601,0.4254312739291448,0.7638978562244955
42,beta,1,64,1.0,1.0,raw,transport_binary_strength,1,13,0.4544045698679059,0.4993888564789379,0.4248783793055481,0.756026279548961
35,beta,1,64,1.0,1.0,raw,transport_binary_strength,1,13,0.4506440977105136,0.5426796158770207,0.4188313718277499,0.7803837028111944
8,beta,1,64,1.0,1.0,raw,transport_binary_strength,1,14,0.4504726986905518,0.5194504372966062,0.4236139732100863,0.7615666991575577
24,beta,1,64,1.0,1.0,raw,transport_binary_strength,1,13,0.446339159935437,0.50647386844676,0.4210072175469665,0.7629326977641584
38,beta,1,64,1.0,1.0,raw,transport_binary_strength,1,12,0.4439069248826758,0.5256558202438791,0.4232055732722429,0.7627662769686911
48,beta,1,64,1.0,1.0,raw,transport_binary_strength,1,12,0.4518292579608971,0.5294339298518165,0.4161137030956795,0.7669763846441314
47,beta,1,64,1.0,1.0,raw,transport_binary_strength,1,13,0.4432123923648237,0.5199144993029338,0.4217937002611878,0.7670681674549705
13,beta,1,64,1.0,1.0,raw,transport_binary_strength,1,12,0.4560785879533803,0.5345919041498673,0.4178316301404438,0.7675536218040653
29,beta,1,64,1.0,1.0,raw,transport_binary_strength,1,12,0.4518291425321817,0.5266277631057505,0.4229019875006834,0.7523216605882005
20,beta,1,64,1.0,1.0,raw,transport_binary_strength,1,12,0.4376825564839435,0.5236353801650949,0.4251199538983796,0.7522206832587869
1,beta,1,64,1.0,1.0,raw,transport_binary_strength,1,23,0.4524187305876714,0.5299350215738647,0.416300805717209,0.7714893360929259
26,beta,1,64,1.0,1.0,raw,transport_binary_strength,1,13,0.4504313646536232,0.5143086444695961,0.4158127876772703,0.7908189433798215
3,beta,1,64,1.0,1.0,raw,transport_binary_strength,1,24,0.4538578815262936,0.5222663264051163,0.4269988996114109,0.7488784943425923
25,beta,1,64,1.0,1.0,raw,transport_binary_strength,1,12,0.4443576178658666,0.5089762393223918,0.4153710866038327,0.7751986460622
16,beta,1,64,1.0,1.0,raw,transport_binary_strength,1,14,0.4463583727549039,0.5143253107846174,0.4157006230787132,0.7691216541389829
23,beta,1,64,1.0,1.0,raw,transport_binary_strength,1,14,0.4445162564449189,0.5290056366497953,0.4184306791859275,0.7685444088294802
33,beta,1,64,1.0,1.0,raw,transport_binary_strength,1,12,0.446650719547749,0.5167199450159573,0.4233193222052619,0.765766306874844
2,beta,1,64,1.0,1.0,raw,transport_binary_strength,1,24,0.4428847036404927,0.5176803097034813,0.4235422427143333,0.7659767546655758
11,beta,1,64,1.0,1.0,raw,transport_binary_strength,1,14,0.4545733390458873,0.5273527377709522,0.4213686305967618,0.7586506372166371
9,beta,1,64,1.0,1.0,raw,transport_binary_strength,1,12,0.4473665281859528,0.5234170279090157,0.4188700610603621,0.7701430094179988
17,beta,1,64,1.0,1.0,raw,transport_binary_strength,1,12,0.4580211027449832,0.5173583676268863,0.4215087890625,0.770527384414199
5,beta,1,64,1.0,1.0,raw,transport_binary_strength,1,18,0.4429058158074077,0.5027568584061589,0.4235424186254538,0.7750949630891578
43,beta,1,64,1.0,1.0,raw,transport_binary_strength,1,13,0.4503457734404846,0.5072556796964101,0.4183863042575623,0.7703458124010736
27,beta,1,64,1.0,1.0,raw,transport_binary_strength,1,14,0.4587860328181282,0.5154569464113002,0.4191441097630158,0.7888973225089654
36,beta,1,64,1.0,1.0,raw,transport_binary_strength,1,12,0.4598402606081224,0.5487594254937164,0.4166744549341288,0.7758760431536181
6,beta,1,64,1.0,1.0,raw,transport_binary_strength,1,20,0.4512760322860349,0.5341728869137508,0.4241724681020331,0.7707515371698852
0,beta,1,64,1.0,1.0,raw,transport_binary_strength,1,22,0.4560269953878817,0.530711173331599,0.4206377182237979,0.7617704253418539
46,beta,1,64,1.0,1.0,raw,transport_binary_strength,1,13,0.4496082276065347,0.5125080183440563,0.4157094589981072,0.7648402240244239
19,beta,1,64,1.0,1.0,raw,transport_binary_strength,1,14,0.444983092828024,0.5215243717623719,0.4188831523317095,0.7690361616304578
44,beta,1,64,1.0,1.0,raw,transport_binary_strength,1,12,0.4464142371328692,0.517670619649729,0.4162391098132926,0.783283554356578
37,beta,1,64,1.0,1.0,raw,transport_binary_strength,1,12,0.4511077141656718,0.531191292746622,0.4199794641083667,0.7556709506624526
49,beta,1,64,1.0,1.0,raw,transport_binary_strength,1,12,0.459208721766567,0.512214641609977,0.4173644144361583,0.7735221212556173
22,beta,1,64,1.0,1.0,raw,transport_binary_strength,1,13,0.4490657545859756,0.5353211090004969,0.4165760796144276,0.7772013550697698
31,beta,1,64,1.0,1.0,raw,transport_binary_strength,1,14,0.4465038358730766,0.5243092794035034,0.4199600024989537,0.7691160216710629
32,beta,1,64,1.0,1.0,raw,transport_binary_strength,1,13,0.4525380279041856,0.513993515548738,0.4219508279541188,0.7576785815947252
28,beta,1,64,1.0,1.0,raw,transport_binary_strength,1,13,0.4564623103569926,0.5058976606788256,0.417442507440079,0.7742905419118441
45,beta,1,64,1.0,1.0,raw,transport_binary_strength,1,12,0.4462577090946518,0.5075745705271942,0.424811071589062,0.7610452217357166
41,beta,1,64,1.0,1.0,raw,transport_binary_strength,1,12,0.4526666098460263,0.5235203320238199,0.4222227005927962,0.7474414393161445
30,beta,1,64,1.0,1.0,raw,transport_binary_strength,1,13,0.461210460984068,0.5344987662418791,0.4234878474916085,0.7681330879412143
10,beta,1,64,1.0,1.0,raw,transport_binary_strength,1,14,0.448535814706297,0.4948774405581301,0.4229295583773929,0.7613699552225701
34,beta,1,64,1.0,1.0,raw,transport_binary_strength,1,13,0.4520445636380185,0.5237384514658454,0.424210055492235,0.7546313249522769
14,beta,1,64,1.0,1.0,raw,transport_binary_strength,1,14,0.4461879156505884,0.525418848658896,0.4228555093277121,0.7708301224966104
15,beta,1,64,1.0,1.0,raw,transport_binary_strength,1,14,0.4496790807862363,0.5276051713415342,0.4191516465927066,0.7648931686136754
18,beta,1,64,1.0,1.0,raw,transport_binary_strength,1,14,0.4550321170978603,0.5214980433226644,0.4220598310433927,0.7728172775353246
7,beta,1,64,1.0,1.0,raw,transport_binary_strength,1,14,0.450522760890593,0.4944194877969712,0.4216456319565745,0.7596844235512364
4,beta,1,64,1.0,1.0,raw,transport_binary_strength,1,17,0.4558176735809693,0.5428827206491141,0.4191346529831146,0.7870891172714916
39,beta,1,64,1.0,1.0,raw,transport_binary_strength,1,14,0.4445703244592651,0.5120315370118561,0.4247760806920106,0.76863418161999
12,beta,1,64,1.0,1.0,raw,transport_binary_strength,1,13,0.4435967301567239,0.5338595044433114,0.4201065367160377,0.7504491017964071
42,beta,1,64,1.0,1.0,raw,transport_binary_strength,1,14,0.4546238674457026,0.5179312318183986,0.4243158794790495,0.758053677376601
35,beta,1,64,1.0,1.0,raw,transport_binary_strength,1,14,0.4498625578531042,0.5365358014693664,0.4182283540039275,0.7785480335213434
40,beta,1,64,1.0,1.0,raw,transport_binary_strength,1,13,0.444446709208215,0.54580784133782,0.4198312528544041,0.762625848220468
21,beta,1,64,1.0,1.0,raw,transport_binary_strength,1,13,0.4468927286539434,0.5340623683101559,0.4199622023979172,0.7829904393906697
38,beta,1,64,1.0,1.0,raw,transport_binary_strength,1,13,0.4441040104491462,0.5209386720621478,0.4243244130879337,0.7543755773654157
8,beta,1,64,1.0,1.0,raw,transport_binary_strength,1,15,0.4507195984251131,0.5109875009685418,0.4219746825106208,0.7703181786534846
48,beta,1,64,1.0,1.0,raw,transport_binary_strength,1,13,0.4521951836629823,0.5415149229206501,0.4165756682527419,0.7636879134905642
24,beta,1,64,1.0,1.0,raw,transport_binary_strength,1,14,0.4469715134229129,0.5085856941278628,0.4226682234670496,0.761135357662426
47,beta,1,64,1.0,1.0,raw,transport_binary_strength,1,14,0.4435759532135849,0.5212316510454689,0.421495160662201,0.7585533788849026
13,beta,1,64,1.0,1.0,raw,transport_binary_strength,1,13,0.4561327228315742,0.5309597542141312,0.4184719514801965,0.7818834606462464
29,beta,1,64,1.0,1.0,raw,transport_binary_strength,1,13,0.4506284735832776,0.5400280129839878,0.4223911871538932,0.7644200725235911
26,beta,1,64,1.0,1.0,raw,transport_binary_strength,1,14,0.450393682702728,0.5324860583782907,0.4153634632378506,0.7903262690392747
3,beta,1,64,1.0,1.0,raw,transport_binary_strength,1,25,0.4525638591639003,0.5333501414340179,0.425881627701092,0.7604971052536449
20,beta,1,64,1.0,1.0,raw,transport_binary_strength,1,13,0.4380269793677612,0.5377500970108888,0.4211895106604852,0.762555926864633
23,beta,1,64,1.0,1.0,raw,transport_binary_strength,1,15,0.444240987504895,0.532988481221535,0.4195551668307898,0.7830392515484244
1,beta,1,64,1.0,1.0,raw,transport_binary_strength,1,24,0.4537146447859932,0.519064297822067,0.4190330858027508,0.7726604566609298
16,beta,1,64,1.0,1.0,raw,transport_binary_strength,1,15,0.4485800473343647,0.5122448979591837,0.4211835316081761,0.7660075062234486
11,beta,1,64,1.0,1.0,raw,transport_binary_strength,1,15,0.4547244158568718,0.5154901156955084,0.422071093444243,0.765228938690855
2,beta,1,64,1.0,1.0,raw,transport_binary_strength,1,25,0.4423573972967657,0.5118462729236427,0.422516017926191,0.7718759971952207
33,beta,1,64,1.0,1.0,raw,transport_binary_strength,1,13,0.4467666874849811,0.5150259359310105,0.4253554884005722,0.770308838286296
43,beta,1,64,1.0,1.0,raw,transport_binary_strength,1,14,0.4497858200058405,0.5116628482420107,0.4164553722443617,0.7843971509187254
25,beta,1,64,1.0,1.0,raw,transport_binary_strength,1,13,0.4443682145353131,0.5189280101257319,0.41791920947667,0.7689663257999613
27,beta,1,64,1.0,1.0,raw,transport_binary_strength,1,15,0.4595249158467454,0.5455276700818366,0.416688062197997,0.7791712730732845
9,beta,1,64,1.0,1.0,raw,transport_binary_strength,1,13,0.4475103316899209,0.5078235351419804,0.420017639595815,0.7613912143207018
17,beta,1,64,1.0,1.0,raw,transport_binary_strength,1,13,0.4580057628073306,0.535718792866941,0.4199473528562717,0.7705162000791507
5,beta,1,64,1.0,1.0,raw,transport_binary_strength,1,19,0.4430035915498261,0.4882317758698492,0.4228640371689423,0.774840363319995
6,beta,1,64,1.0,1.0,raw,transport_binary_strength,1,21,0.4505913868455953,0.5414696322503632,0.4222623318553472,0.7667665476842161
36,beta,1,64,1.0,1.0,raw,transport_binary_strength,1,13,0.4600872020373378,0.536465709156194,0.41509233918166,0.7823003596134841
19,beta,1,64,1.0,1.0,raw,transport_binary_strength,1,15,0.4456110171228241,0.5241830155406151,0.4221191582754207,0.7498581236735594
46,beta,1,64,1.0,1.0,raw,transport_binary_strength,1,14,0.4508202078131394,0.5238554711435355,0.4174999388677586,0.7689993831312536
0,beta,1,64,1.0,1.0,raw,transport_binary_strength,1,23,0.4559030219383518,0.5133745905370852,0.4215938372943797,0.7636047550333265
22,beta,1,64,1.0,1.0,raw,transport_binary_strength,1,14,0.4480922838928385,0.5415325408544815,0.4151325973130272,0.7762952137801942
44,beta,1,64,1.0,1.0,raw,transport_binary_strength,1,13,0.4464362671733754,0.5059220908588693,0.415514110887909,0.7757946858074861
37,beta,1,64,1.0,1.0,raw,transport_binary_strength,1,13,0.4510871345238412,0.5115801670124588,0.4239902801411726,0.7699664433012154
49,beta,1,64,1.0,1.0,raw,transport_binary_strength,1,13,0.4590928132219853,0.5261634444484747,0.4152021020529205,0.7737520909472336
31,beta,1,64,1.0,1.0,raw,transport_binary_strength,1,15,0.44635239700566,0.5244089481080244,0.4203726190164398,0.7702819056775873
32,beta,1,64,1.0,1.0,raw,transport_binary_strength,1,14,0.452497837525148,0.5301596708966672,0.4200805009601267,0.7758536311002189
45,beta,1,64,1.0,1.0,raw,transport_binary_strength,1,13,0.4459021495876783,0.5307728559378762,0.4250914559414941,0.7614030571614587
10,beta,1,64,1.0,1.0,raw,transport_binary_strength,1,15,0.448198819192142,0.5199037470540329,0.4205997584451099,0.762865671891397
30,beta,1,64,1.0,1.0,raw,transport_binary_strength,1,14,0.4611815436925023,0.5249902392553722,0.4229391416988808,0.7595535151404227
28,beta,1,64,1.0,1.0,raw,transport_binary_strength,1,14,0.4563979627463485,0.5042157913781289,0.4188116967598141,0.7646700570125741
41,beta,1,64,1.0,1.0,raw,transport_binary_strength,1,13,0.4527112452973223,0.5062857271360385,0.4207546581558975,0.7727512419860675
34,beta,1,64,1.0,1.0,raw,transport_binary_strength,1,14,0.4524311640053782,0.5219112975581367,0.4233090610598199,0.7637192341483722
15,beta,1,64,1.0,1.0,raw,transport_binary_strength,1,15,0.4503916645286189,0.5233611611801536,0.4188853756727482,0.7612815903154996
14,beta,1,64,1.0,1.0,raw,transport_binary_strength,1,15,0.4461003411602776,0.5204741257953713,0.4209535567089308,0.7811238523916695
18,beta,1,64,1.0,1.0,raw,transport_binary_strength,1,15,0.4546051350612345,0.5221446918736696,0.4221691060100541,0.7755882436781578
7,beta,1,64,1.0,1.0,raw,transport_binary_strength,1,15,0.4509401097688081,0.5127224586385735,0.42407695655666,0.7540012718623298
39,beta,1,64,1.0,1.0,raw,transport_binary_strength,1,15,0.4436977456448458,0.5291627901428946,0.4245089323532874,0.7623536111576947
42,beta,1,64,1.0,1.0,raw,transport_binary_strength,1,15,0.4540480715512945,0.5060154030378831,0.4233134612384123,0.7555882870662787
4,beta,1,64,1.0,1.0,raw,transport_binary_strength,1,18,0.4551078393755511,0.5307094165700723,0.4163749468347291,0.7753000096112919
35,beta,1,64,1.0,1.0,raw,transport_binary_strength,1,15,0.45032084074112,0.5186458916020493,0.4196955403561139,0.7692941192110996
40,beta,1,64,1.0,1.0,raw,transport_binary_strength,1,14,0.4448578839590768,0.5249544330580198,0.4214714027084283,0.7690276623736324
12,beta,1,64,1.0,1.0,raw,transport_binary_strength,1,14,0.4439567876592277,0.5407330351735065,0.4177446745128409,0.7644040850560647
38,beta,1,64,1.0,1.0,raw,transport_binary_strength,1,14,0.4442504800633985,0.519963102072017,0.4234264597562019,0.7623872221498902
21,beta,1,64,1.0,1.0,raw,transport_binary_strength,1,14,0.4470501676447991,0.5435043545441776,0.4206972991341628,0.7769880826370976
47,beta,1,64,1.0,1.0,raw,transport_binary_strength,1,15,0.4436098139247004,0.5253122771720445,0.4217085509959104,0.7670790696515382
24,beta,1,64,1.0,1.0,raw,transport_binary_strength,1,15,0.4475558309783996,0.5072679230435254,0.4217345922433564,0.7652693086809531
3,beta,1,64,1.0,1.0,raw,transport_binary_strength,1,26,0.4540789362695159,0.5299723281269216,0.428333176864541,0.75636197676973
26,beta,1,64,1.0,1.0,raw,transport_binary_strength,1,15,0.4503003244123957,0.5191327217219449,0.4143654416853278,0.7877017581994107
48,beta,1,64,1.0,1.0,raw,transport_binary_strength,1,14,0.4517478733973225,0.5396092256214149,0.4184184462786702,0.7694199997610991
8,beta,1,64,1.0,1.0,raw,transport_binary_strength,1,16,0.4504478226377758,0.5313456434991477,0.4223689437222034,0.7628220079370605
13,beta,1,64,1.0,1.0,raw,transport_binary_strength,1,14,0.4560958713013003,0.5179688440620186,0.4169323094278909,0.779853497322391
29,beta,1,64,1.0,1.0,raw,transport_binary_strength,1,14,0.4521125630921711,0.5195755095126164,0.4265922207661362,0.7466359434162722
23,beta,1,64,1.0,1.0,raw,transport_binary_strength,1,16,0.4448585036430254,0.5388866630056648,0.419521016257155,0.7736873956781206
11,beta,1,64,1.0,1.0,raw,transport_binary_strength,1,16,0.4547705531873135,0.5213029843323074,0.4216826671585179,0.7642475227744103
20,beta,1,64,1.0,1.0,raw,transport_binary_strength,1,14,0.4380707594019008,0.537309138425719,0.4237269267549371,0.7509402816166492
2,beta,1,64,1.0,1.0,raw,transport_binary_strength,1,26,0.4419089804968896,0.5134883210878386,0.4241782469408386,0.7559989187894595
1,beta,1,64,1.0,1.0,raw,transport_binary_strength,1,25,0.4527698637882438,0.5406625616396138,0.4163910510526108,0.7728060685212753
27,beta,1,64,1.0,1.0,raw,transport_binary_strength,1,16,0.4590451301783836,0.5328669691082776,0.4176545432726991,0.777582062790135
43,beta,1,64,1.0,1.0,raw,transport_binary_strength,1,15,0.450544209691514,0.5123397355026023,0.4194696697312271,0.7742460945564655
16,beta,1,64,1.0,1.0,raw,transport_binary_strength,1,16,0.4486494520437197,0.5101018971193547,0.4206195092941076,0.7671041834731517
33,beta,1,64,1.0,1.0,raw,transport_binary_strength,1,14,0.4469041154619886,0.5059819388689091,0.426770225361838,0.7653581193757717
9,beta,1,64,1.0,1.0,raw,transport_binary_strength,1,14,0.4460987712089821,0.5100086454629584,0.4173275851679283,0.7680562088101706
25,beta,1,64,1.0,1.0,raw,transport_binary_strength,1,14,0.4440609594609641,0.5343704260245705,0.4151840854167283,0.7805629745792937
6,beta,1,64,1.0,1.0,raw,transport_binary_strength,1,22,0.4514834661519173,0.5277106614315917,0.4247624167973144,0.7715328507060697
17,beta,1,64,1.0,1.0,raw,transport_binary_strength,1,14,0.4579426407960855,0.5125819615912208,0.4209028628795958,0.7621480805960389
5,beta,1,64,1.0,1.0,raw,transport_binary_strength,1,20,0.443306033248772,0.5224499357010488,0.4239925821359455,0.7768020939124932
19,beta,1,64,1.0,1.0,raw,transport_binary_strength,1,16,0.4457462607530163,0.5209953295492119,0.4208036878108745,0.7623889293868126
46,beta,1,64,1.0,1.0,raw,transport_binary_strength,1,15,0.4500528801206582,0.5377918318206188,0.416475945771857,0.7695754758079413
36,beta,1,64,1.0,1.0,raw,transport_binary_strength,1,14,0.4596521754537121,0.5291630161579892,0.4172681480492851,0.7888911002525529
0,beta,1,64,1.0,1.0,raw,transport_binary_strength,1,24,0.4566468146225276,0.5460628236767973,0.4235886631248265,0.7725604686318972
22,beta,1,64,1.0,1.0,raw,transport_binary_strength,1,15,0.4486760053489365,0.5359315033250984,0.4187191973217704,0.7768942871677111
31,beta,1,64,1.0,1.0,raw,transport_binary_strength,1,16,0.4446628080899561,0.5108078766282653,0.4204576844255214,0.7713799442574927
49,beta,1,64,1.0,1.0,raw,transport_binary_strength,1,14,0.4591309982830236,0.5153802525234206,0.414288800855235,0.7734106730779847
44,beta,1,64,1.0,1.0,raw,transport_binary_strength,1,14,0.446476485882711,0.5117317475756178,0.4154909613311321,0.7782186581698312
37,beta,1,64,1.0,1.0,raw,transport_binary_strength,1,14,0.4514935655346598,0.5467954871540788,0.4259099678270815,0.7575052936020913
10,beta,1,64,1.0,1.0,raw,transport_binary_strength,1,16,0.4487101785848142,0.510578154317028,0.4256833515135917,0.7548674376244688
32,beta,1,64,1.0,1.0,raw,transport_binary_strength,1,15,0.4524929143287642,0.5301931390322131,0.4216797518144835,0.7759604614522481
45,beta,1,64,1.0,1.0,raw,transport_binary_strength,1,14,0.4433607025798801,0.5132091216631997,0.419900760563368,0.76712807469522
30,beta,1,64,1.0,1.0,raw,transport_binary_strength,1,15,0.4612401518248501,0.531918415792104,0.423302425504008,0.7499098421220318
34,beta,1,64,1.0,1.0,raw,transport_binary_strength,1,15,0.4517374003573815,0.5313986760105724,0.4198539501522709,0.7600063421826855
28,beta,1,64,1.0,1.0,raw,transport_binary_strength,1,15,0.4566276430971939,0.5233938855695479,0.418321086652358,0.7767620958226783
15,beta,1,64,1.0,1.0,raw,transport_binary_strength,1,16,0.4502544736571094,0.5221710332142218,0.4229213313454631,0.7574711604926689
41,beta,1,64,1.0,1.0,raw,transport_binary_strength,1,14,0.4526952645998554,0.5065968120665971,0.4215242375852408,0.7680204199161833
18,beta,1,64,1.0,1.0,raw,transport_binary_strength,1,16,0.4554172774686262,0.4988799067983306,0.4232606736790278,0.7620892132208213
14,beta,1,64,1.0,1.0,raw,transport_binary_strength,1,16,0.4462770589804393,0.5064553184300917,0.4223686438424016,0.7732853281347547
7,beta,1,64,1.0,1.0,raw,transport_binary_strength,1,16,0.4509561857078206,0.5205310591624057,0.4227562459950105,0.758822403046848
39,beta,1,64,1.0,1.0,raw,transport_binary_strength,1,16,0.4450934189078303,0.5242106801211861,0.4277841721902458,0.7679605833193582
42,beta,1,64,1.0,1.0,raw,transport_binary_strength,1,16,0.4548485139828607,0.519563125474853,0.4242369969274208,0.7680161943319839
35,beta,1,64,1.0,1.0,raw,transport_binary_strength,1,16,0.4500401823329378,0.5265561989331997,0.4205897498132952,0.775253309767356
4,beta,1,64,1.0,1.0,raw,transport_binary_strength,1,19,0.4551049908087525,0.5325422945299995,0.4170058201296788,0.7775277697683679
38,beta,1,64,1.0,1.0,raw,transport_binary_strength,1,15,0.44394696995182,0.5023383610825085,0.4245692861490025,0.7663207124095074
40,beta,1,64,1.0,1.0,raw,transport_binary_strength,1,15,0.4437987885048616,0.5448592204547772,0.425085549299358,0.7510266929788119
3,beta,1,64,1.0,1.0,raw,transport_binary_strength,1,27,0.4543074438517218,0.5135293936785144,0.4285557146540784,0.7653990217370147
47,beta,1,64,1.0,1.0,raw,transport_binary_strength,1,16,0.4440470164886145,0.512439548997849,0.4219175599847405,0.7606388133426274
12,beta,1,64,1.0,1.0,raw,transport_binary_strength,1,15,0.4441517710230752,0.5223513791888091,0.4187234677976315,0.7704656702668142
21,beta,1,64,1.0,1.0,raw,transport_binary_strength,1,15,0.4465602993760768,0.5242228543334737,0.4183415684263071,0.7863357962778366
26,beta,1,64,1.0,1.0,raw,transport_binary_strength,1,16,0.4504090999311164,0.5191173417205608,0.4213149804219263,0.7686883685656628
23,beta,1,64,1.0,1.0,raw,transport_binary_strength,1,17,0.4438055708838108,0.5277605169637942,0.4184735716641047,0.778198509682517
24,beta,1,64,1.0,1.0,raw,transport_binary_strength,1,16,0.4464476155578717,0.5243802914360143,0.4225454654157337,0.766186034674288
11,beta,1,64,1.0,1.0,raw,transport_binary_strength,1,17,0.4546439100784568,0.5160367195720952,0.4220434664865107,0.757135261014068
48,beta,1,64,1.0,1.0,raw,transport_binary_strength,1,15,0.4516108140541406,0.5313963910133843,0.4190664227477715,0.7747029523034314
8,beta,1,64,1.0,1.0,raw,transport_binary_strength,1,17,0.4509141524437542,0.5205176492522857,0.4230832528969612,0.764295063705354
13,beta,1,64,1.0,1.0,raw,transport_binary_strength,1,15,0.4560671851591999,0.5254986948584575,0.4188638532356962,0.7738579432953947
29,beta,1,64,1.0,1.0,raw,transport_binary_strength,1,15,0.4522817262810312,0.5170667441107692,0.424512530304787,0.7598094949473838
27,beta,1,64,1.0,1.0,raw,transport_binary_strength,1,17,0.458918838691986,0.5186595342546994,0.4194661883833198,0.7910016596814291
2,beta,1,64,1.0,1.0,raw,transport_binary_strength,1,27,0.4425381351999646,0.5290490465855855,0.4230419197391106,0.7759179041405103
43,beta,1,64,1.0,1.0,raw,transport_binary_strength,1,16,0.4506637882993316,0.5238454732323385,0.420964370838422,0.7805804831050857
20,beta,1,64,1.0,1.0,raw,transport_binary_strength,1,15,0.4385108169735191,0.536113405728934,0.4245616173579895,0.7630488618614127
1,beta,1,64,1.0,1.0,raw,transport_binary_strength,1,26,0.4539105249357893,0.5136416170125333,0.4202514951601044,0.7588390895557904
16,beta,1,64,1.0,1.0,raw,transport_binary_strength,1,17,0.4479549376823524,0.5055601148298469,0.4193135490535134,0.7689435198232852
33,beta,1,64,1.0,1.0,raw,transport_binary_strength,1,15,0.4469435085788399,0.5209734770134336,0.4262275281838866,0.7687214808110452
25,beta,1,64,1.0,1.0,raw,transport_binary_strength,1,15,0.4445799105380484,0.5129927146319224,0.4185768053954682,0.7711986692041091
9,beta,1,64,1.0,1.0,raw,transport_binary_strength,1,15,0.4468123291992851,0.5282925819492474,0.4177159409373266,0.7675178535645901
6,beta,1,64,1.0,1.0,raw,transport_binary_strength,1,23,0.4514842087612846,0.5185841567070804,0.4238894545661887,0.7791281477213938
19,beta,1,64,1.0,1.0,raw,transport_binary_strength,1,17,0.4457507737388891,0.5434803124655572,0.4214342428661685,0.7566204371989421
46,beta,1,64,1.0,1.0,raw,transport_binary_strength,1,16,0.4503254236965084,0.5285839006012562,0.4167295249572921,0.7707619897327949
17,beta,1,64,1.0,1.0,raw,transport_binary_strength,1,15,0.4576492532785901,0.5268473936899862,0.4228112816070573,0.7577156425830651
5,beta,1,64,1.0,1.0,raw,transport_binary_strength,1,21,0.4433464518944891,0.5289306635544746,0.425020044919949,0.7702841648392644
22,beta,1,64,1.0,1.0,raw,transport_binary_strength,1,16,0.4488097941587047,0.5322775954974608,0.4165476589320709,0.7949171532854212
36,beta,1,64,1.0,1.0,raw,transport_binary_strength,1,15,0.4595911925079928,0.5298100538599642,0.4174721164871745,0.7733837981772264
0,beta,1,64,1.0,1.0,raw,transport_binary_strength,1,25,0.4566031023701687,0.5281789211743242,0.424195741061072,0.7660398199683914
31,beta,1,64,1.0,1.0,raw,transport_binary_strength,1,17,0.446898963925912,0.5167061772082109,0.4231485112643768,0.7630432392120485
49,beta,1,64,1.0,1.0,raw,transport_binary_strength,1,15,0.4590874738762145,0.5193118753276902,0.4157683304618339,0.7779665917698109
10,beta,1,64,1.0,1.0,raw,transport_binary_strength,1,17,0.4480926330667413,0.4861050049609967,0.4230193582675181,0.7562344174404814
37,beta,1,64,1.0,1.0,raw,transport_binary_strength,1,15,0.4512466599877084,0.5281291611185087,0.4231087693069525,0.7707425846336466
44,beta,1,64,1.0,1.0,raw,transport_binary_strength,1,15,0.4466515869589003,0.5202656667747376,0.4195575464343501,0.7753625033549195
32,beta,1,64,1.0,1.0,raw,transport_binary_strength,1,16,0.4518429113209185,0.5269683447217961,0.420233588628393,0.7668214077736829
30,beta,1,64,1.0,1.0,raw,transport_binary_strength,1,16,0.461348754266529,0.5415358726886557,0.423729247763783,0.7660045485666254
45,beta,1,64,1.0,1.0,raw,transport_binary_strength,1,15,0.4466704026938999,0.5170009095247958,0.4265965172195357,0.7592827643825741
34,beta,1,64,1.0,1.0,raw,transport_binary_strength,1,16,0.4525570928005349,0.5330039525691699,0.4231006866355288,0.7658857404620116
18,beta,1,64,1.0,1.0,raw,transport_binary_strength,1,17,0.4536262732083492,0.5049256214735655,0.4204659596623118,0.7656791978346764
15,beta,1,64,1.0,1.0,raw,transport_binary_strength,1,17,0.4504700854463924,0.5160678804456672,0.4202603240404426,0.7728154961388657
28,beta,1,64,1.0,1.0,raw,transport_binary_strength,1,16,0.4566921704310465,0.5157732522136863,0.4189612289997622,0.768108905230613
7,beta,1,64,1.0,1.0,raw,transport_binary_strength,1,17,0.4513143834549035,0.5116638736947788,0.424704107895941,0.7467618455354822
14,beta,1,64,1.0,1.0,raw,transport_binary_strength,1,17,0.4464419247128815,0.5306394879591568,0.4231940769793785,0.775118439473814
35,beta,1,64,1.0,1.0,raw,transport_binary_strength,1,17,0.4498676920141161,0.5179381826948056,0.4195310503854401,0.7791513519300242
41,beta,1,64,1.0,1.0,raw,transport_binary_strength,1,15,0.4527375603762088,0.529962226293673,0.4230848730322368,0.7682587563486998
39,beta,1,64,1.0,1.0,raw,transport_binary_strength,1,17,0.4455288645826356,0.519427049786493,0.4257854146491242,0.7715612597126726
42,beta,1,64,1.0,1.0,raw,transport_binary_strength,1,17,0.4548041210516692,0.5353800162928053,0.4273346727373038,0.7535320694023077
4,beta,1,64,1.0,1.0,raw,transport_binary_strength,1,20,0.455416295873637,0.5258113926146714,0.4175390369758952,0.7928122983345003
38,beta,1,64,1.0,1.0,raw,transport_binary_strength,1,16,0.4445445817982967,0.5143281830810772,0.4240201172419738,0.7603634724108025
3,beta,1,64,1.0,1.0,raw,transport_binary_strength,1,28,0.4539615210073571,0.5146584061001107,0.429666692056549,0.7461794422955532
47,beta,1,64,1.0,1.0,raw,transport_binary_strength,1,17,0.4441302986924064,0.5104524047641881,0.4233223846601667,0.7643341388268405
40,beta,1,64,1.0,1.0,raw,transport_binary_strength,1,16,0.4450325169362775,0.5216264530437442,0.4223801626018072,0.7653664658634538
26,beta,1,64,1.0,1.0,raw,transport_binary_strength,1,17,0.4504266339057048,0.5296970349454604,0.4177763843833709,0.7877843848633437
21,beta,1,64,1.0,1.0,raw,transport_binary_strength,1,16,0.4461938769046061,0.5166118836915297,0.4186301479769149,0.788446426675162
23,beta,1,64,1.0,1.0,raw,transport_binary_strength,1,18,0.4450346766044553,0.5469179023662959,0.4209694503745504,0.7704178110643364
11,beta,1,64,1.0,1.0,raw,transport_binary_strength,1,18,0.4547164855317602,0.5190381852751298,0.4238751820401042,0.7471165114731948
12,beta,1,64,1.0,1.0,raw,transport_binary_strength,1,16,0.4441576757320248,0.5246033185394047,0.4188991956959896,0.7733058567136679
24,beta,1,64,1.0,1.0,raw,transport_binary_strength,1,17,0.4478056034374325,0.5098217193096711,0.4253391980908637,0.7634814264538472
48,beta,1,64,1.0,1.0,raw,transport_binary_strength,1,16,0.4516020206461961,0.534020972753346,0.4203045542933796,0.7643039365752189
2,beta,1,64,1.0,1.0,raw,transport_binary_strength,1,28,0.4433720624679593,0.5373960450579802,0.4254563693270626,0.7738189920653544
27,beta,1,64,1.0,1.0,raw,transport_binary_strength,1,18,0.4586901919125715,0.5319583279061969,0.4204904477387313,0.7838321659186412
8,beta,1,64,1.0,1.0,raw,transport_binary_strength,1,18,0.4510176919492971,0.5162061250581126,0.4235186875554002,0.7629156513263247
13,beta,1,64,1.0,1.0,raw,transport_binary_strength,1,16,0.4561371983909148,0.5331660576413577,0.4219682555089478,0.7642120059372468
43,beta,1,64,1.0,1.0,raw,transport_binary_strength,1,17,0.4504252775282554,0.4957499419666737,0.4188921345570397,0.7719110866423509
20,beta,1,64,1.0,1.0,raw,transport_binary_strength,1,16,0.4365494483520462,0.5322980115707533,0.4228505229276428,0.7592634898909909
29,beta,1,64,1.0,1.0,raw,transport_binary_strength,1,16,0.4522806555141089,0.5162783873475697,0.423508448832882,0.7494198461050791
1,beta,1,64,1.0,1.0,raw,transport_binary_strength,1,27,0.4533557468750981,0.511982805116088,0.419519098201771,0.7677611882481198
16,beta,1,64,1.0,1.0,raw,transport_binary_strength,1,18,0.4489301998708475,0.5172701407272344,0.4212694060046749,0.7728268132826918
19,beta,1,64,1.0,1.0,raw,transport_binary_strength,1,18,0.4460508182263275,0.5388773696682465,0.4225547929649723,0.7623698636819277
46,beta,1,64,1.0,1.0,raw,transport_binary_strength,1,17,0.4511748474815839,0.5332165886374081,0.4205457975858138,0.7486847103679255
6,beta,1,64,1.0,1.0,raw,transport_binary_strength,1,24,0.4514133253166942,0.5212912226201263,0.4243147030215654,0.7643047180881345
25,beta,1,64,1.0,1.0,raw,transport_binary_strength,1,16,0.4446083826547667,0.5352582271571168,0.4201167342051849,0.7731199581267578
33,beta,1,64,1.0,1.0,raw,transport_binary_strength,1,16,0.4470313012270746,0.5261085751388523,0.4251306620464464,0.7727122255694172
9,beta,1,64,1.0,1.0,raw,transport_binary_strength,1,16,0.4472490832339124,0.5393800837757537,0.4194948020744882,0.763517847998397
22,beta,1,64,1.0,1.0,raw,transport_binary_strength,1,17,0.4493467563194573,0.5283893272622828,0.4199341173383503,0.7779296571451655
17,beta,1,64,1.0,1.0,raw,transport_binary_strength,1,16,0.4578383402643776,0.5185565843621399,0.4219019316094922,0.7621670079322747
5,beta,1,64,1.0,1.0,raw,transport_binary_strength,1,22,0.4433251590381488,0.5013112467575551,0.4243469929617915,0.7741169850067859
36,beta,1,64,1.0,1.0,raw,transport_binary_strength,1,16,0.4595045996820734,0.5307034111310592,0.4178386378761181,0.7706350540792797
31,beta,1,64,1.0,1.0,raw,transport_binary_strength,1,18,0.4469843483900622,0.5308399133898178,0.422510357425072,0.7656835717497987
0,beta,1,64,1.0,1.0,raw,transport_binary_strength,1,26,0.4567113066206051,0.5284561750601573,0.4258255716756176,0.759827183398612
10,beta,1,64,1.0,1.0,raw,transport_binary_strength,1,18,0.4477988816431331,0.5063613071085197,0.4195353481156499,0.7668570369410312
49,beta,1,64,1.0,1.0,raw,transport_binary_strength,1,16,0.4590916609672102,0.5184225365116947,0.4146130518429467,0.7724183357440184
44,beta,1,64,1.0,1.0,raw,transport_binary_strength,1,16,0.4463899694510907,0.5111242675838608,0.4164098385196386,0.7913680501551866
37,beta,1,64,1.0,1.0,raw,transport_binary_strength,1,16,0.4515827999369954,0.5412705539900288,0.4255762919312852,0.7683404894670981
15,beta,1,64,1.0,1.0,raw,transport_binary_strength,1,18,0.4501461407666023,0.5265280281229907,0.421235907344365,0.7644875321991151
34,beta,1,64,1.0,1.0,raw,transport_binary_strength,1,17,0.4523893007261629,0.5275488615145858,0.422243469532211,0.7536916585329857
30,beta,1,64,1.0,1.0,raw,transport_binary_strength,1,17,0.4615908857177558,0.526028392053973,0.4250979058308551,0.7655918898582555
18,beta,1,64,1.0,1.0,raw,transport_binary_strength,1,18,0.453892534610138,0.5248970536746183,0.4228731110260281,0.7676655609685554
7,beta,1,64,1.0,1.0,raw,transport_binary_strength,1,18,0.4514806772302749,0.5036760312698503,0.4232443907591927,0.7576854565002002
35,beta,1,64,1.0,1.0,raw,transport_binary_strength,1,18,0.4517450531222662,0.5178588982326879,0.4214601773164957,0.7676592645148018
14,beta,1,64,1.0,1.0,raw,transport_binary_strength,1,18,0.4465856589097616,0.517303151453723,0.4232516257338781,0.7699016590882415
32,beta,1,64,1.0,1.0,raw,transport_binary_strength,1,17,0.4525023819665757,0.5393996653186445,0.4232450068810758,0.7581576891445958
45,beta,1,64,1.0,1.0,raw,transport_binary_strength,1,16,0.4472429361377266,0.5313960155009441,0.4229922512079689,0.7704628074695221
28,beta,1,64,1.0,1.0,raw,transport_binary_strength,1,17,0.4565290479526633,0.5111558606339488,0.4201194298479082,0.765958292140768
39,beta,1,64,1.0,1.0,raw,transport_binary_strength,1,18,0.4456798978699358,0.5180246427634247,0.4261953807191139,0.7614371960422607
42,beta,1,64,1.0,1.0,raw,transport_binary_strength,1,18,0.4549611641218489,0.5119184419008621,0.4266232380924229,0.7523968784838349
41,beta,1,64,1.0,1.0,raw,transport_binary_strength,1,16,0.4529098953851038,0.5157625734844449,0.4233929557878324,0.7607159459909523
4,beta,1,64,1.0,1.0,raw,transport_binary_strength,1,21,0.4560346415196304,0.5406510459789148,0.4213661904931927,0.7801399816012412
47,beta,1,64,1.0,1.0,raw,transport_binary_strength,1,18,0.4431399167755527,0.5218517365983562,0.4211592253559871,0.7717661489219285
38,beta,1,64,1.0,1.0,raw,transport_binary_strength,1,17,0.4442968162669395,0.5286015738750375,0.4249469212035968,0.7684693211870461
3,beta,1,64,1.0,1.0,raw,transport_binary_strength,1,29,0.454327270855458,0.5017408682818841,0.4300415314534115,0.7535023372087526
23,beta,1,64,1.0,1.0,raw,transport_binary_strength,1,19,0.4450091952006105,0.521958988305975,0.4218485435384738,0.7688991807180446
26,beta,1,64,1.0,1.0,raw,transport_binary_strength,1,18,0.4504031779251241,0.5349765699660731,0.4190507235995181,0.7748771399791685
40,beta,1,64,1.0,1.0,raw,transport_binary_strength,1,17,0.4451709656243008,0.5234437136739064,0.4254875394977988,0.7599546461708904
11,beta,1,64,1.0,1.0,raw,transport_binary_strength,1,19,0.4547882958079156,0.519166859157245,0.4259399328351249,0.7527501271824404
21,beta,1,64,1.0,1.0,raw,transport_binary_strength,1,17,0.4474126249395936,0.5174230931310577,0.4209744413573201,0.779119437393595
27,beta,1,64,1.0,1.0,raw,transport_binary_strength,1,19,0.4589295861841023,0.5315613386505413,0.4194672541051356,0.7792451818361824
2,beta,1,64,1.0,1.0,raw,transport_binary_strength,1,29,0.4422565979096124,0.5122122351237003,0.4239337455530397,0.7573641028409812
12,beta,1,64,1.0,1.0,raw,transport_binary_strength,1,17,0.4443644420158227,0.5264535291561301,0.4201885175248637,0.7611553586283231
48,beta,1,64,1.0,1.0,raw,transport_binary_strength,1,17,0.4519508869508079,0.535251852294455,0.4173814265683789,0.7638102648899263
24,beta,1,64,1.0,1.0,raw,transport_binary_strength,1,18,0.4478580266433604,0.501325233365896,0.4239657657574779,0.7556939844478149
13,beta,1,64,1.0,1.0,raw,transport_binary_strength,1,17,0.4560510116527032,0.5298712704457406,0.4191469183144494,0.7670843788030266
8,beta,1,64,1.0,1.0,raw,transport_binary_strength,1,19,0.4510445518342642,0.5180403010227801,0.4236721683580669,0.7578432430550721
43,beta,1,64,1.0,1.0,raw,transport_binary_strength,1,18,0.4507860623107769,0.5178917585948197,0.4211475847471876,0.7782492602023261
20,beta,1,64,1.0,1.0,raw,transport_binary_strength,1,17,0.4386475873084849,0.5375729786458455,0.4243231839778918,0.7491135024235259
1,beta,1,64,1.0,1.0,raw,transport_binary_strength,1,28,0.453485099165999,0.511068163139511,0.4196032357570228,0.7610611403795177
29,beta,1,64,1.0,1.0,raw,transport_binary_strength,1,17,0.4522497669153999,0.5304334147101443,0.4254916019585908,0.7504988173986952
16,beta,1,64,1.0,1.0,raw,transport_binary_strength,1,19,0.4485267782892702,0.5297966847511967,0.4190423848546586,0.7731588459527676
46,beta,1,64,1.0,1.0,raw,transport_binary_strength,1,18,0.4503405289196275,0.524899351830576,0.4190505102435092,0.7582313641163616
19,beta,1,64,1.0,1.0,raw,transport_binary_strength,1,19,0.4461207500243571,0.537773476248209,0.4226387140158285,0.754409502484725
6,beta,1,64,1.0,1.0,raw,transport_binary_strength,1,25,0.4516941696968825,0.5416418575887014,0.4260132883533537,0.7685119881140563
22,beta,1,64,1.0,1.0,raw,transport_binary_strength,1,18,0.448636814177639,0.5312305507293367,0.4190379398269104,0.7780806236388198
9,beta,1,64,1.0,1.0,raw,transport_binary_strength,1,17,0.4470486676937261,0.533724915980712,0.4202662630423452,0.7622915460658146
25,beta,1,64,1.0,1.0,raw,transport_binary_strength,1,17,0.4446275529646057,0.5190119913139456,0.4216113679640341,0.7615384536848725
17,beta,1,64,1.0,1.0,raw,transport_binary_strength,1,17,0.4575504223339811,0.5196340877914951,0.4244707921924119,0.7634635304644081
31,beta,1,64,1.0,1.0,raw,transport_binary_strength,1,19,0.4454116543588031,0.5228337432654983,0.4211397298080763,0.7617064199748215
33,beta,1,64,1.0,1.0,raw,transport_binary_strength,1,17,0.4470956637692901,0.504859588235564,0.426458572470867,0.7597969314655779
5,beta,1,64,1.0,1.0,raw,transport_binary_strength,1,23,0.4438090627612662,0.5219151515439774,0.4264506581163511,0.7631648203663017
10,beta,1,64,1.0,1.0,raw,transport_binary_strength,1,19,0.4481732683242893,0.4874683781504731,0.4215941200528999,0.7648127514636631
36,beta,1,64,1.0,1.0,raw,transport_binary_strength,1,17,0.4593988535650012,0.5258502692998205,0.4188123727720563,0.7846695879543208
49,beta,1,64,1.0,1.0,raw,transport_binary_strength,1,17,0.4592581399207648,0.5140563017091001,0.4183483360964117,0.7702114548024159
0,beta,1,64,1.0,1.0,raw,transport_binary_strength,1,27,0.4568118522463042,0.5385252831583667,0.4239507049636567,0.7720470006184292
30,beta,1,64,1.0,1.0,raw,transport_binary_strength,1,18,0.4611517682959908,0.5388180909545228,0.4238810176630323,0.7360682352781676
44,beta,1,64,1.0,1.0,raw,transport_binary_strength,1,17,0.4458437143733411,0.5099787818314482,0.414022497727981,0.7888563337439525
37,beta,1,64,1.0,1.0,raw,transport_binary_strength,1,17,0.4516038024387485,0.5193246859484512,0.4238567957871181,0.7638347884253947
18,beta,1,64,1.0,1.0,raw,transport_binary_strength,1,19,0.4557323419369479,0.5177216405724714,0.4254209061030597,0.7658490155439693
35,beta,1,64,1.0,1.0,raw,transport_binary_strength,1,19,0.4509761765694402,0.5307255084152703,0.4225169701525724,0.7709793524813896
15,beta,1,64,1.0,1.0,raw,transport_binary_strength,1,19,0.4505168899922162,0.5200256406202237,0.4220211517639862,0.7446580857548493
34,beta,1,64,1.0,1.0,raw,transport_binary_strength,1,18,0.4527627220198972,0.5207324983631998,0.4236622147229918,0.7522354279476531
7,beta,1,64,1.0,1.0,raw,transport_binary_strength,1,19,0.451654910495297,0.5210922263902397,0.4228977592200527,0.7631377757165645
14,beta,1,64,1.0,1.0,raw,transport_binary_strength,1,19,0.445792642040679,0.5296623308369466,0.4228027350798753,0.7768219265700779
39,beta,1,64,1.0,1.0,raw,transport_binary_strength,1,19,0.4459238206386609,0.516788926262554,0.4280932414673315,0.7678293923640225
42,beta,1,64,1.0,1.0,raw,transport_binary_strength,1,19,0.4551077738914571,0.506230005546348,0.4255064331133186,0.7628677980609601
45,beta,1,64,1.0,1.0,raw,transport_binary_strength,1,17,0.4471832765956923,0.5309829771778316,0.4241464184379255,0.766935622455509
28,beta,1,64,1.0,1.0,raw,transport_binary_strength,1,18,0.4566919583460218,0.5171758207030295,0.421185123671816,0.7777866641349149
32,beta,1,64,1.0,1.0,raw,transport_binary_strength,1,18,0.4525732594667567,0.5432725561288523,0.4224691798463817,0.7594182187076236
3,beta,1,64,1.0,1.0,raw,transport_binary_strength,1,30,0.4529247828156747,0.5152259869634731,0.4270287184181364,0.760163069320972
47,beta,1,64,1.0,1.0,raw,transport_binary_strength,1,19,0.4431888907930809,0.5233952636032289,0.4217294335893589,0.7643112961292703
41,beta,1,64,1.0,1.0,raw,transport_binary_strength,1,17,0.4530164983347107,0.513671495562667,0.4233049424512157,0.7725255682606644
38,beta,1,64,1.0,1.0,raw,transport_binary_strength,1,18,0.4446469067658878,0.5134027279876998,0.4245723571363102,0.7490252384032647
4,beta,1,64,1.0,1.0,raw,transport_binary_strength,1,22,0.4559532395771194,0.519918446762709,0.4198717664052969,0.7773597437904188
23,beta,1,64,1.0,1.0,raw,transport_binary_strength,1,20,0.4454961699118842,0.5301507588106515,0.4210707451193026,0.7735487590905992
11,beta,1,64,1.0,1.0,raw,transport_binary_strength,1,20,0.4547995013169261,0.5265768793496801,0.4233971439288668,0.7520740521046376
26,beta,1,64,1.0,1.0,raw,transport_binary_strength,1,19,0.4505843428313598,0.5091762680985914,0.4198537549500926,0.7807204907955269
27,beta,1,64,1.0,1.0,raw,transport_binary_strength,1,20,0.4588465869319379,0.511453798210292,0.4194827067672051,0.7831035630211426
40,beta,1,64,1.0,1.0,raw,transport_binary_strength,1,18,0.4438489320105084,0.5207638676455593,0.4226527991303822,0.7573255089322808
2,beta,1,64,1.0,1.0,raw,transport_binary_strength,1,30,0.4421734514464804,0.5158798266843825,0.4247912525376413,0.7623851213800732
21,beta,1,64,1.0,1.0,raw,transport_binary_strength,1,18,0.446475367818175,0.5159225312543898,0.4183984312602934,0.7852252446673311
48,beta,1,64,1.0,1.0,raw,transport_binary_strength,1,18,0.4519485130503363,0.5374376344407266,0.418451885605715,0.7665134287913149
12,beta,1,64,1.0,1.0,raw,transport_binary_strength,1,18,0.4440625701732432,0.5242104866940189,0.4183946916934102,0.7695691853949964
43,beta,1,64,1.0,1.0,raw,transport_binary_strength,1,19,0.4509254377024705,0.5184963144632506,0.420897623225086,0.7762941297914803
24,beta,1,64,1.0,1.0,raw,transport_binary_strength,1,19,0.4474632459603434,0.5198350835775535,0.4232962650805679,0.7613300179183734
13,beta,1,64,1.0,1.0,raw,transport_binary_strength,1,18,0.4560555370249382,0.5197042453311624,0.4247291585491535,0.756240444569452
8,beta,1,64,1.0,1.0,raw,transport_binary_strength,1,20,0.451248261561968,0.5360415577057183,0.4239773641371819,0.7610286848151501
20,beta,1,64,1.0,1.0,raw,transport_binary_strength,1,18,0.4378826647672156,0.5327121451753252,0.4203769258664311,0.7716696751580567
46,beta,1,64,1.0,1.0,raw,transport_binary_strength,1,19,0.4513468547551296,0.5303817449831496,0.4213740588924249,0.7500125464829769
1,beta,1,64,1.0,1.0,raw,transport_binary_strength,1,29,0.4527610270675511,0.5123503955208547,0.417756837976081,0.7762803467568331
19,beta,1,64,1.0,1.0,raw,transport_binary_strength,1,20,0.4465214898276615,0.5243087319519454,0.4233878173397161,0.750547237259128
29,beta,1,64,1.0,1.0,raw,transport_binary_strength,1,18,0.4515614664666514,0.5203962354905751,0.4245000689768201,0.7656122530731959
16,beta,1,64,1.0,1.0,raw,transport_binary_strength,1,20,0.4470158841726625,0.5086106418784069,0.4173248000789651,0.7680549256129101
22,beta,1,64,1.0,1.0,raw,transport_binary_strength,1,19,0.4494061949703161,0.5287600748543617,0.4202468147145771,0.7717141851677646
6,beta,1,64,1.0,1.0,raw,transport_binary_strength,1,26,0.4515073940615818,0.5403744373013476,0.426407799247927,0.7724158221372965
31,beta,1,64,1.0,1.0,raw,transport_binary_strength,1,20,0.4456790620023524,0.5157218457875283,0.4220253711730218,0.7652768516338588
9,beta,1,64,1.0,1.0,raw,transport_binary_strength,1,18,0.4480340012926651,0.5401186011397399,0.4211531397282994,0.7583679017121611
10,beta,1,64,1.0,1.0,raw,transport_binary_strength,1,20,0.4479297721039694,0.500607211583507,0.4198207644781676,0.7611814663528205
25,beta,1,64,1.0,1.0,raw,transport_binary_strength,1,18,0.4442505136056484,0.5272027815769268,0.4173264604226998,0.778745654085636
17,beta,1,64,1.0,1.0,raw,transport_binary_strength,1,18,0.4574951523643857,0.5201663237311385,0.4239081381936068,0.7580800798389455
33,beta,1,64,1.0,1.0,raw,transport_binary_strength,1,18,0.4469847317665291,0.5173846412900546,0.428580609717119,0.7654808345181989
5,beta,1,64,1.0,1.0,raw,transport_binary_strength,1,24,0.443472154700071,0.5270067485658332,0.4245518600689533,0.7743586360591665
30,beta,1,64,1.0,1.0,raw,transport_binary_strength,1,19,0.4610456081273041,0.5311465361069465,0.4249366993605517,0.754049308902582
36,beta,1,64,1.0,1.0,raw,transport_binary_strength,1,18,0.4598871159690371,0.5169278276481148,0.4175548464903451,0.7722924330185571
15,beta,1,64,1.0,1.0,raw,transport_binary_strength,1,20,0.4501201376553044,0.5228792466453741,0.4224202905889407,0.746752494181049
7,beta,1,64,1.0,1.0,raw,transport_binary_strength,1,20,0.4519581734285481,0.5126038216545943,0.4249378740960141,0.7532197089473054
35,beta,1,64,1.0,1.0,raw,transport_binary_strength,1,20,0.4513462439794795,0.5403528655920647,0.4203118398725012,0.7734491270862502
49,beta,1,64,1.0,1.0,raw,transport_binary_strength,1,18,0.4591460896754715,0.5126073752139261,0.4171238675683699,0.7628148152237519
34,beta,1,64,1.0,1.0,raw,transport_binary_strength,1,19,0.4528510317786569,0.5139940347729092,0.4247927083047416,0.764164788146036
18,beta,1,64,1.0,1.0,raw,transport_binary_strength,1,20,0.4559420133998729,0.5150978648513824,0.4243517510867585,0.7741507897827098
37,beta,1,64,1.0,1.0,raw,transport_binary_strength,1,18,0.4515645188811159,0.5203214189865709,0.4236493590637873,0.7610477354589369
39,beta,1,64,1.0,1.0,raw,transport_binary_strength,1,20,0.4444004556953985,0.5204650635749899,0.4258043650381,0.7603494116496171
0,beta,1,64,1.0,1.0,raw,transport_binary_strength,1,28,0.4566784173290146,0.5348367796105439,0.4240889559696818,0.7646444032158319
14,beta,1,64,1.0,1.0,raw,transport_binary_strength,1,20,0.4465413955762877,0.520132514968936,0.4244155329026207,0.7682359365351542
44,beta,1,64,1.0,1.0,raw,transport_binary_strength,1,18,0.4467760429988749,0.5176424272081226,0.4190029113584171,0.7755159694168978
42,beta,1,64,1.0,1.0,raw,transport_binary_strength,1,20,0.4552243697646485,0.5306561479862315,0.42621850825905,0.753517573197207
47,beta,1,64,1.0,1.0,raw,transport_binary_strength,1,20,0.4446819090340938,0.5333293538258398,0.4231306392908066,0.7726289799074249
28,beta,1,64,1.0,1.0,raw,transport_binary_strength,1,19,0.4567967815996038,0.5338280787271159,0.4205180172671991,0.7649265000801493
32,beta,1,64,1.0,1.0,raw,transport_binary_strength,1,19,0.452629969936456,0.5232488495328407,0.4243596694716602,0.7527746740388184
11,beta,1,64,1.0,1.0,raw,transport_binary_strength,1,21,0.4546528249149205,0.5393381376207054,0.4242919282689818,0.7497768729116161
45,beta,1,64,1.0,1.0,raw,transport_binary_strength,1,18,0.447511413870865,0.5254255705542098,0.4273453253903545,0.7603716388967282
23,beta,1,64,1.0,1.0,raw,transport_binary_strength,1,21,0.445384789338128,0.5334630514161188,0.4215351784733956,0.7550730657871079
38,beta,1,64,1.0,1.0,raw,transport_binary_strength,1,19,0.4449474612038744,0.5174697189088852,0.425641728211092,0.756754615651158
26,beta,1,64,1.0,1.0,raw,transport_binary_strength,1,20,0.4502675790770485,0.5319564969669938,0.4173463661800236,0.7821625146482332
41,beta,1,64,1.0,1.0,raw,transport_binary_strength,1,18,0.4528214325691821,0.5004369556404134,0.4232271917949434,0.7697593738724987
4,beta,1,64,1.0,1.0,raw,transport_binary_strength,1,23,0.4552462844246617,0.5393911795551141,0.4180351275919864,0.7684248465625901
27,beta,1,64,1.0,1.0,raw,transport_binary_strength,1,21,0.4585696192928735,0.5058661571162921,0.4232747909036184,0.7740928816579764
40,beta,1,64,1.0,1.0,raw,transport_binary_strength,1,19,0.4448462772867051,0.5371243117161211,0.4223308396421354,0.7688858883811107
43,beta,1,64,1.0,1.0,raw,transport_binary_strength,1,20,0.4509377470696527,0.5168757548537728,0.4221441681802099,0.7686817837726241
21,beta,1,64,1.0,1.0,raw,transport_binary_strength,1,19,0.447147320422479,0.5316252282623964,0.4207860172538537,0.7842816868600712
48,beta,1,64,1.0,1.0,raw,transport_binary_strength,1,19,0.451588162019693,0.5156720542543021,0.4217950780540212,0.7678174865234286
46,beta,1,64,1.0,1.0,raw,transport_binary_strength,1,20,0.4509907478622637,0.5165198830997242,0.418950345380381,0.7685139039427323
19,beta,1,64,1.0,1.0,raw,transport_binary_strength,1,21,0.4458338880832584,0.5232024275322386,0.4216808472794542,0.7602491045989229
12,beta,1,64,1.0,1.0,raw,transport_binary_strength,1,19,0.4447254862749281,0.5334262944117275,0.4208843998880389,0.7650480898134845
24,beta,1,64,1.0,1.0,raw,transport_binary_strength,1,20,0.4481316556928413,0.530847036795832,0.4242542954476388,0.7559101398733676
13,beta,1,64,1.0,1.0,raw,transport_binary_strength,1,19,0.4561510984795375,0.5206399380034848,0.4243662007112027,0.7622236409358126
22,beta,1,64,1.0,1.0,raw,transport_binary_strength,1,20,0.4486622722221823,0.507811426215238,0.4175616447543889,0.7919938463181634
6,beta,1,64,1.0,1.0,raw,transport_binary_strength,1,27,0.4516873738104091,0.5435996174368267,0.4277665113108356,0.7614251514275502
31,beta,1,64,1.0,1.0,raw,transport_binary_strength,1,21,0.445924288467778,0.5280258512613445,0.4219977941884791,0.780182051307355
8,beta,1,64,1.0,1.0,raw,transport_binary_strength,1,21,0.4513488851655389,0.5239160201650396,0.4250743317114935,0.7583784724639699
20,beta,1,64,1.0,1.0,raw,transport_binary_strength,1,19,0.4388901558923473,0.5427880488464523,0.4237643602633019,0.7664193283790548
1,beta,1,64,1.0,1.0,raw,transport_binary_strength,1,30,0.4542254863353659,0.5247499101088966,0.4219224691175963,0.7611676687714094
29,beta,1,64,1.0,1.0,raw,transport_binary_strength,1,19,0.4527813167115178,0.5299962790528828,0.4255149428459114,0.7583726082367571
16,beta,1,64,1.0,1.0,raw,transport_binary_strength,1,21,0.4493292465315351,0.5216053187039171,0.4214168816266006,0.7727771295619869
10,beta,1,64,1.0,1.0,raw,transport_binary_strength,1,21,0.4490612915065275,0.5065772245805976,0.4272656768670454,0.7593275859906431
9,beta,1,64,1.0,1.0,raw,transport_binary_strength,1,19,0.4480683731468931,0.5280874044128391,0.4220640853711968,0.7550134006100547
15,beta,1,64,1.0,1.0,raw,transport_binary_strength,1,21,0.4503213040022675,0.5406708856423068,0.4221649233346197,0.7588284558083962
30,beta,1,64,1.0,1.0,raw,transport_binary_strength,1,20,0.4615401999084734,0.5248133745627186,0.4268303466888754,0.7455078667832618
25,beta,1,64,1.0,1.0,raw,transport_binary_strength,1,19,0.4445520734686502,0.5155563903685574,0.4181081058242439,0.7785436728659757
35,beta,1,64,1.0,1.0,raw,transport_binary_strength,1,21,0.4512008228345649,0.529407806506124,0.4210022977417426,0.7796610851404898
7,beta,1,64,1.0,1.0,raw,transport_binary_strength,1,21,0.4519613880137355,0.5081061935366571,0.4246426152586462,0.7573154921263993
18,beta,1,64,1.0,1.0,raw,transport_binary_strength,1,21,0.4549981566800517,0.502051800050195,0.424722457468752,0.7586535767398754
17,beta,1,64,1.0,1.0,raw,transport_binary_strength,1,19,0.457627502533552,0.5211999314128943,0.4245261846920417,0.7619058106922242
34,beta,1,64,1.0,1.0,raw,transport_binary_strength,1,20,0.4529403277319809,0.5321406920633381,0.4244963656102525,0.7682840740900604
39,beta,1,64,1.0,1.0,raw,transport_binary_strength,1,21,0.4463101471776288,0.5305079438917912,0.4278000384926834,0.7780437699144727
33,beta,1,64,1.0,1.0,raw,transport_binary_strength,1,19,0.4470546674678224,0.5187464660369361,0.4287996656495719,0.7549587445843962
5,beta,1,64,1.0,1.0,raw,transport_binary_strength,1,25,0.4439986741050477,0.524062908928547,0.4251962194752866,0.7754367042226115
42,beta,1,64,1.0,1.0,raw,transport_binary_strength,1,21,0.4552839738632246,0.5359715614112679,0.4263827248999979,0.7642856649788942
36,beta,1,64,1.0,1.0,raw,transport_binary_strength,1,19,0.4592157632861077,0.5331062836624776,0.4186718455017614,0.7678207697375646
14,beta,1,64,1.0,1.0,raw,transport_binary_strength,1,21,0.4467236762827596,0.4903192747339377,0.4250777145465088,0.7790209457126186
49,beta,1,64,1.0,1.0,raw,transport_binary_strength,1,19,0.4593206431868273,0.5243270603675406,0.4199500141030704,0.7644953364285794
47,beta,1,64,1.0,1.0,raw,transport_binary_strength,1,21,0.4447950569249948,0.5365263335753657,0.4224574342424564,0.7761713285382127
37,beta,1,64,1.0,1.0,raw,transport_binary_strength,1,19,0.4518219694041528,0.5338144102437061,0.4269007742320957,0.7632258771884315
0,beta,1,64,1.0,1.0,raw,transport_binary_strength,1,29,0.4568132059705349,0.5292639765053003,0.4262330519195844,0.7623572459286745
44,beta,1,64,1.0,1.0,raw,transport_binary_strength,1,19,0.4465513731449189,0.5058761103291064,0.4179821368774257,0.7839060209622253
23,beta,1,64,1.0,1.0,raw,transport_binary_strength,1,22,0.4455645165988397,0.5244014027746471,0.4211207641259449,0.7644307771157665
38,beta,1,64,1.0,1.0,raw,transport_binary_strength,1,20,0.4447039913837738,0.5304571614521559,0.4259633890849678,0.7737097841953602
11,beta,1,64,1.0,1.0,raw,transport_binary_strength,1,22,0.4547955532085565,0.5067937035117912,0.4240298867668657,0.7584551435599687
28,beta,1,64,1.0,1.0,raw,transport_binary_strength,1,20,0.4559891386118894,0.524005382520823,0.4171771816163471,0.7803099882424895
26,beta,1,64,1.0,1.0,raw,transport_binary_strength,1,21,0.4505256715048018,0.5232531639109665,0.4199514511693295,0.7769721201864825
45,beta,1,64,1.0,1.0,raw,transport_binary_strength,1,19,0.4476573677781348,0.5205813754536368,0.4279468653063461,0.7687642680108752
32,beta,1,64,1.0,1.0,raw,transport_binary_strength,1,20,0.4526812090196296,0.5217898479988844,0.4230834113887294,0.7686284354617781
27,beta,1,64,1.0,1.0,raw,transport_binary_strength,1,22,0.4587766948541633,0.5286137107479472,0.4210032179974506,0.7924593811189581
41,beta,1,64,1.0,1.0,raw,transport_binary_strength,1,19,0.4529175776893884,0.5260155704879099,0.4226281366499833,0.7735666856318171
4,beta,1,64,1.0,1.0,raw,transport_binary_strength,1,24,0.4561739812515848,0.5498506237235745,0.4213546970617149,0.779445050871195
43,beta,1,64,1.0,1.0,raw,transport_binary_strength,1,21,0.4509658177790445,0.5305140911644681,0.4221354316493351,0.7729979010391577
46,beta,1,64,1.0,1.0,raw,transport_binary_strength,1,21,0.4506258612424792,0.515639062021293,0.4190435227741819,0.7597184708625359
21,beta,1,64,1.0,1.0,raw,transport_binary_strength,1,20,0.4458529054350481,0.5281854895350471,0.4156168965575075,0.8008858378978306
19,beta,1,64,1.0,1.0,raw,transport_binary_strength,1,22,0.4465586476196527,0.5396457897057203,0.4242397190763513,0.7550190897517199
22,beta,1,64,1.0,1.0,raw,transport_binary_strength,1,21,0.4492572933744949,0.536567976852945,0.4206975824952627,0.7746518698963226
40,beta,1,64,1.0,1.0,raw,transport_binary_strength,1,20,0.4455880600811905,0.5356279315794841,0.4256447739566091,0.7577018418501593
31,beta,1,64,1.0,1.0,raw,transport_binary_strength,1,22,0.4475630225391744,0.5228688881530428,0.4242630585912567,0.7623838169096884
6,beta,1,64,1.0,1.0,raw,transport_binary_strength,1,28,0.4517081570249185,0.5239928952553536,0.4248667879862582,0.7678964025748322
13,beta,1,64,1.0,1.0,raw,transport_binary_strength,1,20,0.4561563415286824,0.5285542111976316,0.4255585569315851,0.7598528846609058
48,beta,1,64,1.0,1.0,raw,transport_binary_strength,1,20,0.4516142290838617,0.5219769508843213,0.4223734066140905,0.7591788292831095
24,beta,1,64,1.0,1.0,raw,transport_binary_strength,1,21,0.44646882625015,0.5254545207858461,0.4237533362715826,0.7717881917575482
10,beta,1,64,1.0,1.0,raw,transport_binary_strength,1,22,0.4490806035458892,0.5086832457651347,0.4264799911572797,0.7543678201767405
20,beta,1,64,1.0,1.0,raw,transport_binary_strength,1,20,0.4378225636057386,0.5397491092636579,0.4241136037721611,0.7563772504779096
12,beta,1,64,1.0,1.0,raw,transport_binary_strength,1,20,0.4448826036545704,0.5140998573075961,0.4214935520930136,0.761899392947744
29,beta,1,64,1.0,1.0,raw,transport_binary_strength,1,20,0.4528664805142406,0.5126460774259517,0.4253086301808321,0.7615029312488898
8,beta,1,64,1.0,1.0,raw,transport_binary_strength,1,22,0.4514783338626763,0.5352933591933984,0.4242596516992118,0.7652995544106383
35,beta,1,64,1.0,1.0,raw,transport_binary_strength,1,22,0.4532501606896226,0.5343374861617894,0.4240826137160821,0.7719792272346571
15,beta,1,64,1.0,1.0,raw,transport_binary_strength,1,22,0.4503325379391913,0.5181147819624956,0.419253380532645,0.7699367193396129
9,beta,1,64,1.0,1.0,raw,transport_binary_strength,1,20,0.4470335345724877,0.5341721055964153,0.420155021350748,0.767950625083493
16,beta,1,64,1.0,1.0,raw,transport_binary_strength,1,22,0.4493337235308735,0.5284491264820745,0.4212193515846025,0.7546164312893184
30,beta,1,64,1.0,1.0,raw,transport_binary_strength,1,21,0.4613142090587331,0.5265800693403299,0.4260094232490801,0.7618999925433334
7,beta,1,64,1.0,1.0,raw,transport_binary_strength,1,22,0.4521431479752272,0.5261378716124853,0.4257732180616513,0.7533166796663645
18,beta,1,64,1.0,1.0,raw,transport_binary_strength,1,22,0.4562667908910158,0.5120077709370672,0.424839746190489,0.7706897762438756
34,beta,1,64,1.0,1.0,raw,transport_binary_strength,1,21,0.4529460685238486,0.5103979242949636,0.4241567822855414,0.7643403990771462
25,beta,1,64,1.0,1.0,raw,transport_binary_strength,1,20,0.4448336151169081,0.5192890542518476,0.4235369125727361,0.7535005540445251
39,beta,1,64,1.0,1.0,raw,transport_binary_strength,1,22,0.4460299384445891,0.5201009685345547,0.4268044243329404,0.7615341480798256
33,beta,1,64,1.0,1.0,raw,transport_binary_strength,1,20,0.4472125325903958,0.5225416884792312,0.4291886815501612,0.7734369525497997
17,beta,1,64,1.0,1.0,raw,transport_binary_strength,1,20,0.4574848760387596,0.5245576131687243,0.4251701624401467,0.765416659497221
42,beta,1,64,1.0,1.0,raw,transport_binary_strength,1,22,0.4553021219415229,0.5279803127513086,0.4271807462581155,0.761415588942847
14,beta,1,64,1.0,1.0,raw,transport_binary_strength,1,22,0.4455098333986061,0.5372093023255814,0.4220938468137124,0.7684677972214142
5,beta,1,64,1.0,1.0,raw,transport_binary_strength,1,26,0.444169216527413,0.5211535523163973,0.4255525167086681,0.7757061775178081
47,beta,1,64,1.0,1.0,raw,transport_binary_strength,1,22,0.4449831430585629,0.5136656939706548,0.4232999261430207,0.775946362577293
49,beta,1,64,1.0,1.0,raw,transport_binary_strength,1,20,0.4593494992087447,0.5271909489907967,0.4190452118677765,0.7722182120813965
36,beta,1,64,1.0,1.0,raw,transport_binary_strength,1,20,0.4595410967942148,0.5223425493716338,0.4196770775098026,0.7669220791698692
37,beta,1,64,1.0,1.0,raw,transport_binary_strength,1,20,0.4512235438498208,0.5247983309076271,0.4232038655731442,0.7719054131361575
11,beta,1,64,1.0,1.0,raw,transport_binary_strength,1,23,0.4549421180860699,0.5254122246430948,0.4265909807247911,0.7535751825007947
23,beta,1,64,1.0,1.0,raw,transport_binary_strength,1,23,0.4456876212122432,0.5357131629518199,0.4213067572303737,0.7806088918923946
38,beta,1,64,1.0,1.0,raw,transport_binary_strength,1,21,0.4451614759572929,0.5090380545797999,0.4265713666336718,0.7659123802989314
26,beta,1,64,1.0,1.0,raw,transport_binary_strength,1,22,0.450371565006062,0.5327957556788907,0.4211185172021626,0.7735715701191813
0,beta,1,64,1.0,1.0,raw,transport_binary_strength,1,30,0.4557073115603341,0.5341816389469829,0.424312929549641,0.7538598570741428
44,beta,1,64,1.0,1.0,raw,transport_binary_strength,1,20,0.4467051296552753,0.5127698335504822,0.4180331492500994,0.7746798202451328
27,beta,1,64,1.0,1.0,raw,transport_binary_strength,1,23,0.4586152560700575,0.5326483825285928,0.4233496993698507,0.7832180356632126
45,beta,1,64,1.0,1.0,raw,transport_binary_strength,1,20,0.447940849789868,0.5273031539198118,0.4255030711967539,0.7584270330081788
28,beta,1,64,1.0,1.0,raw,transport_binary_strength,1,21,0.456904352943798,0.5355918178675704,0.421343839901566,0.7841979128183008
32,beta,1,64,1.0,1.0,raw,transport_binary_strength,1,21,0.4525964383634998,0.5349083112536606,0.4223415832238144,0.7653472175065967
41,beta,1,64,1.0,1.0,raw,transport_binary_strength,1,20,0.4532446045709593,0.5094924630617879,0.424223947932256,0.773680129610613
46,beta,1,64,1.0,1.0,raw,transport_binary_strength,1,22,0.4501420525348091,0.5343927121629902,0.4177088419593257,0.7645406767433511
43,beta,1,64,1.0,1.0,raw,transport_binary_strength,1,22,0.4509959517813213,0.5188731105526455,0.4226577878631423,0.7674884729199641
4,beta,1,64,1.0,1.0,raw,transport_binary_strength,1,25,0.4560741608278918,0.5452058149804051,0.4218676354507207,0.7790094533920995
19,beta,1,64,1.0,1.0,raw,transport_binary_strength,1,23,0.4467171383508762,0.5382753086079577,0.4216755996230323,0.7627810645602556
21,beta,1,64,1.0,1.0,raw,transport_binary_strength,1,21,0.4479040395450203,0.5275101840146088,0.4218332835164387,0.7805091683879875
22,beta,1,64,1.0,1.0,raw,transport_binary_strength,1,22,0.449688408846066,0.5118431300682641,0.4209289716721822,0.7810417578114035
31,beta,1,64,1.0,1.0,raw,transport_binary_strength,1,23,0.4476369124624789,0.5304170764615469,0.4235145006163124,0.772866728320831
6,beta,1,64,1.0,1.0,raw,transport_binary_strength,1,29,0.4514138369716558,0.5423591635385656,0.4248815532727742,0.7708133861749363
40,beta,1,64,1.0,1.0,raw,transport_binary_strength,1,21,0.4456138929397995,0.518316954726216,0.4241858875338999,0.759416805151641
10,beta,1,64,1.0,1.0,raw,transport_binary_strength,1,23,0.4491603979276029,0.4921293727041876,0.4264970589488277,0.7598613474480489
13,beta,1,64,1.0,1.0,raw,transport_binary_strength,1,21,0.4560505705490366,0.5244942461929043,0.42006436081894,0.7674197761557721
48,beta,1,64,1.0,1.0,raw,transport_binary_strength,1,21,0.4517237932892845,0.5231843032982793,0.4200190941693698,0.7696527575138605
24,beta,1,64,1.0,1.0,raw,transport_binary_strength,1,22,0.4473282382899254,0.5078835612721155,0.4251055474209423,0.7570364867606951
15,beta,1,64,1.0,1.0,raw,transport_binary_strength,1,23,0.4500028318739901,0.5342412958922304,0.4196581344954188,0.7683390085638954
20,beta,1,64,1.0,1.0,raw,transport_binary_strength,1,21,0.4393667856807869,0.5256979639472261,0.4252692828059116,0.7589392489630779
29,beta,1,64,1.0,1.0,raw,transport_binary_strength,1,21,0.4529392091738063,0.53765356469759,0.4272516391939222,0.7505996607205683
12,beta,1,64,1.0,1.0,raw,transport_binary_strength,1,21,0.4449959014318078,0.5093256500716883,0.4224955621745871,0.7524696301999904
35,beta,1,64,1.0,1.0,raw,transport_binary_strength,1,23,0.4534692278908049,0.5240448416534234,0.4264559518399417,0.7629214045266548
30,beta,1,64,1.0,1.0,raw,transport_binary_strength,1,22,0.460907644177795,0.5362951336831584,0.4246940731861987,0.7468027847260353
8,beta,1,64,1.0,1.0,raw,transport_binary_strength,1,23,0.4513772769396221,0.5172482154618007,0.4236309454222954,0.762093921882615
9,beta,1,64,1.0,1.0,raw,transport_binary_strength,1,21,0.4475957659858612,0.5122552481613171,0.4219963994019471,0.7622903284610589
7,beta,1,64,1.0,1.0,raw,transport_binary_strength,1,23,0.4517530521021614,0.5321983633241911,0.4253301593273195,0.760091278959462
16,beta,1,64,1.0,1.0,raw,transport_binary_strength,1,23,0.4495886896513768,0.5181035831638241,0.4241990606470242,0.7494610960886621
34,beta,1,64,1.0,1.0,raw,transport_binary_strength,1,22,0.4530354444203436,0.521110477945634,0.4244170075133132,0.758336036825038
18,beta,1,64,1.0,1.0,raw,transport_binary_strength,1,23,0.4565549471502633,0.5096718421272786,0.4255096724348812,0.7650074010624992
39,beta,1,64,1.0,1.0,raw,transport_binary_strength,1,23,0.4445097195685819,0.5300454447863737,0.4258980197199445,0.7739541408127899
25,beta,1,64,1.0,1.0,raw,transport_binary_strength,1,21,0.444565497823878,0.5447001121748729,0.4179629209593263,0.7840944979430928
17,beta,1,64,1.0,1.0,raw,transport_binary_strength,1,21,0.4573831100391225,0.511707475994513,0.4264928313711625,0.7624540151762823
42,beta,1,64,1.0,1.0,raw,transport_binary_strength,1,23,0.4553755741770222,0.5291571968274106,0.4270521497584568,0.7579014672230449
33,beta,1,64,1.0,1.0,raw,transport_binary_strength,1,21,0.4472591283068183,0.5114053232048777,0.4276296060532067,0.7622186138332242
14,beta,1,64,1.0,1.0,raw,transport_binary_strength,1,23,0.4468254522051647,0.5226611858775831,0.4256029718219105,0.7646136023801869
11,beta,1,64,1.0,1.0,raw,transport_binary_strength,1,24,0.4544771507539644,0.5357241703656073,0.4210799637839666,0.7598165620715531
47,beta,1,64,1.0,1.0,raw,transport_binary_strength,1,23,0.4451325705574618,0.532127999227584,0.4243318227901876,0.7687953868826154
38,beta,1,64,1.0,1.0,raw,transport_binary_strength,1,22,0.4434654512259183,0.5309830337687539,0.424775361550616,0.7616840504892064
5,beta,1,64,1.0,1.0,raw,transport_binary_strength,1,27,0.4444089389400734,0.5197236958430713,0.4282463876201107,0.7613035298201948
37,beta,1,64,1.0,1.0,raw,transport_binary_strength,1,21,0.4517523429199752,0.5259779596197318,0.4265041339334043,0.7473540636394387
23,beta,1,64,1.0,1.0,raw,transport_binary_strength,1,24,0.4458516186978152,0.5278210505826947,0.422978371157397,0.7587161942000652
49,beta,1,64,1.0,1.0,raw,transport_binary_strength,1,21,0.4592577018974517,0.5454809255454908,0.4201403382261444,0.7634122533648379
27,beta,1,64,1.0,1.0,raw,transport_binary_strength,1,24,0.4588975377825803,0.507644641268592,0.4198932549238079,0.7852879966668866
36,beta,1,64,1.0,1.0,raw,transport_binary_strength,1,21,0.4591060720582686,0.5297493716337522,0.4208503571771549,0.7605936710771934
26,beta,1,64,1.0,1.0,raw,transport_binary_strength,1,23,0.4505222151483354,0.5242930617318301,0.4214354096855406,0.7646293765561069
44,beta,1,64,1.0,1.0,raw,transport_binary_strength,1,21,0.4468575494200004,0.5110427108777851,0.4214054602989348,0.7710200331706915
46,beta,1,64,1.0,1.0,raw,transport_binary_strength,1,23,0.4516380345881129,0.5173764696308211,0.4216268657413462,0.7610487465714993
32,beta,1,64,1.0,1.0,raw,transport_binary_strength,1,22,0.4526438789665513,0.5270087853855808,0.4230112562744798,0.7782978684000964
41,beta,1,64,1.0,1.0,raw,transport_binary_strength,1,21,0.4525853100072496,0.5263282170898067,0.4238388833645,0.7536196261552552
43,beta,1,64,1.0,1.0,raw,transport_binary_strength,1,23,0.4510470626396692,0.538480973479611,0.4231384396637294,0.7747682540774895
45,beta,1,64,1.0,1.0,raw,transport_binary_strength,1,21,0.4479321174026733,0.5177126201818449,0.4285005300778968,0.7575145439405837
28,beta,1,64,1.0,1.0,raw,transport_binary_strength,1,22,0.4569634281274554,0.515227116369049,0.4220845796856016,0.7719065329516441
19,beta,1,64,1.0,1.0,raw,transport_binary_strength,1,24,0.446800389763791,0.5489422600022044,0.4226776011885973,0.7610787204060755
4,beta,1,64,1.0,1.0,raw,transport_binary_strength,1,26,0.4563082657802928,0.527053320086107,0.4217515517569748,0.7742944281967843
22,beta,1,64,1.0,1.0,raw,transport_binary_strength,1,23,0.4497126476421729,0.5330451698848638,0.4229864209376352,0.7732526056269081
31,beta,1,64,1.0,1.0,raw,transport_binary_strength,1,24,0.4473541372081236,0.5163360576112569,0.4237888159739308,0.7721866880576542
21,beta,1,64,1.0,1.0,raw,transport_binary_strength,1,22,0.4469880987978954,0.5190887062789717,0.419813736587073,0.7828779112586366
6,beta,1,64,1.0,1.0,raw,transport_binary_strength,1,30,0.4517803959988498,0.5277613582430858,0.4279177024622004,0.7574290564575488
10,beta,1,64,1.0,1.0,raw,transport_binary_strength,1,24,0.449225782256438,0.5039252535153407,0.4274063420179518,0.7498785797206882
40,beta,1,64,1.0,1.0,raw,transport_binary_strength,1,22,0.4440300192285996,0.521762835219741,0.4237469010816481,0.7624492798781333
13,beta,1,64,1.0,1.0,raw,transport_binary_strength,1,22,0.4560486917693817,0.5156821725182601,0.4218445166418302,0.7620394943871854
24,beta,1,64,1.0,1.0,raw,transport_binary_strength,1,23,0.4470890146245889,0.5168990149788343,0.4244787434612887,0.7635008580871707
15,beta,1,64,1.0,1.0,raw,transport_binary_strength,1,24,0.4506940912778568,0.4998333227924822,0.4219529291868329,0.7541755370888275
48,beta,1,64,1.0,1.0,raw,transport_binary_strength,1,22,0.4515509561033309,0.5312679254302104,0.4229637155842702,0.7577865488543848
35,beta,1,64,1.0,1.0,raw,transport_binary_strength,1,24,0.4509696837669265,0.5176046613412474,0.421491501600314,0.7656481448439978
30,beta,1,64,1.0,1.0,raw,transport_binary_strength,1,23,0.4613306502516171,0.5269591766616691,0.4259642986227058,0.7609007992190837
20,beta,1,64,1.0,1.0,raw,transport_binary_strength,1,22,0.4368546528641678,0.5316777298276145,0.4221243474671186,0.767136107428754
7,beta,1,64,1.0,1.0,raw,transport_binary_strength,1,24,0.451480957773468,0.510872865177501,0.4249857198896663,0.7550141942646739
29,beta,1,64,1.0,1.0,raw,transport_binary_strength,1,22,0.4530850425729136,0.5268930696603652,0.426778168705637,0.7514523876702929
34,beta,1,64,1.0,1.0,raw,transport_binary_strength,1,23,0.4531855871538716,0.5309718955357793,0.4256475046064749,0.7539455895027478
12,beta,1,64,1.0,1.0,raw,transport_binary_strength,1,22,0.4450235935450184,0.5240219410957544,0.4207612099392337,0.7632919006991757
9,beta,1,64,1.0,1.0,raw,transport_binary_strength,1,22,0.446798088551004,0.5124677317227606,0.4191620272871988,0.766714408369328
39,beta,1,64,1.0,1.0,raw,transport_binary_strength,1,24,0.4438065277952694,0.5172353228846108,0.4248047576553462,0.7569201045335122
8,beta,1,64,1.0,1.0,raw,transport_binary_strength,1,24,0.4516272620517431,0.5309875857159461,0.4245100907214889,0.7612706259138063
18,beta,1,64,1.0,1.0,raw,transport_binary_strength,1,24,0.4564522882662222,0.5060618266659643,0.4270117940144956,0.758489494940927
42,beta,1,64,1.0,1.0,raw,transport_binary_strength,1,24,0.4553437010600311,0.5153341168339173,0.4285125794906678,0.7554307271227448
16,beta,1,64,1.0,1.0,raw,transport_binary_strength,1,24,0.4495078442008976,0.5203056594254036,0.4226958272176594,0.7504421331800698
14,beta,1,64,1.0,1.0,raw,transport_binary_strength,1,24,0.4464691933815063,0.5166300655066914,0.4243528045389471,0.7663312086525033
17,beta,1,64,1.0,1.0,raw,transport_binary_strength,1,22,0.4574608047559427,0.5205277777777778,0.4267277477856454,0.7607157974430889
11,beta,1,64,1.0,1.0,raw,transport_binary_strength,1,25,0.4546254735109822,0.5195213192853363,0.4221349374563269,0.7566529632307153
33,beta,1,64,1.0,1.0,raw,transport_binary_strength,1,22,0.4468141801167269,0.5130911423406612,0.4262424211303739,0.7760222551073489
38,beta,1,64,1.0,1.0,raw,transport_binary_strength,1,23,0.4453083339295512,0.5142222735992719,0.4261812203813577,0.7578444197826316
25,beta,1,64,1.0,1.0,raw,transport_binary_strength,1,22,0.4450074204887021,0.5116313945676169,0.4221329959781937,0.7681759275140961
47,beta,1,64,1.0,1.0,raw,transport_binary_strength,1,24,0.4453164317978066,0.5178422197040421,0.4256400652948588,0.7627107498426969
5,beta,1,64,1.0,1.0,raw,transport_binary_strength,1,28,0.44444375878354,0.5038056179982366,0.4268605089031879,0.7634306190256546
37,beta,1,64,1.0,1.0,raw,transport_binary_strength,1,22,0.4518969600665143,0.5225161670743916,0.4274768315277851,0.7671769692165193
26,beta,1,64,1.0,1.0,raw,transport_binary_strength,1,24,0.4504766350676945,0.527818927049158,0.4201749881582099,0.7814799018354092
23,beta,1,64,1.0,1.0,raw,transport_binary_strength,1,25,0.4458977049705848,0.5273832687752879,0.4225127909208274,0.7636125629203444
27,beta,1,64,1.0,1.0,raw,transport_binary_strength,1,25,0.4586946425182648,0.5218808283981033,0.4224261815857107,0.7816645765956043
49,beta,1,64,1.0,1.0,raw,transport_binary_strength,1,22,0.4594059732596013,0.4977768178355795,0.4205418645144658,0.7747741017897956
46,beta,1,64,1.0,1.0,raw,transport_binary_strength,1,24,0.4518156371689107,0.5208518832337623,0.4221437798937882,0.7629404773936773
36,beta,1,64,1.0,1.0,raw,transport_binary_strength,1,22,0.4596190751352388,0.5151554757630162,0.418031420421145,0.7657368644998354
44,beta,1,64,1.0,1.0,raw,transport_binary_strength,1,22,0.4470714497416352,0.5168560594618868,0.4191599298388308,0.7782596053926459
43,beta,1,64,1.0,1.0,raw,transport_binary_strength,1,24,0.4510777693198071,0.5174880484990395,0.4234586590762494,0.7614591218773656
32,beta,1,64,1.0,1.0,raw,transport_binary_strength,1,23,0.4527867139657339,0.5375181285734207,0.4238857985954385,0.7712290600506613
41,beta,1,64,1.0,1.0,raw,transport_binary_strength,1,22,0.4532724173578459,0.504769031932431,0.4232771671981175,0.7692995267963698
19,beta,1,64,1.0,1.0,raw,transport_binary_strength,1,25,0.4469877654295844,0.5231986388184724,0.4246827049068877,0.753663363547609
22,beta,1,64,1.0,1.0,raw,transport_binary_strength,1,24,0.4497333067467228,0.5420921864592547,0.4218362507861797,0.7732288138552323
28,beta,1,64,1.0,1.0,raw,transport_binary_strength,1,23,0.4570642117082636,0.5254749966814077,0.4220759125302281,0.7728242929842268
45,beta,1,64,1.0,1.0,raw,transport_binary_strength,1,22,0.4482300035736453,0.5167523661152484,0.4273566054061647,0.7580805491210766
31,beta,1,64,1.0,1.0,raw,transport_binary_strength,1,25,0.4477971179873249,0.5301386630555294,0.4249186395857568,0.7715929965192653
4,beta,1,64,1.0,1.0,raw,transport_binary_strength,1,27,0.4562721795739687,0.5284146105867417,0.4230120312544386,0.773832914555615
10,beta,1,64,1.0,1.0,raw,transport_binary_strength,1,25,0.4492123478972296,0.5172872116796037,0.4270739224800424,0.75408404164733
21,beta,1,64,1.0,1.0,raw,transport_binary_strength,1,23,0.4466370909629277,0.536696516364658,0.4195388111306895,0.7859593322988281
30,beta,1,64,1.0,1.0,raw,transport_binary_strength,1,24,0.4613552624943594,0.5357055847076462,0.4260314766085709,0.7627192090510375
40,beta,1,64,1.0,1.0,raw,transport_binary_strength,1,23,0.4459031354177975,0.5467080274293872,0.4258776564340287,0.7546579421132807
24,beta,1,64,1.0,1.0,raw,transport_binary_strength,1,24,0.4464550752946626,0.5171337376533159,0.4232360994317449,0.7559147828300025
13,beta,1,64,1.0,1.0,raw,transport_binary_strength,1,23,0.4561211253749359,0.5207997574899723,0.4225326110454538,0.7715308739616084
15,beta,1,64,1.0,1.0,raw,transport_binary_strength,1,25,0.4505900474992543,0.5271311624450558,0.4208353619322023,0.7698103028889867
35,beta,1,64,1.0,1.0,raw,transport_binary_strength,1,25,0.4536080416570795,0.5319393506046683,0.4256232432190521,0.7581968388844225
34,beta,1,64,1.0,1.0,raw,transport_binary_strength,1,24,0.4531039364621661,0.5171466936637649,0.4250110870205452,0.7697284696473301
18,beta,1,64,1.0,1.0,raw,transport_binary_strength,1,25,0.4564996872239644,0.5175174520745738,0.4259623571071054,0.7684074053731227
7,beta,1,64,1.0,1.0,raw,transport_binary_strength,1,25,0.452304458888255,0.5193281087320822,0.4252271634159139,0.7610513242124644
48,beta,1,64,1.0,1.0,raw,transport_binary_strength,1,23,0.4515862151785676,0.5362093690248566,0.421712579190878,0.7593504966579467
20,beta,1,64,1.0,1.0,raw,transport_binary_strength,1,23,0.4374203268801476,0.5437901272312504,0.4216230311106025,0.7752212999824477
42,beta,1,64,1.0,1.0,raw,transport_binary_strength,1,25,0.4555370979653366,0.5120990738448212,0.4266903472577416,0.7621428152320602
39,beta,1,64,1.0,1.0,raw,transport_binary_strength,1,25,0.4458859248500596,0.5091733462153201,0.4279295941783223,0.7671049597518028
12,beta,1,64,1.0,1.0,raw,transport_binary_strength,1,23,0.4437060072408595,0.5265517371174765,0.4215403925285805,0.7528327959465685
29,beta,1,64,1.0,1.0,raw,transport_binary_strength,1,23,0.4527516471194591,0.5129552488043054,0.4261798917329308,0.7564346399423155
14,beta,1,64,1.0,1.0,raw,transport_binary_strength,1,25,0.4464550752946626,0.5290733337087299,0.4243427264058436,0.7686504959573226
38,beta,1,64,1.0,1.0,raw,transport_binary_strength,1,24,0.445378465953213,0.5323444884638848,0.426448229620505,0.7586082126592253
9,beta,1,64,1.0,1.0,raw,transport_binary_strength,1,23,0.4474117256986377,0.5168510423262385,0.4210795037402268,0.7720435164981965
8,beta,1,64,1.0,1.0,raw,transport_binary_strength,1,25,0.4509109634395229,0.5217970323880365,0.4248880589546948,0.7581090301469053
16,beta,1,64,1.0,1.0,raw,transport_binary_strength,1,25,0.4483981889514182,0.521437352910183,0.4200464463097133,0.7750248418603524
11,beta,1,64,1.0,1.0,raw,transport_binary_strength,1,26,0.4549120817026186,0.5125763979498192,0.427883366106529,0.7469083167361106
17,beta,1,64,1.0,1.0,raw,transport_binary_strength,1,23,0.457982548584224,0.5058391632373114,0.423497488551479,0.7588576492248396
26,beta,1,64,1.0,1.0,raw,transport_binary_strength,1,25,0.4500633261415697,0.524669172674771,0.4173763926203762,0.7780435240237883
47,beta,1,64,1.0,1.0,raw,transport_binary_strength,1,25,0.4454093459710979,0.5032951626803093,0.4252302822159269,0.7667777883146449
25,beta,1,64,1.0,1.0,raw,transport_binary_strength,1,23,0.4444823809748055,0.5097755602744984,0.4209516097821313,0.7671667020601745
33,beta,1,64,1.0,1.0,raw,transport_binary_strength,1,23,0.4475338893450554,0.5166095445012354,0.4283587110209185,0.7725826066215088
37,beta,1,64,1.0,1.0,raw,transport_binary_strength,1,23,0.4514211651274702,0.5146064936673583,0.4228441973390582,0.7670540109974108
27,beta,1,64,1.0,1.0,raw,transport_binary_strength,1,26,0.4586985408235405,0.5175693726599804,0.4229612494523396,0.7774450737575078
23,beta,1,64,1.0,1.0,raw,transport_binary_strength,1,26,0.4459069116282596,0.5318764686091381,0.4223530145180116,0.7703950781083702
5,beta,1,64,1.0,1.0,raw,transport_binary_strength,1,29,0.4446692589391634,0.5246259334941352,0.427998552653058,0.7598609727775978
46,beta,1,64,1.0,1.0,raw,transport_binary_strength,1,25,0.4516473056924002,0.5241666307636336,0.4212702195609684,0.767156444187319
44,beta,1,64,1.0,1.0,raw,transport_binary_strength,1,23,0.4460255285096681,0.5142912185243136,0.4163745531682709,0.7954730952659506
49,beta,1,64,1.0,1.0,raw,transport_binary_strength,1,23,0.4592363031387152,0.5364714649853755,0.4178573245966869,0.7729967966412349
36,beta,1,64,1.0,1.0,raw,transport_binary_strength,1,23,0.4594714725166988,0.5225691202872532,0.4192228309526553,0.7617027080816954
22,beta,1,64,1.0,1.0,raw,transport_binary_strength,1,25,0.4493888864507125,0.5309288777836907,0.4227694107846566,0.7841583087370916
43,beta,1,64,1.0,1.0,raw,transport_binary_strength,1,25,0.4510724011698622,0.534740935867287,0.4239112842737543,0.7689274654187598
19,beta,1,64,1.0,1.0,raw,transport_binary_strength,1,26,0.4469070496436956,0.5236656838972776,0.4239133757889762,0.7570493296772983
41,beta,1,64,1.0,1.0,raw,transport_binary_strength,1,23,0.4534037817650484,0.5123131538327474,0.4243042376741101,0.7613235824706502
31,beta,1,64,1.0,1.0,raw,transport_binary_strength,1,26,0.4465101933794862,0.5285969556839443,0.4244395122455098,0.7629889628707532
10,beta,1,64,1.0,1.0,raw,transport_binary_strength,1,26,0.4482548198706763,0.5081291877178694,0.4231665761572425,0.77206695988706
32,beta,1,64,1.0,1.0,raw,transport_binary_strength,1,24,0.4528450429896738,0.5417797378329383,0.4243316472063229,0.7739560634026994
28,beta,1,64,1.0,1.0,raw,transport_binary_strength,1,24,0.4571445520270595,0.5357491562015898,0.4217115544782634,0.7660184900439548
45,beta,1,64,1.0,1.0,raw,transport_binary_strength,1,23,0.4473232248855954,0.5145977228861053,0.4276345889954673,0.7642975248755872
4,beta,1,64,1.0,1.0,raw,transport_binary_strength,1,28,0.455327452765569,0.5275804493017607,0.4173631291262219,0.7816817357993162
30,beta,1,64,1.0,1.0,raw,transport_binary_strength,1,25,0.4616968398212618,0.526842047726137,0.4276810530082274,0.7583929866661244
21,beta,1,64,1.0,1.0,raw,transport_binary_strength,1,24,0.4465913646063863,0.533869574378424,0.4200834628747368,0.7834575082126697
34,beta,1,64,1.0,1.0,raw,transport_binary_strength,1,25,0.4532289714574631,0.5426056039186207,0.4255413814643201,0.7555318313522426
18,beta,1,64,1.0,1.0,raw,transport_binary_strength,1,26,0.4561659617954579,0.5121881012948463,0.4261824091685444,0.7772168945850921
15,beta,1,64,1.0,1.0,raw,transport_binary_strength,1,26,0.4501304662510805,0.5147736615754357,0.4215982377023618,0.7536810814763509
40,beta,1,64,1.0,1.0,raw,transport_binary_strength,1,24,0.4445599672397398,0.5319096053839095,0.4246764943294696,0.7735919540229885
35,beta,1,64,1.0,1.0,raw,transport_binary_strength,1,26,0.4529303757570604,0.5190104245902369,0.4233711873455262,0.7772255959540407
13,beta,1,64,1.0,1.0,raw,transport_binary_strength,1,24,0.4562184041984372,0.5490905568379821,0.4259837307823153,0.7633293904853672
42,beta,1,64,1.0,1.0,raw,transport_binary_strength,1,26,0.4543663483468969,0.5127869777760647,0.4265710347757519,0.7463467837407802
24,beta,1,64,1.0,1.0,raw,transport_binary_strength,1,25,0.4487081694432489,0.5136471561923369,0.4266639623736322,0.7504543219047815
7,beta,1,64,1.0,1.0,raw,transport_binary_strength,1,26,0.4527660789941647,0.5090129803154085,0.4259927556783051,0.7540978912382038
14,beta,1,64,1.0,1.0,raw,transport_binary_strength,1,26,0.4470524175619724,0.5294599921166733,0.4250224465164623,0.767667256950292
38,beta,1,64,1.0,1.0,raw,transport_binary_strength,1,25,0.4455434468027259,0.5085332305198385,0.427439583697583,0.7552631959642804
39,beta,1,64,1.0,1.0,raw,transport_binary_strength,1,26,0.446814830437251,0.5161009923900857,0.428270691773161,0.7646979288948514
48,beta,1,64,1.0,1.0,raw,transport_binary_strength,1,24,0.4515047373010923,0.5224314352294455,0.4217920398382033,0.7787193886866762
26,beta,1,64,1.0,1.0,raw,transport_binary_strength,1,26,0.4503323724929636,0.5104772763975003,0.4177616533255487,0.7773533685279493
29,beta,1,64,1.0,1.0,raw,transport_binary_strength,1,24,0.4523371226561496,0.5312934677714553,0.4255779726036783,0.7628238220141494
11,beta,1,64,1.0,1.0,raw,transport_binary_strength,1,27,0.4545122320052526,0.5213928132688784,0.4228178896282062,0.7516640131706771
20,beta,1,64,1.0,1.0,raw,transport_binary_strength,1,24,0.4397784745342863,0.5177382940194256,0.4265072259268471,0.7555701483893131
12,beta,1,64,1.0,1.0,raw,transport_binary_strength,1,24,0.4452979102170691,0.5243210134240359,0.4214534949727203,0.7713511553242539
9,beta,1,64,1.0,1.0,raw,transport_binary_strength,1,24,0.447042784503714,0.530062466514052,0.420646450436696,0.7516448100814891
8,beta,1,64,1.0,1.0,raw,transport_binary_strength,1,26,0.4518559871593937,0.522682642763056,0.4258218448430426,0.7578980714335446
47,beta,1,64,1.0,1.0,raw,transport_binary_strength,1,26,0.4453317738427669,0.506326438347317,0.4239004398655032,0.7734776207323092
16,beta,1,64,1.0,1.0,raw,transport_binary_strength,1,26,0.4497356923400163,0.5261317733164304,0.4233883804603606,0.7597722858320033
17,beta,1,64,1.0,1.0,raw,transport_binary_strength,1,24,0.4573898864558733,0.5062698902606311,0.4280322009121512,0.7550967875148407
27,beta,1,64,1.0,1.0,raw,transport_binary_strength,1,27,0.4587296773478406,0.5350767373995748,0.422394891338811,0.7895764237234066
46,beta,1,64,1.0,1.0,raw,transport_binary_strength,1,26,0.4514546684687913,0.52685546875,0.4211647978739809,0.7651406425890365
25,beta,1,64,1.0,1.0,raw,transport_binary_strength,1,24,0.4451500278358061,0.5200426354496592,0.4229810485630133,0.7691124941804905
37,beta,1,64,1.0,1.0,raw,transport_binary_strength,1,24,0.4513575844628336,0.5404418785288866,0.4235062497622492,0.7623656884657236
33,beta,1,64,1.0,1.0,raw,transport_binary_strength,1,24,0.4465598155288681,0.5142252865008017,0.4266849516729213,0.7637153588615347
23,beta,1,64,1.0,1.0,raw,transport_binary_strength,1,27,0.4460392258921941,0.5206854412298827,0.423499212659489,0.7669698071900896
5,beta,1,64,1.0,1.0,raw,transport_binary_strength,1,30,0.4446895324274558,0.5224205062226996,0.4275501324722233,0.7679280233328878
22,beta,1,64,1.0,1.0,raw,transport_binary_strength,1,26,0.4489570020964225,0.530161655817953,0.4180372663294406,0.7811492486935064
43,beta,1,64,1.0,1.0,raw,transport_binary_strength,1,26,0.4512121999975743,0.5303290573705689,0.4221792889748822,0.7659648338035923
44,beta,1,64,1.0,1.0,raw,transport_binary_strength,1,24,0.4468705377155872,0.5170510571829978,0.4200012309476434,0.7714804313566263
10,beta,1,64,1.0,1.0,raw,transport_binary_strength,1,27,0.4492329968390879,0.5055456856145509,0.4270259617053364,0.7596996860144742
19,beta,1,64,1.0,1.0,raw,transport_binary_strength,1,27,0.4470734162429124,0.5298368097652375,0.424634754787556,0.7490468865188633
31,beta,1,64,1.0,1.0,raw,transport_binary_strength,1,27,0.4478798692211254,0.5090391003348099,0.4254192598371589,0.7635817732997056
36,beta,1,64,1.0,1.0,raw,transport_binary_strength,1,24,0.4591669896234852,0.5348143626570915,0.4206744879395013,0.7708157186779401
49,beta,1,64,1.0,1.0,raw,transport_binary_strength,1,24,0.4593545597744917,0.5128642513495065,0.4197200378791296,0.7685400771787256
41,beta,1,64,1.0,1.0,raw,transport_binary_strength,1,24,0.4534902087440557,0.5193041317450928,0.4256040396829837,0.7614791776525769
32,beta,1,64,1.0,1.0,raw,transport_binary_strength,1,25,0.4528137157258009,0.5396904197461999,0.4251371113409992,0.7673588176023497
30,beta,1,64,1.0,1.0,raw,transport_binary_strength,1,26,0.4617467177903814,0.5281335894552723,0.4258708509607533,0.7653464977392742
45,beta,1,64,1.0,1.0,raw,transport_binary_strength,1,24,0.4485743171046342,0.5164245769809179,0.4289351899992094,0.7618281286237605
28,beta,1,64,1.0,1.0,raw,transport_binary_strength,1,25,0.4564348715035658,0.5234144372577175,0.4194387628771898,0.7807972472702831
4,beta,1,64,1.0,1.0,raw,transport_binary_strength,1,29,0.4563147152767374,0.5276332312192968,0.4229588185367927,0.7739015666405789
34,beta,1,64,1.0,1.0,raw,transport_binary_strength,1,26,0.4533148236416998,0.5242394941681418,0.4263293212348159,0.7624953530110401
18,beta,1,64,1.0,1.0,raw,transport_binary_strength,1,27,0.4568620352203636,0.5151669605039335,0.4275836243459637,0.7617845147106981
21,beta,1,64,1.0,1.0,raw,transport_binary_strength,1,25,0.4481847057178288,0.5322215198763871,0.423657484026459,0.7823608299335107
42,beta,1,64,1.0,1.0,raw,transport_binary_strength,1,27,0.4553929987315616,0.5209657178208928,0.4292162131285573,0.755636262602207
35,beta,1,64,1.0,1.0,raw,transport_binary_strength,1,27,0.4512886457722801,0.5354606339480268,0.4231956790848611,0.7685216477432149
40,beta,1,64,1.0,1.0,raw,transport_binary_strength,1,25,0.4439488160330349,0.5330487789334148,0.4214108704400995,0.7708068480819831
15,beta,1,64,1.0,1.0,raw,transport_binary_strength,1,27,0.450878939960124,0.5404350340996532,0.4224329896413213,0.7669329058054297
13,beta,1,64,1.0,1.0,raw,transport_binary_strength,1,25,0.456251800220021,0.5344962569237286,0.4267225621939093,0.7631099114704153
38,beta,1,64,1.0,1.0,raw,transport_binary_strength,1,26,0.4455917720792246,0.5301457808936622,0.4279778714999342,0.7611787588770471
7,beta,1,64,1.0,1.0,raw,transport_binary_strength,1,27,0.4528395148064691,0.5164485175522704,0.4267561015568356,0.7470446767994041
14,beta,1,64,1.0,1.0,raw,transport_binary_strength,1,27,0.4470746661332958,0.519465810762618,0.4261763952699092,0.7695998829639382
26,beta,1,64,1.0,1.0,raw,transport_binary_strength,1,27,0.4504980364491033,0.510306348654844,0.4198287505752438,0.7844134912542591
24,beta,1,64,1.0,1.0,raw,transport_binary_strength,1,26,0.44635319822808,0.5143448795180723,0.4246109794860116,0.7684469825940714
39,beta,1,64,1.0,1.0,raw,transport_binary_strength,1,27,0.4470261344896978,0.5183806865621794,0.4303332072132723,0.7497287089831739
29,beta,1,64,1.0,1.0,raw,transport_binary_strength,1,25,0.4533434374234878,0.5117103953581941,0.4277153881858114,0.760789364599988
48,beta,1,64,1.0,1.0,raw,transport_binary_strength,1,25,0.4515699636773106,0.5261248207456979,0.4237675425743949,0.7597356390684912
11,beta,1,64,1.0,1.0,raw,transport_binary_strength,1,28,0.4549556780282097,0.5151696448947684,0.4274054355489461,0.7433478949503938
12,beta,1,64,1.0,1.0,raw,transport_binary_strength,1,25,0.4437529543657413,0.5170967399747465,0.4197057123273098,0.7787646864709157
20,beta,1,64,1.0,1.0,raw,transport_binary_strength,1,25,0.4400362172989308,0.5470965816890478,0.4259768045696706,0.7547857551176794
9,beta,1,64,1.0,1.0,raw,transport_binary_strength,1,25,0.4486873302956226,0.5154196702547368,0.4229896091014605,0.7565152291045109
47,beta,1,64,1.0,1.0,raw,transport_binary_strength,1,27,0.4455208709154283,0.5254864621721718,0.4248566694354123,0.7643768823594153
46,beta,1,64,1.0,1.0,raw,transport_binary_strength,1,27,0.4509176884117152,0.5161641438802084,0.4199470335055226,0.7648468457793283
27,beta,1,64,1.0,1.0,raw,transport_binary_strength,1,28,0.458527812734036,0.5115064529806757,0.4248188761829898,0.7722192085780917
17,beta,1,64,1.0,1.0,raw,transport_binary_strength,1,25,0.4573957831599116,0.5066124828532236,0.4264549210540315,0.7597492988282258
37,beta,1,64,1.0,1.0,raw,transport_binary_strength,1,25,0.4514514997863192,0.5273030661959764,0.4233109971440356,0.7723989753827616
8,beta,1,64,1.0,1.0,raw,transport_binary_strength,1,27,0.4520115655489099,0.5147754072718116,0.4247822371941234,0.7657625496066283
25,beta,1,64,1.0,1.0,raw,transport_binary_strength,1,25,0.4446559550073706,0.5357827346674344,0.4210363281675379,0.7685079118102691
33,beta,1,64,1.0,1.0,raw,transport_binary_strength,1,25,0.4476207339592979,0.5167402560898824,0.4294366971573191,0.7660036251882582
16,beta,1,64,1.0,1.0,raw,transport_binary_strength,1,27,0.4499060307511685,0.5074128477865876,0.4231522968564807,0.7603035727269264
23,beta,1,64,1.0,1.0,raw,transport_binary_strength,1,28,0.4457556878270981,0.5370873764328241,0.4228366558451637,0.7817675837692204
22,beta,1,64,1.0,1.0,raw,transport_binary_strength,1,27,0.4500410101005503,0.5344344160901635,0.4245366972179633,0.7667588212700492
10,beta,1,64,1.0,1.0,raw,transport_binary_strength,1,28,0.4480192839450767,0.5148712783515557,0.4224036930574373,0.7640302265071793
43,beta,1,64,1.0,1.0,raw,transport_binary_strength,1,27,0.4512335830037443,0.5229993641565992,0.4234973829936177,0.7635458674557842
19,beta,1,64,1.0,1.0,raw,transport_binary_strength,1,28,0.4449116425179046,0.5144501543039789,0.4220145489220898,0.7526813938644844
31,beta,1,64,1.0,1.0,raw,transport_binary_strength,1,28,0.4460148709869292,0.5126820875843545,0.422819369810786,0.7635245011863258
49,beta,1,64,1.0,1.0,raw,transport_binary_strength,1,25,0.4594582080089623,0.5249212719160848,0.4215651363180085,0.7651686835451424
44,beta,1,64,1.0,1.0,raw,transport_binary_strength,1,25,0.4470247344602546,0.5170138028851607,0.4207724185644344,0.7848125374202561
30,beta,1,64,1.0,1.0,raw,transport_binary_strength,1,27,0.461801204644966,0.5299701711644178,0.4300665483986861,0.7438796019495794
41,beta,1,64,1.0,1.0,raw,transport_binary_strength,1,25,0.4525575043827047,0.5048683542295369,0.4207286093811188,0.7759110210651938
18,beta,1,64,1.0,1.0,raw,transport_binary_strength,1,28,0.4571216200468112,0.515521734145956,0.427080290093473,0.7690461772069523
45,beta,1,64,1.0,1.0,raw,transport_binary_strength,1,25,0.4486761381945428,0.5209875097931507,0.4266835547466386,0.7594350496394053
36,beta,1,64,1.0,1.0,raw,transport_binary_strength,1,25,0.4589382067247238,0.5362315978456015,0.4212455291963582,0.7670885033490722
34,beta,1,64,1.0,1.0,raw,transport_binary_strength,1,27,0.4533999693972758,0.5324186449719925,0.4243802284907423,0.7745434115791129
4,beta,1,64,1.0,1.0,raw,transport_binary_strength,1,30,0.4562353393080446,0.5361780372026274,0.4231122911198429,0.7644552113797696
42,beta,1,64,1.0,1.0,raw,transport_binary_strength,1,28,0.4557337152163261,0.5147399585951081,0.428586276966548,0.7534975546282586
32,beta,1,64,1.0,1.0,raw,transport_binary_strength,1,26,0.452730204157341,0.5427984242086181,0.4232052563801473,0.7699923658310236
28,beta,1,64,1.0,1.0,raw,transport_binary_strength,1,26,0.4570363851405472,0.5247566983342352,0.4220660624715977,0.7725344830788854
35,beta,1,64,1.0,1.0,raw,transport_binary_strength,1,28,0.4514703135125033,0.5391305390875325,0.4225481984618844,0.7710383024099849
38,beta,1,64,1.0,1.0,raw,transport_binary_strength,1,27,0.4457371844986323,0.5047452125239131,0.4273256936172733,0.7613633780345913
21,beta,1,64,1.0,1.0,raw,transport_binary_strength,1,26,0.4475339226412169,0.525747295968535,0.4206427485673588,0.7892483394821309
40,beta,1,64,1.0,1.0,raw,transport_binary_strength,1,26,0.4441128852119548,0.530201960334455,0.4223223010341903,0.7668721437474034
26,beta,1,64,1.0,1.0,raw,transport_binary_strength,1,28,0.4507528894451367,0.5258544814178124,0.4223753999062999,0.7762658507769306
14,beta,1,64,1.0,1.0,raw,transport_binary_strength,1,28,0.4467125850917902,0.5116068847720404,0.4250217102620393,0.7803030689645201
13,beta,1,64,1.0,1.0,raw,transport_binary_strength,1,26,0.4560748632897861,0.5221913787929625,0.4210796629861936,0.7697786969247178
15,beta,1,64,1.0,1.0,raw,transport_binary_strength,1,28,0.4510828731323569,0.5326805911309279,0.4232408524418693,0.77019783053504
39,beta,1,64,1.0,1.0,raw,transport_binary_strength,1,28,0.4470741328471596,0.5246839142155109,0.4300094958576474,0.7589793308737214
7,beta,1,64,1.0,1.0,raw,transport_binary_strength,1,28,0.4530660492269532,0.5275881015395365,0.4261464818562406,0.7543621013133208
24,beta,1,64,1.0,1.0,raw,transport_binary_strength,1,27,0.4467597165825537,0.5080484098556388,0.423635113623258,0.7569197249993982
29,beta,1,64,1.0,1.0,raw,transport_binary_strength,1,26,0.4534017605568166,0.5207689352343441,0.4276359479696432,0.7629875400151178
11,beta,1,64,1.0,1.0,raw,transport_binary_strength,1,29,0.4547990426172985,0.5074779988471375,0.4244299628013046,0.7613618029767213
9,beta,1,64,1.0,1.0,raw,transport_binary_strength,1,26,0.4473609822665309,0.5361791315571575,0.4205359648384734,0.7758287017967672
46,beta,1,64,1.0,1.0,raw,transport_binary_strength,1,28,0.4520656270926737,0.5345435049019608,0.4224850341301899,0.7549818250253544
48,beta,1,64,1.0,1.0,raw,transport_binary_strength,1,26,0.4514092485612814,0.5411175758843212,0.4232175093683827,0.767036621804487
47,beta,1,64,1.0,1.0,raw,transport_binary_strength,1,28,0.4438170201101343,0.5038803459953434,0.4242557530572231,0.7626282046401134
20,beta,1,64,1.0,1.0,raw,transport_binary_strength,1,26,0.4400179645002973,0.5314307930199196,0.4263192373967307,0.7600736653533117
12,beta,1,64,1.0,1.0,raw,transport_binary_strength,1,26,0.4449188600727713,0.5299941485848815,0.4214787918583676,0.762106670699932
25,beta,1,64,1.0,1.0,raw,transport_binary_strength,1,26,0.4441156197439598,0.5263978368845379,0.4190923970571623,0.7705462715662172
27,beta,1,64,1.0,1.0,raw,transport_binary_strength,1,29,0.458719509888937,0.5402466044601362,0.4225471052455454,0.7754985231997886
17,beta,1,64,1.0,1.0,raw,transport_binary_strength,1,26,0.4573653051772458,0.5164272976680384,0.4268006711340975,0.7564788271934201
37,beta,1,64,1.0,1.0,raw,transport_binary_strength,1,26,0.4520823057517519,0.5323835015844507,0.4263265949520304,0.7538053061227313
33,beta,1,64,1.0,1.0,raw,transport_binary_strength,1,26,0.4476865927913239,0.536792200023456,0.4289774142568815,0.77172757031267
16,beta,1,64,1.0,1.0,raw,transport_binary_strength,1,28,0.4491025857415229,0.543960416274161,0.4204768217709041,0.7736937682418887
22,beta,1,64,1.0,1.0,raw,transport_binary_strength,1,28,0.4499624647274703,0.5558930188792286,0.424636965559757,0.7767558156332822
23,beta,1,64,1.0,1.0,raw,transport_binary_strength,1,29,0.4463450690922151,0.5316764735588484,0.422821924875666,0.7789192477182656
8,beta,1,64,1.0,1.0,raw,transport_binary_strength,1,28,0.452058078643514,0.5125350491050673,0.4259337230971115,0.7629203509016222
10,beta,1,64,1.0,1.0,raw,transport_binary_strength,1,29,0.4482713743859199,0.523401970464652,0.4227291220636645,0.7655356986073425
31,beta,1,64,1.0,1.0,raw,transport_binary_strength,1,29,0.4460599048021081,0.5117598088557429,0.4232270509612355,0.7764930223181495
19,beta,1,64,1.0,1.0,raw,transport_binary_strength,1,29,0.4470621170752661,0.5379078033726441,0.4243994522915433,0.7492835760804071
43,beta,1,64,1.0,1.0,raw,transport_binary_strength,1,28,0.4512878533123191,0.531629340304061,0.4248650343551945,0.7581116234257794
44,beta,1,64,1.0,1.0,raw,transport_binary_strength,1,26,0.446242899771445,0.5183378407677474,0.418776578202074,0.7794303862802717
18,beta,1,64,1.0,1.0,raw,transport_binary_strength,1,29,0.4568064046889672,0.5103569115792539,0.4266602603268731,0.7645520045442316
30,beta,1,64,1.0,1.0,raw,transport_binary_strength,1,28,0.4617909918745774,0.5329807752373813,0.4284281743131641,0.7517577396809902
49,beta,1,64,1.0,1.0,raw,transport_binary_strength,1,26,0.4593666108332038,0.4943609258092917,0.4210979404842532,0.7582221496869791
34,beta,1,64,1.0,1.0,raw,transport_binary_strength,1,28,0.4527975247357164,0.5259287325104877,0.4237703380655275,0.7672840142187419
38,beta,1,64,1.0,1.0,raw,transport_binary_strength,1,28,0.4452937440101215,0.5269865378023348,0.4274412744742825,0.7596454898848679
45,beta,1,64,1.0,1.0,raw,transport_binary_strength,1,26,0.4468108617998283,0.5201674366109246,0.4250992028076586,0.7733436533372826
42,beta,1,64,1.0,1.0,raw,transport_binary_strength,1,29,0.4558371897237351,0.5329899910957925,0.4272640900227701,0.7544415336984996
41,beta,1,64,1.0,1.0,raw,transport_binary_strength,1,26,0.4532461826470906,0.5291826399616704,0.4240082740268786,0.7624257583747329
36,beta,1,64,1.0,1.0,raw,transport_binary_strength,1,26,0.4592183754352549,0.5233224416517056,0.4205460456161073,0.7650308485231141
32,beta,1,64,1.0,1.0,raw,transport_binary_strength,1,27,0.4529330899537248,0.5380518756100963,0.4263045393823129,0.7640964621491318
26,beta,1,64,1.0,1.0,raw,transport_binary_strength,1,29,0.4503984303389481,0.5251172899878288,0.4198755283062795,0.7892421797805353
28,beta,1,64,1.0,1.0,raw,transport_binary_strength,1,27,0.4565288684319886,0.5086744969721636,0.4205265039240074,0.7778850447081227
21,beta,1,64,1.0,1.0,raw,transport_binary_strength,1,27,0.4471857757588433,0.5165304115746594,0.4201989257974888,0.7921745847420759
14,beta,1,64,1.0,1.0,raw,transport_binary_strength,1,29,0.4472411369716405,0.5297133847626556,0.4274628530782025,0.7733361911906548
35,beta,1,64,1.0,1.0,raw,transport_binary_strength,1,29,0.4526521583401171,0.5231747605082631,0.4242180994636507,0.768218326745635
13,beta,1,64,1.0,1.0,raw,transport_binary_strength,1,27,0.4561072570431701,0.5244639935558827,0.4222981661839181,0.7668944885529771
40,beta,1,64,1.0,1.0,raw,transport_binary_strength,1,27,0.4463169414735706,0.5249557076577955,0.4257321810664246,0.7561385195956238
15,beta,1,64,1.0,1.0,raw,transport_binary_strength,1,29,0.451061961999979,0.5165297014830977,0.423815256793596,0.7627772021297291
7,beta,1,64,1.0,1.0,raw,transport_binary_strength,1,29,0.4530315960608255,0.5433899760610578,0.4262557054792233,0.747984871162454
39,beta,1,64,1.0,1.0,raw,transport_binary_strength,1,29,0.447244168895496,0.5133927932441137,0.4304310347690644,0.7559306696852814
24,beta,1,64,1.0,1.0,raw,transport_binary_strength,1,28,0.4475719785343178,0.5350964669488766,0.4236979834101866,0.7708816114842671
11,beta,1,64,1.0,1.0,raw,transport_binary_strength,1,30,0.4547611491538936,0.5342751151648586,0.4253499883012511,0.7583717283561574
46,beta,1,64,1.0,1.0,raw,transport_binary_strength,1,29,0.4520445801199786,0.5235604678883272,0.4219892135299216,0.757521616544629
29,beta,1,64,1.0,1.0,raw,transport_binary_strength,1,27,0.4534626722019866,0.5176354742392478,0.4273404262490181,0.7525496466129532
9,beta,1,64,1.0,1.0,raw,transport_binary_strength,1,27,0.4487199917007057,0.5162017193512249,0.4236048096915966,0.7487397790777931
20,beta,1,64,1.0,1.0,raw,transport_binary_strength,1,27,0.4373795139072184,0.53919570623927,0.4230967949238474,0.7541468348689957
47,beta,1,64,1.0,1.0,raw,transport_binary_strength,1,29,0.4459454906365228,0.512436287106461,0.4256737074521121,0.7745359990530664
48,beta,1,64,1.0,1.0,raw,transport_binary_strength,1,27,0.4514908591862789,0.5283509351099427,0.4220783838350312,0.773468346481416
12,beta,1,64,1.0,1.0,raw,transport_binary_strength,1,27,0.4449426554046158,0.5261065505052406,0.42182764917895,0.7640252789484178
37,beta,1,64,1.0,1.0,raw,transport_binary_strength,1,27,0.4520739994609055,0.5281162584254585,0.4262588167537217,0.7575891680553508
25,beta,1,64,1.0,1.0,raw,transport_binary_strength,1,27,0.4452054915771091,0.5153550604664555,0.4216294457036955,0.7760234168892374
17,beta,1,64,1.0,1.0,raw,transport_binary_strength,1,27,0.457355123677574,0.5337091906721536,0.4274534234668743,0.7654732694392347
27,beta,1,64,1.0,1.0,raw,transport_binary_strength,1,30,0.4585796113572268,0.5428609830922762,0.4244890114358355,0.781354331672277
10,beta,1,64,1.0,1.0,raw,transport_binary_strength,1,30,0.4493323970172014,0.5090925580244422,0.4275858198714507,0.7500224723329
22,beta,1,64,1.0,1.0,raw,transport_binary_strength,1,29,0.4500103485718885,0.5192764078364481,0.4247888671735357,0.7711563622620737
33,beta,1,64,1.0,1.0,raw,transport_binary_strength,1,27,0.4472359893175825,0.5086014122093141,0.4293770275317967,0.7587057850092838
16,beta,1,64,1.0,1.0,raw,transport_binary_strength,1,29,0.4500340568052847,0.5092218329985726,0.4240235436297494,0.7647074200126719
23,beta,1,64,1.0,1.0,raw,transport_binary_strength,1,30,0.4464708287811533,0.5352242118422488,0.4239809490267176,0.7671606262447155
8,beta,1,64,1.0,1.0,raw,transport_binary_strength,1,29,0.4519676522678986,0.5179803725011622,0.4263180489910893,0.7542277031260879
19,beta,1,64,1.0,1.0,raw,transport_binary_strength,1,30,0.4473058357653772,0.5416903174253279,0.4263704230779461,0.7521303778170008
31,beta,1,64,1.0,1.0,raw,transport_binary_strength,1,30,0.4482992464204726,0.5201921107415407,0.4254861211295078,0.7683684884250416
43,beta,1,64,1.0,1.0,raw,transport_binary_strength,1,29,0.4514306882513101,0.5155879196482339,0.4244497636156056,0.7772491569747437
18,beta,1,64,1.0,1.0,raw,transport_binary_strength,1,30,0.4568036156449469,0.5126652640972174,0.4266884090458043,0.7722435126854003
30,beta,1,64,1.0,1.0,raw,transport_binary_strength,1,29,0.4617704204428688,0.5419415292353823,0.4277015220532059,0.7595431774890014
44,beta,1,64,1.0,1.0,raw,transport_binary_strength,1,27,0.4472825159606523,0.5180935062738252,0.4221724238834564,0.7762334060519306
38,beta,1,64,1.0,1.0,raw,transport_binary_strength,1,29,0.4459615795528565,0.5045404096458481,0.428829168122799,0.7575804074985688
34,beta,1,64,1.0,1.0,raw,transport_binary_strength,1,29,0.4533046990910307,0.526368243652853,0.4250243222064906,0.771512948216879
42,beta,1,64,1.0,1.0,raw,transport_binary_strength,1,30,0.454505265149799,0.5183245064305626,0.4265344240220166,0.7577254418753947
49,beta,1,64,1.0,1.0,raw,transport_binary_strength,1,27,0.4594659105509069,0.5231937057103004,0.4208597399984604,0.7664154884673563
35,beta,1,64,1.0,1.0,raw,transport_binary_strength,1,30,0.4542020789027458,0.515941735574909,0.4265594545192783,0.7729427174622633
45,beta,1,64,1.0,1.0,raw,transport_binary_strength,1,27,0.4457980570548012,0.5134174418639554,0.4253760343208932,0.7552933097873314
26,beta,1,64,1.0,1.0,raw,transport_binary_strength,1,30,0.4507410543890193,0.5332648457211089,0.4233690579551796,0.7760455701479805
41,beta,1,64,1.0,1.0,raw,transport_binary_strength,1,27,0.4535103179069122,0.5235684315010347,0.427164037181522,0.7623718117731954
14,beta,1,64,1.0,1.0,raw,transport_binary_strength,1,30,0.4472419199429563,0.5268926553672317,0.4267582838810951,0.7622975471759096
32,beta,1,64,1.0,1.0,raw,transport_binary_strength,1,28,0.4529510854886817,0.5371342908938781,0.4255068883708113,0.7674241504500593
7,beta,1,64,1.0,1.0,raw,transport_binary_strength,1,30,0.4531460461168431,0.5228423363081199,0.4262160784404595,0.7560949259017222
36,beta,1,64,1.0,1.0,raw,transport_binary_strength,1,27,0.4588120481953684,0.5272552962298025,0.4211691320036687,0.7733518859119359
15,beta,1,64,1.0,1.0,raw,transport_binary_strength,1,30,0.4509524022136183,0.5252763020586283,0.4244648418076684,0.7721242585752779
39,beta,1,64,1.0,1.0,raw,transport_binary_strength,1,30,0.4473885779482681,0.5069166129917222,0.4302669952367435,0.7542837078651685
28,beta,1,64,1.0,1.0,raw,transport_binary_strength,1,28,0.4565188641228094,0.5283545914155936,0.419308964750654,0.778230580672414
40,beta,1,64,1.0,1.0,raw,transport_binary_strength,1,28,0.4459156502581591,0.534897267258081,0.4248156315939393,0.7652151710289433
47,beta,1,64,1.0,1.0,raw,transport_binary_strength,1,30,0.4439964087132679,0.5289753812009371,0.4225396995119969,0.7783470954817837
13,beta,1,64,1.0,1.0,raw,transport_binary_strength,1,28,0.4562362701492667,0.5330493252439615,0.4232001684690133,0.7830034824235774
46,beta,1,64,1.0,1.0,raw,transport_binary_strength,1,30,0.4521172102820562,0.5299239813112745,0.4220923993899675,0.7682546099612105
21,beta,1,64,1.0,1.0,raw,transport_binary_strength,1,28,0.4482955236014032,0.528610408765276,0.4224736064081804,0.7869141943020002
22,beta,1,64,1.0,1.0,raw,transport_binary_strength,1,30,0.4500246365743801,0.5202600167047869,0.4243834061836428,0.7779127119264899
43,beta,1,64,1.0,1.0,raw,transport_binary_strength,1,30,0.4512938132374874,0.5367345908902816,0.4237244650649956,0.7558062074186221
24,beta,1,64,1.0,1.0,raw,transport_binary_strength,1,29,0.448879462112391,0.5184026647129056,0.4272832886990319,0.7666957281359733
29,beta,1,64,1.0,1.0,raw,transport_binary_strength,1,28,0.4519158047076927,0.5280883104782476,0.4266897011880741,0.7465208183113359
9,beta,1,64,1.0,1.0,raw,transport_binary_strength,1,28,0.4488928898364456,0.529487117042521,0.4246484052447349,0.7609344385937571
30,beta,1,64,1.0,1.0,raw,transport_binary_strength,1,30,0.4615655435088585,0.5286239692653674,0.4277286790442397,0.7512454327917082
38,beta,1,64,1.0,1.0,raw,transport_binary_strength,1,30,0.4460362358897022,0.5169184550445989,0.4296911759652775,0.7575190974052053
20,beta,1,64,1.0,1.0,raw,transport_binary_strength,1,28,0.4372182006636176,0.5171349156887185,0.4242783014639381,0.7563321743299533
34,beta,1,64,1.0,1.0,raw,transport_binary_strength,1,30,0.4528581227972715,0.5050762021387522,0.4247089497340227,0.7654259148128604
12,beta,1,64,1.0,1.0,raw,transport_binary_strength,1,28,0.4437413355827666,0.5286647481325089,0.4216642029725476,0.7694665777515005
48,beta,1,64,1.0,1.0,raw,transport_binary_strength,1,28,0.4515542560867643,0.5446302133126194,0.4224751936102776,0.760889189221473
37,beta,1,64,1.0,1.0,raw,transport_binary_strength,1,28,0.4521458174627534,0.5288749367768041,0.428935398438497,0.7427413145841937
25,beta,1,64,1.0,1.0,raw,transport_binary_strength,1,28,0.4445522745855773,0.5406367723629908,0.4198344117387129,0.7764564768757878
17,beta,1,64,1.0,1.0,raw,transport_binary_strength,1,28,0.457316920670042,0.5211814128943758,0.4275506726845517,0.7497653010306795
33,beta,1,64,1.0,1.0,raw,transport_binary_strength,1,28,0.4477968351362188,0.512305562416913,0.4291281787811249,0.7662645890354453
16,beta,1,64,1.0,1.0,raw,transport_binary_strength,1,30,0.4501209321710861,0.51548638231697,0.4226915968747602,0.7728652445927839
8,beta,1,64,1.0,1.0,raw,transport_binary_strength,1,30,0.4512168399483185,0.5396130554587014,0.4254487165258865,0.7593122954814454
44,beta,1,64,1.0,1.0,raw,transport_binary_strength,1,28,0.4472322743071328,0.5019952864922628,0.421348136824131,0.7754645273176473
49,beta,1,64,1.0,1.0,raw,transport_binary_strength,1,28,0.4594767263234236,0.5229170445065109,0.420537435336029,0.7632597453322881
45,beta,1,64,1.0,1.0,raw,transport_binary_strength,1,28,0.4489401741367736,0.5364179131358795,0.4292377892914172,0.7678751805767839
32,beta,1,64,1.0,1.0,raw,transport_binary_strength,1,29,0.4528530225398728,0.533755752335797,0.4258139711458455,0.7416118453768694
28,beta,1,64,1.0,1.0,raw,transport_binary_strength,1,29,0.4561975324849564,0.5303622555107161,0.4187262791704657,0.7741314474534222
41,beta,1,64,1.0,1.0,raw,transport_binary_strength,1,28,0.453461094879254,0.5264725155214515,0.4279620466093798,0.7632854347645084
36,beta,1,64,1.0,1.0,raw,transport_binary_strength,1,28,0.4588609570084875,0.5322502692998204,0.4230179844622326,0.7691444424618425
40,beta,1,64,1.0,1.0,raw,transport_binary_strength,1,29,0.4464561266569405,0.5288065922300398,0.4275829447762664,0.7453380764437059
13,beta,1,64,1.0,1.0,raw,transport_binary_strength,1,29,0.4561295539783341,0.5189302056384804,0.4227318891721134,0.756755289078752
21,beta,1,64,1.0,1.0,raw,transport_binary_strength,1,29,0.4483868400854516,0.5433417614833544,0.4238708931575748,0.7854280350909646
24,beta,1,64,1.0,1.0,raw,transport_binary_strength,1,30,0.4482999776848713,0.5267767014001954,0.4256477496639396,0.7628762944391136
20,beta,1,64,1.0,1.0,raw,transport_binary_strength,1,29,0.4403058404466249,0.5241674701911996,0.4273865387188162,0.7661671409906781
29,beta,1,64,1.0,1.0,raw,transport_binary_strength,1,29,0.4537091928843448,0.5391516240572845,0.4287361363541216,0.7500665322089042
12,beta,1,64,1.0,1.0,raw,transport_binary_strength,1,29,0.4458534568927254,0.5258919986175603,0.4245421201053501,0.7543873790879779
9,beta,1,64,1.0,1.0,raw,transport_binary_strength,1,29,0.4488920101585369,0.5148750669718962,0.4239934080394205,0.7618867794562942
48,beta,1,64,1.0,1.0,raw,transport_binary_strength,1,29,0.4515121134857646,0.5325324151529637,0.4246782838271928,0.7627529576787022
25,beta,1,64,1.0,1.0,raw,transport_binary_strength,1,29,0.4447339298138978,0.5202368419474038,0.4225313767232028,0.7713889093082203
37,beta,1,64,1.0,1.0,raw,transport_binary_strength,1,29,0.451573445012591,0.5254370142136067,0.426345730991762,0.7686917245486862
17,beta,1,64,1.0,1.0,raw,transport_binary_strength,1,29,0.4572627956368673,0.5261632373113855,0.4274254994420881,0.7664564585233237
44,beta,1,64,1.0,1.0,raw,transport_binary_strength,1,29,0.4466894511501408,0.5256400187681112,0.4186580357699639,0.7808181186299541
33,beta,1,64,1.0,1.0,raw,transport_binary_strength,1,29,0.4477940565305602,0.5082616931180185,0.4296153961719784,0.7527491816401579
28,beta,1,64,1.0,1.0,raw,transport_binary_strength,1,30,0.4566672742391753,0.5119398570006799,0.4217501031584916,0.7714562526358082
36,beta,1,64,1.0,1.0,raw,transport_binary_strength,1,29,0.4588714785418664,0.5398639138240575,0.4220643678146782,0.7666643790490832
32,beta,1,64,1.0,1.0,raw,transport_binary_strength,1,30,0.453029129146504,0.537892553339841,0.4247724148121862,0.7708998236527544
40,beta,1,64,1.0,1.0,raw,transport_binary_strength,1,30,0.444713993422618,0.5237002268787601,0.4238596082675416,0.7656269907215068
49,beta,1,64,1.0,1.0,raw,transport_binary_strength,1,29,0.4592490873540574,0.5216461836252181,0.418652269716214,0.7699543994081861
45,beta,1,64,1.0,1.0,raw,transport_binary_strength,1,29,0.4490827769278805,0.5056156402244095,0.4276252851331931,0.763562643727943
20,beta,1,64,1.0,1.0,raw,transport_binary_strength,1,30,0.4376421254775242,0.5291543443239811,0.4233754988882247,0.7576871906563976
41,beta,1,64,1.0,1.0,raw,transport_binary_strength,1,29,0.4526026279816922,0.5274088936558039,0.4237180997718465,0.7698122797035887
12,beta,1,64,1.0,1.0,raw,transport_binary_strength,1,30,0.4430625022428633,0.5027303182006385,0.4206733721428139,0.7568331190661157
48,beta,1,64,1.0,1.0,raw,transport_binary_strength,1,30,0.4516584901521213,0.5335455754063098,0.4242605824507855,0.7834291496663068
13,beta,1,64,1.0,1.0,raw,transport_binary_strength,1,30,0.4562044245022034,0.5290477264379323,0.4241697982167858,0.7704204250199812
44,beta,1,64,1.0,1.0,raw,transport_binary_strength,1,30,0.447425014297665,0.5092756489128122,0.4209432555940102,0.7719069362530883
21,beta,1,64,1.0,1.0,raw,transport_binary_strength,1,30,0.4485105322140212,0.5219553308048883,0.4234915772707279,0.7922014750262908
36,beta,1,64,1.0,1.0,raw,transport_binary_strength,1,30,0.4587451392495734,0.5194204667863555,0.4236285535247423,0.7625715452399253
9,beta,1,64,1.0,1.0,raw,transport_binary_strength,1,30,0.44902815714675,0.5263403511762701,0.4245220778916712,0.7567359634523756
29,beta,1,64,1.0,1.0,raw,transport_binary_strength,1,30,0.4531427412835034,0.5194248565317747,0.4278364190436286,0.7569233555920146
25,beta,1,64,1.0,1.0,raw,transport_binary_strength,1,30,0.4444884153890424,0.5194648898646703,0.4218085731202602,0.7640192322875914
37,beta,1,64,1.0,1.0,raw,transport_binary_strength,1,30,0.4520752190449142,0.5164151286656551,0.4271341057192788,0.7673227551218756
17,beta,1,64,1.0,1.0,raw,transport_binary_strength,1,30,0.4572791869764078,0.5230785322359397,0.4292974609148853,0.7432659979007864
33,beta,1,64,1.0,1.0,raw,transport_binary_strength,1,30,0.4467725242813401,0.5066479455348725,0.426725670064536,0.7668641845414821
45,beta,1,64,1.0,1.0,raw,transport_binary_strength,1,30,0.4493613638685791,0.5268096691791163,0.4306385612290244,0.7619856530522715
49,beta,1,64,1.0,1.0,raw,transport_binary_strength,1,30,0.4594452025819069,0.5252002413778322,0.4205484904783154,0.7797447595203656
41,beta,1,64,1.0,1.0,raw,transport_binary_strength,1,30,0.45294827270540605,0.49573132756431115,0.4241101254093013,0.7600061405456413
