seed,model_type,n_samples,pre_revision,j_percentage,train_retention,baseline_embedding_type,pre_population_match,pre_population_match_version,mirt_dim,rmse_mirt,auc_mirt,val_rmse_mirt,val_auc_mirt
0,bernoulli,54,none,0.7,1.0,pca,none,,2,0.4354051607458242,0.5409908722838457,0.3138740728699585,0.8970994444810398
5,bernoulli,54,none,0.7,1.0,pca,none,,2,0.4234137905000391,0.6092189947719079,0.3021506187986558,0.9077756164239524
4,bernoulli,54,none,0.7,1.0,pca,none,,2,0.4392849579221968,0.5557684953413989,0.300249633143262,0.9206305029855276
0,bernoulli,54,none,0.7,1.0,pca,none,,3,0.4367418361560253,0.5568306141842951,0.3143227111301629,0.9062117120084316
5,bernoulli,54,none,0.7,1.0,pca,none,,3,0.4254389620694597,0.6161268708831135,0.3024453290685542,0.914378844435098
4,bernoulli,54,none,0.7,1.0,pca,none,,3,0.4339240251086563,0.5752068557919622,0.3002602908334636,0.9154437809938266
0,bernoulli,54,none,0.7,1.0,pca,none,,4,0.438458975458344,0.5464371561134935,0.3126144557205764,0.8985486243769624
5,bernoulli,54,none,0.7,1.0,pca,none,,4,0.424339372827642,0.6096342222977181,0.3012268555523473,0.9108721938909626
4,bernoulli,54,none,0.7,1.0,pca,none,,4,0.4400627654727264,0.5657027882074817,0.299811993736681,0.9167999190365348
0,bernoulli,54,none,0.7,1.0,pca,none,,5,0.4393168768008725,0.5545227314470984,0.3155233403586204,0.9038183694530444
5,bernoulli,54,none,0.7,1.0,pca,none,,5,0.4251196734849862,0.6200243474321953,0.3000454510591077,0.9142999842279584
4,bernoulli,54,none,0.7,1.0,pca,none,,5,0.4396829978750333,0.5505971005423446,0.2951518923880546,0.9221637486084404
0,bernoulli,54,none,0.7,1.0,pca,none,,6,0.4392222666998268,0.5614463796586889,0.314752850532501,0.9051226313593748
5,bernoulli,54,none,0.7,1.0,pca,none,,6,0.4268495125094281,0.6308297000924824,0.3020175322305124,0.9098470111981496
4,bernoulli,54,none,0.7,1.0,pca,none,,6,0.4378049843283968,0.5876442775691837,0.2973849033456084,0.9204685760550552
0,bernoulli,54,none,0.7,1.0,pca,none,,7,0.4410362211812332,0.5649840684219353,0.3162921770528321,0.8917243045034362
5,bernoulli,54,none,0.7,1.0,pca,none,,7,0.428095747651409,0.6081478964951021,0.3029776303434387,0.9080227117396562
4,bernoulli,54,none,0.7,1.0,pca,none,,7,0.4401182100963486,0.5325667501042971,0.2941199002810729,0.9232972371217488
0,bernoulli,54,none,0.7,1.0,pca,none,,8,0.4419687451169285,0.5665692404749926,0.3151733727028316,0.9065718112552972
5,bernoulli,54,none,0.7,1.0,pca,none,,8,0.4280608337933571,0.6348404205122398,0.3071904931839403,0.9077493296882392
4,bernoulli,54,none,0.7,1.0,pca,none,,8,0.4393438076109061,0.5848977889027952,0.2961194185791313,0.9140724623013864
0,bernoulli,54,none,0.7,1.0,pca,none,,9,0.4419460877749547,0.5651677407505011,0.3158509125803689,0.9023384493775114
8,bernoulli,54,none,0.7,1.0,pca,none,,2,0.4273988287263922,0.5844970792259949,0.3155550751797638,0.910585759200395
40,bernoulli,54,none,0.7,1.0,pca,none,,2,0.4439826650886963,0.5628686440677967,0.3034546067850013,0.9223786931746868
5,bernoulli,54,none,0.7,1.0,pca,none,,9,0.4301379530313507,0.6117056414321576,0.3023471570870299,0.9069764996582724
4,bernoulli,54,none,0.7,1.0,pca,none,,9,0.4390696229730232,0.5582846613822834,0.2964027061109781,0.9189909928144924
36,bernoulli,54,none,0.7,1.0,pca,none,,2,0.4466072300638332,0.5701569703914932,0.3425159954770169,0.8737986624739803
9,bernoulli,54,none,0.7,1.0,pca,none,,2,0.4546156895355154,0.5969422911283376,0.3295739968340229,0.8959231989687144
7,bernoulli,54,none,0.7,1.0,pca,none,,2,0.4426460072644871,0.5357553928669302,0.2984147547497542,0.9163755352169428
0,bernoulli,54,none,0.7,1.0,pca,none,,10,0.4428480787931772,0.5594100125376328,0.3142406859629815,0.8988867663526777
2,bernoulli,54,none,0.7,1.0,pca,none,,2,0.4092581043349778,0.5476655982905984,0.2694438848019935,0.9312841922564984
8,bernoulli,54,none,0.7,1.0,pca,none,,3,0.4187275780895139,0.5671869295363271,0.3109844411947558,0.9104211957698536
10,bernoulli,54,none,0.7,1.0,pca,none,,2,0.42999358979149,0.6083872041068542,0.2936729994760201,0.9215247747747748
40,bernoulli,54,none,0.7,1.0,pca,none,,3,0.4471030127089155,0.5446059322033898,0.3038050024445076,0.916821045761478
5,bernoulli,54,none,0.7,1.0,pca,none,,10,0.4316749213907183,0.5912887152482872,0.3031787809857313,0.91286472845802
4,bernoulli,54,none,0.7,1.0,pca,none,,10,0.4402811345448106,0.5579022389097483,0.2952844778016306,0.9158840198360492
9,bernoulli,54,none,0.7,1.0,pca,none,,3,0.4544239991383061,0.5833237630395254,0.3344138434834582,0.8897689523526203
36,bernoulli,54,none,0.7,1.0,pca,none,,3,0.4423011889745095,0.5585107800548997,0.3351634333803296,0.8701595878175885
7,bernoulli,54,none,0.7,1.0,pca,none,,3,0.4446377242881422,0.5329483615863446,0.300146014224209,0.9097868873509474
11,bernoulli,54,none,0.7,1.0,pca,none,,2,0.4283716514563387,0.6100148707389614,0.2986337865061372,0.9107516738375168
0,bernoulli,54,none,0.7,1.0,pca,none,,11,0.4417064287473084,0.5837785390862701,0.3129641661972497,0.9051226313593748
2,bernoulli,54,none,0.7,1.0,pca,none,,3,0.4113668287712332,0.576298076923077,0.2741251880977349,0.9289152882264298
10,bernoulli,54,none,0.7,1.0,pca,none,,3,0.4295356135252515,0.6180443324777387,0.2906859533932736,0.9321621621621622
8,bernoulli,54,none,0.7,1.0,pca,none,,4,0.4242484473973886,0.5706964220518438,0.3058606938203365,0.9123071792961884
6,bernoulli,54,none,0.7,1.0,pca,none,,2,0.4180780250094975,0.5899394229931143,0.2985101766121541,0.9226482682071592
40,bernoulli,54,none,0.7,1.0,pca,none,,4,0.447406047116784,0.5387245762711864,0.3013802545944588,0.917358234806838
38,bernoulli,54,none,0.7,1.0,pca,none,,2,0.419288690159111,0.6117988334574337,0.2815551427034482,0.92782410443799
5,bernoulli,54,none,0.7,1.0,pca,none,,11,0.4317756545193016,0.5937800804031482,0.303179714829537,0.9102781136638454
7,bernoulli,54,none,0.7,1.0,pca,none,,4,0.4447327738626765,0.5114277884351877,0.2948291203235749,0.916920161351027
3,bernoulli,54,none,0.7,1.0,pca,none,,2,0.4295952958101174,0.5886787108145537,0.33737702557626,0.8673128019323673
4,bernoulli,54,none,0.7,1.0,pca,none,,11,0.44028132069035,0.557133048254763,0.2927214277920171,0.9191276186620788
9,bernoulli,54,none,0.7,1.0,pca,none,,4,0.4544499199347478,0.5896353718059145,0.3293927656047783,0.8923595617036045
36,bernoulli,54,none,0.7,1.0,pca,none,,4,0.4403280576525373,0.5372504863683607,0.343393596206713,0.8577107046370521
15,bernoulli,54,none,0.7,1.0,pca,none,,2,0.4032355674400529,0.5408082171240065,0.259202605141945,0.950082642518459
46,bernoulli,54,none,0.7,1.0,pca,none,,2,0.4248519345021614,0.5924208412098297,0.2885301946891128,0.9265236351889738
11,bernoulli,54,none,0.7,1.0,pca,none,,3,0.4299026124199578,0.6086666993496095,0.3020427556024632,0.9104893817730024
12,bernoulli,54,none,0.7,1.0,pca,none,,2,0.4326336687449009,0.5794522756587434,0.3288133190915597,0.8822953062318598
31,bernoulli,54,none,0.7,1.0,pca,none,,2,0.431547508725182,0.5880149812734082,0.3227371580825295,0.8881140554780722
0,bernoulli,54,none,0.7,1.0,pca,none,,12,0.4428603434913973,0.5620093752745102,0.3146765252996257,0.8951584217113497
19,bernoulli,54,none,0.7,1.0,pca,none,,2,0.4220453201089615,0.5976714809044592,0.2951928214119131,0.9171404025079056
43,bernoulli,54,none,0.7,1.0,pca,none,,2,0.4276456000465768,0.5510977701543739,0.2437117586337559,0.9581232658567624
16,bernoulli,54,none,0.7,1.0,pca,none,,2,0.4462031442421998,0.5434742527439157,0.3212202862345536,0.8853654490561029
26,bernoulli,54,none,0.7,1.0,pca,none,,2,0.4311369637222673,0.5833741318972239,0.3075106602852334,0.9078917201187944
2,bernoulli,54,none,0.7,1.0,pca,none,,4,0.4106379087732846,0.6031303418803419,0.2697033125616665,0.9300938766176272
28,bernoulli,54,none,0.7,1.0,pca,none,,2,0.4555973970557803,0.5525934262986207,0.3331944342639235,0.880936077657389
35,bernoulli,54,none,0.7,1.0,pca,none,,2,0.4304464919468082,0.5328898697968041,0.2894971518038776,0.9087072649572652
10,bernoulli,54,none,0.7,1.0,pca,none,,4,0.4341760110978305,0.603740849890674,0.3057652388266203,0.9098828828828828
39,bernoulli,54,none,0.7,1.0,pca,none,,2,0.435239435322969,0.5717049139875916,0.3181826797386989,0.894390632965515
6,bernoulli,54,none,0.7,1.0,pca,none,,3,0.4199601799105876,0.5980998866904907,0.2971281302603752,0.9186801543856108
8,bernoulli,54,none,0.7,1.0,pca,none,,5,0.4188679265751535,0.5973119751734209,0.3038237383705549,0.9154317191681752
40,bernoulli,54,none,0.7,1.0,pca,none,,5,0.4462558725649171,0.5617076271186441,0.3036232358638605,0.9152094786253984
18,bernoulli,54,none,0.7,1.0,pca,none,,2,0.4140959672178305,0.6298525798525798,0.3080619261332495,0.906977883233924
38,bernoulli,54,none,0.7,1.0,pca,none,,3,0.4181725014303209,0.6102113841317118,0.2813957287157521,0.9225251673485536
24,bernoulli,54,none,0.7,1.0,pca,none,,2,0.4114277341385677,0.5578414292546285,0.3071197484141497,0.9030102607080568
14,bernoulli,54,none,0.7,1.0,pca,none,,2,0.4227588190651121,0.6039941896589364,0.2919159473923419,0.9267590909301174
20,bernoulli,54,none,0.7,1.0,pca,none,,2,0.3976002479495363,0.566168788999633,0.261160982106203,0.9485072492464744
5,bernoulli,54,none,0.7,1.0,pca,none,,12,0.4316908345428514,0.6217465979653851,0.3020189877195125,0.9094369381210244
7,bernoulli,54,none,0.7,1.0,pca,none,,5,0.4433743646583274,0.5425126257683123,0.2954821412205435,0.9149719052616198
3,bernoulli,54,none,0.7,1.0,pca,none,,3,0.4315695553091709,0.5946168534139074,0.3351907525609827,0.8706219806763286
25,bernoulli,54,none,0.7,1.0,pca,none,,2,0.4068698555757365,0.5993310767246938,0.2554793411065984,0.9554985398414686
30,bernoulli,54,none,0.7,1.0,pca,none,,2,0.4256582519941227,0.5399363387371382,0.2909782052784294,0.9183714706516274
9,bernoulli,54,none,0.7,1.0,pca,none,,5,0.4546898261728462,0.5923485501004881,0.3286863475357919,0.892725221875155
48,bernoulli,54,none,0.7,1.0,pca,none,,2,0.4302766575565098,0.5922867513611615,0.3224357964865724,0.8919382504288165
4,bernoulli,54,none,0.7,1.0,pca,none,,12,0.4423112621928801,0.5649944374913085,0.2936635235052808,0.9247495192794252
15,bernoulli,54,none,0.7,1.0,pca,none,,3,0.4145677470946725,0.5567776278302595,0.253402591892963,0.952852283677624
11,bernoulli,54,none,0.7,1.0,pca,none,,4,0.4251170621263788,0.6037520018302449,0.2996875521686655,0.9062904079331846
27,bernoulli,54,none,0.7,1.0,pca,none,,2,0.4240605995624774,0.5955290879601567,0.3019979687908213,0.917324235874198
36,bernoulli,54,none,0.7,1.0,pca,none,,5,0.4399820493157564,0.5673187111904698,0.3380610967597464,0.8655387749678906
46,bernoulli,54,none,0.7,1.0,pca,none,,3,0.4313407650397748,0.5892139819065622,0.2900638633939284,0.9165903951760526
42,bernoulli,54,none,0.7,1.0,pca,none,,2,0.4207897355689789,0.6079288332157543,0.3006949734493493,0.9178274882552168
17,bernoulli,54,none,0.7,1.0,pca,none,,2,0.415938840415394,0.6030668004906881,0.3157368041767349,0.8871306434678267
31,bernoulli,54,none,0.7,1.0,pca,none,,3,0.42965829923417,0.5660911665296429,0.3213357630590988,0.8895707422904076
12,bernoulli,54,none,0.7,1.0,pca,none,,3,0.4342074475871304,0.5632140224801916,0.3272083853838929,0.8730889394191484
34,bernoulli,54,none,0.7,1.0,pca,none,,2,0.4107119837098145,0.6099179446126134,0.2968014701332906,0.9224918283994784
21,bernoulli,54,none,0.7,1.0,pca,none,,2,0.4286624472617097,0.6168830595301182,0.311411679110978,0.9055141931249489
0,bernoulli,54,none,0.7,1.0,pca,none,,13,0.4448013886037684,0.5586074443193343,0.3214673646155559,0.8946885361087324
45,bernoulli,54,none,0.7,1.0,pca,none,,2,0.4172397387941622,0.5900012075836252,0.3264097614017281,0.9024612808286828
13,bernoulli,54,none,0.7,1.0,pca,none,,2,0.4239644828869011,0.5844262295081968,0.3156696151133633,0.8973083827335726
19,bernoulli,54,none,0.7,1.0,pca,none,,3,0.4236547053771039,0.5966061728914902,0.2918059096156938,0.9234330158846216
43,bernoulli,54,none,0.7,1.0,pca,none,,3,0.4295361685861535,0.5591080617495712,0.2460714965931345,0.9565864411729936
26,bernoulli,54,none,0.7,1.0,pca,none,,3,0.4305316955183102,0.596692596420606,0.2982646891181424,0.9183208833863856
23,bernoulli,54,none,0.7,1.0,pca,none,,2,0.4229638917360007,0.5657611960992744,0.2893359849429436,0.9246075093994512
2,bernoulli,54,none,0.7,1.0,pca,none,,5,0.4155294774647314,0.5449893162393162,0.2658653854511265,0.9324217352808384
16,bernoulli,54,none,0.7,1.0,pca,none,,3,0.4393437567356173,0.5608108108108109,0.3169944382339082,0.8924123287216749
35,bernoulli,54,none,0.7,1.0,pca,none,,3,0.4302100558704439,0.5573584533438548,0.2924732723210489,0.9153645833333331
47,bernoulli,54,none,0.7,1.0,pca,none,,2,0.4385992613399598,0.5664521133847702,0.3138654204379974,0.8981333333333333
49,bernoulli,54,none,0.7,1.0,pca,none,,2,0.456025361582423,0.5260316184351554,0.3030134575895678,0.9231746031746032
10,bernoulli,54,none,0.7,1.0,pca,none,,5,0.4315227330287453,0.6187929777862281,0.2920918374358625,0.9195495495495496
28,bernoulli,54,none,0.7,1.0,pca,none,,3,0.4326295527979421,0.5696953510997501,0.3309014564964562,0.8774771418214041
22,bernoulli,54,none,0.7,1.0,pca,none,,2,0.4145907325499682,0.6297154032216561,0.3012754789040453,0.9133828228075472
44,bernoulli,54,none,0.7,1.0,pca,none,,2,0.4202071706686104,0.6025344937380599,0.2909058997655857,0.9209577089033172
1,bernoulli,54,none,0.7,1.0,pca,none,,2,0.4162574029670852,0.6023753632908562,0.3139995360006561,0.913231981981982
39,bernoulli,54,none,0.7,1.0,pca,none,,3,0.4349411828463059,0.564341864072194,0.3207984587470628,0.8952731777642563
37,bernoulli,54,none,0.7,1.0,pca,none,,2,0.4291812341804025,0.5519438881709398,0.2708469702270733,0.939079704279902
6,bernoulli,54,none,0.7,1.0,pca,none,,4,0.4252444041364437,0.5744628693454196,0.3010309099741753,0.9203501425291996
18,bernoulli,54,none,0.7,1.0,pca,none,,3,0.4106079702170023,0.6422157694884967,0.3092606135553847,0.9072146153511254
8,bernoulli,54,none,0.7,1.0,pca,none,,6,0.4250249532779102,0.6052254472435196,0.3094614120178907,0.9079657361615148
40,bernoulli,54,none,0.7,1.0,pca,none,,6,0.4451427972915918,0.5540042372881355,0.3009041250345793,0.9230915982629214
38,bernoulli,54,none,0.7,1.0,pca,none,,4,0.4216616939011466,0.6079982625961777,0.2827592857625375,0.9231133597759664
14,bernoulli,54,none,0.7,1.0,pca,none,,3,0.4188291304109642,0.6159507296512116,0.2855993903592693,0.9328929534594336
32,bernoulli,54,none,0.7,1.0,pca,none,,2,0.4325038511733215,0.5764779783044623,0.2904622109114693,0.931208501661028
7,bernoulli,54,none,0.7,1.0,pca,none,,6,0.4427923702437693,0.5282151665818424,0.2950203838418146,0.914688522557706
3,bernoulli,54,none,0.7,1.0,pca,none,,4,0.431438502287747,0.5902996348986529,0.3347278929804254,0.8665760869565218
5,bernoulli,54,none,0.7,1.0,pca,none,,13,0.4334557631590991,0.6134231734707358,0.3046894073426628,0.9090058356553284
29,bernoulli,54,none,0.7,1.0,pca,none,,2,0.4226429096309524,0.5985778557267043,0.3049430264744063,0.9111058567125512
24,bernoulli,54,none,0.7,1.0,pca,none,,3,0.4156809432161156,0.5644257703081232,0.3057195838496505,0.9010849622868016
20,bernoulli,54,none,0.7,1.0,pca,none,,3,0.4001434679831206,0.5682370048281897,0.2634682469508531,0.9448001232041888
30,bernoulli,54,none,0.7,1.0,pca,none,,3,0.4281315809983154,0.5411253608705308,0.2862999854110143,0.9312315899130684
33,bernoulli,54,none,0.7,1.0,pca,none,,2,0.445201960446496,0.552775974025974,0.3049294049415453,0.9125160153747598
9,bernoulli,54,none,0.7,1.0,pca,none,,6,0.4549280172827912,0.5930376112546655,0.3318899078217719,0.8933573801378353
25,bernoulli,54,none,0.7,1.0,pca,none,,3,0.4163006625403181,0.5667069632495165,0.2473458950771447,0.9586232790988736
15,bernoulli,54,none,0.7,1.0,pca,none,,4,0.4130390582527409,0.5420527815264657,0.2528072045883282,0.9519652327072924
11,bernoulli,54,none,0.7,1.0,pca,none,,5,0.4275551860447513,0.6183857894564827,0.3017611827476955,0.9067574718726272
4,bernoulli,54,none,0.7,1.0,pca,none,,13,0.4423434511572429,0.5721518217215964,0.2951784722892015,0.9136474041088958
46,bernoulli,54,none,0.7,1.0,pca,none,,4,0.4285013299051165,0.598108796921415,0.2886198365999856,0.9234234234234237
42,bernoulli,54,none,0.7,1.0,pca,none,,3,0.4230202036839376,0.5927052325481357,0.3035787803897677,0.91438599366328
48,bernoulli,54,none,0.7,1.0,pca,none,,3,0.4276198142282814,0.5825714609800364,0.3195249365670192,0.8940578289634893
41,bernoulli,54,none,0.7,1.0,pca,none,,2,0.4279102852069107,0.5765072657940843,0.2826096597656259,0.9328645563051376
27,bernoulli,54,none,0.7,1.0,pca,none,,3,0.4210581996257029,0.5991046707842527,0.30254071101607,0.9157703759646518
36,bernoulli,54,none,0.7,1.0,pca,none,,6,0.4450146197478482,0.56416064813581,0.3355317326638437,0.8660480977899819
17,bernoulli,54,none,0.7,1.0,pca,none,,3,0.4094838034206292,0.6246347719415635,0.3085634120080059,0.9075885491439712
31,bernoulli,54,none,0.7,1.0,pca,none,,4,0.4298171801382304,0.5618982369598977,0.3222651972912349,0.8788728756650654
34,bernoulli,54,none,0.7,1.0,pca,none,,3,0.4150990341839252,0.6105996547669678,0.2961426158631404,0.9284482918419932
19,bernoulli,54,none,0.7,1.0,pca,none,,4,0.4272914840565178,0.5744662933176135,0.2947981366412436,0.910783811943627
12,bernoulli,54,none,0.7,1.0,pca,none,,4,0.4321679738806273,0.568350377740925,0.3244696990275435,0.8734093752118266
21,bernoulli,54,none,0.7,1.0,pca,none,,3,0.4285595394086223,0.5977786610139553,0.3128950363972132,0.8975715809336287
13,bernoulli,54,none,0.7,1.0,pca,none,,3,0.4275513000270443,0.5681132454993463,0.315511427170617,0.8972170618685815
43,bernoulli,54,none,0.7,1.0,pca,none,,4,0.4317771385048471,0.5407604345340195,0.2469193672198145,0.9573583304938006
0,bernoulli,54,none,0.7,1.0,pca,none,,14,0.4445055962586811,0.5630994306157815,0.3150773693806814,0.8937180247238873
23,bernoulli,54,none,0.7,1.0,pca,none,,3,0.4295947928554391,0.5783958034847715,0.2918174118515896,0.9300312468245098
45,bernoulli,54,none,0.7,1.0,pca,none,,3,0.4097178159448077,0.5946322907861369,0.3177638422309238,0.9073246794920006
2,bernoulli,54,none,0.7,1.0,pca,none,,6,0.4155938423639102,0.6013782051282051,0.2740220089560459,0.9263880663527672
10,bernoulli,54,none,0.7,1.0,pca,none,,6,0.4338639250990099,0.6169114617992839,0.2915478518282747,0.9172027027027028
26,bernoulli,54,none,0.7,1.0,pca,none,,4,0.4313498505805771,0.5993853016373824,0.3036204874944834,0.9013494996027748
35,bernoulli,54,none,0.7,1.0,pca,none,,4,0.4289942437465996,0.5491960939041232,0.2943627444629803,0.9103031517094018
47,bernoulli,54,none,0.7,1.0,pca,none,,3,0.4411843341238791,0.5661533461925529,0.3142153984547414,0.9013333333333332
16,bernoulli,54,none,0.7,1.0,pca,none,,4,0.4404747003191948,0.5644386360678495,0.3148197855951737,0.885763577850768
22,bernoulli,54,none,0.7,1.0,pca,none,,3,0.4164350123965938,0.6307138078328444,0.2968394735060182,0.9094194259432936
49,bernoulli,54,none,0.7,1.0,pca,none,,3,0.460089031938125,0.5282790728831726,0.2961257590150908,0.9160861678004536
28,bernoulli,54,none,0.7,1.0,pca,none,,4,0.4380959130833838,0.5565565326872818,0.32848396420858,0.8764953478068231
39,bernoulli,54,none,0.7,1.0,pca,none,,4,0.4385221325955376,0.5689156796390299,0.3175764930748858,0.8946756784905743
44,bernoulli,54,none,0.7,1.0,pca,none,,3,0.4248335729841263,0.5803990660157079,0.2962972641113378,0.9129858757446656
1,bernoulli,54,none,0.7,1.0,pca,none,,3,0.4095170808252666,0.6335792532975631,0.3066769839556226,0.9112356674856676
6,bernoulli,54,none,0.7,1.0,pca,none,,5,0.4279566496482078,0.5708184433016648,0.2996760412298819,0.9175853283216872
37,bernoulli,54,none,0.7,1.0,pca,none,,3,0.4331943287485244,0.5576458286063787,0.2675360625682682,0.942523615781154
18,bernoulli,54,none,0.7,1.0,pca,none,,4,0.4081297082906903,0.6370784007147643,0.3074925124605899,0.90242283077191
38,bernoulli,54,none,0.7,1.0,pca,none,,5,0.4195737238291496,0.6248862414163978,0.2809853368137174,0.9306661669633656
14,bernoulli,54,none,0.7,1.0,pca,none,,4,0.4217437610650923,0.6138222304320811,0.2889538251368846,0.9292061597672278
8,bernoulli,54,none,0.7,1.0,pca,none,,7,0.4278304632245664,0.5942816721431179,0.3139636572167266,0.904107156776982
40,bernoulli,54,none,0.7,1.0,pca,none,,7,0.446366067666121,0.5250635593220339,0.3015505378208541,0.9221979566734444
7,bernoulli,54,none,0.7,1.0,pca,none,,7,0.4458847050467484,0.517683905570998,0.3024653931794155,0.9112082287252647
3,bernoulli,54,none,0.7,1.0,pca,none,,5,0.4328827570276105,0.5958391036132443,0.3348714636701032,0.868858695652174
32,bernoulli,54,none,0.7,1.0,pca,none,,3,0.4291899140860726,0.5830132154333068,0.2919309673113339,0.9174081838991917
30,bernoulli,54,none,0.7,1.0,pca,none,,4,0.4264818604369489,0.5314697609001406,0.2938671451696862,0.921308104030462
5,bernoulli,54,none,0.7,1.0,pca,none,,14,0.4333626070894069,0.612144461431025,0.3034130610476414,0.908353924609642
29,bernoulli,54,none,0.7,1.0,pca,none,,3,0.4247275797700974,0.5762210233338417,0.3028500120747415,0.9148633228131136
24,bernoulli,54,none,0.7,1.0,pca,none,,4,0.4174161091769874,0.5605614196898271,0.3091107154782031,0.8950463204149584
33,bernoulli,54,none,0.7,1.0,pca,none,,3,0.439231036545997,0.5299025974025975,0.2978601548253164,0.9204347284504234
20,bernoulli,54,none,0.7,1.0,pca,none,,4,0.3982915985151793,0.5711169777225626,0.261272434179424,0.943634083558841
15,bernoulli,54,none,0.7,1.0,pca,none,,5,0.4150456865567445,0.5125506072874493,0.2523105806216755,0.9534330148884168
11,bernoulli,54,none,0.7,1.0,pca,none,,6,0.4269827941469935,0.6360754322319181,0.3059526001785614,0.9039642914663047
25,bernoulli,54,none,0.7,1.0,pca,none,,4,0.4114066184013621,0.5283043197936815,0.2464985016705703,0.9620191906549854
9,bernoulli,54,none,0.7,1.0,pca,none,,7,0.4551691774627054,0.5966886783424251,0.3293169940852516,0.8958984084486092
42,bernoulli,54,none,0.7,1.0,pca,none,,4,0.4206883731618187,0.6014806338936972,0.3004226404597851,0.9104346480206854
46,bernoulli,54,none,0.7,1.0,pca,none,,5,0.4297260613911438,0.5980033081285445,0.2871994214701935,0.9138042424895012
4,bernoulli,54,none,0.7,1.0,pca,none,,14,0.4421399357154683,0.5673802322347379,0.2953463272621625,0.9244762675842526
27,bernoulli,54,none,0.7,1.0,pca,none,,4,0.4234388822976385,0.5953202051147628,0.3027378697347428,0.908626092693386
41,bernoulli,54,none,0.7,1.0,pca,none,,3,0.4190803790278795,0.5638204678965268,0.2883931606966839,0.924312402698495
31,bernoulli,54,none,0.7,1.0,pca,none,,5,0.4319443648097356,0.5841417740020096,0.31843439634119,0.8808771114210445
36,bernoulli,54,none,0.7,1.0,pca,none,,7,0.4442554442888387,0.5715028116088798,0.3367925673642696,0.8750830417644715
48,bernoulli,54,none,0.7,1.0,pca,none,,4,0.429473806476228,0.5862182395644283,0.3179537875055018,0.8835211957853466
34,bernoulli,54,none,0.7,1.0,pca,none,,4,0.4165653483070929,0.6004490531108498,0.2958987900130687,0.9270271439252108
19,bernoulli,54,none,0.7,1.0,pca,none,,5,0.4272069422630601,0.5991199629458083,0.2921944622495477,0.914622443197397
17,bernoulli,54,none,0.7,1.0,pca,none,,4,0.4158559143392532,0.5862161257945802,0.3130757273664876,0.8912393666030984
21,bernoulli,54,none,0.7,1.0,pca,none,,4,0.4290307661575189,0.611649885179297,0.3105158640414731,0.8991816391828698
43,bernoulli,54,none,0.7,1.0,pca,none,,5,0.4320707120342595,0.5621726700971984,0.2485469822796142,0.956287420985654
12,bernoulli,54,none,0.7,1.0,pca,none,,5,0.4336872859107145,0.5633119126589275,0.3249018952045835,0.8681221846326389
35,bernoulli,54,none,0.7,1.0,pca,none,,5,0.4271166447309834,0.5710507496547643,0.2947722048900887,0.9068709935897435
23,bernoulli,54,none,0.7,1.0,pca,none,,4,0.4259789559053524,0.5645248879234644,0.2862541149918074,0.92387714663144
13,bernoulli,54,none,0.7,1.0,pca,none,,4,0.4258956580485519,0.5835814140601429,0.3134455680379284,0.8951949570009183
2,bernoulli,54,none,0.7,1.0,pca,none,,7,0.4171758778699836,0.5685737179487179,0.2738719622122732,0.9285927889154056
10,bernoulli,54,none,0.7,1.0,pca,none,,7,0.4349144248262627,0.6059550971258357,0.2894608485006106,0.9305315315315316
47,bernoulli,54,none,0.7,1.0,pca,none,,4,0.4390619189709929,0.555984778597786,0.3129177996089623,0.8962232558139536
26,bernoulli,54,none,0.7,1.0,pca,none,,5,0.4331697332448072,0.5890995303631978,0.2988145488572227,0.9174037994998694
0,bernoulli,54,none,0.7,1.0,pca,none,,15,0.4453219027948669,0.5385512246152864,0.3142639799680487,0.9021979228421492
45,bernoulli,54,none,0.7,1.0,pca,none,,4,0.4121714359938945,0.5965221591595218,0.3191999209915089,0.8970212936640445
22,bernoulli,54,none,0.7,1.0,pca,none,,4,0.4187232186877359,0.612840306726365,0.2962187993644884,0.913769624907936
16,bernoulli,54,none,0.7,1.0,pca,none,,5,0.4415825348322705,0.5626870851589953,0.3173175099022263,0.8889419727281775
49,bernoulli,54,none,0.7,1.0,pca,none,,4,0.4558345418538607,0.5219218917470525,0.3067731753045641,0.912843537414966
39,bernoulli,54,none,0.7,1.0,pca,none,,5,0.4373129887749193,0.5935825578116187,0.3169690060791738,0.8962763187466768
28,bernoulli,54,none,0.7,1.0,pca,none,,5,0.4368223493936309,0.5555407184143759,0.3255550697124669,0.8846266161839932
6,bernoulli,54,none,0.7,1.0,pca,none,,6,0.4234724881965222,0.5987427002527674,0.2924745587753279,0.9268030574405288
1,bernoulli,54,none,0.7,1.0,pca,none,,4,0.4107504219394311,0.5980605857366419,0.3077595820178643,0.9111640049140048
18,bernoulli,54,none,0.7,1.0,pca,none,,5,0.4139471793179896,0.6493075720348447,0.3110447377596018,0.9085343288780532
44,bernoulli,54,none,0.7,1.0,pca,none,,4,0.4226768784768549,0.5922649119082998,0.2918747885987131,0.9183397534493946
37,bernoulli,54,none,0.7,1.0,pca,none,,4,0.430896462774952,0.5496404226144087,0.2653787677756165,0.9373142922327302
14,bernoulli,54,none,0.7,1.0,pca,none,,5,0.4228133785636215,0.6202455120992796,0.288811858515965,0.9221170614820264
38,bernoulli,54,none,0.7,1.0,pca,none,,6,0.4216875790259102,0.610056258790436,0.2814860016042363,0.927803283467108
7,bernoulli,54,none,0.7,1.0,pca,none,,8,0.4447080961002982,0.5335590964256351,0.2965660244136366,0.9152198651275444
3,bernoulli,54,none,0.7,1.0,pca,none,,6,0.4336033038212304,0.5930641235469386,0.3338182716692027,0.8652355072463769
40,bernoulli,54,none,0.7,1.0,pca,none,,8,0.4460686404348215,0.5749618644067797,0.2999760886438267,0.923041393679243
30,bernoulli,54,none,0.7,1.0,pca,none,,5,0.4323096463091458,0.5456316159597305,0.2920827820745935,0.9216224225878296
8,bernoulli,54,none,0.7,1.0,pca,none,,8,0.4277789645708363,0.564553669222344,0.3130219511349608,0.906450020353898
32,bernoulli,54,none,0.7,1.0,pca,none,,4,0.4309984323413334,0.5748028959596692,0.2916383672790856,0.9172987617792911
15,bernoulli,54,none,0.7,1.0,pca,none,,6,0.4167930610003162,0.5468286099865047,0.2548613996024813,0.9531458401138488
24,bernoulli,54,none,0.7,1.0,pca,none,,5,0.4196148836963566,0.5514748582359773,0.3100011697293331,0.9001653491585313
29,bernoulli,54,none,0.7,1.0,pca,none,,4,0.4239852367959613,0.5779844059783438,0.3038355580855454,0.9063357766286636
11,bernoulli,54,none,0.7,1.0,pca,none,,7,0.4292773803783123,0.6045077948818511,0.3014248365739523,0.9036444792122036
5,bernoulli,54,none,0.7,1.0,pca,none,,15,0.4339308759812029,0.6347790800822906,0.3050888303863918,0.9066137427054308
33,bernoulli,54,none,0.7,1.0,pca,none,,4,0.4395232081160686,0.5431452922077923,0.2969735759907774,0.9163552566018932
20,bernoulli,54,none,0.7,1.0,pca,none,,5,0.407004060038437,0.5577688680577124,0.2635821578366141,0.9447946230171824
42,bernoulli,54,none,0.7,1.0,pca,none,,5,0.4267991000178053,0.5889498769723144,0.3060970225994113,0.9133708438034888
25,bernoulli,54,none,0.7,1.0,pca,none,,5,0.4151916223516879,0.5286750483558994,0.2503989880336096,0.9590070921985816
46,bernoulli,54,none,0.7,1.0,pca,none,,6,0.4289079878030116,0.6006405279503106,0.2870024397610096,0.9254513477621048
27,bernoulli,54,none,0.7,1.0,pca,none,,5,0.4259861269458239,0.5974295122790346,0.3015040345910475,0.9132876724220248
31,bernoulli,54,none,0.7,1.0,pca,none,,6,0.4327253804853502,0.5574997716269298,0.3199118574201958,0.892427294798285
4,bernoulli,54,none,0.7,1.0,pca,none,,15,0.4421981190191573,0.5964660686969824,0.2948116829258115,0.9230239854265764
9,bernoulli,54,none,0.7,1.0,pca,none,,8,0.4562395035829658,0.5819791367594985,0.3287085498489638,0.8947828350438792
34,bernoulli,54,none,0.7,1.0,pca,none,,5,0.4177910970885174,0.6014622370099818,0.292232070420177,0.9292391915522024
41,bernoulli,54,none,0.7,1.0,pca,none,,4,0.4249118012182583,0.5653869937132846,0.2908865751324805,0.9174987026466008
19,bernoulli,54,none,0.7,1.0,pca,none,,6,0.42871787167722,0.5868920796665124,0.2955381258124037,0.9124883470122652
36,bernoulli,54,none,0.7,1.0,pca,none,,8,0.4449125803042735,0.5719825173893346,0.3408586759208175,0.8620990005462302
48,bernoulli,54,none,0.7,1.0,pca,none,,5,0.4296016433944117,0.5970281306715063,0.3184157947558961,0.8923425630972801
35,bernoulli,54,none,0.7,1.0,pca,none,,6,0.4283141644093565,0.5683381830735846,0.2866252788387627,0.9167067307692308
17,bernoulli,54,none,0.7,1.0,pca,none,,5,0.4174488613366258,0.6037693766031003,0.310694833212736,0.9066993078917482
43,bernoulli,54,none,0.7,1.0,pca,none,,6,0.4295787500265852,0.5569811320754718,0.249114756576464,0.9561692037022872
23,bernoulli,54,none,0.7,1.0,pca,none,,5,0.4317373107057097,0.5841613902112123,0.2915749774728429,0.9266715780916572
47,bernoulli,54,none,0.7,1.0,pca,none,,5,0.4379845898662989,0.5747442133512244,0.3157289697291356,0.8977984496124032
2,bernoulli,54,none,0.7,1.0,pca,none,,8,0.4176804091647799,0.6144711538461539,0.2750083759506148,0.9237259811308584
10,bernoulli,54,none,0.7,1.0,pca,none,,8,0.438207820106146,0.5851277054219349,0.3017720833277246,0.9180765765765764
21,bernoulli,54,none,0.7,1.0,pca,none,,5,0.4311819098801813,0.6221206500618266,0.312178243455941,0.9037759455246536
12,bernoulli,54,none,0.7,1.0,pca,none,,6,0.4365307766768911,0.5580431177446102,0.3235842459409781,0.8865595671651908
13,bernoulli,54,none,0.7,1.0,pca,none,,5,0.4288946813749896,0.587247309665091,0.3175321843700704,0.897459714452701
26,bernoulli,54,none,0.7,1.0,pca,none,,6,0.4336582857510122,0.5972683094888392,0.3011131932029043,0.9127970525350436
22,bernoulli,54,none,0.7,1.0,pca,none,,5,0.4196142800001285,0.6204930266069683,0.3009162203671796,0.9134676013500984
0,bernoulli,54,none,0.7,1.0,pca,none,,16,0.4458175438761779,0.5581322919910878,0.3187071416128304,0.8995279186702677
39,bernoulli,54,none,0.7,1.0,pca,none,,6,0.4404205185978289,0.5761861957134801,0.3239718841691086,0.8963530617726543
45,bernoulli,54,none,0.7,1.0,pca,none,,5,0.4155558162845353,0.5833051563820795,0.3169656212392874,0.9001900235147832
49,bernoulli,54,none,0.7,1.0,pca,none,,5,0.4560925878423068,0.526078510182208,0.2971336843900922,0.9207120181405896
16,bernoulli,54,none,0.7,1.0,pca,none,,6,0.4433139828203099,0.5475521669341894,0.3177143067699933,0.8863275936432102
6,bernoulli,54,none,0.7,1.0,pca,none,,7,0.4244623492913352,0.574980388738778,0.2977186938490284,0.9194974899725032
28,bernoulli,54,none,0.7,1.0,pca,none,,6,0.440178522528925,0.5610823906449705,0.3318142125481957,0.8764852781246224
18,bernoulli,54,none,0.7,1.0,pca,none,,6,0.4141856676127061,0.6521666294393568,0.3099847179922224,0.9065153032347948
1,bernoulli,54,none,0.7,1.0,pca,none,,5,0.4182451706702678,0.5907444668008046,0.3129584644891935,0.9111128173628174
14,bernoulli,54,none,0.7,1.0,pca,none,,6,0.4242474814954464,0.6217022955885069,0.2870971780898055,0.9241963761177184
38,bernoulli,54,none,0.7,1.0,pca,none,,7,0.4216238263133926,0.6255791346074295,0.2826965273390481,0.9235870368635288
44,bernoulli,54,none,0.7,1.0,pca,none,,5,0.4222681191906239,0.5850222882615157,0.2872125349454605,0.9227317480410706
37,bernoulli,54,none,0.7,1.0,pca,none,,5,0.4297193862181289,0.5506071876017322,0.2644892562232787,0.9429744748578164
7,bernoulli,54,none,0.7,1.0,pca,none,,9,0.4471772785471436,0.5176721606702424,0.2971174730616143,0.915122452323074
3,bernoulli,54,none,0.7,1.0,pca,none,,7,0.4355783322867439,0.5885265852532628,0.3345807868311132,0.8678200483091787
30,bernoulli,54,none,0.7,1.0,pca,none,,6,0.4297815566723712,0.5345094011399807,0.2902762730623839,0.917599145053524
40,bernoulli,54,none,0.7,1.0,pca,none,,9,0.448629540185283,0.5493220338983051,0.3053089919225493,0.9172979893064236
8,bernoulli,54,none,0.7,1.0,pca,none,,9,0.4283899830707171,0.5669404892296459,0.3047976661468874,0.9095507418346224
15,bernoulli,54,none,0.7,1.0,pca,none,,7,0.4118339015617654,0.5246363772679562,0.256251609611108,0.950714427022508
11,bernoulli,54,none,0.7,1.0,pca,none,,8,0.4302006345187801,0.611501944635095,0.3015095081119068,0.9036605848652878
32,bernoulli,54,none,0.7,1.0,pca,none,,5,0.4319475730998705,0.5778067695875915,0.2919473262759163,0.9227611140047184
46,bernoulli,54,none,0.7,1.0,pca,none,,7,0.4325638128899254,0.6031933567377801,0.2845800273758161,0.92954757546391
5,bernoulli,54,none,0.7,1.0,pca,none,,16,0.434371062473591,0.6188777532416059,0.3041963531212212,0.9116870826980704
27,bernoulli,54,none,0.7,1.0,pca,none,,6,0.4250477413402426,0.6038311571290487,0.3027948872785277,0.9146961292394769
24,bernoulli,54,none,0.7,1.0,pca,none,,6,0.4199578203297259,0.5600959896153584,0.3049569039305859,0.9015425037939704
29,bernoulli,54,none,0.7,1.0,pca,none,,5,0.428551455228162,0.5873303339942048,0.306127398142333,0.9112035199901308
31,bernoulli,54,none,0.7,1.0,pca,none,,7,0.4340922093780467,0.5637983009043573,0.3185991542707654,0.8941629216385144
42,bernoulli,54,none,0.7,1.0,pca,none,,6,0.4228479327955683,0.61586110776537,0.2994978263128111,0.9151621508430752
33,bernoulli,54,none,0.7,1.0,pca,none,,5,0.4394375098951,0.5530438311688313,0.2978770635975998,0.9212577407644672
20,bernoulli,54,none,0.7,1.0,pca,none,,6,0.4050492183483753,0.5774980941355846,0.2647138141806432,0.9479902316678764
25,bernoulli,54,none,0.7,1.0,pca,none,,6,0.4170225610324514,0.5417150225660864,0.2518307440381854,0.9620609094701712
4,bernoulli,54,none,0.7,1.0,pca,none,,16,0.4429351188366362,0.5739596370463078,0.2952706251781342,0.9148213743548224
34,bernoulli,54,none,0.7,1.0,pca,none,,6,0.4189607310625636,0.60014885047407,0.2882130487914849,0.9326808410724108
19,bernoulli,54,none,0.7,1.0,pca,none,,7,0.4318774510050449,0.5859194071329319,0.2967739560686115,0.9197086296086424
9,bernoulli,54,none,0.7,1.0,pca,none,,9,0.4558305536751434,0.5920566561393434,0.3257616741601907,0.8962826615102386
41,bernoulli,54,none,0.7,1.0,pca,none,,5,0.4226270436404218,0.5826136246521695,0.2862444194516256,0.93188894654904
35,bernoulli,54,none,0.7,1.0,pca,none,,7,0.4316499113577031,0.553597849674492,0.293625032951902,0.9137620192307692
36,bernoulli,54,none,0.7,1.0,pca,none,,9,0.4450459770228667,0.5826026703621778,0.3438026756328136,0.849830963874987
43,bernoulli,54,none,0.7,1.0,pca,none,,7,0.4323108699470597,0.5644196683819325,0.2477476763515268,0.9581788975195232
48,bernoulli,54,none,0.7,1.0,pca,none,,6,0.4309100013241517,0.5906079854809437,0.3191327839965553,0.9011700563587356
47,bernoulli,54,none,0.7,1.0,pca,none,,6,0.4394395275131587,0.5657130576987588,0.3177809814608044,0.8859348837209302
23,bernoulli,54,none,0.7,1.0,pca,none,,6,0.426508483680478,0.5548308453112724,0.2903539572968163,0.9246265623412254
17,bernoulli,54,none,0.7,1.0,pca,none,,6,0.41782777851048,0.6113248578119772,0.3079177357048985,0.905783282264458
2,bernoulli,54,none,0.7,1.0,pca,none,,9,0.4188166956666483,0.5843429487179487,0.277906464861786,0.9241247075517612
10,bernoulli,54,none,0.7,1.0,pca,none,,9,0.4372323443608927,0.596686155211205,0.2908956549244891,0.9202162162162162
26,bernoulli,54,none,0.7,1.0,pca,none,,7,0.4353265247700986,0.6021958693720647,0.3052316233088878,0.9096885647103988
22,bernoulli,54,none,0.7,1.0,pca,none,,6,0.4203841215749658,0.6226287890484279,0.2950329602950256,0.91568244077424
21,bernoulli,54,none,0.7,1.0,pca,none,,6,0.4322474085507833,0.6069289878113409,0.30942388735905,0.9003097054721471
12,bernoulli,54,none,0.7,1.0,pca,none,,7,0.4368071860643664,0.560329141330385,0.3275401034079875,0.8822398461908194
13,bernoulli,54,none,0.7,1.0,pca,none,,6,0.4278145458041555,0.5805340440510912,0.3221633864554165,0.8976214828421141
0,bernoulli,54,none,0.7,1.0,pca,none,,17,0.4447712704480968,0.5716641511543407,0.3126311622974734,0.890613266583229
39,bernoulli,54,none,0.7,1.0,pca,none,,7,0.4399507036824955,0.5705328186689228,0.3086255455537581,0.909750201450443
45,bernoulli,54,none,0.7,1.0,pca,none,,6,0.4163356141375842,0.5867829972225577,0.3211821172292506,0.9048779387211768
16,bernoulli,54,none,0.7,1.0,pca,none,,7,0.4442791577625508,0.5440599106329443,0.3167153249968497,0.8902226203510167
49,bernoulli,54,none,0.7,1.0,pca,none,,6,0.4561864103133606,0.5345290728831726,0.2976743827763446,0.9132380952380952
6,bernoulli,54,none,0.7,1.0,pca,none,,8,0.4274561425628333,0.5776170138586245,0.2972621150567745,0.9242804167402436
18,bernoulli,54,none,0.7,1.0,pca,none,,7,0.4169020186766322,0.6540652222470404,0.3075827564165018,0.9127410858113107
14,bernoulli,54,none,0.7,1.0,pca,none,,7,0.4255781651802995,0.5879989588406187,0.2865760936861617,0.9252788224464212
28,bernoulli,54,none,0.7,1.0,pca,none,,7,0.4394118395591527,0.554577364033498,0.3255067656974115,0.8882466669351916
7,bernoulli,54,none,0.7,1.0,pca,none,,10,0.4452341077636088,0.5248991896018479,0.2964990267946698,0.9169157334962784
38,bernoulli,54,none,0.7,1.0,pca,none,,8,0.4224532191488118,0.624431207081989,0.2815435652341157,0.9227489927855336
1,bernoulli,54,none,0.7,1.0,pca,none,,6,0.4169894359060087,0.6045774647887324,0.3065943105916272,0.9146447583947585
3,bernoulli,54,none,0.7,1.0,pca,none,,8,0.4357754915608552,0.5909238742708465,0.3345676370793233,0.8712500000000001
44,bernoulli,54,none,0.7,1.0,pca,none,,6,0.4234044642775725,0.6057270218637232,0.293041207572219,0.9143424939088298
30,bernoulli,54,none,0.7,1.0,pca,none,,7,0.4308354389254817,0.5315391590791324,0.290457914375007,0.918115525540628
37,bernoulli,54,none,0.7,1.0,pca,none,,6,0.4323335324738915,0.5397014866477918,0.267154413818232,0.9355977685191724
40,bernoulli,54,none,0.7,1.0,pca,none,,10,0.448614576647508,0.5681991525423729,0.3056980760071118,0.9171674573888596
15,bernoulli,54,none,0.7,1.0,pca,none,,8,0.4125858102034654,0.5223796671165092,0.2608803943575312,0.9479447858633432
8,bernoulli,54,none,0.7,1.0,pca,none,,10,0.4282587573363595,0.5993884629426799,0.3068333160074724,0.9134439661519008
11,bernoulli,54,none,0.7,1.0,pca,none,,9,0.4309041225683209,0.6030779161355689,0.3035410807771249,0.9070933897798128
27,bernoulli,54,none,0.7,1.0,pca,none,,7,0.4263594140442013,0.5761357492750536,0.3037481867771424,0.9128406121687196
46,bernoulli,54,none,0.7,1.0,pca,none,,8,0.4314278470843504,0.5854332635700783,0.2895140600479737,0.9276273285237427
32,bernoulli,54,none,0.7,1.0,pca,none,,6,0.4314071230825994,0.5731278136148761,0.2910240351338576,0.9251771544121188
42,bernoulli,54,none,0.7,1.0,pca,none,,7,0.425553252044737,0.6061866579486208,0.2988367889744007,0.9099657671437416
31,bernoulli,54,none,0.7,1.0,pca,none,,8,0.4338870560024203,0.5841509089248196,0.3190871970232605,0.8842347228679168
5,bernoulli,54,none,0.7,1.0,pca,none,,17,0.4355603716345733,0.6180048317384821,0.3047936083579038,0.8998159928500078
33,bernoulli,54,none,0.7,1.0,pca,none,,6,0.4425807787823215,0.5436931818181818,0.2979395126817347,0.9196562032884904
29,bernoulli,54,none,0.7,1.0,pca,none,,6,0.4262093308140298,0.5677424889431143,0.3044230218012155,0.9060119457608996
19,bernoulli,54,none,0.7,1.0,pca,none,,8,0.4312595221256031,0.5905006526590593,0.2902790836077212,0.9166034511122892
24,bernoulli,54,none,0.7,1.0,pca,none,,7,0.4206035138348916,0.5697803511648561,0.3120228462443823,0.8936555754377223
20,bernoulli,54,none,0.7,1.0,pca,none,,7,0.4027832001653609,0.560768839822684,0.2698038629895098,0.9406364816403758
25,bernoulli,54,none,0.7,1.0,pca,none,,7,0.41480228626344,0.5491295938104448,0.2498583615928787,0.9566124322069252
34,bernoulli,54,none,0.7,1.0,pca,none,,7,0.4208547122485295,0.6180734495784654,0.2876745487134673,0.93014131153416
4,bernoulli,54,none,0.7,1.0,pca,none,,17,0.4440889615329619,0.5371471283548881,0.2945867238306003,0.9205394190871368
9,bernoulli,54,none,0.7,1.0,pca,none,,10,0.4565417284617176,0.5892908412288256,0.3259307403997321,0.8945287322128017
35,bernoulli,54,none,0.7,1.0,pca,none,,8,0.4319785336000053,0.557457092128625,0.2906596034994356,0.9109308226495728
43,bernoulli,54,none,0.7,1.0,pca,none,,8,0.4318299719693035,0.5555231560891938,0.248565724409741,0.9579494169106348
41,bernoulli,54,none,0.7,1.0,pca,none,,6,0.4193562801634481,0.6225239616613419,0.288523842275961,0.9279605604566684
36,bernoulli,54,none,0.7,1.0,pca,none,,10,0.4456035265356671,0.5660261706153559,0.333987587361196,0.8763821840353132
23,bernoulli,54,none,0.7,1.0,pca,none,,7,0.4325290013110076,0.5597009751814023,0.2869579408876599,0.9240168682044508
10,bernoulli,54,none,0.7,1.0,pca,none,,10,0.437326890893742,0.6186820673701556,0.2907762503053214,0.9169211711711712
2,bernoulli,54,none,0.7,1.0,pca,none,,10,0.420777447297669,0.5919871794871796,0.2723864655254516,0.9287745612543464
48,bernoulli,54,none,0.7,1.0,pca,none,,7,0.432254130867171,0.5857361615245009,0.3188144146589359,0.8959384954667973
47,bernoulli,54,none,0.7,1.0,pca,none,,7,0.4416853773304377,0.5556231130493123,0.3132826778921563,0.8990573643410853
17,bernoulli,54,none,0.7,1.0,pca,none,,7,0.4177766875594931,0.5987621278019405,0.3090400968672662,0.8945017034862541
22,bernoulli,54,none,0.7,1.0,pca,none,,7,0.4206952447604807,0.6284596778343884,0.2962829181836219,0.9071171586471464
26,bernoulli,54,none,0.7,1.0,pca,none,,8,0.4340647810950874,0.5978440225570727,0.3043073581363789,0.9086595112795988
21,bernoulli,54,none,0.7,1.0,pca,none,,7,0.4316082247488221,0.6092474827768946,0.3096754094255173,0.9001866436951349
12,bernoulli,54,none,0.7,1.0,pca,none,,8,0.4369753348266255,0.57026211534918,0.3244862429651908,0.8806869650416875
13,bernoulli,54,none,0.7,1.0,pca,none,,7,0.4278890948279551,0.5590867947299608,0.3191018019073033,0.8952732320280538
39,bernoulli,54,none,0.7,1.0,pca,none,,8,0.4409520504643945,0.5722336787930062,0.3129590477584616,0.9039999561468424
0,bernoulli,54,none,0.7,1.0,pca,none,,18,0.445779204499278,0.5501984459723852,0.3189932241153674,0.8950991370792438
18,bernoulli,54,none,0.7,1.0,pca,none,,8,0.4164484485765409,0.6419365646638373,0.3047895749598964,0.9108798815795202
16,bernoulli,54,none,0.7,1.0,pca,none,,8,0.4436079160464705,0.5563804173354735,0.3190113015714036,0.8854052619355695
6,bernoulli,54,none,0.7,1.0,pca,none,,9,0.4277146217279072,0.5914157151573259,0.2983657900551851,0.9189929618324464
45,bernoulli,54,none,0.7,1.0,pca,none,,7,0.4173085355023314,0.5969750030189591,0.3185356915655566,0.900962150725248
49,bernoulli,54,none,0.7,1.0,pca,none,,7,0.4562498242887394,0.5381162915326902,0.2991206538701224,0.922875283446712
14,bernoulli,54,none,0.7,1.0,pca,none,,8,0.4261642798036299,0.6086626139817629,0.2912112097224006,0.9203708072551658
38,bernoulli,54,none,0.7,1.0,pca,none,,9,0.4238870992809536,0.6114420451724993,0.2820758879358431,0.9215830184161488
7,bernoulli,54,none,0.7,1.0,pca,none,,11,0.447677555875405,0.5177230552401832,0.296117267328943,0.9192934914963048
3,bernoulli,54,none,0.7,1.0,pca,none,,9,0.4368189551733004,0.5730045322925846,0.3341064899125381,0.8645712560386474
30,bernoulli,54,none,0.7,1.0,pca,none,,8,0.4312527670287772,0.5299753867791842,0.2895679179326336,0.9262563761764496
1,bernoulli,54,none,0.7,1.0,pca,none,,7,0.4170386223768464,0.6009892689470153,0.3042196202669788,0.9163646601146602
44,bernoulli,54,none,0.7,1.0,pca,none,,7,0.4246441768081236,0.6032689450222882,0.2895405270592522,0.919006719570238
28,bernoulli,54,none,0.7,1.0,pca,none,,8,0.4395851445575058,0.5553404170084508,0.3250626072735821,0.8883423289160994
37,bernoulli,54,none,0.7,1.0,pca,none,,7,0.4298927510493578,0.5580108317138376,0.2605689827205668,0.9379552726067804
15,bernoulli,54,none,0.7,1.0,pca,none,,9,0.4149295258431668,0.5630604288499026,0.2589004276981556,0.9490807216383002
11,bernoulli,54,none,0.7,1.0,pca,none,,10,0.4320970771403776,0.6173195084485407,0.2999530263722647,0.9085060856360584
27,bernoulli,54,none,0.7,1.0,pca,none,,8,0.4279088748691746,0.591912547715395,0.299671404409315,0.9121721919841662
40,bernoulli,54,none,0.7,1.0,pca,none,,11,0.4481771584007766,0.5320805084745763,0.3011472630123235,0.9233827848482566
31,bernoulli,54,none,0.7,1.0,pca,none,,9,0.4349610190355064,0.5552434456928839,0.317392613186269,0.8912547135699158
8,bernoulli,54,none,0.7,1.0,pca,none,,11,0.4290122187881746,0.5746987951807229,0.3105146403347218,0.9060602648605108
46,bernoulli,54,none,0.7,1.0,pca,none,,9,0.4338950236004573,0.5954293815825007,0.2881816381777859,0.9154418362585692
42,bernoulli,54,none,0.7,1.0,pca,none,,8,0.427270454802133,0.5969939948724126,0.3001601382852134,0.9089870352161404
5,bernoulli,54,none,0.7,1.0,pca,none,,18,0.436303546319119,0.620345205065776,0.3050391661987832,0.9081699174596498
33,bernoulli,54,none,0.7,1.0,pca,none,,7,0.4403255026462991,0.559955357142857,0.2994291954919318,0.9184683963271408
19,bernoulli,54,none,0.7,1.0,pca,none,,9,0.4308475095026381,0.5950650553707524,0.2911070993529131,0.92023415650648
32,bernoulli,54,none,0.7,1.0,pca,none,,7,0.4338226401547173,0.5665362035225049,0.2894749405396727,0.9181916462776782
29,bernoulli,54,none,0.7,1.0,pca,none,,7,0.4284839767967783,0.5802958670123533,0.3058203641877062,0.9078007257923576
34,bernoulli,54,none,0.7,1.0,pca,none,,8,0.4196757105167714,0.6055775148225051,0.291297596779197,0.9316489641067468
20,bernoulli,54,none,0.7,1.0,pca,none,,8,0.4052546301464859,0.5581218059124149,0.2628878628725957,0.9430620641101798
25,bernoulli,54,none,0.7,1.0,pca,none,,8,0.4186800136725406,0.5665377176015474,0.2579105508635917,0.9514726741760534
35,bernoulli,54,none,0.7,1.0,pca,none,,9,0.4318081284794649,0.5537951272440323,0.2934239221261053,0.911925747863248
24,bernoulli,54,none,0.7,1.0,pca,none,,8,0.4226709204646736,0.5536781785885085,0.3087630592124918,0.8941538879702825
4,bernoulli,54,none,0.7,1.0,pca,none,,18,0.4437584950077211,0.5727819496592964,0.2946128742229722,0.9150642647505314
23,bernoulli,54,none,0.7,1.0,pca,none,,8,0.4280609904421504,0.5900425197578221,0.2899316402549529,0.9237818819225688
9,bernoulli,54,none,0.7,1.0,pca,none,,11,0.4570012694086604,0.5830127284907647,0.3271475606878117,0.8941258862610937
10,bernoulli,54,none,0.7,1.0,pca,none,,11,0.4380493121541142,0.6083119434673765,0.2902833057913506,0.9243063063063064
43,bernoulli,54,none,0.7,1.0,pca,none,,9,0.4336265345370603,0.5631217838765009,0.247242343704493,0.9584918256225532
41,bernoulli,54,none,0.7,1.0,pca,none,,7,0.4233031295466926,0.5753581366587653,0.2871663043613403,0.9190477426050856
2,bernoulli,54,none,0.7,1.0,pca,none,,11,0.4211195256655005,0.5902190170940171,0.2744506730063233,0.9264642934626458
47,bernoulli,54,none,0.7,1.0,pca,none,,8,0.4416773647086344,0.5664521133847702,0.3132011415795097,0.8886139534883721
36,bernoulli,54,none,0.7,1.0,pca,none,,11,0.447273104409394,0.5814100684913254,0.3353310811492971,0.8680853890783471
22,bernoulli,54,none,0.7,1.0,pca,none,,8,0.4216211226177873,0.589213113066749,0.2967730146207188,0.9073317543329784
48,bernoulli,54,none,0.7,1.0,pca,none,,8,0.4338739537935603,0.5695496823956443,0.3199861771608109,0.8879135015927468
26,bernoulli,54,none,0.7,1.0,pca,none,,9,0.4354600691571709,0.5900786958965711,0.2975831870772416,0.915836225879894
17,bernoulli,54,none,0.7,1.0,pca,none,,8,0.4188353565390848,0.6029329764692762,0.3091613884605526,0.895208810988022
21,bernoulli,54,none,0.7,1.0,pca,none,,8,0.432876405921303,0.6080771948419008,0.3085642208988631,0.9037400525063582
39,bernoulli,54,none,0.7,1.0,pca,none,,9,0.4405262877092872,0.5434468415115622,0.3252719181777069,0.8854829603074106
13,bernoulli,54,none,0.7,1.0,pca,none,,8,0.4295931278978204,0.577552046665996,0.3166761071696915,0.8964264840945145
12,bernoulli,54,none,0.7,1.0,pca,none,,9,0.4387017162632027,0.558428920213746,0.3253549063908377,0.8766137331386069
18,bernoulli,54,none,0.7,1.0,pca,none,,9,0.4171587680538044,0.6427071699798973,0.3066566608876751,0.9112336192259132
6,bernoulli,54,none,0.7,1.0,pca,none,,10,0.427489711514975,0.6022999651355355,0.2961398861252465,0.9233419943997376
0,bernoulli,54,none,0.7,1.0,pca,none,,19,0.446372927876419,0.5381319725609512,0.3136023034533924,0.9094921283182926
45,bernoulli,54,none,0.7,1.0,pca,none,,8,0.4198537017131192,0.597439922714648,0.3257295041417511,0.8999593881142548
38,bernoulli,54,none,0.7,1.0,pca,none,,10,0.4258712008592035,0.6238779266981055,0.2868209090381076,0.9190532704540012
16,bernoulli,54,none,0.7,1.0,pca,none,,9,0.4446503250120882,0.551353520454644,0.3187224184519516,0.8926445705185627
14,bernoulli,54,none,0.7,1.0,pca,none,,9,0.428027849242782,0.5889813430956019,0.2870464255942145,0.9280774550484094
7,bernoulli,54,none,0.7,1.0,pca,none,,12,0.4468877270360072,0.5272559996868026,0.2953684501527124,0.9181422492616552
3,bernoulli,54,none,0.7,1.0,pca,none,,10,0.4372176553552854,0.5938772084434932,0.3349175828285402,0.8644202898550725
49,bernoulli,54,none,0.7,1.0,pca,none,,8,0.4553615358819279,0.5443662915326902,0.3019995723991335,0.920625850340136
30,bernoulli,54,none,0.7,1.0,pca,none,,9,0.431832594494106,0.5581926863572433,0.2894792259278476,0.923467921546088
1,bernoulli,54,none,0.7,1.0,pca,none,,8,0.420493442203039,0.5927006483344511,0.3069677127003922,0.9142250204750204
15,bernoulli,54,none,0.7,1.0,pca,none,,10,0.4158966718220431,0.5419553156395261,0.2550535105444032,0.9519205610756928
44,bernoulli,54,none,0.7,1.0,pca,none,,8,0.4252093788101723,0.5879049034175334,0.2931272459452463,0.917954092767274
11,bernoulli,54,none,0.7,1.0,pca,none,,11,0.4318650641726855,0.6244974997548779,0.3006880231768303,0.9076409819846766
37,bernoulli,54,none,0.7,1.0,pca,none,,8,0.4305213466850129,0.5708500626424252,0.2607937451083891,0.9387374859446042
28,bernoulli,54,none,0.7,1.0,pca,none,,9,0.4387720722232737,0.554148146735087,0.323550143874892,0.8821293349981876
27,bernoulli,54,none,0.7,1.0,pca,none,,9,0.4302857828815067,0.5546945395566769,0.3048843579250074,0.9095636171080844
46,bernoulli,54,none,0.7,1.0,pca,none,,10,0.4337621310348834,0.5833699027815284,0.2876805831961123,0.9173575966404652
31,bernoulli,54,none,0.7,1.0,pca,none,,10,0.4359679132879668,0.5699278341098017,0.321070704131989,0.87974068908518
40,bernoulli,54,none,0.7,1.0,pca,none,,12,0.4499639549654254,0.5665338983050847,0.3066058047989304,0.9173833370986773
8,bernoulli,54,none,0.7,1.0,pca,none,,12,0.4308082010654303,0.598690215407083,0.3118959788297754,0.905449647920871
42,bernoulli,54,none,0.7,1.0,pca,none,,9,0.4271161911893086,0.6100710635442298,0.3024735095901653,0.9123283804945554
19,bernoulli,54,none,0.7,1.0,pca,none,,10,0.4322497699917854,0.59631142363889,0.2949252096833928,0.9170947045167894
33,bernoulli,54,none,0.7,1.0,pca,none,,8,0.4414929161399907,0.5280925324675325,0.2995159112806642,0.9111880738842624
5,bernoulli,54,none,0.7,1.0,pca,none,,19,0.435729702608656,0.6406771983466395,0.3038618320081909,0.9010356973870984
32,bernoulli,54,none,0.7,1.0,pca,none,,8,0.4329518902792098,0.5954635870922019,0.2924974210535782,0.9208046465008994
35,bernoulli,54,none,0.7,1.0,pca,none,,10,0.4339042960518898,0.5564028901163938,0.294073716820276,0.9167067307692308
34,bernoulli,54,none,0.7,1.0,pca,none,,9,0.42285367687657,0.610149350811798,0.293909875501613,0.9268232400936722
29,bernoulli,54,none,0.7,1.0,pca,none,,8,0.4294717073436574,0.5980869681256673,0.3051631833337236,0.9191810677166324
23,bernoulli,54,none,0.7,1.0,pca,none,,9,0.4310377580008542,0.5807644312982392,0.2911161594702868,0.9208985367340716
25,bernoulli,54,none,0.7,1.0,pca,none,,9,0.4198071345215993,0.5868310767246938,0.2462662818652572,0.960200250312891
20,bernoulli,54,none,0.7,1.0,pca,none,,9,0.40830464902997,0.5654417370189456,0.2676461126453194,0.9378918883242032
4,bernoulli,54,none,0.7,1.0,pca,none,,19,0.4444306157447589,0.5637341816159088,0.2933366881028792,0.9173438923185911
10,bernoulli,54,none,0.7,1.0,pca,none,,12,0.4427161403042441,0.6032100643280414,0.2963683799839327,0.9195855855855856
24,bernoulli,54,none,0.7,1.0,pca,none,,9,0.4245404879814816,0.5615221698435472,0.3098342083583792,0.900582119640309
43,bernoulli,54,none,0.7,1.0,pca,none,,10,0.4338418233732922,0.5532818753573471,0.2480872038849619,0.956224835365048
2,bernoulli,54,none,0.7,1.0,pca,none,,12,0.4229918637000471,0.5683333333333335,0.2713066864331092,0.9285986525392422
47,bernoulli,54,none,0.7,1.0,pca,none,,9,0.4402387590029259,0.5645232304595773,0.3142653787388432,0.8872310077519379
9,bernoulli,54,none,0.7,1.0,pca,none,,12,0.4571852791263563,0.6112163843429993,0.3281882429483199,0.8876741534037385
22,bernoulli,54,none,0.7,1.0,pca,none,,9,0.4235519353081804,0.6328083989501313,0.2988303938636166,0.912111144669284
36,bernoulli,54,none,0.7,1.0,pca,none,,12,0.4460585017399909,0.5672520853876288,0.3321699413779984,0.8729571725940033
41,bernoulli,54,none,0.7,1.0,pca,none,,8,0.4278492359636909,0.5731887045243739,0.2920400267741969,0.9309989621172806
26,bernoulli,54,none,0.7,1.0,pca,none,,10,0.4369257666597965,0.5863977587988902,0.2994630961321814,0.9132822538936074
17,bernoulli,54,none,0.7,1.0,pca,none,,9,0.4210435303022818,0.606300881008141,0.3057865104749102,0.8929749941074374
48,bernoulli,54,none,0.7,1.0,pca,none,,9,0.4339509128748635,0.5961603901996371,0.3198838273038243,0.8967164910561136
39,bernoulli,54,none,0.7,1.0,pca,none,,10,0.4419761455893254,0.564544557247603,0.3216724716887339,0.8810154198665767
21,bernoulli,54,none,0.7,1.0,pca,none,,9,0.4348816174526956,0.5997659424130013,0.3087951509960034,0.903314463860858
18,bernoulli,54,none,0.7,1.0,pca,none,,10,0.418560731873545,0.6390663390663391,0.3040945813033682,0.9073152945274064
13,bernoulli,54,none,0.7,1.0,pca,none,,9,0.430225122676825,0.5780699989942673,0.3182060832170131,0.8940208315938883
12,bernoulli,54,none,0.7,1.0,pca,none,,10,0.4386880615182955,0.5672275198083656,0.3251050760895487,0.8763610818405339
6,bernoulli,54,none,0.7,1.0,pca,none,,11,0.4277715971615131,0.6194162381242918,0.2924024958792006,0.925390378648369
0,bernoulli,54,none,0.7,1.0,pca,none,,20,0.4461228209207448,0.5562037325411466,0.3150509784145385,0.892084403750302
38,bernoulli,54,none,0.7,1.0,pca,none,,11,0.4267710982639917,0.5987476214114338,0.2828787689126475,0.9276054842437302
14,bernoulli,54,none,0.7,1.0,pca,none,,10,0.4283779302095545,0.5983097952946312,0.2862891333287542,0.9304505104613348
45,bernoulli,54,none,0.7,1.0,pca,none,,9,0.4189976835084396,0.5822062552831783,0.3239247816298675,0.8988062111116125
7,bernoulli,54,none,0.7,1.0,pca,none,,13,0.4473976540075107,0.5382413968601965,0.2990950844292231,0.917597623127571
3,bernoulli,54,none,0.7,1.0,pca,none,,11,0.4386239090985017,0.5708537915984724,0.3357619558820253,0.8626871980676329
30,bernoulli,54,none,0.7,1.0,pca,none,,10,0.4351753052626318,0.5217077503886298,0.2909476565668669,0.9267862274588692
16,bernoulli,54,none,0.7,1.0,pca,none,,10,0.444719940927002,0.5710435555941173,0.317251371896241,0.901668823197638
49,bernoulli,54,none,0.7,1.0,pca,none,,9,0.4551735806529603,0.5415661843515541,0.2994532311307707,0.9137278911564626
15,bernoulli,54,none,0.7,1.0,pca,none,,11,0.4185589518220799,0.5277702804018594,0.2591132526587179,0.9509760751504476
11,bernoulli,54,none,0.7,1.0,pca,none,,12,0.4330712684451646,0.6251756708174004,0.3006947628373909,0.9110737868992016
27,bernoulli,54,none,0.7,1.0,pca,none,,10,0.4294794619393688,0.602823604580678,0.3051869748923686,0.9104447164422684
1,bernoulli,54,none,0.7,1.0,pca,none,,9,0.4182194465974024,0.6325732170802594,0.3064244230990267,0.9051904176904176
44,bernoulli,54,none,0.7,1.0,pca,none,,9,0.4276199710386322,0.5859859902356188,0.2954673522561115,0.9249595056283776
37,bernoulli,54,none,0.7,1.0,pca,none,,9,0.4328495374731514,0.5650445402440588,0.2607918167030531,0.9376891027904376
31,bernoulli,54,none,0.7,1.0,pca,none,,11,0.4363318413257711,0.5697451356536036,0.3193275847202939,0.8866883620021696
46,bernoulli,54,none,0.7,1.0,pca,none,,11,0.4334497986075237,0.6085353092087497,0.2878421074863146,0.9236163454290944
28,bernoulli,54,none,0.7,1.0,pca,none,,10,0.4397759163350849,0.5747028862478778,0.3248982031661271,0.8878388448060579
42,bernoulli,54,none,0.7,1.0,pca,none,,10,0.4290346735066715,0.59974276029389,0.3015762573029402,0.9053998688954442
8,bernoulli,54,none,0.7,1.0,pca,none,,13,0.4286691388932234,0.6066219423147134,0.3091198263819031,0.9120235239093342
19,bernoulli,54,none,0.7,1.0,pca,none,,11,0.4336697967100158,0.5766516484904627,0.2913316636345007,0.9224230902809512
40,bernoulli,54,none,0.7,1.0,pca,none,,13,0.4493312528960138,0.5795805084745763,0.3015342180301895,0.915294826417652
33,bernoulli,54,none,0.7,1.0,pca,none,,9,0.4439099124433764,0.5499837662337663,0.2965511764438714,0.917734358317318
35,bernoulli,54,none,0.7,1.0,pca,none,,11,0.4325412313289281,0.5614457979877687,0.2880086504180155,0.9109375
34,bernoulli,54,none,0.7,1.0,pca,none,,10,0.4241855889385942,0.6306256723288219,0.2920962502284904,0.9329063710679
23,bernoulli,54,none,0.7,1.0,pca,none,,10,0.4306563811363229,0.579551231686463,0.2965089649562699,0.9182946346915964
5,bernoulli,54,none,0.7,1.0,pca,none,,20,0.4369002215973145,0.6272153332200894,0.3036797682293506,0.9137269333894118
29,bernoulli,54,none,0.7,1.0,pca,none,,9,0.4285646680031879,0.5993165700777796,0.3045970831497182,0.9069731580191832
32,bernoulli,54,none,0.7,1.0,pca,none,,9,0.4326733451543592,0.589685358330716,0.2916944765842731,0.9260350238321378
47,bernoulli,54,none,0.7,1.0,pca,none,,10,0.4425499370921423,0.5709912780945992,0.3155776465179492,0.8999441860465116
25,bernoulli,54,none,0.7,1.0,pca,none,,10,0.4208852318907029,0.5850580270793038,0.250258431375484,0.9599833124739258
10,bernoulli,54,none,0.7,1.0,pca,none,,13,0.4394651623242885,0.60382007161644,0.2939287859050628,0.9322342342342342
2,bernoulli,54,none,0.7,1.0,pca,none,,13,0.4230146732209005,0.585443376068376,0.2734362874685379,0.9272617463044512
43,bernoulli,54,none,0.7,1.0,pca,none,,11,0.4334201637106938,0.5731275014293882,0.2468606639876457,0.955126110025521
4,bernoulli,54,none,0.7,1.0,pca,none,,20,0.4444040602559055,0.5565246488666389,0.2930536274346856,0.9223509766217994
20,bernoulli,54,none,0.7,1.0,pca,none,,10,0.4093375436376555,0.5745687099415535,0.2712849907126642,0.9378423866411458
24,bernoulli,54,none,0.7,1.0,pca,none,,10,0.4244482364580157,0.5626579900252784,0.3093084196252054,0.9014179256608305
22,bernoulli,54,none,0.7,1.0,pca,none,,10,0.4240120519429952,0.6015490710719985,0.2972488684323896,0.9092763621527392
26,bernoulli,54,none,0.7,1.0,pca,none,,11,0.4367413414313578,0.6093582839217393,0.3036560180661606,0.9036688687343708
9,bernoulli,54,none,0.7,1.0,pca,none,,13,0.4571046362751719,0.6150110058378794,0.3348130547520861,0.8916964152907928
36,bernoulli,54,none,0.7,1.0,pca,none,,13,0.4471020628527681,0.5527409855288756,0.3346121504100954,0.8649187297931706
41,bernoulli,54,none,0.7,1.0,pca,none,,9,0.4281151004676972,0.5874729465113881,0.2957213850947023,0.9218941359626364
17,bernoulli,54,none,0.7,1.0,pca,none,,10,0.4223179610970383,0.6038474406155906,0.3104830982288929,0.8896055197240139
39,bernoulli,54,none,0.7,1.0,pca,none,,11,0.4425102538736534,0.5751639170896785,0.3139153259051411,0.8983264538692189
48,bernoulli,54,none,0.7,1.0,pca,none,,10,0.4341938917382273,0.5904208257713249,0.3174989810499226,0.9014702278853222
18,bernoulli,54,none,0.7,1.0,pca,none,,11,0.4208605720498747,0.6486318963591691,0.3117882968885828,0.9055792590012626
21,bernoulli,54,none,0.7,1.0,pca,none,,10,0.4353959031455063,0.6053391626921039,0.3085615527582957,0.8935464353105259
6,bernoulli,54,none,0.7,1.0,pca,none,,12,0.4303989416105878,0.5706495685522531,0.2953077911324467,0.9233167679927348
13,bernoulli,54,none,0.7,1.0,pca,none,,10,0.4312439731508478,0.5706728351604143,0.3203675641437136,0.8982372463889121
14,bernoulli,54,none,0.7,1.0,pca,none,,11,0.4294598756772766,0.6154343481838487,0.2858910173666862,0.926569431530644
12,bernoulli,54,none,0.7,1.0,pca,none,,11,0.4388168645646326,0.5705615441311959,0.3215171792593002,0.8744507915380302
3,bernoulli,54,none,0.7,1.0,pca,none,,12,0.4385496558626769,0.6008330185907927,0.3339981834724848,0.8716153381642513
7,bernoulli,54,none,0.7,1.0,pca,none,,14,0.4489624785152999,0.5177817797439612,0.2957927023942089,0.9169024499320324
38,bernoulli,54,none,0.7,1.0,pca,none,,12,0.4264503960491197,0.6239037809216514,0.2827164513207884,0.9266321038550028
30,bernoulli,54,none,0.7,1.0,pca,none,,11,0.4334400007509947,0.5551669257532016,0.290610332016318,0.9231491127236152
0,bernoulli,54,none,0.7,1.0,pca,none,,21,0.4470842818397967,0.5602245593860552,0.3151227089126386,0.9069977823156138
45,bernoulli,54,none,0.7,1.0,pca,none,,10,0.4230398943634215,0.5873022581813789,0.3272122221299127,0.8916966241996702
15,bernoulli,54,none,0.7,1.0,pca,none,,12,0.4203528388423807,0.5729419703103914,0.2562245536590762,0.9502677107065138
16,bernoulli,54,none,0.7,1.0,pca,none,,11,0.4472015368259907,0.539781354388096,0.3186845581343839,0.888699777711423
11,bernoulli,54,none,0.7,1.0,pca,none,,13,0.4340720073628208,0.6265892080922967,0.3004184987761405,0.9108805190621908
49,bernoulli,54,none,0.7,1.0,pca,none,,10,0.4566993486353416,0.5271704180064309,0.3015697596965836,0.9191632653061224
27,bernoulli,54,none,0.7,1.0,pca,none,,11,0.4309237469255199,0.5843026589557496,0.3082042360467067,0.9128384419733152
31,bernoulli,54,none,0.7,1.0,pca,none,,12,0.4382430476438549,0.5529460126061935,0.3172831334794865,0.8962394751795031
1,bernoulli,54,none,0.7,1.0,pca,none,,10,0.4219827337811864,0.5967974513749162,0.3090453645914304,0.9095771908271908
46,bernoulli,54,none,0.7,1.0,pca,none,,12,0.4349372771687793,0.5816356670267352,0.2890208059604341,0.922894009547396
44,bernoulli,54,none,0.7,1.0,pca,none,,10,0.4286992933912173,0.590295054128635,0.2903068667584884,0.9220874678427048
37,bernoulli,54,none,0.7,1.0,pca,none,,10,0.4324004790845999,0.5620850555889867,0.2679246204395957,0.941116718180485
28,bernoulli,54,none,0.7,1.0,pca,none,,11,0.4463158397028766,0.5604910245893822,0.3309383919499438,0.8903411608329641
42,bernoulli,54,none,0.7,1.0,pca,none,,11,0.429596752641035,0.621079030232118,0.3000158007752224,0.9083679303689136
19,bernoulli,54,none,0.7,1.0,pca,none,,12,0.4342217236691917,0.5619815571181944,0.2945985347884879,0.9119079825250882
35,bernoulli,54,none,0.7,1.0,pca,none,,12,0.4321561298308128,0.5779123101203393,0.2920988392058518,0.9148170405982904
34,bernoulli,54,none,0.7,1.0,pca,none,,11,0.4249293528069104,0.6141145273059315,0.2911931462932827,0.932897102711921
8,bernoulli,54,none,0.7,1.0,pca,none,,14,0.4317435750267882,0.591922234392114,0.3154233807857447,0.9055362602527348
23,bernoulli,54,none,0.7,1.0,pca,none,,11,0.4315964516523456,0.5607639691269585,0.2883673634917296,0.9245439995935372
40,bernoulli,54,none,0.7,1.0,pca,none,,14,0.4495098331933148,0.5492372881355932,0.3047572691827327,0.9168561889700528
33,bernoulli,54,none,0.7,1.0,pca,none,,10,0.4416433727071634,0.5759334415584416,0.2958581097507544,0.9186730372268488
47,bernoulli,54,none,0.7,1.0,pca,none,,11,0.4435358746468339,0.5560581600134183,0.3141908440321832,0.9026170542635658
29,bernoulli,54,none,0.7,1.0,pca,none,,10,0.4312111802527657,0.5920009150526155,0.3075889089998473,0.9061558705910172
10,bernoulli,54,none,0.7,1.0,pca,none,,14,0.4395519060799784,0.6049410590360301,0.2935763352991425,0.9203468468468468
5,bernoulli,54,none,0.7,1.0,pca,none,,21,0.4377622839959518,0.6024290810259895,0.3088168291592562,0.9048893328426476
2,bernoulli,54,none,0.7,1.0,pca,none,,14,0.4241559567001836,0.5948397435897437,0.2721333739403286,0.927027201350979
43,bernoulli,54,none,0.7,1.0,pca,none,,12,0.4354238122448039,0.5479016580903373,0.2527319529209493,0.9551608798147464
32,bernoulli,54,none,0.7,1.0,pca,none,,10,0.4350257458686298,0.5850064023580006,0.2905362039705605,0.9217106616536748
25,bernoulli,54,none,0.7,1.0,pca,none,,11,0.4208368667920019,0.5788281753707285,0.2486780052136545,0.9558614935335836
4,bernoulli,54,none,0.7,1.0,pca,none,,21,0.444824587238716,0.5991517174245585,0.295210968204137,0.9144924602773
26,bernoulli,54,none,0.7,1.0,pca,none,,12,0.4370854320906054,0.6059856026401205,0.3016535507867008,0.9116133744954704
22,bernoulli,54,none,0.7,1.0,pca,none,,11,0.4234328294334565,0.6415315732592249,0.2988071184940375,0.9117534851928976
24,bernoulli,54,none,0.7,1.0,pca,none,,11,0.4272802371959781,0.5677136708341873,0.3133750941447971,0.8963736437971416
20,bernoulli,54,none,0.7,1.0,pca,none,,11,0.409272704556677,0.564375864697744,0.2641715789412402,0.9428008052273776
9,bernoulli,54,none,0.7,1.0,pca,none,,14,0.4573157150647691,0.614417647621782,0.3244833268847464,0.8935680995587287
41,bernoulli,54,none,0.7,1.0,pca,none,,10,0.4272031228390683,0.5802792950633824,0.2939092544288533,0.9294447327451998
36,bernoulli,54,none,0.7,1.0,pca,none,,14,0.4469436419393983,0.5636876049356394,0.3339231780799079,0.8672660436688958
39,bernoulli,54,none,0.7,1.0,pca,none,,12,0.4427915794044859,0.575353391144952,0.3161789348352319,0.890761784165721
18,bernoulli,54,none,0.7,1.0,pca,none,,12,0.421893949436302,0.6315110565110565,0.3084906152212796,0.9093179938177544
6,bernoulli,54,none,0.7,1.0,pca,none,,13,0.4303875162840184,0.5903425433626776,0.2939176324630745,0.9198506596705432
17,bernoulli,54,none,0.7,1.0,pca,none,,11,0.4242086855430378,0.6049459127913461,0.3136904928304423,0.8918714778546788
48,bernoulli,54,none,0.7,1.0,pca,none,,11,0.4456676606119885,0.6078720508166968,0.3440599994412642,0.883009679000245
14,bernoulli,54,none,0.7,1.0,pca,none,,12,0.4303286364209404,0.6262573678819123,0.2860248479161051,0.9311860188641714
3,bernoulli,54,none,0.7,1.0,pca,none,,13,0.4390497857421606,0.6026637710352931,0.3339322367343869,0.8723007246376813
7,bernoulli,54,none,0.7,1.0,pca,none,,15,0.4494143847846077,0.5309282386563834,0.299857616412049,0.9150870294850848
38,bernoulli,54,none,0.7,1.0,pca,none,,13,0.4257013788465734,0.6364327376520229,0.2849910597277338,0.9239305828830798
21,bernoulli,54,none,0.7,1.0,pca,none,,11,0.4356880301380776,0.6040143084260732,0.3148652095438661,0.8931362293871522
13,bernoulli,54,none,0.7,1.0,pca,none,,11,0.4323317746625983,0.5694106406517148,0.3167258873367255,0.8970735576521667
30,bernoulli,54,none,0.7,1.0,pca,none,,12,0.4344956237388211,0.5394598045747279,0.2900148503636559,0.925106868309505
12,bernoulli,54,none,0.7,1.0,pca,none,,12,0.440174646395989,0.5518645199926294,0.3251851856384681,0.8718287640421742
0,bernoulli,54,none,0.7,1.0,pca,none,,22,0.4464294913827409,0.5653913418461465,0.3131364421124462,0.8955273038666755
45,bernoulli,54,none,0.7,1.0,pca,none,,11,0.4201256013858557,0.6018113754377491,0.3203460512965192,0.8953717491689603
15,bernoulli,54,none,0.7,1.0,pca,none,,13,0.416276160669613,0.5552556605188184,0.2562789970366832,0.9506506104059376
11,bernoulli,54,none,0.7,1.0,pca,none,,14,0.4352064812533917,0.6141982874137987,0.3024696053651384,0.9034259024917746
27,bernoulli,54,none,0.7,1.0,pca,none,,12,0.4307779347565785,0.604896050066351,0.3075389702068913,0.9098023386025678
16,bernoulli,54,none,0.7,1.0,pca,none,,12,0.4464111828823546,0.5331113617630472,0.3160516847989523,0.8966723068245911
49,bernoulli,54,none,0.7,1.0,pca,none,,11,0.4574806253833353,0.5425609592711683,0.304110151205134,0.9145804988662132
31,bernoulli,54,none,0.7,1.0,pca,none,,13,0.4381328671574845,0.5781858043299535,0.3181848691315649,0.8835115450178213
46,bernoulli,54,none,0.7,1.0,pca,none,,13,0.4351946856579205,0.5998177153659195,0.2893974322693489,0.927156239905244
1,bernoulli,54,none,0.7,1.0,pca,none,,11,0.4226044423897984,0.6135703107534094,0.3047137249150921,0.914404176904177
44,bernoulli,54,none,0.7,1.0,pca,none,,11,0.428526993133893,0.6023816599448101,0.2899799479342871,0.9263569584530016
37,bernoulli,54,none,0.7,1.0,pca,none,,11,0.4332330423383378,0.5422022511813276,0.2603910417665018,0.94232263040963
42,bernoulli,54,none,0.7,1.0,pca,none,,12,0.4295311903580575,0.6105356436154653,0.2992701907050862,0.9087730798645254
19,bernoulli,54,none,0.7,1.0,pca,none,,13,0.4336553478304429,0.6231209735146743,0.2907881135453368,0.9100206554919846
28,bernoulli,54,none,0.7,1.0,pca,none,,12,0.4412822211553183,0.5522643597031723,0.3218441142846777,0.8757501913239618
35,bernoulli,54,none,0.7,1.0,pca,none,,13,0.4353356640438373,0.5535177056618663,0.2941854642858796,0.9064503205128206
34,bernoulli,54,none,0.7,1.0,pca,none,,12,0.423912848517204,0.6133827833787808,0.2915422040615351,0.9317231109545788
23,bernoulli,54,none,0.7,1.0,pca,none,,12,0.4323962919943017,0.5941327355918102,0.2918843864548981,0.9248615486231077
8,bernoulli,54,none,0.7,1.0,pca,none,,15,0.4304980522470573,0.5990781307046368,0.3052672226286013,0.9115688091670492
40,bernoulli,54,none,0.7,1.0,pca,none,,15,0.4510050708851497,0.5477076271186441,0.3050524164716558,0.916760800261064
47,bernoulli,54,none,0.7,1.0,pca,none,,12,0.4442757366605991,0.5545748071117075,0.3154458788799531,0.8888000000000001
33,bernoulli,54,none,0.7,1.0,pca,none,,11,0.4463811065781702,0.5275202922077922,0.2981626418279893,0.9180724606733576
10,bernoulli,54,none,0.7,1.0,pca,none,,15,0.4404142423573262,0.5914337547929144,0.2930770419566962,0.9159639639639638
2,bernoulli,54,none,0.7,1.0,pca,none,,15,0.4246873013774528,0.587767094017094,0.273897179727042,0.929012038019737
43,bernoulli,54,none,0.7,1.0,pca,none,,13,0.4362729269031246,0.5473299028016009,0.2532352236958713,0.956224835365048
5,bernoulli,54,none,0.7,1.0,pca,none,,22,0.4376229896695364,0.6242851480663609,0.3085903577980277,0.9002181799064193
29,bernoulli,54,none,0.7,1.0,pca,none,,11,0.4311743587001425,0.5904138706725637,0.3027251088354766,0.9175773338953256
32,bernoulli,54,none,0.7,1.0,pca,none,,11,0.435815770918031,0.5641604857738799,0.2936643734374952,0.9239472497844384
25,bernoulli,54,none,0.7,1.0,pca,none,,12,0.4209574151372551,0.5514023210831721,0.2490116565385972,0.958331247392574
22,bernoulli,54,none,0.7,1.0,pca,none,,12,0.4273725224490343,0.6108640831660747,0.2975372406947706,0.9072443264609727
26,bernoulli,54,none,0.7,1.0,pca,none,,13,0.4389667107836233,0.5763703784293459,0.3019930715650359,0.9005603809097258
4,bernoulli,54,none,0.7,1.0,pca,none,,22,0.4442342788606557,0.6170473508552358,0.2954062847798031,0.9183230442262929
9,bernoulli,54,none,0.7,1.0,pca,none,,15,0.4581224017570477,0.591281462340894,0.3256528116346129,0.8947363528186821
39,bernoulli,54,none,0.7,1.0,pca,none,,13,0.4438969046586841,0.5594331641285956,0.3114418114178672,0.9059788298881196
24,bernoulli,54,none,0.7,1.0,pca,none,,12,0.426683502361814,0.5607834597253536,0.3047812391015352,0.906731749303495
20,bernoulli,54,none,0.7,1.0,pca,none,,12,0.4087415548204596,0.5672064262924584,0.2655758110951496,0.9443931093657184
41,bernoulli,54,none,0.7,1.0,pca,none,,11,0.4285712394685555,0.5672781613933835,0.2873280529321054,0.930550077841204
18,bernoulli,54,none,0.7,1.0,pca,none,,13,0.4232392505073833,0.6363412999776636,0.3111750050281246,0.9017099133614872
6,bernoulli,54,none,0.7,1.0,pca,none,,14,0.4391686429999301,0.5915301141811209,0.3014216232334347,0.916954668146616
36,bernoulli,54,none,0.7,1.0,pca,none,,15,0.4467129687014889,0.5601231244836501,0.335085386952221,0.8717392267150892
17,bernoulli,54,none,0.7,1.0,pca,none,,12,0.4234494042218826,0.6037024645923944,0.3109337298485768,0.90139600162849
3,bernoulli,54,none,0.7,1.0,pca,none,,14,0.4472342234420239,0.5790475890721389,0.341542808928392,0.8752777777777778
7,bernoulli,54,none,0.7,1.0,pca,none,,16,0.4485817414752217,0.5286653877774732,0.2981727994030829,0.9142501649375896
14,bernoulli,54,none,0.7,1.0,pca,none,,13,0.4305602313970481,0.6093595190515375,0.2873002669813161,0.9310009853037094
48,bernoulli,54,none,0.7,1.0,pca,none,,12,0.4363417279232747,0.5897572595281306,0.3207399725799777,0.8882197990688556
38,bernoulli,54,none,0.7,1.0,pca,none,,14,0.4275222670461349,0.6421775461239347,0.2827168070934161,0.9270537285153606
21,bernoulli,54,none,0.7,1.0,pca,none,,12,0.4360833221522778,0.6111950185479598,0.30769157115855,0.901489047501846
30,bernoulli,54,none,0.7,1.0,pca,none,,13,0.435372133654639,0.5472231475312755,0.2926264861695274,0.9269658380630792
13,bernoulli,54,none,0.7,1.0,pca,none,,12,0.4333249195211264,0.5502866338127326,0.3204279784478223,0.8914951573849879
12,bernoulli,54,none,0.7,1.0,pca,none,,13,0.4427849161067779,0.5593905472636815,0.3299966181054364,0.8737606221384159
15,bernoulli,54,none,0.7,1.0,pca,none,,14,0.4197390668523217,0.5411905832958465,0.2543910020814088,0.9520545759704911
11,bernoulli,54,none,0.7,1.0,pca,none,,15,0.4359488578055148,0.6053330391868484,0.3012411268003816,0.9089386374617492
45,bernoulli,54,none,0.7,1.0,pca,none,,12,0.4206849727415853,0.5919937205651491,0.3217716013927108,0.8940430887093944
27,bernoulli,54,none,0.7,1.0,pca,none,,13,0.4312948334926861,0.5998664788086305,0.3026581206729171,0.9165386251378074
0,bernoulli,54,none,0.7,1.0,pca,none,,23,0.448229355306347,0.5482499221389041,0.3167817277967754,0.9032957863996662
31,bernoulli,54,none,0.7,1.0,pca,none,,14,0.4381875017781245,0.5579839225358545,0.3195633035079311,0.8930368304147942
46,bernoulli,54,none,0.7,1.0,pca,none,,14,0.4359003864746936,0.6046195652173914,0.2903526871073218,0.9256622160008614
49,bernoulli,54,none,0.7,1.0,pca,none,,12,0.4569622052849738,0.5332194533762058,0.3049565374565869,0.9080680272108844
16,bernoulli,54,none,0.7,1.0,pca,none,,13,0.4470842485101487,0.5667921131404278,0.3191744894973043,0.8914435486546565
42,bernoulli,54,none,0.7,1.0,pca,none,,13,0.4316134206907254,0.5929547292530584,0.3039930327591136,0.9128427837867366
19,bernoulli,54,none,0.7,1.0,pca,none,,14,0.4355912121841763,0.5907954019116595,0.2934429400166255,0.9199553987606705
1,bernoulli,54,none,0.7,1.0,pca,none,,12,0.423871244706956,0.6062318354571876,0.307333800557713,0.9124283374283374
44,bernoulli,54,none,0.7,1.0,pca,none,,12,0.4287802568497425,0.6213712587561027,0.2916882824835163,0.9175956551921272
35,bernoulli,54,none,0.7,1.0,pca,none,,14,0.4345119479987216,0.5432222825014796,0.2940975061350451,0.9154213408119658
37,bernoulli,54,none,0.7,1.0,pca,none,,12,0.4361981368182941,0.5550069547889395,0.2696271532244205,0.9423660867061756
34,bernoulli,54,none,0.7,1.0,pca,none,,13,0.4261149577341996,0.6101243339253996,0.2910819266145404,0.9309198534363976
23,bernoulli,54,none,0.7,1.0,pca,none,,13,0.4349120093285888,0.5834219161621297,0.2933477366408085,0.9262460623920334
28,bernoulli,54,none,0.7,1.0,pca,none,,13,0.4415853356505984,0.5538810781938536,0.3273874121705708,0.8745468643009627
47,bernoulli,54,none,0.7,1.0,pca,none,,13,0.4454421975509122,0.5518125209661187,0.3133276945394718,0.9000837209302325
2,bernoulli,54,none,0.7,1.0,pca,none,,16,0.425333399991376,0.5529594017094017,0.2720803093973415,0.9281881988706662
8,bernoulli,54,none,0.7,1.0,pca,none,,16,0.4323532470443112,0.5887139466958744,0.311762929954919,0.9065561204604312
43,bernoulli,54,none,0.7,1.0,pca,none,,14,0.4360253823136436,0.5397026872498569,0.2464310741075348,0.959187221407064
10,bernoulli,54,none,0.7,1.0,pca,none,,16,0.4413477597264155,0.604315207402478,0.2915615874559323,0.9208198198198198
40,bernoulli,54,none,0.7,1.0,pca,none,,16,0.451597665123694,0.5366525423728814,0.3033751075313772,0.9129251700680272
33,bernoulli,54,none,0.7,1.0,pca,none,,12,0.4436389025113725,0.5392613636363637,0.2993170783329399,0.915380987970674
29,bernoulli,54,none,0.7,1.0,pca,none,,12,0.4322124163436819,0.6170552463016623,0.3047761910295499,0.9163179916317992
22,bernoulli,54,none,0.7,1.0,pca,none,,13,0.4278676770269266,0.6280994287478772,0.2989533604508461,0.9084338753861396
5,bernoulli,54,none,0.7,1.0,pca,none,,23,0.4381376966359058,0.630824981597871,0.3021567956894064,0.91276483886231
32,bernoulli,54,none,0.7,1.0,pca,none,,12,0.4357673018812829,0.5691454664057404,0.2963098743751254,0.9143399876571848
25,bernoulli,54,none,0.7,1.0,pca,none,,13,0.4236829306826944,0.5335751128304319,0.2475480372719379,0.9602586566541512
26,bernoulli,54,none,0.7,1.0,pca,none,,14,0.4397283921140582,0.5764837077734863,0.3011301048791462,0.9002457998091187
39,bernoulli,54,none,0.7,1.0,pca,none,,14,0.4440972829587867,0.5600809010152283,0.3211279235994828,0.8854418479720656
4,bernoulli,54,none,0.7,1.0,pca,none,,23,0.4455795156799161,0.5683971283548881,0.2958987774233235,0.9144114968120636
9,bernoulli,54,none,0.7,1.0,pca,none,,16,0.4586710245770741,0.5939372188726194,0.3294547814446741,0.8948696018642471
18,bernoulli,54,none,0.7,1.0,pca,none,,14,0.4230448080841885,0.6492517310699129,0.3066516072438725,0.9111356611084503
6,bernoulli,54,none,0.7,1.0,pca,none,,15,0.4325127400192168,0.5746099538045846,0.2982507500858899,0.9214903761257284
24,bernoulli,54,none,0.7,1.0,pca,none,,13,0.4273774037891856,0.5572905991664958,0.3078838101193988,0.8959908491698567
41,bernoulli,54,none,0.7,1.0,pca,none,,12,0.4256914726590586,0.5950066989590848,0.2880608369916245,0.9290295796574988
7,bernoulli,54,none,0.7,1.0,pca,none,,17,0.4485637035292603,0.5489292565477821,0.2993832337794161,0.9183016520326068
3,bernoulli,54,none,0.7,1.0,pca,none,,15,0.4410154418674626,0.5797085484074027,0.3342095001139143,0.8646920289855072
20,bernoulli,54,none,0.7,1.0,pca,none,,13,0.4099474057331018,0.5701428692435835,0.2624297093331817,0.9426770510197346
36,bernoulli,54,none,0.7,1.0,pca,none,,16,0.4499129860250455,0.5787383737974042,0.3384039953489419,0.8684692265674595
14,bernoulli,54,none,0.7,1.0,pca,none,,14,0.4312096943195045,0.627903071420175,0.2873516098905648,0.9305291497245312
38,bernoulli,54,none,0.7,1.0,pca,none,,15,0.4275453402361993,0.6256566972780673,0.28208552865865,0.9273868640494708
17,bernoulli,54,none,0.7,1.0,pca,none,,13,0.4236011336754946,0.6182335229173637,0.3147714318833145,0.9044119222610296
30,bernoulli,54,none,0.7,1.0,pca,none,,14,0.4358911735776531,0.5137593456214375,0.2897224239173614,0.9211195128960414
48,bernoulli,54,none,0.7,1.0,pca,none,,13,0.4371445608423062,0.5921563067150635,0.3218736287430377,0.8778332516540063
21,bernoulli,54,none,0.7,1.0,pca,none,,13,0.4371462652135234,0.6023582405935347,0.3079659195822637,0.8980587004676347
15,bernoulli,54,none,0.7,1.0,pca,none,,15,0.417355774221011,0.5735567551357025,0.2564692472283642,0.95170996624101
11,bernoulli,54,none,0.7,1.0,pca,none,,16,0.4354733118448616,0.6158283491845604,0.301862679934994,0.910712560108598
27,bernoulli,54,none,0.7,1.0,pca,none,,14,0.4315783770801378,0.6158357771260997,0.3034004881666615,0.9115081121904216
12,bernoulli,54,none,0.7,1.0,pca,none,,14,0.4407996507905919,0.5561832043486272,0.3217153648691189,0.8765582730975665
31,bernoulli,54,none,0.7,1.0,pca,none,,15,0.4389313206586015,0.5591897323467616,0.3214864617206991,0.8837569089312464
13,bernoulli,54,none,0.7,1.0,pca,none,,13,0.4331592582321315,0.5704314593181132,0.3219897968240972,0.8954141270768975
46,bernoulli,54,none,0.7,1.0,pca,none,,15,0.4352694598716879,0.6118814137186065,0.2891041364839989,0.9273357022361006
0,bernoulli,54,none,0.7,1.0,pca,none,,24,0.4477171139176323,0.565686814722535,0.312847540242867,0.8936609358188964
45,bernoulli,54,none,0.7,1.0,pca,none,,13,0.422893055208173,0.5818862456225093,0.3181250124970679,0.898259705488621
49,bernoulli,54,none,0.7,1.0,pca,none,,13,0.4574740457468656,0.5218582529474812,0.3008458699751706,0.920095238095238
42,bernoulli,54,none,0.7,1.0,pca,none,,14,0.4308407306527992,0.6138737374606398,0.3000856505753587,0.9066380785898976
16,bernoulli,54,none,0.7,1.0,pca,none,,14,0.4471905741129416,0.5417227018350614,0.3185881278461959,0.8988155668358715
19,bernoulli,54,none,0.7,1.0,pca,none,,15,0.4353259770921706,0.573316771232473,0.2979509281695806,0.9054737053759118
35,bernoulli,54,none,0.7,1.0,pca,none,,15,0.4357412272416652,0.5477535016768593,0.2887477320833854,0.915872061965812
23,bernoulli,54,none,0.7,1.0,pca,none,,14,0.4335597428741048,0.5799902944031058,0.2877222124978785,0.9258523015953664
1,bernoulli,54,none,0.7,1.0,pca,none,,13,0.4240618470031613,0.5905209031969596,0.3048032882953595,0.9078214578214578
34,bernoulli,54,none,0.7,1.0,pca,none,,14,0.4255494527947044,0.6211880519350562,0.2878790290184509,0.9356158204657656
44,bernoulli,54,none,0.7,1.0,pca,none,,13,0.4307593934301876,0.5893950329017195,0.2877813377657775,0.93319449548777
37,bernoulli,54,none,0.7,1.0,pca,none,,13,0.4352979076757607,0.5541832315599443,0.2602917355639657,0.9357933218536284
2,bernoulli,54,none,0.7,1.0,pca,none,,17,0.4276313657702173,0.5643803418803418,0.2770049483824707,0.9252563869522642
47,bernoulli,54,none,0.7,1.0,pca,none,,14,0.4449428730900251,0.5715416387118417,0.3167328385285758,0.8865798449612402
28,bernoulli,54,none,0.7,1.0,pca,none,,14,0.4427992353424544,0.5513296198088552,0.3282429732822072,0.8736682845289403
43,bernoulli,54,none,0.7,1.0,pca,none,,15,0.4366818339077293,0.5440823327615781,0.2474698466298223,0.9574904556928576
10,bernoulli,54,none,0.7,1.0,pca,none,,17,0.4418266117736327,0.6010235446968977,0.2953985290761263,0.9137117117117116
8,bernoulli,54,none,0.7,1.0,pca,none,,17,0.4328724816139189,0.5931407447973713,0.304438513722589,0.9096719990992318
40,bernoulli,54,none,0.7,1.0,pca,none,,17,0.4500274841869419,0.5678220338983051,0.3037657488951257,0.9237291964756382
22,bernoulli,54,none,0.7,1.0,pca,none,,14,0.4299539953395528,0.5900674180433327,0.2980137742886649,0.9158361018826136
33,bernoulli,54,none,0.7,1.0,pca,none,,13,0.4449345004975556,0.5509131493506494,0.2980288368856185,0.921426791942487
29,bernoulli,54,none,0.7,1.0,pca,none,,13,0.4323815248542406,0.5958422296782065,0.3033108053295648,0.916801167847193
5,bernoulli,54,none,0.7,1.0,pca,none,,24,0.4385540900052626,0.6086952418700339,0.305355781876408,0.9094106513853109
26,bernoulli,54,none,0.7,1.0,pca,none,,15,0.4394583468656766,0.5808808863261347,0.3040291079409353,0.898363645088536
32,bernoulli,54,none,0.7,1.0,pca,none,,13,0.4357293606267587,0.5968930443816288,0.291553512262991,0.922691083847982
25,bernoulli,54,none,0.7,1.0,pca,none,,14,0.4237070745765239,0.5639264990328821,0.2544347837383249,0.955886524822695
39,bernoulli,54,none,0.7,1.0,pca,none,,15,0.4438229460599585,0.5793323463056965,0.3130015520683478,0.9038629150290254
18,bernoulli,54,none,0.7,1.0,pca,none,,15,0.4245438575206379,0.6377875809693991,0.3119707991104671,0.903124863947059
6,bernoulli,54,none,0.7,1.0,pca,none,,16,0.4304175330846042,0.5854451756297394,0.2944958875560052,0.9188516939532304
4,bernoulli,54,none,0.7,1.0,pca,none,,24,0.4470381845618387,0.5868837783340286,0.2970882452995199,0.918363525958911
7,bernoulli,54,none,0.7,1.0,pca,none,,18,0.4501854984430137,0.5286418979759622,0.2974187363904116,0.9174780710493572
9,bernoulli,54,none,0.7,1.0,pca,none,,17,0.458606548228222,0.601488180687147,0.3234996058780032,0.8942064554514353
3,bernoulli,54,none,0.7,1.0,pca,none,,16,0.4410834355758086,0.600712367283562,0.3355253152726573,0.8652777777777778
14,bernoulli,54,none,0.7,1.0,pca,none,,15,0.4317680619553118,0.6067440259282271,0.2871419537803027,0.9309778561086516
38,bernoulli,54,none,0.7,1.0,pca,none,,16,0.4297738768716844,0.6038202200711508,0.2873137518660678,0.9235349844363244
41,bernoulli,54,none,0.7,1.0,pca,none,,13,0.4284775431010828,0.5737194682057096,0.2886376222516131,0.9297405293201868
30,bernoulli,54,none,0.7,1.0,pca,none,,15,0.4359386888439963,0.5304889333037234,0.2919711867725523,0.9266200876499748
24,bernoulli,54,none,0.7,1.0,pca,none,,14,0.4289895197459633,0.5463551274168205,0.3080232513564175,0.9008086253369272
20,bernoulli,54,none,0.7,1.0,pca,none,,14,0.4117581647215128,0.5430654770308044,0.2643954486018022,0.940487976591204
36,bernoulli,54,none,0.7,1.0,pca,none,,17,0.448483969111668,0.568617914345868,0.3384691258497866,0.8653985266545611
15,bernoulli,54,none,0.7,1.0,pca,none,,16,0.4199733259041314,0.5242465137201979,0.2545047308991726,0.9498529026988048
21,bernoulli,54,none,0.7,1.0,pca,none,,14,0.4385040716365005,0.6046325737502208,0.3085894886157203,0.8967255312166708
17,bernoulli,54,none,0.7,1.0,pca,none,,14,0.4255107055106256,0.5962083193933312,0.3102721192438658,0.9081670916454178
11,bernoulli,54,none,0.7,1.0,pca,none,,17,0.4372697121935389,0.5882602869562374,0.3006324895611827,0.905933782757748
48,bernoulli,54,none,0.7,1.0,pca,none,,14,0.4390061542561878,0.5939938747731397,0.3226121137972695,0.8919382504288165
27,bernoulli,54,none,0.7,1.0,pca,none,,15,0.4324009270836298,0.58738675273186,0.303819655312359,0.9113041138224086
31,bernoulli,54,none,0.7,1.0,pca,none,,16,0.439092615391207,0.5695852745044305,0.3190228855524838,0.8817087659486543
46,bernoulli,54,none,0.7,1.0,pca,none,,16,0.4368798083475975,0.5865092492573588,0.290257792086497,0.9143650622734288
12,bernoulli,54,none,0.7,1.0,pca,none,,15,0.4419345732192635,0.5495784964068545,0.3265609590594426,0.8823754151800294
13,bernoulli,54,none,0.7,1.0,pca,none,,14,0.435687004093451,0.5587398169566529,0.3256474121676495,0.8937494781664858
45,bernoulli,54,none,0.7,1.0,pca,none,,14,0.4243442890588854,0.5948556937567926,0.3212205181806113,0.9016991812443282
0,bernoulli,54,none,0.7,1.0,pca,none,,25,0.4487048153191029,0.5463493128259186,0.3159020138327363,0.8896295808356937
42,bernoulli,54,none,0.7,1.0,pca,none,,15,0.4381428831643636,0.6079761515563432,0.3064207029459803,0.9074119596489312
49,bernoulli,54,none,0.7,1.0,pca,none,,14,0.4585317449552082,0.5135751607717042,0.3071753947336103,0.9067709750566894
19,bernoulli,54,none,0.7,1.0,pca,none,,16,0.4364763102171298,0.5874521032464525,0.2961395464786793,0.911971959712651
16,bernoulli,54,none,0.7,1.0,pca,none,,15,0.4488180446571776,0.5478504186369355,0.3217543042375934,0.8862612388440994
35,bernoulli,54,none,0.7,1.0,pca,none,,16,0.4376102887513644,0.5813276780430066,0.2993397415797546,0.9105635683760684
23,bernoulli,54,none,0.7,1.0,pca,none,,15,0.4355271852430471,0.5644382308083375,0.2966963079642586,0.9196156386546084
34,bernoulli,54,none,0.7,1.0,pca,none,,15,0.4266276215529461,0.6220761514021964,0.2885078315085111,0.934064915565277
1,bernoulli,54,none,0.7,1.0,pca,none,,14,0.4246222795001211,0.5971048513302035,0.3064728174454101,0.9130374692874692
37,bernoulli,54,none,0.7,1.0,pca,none,,14,0.4345958059312617,0.556309128037171,0.2621000274037445,0.938145393904168
2,bernoulli,54,none,0.7,1.0,pca,none,,18,0.4265518389756439,0.5788782051282051,0.2772520746578266,0.924159889294782
44,bernoulli,54,none,0.7,1.0,pca,none,,14,0.4299823789534633,0.606079388664827,0.2928317067372156,0.92804479108534
47,bernoulli,54,none,0.7,1.0,pca,none,,15,0.4455748003041598,0.5729096779604159,0.3169056988880514,0.8967503875968992
43,bernoulli,54,none,0.7,1.0,pca,none,,16,0.4377606330824148,0.5511377930245854,0.2490276261519664,0.9559814468404692
10,bernoulli,54,none,0.7,1.0,pca,none,,18,0.4417635222914429,0.5959890040244636,0.2935654476424676,0.9166351351351352
28,bernoulli,54,none,0.7,1.0,pca,none,,15,0.4446552512618587,0.5518446805669484,0.3282460715951476,0.888775325250735
22,bernoulli,54,none,0.7,1.0,pca,none,,15,0.4291200185009364,0.5942463074468632,0.2970510387501054,0.9115441881659752
8,bernoulli,54,none,0.7,1.0,pca,none,,18,0.4325855837746092,0.5801204819277108,0.3100240012268228,0.9090050841438804
40,bernoulli,54,none,0.7,1.0,pca,none,,18,0.4507007864238276,0.5792881355932203,0.3015616189617668,0.917920526144037
33,bernoulli,54,none,0.7,1.0,pca,none,,14,0.4454806495557024,0.5511160714285714,0.2997238099792004,0.9168312691294752
26,bernoulli,54,none,0.7,1.0,pca,none,,16,0.4398722705436593,0.6248164064624926,0.3025866117107209,0.902538509525409
29,bernoulli,54,none,0.7,1.0,pca,none,,14,0.4348677228267746,0.5889126124752174,0.3081085277472018,0.9087208166706074
39,bernoulli,54,none,0.7,1.0,pca,none,,16,0.4447420548934989,0.5600059926677947,0.3165351816912942,0.8895393773947936
5,bernoulli,54,none,0.7,1.0,pca,none,,25,0.4386115429255157,0.6311080912745597,0.3067883178356849,0.9068345512854216
32,bernoulli,54,none,0.7,1.0,pca,none,,14,0.4364294851354631,0.5766108574327753,0.2902568166689677,0.9275319184323748
25,bernoulli,54,none,0.7,1.0,pca,none,,15,0.4244674571787888,0.5513620245003225,0.2518961050879586,0.9583979974968712
18,bernoulli,54,none,0.7,1.0,pca,none,,16,0.4248418506721559,0.6335939245030153,0.3114769401648468,0.9126921067525796
6,bernoulli,54,none,0.7,1.0,pca,none,,17,0.4324190878842895,0.5969776867427874,0.2929072633434964,0.9240836507656216
7,bernoulli,54,none,0.7,1.0,pca,none,,19,0.4497241121541954,0.5383979955369378,0.2990009954740545,0.9141438964236218
4,bernoulli,54,none,0.7,1.0,pca,none,,25,0.4466627797478374,0.5513575997774997,0.2957924379146237,0.9126303005768648
14,bernoulli,54,none,0.7,1.0,pca,none,,16,0.4332006063981448,0.599875732589968,0.2893021724050059,0.9276426261813236
3,bernoulli,54,none,0.7,1.0,pca,none,,17,0.441601549677488,0.5979478786352763,0.3349134116752989,0.8652294685990339
38,bernoulli,54,none,0.7,1.0,pca,none,,17,0.4302016043733308,0.6296382477041449,0.2841375260686239,0.925622286767232
9,bernoulli,54,none,0.7,1.0,pca,none,,18,0.4589270048607747,0.6177576801607809,0.3240401339008884,0.8964128117407902
30,bernoulli,54,none,0.7,1.0,pca,none,,16,0.4362448330220717,0.5260474498482494,0.2902400543766197,0.9189866369710468
15,bernoulli,54,none,0.7,1.0,pca,none,,17,0.4208556859371847,0.5424501424501424,0.2550612077462948,0.9515631880228974
41,bernoulli,54,none,0.7,1.0,pca,none,,14,0.4295022912114217,0.579186849428012,0.2888968095944255,0.9232745199792424
11,bernoulli,54,none,0.7,1.0,pca,none,,18,0.4370998698574074,0.6105092002483904,0.3020143128612828,0.9088512067735774
24,bernoulli,54,none,0.7,1.0,pca,none,,15,0.4281550911958072,0.5966984354717497,0.3078792727123964,0.9032050556071484
36,bernoulli,54,none,0.7,1.0,pca,none,,18,0.4491181800052679,0.5568451349838766,0.3354066824562371,0.8723149829487576
20,bernoulli,54,none,0.7,1.0,pca,none,,15,0.4125588302853623,0.6086483891916311,0.2651314216773099,0.943221569533364
21,bernoulli,54,none,0.7,1.0,pca,none,,15,0.43826610042616,0.6032547253135488,0.3128117436905749,0.8929875297399295
27,bernoulli,54,none,0.7,1.0,pca,none,,16,0.4335913958786301,0.5783105883123905,0.3025929643698983,0.9164822000572932
17,bernoulli,54,none,0.7,1.0,pca,none,,15,0.4257883193802818,0.6036299765807962,0.3125451174591587,0.8915447084788618
48,bernoulli,54,none,0.7,1.0,pca,none,,15,0.4382522281006895,0.5975669237749546,0.3211993872073433,0.8783508943886301
31,bernoulli,54,none,0.7,1.0,pca,none,,17,0.4402248642172499,0.5802914040376359,0.3199500731732356,0.8936102071387985
46,bernoulli,54,none,0.7,1.0,pca,none,,17,0.4361324564842209,0.6121261477180664,0.2899255626817081,0.9208212196260004
12,bernoulli,54,none,0.7,1.0,pca,none,,16,0.4491338400826765,0.5657476506357102,0.3301712897829304,0.87472192951645
45,bernoulli,54,none,0.7,1.0,pca,none,,15,0.4228270349591066,0.6017992996014975,0.3190834960791796,0.8985103961413695
13,bernoulli,54,none,0.7,1.0,pca,none,,15,0.4352037421015217,0.5861611183747361,0.3236723627615754,0.8980598229940719
42,bernoulli,54,none,0.7,1.0,pca,none,,16,0.4327464889976748,0.6206875785054287,0.3030051097525577,0.9015987472231326
35,bernoulli,54,none,0.7,1.0,pca,none,,17,0.4375280132861939,0.5194256756756757,0.2903100363069423,0.9107972756410256
0,bernoulli,54,none,0.7,1.0,pca,none,,26,0.4486769850843581,0.555069755556088,0.3173248238040342,0.9059570076630876
23,bernoulli,54,none,0.7,1.0,pca,none,,16,0.4347560185744664,0.5880782918149465,0.2883478170521292,0.9224672289401484
19,bernoulli,54,none,0.7,1.0,pca,none,,17,0.4362776061944804,0.593422880963409,0.2920813663518922,0.9211206975341364
49,bernoulli,54,none,0.7,1.0,pca,none,,15,0.4572797083612641,0.5328443193997856,0.3064015787012686,0.9148662131519274
16,bernoulli,54,none,0.7,1.0,pca,none,,16,0.4487969283906182,0.5632781658062558,0.325141191990853,0.8854251683753027
34,bernoulli,54,none,0.7,1.0,pca,none,,16,0.4265192443099326,0.6153653716258475,0.2909221883200803,0.9302587107098944
2,bernoulli,54,none,0.7,1.0,pca,none,,19,0.4267199257241153,0.6045886752136751,0.2745382224919775,0.9272031100660828
1,bernoulli,54,none,0.7,1.0,pca,none,,15,0.4257645559975414,0.6106248602727476,0.307120585366777,0.9098280098280098
47,bernoulli,54,none,0.7,1.0,pca,none,,16,0.4464585130732404,0.5591821117074808,0.3148837487723019,0.8988527131782946
43,bernoulli,54,none,0.7,1.0,pca,none,,17,0.4382331869389648,0.5475414522584334,0.2548337574957974,0.9562074504704352
37,bernoulli,54,none,0.7,1.0,pca,none,,15,0.4346967877424859,0.5612465349367164,0.261057002861992,0.9435448387499796
44,bernoulli,54,none,0.7,1.0,pca,none,,15,0.4309286226183939,0.5978008915304607,0.2910697297870801,0.9188932899578496
10,bernoulli,54,none,0.7,1.0,pca,none,,19,0.4426553993742068,0.6013958868079983,0.2948326455851854,0.9300135135135136
22,bernoulli,54,none,0.7,1.0,pca,none,,16,0.4281579624490089,0.6393649323246358,0.2964826802442761,0.9142094135974184
28,bernoulli,54,none,0.7,1.0,pca,none,,16,0.4445619616098307,0.5589029205852617,0.3257579575589155,0.8819631852418737
26,bernoulli,54,none,0.7,1.0,pca,none,,17,0.4404762226565605,0.5957814284937171,0.3009513770178901,0.911666693326082
40,bernoulli,54,none,0.7,1.0,pca,none,,19,0.4521168147783937,0.5395211864406779,0.3053060024901525,0.9142154278685644
8,bernoulli,54,none,0.7,1.0,pca,none,,19,0.4338251132403716,0.6015653523183643,0.3082727742758014,0.9132967251877324
39,bernoulli,54,none,0.7,1.0,pca,none,,17,0.4438434932165189,0.6431190073322053,0.3215662910971971,0.8914195815312427
33,bernoulli,54,none,0.7,1.0,pca,none,,15,0.4453279760248106,0.5421469155844156,0.2986391255202316,0.9126094383941918
18,bernoulli,54,none,0.7,1.0,pca,none,,17,0.4262326673580251,0.6287134241679696,0.3097734837539345,0.90389220253385
29,bernoulli,54,none,0.7,1.0,pca,none,,15,0.4344474018600067,0.5517433658685374,0.3043951563848612,0.9082864720940036
6,bernoulli,54,none,0.7,1.0,pca,none,,18,0.4332383047804722,0.5822202126732328,0.2941707620975026,0.9254055144925708
7,bernoulli,54,none,0.7,1.0,pca,none,,20,0.4501572632174094,0.5268762478957053,0.2991297452536697,0.915272999384528
5,bernoulli,54,none,0.7,1.0,pca,none,,26,0.4393438076109061,0.6135647283090803,0.3065654395192922,0.9025866147941748
14,bernoulli,54,none,0.7,1.0,pca,none,,17,0.4331350563720404,0.6031797343364288,0.2886640921899868,0.9262641261558816
25,bernoulli,54,none,0.7,1.0,pca,none,,16,0.4254925475257967,0.5266602192134107,0.2542624396053891,0.9549103045473508
32,bernoulli,54,none,0.7,1.0,pca,none,,15,0.4358332081947123,0.5929268037335008,0.2969035210210495,0.9160163345340588
4,bernoulli,54,none,0.7,1.0,pca,none,,26,0.4462698300013497,0.5751851272423862,0.2937486186908142,0.92409169112438
38,bernoulli,54,none,0.7,1.0,pca,none,,18,0.4311646992175632,0.6171713411102838,0.2851915729540348,0.9205992275419802
3,bernoulli,54,none,0.7,1.0,pca,none,,18,0.44367477356934,0.5802121364723656,0.3362584133761901,0.8678925120772947
15,bernoulli,54,none,0.7,1.0,pca,none,,18,0.4210432117829559,0.5534712850502325,0.2571541443118652,0.94999329925526
30,bernoulli,54,none,0.7,1.0,pca,none,,17,0.436408844997122,0.5498602783329631,0.2910567133014745,0.9257871434729508
11,bernoulli,54,none,0.7,1.0,pca,none,,19,0.4366457125711534,0.6084869431643626,0.3033136056329246,0.9034397073372754
9,bernoulli,54,none,0.7,1.0,pca,none,,19,0.4595399618765993,0.578849650684276,0.3249917524465027,0.8984518320194358
27,bernoulli,54,none,0.7,1.0,pca,none,,17,0.4332601277553847,0.611441045888694,0.303971157644468,0.9067467034731808
41,bernoulli,54,none,0.7,1.0,pca,none,,15,0.4302615232891719,0.5562197258579821,0.2860246134775472,0.9309289050337312
36,bernoulli,54,none,0.7,1.0,pca,none,,19,0.4492550213309735,0.5717026890174026,0.3352973849790749,0.8801430532795962
24,bernoulli,54,none,0.7,1.0,pca,none,,16,0.430591655015988,0.5456249572999932,0.3068579978467157,0.9038166209880178
21,bernoulli,54,none,0.7,1.0,pca,none,,16,0.4392736958727138,0.6118265324147677,0.3098054828953444,0.8946514275166133
20,bernoulli,54,none,0.7,1.0,pca,none,,16,0.4146017126421558,0.5619547110144845,0.2665241114979529,0.9406584823884012
31,bernoulli,54,none,0.7,1.0,pca,none,,18,0.4409288508528726,0.5857038458025029,0.3217820788022071,0.8908233896378945
46,bernoulli,54,none,0.7,1.0,pca,none,,18,0.4376409167457269,0.6075057385903321,0.2927290889852193,0.922144754316069
17,bernoulli,54,none,0.7,1.0,pca,none,,16,0.4277667725717615,0.6038028326084532,0.3082217739057061,0.9069671516424176
48,bernoulli,54,none,0.7,1.0,pca,none,,16,0.4385311712910422,0.5700771324863884,0.3229954748995589,0.8906518010291595
42,bernoulli,54,none,0.7,1.0,pca,none,,17,0.4332108224334539,0.6146953559199546,0.2999851665207221,0.9140764412396664
12,bernoulli,54,none,0.7,1.0,pca,none,,17,0.4423099988419537,0.5566150727842271,0.3222606427356641,0.8873360077397568
23,bernoulli,54,none,0.7,1.0,pca,none,,17,0.4357014881997283,0.5809608540925267,0.2939379238074506,0.9239978152626764
45,bernoulli,54,none,0.7,1.0,pca,none,,16,0.4241788090121444,0.5925733607052289,0.3193854897226542,0.9014133939001948
35,bernoulli,54,none,0.7,1.0,pca,none,,18,0.4347789820618305,0.5815619451568357,0.2999391161212754,0.903989716880342
19,bernoulli,54,none,0.7,1.0,pca,none,,18,0.437754965465886,0.5720451387426839,0.2922507579685952,0.915476995631272
13,bernoulli,54,none,0.7,1.0,pca,none,,16,0.4388062357116496,0.5494820476717288,0.3289234460426486,0.8939973490857477
0,bernoulli,54,none,0.7,1.0,pca,none,,27,0.4487234785430021,0.605711410843056,0.3162972297758805,0.9036954087346024
34,bernoulli,54,none,0.7,1.0,pca,none,,17,0.4283007699497703,0.6378993320491332,0.2968345288246886,0.9298076507189156
16,bernoulli,54,none,0.7,1.0,pca,none,,17,0.4487644220069547,0.5603064942952584,0.3225816275548973,0.8955044623602403
2,bernoulli,54,none,0.7,1.0,pca,none,,20,0.4278630798957339,0.5940811965811966,0.2746901972467927,0.9248342060360144
49,bernoulli,54,none,0.7,1.0,pca,none,,16,0.4580512931047202,0.5251607717041801,0.3022404610104361,0.9134875283446712
47,bernoulli,54,none,0.7,1.0,pca,none,,17,0.4466645478825823,0.5685330006709158,0.3192730179608742,0.8941736434108526
43,bernoulli,54,none,0.7,1.0,pca,none,,18,0.439640496892748,0.5046369353916524,0.2508459976131711,0.9574765477771674
10,bernoulli,54,none,0.7,1.0,pca,none,,20,0.4428967486335183,0.603194219982888,0.291490167904283,0.9312972972972974
1,bernoulli,54,none,0.7,1.0,pca,none,,16,0.4264993823517668,0.6170131902526268,0.3069429304527661,0.912520475020475
37,bernoulli,54,none,0.7,1.0,pca,none,,16,0.4442589829427035,0.566696919176474,0.2748037537516202,0.9362767731527
44,bernoulli,54,none,0.7,1.0,pca,none,,16,0.4318258828692493,0.5894714497983443,0.2905159443133543,0.9254495215538948
26,bernoulli,54,none,0.7,1.0,pca,none,,18,0.4405832636119849,0.5972275109249487,0.3032990879903527,0.9120665845556676
22,bernoulli,54,none,0.7,1.0,pca,none,,17,0.4287329214103334,0.6318408728320725,0.3009483319211744,0.9109825303215756
39,bernoulli,54,none,0.7,1.0,pca,none,,18,0.4463052058065235,0.5370443809926677,0.3174641548970961,0.9041205523305212
28,bernoulli,54,none,0.7,1.0,pca,none,,17,0.443215956156729,0.5647307376814635,0.3198220638755829,0.8819984291295767
40,bernoulli,54,none,0.7,1.0,pca,none,,20,0.4506906362130054,0.5498220338983051,0.2999442083415792,0.9170720686798706
18,bernoulli,54,none,0.7,1.0,pca,none,,18,0.4268519910864022,0.6478501228501228,0.3118991439777318,0.9033262222996212
33,bernoulli,54,none,0.7,1.0,pca,none,,16,0.4459609948152831,0.5413961038961039,0.2996179079633637,0.911468342942558
6,bernoulli,54,none,0.7,1.0,pca,none,,19,0.4316000595708776,0.5809454806938028,0.2987754251722059,0.9222370777730128
7,bernoulli,54,none,0.7,1.0,pca,none,,21,0.4495481361556298,0.5222017773949811,0.296272067121333,0.9170817780493528
8,bernoulli,54,none,0.7,1.0,pca,none,,20,0.4332402308871038,0.6001369112814896,0.3097509464860607,0.9047177737166218
14,bernoulli,54,none,0.7,1.0,pca,none,,18,0.4339499857382448,0.5905556768375624,0.2854437097676244,0.9314543175268416
29,bernoulli,54,none,0.7,1.0,pca,none,,16,0.4341865645398965,0.603296095775507,0.304258447945916,0.9084843687354148
3,bernoulli,54,none,0.7,1.0,pca,none,,19,0.4426125609829665,0.5825359855638088,0.3363343711211,0.8668297101449274
38,bernoulli,54,none,0.7,1.0,pca,none,,19,0.4299532848587568,0.6390595267642922,0.2842842774772483,0.924222076475426
25,bernoulli,54,none,0.7,1.0,pca,none,,17,0.4244195178506833,0.5277401676337847,0.2537585929533754,0.9562119315811431
30,bernoulli,54,none,0.7,1.0,pca,none,,18,0.4370430194577886,0.566978495817603,0.2932825188464528,0.9260543142467133
5,bernoulli,54,none,0.7,1.0,pca,none,,27,0.439668424635827,0.61180944831361,0.3042190324873119,0.9052205457126332
32,bernoulli,54,none,0.7,1.0,pca,none,,16,0.4381440054870316,0.5763289926151418,0.2936272785842133,0.9139679524495236
15,bernoulli,54,none,0.7,1.0,pca,none,,19,0.4225892625562137,0.530649272754536,0.2618766706773002,0.94966783451075
4,bernoulli,54,none,0.7,1.0,pca,none,,27,0.4463794374675343,0.5873357321652066,0.2956040683860614,0.9140117397024592
11,bernoulli,54,none,0.7,1.0,pca,none,,20,0.437090801563711,0.6417908618492009,0.3024498125089902,0.9098221475737984
27,bernoulli,54,none,0.7,1.0,pca,none,,18,0.4340923810139103,0.6011402545913269,0.305321596023799,0.914945701710982
9,bernoulli,54,none,0.7,1.0,pca,none,,20,0.4595132094353507,0.5958034261651832,0.3238459477506952,0.892570281124498
31,bernoulli,54,none,0.7,1.0,pca,none,,19,0.4478657124243342,0.5578880058463506,0.3302281845555798,0.8970039774781754
41,bernoulli,54,none,0.7,1.0,pca,none,,16,0.4280917273073414,0.6193445326187776,0.2889794797500771,0.931437467566165
46,bernoulli,54,none,0.7,1.0,pca,none,,19,0.4381558237102979,0.5791545706184175,0.2911496461858602,0.922077455941998
21,bernoulli,54,none,0.7,1.0,pca,none,,17,0.4408944800658844,0.5841194135311782,0.3100005929118301,0.8985458200016408
20,bernoulli,54,none,0.7,1.0,pca,none,,17,0.4147151445949683,0.540785498489426,0.2685643835918305,0.9363848370844609
36,bernoulli,54,none,0.7,1.0,pca,none,,20,0.4490019565403711,0.5592903019481384,0.336059082562986,0.8779027710114118
24,bernoulli,54,none,0.7,1.0,pca,none,,17,0.4311751362877187,0.5341471954635513,0.3122536164800458,0.8973294978368707
17,bernoulli,54,none,0.7,1.0,pca,none,,17,0.4274468348164713,0.6056930969108956,0.3075345609595415,0.8928571428571429
48,bernoulli,54,none,0.7,1.0,pca,none,,17,0.4399017925823844,0.5613486842105263,0.320808666022032,0.8866148002940455
42,bernoulli,54,none,0.7,1.0,pca,none,,18,0.4339589308070579,0.6030808541390642,0.3011112755790741,0.9144269638369934
19,bernoulli,54,none,0.7,1.0,pca,none,,19,0.4378590983357365,0.5807612952124299,0.2917771073556248,0.915504414425942
23,bernoulli,54,none,0.7,1.0,pca,none,,18,0.4353075439050503,0.5833699218930535,0.2946683792108365,0.9185486739152524
35,bernoulli,54,none,0.7,1.0,pca,none,,19,0.4421120292771295,0.5567912803314263,0.2987131882576884,0.916519764957265
34,bernoulli,54,none,0.7,1.0,pca,none,,18,0.4297898604108041,0.5922497685938009,0.2945299133351399,0.9327920613441588
13,bernoulli,54,none,0.7,1.0,pca,none,,17,0.4349376540339291,0.5895554661570954,0.3175377922206327,0.8923353093429072
45,bernoulli,54,none,0.7,1.0,pca,none,,17,0.426180066555329,0.5707100591715977,0.3232415651620826,0.8884376457139419
12,bernoulli,54,none,0.7,1.0,pca,none,,18,0.4492881555429196,0.5667438271604938,0.332493527553777,0.8845383567806062
2,bernoulli,54,none,0.7,1.0,pca,none,,21,0.4288917108235944,0.5654700854700855,0.2761095551315393,0.9272558826806144
0,bernoulli,54,none,0.7,1.0,pca,none,,28,0.4486411320168624,0.5746228727949338,0.3164495626874504,0.8904639571394067
47,bernoulli,54,none,0.7,1.0,pca,none,,18,0.446377267614377,0.5695184082522643,0.3148000710529092,0.9008806201550388
43,bernoulli,54,none,0.7,1.0,pca,none,,19,0.439697265625,0.5430760434534019,0.2532196003545224,0.9583527464656508
16,bernoulli,54,none,0.7,1.0,pca,none,,18,0.4498600569986151,0.5770682399895883,0.3188454363571866,0.8925682624995853
49,bernoulli,54,none,0.7,1.0,pca,none,,17,0.4592395803445899,0.5085778403001072,0.3012439092439843,0.920843537414966
10,bernoulli,54,none,0.7,1.0,pca,none,,21,0.4432700819263214,0.6068344582818392,0.2962780019346516,0.9236396396396396
1,bernoulli,54,none,0.7,1.0,pca,none,,17,0.4281421616170532,0.5963615023474178,0.3098642055282489,0.9052211302211304
37,bernoulli,54,none,0.7,1.0,pca,none,,17,0.436266471447999,0.5478302045003897,0.2625256383954772,0.9418989315183088
26,bernoulli,54,none,0.7,1.0,pca,none,,19,0.4414030260626613,0.599176775644164,0.2989122359638087,0.9161401432143792
44,bernoulli,54,none,0.7,1.0,pca,none,,17,0.4321511645430596,0.6234769687964339,0.2941714839275206,0.9182059065067762
39,bernoulli,54,none,0.7,1.0,pca,none,,19,0.4455307710009136,0.5754415186125212,0.3216734097487196,0.8865902525393718
22,bernoulli,54,none,0.7,1.0,pca,none,,18,0.4312063941470865,0.622273686377438,0.2956791433388357,0.9126251145834988
18,bernoulli,54,none,0.7,1.0,pca,none,,19,0.4326505971024728,0.6307236989055172,0.310757943166948,0.9114295354608386
6,bernoulli,54,none,0.7,1.0,pca,none,,20,0.4339572482554104,0.6001154885383073,0.2975011421430125,0.925027118387528
14,bernoulli,54,none,0.7,1.0,pca,none,,19,0.4344764693871622,0.6119918050680953,0.2882198604358441,0.9270088862367414
7,bernoulli,54,none,0.7,1.0,pca,none,,22,0.4508344370968905,0.5175155619935012,0.2978468847689164,0.9139070061945688
40,bernoulli,54,none,0.7,1.0,pca,none,,21,0.452301230268726,0.5321779661016949,0.3023295864957281,0.921138639957828
33,bernoulli,54,none,0.7,1.0,pca,none,,17,0.4461466689379937,0.5360430194805195,0.2988255195254763,0.9134502455690796
28,bernoulli,54,none,0.7,1.0,pca,none,,18,0.4446722078676324,0.5469039125541291,0.3246026007430869,0.8888407781850405
3,bernoulli,54,none,0.7,1.0,pca,none,,20,0.4427638654847896,0.5875508833773972,0.3340947041453755,0.8672524154589373
38,bernoulli,54,none,0.7,1.0,pca,none,,20,0.4313369994933868,0.6244518904608256,0.2825937489437131,0.9244979543396108
8,bernoulli,54,none,0.7,1.0,pca,none,,21,0.433693882832696,0.6122170500182548,0.3076174297029056,0.9112483435391532
30,bernoulli,54,none,0.7,1.0,pca,none,,19,0.4377521912004147,0.5596870604781997,0.2914904618477607,0.925942057619082
29,bernoulli,54,none,0.7,1.0,pca,none,,17,0.4351770687088507,0.6079762086319964,0.3037459546475197,0.9188880778838938
15,bernoulli,54,none,0.7,1.0,pca,none,,20,0.4214001031299296,0.5844204528415055,0.2569956409867654,0.9502613290448568
11,bernoulli,54,none,0.7,1.0,pca,none,,21,0.437380007910043,0.6207471320717717,0.3007054419166858,0.9090490762257551
25,bernoulli,54,none,0.7,1.0,pca,none,,18,0.4252201197496944,0.5516602192134108,0.2548669393573476,0.9571631205673758
4,bernoulli,54,none,0.7,1.0,pca,none,,28,0.447261826944675,0.5920377902934224,0.2954208624294774,0.9233706102621192
5,bernoulli,54,none,0.7,1.0,pca,none,,28,0.4399239285772888,0.6113423173470737,0.3054698656261784,0.9040797013826822
27,bernoulli,54,none,0.7,1.0,pca,none,,19,0.4333568303755769,0.6174372122741199,0.3017414545359889,0.913474309226803
32,bernoulli,54,none,0.7,1.0,pca,none,,17,0.4367546988006844,0.6055664274842356,0.2900500825271923,0.918703741798812
31,bernoulli,54,none,0.7,1.0,pca,none,,20,0.4406009180508753,0.5793961816022655,0.3202921116550696,0.8912702102381322
46,bernoulli,54,none,0.7,1.0,pca,none,,20,0.4382332889473925,0.5928343572778828,0.2904645066466912,0.9113186892071355
9,bernoulli,54,none,0.7,1.0,pca,none,,21,0.4598020534295718,0.6085175614891378,0.3266210033633556,0.8897317665724627
41,bernoulli,54,none,0.7,1.0,pca,none,,17,0.4285678146698125,0.6071421209935073,0.2895815673723965,0.9252049818370524
21,bernoulli,54,none,0.7,1.0,pca,none,,18,0.4400221806592506,0.6050918565624447,0.3105375780357395,0.9001610058249241
20,bernoulli,54,none,0.7,1.0,pca,none,,18,0.4137531960643399,0.5424372476494339,0.2648129954528135,0.9428970584999892
36,bernoulli,54,none,0.7,1.0,pca,none,,21,0.4496018310497286,0.5829291367960984,0.3459310588392085,0.8567400386790085
17,bernoulli,54,none,0.7,1.0,pca,none,,18,0.4287710299769998,0.6125571540091448,0.308062712155604,0.9067876963294692
24,bernoulli,54,none,0.7,1.0,pca,none,,18,0.4308138563056469,0.5791530026644804,0.3092680457222849,0.8895830030125257
48,bernoulli,54,none,0.7,1.0,pca,none,,18,0.4448803427638812,0.576037885662432,0.325813416281238,0.8883300661602549
19,bernoulli,54,none,0.7,1.0,pca,none,,20,0.4382327619035937,0.5816665964882732,0.2912412191467142,0.9221991701244812
42,bernoulli,54,none,0.7,1.0,pca,none,,19,0.4347928281158352,0.5945764578350569,0.2985372436570254,0.9092055428092792
35,bernoulli,54,none,0.7,1.0,pca,none,,20,0.4375428451266958,0.5445415762477807,0.293756354547311,0.9139957264957266
23,bernoulli,54,none,0.7,1.0,pca,none,,19,0.4365774031698289,0.5653105791006147,0.2893638586449518,0.9221877857941267
34,bernoulli,54,none,0.7,1.0,pca,none,,19,0.4290997213012476,0.6202436644735196,0.2938384942413645,0.927960158427098
45,bernoulli,54,none,0.7,1.0,pca,none,,18,0.4262866249458717,0.6011955077889143,0.3190216477681255,0.891556237434131
13,bernoulli,54,none,0.7,1.0,pca,none,,18,0.4435353539039869,0.5716031378859499,0.3304714928731876,0.8871065375302664
12,bernoulli,54,none,0.7,1.0,pca,none,,19,0.4430544472607124,0.5624539340335359,0.3269687557699893,0.8811552942771398
2,bernoulli,54,none,0.7,1.0,pca,none,,22,0.4293301049683951,0.5832051282051282,0.2764117336430076,0.92579584034525
10,bernoulli,54,none,0.7,1.0,pca,none,,22,0.4432498107507412,0.6096904014957062,0.2944454488059874,0.9255810810810812
47,bernoulli,54,none,0.7,1.0,pca,none,,19,0.4464189770212514,0.5640986665548473,0.3134486818838707,0.8965767441860466
43,bernoulli,54,none,0.7,1.0,pca,none,,20,0.4381776908339184,0.5698799313893653,0.2517427556852752,0.9538674436555564
0,bernoulli,54,none,0.7,1.0,pca,none,,29,0.4485730547833187,0.5680266404733955,0.316936119889023,0.8889796456096437
16,bernoulli,54,none,0.7,1.0,pca,none,,19,0.44995521216563,0.5485228406576721,0.3210870519343193,0.8955509107196178
49,bernoulli,54,none,0.7,1.0,pca,none,,18,0.4584198097087045,0.5344553858520901,0.2996457079127905,0.9207800453514738
26,bernoulli,54,none,0.7,1.0,pca,none,,20,0.4418459533629993,0.598360804366353,0.3063194147577595,0.9038074976939604
39,bernoulli,54,none,0.7,1.0,pca,none,,20,0.4460849086332925,0.5681137196841511,0.312514233265035,0.8992528518256617
1,bernoulli,54,none,0.7,1.0,pca,none,,18,0.4262574184309141,0.6275374469036441,0.3084182602428841,0.9125358312858314
37,bernoulli,54,none,0.7,1.0,pca,none,,18,0.4372114013017216,0.5501829948011719,0.2663987474699545,0.9403236407685246
44,bernoulli,54,none,0.7,1.0,pca,none,,18,0.4329776854954196,0.5975589046911484,0.2897844192157157,0.9236255733866906
22,bernoulli,54,none,0.7,1.0,pca,none,,19,0.4303170880285718,0.6363800113221142,0.2964147840406489,0.9173621156485292
14,bernoulli,54,none,0.7,1.0,pca,none,,20,0.4350369637503688,0.6018740868864296,0.2869171485189586,0.9257414063475764
18,bernoulli,54,none,0.7,1.0,pca,none,,20,0.4277983143017083,0.6321979003797187,0.3103809393200407,0.9019058295964124
6,bernoulli,54,none,0.7,1.0,pca,none,,21,0.4435135493482757,0.5830591388477295,0.3032376935243313,0.9207840367296486
7,bernoulli,54,none,0.7,1.0,pca,none,,23,0.4511484742804789,0.5296402145401872,0.2977639116237036,0.9145335476415032
3,bernoulli,54,none,0.7,1.0,pca,none,,21,0.4437523499278856,0.5609866129506064,0.3343388867707775,0.8710024154589372
15,bernoulli,54,none,0.7,1.0,pca,none,,21,0.4240292190726903,0.559604138551507,0.2609881694503932,0.948850981818646
30,bernoulli,54,none,0.7,1.0,pca,none,,20,0.4376523399791224,0.5595343844844178,0.2968125403101579,0.920077771391623
40,bernoulli,54,none,0.7,1.0,pca,none,,22,0.4520024667510096,0.560957627118644,0.3022635459483314,0.9205637974747096
38,bernoulli,54,none,0.7,1.0,pca,none,,21,0.4420132135168155,0.603096301811864,0.2882578191565159,0.9237015522033792
33,bernoulli,54,none,0.7,1.0,pca,none,,18,0.4534471944854459,0.5471915584415585,0.30225446254995,0.9228370346643888
28,bernoulli,54,none,0.7,1.0,pca,none,,19,0.4453410423902638,0.5579061826367295,0.3278891306023472,0.8799744230072098
11,bernoulli,54,none,0.7,1.0,pca,none,,22,0.4387765041181869,0.6249428048501487,0.3010454998740287,0.9056530842325656
8,bernoulli,54,none,0.7,1.0,pca,none,,22,0.434388609199571,0.5858981380065716,0.3067029294419475,0.9091003577089306
27,bernoulli,54,none,0.7,1.0,pca,none,,20,0.4351965175057631,0.5994036599551108,0.3096848886535669,0.9046546351033448
31,bernoulli,54,none,0.7,1.0,pca,none,,21,0.4469298222399389,0.5673837581072441,0.3253992832859108,0.8940983521876129
29,bernoulli,54,none,0.7,1.0,pca,none,,18,0.4350692799087434,0.5933210690864725,0.3025617538030036,0.9079549309674833
5,bernoulli,54,none,0.7,1.0,pca,none,,29,0.4399668086060792,0.6205009153879546,0.3052279374376443,0.8995741548814469
25,bernoulli,54,none,0.7,1.0,pca,none,,19,0.4264206940527412,0.556431334622824,0.2513047532778147,0.9574718397997496
46,bernoulli,54,none,0.7,1.0,pca,none,,21,0.4392715757256828,0.6059234066972725,0.2896625631107213,0.9187484297046048
32,bernoulli,54,none,0.7,1.0,pca,none,,18,0.438571826127295,0.5766470971950425,0.2969955149530276,0.9133420579236936
4,bernoulli,54,none,0.7,1.0,pca,none,,29,0.4559568998721013,0.5711566541510221,0.2980734951985288,0.9176399149883616
41,bernoulli,54,none,0.7,1.0,pca,none,,18,0.4297054980583437,0.6196227970730702,0.2869936911108842,0.9305448884276076
9,bernoulli,54,none,0.7,1.0,pca,none,,22,0.4600842223603049,0.5989759785625419,0.3249532698084219,0.8909465020576132
21,bernoulli,54,none,0.7,1.0,pca,none,,19,0.4409335314263199,0.603003003003003,0.313423520648359,0.89852018213143
17,bernoulli,54,none,0.7,1.0,pca,none,,19,0.4281247069364783,0.6172019627523141,0.3140859533444243,0.8870288628425721
19,bernoulli,54,none,0.7,1.0,pca,none,,21,0.4388374254009574,0.5773758895111373,0.294754941065742,0.913027583307438
20,bernoulli,54,none,0.7,1.0,pca,none,,19,0.4155820817227993,0.5499618827116921,0.2647906129132265,0.9418795239038128
36,bernoulli,54,none,0.7,1.0,pca,none,,22,0.4493483149228113,0.56416064813581,0.3340555527895176,0.8752749605090276
42,bernoulli,54,none,0.7,1.0,pca,none,,20,0.4347380753637204,0.5968047215100574,0.3008452013075246,0.9136030081211988
24,bernoulli,54,none,0.7,1.0,pca,none,,19,0.4312479468310588,0.5672268907563024,0.313220588062126,0.8964868966454506
23,bernoulli,54,none,0.7,1.0,pca,none,,20,0.4369541918862445,0.5791237232518371,0.293135252368631,0.9214764759678896
48,bernoulli,54,none,0.7,1.0,pca,none,,19,0.4403295974173492,0.5940222323049001,0.3206057369290316,0.8891141876990932
35,bernoulli,54,none,0.7,1.0,pca,none,,21,0.4388875246110602,0.5407624778062734,0.2918208713699246,0.9184762286324788
34,bernoulli,54,none,0.7,1.0,pca,none,,20,0.4288034187270462,0.6283428814449754,0.2897880701220793,0.9341792252890182
10,bernoulli,54,none,0.7,1.0,pca,none,,23,0.4437349887780388,0.6151091675381056,0.2915670176418742,0.9295968468468468
45,bernoulli,54,none,0.7,1.0,pca,none,,19,0.4262674862527461,0.5920661755826591,0.3217557167576834,0.9000997748797939
47,bernoulli,54,none,0.7,1.0,pca,none,,20,0.4476020746919771,0.5745607598121436,0.3191923932936067,0.8970945736434109
43,bernoulli,54,none,0.7,1.0,pca,none,,21,0.4395340908486251,0.5545740423098914,0.2523125295546889,0.9567324742877408
2,bernoulli,54,none,0.7,1.0,pca,none,,23,0.4295644237076171,0.6058600427350427,0.2752643593343681,0.9245820702110316
13,bernoulli,54,none,0.7,1.0,pca,none,,19,0.4369042973115598,0.5848234939153173,0.3160194222277525,0.8956750438340152
12,bernoulli,54,none,0.7,1.0,pca,none,,20,0.4437742266959137,0.5676996959646214,0.3255216890959617,0.8695271723389963
49,bernoulli,54,none,0.7,1.0,pca,none,,19,0.458188523550143,0.5253650857449089,0.302691204315399,0.9080975056689342
26,bernoulli,54,none,0.7,1.0,pca,none,,21,0.4421441484909383,0.5862300313695625,0.3039074963933887,0.8991154406001568
39,bernoulli,54,none,0.7,1.0,pca,none,,21,0.4457516094719996,0.6005975042301185,0.3131405464470344,0.8978605140686412
16,bernoulli,54,none,0.7,1.0,pca,none,,20,0.454161773299474,0.5486584096134658,0.3251805917884793,0.8913871470754122
0,bernoulli,54,none,0.7,1.0,pca,none,,30,0.4481960929490513,0.5632711243142234,0.3184837496211016,0.8994949827635421
22,bernoulli,54,none,0.7,1.0,pca,none,,20,0.4311941435479453,0.6253306571972622,0.3055884782738419,0.9034478373523662
37,bernoulli,54,none,0.7,1.0,pca,none,,19,0.4382720674311015,0.5366137576576664,0.2630063027752585,0.9369775059345004
1,bernoulli,54,none,0.7,1.0,pca,none,,19,0.4274717944583588,0.6252179745137492,0.3045787250315431,0.9075859950859952
44,bernoulli,54,none,0.7,1.0,pca,none,,19,0.4341011686794417,0.6153513054553174,0.2949138412897163,0.9239840109618376
14,bernoulli,54,none,0.7,1.0,pca,none,,21,0.434651553671726,0.61831852759912,0.2857605396981939,0.9220731160114166
18,bernoulli,54,none,0.7,1.0,pca,none,,21,0.4275231209854798,0.6523509046236319,0.3070594575654752,0.9015303234794724
3,bernoulli,54,none,0.7,1.0,pca,none,,22,0.4432012805466623,0.5881174199504805,0.3348612066890503,0.8657125603864734
7,bernoulli,54,none,0.7,1.0,pca,none,,24,0.4517426451541905,0.5365462161844732,0.3050593894255959,0.9118901183565576
6,bernoulli,54,none,0.7,1.0,pca,none,,22,0.4348018929296855,0.586610956157936,0.2982511872518144,0.9183522110945735
38,bernoulli,54,none,0.7,1.0,pca,none,,22,0.4317366031595996,0.6250879043600563,0.2848561811428688,0.922910355309868
30,bernoulli,54,none,0.7,1.0,pca,none,,21,0.4397209029804783,0.5246964986305427,0.2922109721950484,0.9261396292837129
11,bernoulli,54,none,0.7,1.0,pca,none,,23,0.4387055884269448,0.6061827956989247,0.3029215080490011,0.9034489105676092
15,bernoulli,54,none,0.7,1.0,pca,none,,22,0.4225667298117527,0.5400059979007347,0.2586694981020221,0.9449517865461808
31,bernoulli,54,none,0.7,1.0,pca,none,,22,0.4419205631576115,0.5887457750982005,0.31973208199539,0.8875716720905006
40,bernoulli,54,none,0.7,1.0,pca,none,,23,0.4526816369477169,0.5448262711864407,0.3053932086779662,0.9197379320731984
27,bernoulli,54,none,0.7,1.0,pca,none,,21,0.4358277548468828,0.5838930847490948,0.3064134813434848,0.9054185438856914
33,bernoulli,54,none,0.7,1.0,pca,none,,19,0.4471092783761007,0.5283887987012987,0.2999974479169376,0.915456616129262
28,bernoulli,54,none,0.7,1.0,pca,none,,20,0.4450426957457497,0.5483489441254459,0.3224316371681219,0.8869678172956862
8,bernoulli,54,none,0.7,1.0,pca,none,,23,0.4331365873044632,0.598293172690763,0.3063880098546344,0.9144226855019618
5,bernoulli,54,none,0.7,1.0,pca,none,,30,0.4407514086455772,0.6254553347300078,0.3079447742847179,0.8999737132642869
29,bernoulli,54,none,0.7,1.0,pca,none,,19,0.4444828167963562,0.6254241650144883,0.3166228718443266,0.9041177921931062
46,bernoulli,54,none,0.7,1.0,pca,none,,22,0.4394775722909044,0.6055647448015122,0.2901375600108633,0.911282796740964
32,bernoulli,54,none,0.7,1.0,pca,none,,19,0.4394632804544888,0.5537033010396786,0.2942651421775861,0.92382469701015
4,bernoulli,54,none,0.7,1.0,pca,none,,30,0.4474091278812792,0.5917727019885969,0.2938207951924422,0.9159751037344398
25,bernoulli,54,none,0.7,1.0,pca,none,,20,0.4271947513793669,0.5338330109606706,0.2558452369336412,0.9533500208594076
41,bernoulli,54,none,0.7,1.0,pca,none,,19,0.4301434958354973,0.5893074306915387,0.2873134666154429,0.9268785677218474
9,bernoulli,54,none,0.7,1.0,pca,none,,23,0.4595848862606498,0.630270839314767,0.3250126253940236,0.8961896970598442
20,bernoulli,54,none,0.7,1.0,pca,none,,20,0.4169630983020099,0.5515289267865714,0.2641362939235243,0.9426880513937476
36,bernoulli,54,none,0.7,1.0,pca,none,,23,0.450274379845397,0.5803573808064386,0.3363294754267041,0.8693992943295392
48,bernoulli,54,none,0.7,1.0,pca,none,,20,0.4409215679845569,0.5813861161524501,0.3209931538548478,0.8953228375398188
17,bernoulli,54,none,0.7,1.0,pca,none,,20,0.4283841219093058,0.6299040927846549,0.3117326972346108,0.8921714628554287
19,bernoulli,54,none,0.7,1.0,pca,none,,22,0.4392705241289589,0.5959282496105098,0.2929231735382216,0.9190779973312372
21,bernoulli,54,none,0.7,1.0,pca,none,,20,0.4416121956086269,0.5960254372019078,0.3089760331909859,0.9031606366395932
35,bernoulli,54,none,0.7,1.0,pca,none,,22,0.4383530134719472,0.5632397908857762,0.297290799432161,0.9115584935897436
42,bernoulli,54,none,0.7,1.0,pca,none,,21,0.4359660505017495,0.5949550045597674,0.2991525472206418,0.9116819621981864
24,bernoulli,54,none,0.7,1.0,pca,none,,20,0.4308531123490379,0.5896999043519846,0.3148095379739855,0.9027339237581824
23,bernoulli,54,none,0.7,1.0,pca,none,,21,0.4458074997461463,0.5644382308083377,0.305399698126081,0.9228578142465196
34,bernoulli,54,none,0.7,1.0,pca,none,,21,0.4305849759585056,0.6063155129712556,0.2887893236515903,0.928954961968846
10,bernoulli,54,none,0.7,1.0,pca,none,,24,0.4436082855455234,0.6266082010330513,0.2957705986414495,0.9229009009009008
47,bernoulli,54,none,0.7,1.0,pca,none,,21,0.448210654884509,0.5624318601140557,0.3139029244550091,0.8990139534883721
43,bernoulli,54,none,0.7,1.0,pca,none,,22,0.4401686713294491,0.5465694682675815,0.2508199180667653,0.957059310306461
12,bernoulli,54,none,0.7,1.0,pca,none,,21,0.4524814376395856,0.542789524599226,0.3298709038346048,0.8824277941076787
2,bernoulli,54,none,0.7,1.0,pca,none,,24,0.4301412614011686,0.5849786324786326,0.2805334739065732,0.920758987469436
45,bernoulli,54,none,0.7,1.0,pca,none,,20,0.4267933741228149,0.5920480618282815,0.3239987097761579,0.8901172730873557
13,bernoulli,54,none,0.7,1.0,pca,none,,20,0.4369650703978554,0.5756763552247812,0.3249637019538155,0.8895643733823162
26,bernoulli,54,none,0.7,1.0,pca,none,,22,0.4427121349246291,0.5991722424703984,0.3061203034836247,0.8988808377454665
16,bernoulli,54,none,0.7,1.0,pca,none,,21,0.450772443053956,0.518475337295562,0.3168107378992116,0.8975415546929433
39,bernoulli,54,none,0.7,1.0,pca,none,,22,0.4468469617624024,0.5764726099830795,0.3220246078420709,0.8864093582638535
49,bernoulli,54,none,0.7,1.0,pca,none,,20,0.4594370131901941,0.5097836280814577,0.3012710027179611,0.9193605442176872
44,bernoulli,54,none,0.7,1.0,pca,none,,20,0.4339609052215904,0.5802207599235831,0.2916064313723525,0.9236164990176996
22,bernoulli,54,none,0.7,1.0,pca,none,,21,0.4315134266679478,0.6343986413463022,0.2995285352843574,0.9063144118223678
1,bernoulli,54,none,0.7,1.0,pca,none,,20,0.4275110611125975,0.6223172367538564,0.3062549035983754,0.9104780917280916
37,bernoulli,54,none,0.7,1.0,pca,none,,20,0.4386244526585457,0.5537097140151328,0.261062411145941,0.9429473146724752
14,bernoulli,54,none,0.7,1.0,pca,none,,22,0.4355175196586895,0.6130539555660044,0.2880117676511335,0.9265555540136092
18,bernoulli,54,none,0.7,1.0,pca,none,,22,0.4284886715948326,0.6316450748268929,0.3065612228514717,0.9106349862858634
3,bernoulli,54,none,0.7,1.0,pca,none,,23,0.4445917755381271,0.5644750094422761,0.3365138344216478,0.861256038647343
7,bernoulli,54,none,0.7,1.0,pca,none,,25,0.451121901349561,0.5246956113220844,0.2987415836657032,0.913134345540929
38,bernoulli,54,none,0.7,1.0,pca,none,,23,0.4424956053714958,0.6274147844791925,0.2959985720972146,0.9193916112308316
6,bernoulli,54,none,0.7,1.0,pca,none,,23,0.4364929700626178,0.5913884772945176,0.3039179400080985,0.9168739436442068
30,bernoulli,54,none,0.7,1.0,pca,none,,22,0.4396226852514411,0.525260937153009,0.2909207285340049,0.9274507866944464
11,bernoulli,54,none,0.7,1.0,pca,none,,24,0.4389938158227514,0.6287421969474132,0.303089819174206,0.909720912040126
8,bernoulli,54,none,0.7,1.0,pca,none,,24,0.4347471070437398,0.5997672508214675,0.3063408424950027,0.9134223130689348
40,bernoulli,54,none,0.7,1.0,pca,none,,24,0.4525725680325688,0.5592881355932203,0.3047220503951378,0.9165850842181892
31,bernoulli,54,none,0.7,1.0,pca,none,,23,0.4509285770360883,0.5715949575226088,0.32716838718907,0.8838473061625085
15,bernoulli,54,none,0.7,1.0,pca,none,,23,0.4229274091468072,0.5714949767581347,0.2542913157943871,0.9536755180313852
28,bernoulli,54,none,0.7,1.0,pca,none,,21,0.4526103319626861,0.5489212338566605,0.3316878955702851,0.8891428686510654
27,bernoulli,54,none,0.7,1.0,pca,none,,22,0.4353054900197148,0.5867928701322106,0.3094380333775851,0.9031051155846072
33,bernoulli,54,none,0.7,1.0,pca,none,,20,0.4479286743003568,0.5372970779220779,0.2984165398991505,0.9151274112036444
32,bernoulli,54,none,0.7,1.0,pca,none,,20,0.4394390188708239,0.5962487819413238,0.2953738229649839,0.9145763394361698
29,bernoulli,54,none,0.7,1.0,pca,none,,20,0.4373034478494129,0.6062366554826903,0.3060622622703422,0.9173408859601327
46,bernoulli,54,none,0.7,1.0,pca,none,,23,0.4391838605140117,0.604674419389684,0.2923576976154504,0.9245091705251068
41,bernoulli,54,none,0.7,1.0,pca,none,,20,0.4298807056588553,0.6145728125322065,0.2879497529468447,0.9196211728074728
25,bernoulli,54,none,0.7,1.0,pca,none,,21,0.4285346431215344,0.5572856221792392,0.2521355286595133,0.9599165623696287
36,bernoulli,54,none,0.7,1.0,pca,none,,24,0.4505397447207389,0.5889321216320657,0.3359659870400626,0.876352658074612
48,bernoulli,54,none,0.7,1.0,pca,none,,21,0.4414458974401131,0.60247277676951,0.3244547387240736,0.880396961529037
20,bernoulli,54,none,0.7,1.0,pca,none,,21,0.4176396473596945,0.5512606940169975,0.2678350899337471,0.9440163465557828
24,bernoulli,54,none,0.7,1.0,pca,none,,21,0.4330550619249927,0.5569233791077406,0.3100460019896434,0.8954041994156152
9,bernoulli,54,none,0.7,1.0,pca,none,,24,0.4605225780701075,0.5900899607617953,0.3242954600024615,0.8946588824433537
19,bernoulli,54,none,0.7,1.0,pca,none,,23,0.4392403150900928,0.6072508316139628,0.2945310263797305,0.9063648162026796
17,bernoulli,54,none,0.7,1.0,pca,none,,21,0.4304015036118843,0.6147764023642244,0.3103526965841383,0.9024834472562088
35,bernoulli,54,none,0.7,1.0,pca,none,,23,0.4366808272600335,0.5697376208325113,0.2945963977230594,0.912212873931624
21,bernoulli,54,none,0.7,1.0,pca,none,,21,0.4421297743358601,0.5780824942589649,0.3094474476459844,0.9035605874148822
34,bernoulli,54,none,0.7,1.0,pca,none,,22,0.43108349225518,0.6151152027618642,0.2923702102218236,0.9299065131826916
42,bernoulli,54,none,0.7,1.0,pca,none,,22,0.4351207033770947,0.6101613985580812,0.3007381953350914,0.9123511417021742
12,bernoulli,54,none,0.7,1.0,pca,none,,22,0.4451128696233896,0.5550142804496038,0.3251696396050144,0.8838358629274274
10,bernoulli,54,none,0.7,1.0,pca,none,,25,0.4444294590046245,0.6118888043857148,0.2919258246393261,0.9197522522522522
23,bernoulli,54,none,0.7,1.0,pca,none,,22,0.4376939275635406,0.5810532883486619,0.2991156721729084,0.925153693730312
47,bernoulli,54,none,0.7,1.0,pca,none,,22,0.4481548980624403,0.5684910684334116,0.3180427380833686,0.8923782945736435
43,bernoulli,54,none,0.7,1.0,pca,none,,23,0.4405912115791109,0.5497026872498572,0.2568373444377235,0.9544307142410102
16,bernoulli,54,none,0.7,1.0,pca,none,,22,0.4510036666873314,0.5414678321981693,0.3197159095998168,0.8891012242460437
45,bernoulli,54,none,0.7,1.0,pca,none,,21,0.4279793338365235,0.5796039125709456,0.3213413740895844,0.8976680755481352
2,bernoulli,54,none,0.7,1.0,pca,none,,25,0.4305962922281235,0.567190170940171,0.2730908239792582,0.9281354262561348
26,bernoulli,54,none,0.7,1.0,pca,none,,23,0.4438454236602867,0.5978802879471976,0.3043391363646351,0.8995739825434149
13,bernoulli,54,none,0.7,1.0,pca,none,,21,0.4386515958315855,0.5506134969325154,0.3235486355641221,0.8967656758787677
39,bernoulli,54,none,0.7,1.0,pca,none,,23,0.4466901350113108,0.5679639029892837,0.3210434133980127,0.8936615742187286
44,bernoulli,54,none,0.7,1.0,pca,none,,21,0.4345327296775362,0.6048567183188283,0.2955672043683894,0.92059927132817
49,bernoulli,54,none,0.7,1.0,pca,none,,21,0.4592946079520688,0.5085744908896035,0.3052460978560852,0.9109795918367348
1,bernoulli,54,none,0.7,1.0,pca,none,,21,0.4401087469129718,0.5967806841046278,0.3058022378727353,0.9089987714987716
22,bernoulli,54,none,0.7,1.0,pca,none,,22,0.4323155231863712,0.6466162317945551,0.307964177690431,0.8980432052647476
37,bernoulli,54,none,0.7,1.0,pca,none,,21,0.4391441615446997,0.5083408142528781,0.2658773794027371,0.9362604770414952
14,bernoulli,54,none,0.7,1.0,pca,none,,23,0.4360331057920014,0.6000562561923795,0.2903858000298275,0.9223229113180405
18,bernoulli,54,none,0.7,1.0,pca,none,,23,0.4292084711355621,0.6401831583649766,0.3099120266741312,0.9117506204014106
3,bernoulli,54,none,0.7,1.0,pca,none,,24,0.4442845912232702,0.5831707163540224,0.3350362887584025,0.8715277777777777
8,bernoulli,54,none,0.7,1.0,pca,none,,25,0.4344785100431502,0.5932000730193502,0.3045466904618354,0.9097802645140616
6,bernoulli,54,none,0.7,1.0,pca,none,,24,0.4358481660869299,0.5902989627821843,0.2979965357435085,0.9235791226255644
40,bernoulli,54,none,0.7,1.0,pca,none,,25,0.4522735554416127,0.5556059322033898,0.2999189575323693,0.915761729045862
7,bernoulli,54,none,0.7,1.0,pca,none,,26,0.4527516142070184,0.4961789922875151,0.2989590177406336,0.9171105591052192
38,bernoulli,54,none,0.7,1.0,pca,none,,24,0.4439558814184086,0.6021293538512452,0.2975177833306948,0.920729358609992
28,bernoulli,54,none,0.7,1.0,pca,none,,22,0.4456661560078969,0.5525791190553404,0.3222217183113725,0.889877955451726
11,bernoulli,54,none,0.7,1.0,pca,none,,25,0.439382267643605,0.6377177501062196,0.3035187803322893,0.9064767733474448
31,bernoulli,54,none,0.7,1.0,pca,none,,24,0.4437105913527776,0.5325705672787066,0.3218208480392296,0.8944057027739036
30,bernoulli,54,none,0.7,1.0,pca,none,,23,0.4403906252977588,0.5219992227403952,0.2904152533735333,0.9210746102449888
32,bernoulli,54,none,0.7,1.0,pca,none,,21,0.4395990426147699,0.5759988081144854,0.2953191822042784,0.924338980973682
15,bernoulli,54,none,0.7,1.0,pca,none,,24,0.4241702373438035,0.5206477732793522,0.2555739288330766,0.950197512428286
27,bernoulli,54,none,0.7,1.0,pca,none,,23,0.4367594582243752,0.5767705892953685,0.3064703377400265,0.9077710357040548
33,bernoulli,54,none,0.7,1.0,pca,none,,21,0.4475648703521022,0.533575487012987,0.300928302834299,0.9103383692789524
29,bernoulli,54,none,0.7,1.0,pca,none,,21,0.4373309115221889,0.5784943571755377,0.3042647167249652,0.9184306025310208
36,bernoulli,54,none,0.7,1.0,pca,none,,25,0.4573553517456483,0.5556725208538763,0.3419946588746101,0.8765519583093435
24,bernoulli,54,none,0.7,1.0,pca,none,,22,0.4329227892277815,0.5534945685591309,0.3095160836938493,0.8938458402228816
41,bernoulli,54,none,0.7,1.0,pca,none,,21,0.4325948326242242,0.5839791816963826,0.2942404295257023,0.9194032174364296
48,bernoulli,54,none,0.7,1.0,pca,none,,22,0.4460604058946518,0.5746200090744102,0.3257228250051913,0.8883974516049988
46,bernoulli,54,none,0.7,1.0,pca,none,,24,0.4397152436863299,0.6095775384823116,0.2895284068322611,0.9286412906930837
25,bernoulli,54,none,0.7,1.0,pca,none,,22,0.4264010371822264,0.5763056092843326,0.252124358548477,0.956328744263663
20,bernoulli,54,none,0.7,1.0,pca,none,,22,0.4172577738063444,0.5308608860151904,0.2656560907680894,0.9453941434008756
12,bernoulli,54,none,0.7,1.0,pca,none,,23,0.444698680326984,0.5750529758614334,0.3258568618812862,0.8799598222813796
17,bernoulli,54,none,0.7,1.0,pca,none,,22,0.4304959408018204,0.6132764581242333,0.3083062945680401,0.8937838822344597
9,bernoulli,54,none,0.7,1.0,pca,none,,25,0.4608890863629496,0.5924633936261844,0.3257197370019221,0.8892731419505181
21,bernoulli,54,none,0.7,1.0,pca,none,,22,0.4419544664065534,0.6102234587528705,0.3103845039875993,0.8945924604151283
19,bernoulli,54,none,0.7,1.0,pca,none,,24,0.4401671648551108,0.5836161522590425,0.2917058938191458,0.9124198000255908
42,bernoulli,54,none,0.7,1.0,pca,none,,23,0.4351296072565028,0.6299404649242046,0.3012554221041235,0.9056638989038204
35,bernoulli,54,none,0.7,1.0,pca,none,,24,0.4394037854789049,0.57294954626159,0.2935787589533149,0.9147702991452992
34,bernoulli,54,none,0.7,1.0,pca,none,,23,0.4313903359113699,0.6164973857353714,0.2887513186891177,0.9342132092609412
10,bernoulli,54,none,0.7,1.0,pca,none,,26,0.4453045024488292,0.5958662103495262,0.2910795077670358,0.9242927927927928
47,bernoulli,54,none,0.7,1.0,pca,none,,23,0.4481229769023946,0.5678620848708488,0.3136065561163021,0.8995627906976743
43,bernoulli,54,none,0.7,1.0,pca,none,,24,0.4420392384351702,0.5112178387650086,0.2483339525754833,0.9573583304938004
23,bernoulli,54,none,0.7,1.0,pca,none,,23,0.4430449795266202,0.5691870407172899,0.299903828385261,0.9168212071943908
16,bernoulli,54,none,0.7,1.0,pca,none,,23,0.4509032799947275,0.5342392954752505,0.3158018084350165,0.8949802594472646
44,bernoulli,54,none,0.7,1.0,pca,none,,22,0.4357819884831848,0.5944003396306516,0.2912345421254024,0.9231809293061284
2,bernoulli,54,none,0.7,1.0,pca,none,,26,0.4310396593703812,0.5406623931623932,0.2765762023979641,0.928276153228218
13,bernoulli,54,none,0.7,1.0,pca,none,,22,0.4373296337841047,0.5674142612893492,0.3198930156765444,0.8977101945395342
45,bernoulli,54,none,0.7,1.0,pca,none,,22,0.4371094834069329,0.591426156261321,0.3317135244345134,0.8936971356086019
26,bernoulli,54,none,0.7,1.0,pca,none,,24,0.4438238022104737,0.5786822970498106,0.3033504616024453,0.9010669098005342
39,bernoulli,54,none,0.7,1.0,pca,none,,24,0.4470065503461875,0.5993945642978004,0.3244643487603322,0.8809057869723232
49,bernoulli,54,none,0.7,1.0,pca,none,,22,0.4595168900151195,0.5426614415862807,0.3016824103408744,0.917560090702948
1,bernoulli,54,none,0.7,1.0,pca,none,,22,0.4284313741534,0.6024815560026827,0.3031659526296626,0.9117782555282556
37,bernoulli,54,none,0.7,1.0,pca,none,,22,0.4373294634187447,0.5789541181228974,0.2619325561593909,0.9407147474374364
8,bernoulli,54,none,0.7,1.0,pca,none,,26,0.4371139321588222,0.5847389558232932,0.3095430187624231,0.9095464112180291
22,bernoulli,54,none,0.7,1.0,pca,none,,23,0.4324896906577696,0.6124337399001595,0.2989508183738786,0.9103254966168062
28,bernoulli,54,none,0.7,1.0,pca,none,,23,0.4451044834896751,0.5509671696457527,0.3258888478601712,0.8743656100213478
14,bernoulli,54,none,0.7,1.0,pca,none,,24,0.4367894635759769,0.6225293455809502,0.2868999054430263,0.9263381395800664
32,bernoulli,54,none,0.7,1.0,pca,none,,22,0.441459331865368,0.5563729635266926,0.2957194325071261,0.9233519934521804
18,bernoulli,54,none,0.7,1.0,pca,none,,24,0.4289568150354348,0.652563100290373,0.3094359506426882,0.912322042753276
40,bernoulli,54,none,0.7,1.0,pca,none,,26,0.4545559158530204,0.5362627118644068,0.30500898762265,0.9133217862790872
3,bernoulli,54,none,0.7,1.0,pca,none,,25,0.450095142796973,0.5905671660581644,0.3369694539851416,0.8689673913043479
6,bernoulli,54,none,0.7,1.0,pca,none,,25,0.4363417449983788,0.5821276039396845,0.2987638167454297,0.9221109457379988
31,bernoulli,54,none,0.7,1.0,pca,none,,25,0.4439798122683716,0.548236959897689,0.3220008918708391,0.8916163024949636
11,bernoulli,54,none,0.7,1.0,pca,none,,26,0.440254768772498,0.6083684674968134,0.3019356928601331,0.906476773347445
38,bernoulli,54,none,0.7,1.0,pca,none,,25,0.4326454480587184,0.6217733929014644,0.2833057875192549,0.9273504273504274
7,bernoulli,54,none,0.7,1.0,pca,none,,27,0.4518264876635879,0.5256038836471832,0.2955155365937271,0.9162249881554886
30,bernoulli,54,none,0.7,1.0,pca,none,,24,0.4413205291423911,0.5197044562884003,0.2912978269740205,0.917455456570156
27,bernoulli,54,none,0.7,1.0,pca,none,,24,0.4362102298042498,0.5979210013270204,0.3032371161264205,0.9114082832018194
36,bernoulli,54,none,0.7,1.0,pca,none,,26,0.4505109363269984,0.5726754257388801,0.3338746900196414,0.8687349602137681
15,bernoulli,54,none,0.7,1.0,pca,none,,25,0.4243998209586651,0.5570100464837306,0.2581681053201778,0.949463621337724
33,bernoulli,54,none,0.7,1.0,pca,none,,22,0.4481017613736647,0.5515503246753246,0.3004253312835301,0.9123847782760338
24,bernoulli,54,none,0.7,1.0,pca,none,,23,0.4346129150081879,0.5475379176060668,0.3123094335294413,0.8887721126186324
29,bernoulli,54,none,0.7,1.0,pca,none,,22,0.4378481229221089,0.6015565426262011,0.3110252151218072,0.9202296629074872
48,bernoulli,54,none,0.7,1.0,pca,none,,23,0.4459724555319711,0.595440108892922,0.3257784612339596,0.8836620926243568
41,bernoulli,54,none,0.7,1.0,pca,none,,22,0.4335572339051968,0.595516850458621,0.2890890727845673,0.922579138557343
20,bernoulli,54,none,0.7,1.0,pca,none,,23,0.4154073898436389,0.5554041844312052,0.2644311780288816,0.9447726222691571
46,bernoulli,54,none,0.7,1.0,pca,none,,25,0.4401689421557496,0.5819690116122064,0.2928515772153584,0.9162494167474248
12,bernoulli,54,none,0.7,1.0,pca,none,,24,0.4450634879192481,0.5791413303851115,0.3255623930786098,0.8840946764522827
25,bernoulli,54,none,0.7,1.0,pca,none,,23,0.4272072213063968,0.5154416505480335,0.2514029713779039,0.9593324989570295
17,bernoulli,54,none,0.7,1.0,pca,none,,23,0.4310280781714045,0.5900245344039255,0.3126952515029609,0.8882180890955452
42,bernoulli,54,none,0.7,1.0,pca,none,,24,0.4362483854181967,0.6082944749384861,0.2990501426766595,0.908732109690812
9,bernoulli,54,none,0.7,1.0,pca,none,,26,0.4632181063458865,0.521667145181357,0.3272372224949145,0.8912006048886906
21,bernoulli,54,none,0.7,1.0,pca,none,,23,0.4423376401360032,0.6121709945239358,0.3116990195509819,0.8963255804413816
35,bernoulli,54,none,0.7,1.0,pca,none,,25,0.4390616304925203,0.5529690274215822,0.2928381819642965,0.9147168803418804
19,bernoulli,54,none,0.7,1.0,pca,none,,25,0.4405539901816362,0.5978904374921049,0.2958209499713432,0.9169713199407756
34,bernoulli,54,none,0.7,1.0,pca,none,,24,0.4322584916985616,0.620894103519876,0.2909924030639594,0.9293565907279366
16,bernoulli,54,none,0.7,1.0,pca,none,,24,0.4511168475261345,0.5617760617760619,0.3217586691362065,0.8987226701171162
10,bernoulli,54,none,0.7,1.0,pca,none,,27,0.4455661553189994,0.6206626105143076,0.2953803055238729,0.9237612612612612
47,bernoulli,54,none,0.7,1.0,pca,none,,24,0.4490040805223423,0.5562311304931231,0.3148004023999547,0.8871565891472868
44,bernoulli,54,none,0.7,1.0,pca,none,,23,0.4357983671364343,0.5938187221396731,0.2928161477968054,0.9177771425719484
43,bernoulli,54,none,0.7,1.0,pca,none,,25,0.4415358462864256,0.5406575185820469,0.2504627296547604,0.9560023087140046
23,bernoulli,54,none,0.7,1.0,pca,none,,24,0.4368583367407453,0.6110482044645746,0.2900740733995131,0.9246075093994512
13,bernoulli,54,none,0.7,1.0,pca,none,,23,0.4389383649636922,0.5550286633812733,0.3189833558211347,0.8942295649995825
2,bernoulli,54,none,0.7,1.0,pca,none,,27,0.4316800129728442,0.5794658119658119,0.2765210670211158,0.926247339380684
45,bernoulli,54,none,0.7,1.0,pca,none,,23,0.4283213659326599,0.6069073783359498,0.3206818707168508,0.8938274947480308
26,bernoulli,54,none,0.7,1.0,pca,none,,25,0.4445673245774622,0.5818781845545703,0.302813747214474,0.9104350283389584
8,bernoulli,54,none,0.7,1.0,pca,none,,27,0.4361049344232161,0.6080914567360352,0.3056640015623379,0.9094251539534198
39,bernoulli,54,none,0.7,1.0,pca,none,,25,0.4480819249432814,0.5540970459672871,0.3195875500649919,0.8996831609356071
1,bernoulli,54,none,0.7,1.0,pca,none,,23,0.4298995795093263,0.5884473507712944,0.3077398993951872,0.9132473382473384
49,bernoulli,54,none,0.7,1.0,pca,none,,23,0.460016121763212,0.5232717041800643,0.3017224781866885,0.9150748299319728
32,bernoulli,54,none,0.7,1.0,pca,none,,23,0.4408876022071392,0.5871767614537782,0.2922248678740843,0.9253653604583472
22,bernoulli,54,none,0.7,1.0,pca,none,,24,0.4330756554561896,0.5905923524265349,0.297801617046261,0.908979637253811
37,bernoulli,54,none,0.7,1.0,pca,none,,23,0.4392551060750518,0.5578036677879825,0.263770007486489,0.9343212398081404
40,bernoulli,54,none,0.7,1.0,pca,none,,27,0.4544780688025205,0.5580974576271186,0.3048035449561841,0.913833873032608
28,bernoulli,54,none,0.7,1.0,pca,none,,24,0.4474074959113781,0.5504187253200055,0.3252162182019249,0.8893895758649858
14,bernoulli,54,none,0.7,1.0,pca,none,,25,0.4369685316856639,0.5930914037179466,0.2858700115000463,0.930871461811386
18,bernoulli,54,none,0.7,1.0,pca,none,,25,0.4301342808842692,0.6430254634800089,0.3092517838607814,0.9080554225260132
3,bernoulli,54,none,0.7,1.0,pca,none,,26,0.4451415587143654,0.57396449704142,0.336975589607431,0.866243961352657
6,bernoulli,54,none,0.7,1.0,pca,none,,26,0.436776329025361,0.5790497254423429,0.2991456358303879,0.9256502106404983
31,bernoulli,54,none,0.7,1.0,pca,none,,26,0.4522058932419771,0.5768521055997077,0.3268979950141451,0.8945245105635622
11,bernoulli,54,none,0.7,1.0,pca,none,,27,0.4417574675208939,0.5873819328692356,0.3030012738504795,0.9063847410441066
36,bernoulli,54,none,0.7,1.0,pca,none,,27,0.4517655863012647,0.5520947152413187,0.3358718009401709,0.8681296780193987
7,bernoulli,54,none,0.7,1.0,pca,none,,28,0.4518948331941436,0.5310809223662061,0.3001182606181509,0.912138078222482
38,bernoulli,54,none,0.7,1.0,pca,none,,26,0.4340410760325772,0.6119022503516175,0.2852000372724789,0.924201255504544
30,bernoulli,54,none,0.7,1.0,pca,none,,25,0.4415536651213426,0.5166000444148345,0.2935086552409505,0.926108197427976
24,bernoulli,54,none,0.7,1.0,pca,none,,24,0.4334325061007097,0.5970571155291385,0.3094373832768679,0.9036399465446556
27,bernoulli,54,none,0.7,1.0,pca,none,,25,0.4378426776535519,0.5760497386916561,0.3030686901331228,0.9080184379801556
48,bernoulli,54,none,0.7,1.0,pca,none,,24,0.4432608709266288,0.5869895644283122,0.3218830612247208,0.8877481009556482
20,bernoulli,54,none,0.7,1.0,pca,none,,24,0.4185211417407997,0.5988155405596183,0.2682502685813945,0.9400204606956636
15,bernoulli,54,none,0.7,1.0,pca,none,,26,0.424746577355177,0.5579547158494527,0.2600894143337754,0.94988481100709
29,bernoulli,54,none,0.7,1.0,pca,none,,23,0.4384967315045273,0.5518768110416349,0.3045504212742762,0.914955845918189
33,bernoulli,54,none,0.7,1.0,pca,none,,23,0.4478354509785316,0.5614610389610389,0.2990748564938796,0.9153098085272974
12,bernoulli,54,none,0.7,1.0,pca,none,,25,0.445150078047508,0.5706536760641239,0.327153538906121,0.880927291886196
41,bernoulli,54,none,0.7,1.0,pca,none,,23,0.4343953155322516,0.581407812016902,0.297146008420032,0.9217073170731708
46,bernoulli,54,none,0.7,1.0,pca,none,,26,0.4413736381974301,0.584277106400216,0.2953690681572202,0.9136113204838304
25,bernoulli,54,none,0.7,1.0,pca,none,,24,0.4283036750174873,0.5854609929078014,0.2528689690840439,0.9552690863579474
42,bernoulli,54,none,0.7,1.0,pca,none,,25,0.4378846895494517,0.6071975497702908,0.3004402977757799,0.9112358425288613
17,bernoulli,54,none,0.7,1.0,pca,none,,24,0.4319624585643737,0.5952827032452326,0.3116983622143539,0.9094420278986052
9,bernoulli,54,none,0.7,1.0,pca,none,,27,0.4610935528921845,0.5765527801703513,0.3237667149754202,0.8957682582180574
44,bernoulli,54,none,0.7,1.0,pca,none,,24,0.4360404703087698,0.6159032052642752,0.2940870811290792,0.9205266763762414
21,bernoulli,54,none,0.7,1.0,pca,none,,24,0.4420845424097457,0.6151651651651652,0.3132869467847565,0.9007660595619
35,bernoulli,54,none,0.7,1.0,pca,none,,26,0.4397933321255234,0.561094397317025,0.2959435179963551,0.9103565705128204
19,bernoulli,54,none,0.7,1.0,pca,none,,26,0.4407764769643578,0.5887826855867615,0.2917794310476398,0.9179949549417806
16,bernoulli,54,none,0.7,1.0,pca,none,,25,0.4521286632588768,0.5492277992277992,0.3216141097133511,0.8886168342125345
47,bernoulli,54,none,0.7,1.0,pca,none,,25,0.4495844306290145,0.5654509812143576,0.3147003197355316,0.9024217054263566
43,bernoulli,54,none,0.7,1.0,pca,none,,26,0.4415232241765964,0.5590909090909091,0.2495147271917419,0.9575739031869988
23,bernoulli,54,none,0.7,1.0,pca,none,,25,0.4386366655956923,0.5776794379997228,0.2902194274708774,0.9218448328421908
34,bernoulli,54,none,0.7,1.0,pca,none,,25,0.4318476046914578,0.6153903885122458,0.2897256641494877,0.9306109082370968
10,bernoulli,54,none,0.7,1.0,pca,none,,28,0.4457642455656808,0.6040616978800266,0.2927265183081913,0.9203378378378376
45,bernoulli,54,none,0.7,1.0,pca,none,,24,0.4273177778870213,0.6058265909914261,0.3233603638889392,0.8893802425682756
13,bernoulli,54,none,0.7,1.0,pca,none,,24,0.438637158182685,0.5746655938851454,0.3236632816795409,0.8869134591299991
8,bernoulli,54,none,0.7,1.0,pca,none,,28,0.4369485990663999,0.5809054399415845,0.3064577322607588,0.9115125111513378
2,bernoulli,54,none,0.7,1.0,pca,none,,28,0.4316974447145139,0.5544871794871795,0.2778860217365472,0.92350316342506
32,bernoulli,54,none,0.7,1.0,pca,none,,24,0.44123745957188,0.5693669316195953,0.2933605879797919,0.926096300219282
26,bernoulli,54,none,0.7,1.0,pca,none,,26,0.4445480678709006,0.5831021414712869,0.3034420970093165,0.912461143902192
1,bernoulli,54,none,0.7,1.0,pca,none,,24,0.4303489449109714,0.5928347864967584,0.3095659442196298,0.9045838452088452
28,bernoulli,54,none,0.7,1.0,pca,none,,25,0.4458819646545373,0.5474189733122222,0.3266017388310371,0.8758055745760663
39,bernoulli,54,none,0.7,1.0,pca,none,,26,0.4506304245620968,0.606167160180485,0.3252653327226276,0.8907535616986522
40,bernoulli,54,none,0.7,1.0,pca,none,,28,0.4537402448577614,0.553728813559322,0.300266816775997,0.921379621959485
49,bernoulli,54,none,0.7,1.0,pca,none,,24,0.4595351951920063,0.5356846195069668,0.3012243326617439,0.9195192743764172
37,bernoulli,54,none,0.7,1.0,pca,none,,24,0.439728578493584,0.5192711775789443,0.2644876787158833,0.9377271270499148
22,bernoulli,54,none,0.7,1.0,pca,none,,25,0.4328532554359953,0.6350676753641089,0.2964171467830712,0.9077026604566384
18,bernoulli,54,none,0.7,1.0,pca,none,,26,0.4306630071856313,0.6567009157918249,0.3113479598366745,0.898836475249249
14,bernoulli,54,none,0.7,1.0,pca,none,,26,0.4379169486825593,0.5870585568187543,0.2886403325957589,0.922387673064202
6,bernoulli,54,none,0.7,1.0,pca,none,,27,0.4379860698257125,0.5942157674540225,0.2965032609194163,0.9256224615927954
36,bernoulli,54,none,0.7,1.0,pca,none,,28,0.450647949925306,0.5987860778722384,0.3351230729405888,0.8717761341659653
31,bernoulli,54,none,0.7,1.0,pca,none,,27,0.4484009638134503,0.5690280442130264,0.3270322337092492,0.8900356423368976
3,bernoulli,54,none,0.7,1.0,pca,none,,27,0.4459261430712339,0.5680420915690966,0.3343575495328655,0.8667089371980676
11,bernoulli,54,none,0.7,1.0,pca,none,,28,0.440908167868473,0.6354299441121678,0.3025397998266427,0.9015875572325888
24,bernoulli,54,none,0.7,1.0,pca,none,,25,0.4341438343862377,0.5824793331966932,0.3110689177821606,0.8985571587125417
48,bernoulli,54,none,0.7,1.0,pca,none,,25,0.4424834147540246,0.5721018602540834,0.3213359137698758,0.8808686596422446
30,bernoulli,54,none,0.7,1.0,pca,none,,26,0.4408981132894801,0.5423097564586572,0.2917861594360826,0.9153989151519504
27,bernoulli,54,none,0.7,1.0,pca,none,,26,0.4366053391329356,0.6041219548157736,0.3054902188691019,0.906191133449656
38,bernoulli,54,none,0.7,1.0,pca,none,,27,0.4339104088929776,0.6145859187556879,0.284458718185943,0.9227229665719312
7,bernoulli,54,none,0.7,1.0,pca,none,,29,0.4525713827143605,0.5147750851505304,0.2968563023752579,0.913807379462724
20,bernoulli,54,none,0.7,1.0,pca,none,,25,0.4179183537413348,0.557430047717198,0.2657276684429581,0.9438100895430444
12,bernoulli,54,none,0.7,1.0,pca,none,,26,0.4463947596688478,0.5569548092868989,0.327710980386263,0.8743059792086468
15,bernoulli,54,none,0.7,1.0,pca,none,,27,0.4247041254389322,0.5869995501574449,0.2571389329275922,0.9498146127288624
29,bernoulli,54,none,0.7,1.0,pca,none,,24,0.4382215748244104,0.6001220070154034,0.3098350019080849,0.9078778283799204
33,bernoulli,54,none,0.7,1.0,pca,none,,24,0.4481291451787833,0.5585227272727273,0.299290206285235,0.9108166061641396
41,bernoulli,54,none,0.7,1.0,pca,none,,24,0.4350796233124157,0.5477017417293621,0.2895912669602173,0.9299325376232488
46,bernoulli,54,none,0.7,1.0,pca,none,,27,0.4411150385239118,0.6175356130164731,0.2910729550209607,0.9153790244427696
25,bernoulli,54,none,0.7,1.0,pca,none,,25,0.4289582566657545,0.5455834945196648,0.2509294903618216,0.9572799332498956
44,bernoulli,54,none,0.7,1.0,pca,none,,25,0.4358716703090275,0.587544045850138,0.2926418515159872,0.91608930993961
42,bernoulli,54,none,0.7,1.0,pca,none,,26,0.437691425270478,0.6041175559646919,0.2984607657506028,0.91734267453294
9,bernoulli,54,none,0.7,1.0,pca,none,,28,0.4615873669464558,0.5822471049861231,0.3250710075092465,0.8931156725668105
16,bernoulli,54,none,0.7,1.0,pca,none,,26,0.4513947568006662,0.553305713418073,0.3167670277035856,0.9020702697322583
17,bernoulli,54,none,0.7,1.0,pca,none,,25,0.4325575432230906,0.6083472733355637,0.3099729164275025,0.8877627547194069
21,bernoulli,54,none,0.7,1.0,pca,none,,25,0.442728661089177,0.6037360890302067,0.3100131024006688,0.8968691032898515
19,bernoulli,54,none,0.7,1.0,pca,none,,27,0.4412722426365675,0.572163038443724,0.2920523616574789,0.9203392618860476
23,bernoulli,54,none,0.7,1.0,pca,none,,26,0.439612041985269,0.5801058372232749,0.2934777225556251,0.923172187785794
35,bernoulli,54,none,0.7,1.0,pca,none,,27,0.4431104087041383,0.570082856579207,0.2944672218970503,0.9127337072649572
43,bernoulli,54,none,0.7,1.0,pca,none,,27,0.4430623172657929,0.5357918810749,0.2511820119233103,0.9570593103064609
34,bernoulli,54,none,0.7,1.0,pca,none,,26,0.4325323086175723,0.6080479323543393,0.289278478096725,0.928973498680804
47,bernoulli,54,none,0.7,1.0,pca,none,,26,0.4494646808976091,0.5543546628648105,0.3192762383236332,0.894170542635659
45,bernoulli,54,none,0.7,1.0,pca,none,,25,0.4292013192152545,0.587338485690134,0.3189730667774424,0.8942636964838129
8,bernoulli,54,none,0.7,1.0,pca,none,,29,0.4383991912343142,0.5638280394304491,0.3082199005086915,0.910997167776748
10,bernoulli,54,none,0.7,1.0,pca,none,,29,0.4451353992521101,0.620147669296828,0.2913651255820915,0.9262477477477478
13,bernoulli,54,none,0.7,1.0,pca,none,,25,0.4469762474017476,0.5874031982299105,0.3273760558872739,0.896917007597896
32,bernoulli,54,none,0.7,1.0,pca,none,,25,0.4414990420412101,0.5863875399644045,0.2966711323090357,0.915250379694756
2,bernoulli,54,none,0.7,1.0,pca,none,,29,0.4321741285207072,0.5889636752136752,0.2774764401727482,0.9273321097904929
28,bernoulli,54,none,0.7,1.0,pca,none,,26,0.4463088283710982,0.5649215009252018,0.3228608616426062,0.8813438997865227
26,bernoulli,54,none,0.7,1.0,pca,none,,27,0.444280063343952,0.6057952093419645,0.3054802558273514,0.9009709359054336
40,bernoulli,54,none,0.7,1.0,pca,none,,29,0.4538638733666416,0.5435677966101695,0.3034757457834607,0.9202048347014083
1,bernoulli,54,none,0.7,1.0,pca,none,,25,0.4310440843433533,0.6103677621283254,0.3044873705196039,0.9067388411138412
39,bernoulli,54,none,0.7,1.0,pca,none,,27,0.4486330443378757,0.5675232656514382,0.3158557010939872,0.8927351762622857
37,bernoulli,54,none,0.7,1.0,pca,none,,25,0.4403941104162918,0.5442788229143032,0.2611978670971495,0.9393676022445177
49,bernoulli,54,none,0.7,1.0,pca,none,,25,0.4590408290476707,0.5461347802786709,0.3030083185948783,0.9115827664399092
36,bernoulli,54,none,0.7,1.0,pca,none,,29,0.4517437007034202,0.5565786317725129,0.3366425567415718,0.8770169921903833
18,bernoulli,54,none,0.7,1.0,pca,none,,27,0.4372782656212628,0.633521331248604,0.3140926783092442,0.9018949453611388
22,bernoulli,54,none,0.7,1.0,pca,none,,26,0.4334245987603757,0.6238330502804796,0.2976032284948943,0.909249868858192
14,bernoulli,54,none,0.7,1.0,pca,none,,27,0.4374367293519885,0.6076466439402846,0.286468153120559,0.9280774550484094
6,bernoulli,54,none,0.7,1.0,pca,none,,28,0.4377590672617608,0.56603002701996,0.2985667413207059,0.9215811911909388
24,bernoulli,54,none,0.7,1.0,pca,none,,26,0.4344967040396768,0.5707026713124274,0.3087665098424819,0.8988017848648893
48,bernoulli,54,none,0.7,1.0,pca,none,,26,0.4436515987792195,0.5837965063520871,0.3223922596282998,0.8855672629257535
11,bernoulli,54,none,0.7,1.0,pca,none,,29,0.4415634516755017,0.5945149851292609,0.3019701263260567,0.9042702988749052
3,bernoulli,54,none,0.7,1.0,pca,none,,28,0.4463704742366718,0.5806737588652482,0.3372005737110599,0.8709420289855072
31,bernoulli,54,none,0.7,1.0,pca,none,,28,0.4526431547199111,0.5723577235772357,0.3293889542578853,0.8848752518208586
20,bernoulli,54,none,0.7,1.0,pca,none,,26,0.4190068233123324,0.5437007651692689,0.2665094209396093,0.941054495852859
12,bernoulli,54,none,0.7,1.0,pca,none,,27,0.4493926333706875,0.5450409987101529,0.3297200150749805,0.8827697976940947
7,bernoulli,54,none,0.7,1.0,pca,none,,30,0.452410562222643,0.522201777394981,0.3000359652736441,0.9131919076526614
27,bernoulli,54,none,0.7,1.0,pca,none,,27,0.4384937070625541,0.5729574534314127,0.3081433715721118,0.914516003020912
30,bernoulli,54,none,0.7,1.0,pca,none,,27,0.4415290965399591,0.5136760678066474,0.2913269323650406,0.921914289819671
38,bernoulli,54,none,0.7,1.0,pca,none,,28,0.4445614923470848,0.6137740961363449,0.2946732211774764,0.9255390028837044
29,bernoulli,54,none,0.7,1.0,pca,none,,25,0.4425278314361839,0.575101037059631,0.3060180637280948,0.9174539697552252
15,bernoulli,54,none,0.7,1.0,pca,none,,28,0.4263404358995967,0.5101514469935522,0.2616838318034919,0.9480149841415708
33,bernoulli,54,none,0.7,1.0,pca,none,,25,0.4560280736962779,0.5498133116883117,0.3015533668241876,0.9112192148907396
41,bernoulli,54,none,0.7,1.0,pca,none,,25,0.4385643512207815,0.5791507781098629,0.2986475953958343,0.9194161909704204
44,bernoulli,54,none,0.7,1.0,pca,none,,26,0.4374194581962653,0.5940819358947146,0.2957054616818139,0.9207989074459736
46,bernoulli,54,none,0.7,1.0,pca,none,,28,0.4422142431846167,0.5810997839589522,0.2966848442026272,0.921296794802771
25,bernoulli,54,none,0.7,1.0,pca,none,,26,0.4301719015857967,0.5735009671179885,0.2509307225738473,0.9581560283687944
16,bernoulli,54,none,0.7,1.0,pca,none,,27,0.4518741245182151,0.5566786690382196,0.3182935705220797,0.8920473773265651
42,bernoulli,54,none,0.7,1.0,pca,none,,27,0.4380359092171232,0.6010633721630504,0.3026730382986657,0.9001329254524928
17,bernoulli,54,none,0.7,1.0,pca,none,,26,0.4322045383970171,0.5926842868294859,0.3150123220637356,0.8903983372259958
9,bernoulli,54,none,0.7,1.0,pca,none,,29,0.4613816820496371,0.5945162216480047,0.3313943926080707,0.894510139322723
23,bernoulli,54,none,0.7,1.0,pca,none,,27,0.4399501278909262,0.5818620880898462,0.2961512200336034,0.920428564170308
43,bernoulli,54,none,0.7,1.0,pca,none,,28,0.4424428162291075,0.5578158947970269,0.2529141189320136,0.9561970195336676
19,bernoulli,54,none,0.7,1.0,pca,none,,28,0.4417886175029848,0.5738599519979789,0.2935518565393568,0.9087822399327324
21,bernoulli,54,none,0.7,1.0,pca,none,,26,0.4427824089309201,0.621135841724077,0.3115141218460752,0.8989406432028879
8,bernoulli,54,none,0.7,1.0,pca,none,,30,0.4364293997770997,0.5954499817451625,0.3066811747375818,0.9113739314203556
47,bernoulli,54,none,0.7,1.0,pca,none,,27,0.4496905627222588,0.5747389718215363,0.3158507002800549,0.8963534883720929
35,bernoulli,54,none,0.7,1.0,pca,none,,28,0.4410269466328858,0.5582215427105939,0.2937369257472594,0.91015625
34,bernoulli,54,none,0.7,1.0,pca,none,,27,0.4338101886412349,0.6079353563655467,0.2886183780763015,0.9305120457733208
32,bernoulli,54,none,0.7,1.0,pca,none,,26,0.4416419556140677,0.5854976524687332,0.2971737387526665,0.9225947923824698
10,bernoulli,54,none,0.7,1.0,pca,none,,30,0.4458195493326095,0.6073058275501473,0.2915115483239142,0.9298828828828828
45,bernoulli,54,none,0.7,1.0,pca,none,,26,0.4299430953952549,0.5874713198889023,0.3210945700196425,0.9017643608140428
40,bernoulli,54,none,0.7,1.0,pca,none,,30,0.4543412099182546,0.5511313559322035,0.3033072557850812,0.9164294500087858
28,bernoulli,54,none,0.7,1.0,pca,none,,27,0.4479815820480042,0.5511388565651171,0.3283005086087596,0.876105147621541
13,bernoulli,54,none,0.7,1.0,pca,none,,26,0.4401543850058578,0.5590566227496732,0.3188674242980743,0.8904619270268014
2,bernoulli,54,none,0.7,1.0,pca,none,,30,0.432109250413666,0.6042094017094017,0.2769198199908727,0.9263997936004408
26,bernoulli,54,none,0.7,1.0,pca,none,,28,0.4446263632229296,0.5933743132241746,0.3016157958021097,0.9053484118986304
1,bernoulli,54,none,0.7,1.0,pca,none,,26,0.4303301600237787,0.6062989045383411,0.3040174305398491,0.906920556920557
36,bernoulli,54,none,0.7,1.0,pca,none,,30,0.4521291081888126,0.5884390906910428,0.3370518057279794,0.8675760662562558
39,bernoulli,54,none,0.7,1.0,pca,none,,28,0.4484475689598282,0.5748730964467005,0.317930845864765,0.897197235058407
37,bernoulli,54,none,0.7,1.0,pca,none,,26,0.4414131197774579,0.5458078899860904,0.2701455730934053,0.9341908709185032
24,bernoulli,54,none,0.7,1.0,pca,none,,27,0.4365620094684311,0.597236455557833,0.3136559089217156,0.9018641418831684
48,bernoulli,54,none,0.7,1.0,pca,none,,27,0.4431696918747017,0.5895530852994555,0.3209881982624393,0.8907130605243814
12,bernoulli,54,none,0.7,1.0,pca,none,,28,0.4533191462300035,0.5768034825870646,0.3334854816853976,0.8817222191411087
11,bernoulli,54,none,0.7,1.0,pca,none,,30,0.4410136848724642,0.6174093865411642,0.3008750546316264,0.913227342797322
49,bernoulli,54,none,0.7,1.0,pca,none,,26,0.4603470398685185,0.5368803590568061,0.3059407039587564,0.9059637188208618
20,bernoulli,54,none,0.7,1.0,pca,none,,27,0.4187930882049341,0.5786698478131971,0.2660624604300177,0.940515477526236
18,bernoulli,54,none,0.7,1.0,pca,none,,28,0.4308933331136483,0.6225150770605317,0.3084530570021103,0.9105587966389482
6,bernoulli,54,none,0.7,1.0,pca,none,,29,0.43764588784668,0.5869323629390744,0.298931203778649,0.925733457783608
31,bernoulli,54,none,0.7,1.0,pca,none,,29,0.4448572307777642,0.5650863250205536,0.3248072534070996,0.8871222687122269
22,bernoulli,54,none,0.7,1.0,pca,none,,27,0.4340764700809054,0.6191086408316606,0.2993275825442605,0.9030981258643436
3,bernoulli,54,none,0.7,1.0,pca,none,,29,0.4457221907232989,0.5900950522472617,0.3386270293185181,0.866256038647343
14,bernoulli,54,none,0.7,1.0,pca,none,,28,0.438602488899214,0.5961938907454365,0.2889632750659067,0.9290257520457772
27,bernoulli,54,none,0.7,1.0,pca,none,,28,0.4379516722350081,0.6024959452153542,0.3097423111751797,0.9119985763518148
44,bernoulli,54,none,0.7,1.0,pca,none,,27,0.4383482543535481,0.5763659520271704,0.2975194110868867,0.927032998942836
15,bernoulli,54,none,0.7,1.0,pca,none,,29,0.4287710299769998,0.5431099115309642,0.2610255783727175,0.9479064958934008
30,bernoulli,54,none,0.7,1.0,pca,none,,28,0.4416822397737417,0.524946332074913,0.2902476013784337,0.9274013937782888
38,bernoulli,54,none,0.7,1.0,pca,none,,29,0.4461409742542156,0.6009193761892943,0.2927145172746527,0.9269756498745536
16,bernoulli,54,none,0.7,1.0,pca,none,,28,0.4523894654201384,0.5471508828250401,0.3200393768387224,0.903413954414253
29,bernoulli,54,none,0.7,1.0,pca,none,,26,0.4398859054664008,0.5883502363885923,0.3102763094931806,0.912755852086396
41,bernoulli,54,none,0.7,1.0,pca,none,,26,0.434317320143252,0.5905905390085542,0.2866612914717168,0.9290243902439024
33,bernoulli,54,none,0.7,1.0,pca,none,,26,0.4494092786021221,0.5231209415584416,0.2996737539064508,0.90856555626735
42,bernoulli,54,none,0.7,1.0,pca,none,,28,0.4380227440041302,0.617530154687957,0.2985760367233278,0.9152714046396444
46,bernoulli,54,none,0.7,1.0,pca,none,,29,0.4414031779764677,0.5932056778287875,0.2934910632313083,0.9122877857937618
32,bernoulli,54,none,0.7,1.0,pca,none,,27,0.4418648219791135,0.5969172042231403,0.2922210689375565,0.9285626748018364
23,bernoulli,54,none,0.7,1.0,pca,none,,28,0.439415807199147,0.5850857327725655,0.2909702035160692,0.9198442739558989
47,bernoulli,54,none,0.7,1.0,pca,none,,28,0.4500202823412617,0.5687688695068769,0.3147360790338933,0.8874728682170543
43,bernoulli,54,none,0.7,1.0,pca,none,,29,0.4423929343844538,0.543327615780446,0.2518910767793907,0.9537700882457252
25,bernoulli,54,none,0.7,1.0,pca,none,,27,0.4302903541290536,0.5560041908446164,0.2499310726275131,0.9596412181894034
34,bernoulli,54,none,0.7,1.0,pca,none,,28,0.433732225455159,0.5919495659570211,0.2897313216107716,0.9326623043604524
28,bernoulli,54,none,0.7,1.0,pca,none,,28,0.4462451370626103,0.5698288853703668,0.3247633232712363,0.8867412494461675
17,bernoulli,54,none,0.7,1.0,pca,none,,27,0.4326565898922859,0.5830935652949705,0.3137858401113713,0.9046154835115388
35,bernoulli,54,none,0.7,1.0,pca,none,,29,0.440254548769039,0.5636959952653384,0.2916847319911991,0.9136818910256412
19,bernoulli,54,none,0.7,1.0,pca,none,,29,0.441900297517195,0.586214156385532,0.2943702616988551,0.910994022702762
9,bernoulli,54,none,0.7,1.0,pca,none,,30,0.461663627884202,0.5883816633170638,0.3289475236126885,0.8904382963954585
21,bernoulli,54,none,0.7,1.0,pca,none,,27,0.4441745339150752,0.5934596361066949,0.3156551464715997,0.894889859709574
12,bernoulli,54,none,0.7,1.0,pca,none,,29,0.4506854287685675,0.5617341533075364,0.3294858754383858,0.887979960438504
24,bernoulli,54,none,0.7,1.0,pca,none,,28,0.435909650453112,0.5416581266653002,0.30944644844694,0.9056286665609642
48,bernoulli,54,none,0.7,1.0,pca,none,,28,0.4526936516865861,0.5859857078039927,0.3334001484107984,0.8818763783386425
45,bernoulli,54,none,0.7,1.0,pca,none,,27,0.4286745268842409,0.6133860644849656,0.3224505154215307,0.8866176315749891
20,bernoulli,54,none,0.7,1.0,pca,none,,28,0.4203107408394569,0.5736440127622329,0.2646391046996941,0.942022528765978
26,bernoulli,54,none,0.7,1.0,pca,none,,29,0.4453537570513513,0.5798155904912148,0.3015183668504657,0.9019786618039892
44,bernoulli,54,none,0.7,1.0,pca,none,,28,0.4380204987345115,0.5919082997240501,0.2930152983243841,0.9206945522025762
39,bernoulli,54,none,0.7,1.0,pca,none,,29,0.4492342407209378,0.5486948322053018,0.3174839973546963,0.9011495008962488
6,bernoulli,54,none,0.7,1.0,pca,none,,30,0.4373137724845487,0.5819314913274645,0.2983414295610152,0.9189626901440427
13,bernoulli,54,none,0.7,1.0,pca,none,,27,0.4401769314566532,0.5721110328874586,0.3215339678014469,0.8972405443767221
18,bernoulli,54,none,0.7,1.0,pca,none,,29,0.4314935183242708,0.6574045119499663,0.3100716295280418,0.9024718098306412
1,bernoulli,54,none,0.7,1.0,pca,none,,27,0.4315964516523456,0.5973116476637604,0.3076006203686097,0.903992628992629
27,bernoulli,54,none,0.7,1.0,pca,none,,29,0.4392057443088956,0.6187478497354151,0.3103001292049558,0.9113865812477756
3,bernoulli,54,none,0.7,1.0,pca,none,,30,0.4466145036287672,0.5648054891099081,0.3345220042113159,0.8694263285024155
14,bernoulli,54,none,0.7,1.0,pca,none,,29,0.4386682240172012,0.5996616232010613,0.2876490108318816,0.9247931093502084
15,bernoulli,54,none,0.7,1.0,pca,none,,30,0.4272345317911021,0.5020242914979757,0.2588933194879177,0.9483595938710522
31,bernoulli,54,none,0.7,1.0,pca,none,,30,0.4450498442112678,0.5666986388965013,0.321695656023973,0.8867348520068187
37,bernoulli,54,none,0.7,1.0,pca,none,,27,0.4408384908393677,0.5479436514121674,0.2633012922451951,0.9404920339176396
22,bernoulli,54,none,0.7,1.0,pca,none,,28,0.4336969751053321,0.6470227986207606,0.2972934434183158,0.9142041149385092
16,bernoulli,54,none,0.7,1.0,pca,none,,29,0.4529598362582826,0.5489946206238341,0.3189247937677465,0.8909127102617697
49,bernoulli,54,none,0.7,1.0,pca,none,,27,0.4609318102469277,0.4936629153269025,0.3023555354105743,0.9154965986394558
30,bernoulli,54,none,0.7,1.0,pca,none,,29,0.4415631648313103,0.5231789917832557,0.2913199631930493,0.9154932107191608
32,bernoulli,54,none,0.7,1.0,pca,none,,28,0.4420576942977607,0.6058160791798539,0.2955100655075888,0.9230018426684992
38,bernoulli,54,none,0.7,1.0,pca,none,,30,0.4354827902138424,0.6225697029866799,0.284047440107629,0.9273035801659432
23,bernoulli,54,none,0.7,1.0,pca,none,,29,0.4403578029255698,0.5436578546009151,0.2929291762009118,0.9241184838939132
43,bernoulli,54,none,0.7,1.0,pca,none,,30,0.4423215878458461,0.5545397369925672,0.2527431109184755,0.9570593103064612
42,bernoulli,54,none,0.7,1.0,pca,none,,29,0.4378911551779431,0.6033217475093346,0.2997255500449227,0.9178525255835972
46,bernoulli,54,none,0.7,1.0,pca,none,,30,0.4420504805911441,0.6069867337294086,0.2925173524453351,0.921027601306486
47,bernoulli,54,none,0.7,1.0,pca,none,,29,0.449776659616955,0.5779572710499833,0.3141667382828776,0.9025364341085272
41,bernoulli,54,none,0.7,1.0,pca,none,,27,0.43515289346438,0.5523600948160362,0.2857758700999527,0.9299065905552673
34,bernoulli,54,none,0.7,1.0,pca,none,,29,0.4336784726786762,0.6073349510919871,0.2901817125108509,0.9285904066336712
35,bernoulli,54,none,0.7,1.0,pca,none,,30,0.4402709471871008,0.5491097849674491,0.2962187490599079,0.9107905982905984
29,bernoulli,54,none,0.7,1.0,pca,none,,27,0.4399937843024604,0.5958374637791672,0.3051570672973063,0.9197721875546144
19,bernoulli,54,none,0.7,1.0,pca,none,,30,0.4421337512883633,0.5902101141100677,0.2996993982779337,0.906460781984024
28,bernoulli,54,none,0.7,1.0,pca,none,,29,0.4476239630488209,0.5439184677896263,0.3247837291568953,0.8835516776090546
33,bernoulli,54,none,0.7,1.0,pca,none,,27,0.4497226211214774,0.5043141233766233,0.3001770912453077,0.9212421702612285
12,bernoulli,54,none,0.7,1.0,pca,none,,30,0.4473625977516574,0.5670662889257416,0.3295773539119304,0.8721153075875497
25,bernoulli,54,none,0.7,1.0,pca,none,,28,0.4310442917628468,0.5287717601547389,0.254152120241698,0.9573967459324156
24,bernoulli,54,none,0.7,1.0,pca,none,,29,0.4354613181617113,0.553537268565963,0.310437957089024,0.9037396090511678
39,bernoulli,54,none,0.7,1.0,pca,none,,30,0.4492242729842634,0.5740535109983079,0.3144414556008442,0.8956897827624201
27,bernoulli,54,none,0.7,1.0,pca,none,,30,0.4388053188336752,0.6020822752666328,0.3119918506487242,0.907028828875752
48,bernoulli,54,none,0.7,1.0,pca,none,,29,0.4465952851451466,0.5947425136116152,0.3276684172940243,0.8787490811075718
20,bernoulli,54,none,0.7,1.0,pca,none,,29,0.4208419478670963,0.5871615325973403,0.2644285717473277,0.9465931841682618
44,bernoulli,54,none,0.7,1.0,pca,none,,29,0.4390974003778057,0.5885756739545743,0.2940048968481467,0.9139840563336828
17,bernoulli,54,none,0.7,1.0,pca,none,,28,0.4333476149822064,0.5786941005910561,0.3169798537773501,0.9002549872506375
26,bernoulli,54,none,0.7,1.0,pca,none,,30,0.4459317736669018,0.581148343578306,0.3031378733467444,0.9139327436270668
18,bernoulli,54,none,0.7,1.0,pca,none,,30,0.4313504896703496,0.6316059861514407,0.3143517822542448,0.9062323131176804
23,bernoulli,54,none,0.7,1.0,pca,none,,30,0.4394702484185606,0.5802791514535287,0.2921726345421837,0.9231404328828372
21,bernoulli,54,none,0.7,1.0,pca,none,,28,0.4437576051517026,0.6138447270800212,0.309742888473667,0.9059654196406596
14,bernoulli,54,none,0.7,1.0,pca,none,,30,0.4384101358576346,0.6113620715713111,0.2903228809648245,0.9204957049084777
22,bernoulli,54,none,0.7,1.0,pca,none,,29,0.4449974752740283,0.6120426123205188,0.3028372559009081,0.906489267566379
16,bernoulli,54,none,0.7,1.0,pca,none,,30,0.4527502812511596,0.5654201553077958,0.3221907673215909,0.8960950200723268
47,bernoulli,54,none,0.7,1.0,pca,none,,30,0.4501614837183346,0.5575415129151291,0.3154588101291509,0.8978108527131783
45,bernoulli,54,none,0.7,1.0,pca,none,,28,0.4423276685825356,0.5804975244535684,0.327822920849084,0.9011426479952268
30,bernoulli,54,none,0.7,1.0,pca,none,,30,0.4422914692804462,0.5364895625138797,0.2910297569581496,0.9272801566204468
32,bernoulli,54,none,0.7,1.0,pca,none,,29,0.4436660579750782,0.5801824873362165,0.2952330760013684,0.9178940181115494
34,bernoulli,54,none,0.7,1.0,pca,none,,30,0.4334695139739266,0.6353476096365046,0.2951147068002732,0.9303513942696844
42,bernoulli,54,none,0.7,1.0,pca,none,,30,0.4394380015843881,0.5956991930072095,0.2998184673112292,0.915565024217925
13,bernoulli,54,none,0.7,1.0,pca,none,,28,0.4407046996739222,0.5820174997485669,0.3256479498304496,0.8919752442180846
1,bernoulli,54,none,0.7,1.0,pca,none,,28,0.4326488750210808,0.5910854012966689,0.3057218624955943,0.9065110565110566
37,bernoulli,54,none,0.7,1.0,pca,none,,28,0.4406491597633657,0.5621886375519143,0.2626152625659514,0.9360431955587664
49,bernoulli,54,none,0.7,1.0,pca,none,,28,0.4604886180732292,0.518790192926045,0.3039871627848413,0.911546485260771
28,bernoulli,54,none,0.7,1.0,pca,none,,30,0.4482036565704678,0.5523406650006677,0.3292752834676249,0.8855278527409676
44,bernoulli,54,none,0.7,1.0,pca,none,,30,0.4374633501233113,0.5945361918913181,0.2936284711729217,0.9256945295166538
24,bernoulli,54,none,0.7,1.0,pca,none,,30,0.4456428339948817,0.5810403429664548,0.3158279007546788,0.904314933520578
20,bernoulli,54,none,0.7,1.0,pca,none,,30,0.4219278196541806,0.562159414970212,0.267356112187099,0.9430565639231734
48,bernoulli,54,none,0.7,1.0,pca,none,,30,0.444771538471824,0.565364110707804,0.3199704483848523,0.8873437882871845
22,bernoulli,54,none,0.7,1.0,pca,none,,30,0.4350183641733797,0.6095517472080696,0.2985061581509957,0.9114541109645148
41,bernoulli,54,none,0.7,1.0,pca,none,,28,0.4338415485972773,0.6105843553540142,0.2885955053956613,0.9307524649714582
29,bernoulli,54,none,0.7,1.0,pca,none,,28,0.4476516423812132,0.5888697193838647,0.308923074787973,0.9177109783804344
32,bernoulli,54,none,0.7,1.0,pca,none,,30,0.442344209110907,0.6011290699266346,0.2958145274421855,0.9145150630490254
33,bernoulli,54,none,0.7,1.0,pca,none,,28,0.4498028150975839,0.5334415584415584,0.299025165196566,0.92037689515268
25,bernoulli,54,none,0.7,1.0,pca,none,,29,0.4311640425722516,0.5534332688588007,0.2585536533858912,0.9575969962453066
17,bernoulli,54,none,0.7,1.0,pca,none,,29,0.4336700372342585,0.6173023307683729,0.311888430120847,0.9099187897747968
21,bernoulli,54,none,0.7,1.0,pca,none,,29,0.4447187179255546,0.590015015015015,0.3092931475394262,0.9026581343834604
45,bernoulli,54,none,0.7,1.0,pca,none,,29,0.4303106297969692,0.5824839995169664,0.3224750647404839,0.8925790552973442
13,bernoulli,54,none,0.7,1.0,pca,none,,29,0.4413353010564244,0.5573217338831339,0.3247640115176147,0.8887085664189697
1,bernoulli,54,none,0.7,1.0,pca,none,,29,0.4449172357144849,0.5885311871227364,0.3094360951103012,0.9060503685503684
37,bernoulli,54,none,0.7,1.0,pca,none,,29,0.4427421743884967,0.5089771034537186,0.2659041536674215,0.9441314987533476
49,bernoulli,54,none,0.7,1.0,pca,none,,29,0.4612561756847436,0.5263833065380493,0.3022395365901956,0.9183446712018142
41,bernoulli,54,none,0.7,1.0,pca,none,,29,0.4353469081679496,0.5931670617334843,0.286142655030828,0.9211053450960042
29,bernoulli,54,none,0.7,1.0,pca,none,,29,0.4388668133301576,0.5949462406588378,0.3086519548596783,0.9140254746949308
33,bernoulli,54,none,0.7,1.0,pca,none,,29,0.4504157000639239,0.541810064935065,0.2977913842615995,0.9230016371271976
25,bernoulli,54,none,0.7,1.0,pca,none,,30,0.4312354728076318,0.5546018697614442,0.2581248847277663,0.9564288694201084
17,bernoulli,54,none,0.7,1.0,pca,none,,30,0.4331505202609411,0.591541206646593,0.3123100776517351,0.9028530716321328
21,bernoulli,54,none,0.7,1.0,pca,none,,30,0.4445174129591858,0.6183183183183183,0.3104804225814234,0.9005917220444664
45,bernoulli,54,none,0.7,1.0,pca,none,,30,0.4305334779845511,0.5985146721410458,0.3227325986445309,0.8908693450456007
13,bernoulli,54,none,0.7,1.0,pca,none,,30,0.4406364615282122,0.5952780850849844,0.3203582498396417,0.8922309426400601
1,bernoulli,54,none,0.7,1.0,pca,none,,30,0.4325955215436566,0.6219483568075117,0.3054570481188282,0.904826986076986
37,bernoulli,54,none,0.7,1.0,pca,none,,30,0.4417200745224365,0.5632392546044649,0.2637370276311778,0.9427734894862922
49,bernoulli,54,none,0.7,1.0,pca,none,,30,0.460955280025691,0.5087587084673098,0.3026974563237191,0.9216643990929704
41,bernoulli,54,none,0.7,1.0,pca,none,,30,0.4354255746845851,0.5966196021848913,0.2874422932843312,0.9283134405812142
29,bernoulli,54,none,0.7,1.0,pca,none,,30,0.449097243752194,0.6560164709470795,0.3112290046305551,0.903763120290317
33,bernoulli,54,none,0.7,1.0,pca,none,,30,0.45016201334702893,0.5162459415584416,0.299933849929345,0.9218627660331696
