seed,model_type,n_samples,pre_revision,j_percentage,train_retention,baseline_embedding_type,pre_population_match,pre_population_match_version,mirt_dim,rmse_mirt,auc_mirt,val_rmse_mirt,val_auc_mirt
1,beta,54,none,0.3,1.0,pca,none,,2,0.3127482381964687,0.5194672131147541,0.2403294677473652,0.9103220666894276
3,beta,54,none,0.3,1.0,pca,none,,2,0.311989187940452,0.5763680763680764,0.2569417989153603,0.8719031255113728
0,beta,54,none,0.3,1.0,pca,none,,2,0.3148578266754858,0.5812670565302145,0.2314360411513272,0.8776942355889723
1,beta,54,none,0.3,1.0,pca,none,,3,0.3172380792288518,0.5410457029309488,0.2423636733989631,0.9148173438033458
3,beta,54,none,0.3,1.0,pca,none,,3,0.3173227928337611,0.5921300921300922,0.261675503702026,0.8806414662084765
0,beta,54,none,0.3,1.0,pca,none,,3,0.3169721323227928,0.5325730994152047,0.2321563454131124,0.877218045112782
1,beta,54,none,0.3,1.0,pca,none,,4,0.3149351843877301,0.5809736711376056,0.2307680901589388,0.9172072379651758
7,beta,54,none,0.3,1.0,pca,none,,2,0.3114433903229947,0.50125102124183,0.2452408300171845,0.8877825877825878
3,beta,54,none,0.3,1.0,pca,none,,4,0.3135242960586535,0.5655733155733156,0.2425764252730573,0.8806087383406971
0,beta,54,none,0.3,1.0,pca,none,,4,0.3134773705968215,0.5776413255360624,0.2294548815983731,0.8799749373433585
7,beta,54,none,0.3,1.0,pca,none,,3,0.3185720260083457,0.5264501633986929,0.2534166457301537,0.8917267917267919
1,beta,54,none,0.3,1.0,pca,none,,5,0.3346360858460302,0.528936910084451,0.2745314784692238,0.9088995106407192
3,beta,54,none,0.3,1.0,pca,none,,5,0.3104408131025765,0.5846098346098346,0.2464469993172003,0.8746195385370643
4,beta,54,none,0.3,1.0,pca,none,,2,0.3090615408856482,0.5895202880217963,0.2103490923184831,0.9198161389172624
0,beta,54,none,0.3,1.0,pca,none,,5,0.3147184898967045,0.5477777777777777,0.2295707324733141,0.8785213032581453
7,beta,54,none,0.3,1.0,pca,none,,4,0.3105498979529313,0.556423611111111,0.2228242842405643,0.8927609427609429
3,beta,54,none,0.3,1.0,pca,none,,6,0.3272234019463485,0.5322732822732823,0.2702871862035935,0.8868270332187858
1,beta,54,none,0.3,1.0,pca,none,,6,0.3159698608796937,0.5576875310481868,0.2276418069199632,0.9109195402298852
8,beta,54,none,0.3,1.0,pca,none,,2,0.28088226384259,0.5555958862673926,0.2169009379918203,0.899503781856723
4,beta,54,none,0.3,1.0,pca,none,,3,0.3102637025549092,0.5913204242483214,0.2093007642890811,0.9188798093292476
7,beta,54,none,0.3,1.0,pca,none,,5,0.314810910653909,0.5536151960784313,0.2234554336926862,0.895983645983646
0,beta,54,none,0.3,1.0,pca,none,,6,0.326143914583293,0.5218713450292397,0.2680087557365878,0.8846365914786968
3,beta,54,none,0.3,1.0,pca,none,,7,0.3158996788992039,0.6068931068931069,0.2378848483882906,0.8843397152675503
1,beta,54,none,0.3,1.0,pca,none,,7,0.3209440355647629,0.5719696969696969,0.2326512206938557,0.9130249231819734
8,beta,54,none,0.3,1.0,pca,none,,3,0.2959177873283707,0.5483565234926396,0.2358667583390283,0.9079587608999372
19,beta,54,none,0.3,1.0,pca,none,,2,0.2937122701195348,0.6401877037203552,0.1908894978633844,0.9220860975255436
7,beta,54,none,0.3,1.0,pca,none,,6,0.3153644057235826,0.5530535130718954,0.2219636501594816,0.8982443482443482
4,beta,54,none,0.3,1.0,pca,none,,4,0.3123901889507773,0.5686970905906393,0.2084693623543656,0.9230791056633754
3,beta,54,none,0.3,1.0,pca,none,,8,0.3151773204956177,0.5675435675435676,0.2441725748137177,0.8797578137784323
0,beta,54,none,0.3,1.0,pca,none,,7,0.3217961330456201,0.4985575048732944,0.2481180374312082,0.8900751879699247
20,beta,54,none,0.3,1.0,pca,none,,2,0.2936383415616083,0.5521186973469131,0.1645923810948652,0.9424340027788304
1,beta,54,none,0.3,1.0,pca,none,,8,0.3282767807639493,0.5332215598609041,0.2439624364995407,0.9155855240696484
19,beta,54,none,0.3,1.0,pca,none,,3,0.2967469416037334,0.6105990783410139,0.1904303232818162,0.9237567188029636
8,beta,54,none,0.3,1.0,pca,none,,4,0.2959810273889828,0.5714660213752772,0.2293291283689691,0.920773714891362
7,beta,54,none,0.3,1.0,pca,none,,7,0.3165936444920303,0.5623468137254901,0.2254564070280619,0.8963443963443963
3,beta,54,none,0.3,1.0,pca,none,,9,0.3286364860333884,0.5542235542235542,0.2632612067949977,0.8878088692521682
4,beta,54,none,0.3,1.0,pca,none,,5,0.3118733560446181,0.606694560669456,0.2114205392799982,0.9161559414368404
0,beta,54,none,0.3,1.0,pca,none,,8,0.3207410178989562,0.567270955165692,0.2400180649167427,0.8758145363408522
20,beta,54,none,0.3,1.0,pca,none,,3,0.2952790528989907,0.526258434972128,0.1564534055447689,0.9433181760767968
1,beta,54,none,0.3,1.0,pca,none,,9,0.3188152209107669,0.5779309488325881,0.2271275708363244,0.9106350290201431
2,beta,54,none,0.3,1.0,pca,none,,2,0.2842395758692744,0.5891957364341086,0.16850102720846,0.945160031225605
19,beta,54,none,0.3,1.0,pca,none,,4,0.2972744588253673,0.6558390468697314,0.1941498963350829,0.9209481381046922
16,beta,54,none,0.3,1.0,pca,none,,2,0.3243508242269246,0.5392521193821855,0.2261646493604147,0.8808428279287176
7,beta,54,none,0.3,1.0,pca,none,,8,0.3112284420583023,0.5779207516339868,0.2196118457998532,0.8947089947089948
8,beta,54,none,0.3,1.0,pca,none,,5,0.298968724602975,0.526537608388788,0.2335027597226504,0.9070193187840248
42,beta,54,none,0.3,1.0,pca,none,,2,0.2918719806555815,0.6138050994866572,0.2417049754064101,0.9175824175824177
3,beta,54,none,0.3,1.0,pca,none,,10,0.3238401615496536,0.5713175713175713,0.2499661348174858,0.8876125020454917
4,beta,54,none,0.3,1.0,pca,none,,6,0.3134921179979136,0.602510460251046,0.2084299290753338,0.9195040290545908
20,beta,54,none,0.3,1.0,pca,none,,4,0.294419979457607,0.5381616999874262,0.1592049958874194,0.9431287103700898
0,beta,54,none,0.3,1.0,pca,none,,9,0.3238292100471752,0.5798050682261209,0.248339300421309,0.8831328320802004
2,beta,54,none,0.3,1.0,pca,none,,3,0.2876067751101031,0.5498062015503876,0.1638401147805468,0.9473067915690866
1,beta,54,none,0.3,1.0,pca,none,,10,0.3201299240064288,0.5660705414803774,0.2293226955374342,0.910378968931376
6,beta,54,none,0.3,1.0,pca,none,,2,0.3087648086625859,0.5446672521467604,0.2152455127970531,0.9164325256627812
34,beta,54,none,0.3,1.0,pca,none,,2,0.3195561341014048,0.5993409812057603,0.2152178108917126,0.9177227160960848
19,beta,54,none,0.3,1.0,pca,none,,5,0.3020110811227899,0.6059345846914691,0.1904037360090023,0.927703258922086
45,beta,54,none,0.3,1.0,pca,none,,2,0.3200008225057879,0.5713255813953488,0.2457424866118617,0.8912409919457398
14,beta,54,none,0.3,1.0,pca,none,,2,0.2802549482354524,0.5982945167797543,0.2196746425746008,0.9054879550716785
16,beta,54,none,0.3,1.0,pca,none,,3,0.3252599611831461,0.54044245732203,0.224727135347047,0.8851884312007011
7,beta,54,none,0.3,1.0,pca,none,,9,0.3135806472390244,0.5030892565359477,0.2202385088264357,0.9035834535834536
8,beta,54,none,0.3,1.0,pca,none,,6,0.2994368841204344,0.6109094575519258,0.2324209613942374,0.9211832153008624
9,beta,54,none,0.3,1.0,pca,none,,2,0.3046987849370932,0.620082564351627,0.2128633079151473,0.9218205574912892
3,beta,54,none,0.3,1.0,pca,none,,11,0.3166221423699736,0.5680985680985681,0.2432860562505759,0.8828342333496972
42,beta,54,none,0.3,1.0,pca,none,,3,0.2962525392375238,0.5388401001230325,0.2439452114059202,0.9137624280481422
10,beta,54,none,0.3,1.0,pca,none,,2,0.2991331326574302,0.5857059457517514,0.2333557137686449,0.8955143132688823
20,beta,54,none,0.3,1.0,pca,none,,5,0.2995510706067234,0.555597468460539,0.1796628582685095,0.9368763420487558
36,beta,54,none,0.3,1.0,pca,none,,2,0.291935790876687,0.6607295830953741,0.2405332086787417,0.871264367816092
4,beta,54,none,0.3,1.0,pca,none,,7,0.3145993171298588,0.6104894424442932,0.2093807632450196,0.9193337873113154
2,beta,54,none,0.3,1.0,pca,none,,4,0.2892910723782903,0.5368701550387597,0.1685901779082752,0.9463635180848295
0,beta,54,none,0.3,1.0,pca,none,,10,0.3275198123850376,0.5467056530214425,0.2589451588992614,0.8904511278195488
1,beta,54,none,0.3,1.0,pca,none,,11,0.3352814300555115,0.5183184302036761,0.2530842312606476,0.910094457721634
24,beta,54,none,0.3,1.0,pca,none,,2,0.3324979195314585,0.5911244979919678,0.217189699271614,0.9172111742424244
6,beta,54,none,0.3,1.0,pca,none,,3,0.3090449668030373,0.5579137392661982,0.2158859377549113,0.9106184104375886
34,beta,54,none,0.3,1.0,pca,none,,3,0.3231109514078549,0.6289561467740623,0.213350088936403,0.9203391967719564
28,beta,54,none,0.3,1.0,pca,none,,2,0.336364064971284,0.5647471738154511,0.2226192962364543,0.9012057900946788
19,beta,54,none,0.3,1.0,pca,none,,6,0.3022834372676453,0.616668539957289,0.1898848245871578,0.9284296159992254
27,beta,54,none,0.3,1.0,pca,none,,2,0.3277169710614638,0.6127595117170097,0.2299436713907208,0.8989437286851079
14,beta,54,none,0.3,1.0,pca,none,,3,0.2999679046588745,0.5921511094810196,0.2483471307199195,0.9075077590029066
46,beta,54,none,0.3,1.0,pca,none,,2,0.2830557735812161,0.6245328118209473,0.205061194311355,0.932881962187021
23,beta,54,none,0.3,1.0,pca,none,,2,0.2671781320770069,0.5936505994617078,0.1855476780924232,0.9009640957446808
45,beta,54,none,0.3,1.0,pca,none,,3,0.3212969816675479,0.5986279069767443,0.2457642695969021,0.8916913946587537
31,beta,54,none,0.3,1.0,pca,none,,2,0.3110583669484856,0.583056640625,0.2287792738959542,0.8991246950782035
7,beta,54,none,0.3,1.0,pca,none,,10,0.3148410844335053,0.5512663398692811,0.221761730321425,0.8943722943722943
26,beta,54,none,0.3,1.0,pca,none,,2,0.3335663594384842,0.5150161518271754,0.2445166553005383,0.8717031342400946
16,beta,54,none,0.3,1.0,pca,none,,4,0.3282108081153516,0.5275810010451748,0.23783088554112,0.8855170902716916
8,beta,54,none,0.3,1.0,pca,none,,7,0.3009967651122071,0.5344625932647711,0.2330870046922007,0.9187984776220072
9,beta,54,none,0.3,1.0,pca,none,,3,0.3062452573798276,0.606483729966003,0.2159502665200325,0.9234901277584204
3,beta,54,none,0.3,1.0,pca,none,,12,0.3190156923234114,0.5661005661005661,0.2351192974446517,0.8981181476026837
47,beta,54,none,0.3,1.0,pca,none,,2,0.2989362508590986,0.6016597510373445,0.2234552336371187,0.902756557168322
37,beta,54,none,0.3,1.0,pca,none,,2,0.2860434721431074,0.562985089869281,0.201024779457125,0.9401901580367468
42,beta,54,none,0.3,1.0,pca,none,,4,0.2965008988632163,0.5741377115947562,0.2367840459677914,0.9146781789638933
48,beta,54,none,0.3,1.0,pca,none,,2,0.3005230774071186,0.649505708716235,0.2356204558498426,0.8783260139498837
22,beta,54,none,0.3,1.0,pca,none,,2,0.277285811591484,0.6552061495457722,0.2258244611711724,0.8839760638297872
29,beta,54,none,0.3,1.0,pca,none,,2,0.2866222635014593,0.6244833856835841,0.2132925823540645,0.928906521487316
35,beta,54,none,0.3,1.0,pca,none,,2,0.2704861491098134,0.6006024096385543,0.1990439826461127,0.9169973544973546
10,beta,54,none,0.3,1.0,pca,none,,3,0.2977298300202765,0.5714927249865278,0.2366391570611499,0.8929033472114413
30,beta,54,none,0.3,1.0,pca,none,,2,0.2873844334280665,0.5827554322699954,0.2155577931502703,0.891331790448138
20,beta,54,none,0.3,1.0,pca,none,,6,0.2964465915090867,0.4863992623328723,0.163503745541046,0.94180245042314
2,beta,54,none,0.3,1.0,pca,none,,5,0.2917081031429707,0.5814437984496125,0.1643613579658817,0.9495511319281812
17,beta,54,none,0.3,1.0,pca,none,,2,0.2809271151115839,0.6837829736211032,0.2307125676874393,0.8884831460674157
15,beta,54,none,0.3,1.0,pca,none,,2,0.2681604300389776,0.614883401920439,0.1847544563901947,0.9327744510978044
4,beta,54,none,0.3,1.0,pca,none,,8,0.3264584795451045,0.5680889364600564,0.2342386882482316,0.9211213256157076
36,beta,54,none,0.3,1.0,pca,none,,3,0.293422258954239,0.637528555111365,0.2392569717081049,0.8701149425287356
0,beta,54,none,0.3,1.0,pca,none,,11,0.3330283060787607,0.55,0.2809924429864942,0.880701754385965
1,beta,54,none,0.3,1.0,pca,none,,12,0.3301776081475818,0.5600471932439146,0.2345988238029759,0.9098099465118928
24,beta,54,none,0.3,1.0,pca,none,,3,0.3335881364515352,0.5794779116465864,0.2213857104695382,0.917874053030303
32,beta,54,none,0.3,1.0,pca,none,,2,0.2905733857416302,0.6443368307775088,0.2296407259460505,0.9109458428680396
6,beta,54,none,0.3,1.0,pca,none,,4,0.3102786987504085,0.5554254488680718,0.2156402734516308,0.9123153531588172
34,beta,54,none,0.3,1.0,pca,none,,4,0.3247132379612685,0.6035310389716052,0.2103051579824876,0.918132526322426
49,beta,54,none,0.3,1.0,pca,none,,2,0.2915224743525207,0.6645492708793637,0.2342411771830813,0.916649984986488
11,beta,54,none,0.3,1.0,pca,none,,2,0.2993721342248274,0.639581222559946,0.2393305998652618,0.9056947040498442
19,beta,54,none,0.3,1.0,pca,none,,7,0.3027940014600905,0.6427166460604697,0.1917635152516246,0.9300518134715026
27,beta,54,none,0.3,1.0,pca,none,,3,0.3261598596244296,0.6187516706762898,0.2303523400060538,0.8998200075786282
14,beta,54,none,0.3,1.0,pca,none,,4,0.2909528549395484,0.5874518613607188,0.2176703478484608,0.91051283314449
18,beta,54,none,0.3,1.0,pca,none,,2,0.3099492638738745,0.5857778510217534,0.2399849876536565,0.903947903947904
23,beta,54,none,0.3,1.0,pca,none,,3,0.2695988694661445,0.5866160998287253,0.18116817765043,0.9135970744680852
46,beta,54,none,0.3,1.0,pca,none,,3,0.2879201897149363,0.5824424163407215,0.2025061588910785,0.9419775166070516
28,beta,54,none,0.3,1.0,pca,none,,3,0.3361106581538189,0.5618699751050892,0.2168890954529755,0.9140982474315807
31,beta,54,none,0.3,1.0,pca,none,,3,0.3132244058536238,0.5701904296875,0.2291134407626036,0.8988377098579423
40,beta,54,none,0.3,1.0,pca,none,,2,0.3221874142155501,0.5091938405797102,0.2150394848534423,0.9129485605130304
45,beta,54,none,0.3,1.0,pca,none,,4,0.3214003883127728,0.5564651162790697,0.2462370319146861,0.8886710470538365
12,beta,54,none,0.3,1.0,pca,none,,2,0.3173652174547415,0.5421286671286671,0.2588129140550718,0.8591427813163481
7,beta,54,none,0.3,1.0,pca,none,,11,0.317973798575847,0.5324754901960784,0.2221077051277734,0.8902837902837903
26,beta,54,none,0.3,1.0,pca,none,,3,0.3297003892666014,0.56003937007874,0.2363087196895214,0.8735659373151982
13,beta,54,none,0.3,1.0,pca,none,,2,0.2964476596580011,0.7177304964539006,0.235832356399247,0.8823081938708977
16,beta,54,none,0.3,1.0,pca,none,,5,0.3299386559350702,0.5084194634769481,0.2398124960252385,0.8827782646801051
47,beta,54,none,0.3,1.0,pca,none,,3,0.3059934724060082,0.6261021784232366,0.2374308529380529,0.8900878533231474
3,beta,54,none,0.3,1.0,pca,none,,13,0.3264760409439566,0.5939615939615939,0.2328931534357008,0.8938635247913598
42,beta,54,none,0.3,1.0,pca,none,,5,0.2911001761070644,0.5850409401383054,0.2187906976716027,0.9160648874934588
8,beta,54,none,0.3,1.0,pca,none,,8,0.3012031098631099,0.4861464004839685,0.2302363242023801,0.9064412005588476
9,beta,54,none,0.3,1.0,pca,none,,4,0.3084106505707469,0.6226930548810102,0.2166829884017903,0.9202598722415796
37,beta,54,none,0.3,1.0,pca,none,,3,0.2858672488270562,0.6068729575163399,0.1991402901623837,0.9432416805858924
22,beta,54,none,0.3,1.0,pca,none,,3,0.2850450011329093,0.6488819007686932,0.2248800554051834,0.8816489361702127
48,beta,54,none,0.3,1.0,pca,none,,3,0.3065296142235805,0.6481133389028125,0.2402704801022392,0.8829759752002068
35,beta,54,none,0.3,1.0,pca,none,,3,0.2732659891926504,0.5492606790799561,0.1982924205107473,0.9223985890652556
43,beta,54,none,0.3,1.0,pca,none,,2,0.2694777007051419,0.6057942144465616,0.1782746226176342,0.9386018237082068
29,beta,54,none,0.3,1.0,pca,none,,3,0.2896810949207987,0.6352565162285777,0.2131832019699208,0.9294567357813044
10,beta,54,none,0.3,1.0,pca,none,,4,0.2997073409997776,0.593340219148554,0.2358709516208175,0.892362336226566
41,beta,54,none,0.3,1.0,pca,none,,2,0.3244622935913196,0.4899958228905597,0.2324820528743177,0.9044927366447983
30,beta,54,none,0.3,1.0,pca,none,,3,0.2996041810979341,0.583474598037705,0.2098967609353468,0.9009835893120136
2,beta,54,none,0.3,1.0,pca,none,,6,0.2913657648635093,0.5634205426356589,0.1677730273862362,0.9468514181628936
15,beta,54,none,0.3,1.0,pca,none,,3,0.2631017950612956,0.5718917570769423,0.1467511735581648,0.941996007984032
20,beta,54,none,0.3,1.0,pca,none,,7,0.299324334243401,0.501362169411962,0.1632786371852501,0.9427497789566756
17,beta,54,none,0.3,1.0,pca,none,,3,0.2846481028408671,0.686390887290168,0.2362495875102685,0.8984706616729089
33,beta,54,none,0.3,1.0,pca,none,,2,0.2792320442984017,0.6743864005348105,0.2195443224154128,0.9165665978192996
36,beta,54,none,0.3,1.0,pca,none,,4,0.2950014297604261,0.6315319817247287,0.2377834827324788,0.8739737274220034
0,beta,54,none,0.3,1.0,pca,none,,12,0.3174744224383277,0.5844054580896686,0.2320622779830746,0.8753884711779449
4,beta,54,none,0.3,1.0,pca,none,,9,0.3249815619263625,0.6188576432811131,0.2121134668029309,0.9227102485529451
39,beta,54,none,0.3,1.0,pca,none,,2,0.2796053483390088,0.6480884879725086,0.2436361823522467,0.8882193694873811
6,beta,54,none,0.3,1.0,pca,none,,5,0.312044670263372,0.5364461358313817,0.2150133417253755,0.9161821570645672
24,beta,54,none,0.3,1.0,pca,none,,4,0.3350714009260246,0.6158232931726907,0.2277936697923518,0.9182528409090908
1,beta,54,none,0.3,1.0,pca,none,,13,0.3410611981924027,0.5257699950322902,0.2658709621454619,0.9168658245134856
34,beta,54,none,0.3,1.0,pca,none,,5,0.326951437322529,0.6140265234724596,0.2089008627905223,0.9246579660803228
44,beta,54,none,0.3,1.0,pca,none,,2,0.2908299513039969,0.6076141299893453,0.2223877040231928,0.8773620043205125
32,beta,54,none,0.3,1.0,pca,none,,3,0.2908483574988915,0.6434490180252892,0.2153029908819639,0.9191933638443937
11,beta,54,none,0.3,1.0,pca,none,,3,0.3110706782155984,0.6289766970618034,0.2467205678209688,0.9081370716510904
25,beta,54,none,0.3,1.0,pca,none,,2,0.3039636204756268,0.41,0.1929169902033252,0.9281257014590348
49,beta,54,none,0.3,1.0,pca,none,,3,0.2848497991081749,0.6725585505965532,0.2110875267280439,0.914798318486638
19,beta,54,none,0.3,1.0,pca,none,,8,0.3043577414912907,0.6099246937169832,0.1955470584040965,0.9269042661372332
38,beta,54,none,0.3,1.0,pca,none,,2,0.2872920979452089,0.6845121610287951,0.2319359387730956,0.930873818152094
14,beta,54,none,0.3,1.0,pca,none,,5,0.3085560473817655,0.586374472767284,0.2587752284544934,0.9116212621311396
27,beta,54,none,0.3,1.0,pca,none,,4,0.3302448235495215,0.6118684843624699,0.2257935035574766,0.9018093974990526
5,beta,54,none,0.3,1.0,pca,none,,2,0.3290517978793572,0.479587542087542,0.2062923091783908,0.904492108458114
18,beta,54,none,0.3,1.0,pca,none,,3,0.3112418836661422,0.5968193803559657,0.2359926822374415,0.9042676899819756
31,beta,54,none,0.3,1.0,pca,none,,4,0.3277320097882262,0.585986328125,0.2630626280157349,0.9083943176926388
46,beta,54,none,0.3,1.0,pca,none,,4,0.2891946567823006,0.5966101694915255,0.2045661712279755,0.9362544711292794
23,beta,54,none,0.3,1.0,pca,none,,4,0.2722811498826761,0.5786028872033275,0.1858216910785236,0.9055186170212768
28,beta,54,none,0.3,1.0,pca,none,,4,0.3367306306694624,0.5890707260335468,0.2122736661649415,0.9179832513165846
45,beta,54,none,0.3,1.0,pca,none,,5,0.321736241958668,0.5834418604651163,0.2459312462526602,0.8918768545994066
7,beta,54,none,0.3,1.0,pca,none,,12,0.3163582800776844,0.5273182189542484,0.2208211633789685,0.8952861952861955
40,beta,54,none,0.3,1.0,pca,none,,3,0.3221261502934835,0.5319067028985507,0.2150785203812994,0.9175876654386684
12,beta,54,none,0.3,1.0,pca,none,,3,0.3192494243125235,0.5246592746592746,0.2561812814589239,0.8775875796178344
21,beta,54,none,0.3,1.0,pca,none,,2,0.2956256679341874,0.5629980728162925,0.2339576740983103,0.8749168698736423
26,beta,54,none,0.3,1.0,pca,none,,4,0.3315880229377369,0.5529981829194428,0.232354426815273,0.8751921939680661
42,beta,54,none,0.3,1.0,pca,none,,6,0.2956160655294627,0.5516312417801535,0.2256193425269683,0.910465724751439
3,beta,54,none,0.3,1.0,pca,none,,14,0.3204400692422514,0.5432900432900434,0.2436358306732068,0.8805105547373588
47,beta,54,none,0.3,1.0,pca,none,,4,0.3054574871669863,0.6097964211618256,0.2193787598355653,0.9068627450980392
13,beta,54,none,0.3,1.0,pca,none,,3,0.3046539850631103,0.7232016210739615,0.2317405298688988,0.8984459900021734
16,beta,54,none,0.3,1.0,pca,none,,6,0.3343098487841589,0.5425037742422483,0.2508100261399877,0.8852979842243647
8,beta,54,none,0.3,1.0,pca,none,,9,0.3030080850021397,0.5538213349465618,0.2387830890324594,0.915980151274269
37,beta,54,none,0.3,1.0,pca,none,,4,0.2902559567586903,0.5993923611111112,0.197384703925496,0.946389567005011
22,beta,54,none,0.3,1.0,pca,none,,4,0.289060025591183,0.660796645702306,0.2283128670293456,0.887693423597679
9,beta,54,none,0.3,1.0,pca,none,,5,0.3070761024192258,0.6164400194269063,0.2105988680705419,0.9238893728222995
35,beta,54,none,0.3,1.0,pca,none,,4,0.2888121809826599,0.5498904709748083,0.2393380478208212,0.9218841857730748
43,beta,54,none,0.3,1.0,pca,none,,3,0.263631605676016,0.5992551532998441,0.1749253788725334,0.922530395136778
10,beta,54,none,0.3,1.0,pca,none,,5,0.3004006665638603,0.6074636249326388,0.2349968132097184,0.8933032248959143
48,beta,54,none,0.3,1.0,pca,none,,4,0.3153025722358512,0.6669103313840156,0.2462636421752593,0.8896280030999743
29,beta,54,none,0.3,1.0,pca,none,,4,0.2925876427440561,0.6340993001598061,0.2168100799800469,0.919610795783621
30,beta,54,none,0.3,1.0,pca,none,,4,0.3169942619552002,0.593876817177788,0.2551646227610442,0.9036398064380392
15,beta,54,none,0.3,1.0,pca,none,,4,0.2656727916134325,0.5332335702706074,0.149000968089095,0.9370059880239522
41,beta,54,none,0.3,1.0,pca,none,,3,0.3223880766375596,0.550375939849624,0.2221891958974078,0.9059571227741332
2,beta,54,none,0.3,1.0,pca,none,,7,0.2916642072551214,0.5844961240310077,0.172399311784493,0.9365729898516784
39,beta,54,none,0.3,1.0,pca,none,,3,0.2827675594009242,0.6388172966781214,0.2439381484605329,0.8853666346461735
20,beta,54,none,0.3,1.0,pca,none,,8,0.2983928826817927,0.5066851083448594,0.1577338511348223,0.9489389920424404
17,beta,54,none,0.3,1.0,pca,none,,4,0.2853757066062102,0.688009592326139,0.2348980550738455,0.9014669163545568
36,beta,54,none,0.3,1.0,pca,none,,5,0.2975998236771351,0.6268203883495146,0.2391690692977534,0.8674055829228243
4,beta,54,none,0.3,1.0,pca,none,,10,0.3260612871382569,0.602267198598813,0.209807876863814,0.9173192600158891
33,beta,54,none,0.3,1.0,pca,none,,3,0.2889302054088214,0.6661493649126159,0.2169553503980781,0.9174552091839188
6,beta,54,none,0.3,1.0,pca,none,,6,0.3129527864846215,0.5617193598750976,0.2154605853696399,0.9166828942609954
0,beta,54,none,0.3,1.0,pca,none,,13,0.3318770779977459,0.5310526315789474,0.2717124200734024,0.8894235588972431
34,beta,54,none,0.3,1.0,pca,none,,6,0.3300178066420139,0.6212269140021154,0.2114239840177834,0.9192043376836264
24,beta,54,none,0.3,1.0,pca,none,,5,0.3350975380893033,0.6045582329317268,0.2223863220339956,0.9230113636363636
1,beta,54,none,0.3,1.0,pca,none,,14,0.3240963808334898,0.5706035767511177,0.229216787788818,0.9171503357232276
11,beta,54,none,0.3,1.0,pca,none,,4,0.2952037500031504,0.6347180006754476,0.2226239398468409,0.9131214953271029
44,beta,54,none,0.3,1.0,pca,none,,3,0.3014462044171164,0.6160765511023687,0.2442673468730711,0.8750527648796962
32,beta,54,none,0.3,1.0,pca,none,,4,0.2951377937196844,0.6448210922787192,0.2091175973816723,0.9284420289855072
25,beta,54,none,0.3,1.0,pca,none,,3,0.3107095807972842,0.4276595744680851,0.1959295729200225,0.9291582491582492
38,beta,54,none,0.3,1.0,pca,none,,3,0.2972317985908693,0.731583729382164,0.242316573111478,0.9296204463093648
19,beta,54,none,0.3,1.0,pca,none,,9,0.3059271999102032,0.6336686523547264,0.1946557734157958,0.924918890126386
31,beta,54,none,0.3,1.0,pca,none,,5,0.3299375494291944,0.6294921875,0.2612722060471644,0.9166881905581864
14,beta,54,none,0.3,1.0,pca,none,,6,0.3103593343982364,0.5842196955804144,0.2557647471851267,0.9130252721808956
27,beta,54,none,0.3,1.0,pca,none,,5,0.3298951268085655,0.6354584335739107,0.2262481613505983,0.8995594922319061
46,beta,54,none,0.3,1.0,pca,none,,5,0.2918358706521586,0.6057800956106042,0.2021865255989756,0.9444557996934084
49,beta,54,none,0.3,1.0,pca,none,,4,0.3025555236160254,0.6628093239063192,0.2373055430581325,0.913647282554299
23,beta,54,none,0.3,1.0,pca,none,,5,0.2907575448616104,0.6020308294592611,0.2353898962942062,0.9042553191489362
18,beta,54,none,0.3,1.0,pca,none,,4,0.3084028957593104,0.5690507580751484,0.2316459237018551,0.9066224780510496
5,beta,54,none,0.3,1.0,pca,none,,3,0.3304457451318597,0.4822706228956229,0.2087962917435919,0.8993756142683702
7,beta,54,none,0.3,1.0,pca,none,,13,0.3193549754216115,0.5298457924836601,0.2215496723862862,0.8954304954304955
28,beta,54,none,0.3,1.0,pca,none,,5,0.3351786492605516,0.591376566134759,0.2223006051666844,0.9059253503697948
45,beta,54,none,0.3,1.0,pca,none,,6,0.3233337272726851,0.5805813953488372,0.2455919993899173,0.8941288681644765
26,beta,54,none,0.3,1.0,pca,none,,5,0.3334145844297661,0.5481021603068847,0.2308467335475263,0.8783560023654642
42,beta,54,none,0.3,1.0,pca,none,,7,0.3000818642539968,0.5160154427050189,0.2310738298446559,0.9132914704343276
40,beta,54,none,0.3,1.0,pca,none,,4,0.3222452677452525,0.5061594202898552,0.2131219621900484,0.9168508664210672
3,beta,54,none,0.3,1.0,pca,none,,15,0.3293924489366866,0.5252525252525253,0.2519688860081378,0.8890525282277859
21,beta,54,none,0.3,1.0,pca,none,,3,0.3060090187339399,0.5426845148184801,0.2484171949042081,0.882343161161605
47,beta,54,none,0.3,1.0,pca,none,,5,0.3089684493135857,0.5928747406639004,0.2223791941836376,0.9017379679144384
12,beta,54,none,0.3,1.0,pca,none,,4,0.3177665503376297,0.5326287826287825,0.2523153643394718,0.8710191082802548
16,beta,54,none,0.3,1.0,pca,none,,7,0.3316506729131515,0.5264777610033677,0.2396054991889675,0.8770815074496056
13,beta,54,none,0.3,1.0,pca,none,,4,0.3088414489782347,0.7191995947315096,0.2310217349367118,0.8905944359921756
8,beta,54,none,0.3,1.0,pca,none,,10,0.3080049644053098,0.4916717080056463,0.2460291187247847,0.9188466541407716
22,beta,54,none,0.3,1.0,pca,none,,5,0.290973378641708,0.6712089447938505,0.2257013314777653,0.8913503384912959
35,beta,54,none,0.3,1.0,pca,none,,5,0.2745054371161569,0.5970974808324206,0.1986469215025866,0.922067901234568
37,beta,54,none,0.3,1.0,pca,none,,5,0.2897064536724198,0.6196384803921569,0.2052237583953255,0.9381665167673134
9,beta,54,none,0.3,1.0,pca,none,,6,0.3087999644758767,0.6115832928606119,0.2104688577715421,0.9261396631823462
43,beta,54,none,0.3,1.0,pca,none,,4,0.2829985307075721,0.5440412263987529,0.2064397387081467,0.937613981762918
10,beta,54,none,0.3,1.0,pca,none,,6,0.3283041850797574,0.5237785162565116,0.28691922592804,0.8915272975325195
30,beta,54,none,0.3,1.0,pca,none,,5,0.3101546011239526,0.6194585709148817,0.2345376006987762,0.9077687776141384
29,beta,54,none,0.3,1.0,pca,none,,5,0.2946652944699726,0.600732903510222,0.2161839817270343,0.9296884049577204
15,beta,54,none,0.3,1.0,pca,none,,5,0.2677664824736553,0.5493203641351789,0.1290111692753403,0.9592015968063872
48,beta,54,none,0.3,1.0,pca,none,,5,0.3136030518312143,0.6707393483709274,0.2451193987985997,0.8801989150090417
2,beta,54,none,0.3,1.0,pca,none,,8,0.2949791783121037,0.5781007751937984,0.1687286122773346,0.9443793911007026
39,beta,54,none,0.3,1.0,pca,none,,4,0.295940446546925,0.7222222222222222,0.2494831330110841,0.8943032631793438
41,beta,54,none,0.3,1.0,pca,none,,4,0.3228386610422264,0.5083959899749373,0.2214899637637366,0.9081537019681348
20,beta,54,none,0.3,1.0,pca,none,,9,0.3045966306311254,0.5490800117356134,0.181954277120098,0.938297334849059
6,beta,54,none,0.3,1.0,pca,none,,7,0.328751408878542,0.5318110850897737,0.2560331467938034,0.917823462319526
34,beta,54,none,0.3,1.0,pca,none,,7,0.3301618458589123,0.6134570010576845,0.208797888573708,0.9217892944959336
17,beta,54,none,0.3,1.0,pca,none,,5,0.3066368831722087,0.6696942446043165,0.2569207751194829,0.8862983770287141
36,beta,54,none,0.3,1.0,pca,none,,6,0.2990727140462199,0.6325671045117076,0.2408309909405251,0.8669129720853859
33,beta,54,none,0.3,1.0,pca,none,,4,0.2891085433374856,0.6597268646738612,0.2163732703242814,0.917239060473606
4,beta,54,none,0.3,1.0,pca,none,,11,0.3168804124411294,0.6277366935876229,0.2090959696642634,0.9209227102485532
0,beta,54,none,0.3,1.0,pca,none,,14,0.3201132131147114,0.5187719298245614,0.2288367794193677,0.8861904761904762
11,beta,54,none,0.3,1.0,pca,none,,5,0.3019375312203462,0.6083755488010807,0.2216108105910257,0.9181557632398756
1,beta,54,none,0.3,1.0,pca,none,,15,0.3256360180834,0.5639282165921511,0.232721944453307,0.9141345168999656
24,beta,54,none,0.3,1.0,pca,none,,6,0.3314442213644074,0.6007429718875502,0.2031031743574916,0.9224431818181816
38,beta,54,none,0.3,1.0,pca,none,,4,0.3059132446945267,0.7095331283198211,0.2524931391643154,0.9349336530339772
44,beta,54,none,0.3,1.0,pca,none,,4,0.2952753058731591,0.6072657978854192,0.219860748008034,0.8808134482159264
32,beta,54,none,0.3,1.0,pca,none,,5,0.2944849579957583,0.6488027979553402,0.2148979465444202,0.9215532036613272
31,beta,54,none,0.3,1.0,pca,none,,6,0.3177106719113357,0.5923583984375,0.2271294488292698,0.903687760080356
19,beta,54,none,0.3,1.0,pca,none,,10,0.3068014197113717,0.6035180397886928,0.1976023811694692,0.9283569802915111
14,beta,54,none,0.3,1.0,pca,none,,7,0.2912329687820034,0.5955437373922612,0.2140553661187958,0.9168924577565396
27,beta,54,none,0.3,1.0,pca,none,,6,0.3290110953302204,0.6056090171968279,0.2282114531379404,0.8987305797650624
46,beta,54,none,0.3,1.0,pca,none,,6,0.293136332583615,0.6004997827031726,0.2040431199064559,0.9378896269800716
25,beta,54,none,0.3,1.0,pca,none,,4,0.3075044819071029,0.5001063829787233,0.1679806538732895,0.9266442199775532
23,beta,54,none,0.3,1.0,pca,none,,6,0.2763022491401848,0.5636163445069733,0.1867338960482003,0.908277925531915
49,beta,54,none,0.3,1.0,pca,none,,5,0.3103392524750578,0.6056396376491383,0.2454560282134415,0.923906515864278
18,beta,54,none,0.3,1.0,pca,none,,5,0.3100015182227212,0.5836354647330257,0.2325988944905816,0.9061282632711204
7,beta,54,none,0.3,1.0,pca,none,,14,0.3274892938662097,0.5439899918300654,0.225011399430679,0.8931457431457431
5,beta,54,none,0.3,1.0,pca,none,,4,0.3292718328001998,0.5455334595959596,0.2065309471437528,0.906689021217552
42,beta,54,none,0.3,1.0,pca,none,,8,0.3028680198760922,0.5669678842645623,0.2366461387538498,0.9162742019884876
26,beta,54,none,0.3,1.0,pca,none,,6,0.3341488126652897,0.5205431051887744,0.2365850832904548,0.8749556475458309
3,beta,54,none,0.3,1.0,pca,none,,16,0.3228739689726692,0.5757575757575758,0.2464970130521816,0.8843397152675503
45,beta,54,none,0.3,1.0,pca,none,,7,0.3242685210850852,0.5647906976744186,0.2457991304823345,0.8946057651547267
28,beta,54,none,0.3,1.0,pca,none,,6,0.3363895479796596,0.5796433089825735,0.2165456897574617,0.9044001266223488
47,beta,54,none,0.3,1.0,pca,none,,6,0.3082939454107152,0.5864561721991701,0.2230563333780712,0.9037433155080212
40,beta,54,none,0.3,1.0,pca,none,,5,0.3234047380154572,0.5311594202898551,0.2119800623063295,0.920480283804066
21,beta,54,none,0.3,1.0,pca,none,,4,0.3063996577003561,0.542866815979999,0.2425056797768368,0.8818443804034583
12,beta,54,none,0.3,1.0,pca,none,,5,0.319616748404928,0.5135135135135135,0.2485632215440966,0.8770899681528661
22,beta,54,none,0.3,1.0,pca,none,,6,0.2978286484205941,0.6195317959468902,0.2244464200217012,0.8858498549323017
16,beta,54,none,0.3,1.0,pca,none,,8,0.3273059522707011,0.5480199744512833,0.2245289451225975,0.8859918200408998
13,beta,54,none,0.3,1.0,pca,none,,5,0.3135129723245362,0.7189969604863221,0.2206039712356055,0.9133612258204736
35,beta,54,none,0.3,1.0,pca,none,,6,0.2764762285880467,0.5676341730558598,0.1992034251732718,0.9182466196355086
8,beta,54,none,0.3,1.0,pca,none,,11,0.2906082168983459,0.5351078846541641,0.2175029734430185,0.9071879365997014
43,beta,54,none,0.3,1.0,pca,none,,5,0.277896344027093,0.596137190368959,0.1884814741057983,0.9266717325227964
10,beta,54,none,0.3,1.0,pca,none,,7,0.3268608765258758,0.499528471349021,0.2795888135266818,0.8995836567638134
37,beta,54,none,0.3,1.0,pca,none,,6,0.2948997691377038,0.5851205065359477,0.2091817191458951,0.9428883463959912
9,beta,54,none,0.3,1.0,pca,none,,7,0.3107281401772104,0.5958899951432733,0.2111921715729137,0.92686556329849
30,beta,54,none,0.3,1.0,pca,none,,6,0.2975384927338269,0.6016592181640724,0.2132215115791716,0.8995108352619399
15,beta,54,none,0.3,1.0,pca,none,,6,0.2690269202345773,0.5515650330465145,0.1500992056990636,0.937884231536926
2,beta,54,none,0.3,1.0,pca,none,,9,0.3044375103202791,0.5604408914728682,0.1665549885092063,0.945745511319282
39,beta,54,none,0.3,1.0,pca,none,,5,0.2958674902516905,0.7472079037800687,0.2462411242424905,0.8966029167758274
29,beta,54,none,0.3,1.0,pca,none,,6,0.3077348756459239,0.5905108282360721,0.2315546735092154,0.9320919726630372
48,beta,54,none,0.3,1.0,pca,none,,6,0.3128826421321771,0.6502367028682818,0.2331515966129221,0.8871415654869542
41,beta,54,none,0.3,1.0,pca,none,,5,0.3257430449846287,0.5904553049289891,0.2314267533341692,0.9029697750702904
6,beta,54,none,0.3,1.0,pca,none,,8,0.3255994765333412,0.4255220530835285,0.2372886197023188,0.9159039697332184
34,beta,54,none,0.3,1.0,pca,none,,8,0.3334486272719569,0.6013343096574729,0.2045824691426605,0.9292289262972072
20,beta,54,none,0.3,1.0,pca,none,,10,0.2993135312114993,0.5066431954398759,0.1651947032477942,0.9397814828849314
17,beta,54,none,0.3,1.0,pca,none,,6,0.3130210585548407,0.6546163069544365,0.2599370290536872,0.8961610486891385
36,beta,54,none,0.3,1.0,pca,none,,7,0.2980124242428004,0.6422401484865791,0.2396168253473849,0.8668308702791463
33,beta,54,none,0.3,1.0,pca,none,,5,0.2920191570572332,0.6638095692866011,0.2203783751811857,0.9180796387914888
0,beta,54,none,0.3,1.0,pca,none,,15,0.3194669985353284,0.5605847953216374,0.2291771938694815,0.8841353383458648
4,beta,54,none,0.3,1.0,pca,none,,12,0.32757152699022,0.5976695533716065,0.2111613092944081,0.9201849960276928
11,beta,54,none,0.3,1.0,pca,none,,6,0.3093720773115724,0.6650455927051672,0.2264526692910104,0.918778816199377
38,beta,54,none,0.3,1.0,pca,none,,5,0.311198085588013,0.7474839250768801,0.2566592402797814,0.9234080815236642
31,beta,54,none,0.3,1.0,pca,none,,7,0.3304097693365999,0.5601806640624999,0.2591290957094521,0.9063280241067584
1,beta,54,none,0.3,1.0,pca,none,,16,0.3267045496951921,0.5494287133631396,0.2311524900847706,0.9164106065778992
24,beta,54,none,0.3,1.0,pca,none,,7,0.3329669781928178,0.5808835341365461,0.204565843435366,0.920407196969697
27,beta,54,none,0.3,1.0,pca,none,,7,0.3321534773305054,0.6092622293504412,0.2231639377828016,0.9003884046987495
14,beta,54,none,0.3,1.0,pca,none,,8,0.2924051203655451,0.5925637263891437,0.2163701540317807,0.9109808364944086
19,beta,54,none,0.3,1.0,pca,none,,11,0.3088100737457296,0.6232156906822524,0.1945903205808306,0.927461139896373
46,beta,54,none,0.3,1.0,pca,none,,7,0.2966385703006902,0.5797913950456324,0.2023758461435593,0.9441747572815532
23,beta,54,none,0.3,1.0,pca,none,,7,0.287261805650325,0.6032542206997797,0.2181512096310726,0.8943816489361702
44,beta,54,none,0.3,1.0,pca,none,,5,0.2962520865475535,0.5958937791984263,0.2206949215605006,0.8829240434037693
32,beta,54,none,0.3,1.0,pca,none,,6,0.3064822498668902,0.6397632499327415,0.2113997727534535,0.9205758962623952
18,beta,54,none,0.3,1.0,pca,none,,6,0.3107710934566902,0.6055262579652824,0.2298885898949849,0.910081981510553
25,beta,54,none,0.3,1.0,pca,none,,5,0.3210848823306707,0.4547872340425531,0.2082385990203583,0.9309539842873176
7,beta,54,none,0.3,1.0,pca,none,,15,0.3178004641959231,0.4892003676470589,0.2220477858552832,0.8962241462241463
49,beta,54,none,0.3,1.0,pca,none,,6,0.3048925809987606,0.6207744144940346,0.2294551251291467,0.9190521469322392
5,beta,54,none,0.3,1.0,pca,none,,5,0.3304183831396813,0.521412037037037,0.2058962262374488,0.9043764814707752
42,beta,54,none,0.3,1.0,pca,none,,9,0.292098073993257,0.582898476942005,0.2226830349254253,0.9153322867608582
3,beta,54,none,0.3,1.0,pca,none,,17,0.3330756423198414,0.5543900543900544,0.2582260052445259,0.8876125020454917
26,beta,54,none,0.3,1.0,pca,none,,7,0.3482844752268906,0.4447557036139713,0.258983208148796,0.8806327616794797
47,beta,54,none,0.3,1.0,pca,none,,7,0.3108278478955728,0.5823392116182573,0.220961773643696,0.9048255665902724
45,beta,54,none,0.3,1.0,pca,none,,8,0.32564210412981,0.5895348837209302,0.2457472390143949,0.8921417973717677
28,beta,54,none,0.3,1.0,pca,none,,7,0.334794473017143,0.5576460025303024,0.2176665141964106,0.9085153529597974
21,beta,54,none,0.3,1.0,pca,none,,5,0.3059870077254744,0.5222667847283713,0.2386018909546887,0.8811516293504766
40,beta,54,none,0.3,1.0,pca,none,,6,0.3243873801101475,0.525203804347826,0.2126742584625218,0.9185154864237958
22,beta,54,none,0.3,1.0,pca,none,,7,0.2953529617807182,0.6754716981132076,0.2235613213087602,0.8899903288201161
35,beta,54,none,0.3,1.0,pca,none,,7,0.2782950138841324,0.5717415115005476,0.2003339148097504,0.9200470311581422
12,beta,54,none,0.3,1.0,pca,none,,6,0.3177583673299897,0.5241972741972741,0.2490821619541229,0.8771231422505308
13,beta,54,none,0.3,1.0,pca,none,,6,0.3162864293350076,0.71403242147923,0.219496229032371,0.9175994349054554
16,beta,54,none,0.3,1.0,pca,none,,9,0.3326480633869216,0.521222854488445,0.2249638786726425,0.8847502191060473
43,beta,54,none,0.3,1.0,pca,none,,6,0.2784039154305963,0.5970899012645072,0.187993195704837,0.9350683890577508
10,beta,54,none,0.3,1.0,pca,none,,8,0.311899490350464,0.5972920783186635,0.2366970666075684,0.8901512478535977
8,beta,54,none,0.3,1.0,pca,none,,12,0.3121117206241853,0.4914700544464608,0.2571946022146942,0.9183889772125068
9,beta,54,none,0.3,1.0,pca,none,,8,0.3115872643595094,0.6259106362311802,0.2135462944568265,0.9251596980255516
30,beta,54,none,0.3,1.0,pca,none,,7,0.3049019767803496,0.5921816407253301,0.209961132670467,0.905165158847044
37,beta,54,none,0.3,1.0,pca,none,,7,0.2935058375440915,0.6034262663398693,0.2057496384603584,0.941956828986252
15,beta,54,none,0.3,1.0,pca,none,,7,0.2690844218309946,0.6257014590347924,0.1530788244963672,0.937365269461078
39,beta,54,none,0.3,1.0,pca,none,,6,0.2921792008756404,0.6807345360824743,0.2373807102453648,0.9063546124064856
2,beta,54,none,0.3,1.0,pca,none,,10,0.2984770039681328,0.5397286821705427,0.1588405026098839,0.9598620869112672
29,beta,54,none,0.3,1.0,pca,none,,7,0.3184120860080216,0.6427233151485094,0.2529905827686397,0.9309625854280088
6,beta,54,none,0.3,1.0,pca,none,,9,0.3170670802219638,0.550351288056206,0.2165786744830374,0.9157370573344092
48,beta,54,none,0.3,1.0,pca,none,,7,0.3122531989180361,0.6527777777777778,0.2356203451759279,0.8875613536553861
41,beta,54,none,0.3,1.0,pca,none,,6,0.322725153347809,0.5352965747702589,0.2209787672990544,0.9111117619493908
34,beta,54,none,0.3,1.0,pca,none,,9,0.3345514580557593,0.5855504027337076,0.2062417668086469,0.9274635899375828
11,beta,54,none,0.3,1.0,pca,none,,7,0.3007573948107225,0.6550827423167849,0.228488749366411,0.9104797507788164
20,beta,54,none,0.3,1.0,pca,none,,11,0.2998822512614563,0.4972547047235844,0.1620724187802809,0.9461285840596184
36,beta,54,none,0.3,1.0,pca,none,,8,0.3016771992777509,0.5981938892061679,0.2396698032048123,0.8700944170771758
38,beta,54,none,0.3,1.0,pca,none,,6,0.305067107115229,0.6782219737209952,0.2338637975877468,0.9425628729462412
31,beta,54,none,0.3,1.0,pca,none,,8,0.3187596782449184,0.58330078125,0.2247961345938025,0.9088247955230306
17,beta,54,none,0.3,1.0,pca,none,,7,0.2958024124095496,0.700779376498801,0.232424687921508,0.8942883895131087
0,beta,54,none,0.3,1.0,pca,none,,16,0.3307141716128425,0.5870955165692008,0.2582303764286199,0.8878446115288221
4,beta,54,none,0.3,1.0,pca,none,,13,0.3282877427647866,0.5923907755181472,0.2101920164793073,0.9241289297469072
33,beta,54,none,0.3,1.0,pca,none,,6,0.2896170194618729,0.674243147741381,0.2148180079210455,0.9282626446995532
27,beta,54,none,0.3,1.0,pca,none,,8,0.3300868490296411,0.6231845317651251,0.2284683928624512,0.8995121258052293
46,beta,54,none,0.3,1.0,pca,none,,8,0.2951833816102104,0.6159495871360279,0.2028664355424022,0.944685743484926
19,beta,54,none,0.3,1.0,pca,none,,12,0.307007199964061,0.6097560975609757,0.1989841482298225,0.9236356592901072
23,beta,54,none,0.3,1.0,pca,none,,8,0.2763820145474679,0.5824565696109615,0.1885114844982426,0.9079454787234044
1,beta,54,none,0.3,1.0,pca,none,,17,0.3342591209693611,0.5718765524093392,0.2385338085801477,0.909696142027996
24,beta,54,none,0.3,1.0,pca,none,,8,0.3343863494230374,0.6032530120481927,0.2033975130327203,0.9224195075757576
14,beta,54,none,0.3,1.0,pca,none,,9,0.293410375253449,0.6154868879515862,0.2151546136631792,0.9150697078673826
18,beta,54,none,0.3,1.0,pca,none,,7,0.311936657492666,0.5983300373544276,0.2312375677478504,0.9067387638816212
44,beta,54,none,0.3,1.0,pca,none,,6,0.3013587460970431,0.6059134497172363,0.2221915683159267,0.8844387058326919
25,beta,54,none,0.3,1.0,pca,none,,6,0.306685839192768,0.5246808510638298,0.1679205492634102,0.928709315375982
7,beta,54,none,0.3,1.0,pca,none,,16,0.3233121122117872,0.5371221405228759,0.2236985189202535,0.8980278980278981
32,beta,54,none,0.3,1.0,pca,none,,7,0.2992738503701153,0.6297551789077213,0.2096554685365717,0.9248188405797102
49,beta,54,none,0.3,1.0,pca,none,,7,0.3193556986536096,0.6969454264250995,0.2618897292335366,0.9232434190771694
47,beta,54,none,0.3,1.0,pca,none,,8,0.3128288208003123,0.5828578838174274,0.2233827683966359,0.9035204991087344
3,beta,54,none,0.3,1.0,pca,none,,18,0.3226855460991998,0.5604950604950605,0.2374870635575127,0.8895434462444771
42,beta,54,none,0.3,1.0,pca,none,,10,0.3035301087211801,0.5117093038055237,0.2311581709610335,0.9153846153846156
5,beta,54,none,0.3,1.0,pca,none,,6,0.3291956713227026,0.557265361952862,0.2046820221233461,0.9086835867491472
26,beta,54,none,0.3,1.0,pca,none,,8,0.3426470401220261,0.5637997173430245,0.2344909937248491,0.8829095209934951
45,beta,54,none,0.3,1.0,pca,none,,9,0.3247466443213688,0.5797674418604651,0.2466305071326568,0.888591564222128
28,beta,54,none,0.3,1.0,pca,none,,8,0.3366850918013997,0.5589315594008897,0.2112236554461846,0.9159112492445828
21,beta,54,none,0.3,1.0,pca,none,,6,0.3194237451250886,0.5370071357883223,0.2611016927591923,0.8868876080691642
22,beta,54,none,0.3,1.0,pca,none,,8,0.2966930559673542,0.7148148148148148,0.2247169651586051,0.8886605415860735
35,beta,54,none,0.3,1.0,pca,none,,8,0.2790972256173354,0.5640744797371303,0.2015816672031429,0.9249338624338624
40,beta,54,none,0.3,1.0,pca,none,,7,0.3257036903506373,0.4865489130434782,0.2138033819604449,0.9187610860963296
12,beta,54,none,0.3,1.0,pca,none,,7,0.3190769113280608,0.5093266343266343,0.249156699333422,0.8773553609341825
43,beta,54,none,0.3,1.0,pca,none,,7,0.300272697446826,0.545989953230556,0.2270307634614901,0.9370440729483284
10,beta,54,none,0.3,1.0,pca,none,,9,0.3319686942916977,0.580564038081552,0.2878964204864804,0.9059581774986476
16,beta,54,none,0.3,1.0,pca,none,,10,0.3294250415341676,0.5171873185460457,0.2261934316241576,0.8851519135261466
13,beta,54,none,0.3,1.0,pca,none,,7,0.3206093273459333,0.7281661600810536,0.2207070324982278,0.9151814822864596
30,beta,54,none,0.3,1.0,pca,none,,8,0.3349505164302028,0.560769507371449,0.2754646634617191,0.9137386913528298
39,beta,54,none,0.3,1.0,pca,none,,7,0.2869829042033229,0.6282216494845361,0.2356554182994265,0.8977672983436673
8,beta,54,none,0.3,1.0,pca,none,,13,0.306661070609778,0.6117765678564226,0.2341873928071859,0.9228934817170112
15,beta,54,none,0.3,1.0,pca,none,,8,0.2713793407314425,0.5758822795859833,0.1484118928906844,0.9389221556886228
37,beta,54,none,0.3,1.0,pca,none,,8,0.2903447835811669,0.6181066176470589,0.2019964835662276,0.9458113837851728
2,beta,54,none,0.3,1.0,pca,none,,11,0.2994950525244543,0.5363372093023256,0.1578607445330559,0.9576827998959144
9,beta,54,none,0.3,1.0,pca,none,,9,0.3111193077475528,0.6006556580864497,0.2125796487845441,0.9242886178861788
6,beta,54,none,0.3,1.0,pca,none,,10,0.3173988572980157,0.5334211553473849,0.2157154691646448,0.9183798369822236
29,beta,54,none,0.3,1.0,pca,none,,8,0.3154332777828761,0.6226097977627155,0.2449206213789742,0.9296594463106684
34,beta,54,none,0.3,1.0,pca,none,,10,0.3341462930729712,0.6210235131396957,0.2062818260635587,0.9295126410692892
48,beta,54,none,0.3,1.0,pca,none,,8,0.3142464710984301,0.6998398774714564,0.2428110003087532,0.886237406354947
11,beta,54,none,0.3,1.0,pca,none,,8,0.3030098307961455,0.6194528875379939,0.2237994643364326,0.913669781931464
41,beta,54,none,0.3,1.0,pca,none,,7,0.3317071230194285,0.5300125313283208,0.2584777254813776,0.9114632146204312
31,beta,54,none,0.3,1.0,pca,none,,9,0.3191970383126669,0.5868896484375001,0.2285737102404774,0.9033146792940164
38,beta,54,none,0.3,1.0,pca,none,,7,0.3056352010635398,0.6188146491473301,0.232352526921601,0.9415819732432358
20,beta,54,none,0.3,1.0,pca,none,,12,0.2999497351657813,0.5215641896139821,0.1698149585886369,0.9383920677024123
36,beta,54,none,0.3,1.0,pca,none,,9,0.3229685890333921,0.6043689320388349,0.2854883272236619,0.8648193760262726
0,beta,54,none,0.3,1.0,pca,none,,17,0.3317184433326974,0.592046783625731,0.2598109958578529,0.893734335839599
19,beta,54,none,0.3,1.0,pca,none,,13,0.3111147935801694,0.6058783859727999,0.1986416236175998,0.9226429712846836
27,beta,54,none,0.3,1.0,pca,none,,9,0.3426175646116047,0.6272832575960082,0.2482514626535773,0.8969069723380068
23,beta,54,none,0.3,1.0,pca,none,,9,0.3030429866784226,0.6220026914607292,0.2509993457472204,0.9080784574468084
4,beta,54,none,0.3,1.0,pca,none,,14,0.3192129452402138,0.6264960591612339,0.2080051529405377,0.921518556350017
17,beta,54,none,0.3,1.0,pca,none,,8,0.295355282565713,0.6806954436450839,0.2309456997888121,0.9052122347066168
14,beta,54,none,0.3,1.0,pca,none,,10,0.2942564701974896,0.5942829635063268,0.2156015210568219,0.9144539139859108
46,beta,54,none,0.3,1.0,pca,none,,9,0.2962671632663918,0.5843980877879182,0.2031163250464562,0.9424118548799182
33,beta,54,none,0.3,1.0,pca,none,,7,0.290525446012053,0.6918632413332059,0.2157002455958885,0.9259090254094816
18,beta,54,none,0.3,1.0,pca,none,,8,0.3126131806455837,0.5861898483849703,0.2306376743323021,0.904471190185476
24,beta,54,none,0.3,1.0,pca,none,,9,0.3360342618292357,0.5823493975903614,0.2077467538330971,0.9171875
1,beta,54,none,0.3,1.0,pca,none,,18,0.3255416812578549,0.5746398410332836,0.2283612243180723,0.9172072379651758
7,beta,54,none,0.3,1.0,pca,none,,17,0.3193561885840325,0.5294117647058822,0.2258076177201754,0.9018037518037516
25,beta,54,none,0.3,1.0,pca,none,,7,0.3067410541495318,0.4703191489361703,0.1665824414066038,0.9314478114478116
44,beta,54,none,0.3,1.0,pca,none,,7,0.2964701024617022,0.6274895500368822,0.2199756397366556,0.8808879398107914
32,beta,54,none,0.3,1.0,pca,none,,8,0.2986508385835693,0.624482109227872,0.208991059526154,0.9304204805491992
3,beta,54,none,0.3,1.0,pca,none,,19,0.32100978412453,0.5412642912642913,0.2424504252644422,0.8863361152020945
42,beta,54,none,0.3,1.0,pca,none,,11,0.2950764055431748,0.5518645793559883,0.2209476787078536,0.9150706436420722
47,beta,54,none,0.3,1.0,pca,none,,9,0.3223353223859279,0.5296615663900415,0.2184234804830825,0.9058759867583398
49,beta,54,none,0.3,1.0,pca,none,,8,0.31602106077897,0.5976579761378701,0.245132339434774,0.919152237013312
26,beta,54,none,0.3,1.0,pca,none,,9,0.3370141253942283,0.550323036543509,0.2335926827754006,0.8793021880544057
5,beta,54,none,0.3,1.0,pca,none,,7,0.3296819600548306,0.5386679292929294,0.2078092997885365,0.9050702433948083
45,beta,54,none,0.3,1.0,pca,none,,10,0.3265303395145707,0.5503720930232558,0.2459193777511014,0.8955065705807547
22,beta,54,none,0.3,1.0,pca,none,,9,0.299152223447366,0.6380503144654088,0.2243448607250815,0.8926196808510638
35,beta,54,none,0.3,1.0,pca,none,,9,0.2885062432952362,0.5514238773274918,0.2175368319489702,0.9305188124632569
28,beta,54,none,0.3,1.0,pca,none,,9,0.3364332887562073,0.5621352487450516,0.2146393410418718,0.9162565829232496
21,beta,54,none,0.3,1.0,pca,none,,7,0.3090703278023731,0.5757070680764622,0.2383841542530089,0.878879405896697
40,beta,54,none,0.3,1.0,pca,none,,8,0.3265788457512197,0.4960144927536232,0.2121385185495072,0.9180242870787284
43,beta,54,none,0.3,1.0,pca,none,,8,0.2757240468424046,0.5604538368266067,0.1691115944685085,0.9390197568389056
10,beta,54,none,0.3,1.0,pca,none,,10,0.304954057637621,0.5809682054966768,0.2361123069019205,0.8926916472608378
12,beta,54,none,0.3,1.0,pca,none,,8,0.3211568310999515,0.5144952644952645,0.247128023788021,0.8817675159235668
39,beta,54,none,0.3,1.0,pca,none,,8,0.2963566898424018,0.7330326460481099,0.2379293735936094,0.903618315722062
30,beta,54,none,0.3,1.0,pca,none,,9,0.3228274678529672,0.6504854368932038,0.2472446339331581,0.90345571218178
16,beta,54,none,0.3,1.0,pca,none,,11,0.3342178822310401,0.5178841017303449,0.2358641444100242,0.883289512123868
13,beta,54,none,0.3,1.0,pca,none,,8,0.3200404244459933,0.7261904761904762,0.2182012384581013,0.9160236905020648
15,beta,54,none,0.3,1.0,pca,none,,9,0.2850605529738736,0.5601072452924305,0.1814762520255161,0.9373253493013972
2,beta,54,none,0.3,1.0,pca,none,,12,0.2986886191258335,0.5571705426356589,0.1695451616477156,0.9420049440541244
8,beta,54,none,0.3,1.0,pca,none,,14,0.3137342160650694,0.4925993143778988,0.2562571338497926,0.9100062629474396
37,beta,54,none,0.3,1.0,pca,none,,9,0.2933288649784029,0.5680657679738562,0.2002856725203575,0.9444301683155596
9,beta,54,none,0.3,1.0,pca,none,,10,0.3123355671286388,0.6244839728023311,0.2110113968155467,0.9265752032520326
34,beta,54,none,0.3,1.0,pca,none,,11,0.3357463891885445,0.6228948010739566,0.20577295758767,0.9236176785826872
6,beta,54,none,0.3,1.0,pca,none,,11,0.3181935563066512,0.5295179547228728,0.215090869618807,0.920438423234206
29,beta,54,none,0.3,1.0,pca,none,,9,0.3035585321564095,0.6002094010029206,0.2150893541474621,0.937101818603035
11,beta,54,none,0.3,1.0,pca,none,,9,0.3044805435195645,0.6352583586626139,0.2204149018378054,0.9171090342679128
31,beta,54,none,0.3,1.0,pca,none,,10,0.3326819943042877,0.6148437499999999,0.2546483711889783,0.9054383699239488
38,beta,54,none,0.3,1.0,pca,none,,8,0.3240188303982649,0.5918367346938775,0.2717523418718656,0.9445791667801968
48,beta,54,none,0.3,1.0,pca,none,,9,0.3151340457317045,0.6311612364243943,0.2401258797388676,0.8772281064324464
41,beta,54,none,0.3,1.0,pca,none,,8,0.325493318030629,0.516186299081036,0.2112769733086957,0.9214210402999063
19,beta,54,none,0.3,1.0,pca,none,,14,0.3102440467158782,0.6092503090929527,0.1989909440339048,0.927461139896373
27,beta,54,none,0.3,1.0,pca,none,,10,0.3336668680360652,0.6126035819299652,0.2222640783326517,0.907043387646836
23,beta,54,none,0.3,1.0,pca,none,,10,0.2878904034679704,0.5577440665524833,0.1959415795237687,0.9023936170212769
36,beta,54,none,0.3,1.0,pca,none,,10,0.3091731366579877,0.5993003997715591,0.2471450647347373,0.8662151067323483
14,beta,54,none,0.3,1.0,pca,none,,11,0.2953840386060716,0.5903401797175867,0.2169675756414719,0.9091827183605103
20,beta,54,none,0.3,1.0,pca,none,,13,0.3008470958619949,0.4989731338279056,0.1696274113300974,0.94019199191613
0,beta,54,none,0.3,1.0,pca,none,,18,0.3309194575570476,0.4970955165692007,0.2554728522248421,0.885062656641604
46,beta,54,none,0.3,1.0,pca,none,,10,0.2975822607080005,0.6145588874402435,0.2048277189003532,0.9424374041900868
18,beta,54,none,0.3,1.0,pca,none,,9,0.3146525633131213,0.5719347396176665,0.2331987348619326,0.9041223326937612
4,beta,54,none,0.3,1.0,pca,none,,15,0.3189709995856066,0.6362265252505594,0.2108294598848064,0.9203552377709682
17,beta,54,none,0.3,1.0,pca,none,,9,0.3147856452844841,0.6626498800959233,0.255677908689299,0.8966604244694132
33,beta,54,none,0.3,1.0,pca,none,,8,0.2927032030183173,0.6799732594785598,0.2130484127496968,0.9227868773716316
7,beta,54,none,0.3,1.0,pca,none,,18,0.3382669128657057,0.4406658496732026,0.253188085936257,0.9001683501683502
1,beta,54,none,0.3,1.0,pca,none,,19,0.3266641248795499,0.5617237953303527,0.2302144878666587,0.9245760782974848
24,beta,54,none,0.3,1.0,pca,none,,10,0.3331795973705531,0.6209036144578313,0.2038343222316772,0.9196022727272728
3,beta,54,none,0.3,1.0,pca,none,,20,0.3248992580385386,0.5893828393828393,0.2407563439372162,0.8913434789723449
25,beta,54,none,0.3,1.0,pca,none,,8,0.323074700795795,0.4638297872340425,0.1966308824886349,0.934769921436588
42,beta,54,none,0.3,1.0,pca,none,,12,0.3029259967394659,0.5145093547155402,0.2253763455474006,0.9148613291470432
47,beta,54,none,0.3,1.0,pca,none,,10,0.3276560702343885,0.5448327282157677,0.2238594555854985,0.9004647313470843
44,beta,54,none,0.3,1.0,pca,none,,8,0.3180315986587159,0.5651995738054258,0.2688113148185752,0.8924093064832518
32,beta,54,none,0.3,1.0,pca,none,,9,0.3013848404031334,0.6496637072908259,0.2079850394807428,0.92901411136537
26,beta,54,none,0.3,1.0,pca,none,,10,0.3504109809431604,0.6021603068847163,0.255716720881611,0.8832052040212892
49,beta,54,none,0.3,1.0,pca,none,,9,0.3199044978600683,0.6240057445868317,0.2498434142634728,0.927334601141027
22,beta,54,none,0.3,1.0,pca,none,,10,0.301742923702587,0.6513626834381552,0.2241491080002157,0.8949165860735011
35,beta,54,none,0.3,1.0,pca,none,,10,0.2934978666154897,0.5399780941949617,0.2318732012373053,0.9224537037037036
5,beta,54,none,0.3,1.0,pca,none,,8,0.3310200495870987,0.5470065235690236,0.2075793998974868,0.9115742614326184
45,beta,54,none,0.3,1.0,pca,none,,11,0.3260110927095802,0.5773488372093023,0.2473036301439162,0.8911615091140314
43,beta,54,none,0.3,1.0,pca,none,,9,0.2972037227105777,0.5206131993764074,0.2100016887063293,0.9379559270516716
21,beta,54,none,0.3,1.0,pca,none,,8,0.3011492422582348,0.565758633262149,0.2301886683187632,0.8753325205054312
10,beta,54,none,0.3,1.0,pca,none,,11,0.3151903218588001,0.5846955272139392,0.2469992101836221,0.8930915249453107
28,beta,54,none,0.3,1.0,pca,none,,10,0.3346137090487356,0.5925805003468962,0.2176755591109431,0.9081412414745748
39,beta,54,none,0.3,1.0,pca,none,,9,0.3030659244428058,0.7377219358533792,0.2455687599733782,0.90428783512357
30,beta,54,none,0.3,1.0,pca,none,,10,0.3040962351073282,0.5809061488673138,0.2125334324202337,0.9066905112560488
40,beta,54,none,0.3,1.0,pca,none,,9,0.3360969032199978,0.5125452898550724,0.2426447090504338,0.9240278346295538
12,beta,54,none,0.3,1.0,pca,none,,9,0.326124918864201,0.5208477708477708,0.2488789457107059,0.8799097664543525
15,beta,54,none,0.3,1.0,pca,none,,10,0.2733455639643024,0.6439705698964958,0.149706846611571,0.9492614770459082
16,beta,54,none,0.3,1.0,pca,none,,12,0.3479431875574998,0.5740912785971432,0.2882245134589914,0.8947195442594216
2,beta,54,none,0.3,1.0,pca,none,,13,0.3001728717107708,0.5661337209302325,0.1642621846019729,0.9531615925058547
13,beta,54,none,0.3,1.0,pca,none,,9,0.3240215667063562,0.7133232016210739,0.216492430538107,0.925016300804173
8,beta,54,none,0.3,1.0,pca,none,,15,0.2929296085913562,0.5803589433353499,0.2203067241073901,0.9055981114804644
34,beta,54,none,0.3,1.0,pca,none,,12,0.3375193479961407,0.6188267838255634,0.2067929281701891,0.9260765399407352
6,beta,54,none,0.3,1.0,pca,none,,12,0.3174309561968063,0.5738680718188914,0.2133133916425469,0.9181016496508748
37,beta,54,none,0.3,1.0,pca,none,,10,0.2938600207307655,0.6105494281045751,0.204848296946466,0.93517923679815
9,beta,54,none,0.3,1.0,pca,none,,11,0.3136261675110877,0.6216306459446334,0.2109371821083216,0.9262485481997678
11,beta,54,none,0.3,1.0,pca,none,,10,0.3078691449787629,0.655724417426545,0.2176683711300541,0.9171090342679128
31,beta,54,none,0.3,1.0,pca,none,,11,0.3214416605312802,0.5957763671875,0.2293912462670798,0.9075046635098292
19,beta,54,none,0.3,1.0,pca,none,,15,0.3098043285305746,0.6241710688996291,0.1963928005466152,0.9315045276257808
38,beta,54,none,0.3,1.0,pca,none,,9,0.3261172882819046,0.6585127201565558,0.2751810751075503,0.9389934879158606
29,beta,54,none,0.3,1.0,pca,none,,10,0.3010062453716706,0.6432468176558108,0.2156090371124895,0.9276902583111316
23,beta,54,none,0.3,1.0,pca,none,,11,0.2809278444491574,0.5723024223146562,0.1858970650215248,0.9147606382978724
41,beta,54,none,0.3,1.0,pca,none,,9,0.3262638944466053,0.5329156223893066,0.2188376353334416,0.915270618556701
27,beta,54,none,0.3,1.0,pca,none,,11,0.334766809913203,0.5928673260269091,0.2247774739037763,0.898091133004926
14,beta,54,none,0.3,1.0,pca,none,,12,0.2955554447247561,0.6415963689712085,0.2146135136913813,0.9185674171141436
48,beta,54,none,0.3,1.0,pca,none,,10,0.3163116337158123,0.6550403787245892,0.2387850781705372,0.8861405321622321
46,beta,54,none,0.3,1.0,pca,none,,11,0.2993737270113135,0.6146892655367231,0.2034981399756913,0.9453244762391416
20,beta,54,none,0.3,1.0,pca,none,,14,0.3013743213691808,0.4876566494823756,0.1653418331316308,0.9438549955791334
36,beta,54,none,0.3,1.0,pca,none,,11,0.3230573235036359,0.6083309537407197,0.2773965865834163,0.8732758620689656
18,beta,54,none,0.3,1.0,pca,none,,10,0.314603141872592,0.5735003295978905,0.231194170772327,0.9070585499156928
0,beta,54,none,0.3,1.0,pca,none,,19,0.3330502860538655,0.5223586744639376,0.2619708256439613,0.8850375939849624
7,beta,54,none,0.3,1.0,pca,none,,19,0.3198376135896688,0.5146548202614378,0.2255182618852806,0.8938191438191438
4,beta,54,none,0.3,1.0,pca,none,,16,0.3208812920325356,0.5796438649411307,0.208611101507523,0.9224832595619114
17,beta,54,none,0.3,1.0,pca,none,,10,0.2968329726135237,0.6910071942446043,0.236523043429789,0.8920099875156056
42,beta,54,none,0.3,1.0,pca,none,,13,0.2970256297800364,0.5765135123668915,0.2181070364219968,0.913657770800628
3,beta,54,none,0.3,1.0,pca,none,,21,0.3298989774764739,0.5974858474858475,0.2479133471833049,0.8818196694485354
33,beta,54,none,0.3,1.0,pca,none,,9,0.2931504258473006,0.67543692101996,0.2142176782649392,0.9288870743071234
47,beta,54,none,0.3,1.0,pca,none,,11,0.3201465060276505,0.5774118257261411,0.2234410709149109,0.8976317799847212
1,beta,54,none,0.3,1.0,pca,none,,20,0.3462982981182307,0.4769622454048682,0.2673992895896893,0.9106634801411176
25,beta,54,none,0.3,1.0,pca,none,,9,0.3421580232265429,0.5011170212765957,0.24724239644026,0.931223344556678
24,beta,54,none,0.3,1.0,pca,none,,11,0.3332121661123476,0.5990963855421687,0.2067696339903159,0.9210227272727272
26,beta,54,none,0.3,1.0,pca,none,,11,0.3547349209111046,0.4696648495861094,0.2665740058267202,0.8820520402128917
44,beta,54,none,0.3,1.0,pca,none,,9,0.3093739316902596,0.6160765511023686,0.2377691707413132,0.8924341370148735
32,beta,54,none,0.3,1.0,pca,none,,10,0.3059917558092413,0.6252892117298897,0.2082067084943412,0.92901411136537
49,beta,54,none,0.3,1.0,pca,none,,10,0.3145259393773348,0.6827772867874503,0.2351205412154443,0.9180762686417776
22,beta,54,none,0.3,1.0,pca,none,,11,0.3026040812025535,0.6348707197763801,0.2254987688628335,0.8874516441005803
35,beta,54,none,0.3,1.0,pca,none,,11,0.2800758143586381,0.5917305585980286,0.1987806814431771,0.9233539094650206
43,beta,54,none,0.3,1.0,pca,none,,10,0.2987502127411217,0.5984756625671229,0.2100572498230658,0.9375759878419452
5,beta,54,none,0.3,1.0,pca,none,,9,0.3320719750056143,0.5018939393939394,0.2081787141585414,0.8992888940278662
39,beta,54,none,0.3,1.0,pca,none,,10,0.3039355781152399,0.6328751431844215,0.241823892516786,0.9023957150758304
10,beta,54,none,0.3,1.0,pca,none,,12,0.3163595871601758,0.5850098796479253,0.2371652531022668,0.8899160256862607
45,beta,54,none,0.3,1.0,pca,none,,12,0.3271392251610749,0.5350697674418604,0.2484934533885978,0.8834251801610852
30,beta,54,none,0.3,1.0,pca,none,,11,0.3199008180165124,0.5727384805054708,0.2330751374563335,0.9117136545339786
21,beta,54,none,0.3,1.0,pca,none,,9,0.3036045121048937,0.5820615657065472,0.2350102953862255,0.8758313012635779
15,beta,54,none,0.3,1.0,pca,none,,11,0.2901138055228551,0.5029928918817808,0.1855443853913979,0.9499401197604792
28,beta,54,none,0.3,1.0,pca,none,,11,0.3364069342351564,0.5622576827327267,0.2233093537809102,0.9055800166911278
40,beta,54,none,0.3,1.0,pca,none,,10,0.3269518589008934,0.5054347826086957,0.2130492608021068,0.9164688224860146
2,beta,54,none,0.3,1.0,pca,none,,14,0.2993504938874663,0.609593023255814,0.1638459354391666,0.95264116575592
12,beta,54,none,0.3,1.0,pca,none,,10,0.3264150911944359,0.5247458997458997,0.2497799545702158,0.876890923566879
16,beta,54,none,0.3,1.0,pca,none,,13,0.341628125631813,0.4615607943328301,0.2618917491263516,0.8885845749342682
13,beta,54,none,0.3,1.0,pca,none,,10,0.3215133093122858,0.7214792299898682,0.2171826838913038,0.9182242990654206
34,beta,54,none,0.3,1.0,pca,none,,13,0.3390303996487991,0.6026360751769587,0.2047846010534412,0.920717483134733
6,beta,54,none,0.3,1.0,pca,none,,13,0.3165806889933574,0.5722580015612801,0.2100787785762154,0.9185467493810332
8,beta,54,none,0.3,1.0,pca,none,,16,0.3094875333321231,0.5359144988909054,0.2358241579514102,0.923832923832924
11,beta,54,none,0.3,1.0,pca,none,,11,0.3174002892010638,0.6199594731509626,0.2301643753948242,0.9084859813084112
19,beta,54,none,0.3,1.0,pca,none,,16,0.3110228196217234,0.6629200854220523,0.1972656722115941,0.9267105709166624
31,beta,54,none,0.3,1.0,pca,none,,12,0.3207812949290664,0.6044189453124998,0.2264992115810179,0.9087386999569522
37,beta,54,none,0.3,1.0,pca,none,,11,0.2971677466124357,0.5842779820261438,0.2050361136138832,0.9363677245278172
38,beta,54,none,0.3,1.0,pca,none,,10,0.2930185911380069,0.6824154319261951,0.2060949729119633,0.9237895425192774
9,beta,54,none,0.3,1.0,pca,none,,12,0.3139625062751671,0.603266148615833,0.2133253191737781,0.9238893728222995
23,beta,54,none,0.3,1.0,pca,none,,12,0.2868374425533498,0.5734646439931489,0.1935462915195087,0.9049867021276596
29,beta,54,none,0.3,1.0,pca,none,,11,0.3171986206811208,0.622527139472089,0.237026161033604,0.9327580215452334
14,beta,54,none,0.3,1.0,pca,none,,13,0.2970352744081185,0.6274986246103063,0.2135088370061063,0.9210552243952904
27,beta,54,none,0.3,1.0,pca,none,,12,0.3328431804825098,0.6129822685556446,0.2264256639627537,0.8955807123910572
41,beta,54,none,0.3,1.0,pca,none,,10,0.3288659290779451,0.4630743525480367,0.2330478605018723,0.9080951265229616
46,beta,54,none,0.3,1.0,pca,none,,12,0.3004568629658454,0.6078009561060409,0.2038713279138486,0.9427950945324476
48,beta,54,none,0.3,1.0,pca,none,,11,0.3175558586807571,0.6294207741576162,0.2361902749165321,0.8919852751227073
18,beta,54,none,0.3,1.0,pca,none,,11,0.3156220997780981,0.5786090969017799,0.2331070297821795,0.9087156230013372
7,beta,54,none,0.3,1.0,pca,none,,20,0.3203398646319164,0.5475388071895425,0.2202895010448562,0.8962722462722463
20,beta,54,none,0.3,1.0,pca,none,,15,0.3068654760642563,0.4775137264763821,0.1739747093729293,0.9459075407351268
36,beta,54,none,0.3,1.0,pca,none,,12,0.3258550784390915,0.6188606510565391,0.2887468547773601,0.8716748768472906
0,beta,54,none,0.3,1.0,pca,none,,20,0.3346701157486824,0.5508771929824561,0.2683337881003449,0.8863157894736842
42,beta,54,none,0.3,1.0,pca,none,,14,0.2957667318893018,0.5787832506045565,0.2207362394893434,0.9131606488749346
3,beta,54,none,0.3,1.0,pca,none,,22,0.3313107920589871,0.5604950604950605,0.2407281963956639,0.896547209949272
47,beta,54,none,0.3,1.0,pca,none,,12,0.3166834594117966,0.5912863070539419,0.2223571223636148,0.9083906289788644
4,beta,54,none,0.3,1.0,pca,none,,17,0.3204726656112384,0.6195144497421426,0.2089427478723461,0.9199580070366588
17,beta,54,none,0.3,1.0,pca,none,,11,0.2993921429896381,0.686810551558753,0.2325977253239101,0.8970037453183521
26,beta,54,none,0.3,1.0,pca,none,,12,0.3465951413501661,0.566071068039572,0.2357534009262397,0.8821703134240093
33,beta,54,none,0.3,1.0,pca,none,,10,0.2942147018551194,0.680641772514564,0.2149140936393761,0.923795571353091
1,beta,54,none,0.3,1.0,pca,none,,21,0.348041128502875,0.5360469448584203,0.2720047882110921,0.9189427563446
25,beta,54,none,0.3,1.0,pca,none,,10,0.3335369414618893,0.5211702127659574,0.2156570645692701,0.9425364758698092
24,beta,54,none,0.3,1.0,pca,none,,12,0.3354015288678663,0.5873293172690763,0.2035694761290173,0.924195075757576
22,beta,54,none,0.3,1.0,pca,none,,12,0.3037412205161208,0.70020964360587,0.2258109914600991,0.8871191972920697
44,beta,54,none,0.3,1.0,pca,none,,10,0.3095395166139537,0.58786165068437,0.2358124837544241,0.8811859061902516
32,beta,54,none,0.3,1.0,pca,none,,11,0.3022456130607862,0.6540220608017219,0.2107899556012923,0.9268449656750573
49,beta,54,none,0.3,1.0,pca,none,,11,0.3237669450972211,0.709373619089704,0.2515809170870279,0.922580322290061
35,beta,54,none,0.3,1.0,pca,none,,12,0.2909630593566985,0.4994249726177437,0.2180381500346422,0.9278733098177544
43,beta,54,none,0.3,1.0,pca,none,,11,0.2993524227907009,0.5307465789017842,0.206472768193945,0.9383738601823708
39,beta,54,none,0.3,1.0,pca,none,,11,0.3068083893412563,0.6949813860252004,0.246976148430573,0.8961371641486915
10,beta,54,none,0.3,1.0,pca,none,,13,0.3079197077263309,0.5607373809951499,0.2359416497099282,0.8875873262296239
5,beta,54,none,0.3,1.0,pca,none,,10,0.3315789451799297,0.5541614057239057,0.2104786013738124,0.898595132103833
30,beta,54,none,0.3,1.0,pca,none,,12,0.3214555905922066,0.5971387476241845,0.233268422261459,0.9116610561750472
15,beta,54,none,0.3,1.0,pca,none,,12,0.27522360694821,0.5572390572390572,0.1504330018024368,0.9472255489021956
45,beta,54,none,0.3,1.0,pca,none,,13,0.3411063057322493,0.6056046511627907,0.2845576286761943,0.8899692666384061
21,beta,54,none,0.3,1.0,pca,none,,10,0.3126605217645169,0.6025053388197302,0.2357923961479707,0.8877466193748615
28,beta,54,none,0.3,1.0,pca,none,,12,0.3353014180324364,0.5590743990531771,0.2188266807080851,0.9049469049469048
40,beta,54,none,0.3,1.0,pca,none,,11,0.3387422028837194,0.440036231884058,0.2422983854004069,0.9255287215172602
2,beta,54,none,0.3,1.0,pca,none,,15,0.3025234472038693,0.5479651162790697,0.1671600334832571,0.9484126984126984
16,beta,54,none,0.3,1.0,pca,none,,14,0.3511917596603829,0.5561491116014401,0.3003081403171724,0.8824496056091148
34,beta,54,none,0.3,1.0,pca,none,,14,0.3367603780765769,0.6423399235212757,0.2083660229229196,0.9203391967719564
6,beta,54,none,0.3,1.0,pca,none,,14,0.3184271196240151,0.537568306010929,0.2138646356439107,0.9181016496508748
12,beta,54,none,0.3,1.0,pca,none,,11,0.3268248936668065,0.5250057750057749,0.2508300769368521,0.8786491507430998
13,beta,54,none,0.3,1.0,pca,none,,11,0.32256587520076,0.7149949341438703,0.2187819712980727,0.9132797217996088
19,beta,54,none,0.3,1.0,pca,none,,17,0.3132478586795012,0.6162189502079353,0.1994735546833252,0.9284780398043676
11,beta,54,none,0.3,1.0,pca,none,,12,0.3109576309818407,0.6089159067882473,0.2179210744011463,0.923190031152648
8,beta,54,none,0.3,1.0,pca,none,,17,0.3142247881468053,0.4498084291187739,0.2493454814233557,0.9255191019896902
31,beta,54,none,0.3,1.0,pca,none,,13,0.321529368129328,0.59169921875,0.2256819780688883,0.9122973166881906
38,beta,54,none,0.3,1.0,pca,none,,11,0.316112605752067,0.6364271736091697,0.2436676785033396,0.9267322416282936
23,beta,54,none,0.3,1.0,pca,none,,13,0.3071252552779755,0.3810252018595547,0.2511641102209102,0.9122340425531916
37,beta,54,none,0.3,1.0,pca,none,,12,0.2961856845261556,0.6065921160130718,0.2010244736871754,0.9474174482847232
14,beta,54,none,0.3,1.0,pca,none,,14,0.2977334835947026,0.6336420319090409,0.2167645765422332,0.9092566136262872
27,beta,54,none,0.3,1.0,pca,none,,13,0.3349813115899638,0.6085271317829457,0.2252747507257154,0.9047461159530126
9,beta,54,none,0.3,1.0,pca,none,,13,0.3135488670363021,0.6233608547838756,0.2118191308654889,0.9244700929152148
46,beta,54,none,0.3,1.0,pca,none,,13,0.3012705081076836,0.5678400695349848,0.2070230806286378,0.9389882473173224
18,beta,54,none,0.3,1.0,pca,none,,12,0.3162058914092962,0.5596022852120414,0.2317978793162004,0.9078725507296936
29,beta,54,none,0.3,1.0,pca,none,,12,0.3035956160742737,0.6206535515512206,0.2137870377107181,0.9359724313680065
7,beta,54,none,0.3,1.0,pca,none,,21,0.3224883263715208,0.4842218137254902,0.2208249591343229,0.8996392496392496
41,beta,54,none,0.3,1.0,pca,none,,11,0.3281648361910743,0.5006683375104428,0.2156113091559053,0.904551312089972
48,beta,54,none,0.3,1.0,pca,none,,12,0.3174047022386773,0.6595655806182122,0.2397159083489751,0.8848488762593646
42,beta,54,none,0.3,1.0,pca,none,,15,0.3051784179573594,0.5599465444826269,0.2242790779007525,0.920669806384092
20,beta,54,none,0.3,1.0,pca,none,,16,0.3020492800340121,0.5515528731296365,0.1668917091537274,0.94537072123279
36,beta,54,none,0.3,1.0,pca,none,,13,0.3261292481121984,0.5819888635065678,0.2831019385210823,0.8647783251231527
47,beta,54,none,0.3,1.0,pca,none,,13,0.3364376957393377,0.5824688796680498,0.2541462717446242,0.8961357270180801
3,beta,54,none,0.3,1.0,pca,none,,23,0.3309353526138504,0.5617715617715617,0.2453509124518888,0.8848960890198003
26,beta,54,none,0.3,1.0,pca,none,,13,0.339510260756978,0.5359882899252978,0.2351206996571111,0.8792134831460674
0,beta,54,none,0.3,1.0,pca,none,,21,0.3301500208276514,0.5116959064327485,0.2468935443456187,0.878546365914787
17,beta,54,none,0.3,1.0,pca,none,,12,0.3171441222347276,0.6641187050359711,0.2511918298794711,0.8937890137328339
4,beta,54,none,0.3,1.0,pca,none,,18,0.3214785472207233,0.5956018293276248,0.2085433388276819,0.9221144024514812
33,beta,54,none,0.3,1.0,pca,none,,11,0.295787374974113,0.6725718651513705,0.2159391826696571,0.9171429943801336
22,beta,54,none,0.3,1.0,pca,none,,13,0.3050904665903812,0.6912648497554158,0.2246701034050515,0.8897183268858799
35,beta,54,none,0.3,1.0,pca,none,,13,0.2928005880296188,0.4748083242059145,0.2216104659845947,0.9249706055261612
1,beta,54,none,0.3,1.0,pca,none,,22,0.3479132506018195,0.583147044212618,0.2749998553232332,0.9173779446910209
25,beta,54,none,0.3,1.0,pca,none,,11,0.3148199512583653,0.476063829787234,0.1657383004909834,0.9312682379349048
44,beta,54,none,0.3,1.0,pca,none,,11,0.3014283712089567,0.6053807064994672,0.2208929933101389,0.8770640379410524
32,beta,54,none,0.3,1.0,pca,none,,12,0.30792631330121,0.6538606403013182,0.2062772931478073,0.9293478260869564
24,beta,54,none,0.3,1.0,pca,none,,13,0.3341569956349575,0.6042971887550199,0.2051923342985543,0.9216619318181818
43,beta,54,none,0.3,1.0,pca,none,,12,0.2866991317024361,0.6172700502338472,0.1736130991795409,0.945630699088146
49,beta,54,none,0.3,1.0,pca,none,,12,0.3236210035288769,0.6789107379584624,0.2525357304446911,0.9204283855469924
39,beta,54,none,0.3,1.0,pca,none,,12,0.3040305170408548,0.6919745131729668,0.2408598688685389,0.8924984717491921
10,beta,54,none,0.3,1.0,pca,none,,14,0.3322714553812994,0.5447278606071493,0.2751894006033197,0.8932561804624468
15,beta,54,none,0.3,1.0,pca,none,,13,0.2767421079930091,0.5634118967452302,0.1580494793909731,0.9376047904191618
30,beta,54,none,0.3,1.0,pca,none,,13,0.3234414814505875,0.5285868392664508,0.2348065059821814,0.9090837365874184
5,beta,54,none,0.3,1.0,pca,none,,11,0.3332890416561093,0.5395885942760943,0.2087658693511882,0.9021795687113372
45,beta,54,none,0.3,1.0,pca,none,,14,0.3272132353876727,0.5769767441860466,0.248022070718333,0.8915854175498092
21,beta,54,none,0.3,1.0,pca,none,,11,0.304836432419491,0.5692483983540809,0.2275942215758129,0.8837840833518068
2,beta,54,none,0.3,1.0,pca,none,,16,0.302522215795886,0.5800872093023256,0.1621201580551775,0.9547228727556596
28,beta,54,none,0.3,1.0,pca,none,,13,0.3356670910354484,0.5872342162184222,0.2234424880611406,0.9037094592650148
19,beta,54,none,0.3,1.0,pca,none,,18,0.3119595384022109,0.6248735528829943,0.1982830644378731,0.9228608784078252
40,beta,54,none,0.3,1.0,pca,none,,12,0.3273998490108626,0.5170742753623189,0.2148126753095189,0.914313003138218
6,beta,54,none,0.3,1.0,pca,none,,15,0.3206571724944103,0.5500585480093676,0.2153146957374086,0.918880574178652
34,beta,54,none,0.3,1.0,pca,none,,15,0.339949887243051,0.6294036286713856,0.2024575877956735,0.9319715024273374
31,beta,54,none,0.3,1.0,pca,none,,14,0.3355467320043327,0.6312011718749999,0.2489403978907471,0.91215382407806
16,beta,54,none,0.3,1.0,pca,none,,15,0.3512827501946219,0.5376843572175124,0.3007833059661749,0.8947195442594217
11,beta,54,none,0.3,1.0,pca,none,,13,0.3108771385377002,0.6623438027693347,0.2306746436008938,0.9033271028037384
13,beta,54,none,0.3,1.0,pca,none,,12,0.3208683587231443,0.7134245187436676,0.2243608260525892,0.9128722016952836
12,beta,54,none,0.3,1.0,pca,none,,12,0.3269162734945226,0.5083160083160082,0.2549450531598377,0.8704551486199575
23,beta,54,none,0.3,1.0,pca,none,,14,0.2830086402012191,0.5596403229752875,0.1882003875666356,0.9132646276595744
38,beta,54,none,0.3,1.0,pca,none,,12,0.3154197903902154,0.6723511322337153,0.2455354973866384,0.9267322416282936
8,beta,54,none,0.3,1.0,pca,none,,18,0.3135554728314602,0.5234119782214156,0.2515583049827187,0.9166305342775932
14,beta,54,none,0.3,1.0,pca,none,,15,0.3142175799233737,0.6017100678525582,0.2372606417120378,0.9144292822306518
46,beta,54,none,0.3,1.0,pca,none,,14,0.3019126322097056,0.6091264667535854,0.2048061929429519,0.944276954522228
27,beta,54,none,0.3,1.0,pca,none,,14,0.3337015772813679,0.5987258308830081,0.2259771661906969,0.8997726411519515
37,beta,54,none,0.3,1.0,pca,none,,13,0.2976699150132654,0.5805759803921569,0.2019364909067446,0.94092894770654
18,beta,54,none,0.3,1.0,pca,none,,13,0.3163949823139287,0.5914908811250275,0.2325235112541345,0.9078434792720508
7,beta,54,none,0.3,1.0,pca,none,,22,0.328916446681771,0.5242289624183007,0.2235684947846313,0.8975228475228475
9,beta,54,none,0.3,1.0,pca,none,,14,0.3146676699954406,0.6027804759592034,0.2143419648176913,0.9233449477351916
41,beta,54,none,0.3,1.0,pca,none,,12,0.3240284993498899,0.5118629908103594,0.2209396108070558,0.9099988284910964
42,beta,54,none,0.3,1.0,pca,none,,16,0.3055526969275028,0.5298884222137372,0.224305112668208,0.9188644688644688
47,beta,54,none,0.3,1.0,pca,none,,14,0.3248829529975128,0.5798755186721991,0.2205115474252845,0.9054940157881336
3,beta,54,none,0.3,1.0,pca,none,,24,0.324982135079958,0.5743700743700744,0.2409681496007299,0.8917034855179184
29,beta,54,none,0.3,1.0,pca,none,,13,0.3315496991784807,0.6355320438639996,0.2717722457424047,0.9298331981929804
26,beta,54,none,0.3,1.0,pca,none,,14,0.3398622748927443,0.5433070866141733,0.2327735948378045,0.8835895919574217
48,beta,54,none,0.3,1.0,pca,none,,13,0.3206337736464887,0.6248259537733222,0.2355988260170899,0.884590545078791
36,beta,54,none,0.3,1.0,pca,none,,14,0.3042221183178938,0.616290691033695,0.2411550001389089,0.868431855500821
20,beta,54,none,0.3,1.0,pca,none,,17,0.3023488081279785,0.5216270589714574,0.1680567643870427,0.9460654288240496
0,beta,54,none,0.3,1.0,pca,none,,22,0.3308120671198636,0.5386939571150098,0.2510457815463555,0.8829072681704261
17,beta,54,none,0.3,1.0,pca,none,,13,0.304104895993033,0.6925659472422063,0.2333582520306249,0.8988764044943819
4,beta,54,none,0.3,1.0,pca,none,,19,0.3212161111768736,0.5959423956407511,0.2119773383534259,0.9177164907501988
35,beta,54,none,0.3,1.0,pca,none,,14,0.2917734174989614,0.5696604600219058,0.2156313936695381,0.9311067019400352
22,beta,54,none,0.3,1.0,pca,none,,14,0.3052085919861896,0.677078965758211,0.2259986949029517,0.8880258704061896
43,beta,54,none,0.3,1.0,pca,none,,13,0.3031529885574627,0.5549974016975576,0.2097047706859476,0.9388677811550152
33,beta,54,none,0.3,1.0,pca,none,,12,0.3055635841656258,0.685918250405883,0.2188116310356251,0.9177193909409674
44,beta,54,none,0.3,1.0,pca,none,,12,0.3117296140493738,0.6055241373657896,0.2370042115206487,0.8816576862910634
1,beta,54,none,0.3,1.0,pca,none,,23,0.3273932494655158,0.5820914058618977,0.2285831139828622,0.9176624559007626
24,beta,54,none,0.3,1.0,pca,none,,14,0.3372173105590404,0.5997991967871484,0.2031865026824421,0.9216619318181818
15,beta,54,none,0.3,1.0,pca,none,,14,0.2769973095511871,0.623145030552438,0.1482066945041774,0.9510578842315368
39,beta,54,none,0.3,1.0,pca,none,,13,0.3008535347814726,0.6248568155784651,0.2403178806471454,0.8982621605099992
10,beta,54,none,0.3,1.0,pca,none,,15,0.3104975559250534,0.6016256511586132,0.2348909500542069,0.8944793357325995
49,beta,54,none,0.3,1.0,pca,none,,13,0.3149279096210217,0.6540543526292533,0.2290701780424526,0.921329196276649
32,beta,54,none,0.3,1.0,pca,none,,13,0.3054924016708413,0.6378262039278988,0.2078607245112323,0.9294670099160948
30,beta,54,none,0.3,1.0,pca,none,,14,0.3251488454801455,0.6861868803616377,0.236232785627114,0.91134546602146
25,beta,54,none,0.3,1.0,pca,none,,12,0.315425577520752,0.5254255319148936,0.168451215118403,0.9302805836139172
45,beta,54,none,0.3,1.0,pca,none,,15,0.3378205309362295,0.5696279069767441,0.270751333966936,0.8862335735481136
5,beta,54,none,0.3,1.0,pca,none,,12,0.3334426278503873,0.5417192760942761,0.2081543491335719,0.9020928484708332
2,beta,54,none,0.3,1.0,pca,none,,17,0.3017700340981127,0.5775678294573643,0.1683808804205911,0.9496161852719228
21,beta,54,none,0.3,1.0,pca,none,,12,0.3140904959731264,0.5343767904578364,0.2352492636431926,0.8829804921303481
19,beta,54,none,0.3,1.0,pca,none,,19,0.3134587719583914,0.6046982128807462,0.1984178300555345,0.9278969541426564
28,beta,54,none,0.3,1.0,pca,none,,14,0.3381756038311257,0.5627066073542014,0.2234801225090288,0.9054936832714612
34,beta,54,none,0.3,1.0,pca,none,,16,0.3391786073278466,0.6258237734927996,0.2032402518563492,0.9327280751528908
6,beta,54,none,0.3,1.0,pca,none,,16,0.3200450687969269,0.5730386416861827,0.2132028250379398,0.9211338915625784
11,beta,54,none,0.3,1.0,pca,none,,14,0.3120747295147745,0.6473488686254644,0.2282227979340478,0.9097320872274144
31,beta,54,none,0.3,1.0,pca,none,,15,0.3373105687532665,0.55380859375,0.2525357304446911,0.9154541541110632
16,beta,54,none,0.3,1.0,pca,none,,16,0.3370835140736256,0.537568226686796,0.2286738638470447,0.8819018404907976
40,beta,54,none,0.3,1.0,pca,none,,13,0.3279053997703878,0.5203804347826086,0.2145519355531043,0.9160322008459544
23,beta,54,none,0.3,1.0,pca,none,,15,0.2833550144530004,0.5446231954979204,0.1817330361193059,0.919813829787234
38,beta,54,none,0.3,1.0,pca,none,,13,0.3141179519777983,0.6227285434721834,0.2317557526443373,0.9374403967194354
13,beta,54,none,0.3,1.0,pca,none,,13,0.3282523248776095,0.7257345491388044,0.2180883756129247,0.9172462508150402
46,beta,54,none,0.3,1.0,pca,none,,15,0.3017250462985811,0.6093003042155585,0.2062811939896494,0.9429228410832908
14,beta,54,none,0.3,1.0,pca,none,,16,0.2984017715237883,0.6271318540253071,0.2149453616439102,0.9218927040740924
8,beta,54,none,0.3,1.0,pca,none,,19,0.3138831760628369,0.4904214559386973,0.2456687026784366,0.9076937900467312
27,beta,54,none,0.3,1.0,pca,none,,15,0.334323264959419,0.6684932727434731,0.227125020349425,0.9005778704054566
12,beta,54,none,0.3,1.0,pca,none,,13,0.3290568018507764,0.5046200046200046,0.2509397190228658,0.8801088110403397
7,beta,54,none,0.3,1.0,pca,none,,23,0.3220947390535876,0.5266033496732027,0.2209320147398615,0.9014430014430016
18,beta,54,none,0.3,1.0,pca,none,,14,0.3174174832700516,0.5961327180839375,0.2333954926628217,0.9061864061864062
37,beta,54,none,0.3,1.0,pca,none,,14,0.299408007197852,0.5927287581699345,0.2020627084182905,0.9436592573557754
42,beta,54,none,0.3,1.0,pca,none,,17,0.2998997043802776,0.5575071061898095,0.2192415181963895,0.9184981684981685
47,beta,54,none,0.3,1.0,pca,none,,15,0.32433590438385,0.5494683609958506,0.2213825553566502,0.903138528138528
3,beta,54,none,0.3,1.0,pca,none,,25,0.3328549769879696,0.5755355755355755,0.2430208772753825,0.8837833415153004
9,beta,54,none,0.3,1.0,pca,none,,15,0.3144710132889309,0.5798324429334629,0.2087490414551753,0.9277003484320558
26,beta,54,none,0.3,1.0,pca,none,,15,0.3406445397013445,0.532757924490208,0.2337505525567158,0.8787108219988173
41,beta,54,none,0.3,1.0,pca,none,,13,0.32961399696294,0.4702589807852966,0.2280523952144025,0.9111410496719776
29,beta,54,none,0.3,1.0,pca,none,,14,0.3051592768974602,0.6320879484212266,0.2152904288657665,0.9378257847793352
48,beta,54,none,0.3,1.0,pca,none,,14,0.3201047991531103,0.6589738234475077,0.2409928683599874,0.8832988891759235
20,beta,54,none,0.3,1.0,pca,none,,18,0.302445366020258,0.521648015423949,0.1684573906051562,0.9435392194012884
36,beta,54,none,0.3,1.0,pca,none,,15,0.3051271323528425,0.6115790976584808,0.2418795365763223,0.864367816091954
35,beta,54,none,0.3,1.0,pca,none,,15,0.2949601584338212,0.541538882803943,0.2246155696512233,0.931878306878307
22,beta,54,none,0.3,1.0,pca,none,,15,0.3080085686654416,0.6553808525506639,0.2250982189378304,0.8920756769825919
43,beta,54,none,0.3,1.0,pca,none,,14,0.3012974013632712,0.4849298458340551,0.2090139635477293,0.9308510638297872
17,beta,54,none,0.3,1.0,pca,none,,14,0.3174896295235536,0.6622901678657074,0.2467426570038398,0.8950998751560549
4,beta,54,none,0.3,1.0,pca,none,,20,0.3288426838427687,0.6242580519606888,0.2101164574512026,0.9197877652933834
0,beta,54,none,0.3,1.0,pca,none,,23,0.3332456595137454,0.5112280701754386,0.2578998619951542,0.8817293233082706
33,beta,54,none,0.3,1.0,pca,none,,13,0.3052575451990771,0.6535192436252507,0.2222250896424494,0.9151976559873192
15,beta,54,none,0.3,1.0,pca,none,,15,0.2780846518277706,0.564222471629879,0.1511715578475109,0.9442714570858284
30,beta,54,none,0.3,1.0,pca,none,,15,0.3220819701334113,0.6672317254841525,0.2265382786661687,0.9064012202819272
39,beta,54,none,0.3,1.0,pca,none,,14,0.3051475084559685,0.6467998281786942,0.240207779195256,0.8922364858964282
24,beta,54,none,0.3,1.0,pca,none,,15,0.3413502854627234,0.5825702811244979,0.2237945205201344,0.9206676136363636
10,beta,54,none,0.3,1.0,pca,none,,16,0.3160532524614731,0.60265852344171,0.235197444171809,0.8933737915461154
44,beta,54,none,0.3,1.0,pca,none,,13,0.3028930248355326,0.6036595361035981,0.2205835710644807,0.8806396344945745
1,beta,54,none,0.3,1.0,pca,none,,24,0.3279548044679234,0.5201502732240436,0.2320200548136386,0.9163252532149768
49,beta,54,none,0.3,1.0,pca,none,,14,0.30095879157576,0.6415156871409633,0.2116030243049706,0.9247322590331296
32,beta,54,none,0.3,1.0,pca,none,,14,0.3178992896165977,0.6470271724509012,0.2090655196047364,0.9265350877192984
25,beta,54,none,0.3,1.0,pca,none,,13,0.3235401612599057,0.4787234042553191,0.1709066225544099,0.9353984287317622
2,beta,54,none,0.3,1.0,pca,none,,18,0.3040841560061669,0.5651647286821705,0.1584488937693969,0.9543650793650794
5,beta,54,none,0.3,1.0,pca,none,,13,0.3333741463570523,0.5072074915824916,0.2112646656334813,0.8981037174076429
45,beta,54,none,0.3,1.0,pca,none,,16,0.3286059011733097,0.5358139534883721,0.2493011048548966,0.8894128868164477
19,beta,54,none,0.3,1.0,pca,none,,20,0.3134056320039797,0.6415083736090818,0.2008815448088838,0.9237567188029636
21,beta,54,none,0.3,1.0,pca,none,,13,0.3071991880993185,0.5410177613417364,0.2323044632621466,0.8761915318111284
34,beta,54,none,0.3,1.0,pca,none,,17,0.343286657173587,0.6047514441461231,0.2066531417315272,0.92497320471597
6,beta,54,none,0.3,1.0,pca,none,,17,0.3202666738340068,0.5640612802498048,0.2106494526294828,0.9266141819901522
11,beta,54,none,0.3,1.0,pca,none,,15,0.3120746578917232,0.6273556231003039,0.2195287364938004,0.9216697819314644
31,beta,54,none,0.3,1.0,pca,none,,16,0.3309509992682953,0.529345703125,0.236074721619162,0.8977184674989238
28,beta,54,none,0.3,1.0,pca,none,,15,0.3365284911056871,0.5723176753866873,0.2122155782467901,0.9181271403493628
23,beta,54,none,0.3,1.0,pca,none,,16,0.284245512899246,0.5595179838512357,0.185047290225289,0.9118351063829788
38,beta,54,none,0.3,1.0,pca,none,,14,0.3159032520480614,0.7791445345261392,0.2287378616187142,0.9388844990599712
16,beta,54,none,0.3,1.0,pca,none,,17,0.3319482026304174,0.5234003019393799,0.2270299922490838,0.8854440549225825
14,beta,54,none,0.3,1.0,pca,none,,17,0.3161312250200934,0.5335595085274161,0.237729982654563,0.9122616877678704
46,beta,54,none,0.3,1.0,pca,none,,16,0.3036320820088876,0.6080399826162537,0.2042447368254209,0.9457843638221768
40,beta,54,none,0.3,1.0,pca,none,,14,0.3458443907996087,0.5799365942028986,0.2666863387024231,0.9164961113385184
27,beta,54,none,0.3,1.0,pca,none,,16,0.3347356945354253,0.5837120199590128,0.2251882887817721,0.8981858658582796
13,beta,54,none,0.3,1.0,pca,none,,14,0.3200367578055425,0.6838905775075989,0.2213592566110662,0.9144207780917192
8,beta,54,none,0.3,1.0,pca,none,,20,0.315428223030777,0.604436378302077,0.2503888116732204,0.9094522329816448
7,beta,54,none,0.3,1.0,pca,none,,24,0.3218967870171824,0.5263991013071896,0.2187576292614898,0.9005050505050505
18,beta,54,none,0.3,1.0,pca,none,,15,0.3177171794514481,0.6000329597890574,0.2323257824659537,0.9091226234083376
47,beta,54,none,0.3,1.0,pca,none,,16,0.3328279809530172,0.6008817427385892,0.2412761955171531,0.89085179526356
12,beta,54,none,0.3,1.0,pca,none,,14,0.3240733337614646,0.4602102102102102,0.25022983417089,0.8813362526539278
3,beta,54,none,0.3,1.0,pca,none,,26,0.3389892907807139,0.507048507048507,0.265474473151742,0.8831942398952708
26,beta,54,none,0.3,1.0,pca,none,,16,0.3493538567418452,0.5435594589137897,0.2355116857430687,0.8760201064458899
42,beta,54,none,0.3,1.0,pca,none,,18,0.2989388927536537,0.5634466081201477,0.2239021278795192,0.913840920983778
37,beta,54,none,0.3,1.0,pca,none,,15,0.2986679645255392,0.5772058823529411,0.2041365123557873,0.9381986380573044
9,beta,54,none,0.3,1.0,pca,none,,16,0.3167291218358367,0.5842034968431278,0.2121111133848439,0.9229457026713124
41,beta,54,none,0.3,1.0,pca,none,,14,0.3330461921837017,0.4176691729323308,0.2421132481484624,0.9132497656982194
22,beta,54,none,0.3,1.0,pca,none,,16,0.3090506442797872,0.6334730957372467,0.2247005775052073,0.8965788201160542
35,beta,54,none,0.3,1.0,pca,none,,16,0.295356430338509,0.5398138006571741,0.2217348929073835,0.9293797766019988
29,beta,54,none,0.3,1.0,pca,none,,15,0.3087962850055367,0.5901250895464816,0.2157594241043303,0.9351036719564462
43,beta,54,none,0.3,1.0,pca,none,,15,0.2847419367855135,0.6126797159189329,0.1723985716918251,0.948822188449848
48,beta,54,none,0.3,1.0,pca,none,,15,0.3224716568290974,0.6422305764411027,0.2401474663686164,0.8863665719452338
20,beta,54,none,0.3,1.0,pca,none,,19,0.3032417844184654,0.5337608449641645,0.1652664108423587,0.945844385499558
36,beta,54,none,0.3,1.0,pca,none,,16,0.3051322356627674,0.6152198743575099,0.2406522404126543,0.8652709359605912
4,beta,54,none,0.3,1.0,pca,none,,21,0.3226873124251558,0.6150141091758295,0.2102679469854957,0.9221427760753604
17,beta,54,none,0.3,1.0,pca,none,,15,0.3029211883041289,0.6899280575539568,0.2330943404994552,0.8994069912609237
15,beta,54,none,0.3,1.0,pca,none,,16,0.2782146989642505,0.551440329218107,0.1482518063567053,0.9441916167664672
0,beta,54,none,0.3,1.0,pca,none,,24,0.3291723248844492,0.5863937621832358,0.2417593370674004,0.8850375939849624
30,beta,54,none,0.3,1.0,pca,none,,16,0.3205754317436235,0.6321467098166128,0.2240395241692802,0.9099779086892488
39,beta,54,none,0.3,1.0,pca,none,,15,0.3065744923998106,0.7001360252004583,0.2398864428517731,0.8909556661718046
33,beta,54,none,0.3,1.0,pca,none,,14,0.3038827342763847,0.6723569859612263,0.2162511848406223,0.9240357365867718
24,beta,54,none,0.3,1.0,pca,none,,16,0.3356127277986284,0.6114859437751005,0.2047779156555895,0.921969696969697
10,beta,54,none,0.3,1.0,pca,none,,17,0.3340429511207139,0.596865457158254,0.275123683252091,0.903206078140804
1,beta,54,none,0.3,1.0,pca,none,,25,0.3282678951468368,0.5608854942871335,0.2290381058327714,0.9176055536588142
44,beta,54,none,0.3,1.0,pca,none,,14,0.3011975689329202,0.6107900991721991,0.2214072313468683,0.8817073473543068
49,beta,54,none,0.3,1.0,pca,none,,15,0.3242096152799728,0.5981551038444543,0.2440268671128477,0.9203533179861876
32,beta,54,none,0.3,1.0,pca,none,,15,0.3064035118482565,0.6299165994081248,0.2113647196563431,0.927846109839817
2,beta,54,none,0.3,1.0,pca,none,,19,0.3045286228972826,0.5945736434108527,0.15861441872185,0.9620739005984908
25,beta,54,none,0.3,1.0,pca,none,,14,0.3274441080411399,0.4291489361702127,0.1856692663386853,0.9422222222222224
19,beta,54,none,0.3,1.0,pca,none,,21,0.3152870942458035,0.596774193548387,0.2017811280743929,0.921553435668975
5,beta,54,none,0.3,1.0,pca,none,,14,0.3342184395452041,0.5097327441077442,0.2120820008487724,0.8962247788633867
6,beta,54,none,0.3,1.0,pca,none,,18,0.3205025620759807,0.5495706479313036,0.2150745799073503,0.9174061813225026
11,beta,54,none,0.3,1.0,pca,none,,16,0.3159495931889878,0.6270178993583249,0.2276256543861799,0.9129221183800624
34,beta,54,none,0.3,1.0,pca,none,,18,0.3395612024436578,0.6141485639899114,0.2136341724223427,0.916461761553496
45,beta,54,none,0.3,1.0,pca,none,,17,0.3287825807229581,0.565767441860465,0.2476443832394371,0.8909230606189062
31,beta,54,none,0.3,1.0,pca,none,,17,0.3349761514572873,0.548876953125,0.242144765467585,0.9065002152389152
21,beta,54,none,0.3,1.0,pca,none,,14,0.317403258618764,0.5540132298557217,0.2371540847555822,0.8764409221902018
23,beta,54,none,0.3,1.0,pca,none,,17,0.2831508325113893,0.5745656961096158,0.1936382536732537,0.9024767287234042
28,beta,54,none,0.3,1.0,pca,none,,16,0.336636448247977,0.5790719503734236,0.2177130097855846,0.9117096894874672
38,beta,54,none,0.3,1.0,pca,none,,15,0.3215737284710157,0.7338551859099804,0.2466365414034586,0.9413639955314568
14,beta,54,none,0.3,1.0,pca,none,,18,0.3010780059546561,0.5598752980011003,0.2159795648231956,0.9138627518596976
27,beta,54,none,0.3,1.0,pca,none,,17,0.3349596140309871,0.6147643232647242,0.2252137801049542,0.8978306176582038
46,beta,54,none,0.3,1.0,pca,none,,17,0.3047138104938707,0.573489787049109,0.2048159058223369,0.9432294328053143
16,beta,54,none,0.3,1.0,pca,none,,18,0.3352688744634585,0.5033968180234584,0.2267899522503398,0.8885845749342682
7,beta,54,none,0.3,1.0,pca,none,,25,0.3236550175583584,0.4886642156862745,0.2199658510814028,0.9021164021164022
18,beta,54,none,0.3,1.0,pca,none,,16,0.3361161887864243,0.5666337068776093,0.2600153532905321,0.9088900517471946
13,beta,54,none,0.3,1.0,pca,none,,15,0.3249176948206926,0.7130192502532928,0.2237249126435434,0.9146924581612692
47,beta,54,none,0.3,1.0,pca,none,,17,0.320882801271659,0.5999092323651452,0.2263643697410225,0.9037114845938377
40,beta,54,none,0.3,1.0,pca,none,,15,0.3290490467947784,0.5389719202898551,0.2131381913966163,0.9166598444535408
8,beta,54,none,0.3,1.0,pca,none,,21,0.3138207539534864,0.5108489614841701,0.242181631755491,0.9149443561208268
42,beta,54,none,0.3,1.0,pca,none,,19,0.2999703636034631,0.561919307623775,0.2214645568619722,0.9192307692307692
3,beta,54,none,0.3,1.0,pca,none,,27,0.3252593999724104,0.5465090465090465,0.2402529437944631,0.8913762068401243
26,beta,54,none,0.3,1.0,pca,none,,17,0.3550317194696906,0.4292852816474864,0.2531645137651586,0.8764340626848018
12,beta,54,none,0.3,1.0,pca,none,,15,0.323542337427142,0.4983829983829984,0.2509784475767834,0.8797438959660296
9,beta,54,none,0.3,1.0,pca,none,,17,0.3163669703085187,0.6234822729480332,0.218838094956085,0.9138719512195124
37,beta,54,none,0.3,1.0,pca,none,,16,0.3005774538306619,0.6019965277777778,0.2062764804631386,0.9404150070666838
35,beta,54,none,0.3,1.0,pca,none,,17,0.2948411616346704,0.5930449069003286,0.2204697734097979,0.9280202821869488
43,beta,54,none,0.3,1.0,pca,none,,16,0.2863604580680816,0.6160575090940585,0.1758289696240832,0.9268237082066868
22,beta,54,none,0.3,1.0,pca,none,,17,0.3088546446828161,0.6330538085255066,0.2311620951160154,0.8768133462282398
41,beta,54,none,0.3,1.0,pca,none,,15,0.3288005165080088,0.5302213868003341,0.2123074198865485,0.9100281162136832
29,beta,54,none,0.3,1.0,pca,none,,16,0.306476646362844,0.6545985562351904,0.2135464514607233,0.9363778524267348
48,beta,54,none,0.3,1.0,pca,none,,16,0.3212037132552106,0.6272974101921471,0.242377998433347,0.8775510204081632
36,beta,54,none,0.3,1.0,pca,none,,17,0.3062787927988854,0.6251784694460308,0.2419866528928795,0.8687192118226601
20,beta,54,none,0.3,1.0,pca,none,,20,0.302670342841506,0.5211031476591642,0.1706492760264846,0.939718327649362
15,beta,54,none,0.3,1.0,pca,none,,17,0.2799175807869436,0.544269859084674,0.1522652289188218,0.9491017964071856
39,beta,54,none,0.3,1.0,pca,none,,16,0.3059106021430834,0.722651775486827,0.2380463896678538,0.904491601897942
30,beta,54,none,0.3,1.0,pca,none,,17,0.3396229849037085,0.5070889197102789,0.2678884530500873,0.913265306122449
0,beta,54,none,0.3,1.0,pca,none,,25,0.3226871738901362,0.5293957115009746,0.2363669781233982,0.8707769423558896
17,beta,54,none,0.3,1.0,pca,none,,16,0.3148107923196686,0.7141486810551558,0.2338825217489633,0.903183520599251
4,beta,54,none,0.3,1.0,pca,none,,22,0.3319825641616626,0.5973776393889266,0.2108871965120451,0.9217171717171716
10,beta,54,none,0.3,1.0,pca,none,,18,0.3361515538666986,0.5688656367882163,0.2820882359256628,0.9017477007033144
33,beta,54,none,0.3,1.0,pca,none,,15,0.298486114956171,0.6654569764110401,0.2179357240466131,0.9164945482491954
1,beta,54,none,0.3,1.0,pca,none,,26,0.3461820011986626,0.612642821659215,0.2595869324517806,0.9171218846022532
24,beta,54,none,0.3,1.0,pca,none,,17,0.3356679566915593,0.6011244979919679,0.2051633657687143,0.9249289772727274
44,beta,54,none,0.3,1.0,pca,none,,15,0.3019903700387384,0.6059134497172363,0.2203406589855529,0.8864003178308049
49,beta,54,none,0.3,1.0,pca,none,,16,0.3242387190954219,0.6286732213875387,0.2419039774079454,0.9235812231007906
2,beta,54,none,0.3,1.0,pca,none,,20,0.304744103871451,0.5497093023255815,0.155895707668796,0.9572599531615924
32,beta,54,none,0.3,1.0,pca,none,,16,0.3067020792033051,0.6405703524347592,0.2067035114239445,0.9285850495804728
25,beta,54,none,0.3,1.0,pca,none,,15,0.3306269512767937,0.4680851063829787,0.1902813945368134,0.9348148148148148
19,beta,54,none,0.3,1.0,pca,none,,22,0.3137246691976322,0.6415926716870854,0.199058309163604,0.9265168756960922
31,beta,54,none,0.3,1.0,pca,none,,18,0.336738607082206,0.659814453125,0.2485829065764452,0.903486870426173
11,beta,54,none,0.3,1.0,pca,none,,17,0.3133488689136497,0.6535967578520769,0.220051004568913,0.9198006230529594
6,beta,54,none,0.3,1.0,pca,none,,19,0.3188539887014144,0.5592310694769711,0.2083408930519539,0.9257518012629704
34,beta,54,none,0.3,1.0,pca,none,,19,0.3413016628276567,0.6100398665690343,0.204841722744615,0.9250047285795348
45,beta,54,none,0.3,1.0,pca,none,,18,0.32894076259154,0.5488372093023256,0.2488910996591023,0.8907376006782535
5,beta,54,none,0.3,1.0,pca,none,,15,0.3342268660221116,0.5411405723905723,0.2102647756414953,0.897294328496271
21,beta,54,none,0.3,1.0,pca,none,,15,0.3071336366807681,0.5713839262461587,0.2258491879187639,0.8819829306140546
23,beta,54,none,0.3,1.0,pca,none,,18,0.2864819502487328,0.5454183998042574,0.1934620266865876,0.906682180851064
38,beta,54,none,0.3,1.0,pca,none,,16,0.3196652548798249,0.632373497344143,0.240229257668677,0.9359962943788998
14,beta,54,none,0.3,1.0,pca,none,,19,0.3016383974891663,0.5857326242435357,0.2167261455046875,0.9121877925020936
27,beta,54,none,0.3,1.0,pca,none,,18,0.3354856424116288,0.6046511627906976,0.2240751713929887,0.8974516862447897
28,beta,54,none,0.3,1.0,pca,none,,17,0.3358045913905244,0.5793168183487736,0.2218713897760593,0.90322023655357
46,beta,54,none,0.3,1.0,pca,none,,18,0.3053145070434634,0.6217731421121252,0.2061664224115383,0.9400868676545732
7,beta,54,none,0.3,1.0,pca,none,,26,0.3228392956959707,0.5444240196078431,0.2234380782059877,0.8952621452621452
47,beta,54,none,0.3,1.0,pca,none,,18,0.3213680483304706,0.5997795643153527,0.2255360601862841,0.9029793735676088
18,beta,54,none,0.3,1.0,pca,none,,17,0.3192022317840897,0.5698747528015821,0.2323293581919658,0.904965404965405
16,beta,54,none,0.3,1.0,pca,none,,19,0.3512343570680884,0.5625943560562072,0.2925675633437892,0.8909947414548641
42,beta,54,none,0.3,1.0,pca,none,,20,0.2998555292516302,0.5770438250392431,0.2218871385316417,0.9192307692307692
13,beta,54,none,0.3,1.0,pca,none,,16,0.3281328450127973,0.7051671732522796,0.2196104548240123,0.913958921973484
3,beta,54,none,0.3,1.0,pca,none,,28,0.3405706261624259,0.5622155622155622,0.2645926187918412,0.8881361479299623
8,beta,54,none,0.3,1.0,pca,none,,22,0.3092739841000461,0.6089735833837466,0.2303569894493897,0.9054294936647878
40,beta,54,none,0.3,1.0,pca,none,,16,0.3297376513189799,0.500588768115942,0.2148234444472565,0.9178059762586984
26,beta,54,none,0.3,1.0,pca,none,,18,0.3500229397987682,0.5598122350090853,0.2367344901388202,0.8836782968657598
12,beta,54,none,0.3,1.0,pca,none,,16,0.3309496259944259,0.4881034881034881,0.2508961886537232,0.8766587048832273
35,beta,54,none,0.3,1.0,pca,none,,18,0.2851590718168921,0.5742059145673604,0.2035239410165728,0.924566431510876
43,beta,54,none,0.3,1.0,pca,none,,17,0.3009930397588181,0.4988740689416248,0.1932393096222189,0.9390957446808512
22,beta,54,none,0.3,1.0,pca,none,,18,0.3107840034550842,0.6681341719077568,0.2277199267847366,0.886786750483559
37,beta,54,none,0.3,1.0,pca,none,,17,0.3090090190835057,0.5950776143790849,0.2101126278128806,0.9380059103173584
9,beta,54,none,0.3,1.0,pca,none,,18,0.3171386366353004,0.5695118989800874,0.2143820222644248,0.9228005226480838
41,beta,54,none,0.3,1.0,pca,none,,16,0.3296246093498869,0.5065998329156224,0.2153312613890849,0.9164421274601686
15,beta,54,none,0.3,1.0,pca,none,,18,0.298704994614454,0.4337199152013967,0.1925422085586062,0.9496606786427146
39,beta,54,none,0.3,1.0,pca,none,,17,0.3102927457700956,0.6821305841924399,0.2402965728754889,0.8977381888044712
29,beta,54,none,0.3,1.0,pca,none,,17,0.3084579724374944,0.6269906871659228,0.2139396980026742,0.9338584501332098
48,beta,54,none,0.3,1.0,pca,none,,17,0.3250557425269111,0.6546922862712337,0.2404267076172846,0.8820718160681995
36,beta,54,none,0.3,1.0,pca,none,,18,0.319207086728149,0.6167547115933751,0.2529164167185077,0.8677339901477832
30,beta,54,none,0.3,1.0,pca,none,,18,0.3118231835063359,0.5817023681101352,0.211038750613917,0.9093204292026088
20,beta,54,none,0.3,1.0,pca,none,,21,0.3044787082783949,0.4847646590385179,0.1649388567748357,0.9448339017304536
0,beta,54,none,0.3,1.0,pca,none,,26,0.3267809839691716,0.5338401559454191,0.2372887217484336,0.8729323308270676
4,beta,54,none,0.3,1.0,pca,none,,23,0.3232164170978486,0.6306315072491973,0.2080786230779262,0.925292248325956
17,beta,54,none,0.3,1.0,pca,none,,17,0.3055468691087262,0.7065347721822542,0.2380976203887263,0.8966916354556804
10,beta,54,none,0.3,1.0,pca,none,,19,0.3466179161379667,0.5779144961379559,0.3161109558906148,0.8975137016912473
2,beta,54,none,0.3,1.0,pca,none,,21,0.3049955400351891,0.548328488372093,0.1629462357602033,0.9538446526151444
44,beta,54,none,0.3,1.0,pca,none,,16,0.3248803271443615,0.4665806081468732,0.2761152217440886,0.8953889702778537
33,beta,54,none,0.3,1.0,pca,none,,16,0.3005832664564407,0.6882580460318977,0.2137012098912274,0.9325616023824392
1,beta,54,none,0.3,1.0,pca,none,,27,0.33120384344581,0.5499254843517138,0.2293550528004644,0.9195686810060316
49,beta,54,none,0.3,1.0,pca,none,,17,0.3191975401574138,0.6605446310207689,0.2302597763370727,0.9202532279051144
19,beta,54,none,0.3,1.0,pca,none,,23,0.3144996798154356,0.681830954254243,0.198754255291232,0.9279453779477992
24,beta,54,none,0.3,1.0,pca,none,,18,0.3368173543375308,0.5783534136546185,0.2029000650764876,0.9178977272727272
31,beta,54,none,0.3,1.0,pca,none,,19,0.3250743423311509,0.58056640625,0.2295615476941121,0.9045487157411392
32,beta,54,none,0.3,1.0,pca,none,,17,0.3107441089889609,0.6351358622545061,0.2103050782706551,0.927274027459954
11,beta,54,none,0.3,1.0,pca,none,,18,0.3134631454115818,0.6507936507936509,0.2239189316591598,0.9157881619937692
25,beta,54,none,0.3,1.0,pca,none,,16,0.3343209361104703,0.4462765957446808,0.1974345984847995,0.936026936026936
6,beta,54,none,0.3,1.0,pca,none,,20,0.3199879001773633,0.5468871975019516,0.2159863864363748,0.9168776253929396
34,beta,54,none,0.3,1.0,pca,none,,20,0.3436270298785122,0.5820519079000895,0.2054288680384312,0.925540634260135
45,beta,54,none,0.3,1.0,pca,none,,19,0.3298209164485132,0.5654883720930233,0.2503872941103573,0.891532428995337
23,beta,54,none,0.3,1.0,pca,none,,19,0.2860088405309833,0.5527281624663568,0.1865882860666899,0.9127659574468084
5,beta,54,none,0.3,1.0,pca,none,,16,0.3348178168510733,0.5346696127946128,0.2081997035534486,0.90440538821761
38,beta,54,none,0.3,1.0,pca,none,,17,0.3359866106375576,0.6642437797036622,0.2856571814189366,0.9474946186752404
21,beta,54,none,0.3,1.0,pca,none,,16,0.3074851948771607,0.5879472889212979,0.226978446348908,0.8817612502771005
27,beta,54,none,0.3,1.0,pca,none,,19,0.3489125836212208,0.5887908758798894,0.2490271175337,0.905764494126563
14,beta,54,none,0.3,1.0,pca,none,,20,0.3016067793560088,0.6073720887584816,0.2173173601952643,0.909675353465688
46,beta,54,none,0.3,1.0,pca,none,,19,0.305373788302653,0.6154498044328552,0.2055957890983615,0.9442514052120592
7,beta,54,none,0.3,1.0,pca,none,,27,0.3263015375135301,0.5605596405228757,0.2231102798184961,0.8955747955747957
28,beta,54,none,0.3,1.0,pca,none,,18,0.3364399213546084,0.582296045382198,0.2211961640442057,0.9054936832714612
47,beta,54,none,0.3,1.0,pca,none,,19,0.3230958474804453,0.5831820539419087,0.224998410868331,0.9021836007130124
18,beta,54,none,0.3,1.0,pca,none,,18,0.3197254523442685,0.5513623379477037,0.234913152527064,0.9058375486946916
42,beta,54,none,0.3,1.0,pca,none,,21,0.3104053510719892,0.5872470408552883,0.2221421866076617,0.9165881737310309
16,beta,54,none,0.3,1.0,pca,none,,20,0.3529905350148338,0.4791545697363837,0.2985347729082426,0.8913964358749634
3,beta,54,none,0.3,1.0,pca,none,,29,0.3269382313898999,0.5942945942945943,0.2420786412991374,0.8891507118311243
26,beta,54,none,0.3,1.0,pca,none,,19,0.3576734105930808,0.5373511003432263,0.2638856515699769,0.8784447072738025
13,beta,54,none,0.3,1.0,pca,none,,17,0.3270786153955218,0.706079027355623,0.2231962865997617,0.9174635948706804
8,beta,54,none,0.3,1.0,pca,none,,23,0.315265612844847,0.5325670498084292,0.2462597998252101,0.912655971479501
40,beta,54,none,0.3,1.0,pca,none,,17,0.3305654145399175,0.5198369565217391,0.2118831471336836,0.9187883749488336
35,beta,54,none,0.3,1.0,pca,none,,19,0.2952403313388484,0.5673877327491785,0.2162572485475183,0.9259626690182244
43,beta,54,none,0.3,1.0,pca,none,,18,0.2850692956110671,0.6136324268144812,0.1741114407793134,0.9397796352583588
22,beta,54,none,0.3,1.0,pca,none,,19,0.3096102017957846,0.6653389238294899,0.2224450950574604,0.8935867988394585
12,beta,54,none,0.3,1.0,pca,none,,17,0.3259376895827183,0.5001155001155001,0.250010341191988,0.8748009554140127
37,beta,54,none,0.3,1.0,pca,none,,18,0.3000077792986914,0.6020220588235294,0.2022096568854333,0.9389695490170884
15,beta,54,none,0.3,1.0,pca,none,,19,0.2807758891634601,0.5367252774660182,0.1516099336962375,0.9490219560878244
9,beta,54,none,0.3,1.0,pca,none,,19,0.3165811361492842,0.5972559494900437,0.2127905794301021,0.9202598722415796
39,beta,54,none,0.3,1.0,pca,none,,18,0.308708773072861,0.638745704467354,0.2386600734958361,0.904986464064274
30,beta,54,none,0.3,1.0,pca,none,,19,0.3120807099815667,0.5829352237119229,0.2128865127866261,0.9071112981274984
41,beta,54,none,0.3,1.0,pca,none,,17,0.3296891013554014,0.4813492063492063,0.2160459003996211,0.9133962043111528
36,beta,54,none,0.3,1.0,pca,none,,19,0.3074065804463733,0.6199314677327241,0.2417794219760586,0.8688834154351396
48,beta,54,none,0.3,1.0,pca,none,,18,0.323134954823046,0.6769702032859927,0.2419513119835036,0.8801020408163266
29,beta,54,none,0.3,1.0,pca,none,,18,0.3185695352374344,0.5668981098804211,0.2254661307972539,0.9254025251940228
0,beta,54,none,0.3,1.0,pca,none,,27,0.3310264417813543,0.5556530214424952,0.2463531489415078,0.8784210526315791
20,beta,54,none,0.3,1.0,pca,none,,22,0.3040040738858631,0.504673288905654,0.1667236209701241,0.94634962738411
10,beta,54,none,0.3,1.0,pca,none,,20,0.3131732364437097,0.5779818573738099,0.2371569279429675,0.8922447251428975
17,beta,54,none,0.3,1.0,pca,none,,18,0.3059225360651432,0.656115107913669,0.2317746471062678,0.9055243445692884
4,beta,54,none,0.3,1.0,pca,none,,24,0.3236014567939764,0.637199571859492,0.2087743809304727,0.9223130178186356
2,beta,54,none,0.3,1.0,pca,none,,22,0.3048250548096517,0.5657461240310078,0.1593677778571094,0.9565768930523028
19,beta,54,none,0.3,1.0,pca,none,,24,0.314933019718613,0.6461447678992919,0.1983994766661784,0.9215050118638322
31,beta,54,none,0.3,1.0,pca,none,,20,0.3345623703530023,0.6517822265625,0.2379872509507898,0.9100588319701536
1,beta,54,none,0.3,1.0,pca,none,,28,0.3294134953929462,0.5434674615002484,0.2309458127029116,0.919938545578696
33,beta,54,none,0.3,1.0,pca,none,,17,0.2993507178897701,0.6669611307420494,0.2149384116657886,0.9250924636149672
11,beta,54,none,0.3,1.0,pca,none,,19,0.3152685432871872,0.6686930091185411,0.2239289550955595,0.916785046728972
44,beta,54,none,0.3,1.0,pca,none,,17,0.3027377466813878,0.6046225719203344,0.2195258007527161,0.8898021006629753
49,beta,54,none,0.3,1.0,pca,none,,18,0.3245401857272683,0.5882677861246134,0.2366066544520023,0.9196026423781404
6,beta,54,none,0.3,1.0,pca,none,,21,0.3204597041854202,0.5375927010148321,0.2104986977882382,0.9234150276796396
24,beta,54,none,0.3,1.0,pca,none,,19,0.3360272442906996,0.5941365461847389,0.2052686532839572,0.921306818181818
32,beta,54,none,0.3,1.0,pca,none,,18,0.3117865524552268,0.641000807102502,0.2052948124842415,0.931588482074752
34,beta,54,none,0.3,1.0,pca,none,,21,0.3423870441112162,0.6057277682857375,0.2070956669763754,0.9301746422041484
25,beta,54,none,0.3,1.0,pca,none,,17,0.3312458735334938,0.4628723404255319,0.1855315553464428,0.9428058361391696
23,beta,54,none,0.3,1.0,pca,none,,20,0.288637944912965,0.5506789821384879,0.1909771117875269,0.912001329787234
45,beta,54,none,0.3,1.0,pca,none,,20,0.3298055324523288,0.5664883720930234,0.2477328497900759,0.894685247986435
38,beta,54,none,0.3,1.0,pca,none,,18,0.3197891332586051,0.6633351970925356,0.2310780214343895,0.9415274788152912
14,beta,54,none,0.3,1.0,pca,none,,21,0.3028067963636782,0.5907298734641482,0.2146713258517054,0.9195280555692398
27,beta,54,none,0.3,1.0,pca,none,,20,0.3378705035265749,0.6092845050343046,0.2239482603838928,0.9015725653656688
5,beta,54,none,0.3,1.0,pca,none,,17,0.3360779269159024,0.5560290404040404,0.2069413241733269,0.9104758050528994
21,beta,54,none,0.3,1.0,pca,none,,17,0.3080876340706922,0.5741444866920152,0.2264574234747367,0.8838672134781644
7,beta,54,none,0.3,1.0,pca,none,,28,0.3260075389298978,0.5365604575163399,0.2233210476937769,0.9007215007215008
46,beta,54,none,0.3,1.0,pca,none,,20,0.3058735065922605,0.6598652759669709,0.2069032111193209,0.939141543178334
47,beta,54,none,0.3,1.0,pca,none,,20,0.3286954598457656,0.5650933609958506,0.2200312896173693,0.9050802139037434
18,beta,54,none,0.3,1.0,pca,none,,19,0.319502037783588,0.6203032300593276,0.23326343957681,0.9087446944589802
28,beta,54,none,0.3,1.0,pca,none,,19,0.3373752367803951,0.5694404766763252,0.218122988653337,0.9087743532187976
42,beta,54,none,0.3,1.0,pca,none,,22,0.3017164899562621,0.5401764880573586,0.2199294531077251,0.9201203558346416
3,beta,54,none,0.3,1.0,pca,none,,30,0.3363435531249866,0.5086857586857587,0.2526910753612831,0.8854197349042711
26,beta,54,none,0.3,1.0,pca,none,,20,0.3513054861927109,0.5538057742782152,0.2376722385739013,0.8844470727380247
16,beta,54,none,0.3,1.0,pca,none,,21,0.352875936919079,0.5489490186970154,0.2993636101843696,0.8830338884019865
35,beta,54,none,0.3,1.0,pca,none,,20,0.2983884506461975,0.4049835706462212,0.2232173492017058,0.9293430335097002
8,beta,54,none,0.3,1.0,pca,none,,24,0.3142370227791129,0.4913087315991127,0.238253138400419,0.9175940646528882
13,beta,54,none,0.3,1.0,pca,none,,18,0.3363320229688801,0.713272543059777,0.2202014030871571,0.9155618343838297
43,beta,54,none,0.3,1.0,pca,none,,19,0.2878372282615264,0.6038454876147583,0.1681159117787785,0.9481382978723404
40,beta,54,none,0.3,1.0,pca,none,,18,0.3308684351197396,0.5035778985507247,0.2153249639964607,0.9165779778960296
22,beta,54,none,0.3,1.0,pca,none,,20,0.3114897850299696,0.6687281621243886,0.2260830261624076,0.8928916827852998
12,beta,54,none,0.3,1.0,pca,none,,18,0.3261617327729382,0.4859089859089859,0.2478020954593633,0.883426220806794
15,beta,54,none,0.3,1.0,pca,none,,20,0.2968050096224977,0.6193415637860082,0.1831926977285042,0.9464271457085828
37,beta,54,none,0.3,1.0,pca,none,,19,0.3011142076828301,0.6074091094771241,0.2028556927474071,0.9423101631761532
39,beta,54,none,0.3,1.0,pca,none,,19,0.3302881825210662,0.6629438717067584,0.2756108424817357,0.903880301574826
30,beta,54,none,0.3,1.0,pca,none,,20,0.3122486056990757,0.6015307957055529,0.2151867036591441,0.9033768146433832
9,beta,54,none,0.3,1.0,pca,none,,20,0.3176938806696434,0.5975594949004371,0.213776573598408,0.9217479674796748
41,beta,54,none,0.3,1.0,pca,none,,18,0.3297532644262102,0.5030075187969926,0.2099897941453817,0.9177893626991566
48,beta,54,none,0.3,1.0,pca,none,,19,0.3272899492430391,0.6508284600389863,0.2430963690111942,0.8845582536812192
36,beta,54,none,0.3,1.0,pca,none,,20,0.3076605024571814,0.5891633352370074,0.2417132286866462,0.872495894909688
20,beta,54,none,0.3,1.0,pca,none,,23,0.3039281748926292,0.5167651619933777,0.1702724162449832,0.9466654035619552
10,beta,54,none,0.3,1.0,pca,none,,21,0.332732581899361,0.522498652775283,0.2642856941259958,0.9028297226730648
29,beta,54,none,0.3,1.0,pca,none,,19,0.3089893316553755,0.6025789386675483,0.2158813649124427,0.93472720954477
0,beta,54,none,0.3,1.0,pca,none,,28,0.3350269041360408,0.4492397660818713,0.2562973990448674,0.8850125313283208
31,beta,54,none,0.3,1.0,pca,none,,21,0.336051478013096,0.5936035156249999,0.2420409589855504,0.9102884201463624
2,beta,54,none,0.3,1.0,pca,none,,23,0.3055622430934126,0.5747093023255814,0.170565919271508,0.9445420244600572
19,beta,54,none,0.3,1.0,pca,none,,25,0.3174712190011037,0.6091379116556142,0.1994840967865572,0.9277758946298
4,beta,54,none,0.3,1.0,pca,none,,25,0.3237723183947721,0.6290989588401285,0.2110350259747824,0.9229656111678584
11,beta,54,none,0.3,1.0,pca,none,,20,0.3172280389032484,0.6613306315433974,0.2267630692299003,0.913146417445483
17,beta,54,none,0.3,1.0,pca,none,,19,0.3078396552834606,0.7136990407673861,0.2360200292358812,0.8981585518102372
6,beta,54,none,0.3,1.0,pca,none,,22,0.320546750731773,0.573331381733021,0.2117185877697312,0.9219406348234902
23,beta,54,none,0.3,1.0,pca,none,,21,0.2858151830859679,0.5929777342794226,0.1847410270334092,0.9152593085106384
1,beta,54,none,0.3,1.0,pca,none,,29,0.3310626093724009,0.5481867858917038,0.230969813761315,0.9202799590303856
44,beta,54,none,0.3,1.0,pca,none,,18,0.3211717594362727,0.6588804196377346,0.2599031471543319,0.8885357435502694
33,beta,54,none,0.3,1.0,pca,none,,18,0.3006637764942126,0.6959220704803744,0.216589218214424,0.9246361496709736
24,beta,54,none,0.3,1.0,pca,none,,20,0.3387921274918072,0.5617469879518071,0.2025741204698279,0.9196022727272728
49,beta,54,none,0.3,1.0,pca,none,,19,0.3247129052570194,0.6329816615112682,0.2376913601649368,0.9258582724452008
34,beta,54,none,0.3,1.0,pca,none,,22,0.3437356945875887,0.5923033113660402,0.2091806773243342,0.9202131013176976
27,beta,54,none,0.3,1.0,pca,none,,21,0.3435591579751457,0.6183952597344737,0.2329487958481897,0.9031593406593406
32,beta,54,none,0.3,1.0,pca,none,,19,0.3118856231967196,0.6338983050847458,0.2083721194322748,0.922244469870328
25,beta,54,none,0.3,1.0,pca,none,,18,0.3180633877408064,0.4712765957446809,0.1737396733127686,0.9291582491582492
7,beta,54,none,0.3,1.0,pca,none,,29,0.328067456603874,0.5259650735294118,0.2245539638336553,0.9034872534872534
14,beta,54,none,0.3,1.0,pca,none,,22,0.3029516117467974,0.6107188703465982,0.2155902032832759,0.9134193802650376
47,beta,54,none,0.3,1.0,pca,none,,21,0.3245750445816232,0.5744942946058091,0.2250126411277761,0.9049847211611916
38,beta,54,none,0.3,1.0,pca,none,,19,0.3223038968566732,0.7334358400894605,0.2331437832524017,0.9422631535925452
21,beta,54,none,0.3,1.0,pca,none,,18,0.307883084138772,0.5498723891869368,0.2272856697141625,0.8811516293504766
45,beta,54,none,0.3,1.0,pca,none,,21,0.3382018205278723,0.5538372093023256,0.2565869912551368,0.8895718524798644
5,beta,54,none,0.3,1.0,pca,none,,18,0.3353023290735864,0.505418771043771,0.2129684008695521,0.8961091518760478
46,beta,54,none,0.3,1.0,pca,none,,21,0.3076566761647417,0.563515862668405,0.2054200546231576,0.9444813490035768
18,beta,54,none,0.3,1.0,pca,none,,20,0.3206771426530991,0.5691056910569106,0.2357615702324213,0.9064771207628352
35,beta,54,none,0.3,1.0,pca,none,,21,0.2845882088107189,0.5287513691128148,0.1990357474730692,0.9303718400940624
42,beta,54,none,0.3,1.0,pca,none,,23,0.301420362605876,0.5654405837681897,0.2216891064092284,0.9142857142857144
28,beta,54,none,0.3,1.0,pca,none,,20,0.3372451813673819,0.5745418928294495,0.2247629138436954,0.9011770122881232
43,beta,54,none,0.3,1.0,pca,none,,20,0.3024156184375838,0.5179282868525896,0.1947512286757125,0.9371580547112462
26,beta,54,none,0.3,1.0,pca,none,,21,0.3566469014379064,0.4907126993741167,0.2529105396460805,0.8843287995269071
16,beta,54,none,0.3,1.0,pca,none,,22,0.349975192093403,0.4706770409940772,0.2832908757505407,0.8815001460706983
8,beta,54,none,0.3,1.0,pca,none,,25,0.3115651213402702,0.423996773543053,0.2297036921055174,0.923399335164041
15,beta,54,none,0.3,1.0,pca,none,,21,0.2812151754859803,0.5588290310512533,0.1457287308229914,0.955369261477046
40,beta,54,none,0.3,1.0,pca,none,,19,0.3310072535738554,0.5512228260869565,0.2143925697700521,0.9166052667485332
13,beta,54,none,0.3,1.0,pca,none,,19,0.3265660924577008,0.7301925025329281,0.2229713669551833,0.9109161051945228
22,beta,54,none,0.3,1.0,pca,none,,21,0.3126716499977852,0.6319357092941998,0.2244695476999491,0.8951281431334623
39,beta,54,none,0.3,1.0,pca,none,,20,0.3255353873496128,0.6231386025200459,0.2601624949166817,0.9015806479783424
12,beta,54,none,0.3,1.0,pca,none,,19,0.3323044830748531,0.5084026334026334,0.2532943982918679,0.8729100318471337
30,beta,54,none,0.3,1.0,pca,none,,21,0.3258384210749506,0.6804592387116659,0.2240529590501312,0.9098201136124552
37,beta,54,none,0.3,1.0,pca,none,,20,0.3017509113991728,0.5892565359477124,0.2051629299839836,0.9394513683669536
19,beta,54,none,0.3,1.0,pca,none,,26,0.316203605844892,0.6690457457569968,0.2011583842226089,0.9249188901263862
31,beta,54,none,0.3,1.0,pca,none,,22,0.3377343516511928,0.527783203125,0.2427658589316488,0.9141914191419144
10,beta,54,none,0.3,1.0,pca,none,,22,0.3361196578542202,0.5658792886653494,0.2731269435246015,0.8934914026297838
11,beta,54,none,0.3,1.0,pca,none,,21,0.3159513264280349,0.6355285376561973,0.2208107964168969,0.9246355140186916
9,beta,54,none,0.3,1.0,pca,none,,21,0.3191313131741178,0.608729966002914,0.2141022631336727,0.929224738675958
48,beta,54,none,0.3,1.0,pca,none,,20,0.3243030760155443,0.657755499860763,0.235656469543035,0.8895957117024025
41,beta,54,none,0.3,1.0,pca,none,,19,0.3296216935204228,0.5152464494569758,0.2091399353608769,0.9201616682286786
2,beta,54,none,0.3,1.0,pca,none,,24,0.3076149350038439,0.5477228682170543,0.1603788770766733,0.9590814467863648
20,beta,54,none,0.3,1.0,pca,none,,24,0.3129187639134845,0.5107297036757618,0.1826773763599414,0.9431918656056588
0,beta,54,none,0.3,1.0,pca,none,,29,0.332485538935438,0.5355750487329435,0.2467427400421496,0.8841604010025064
36,beta,54,none,0.3,1.0,pca,none,,21,0.3094284502731323,0.6194317532838378,0.2397108576532992,0.8654351395730706
29,beta,54,none,0.3,1.0,pca,none,,20,0.3087317122128304,0.6030748884113077,0.2162660251175788,0.934119077956678
17,beta,54,none,0.3,1.0,pca,none,,20,0.3076683001969975,0.6893285371702638,0.2320988758836517,0.8952247191011236
4,beta,54,none,0.3,1.0,pca,none,,26,0.3244258035628526,0.6120949693490317,0.2100969539360017,0.9206957212575192
23,beta,54,none,0.3,1.0,pca,none,,22,0.311038198411278,0.4537558111083924,0.2456334744634359,0.9042885638297872
6,beta,54,none,0.3,1.0,pca,none,,23,0.3215297157139023,0.5205893832943013,0.2135016832290915,0.9199655047709128
27,beta,54,none,0.3,1.0,pca,none,,22,0.3377698671503628,0.6183729840506103,0.2230523167228615,0.9043671845395984
34,beta,54,none,0.3,1.0,pca,none,,23,0.3430290247408951,0.6369701407533969,0.206001130144945,0.9285669251623478
7,beta,54,none,0.3,1.0,pca,none,,30,0.3238903588658217,0.5210375816993464,0.2252267397070347,0.8909571909571911
47,beta,54,none,0.3,1.0,pca,none,,22,0.3249271306545885,0.574948132780083,0.227320390005846,0.9048892284186402
1,beta,54,none,0.3,1.0,pca,none,,30,0.3301215397199522,0.5645181321410829,0.2304812524928095,0.9091840218504608
44,beta,54,none,0.3,1.0,pca,none,,19,0.3322099653490444,0.5426194574215228,0.2993765143672732,0.8882874382340527
24,beta,54,none,0.3,1.0,pca,none,,21,0.3424581833184005,0.5019076305220883,0.2128809217989005,0.921283143939394
49,beta,54,none,0.3,1.0,pca,none,,20,0.3286262951749553,0.6815620857269111,0.2465796593278169,0.9290361325192672
33,beta,54,none,0.3,1.0,pca,none,,19,0.3007197998489975,0.6942507878903639,0.2147525073416887,0.926629521110524
25,beta,54,none,0.3,1.0,pca,none,,19,0.3544523358604251,0.5193617021276595,0.2624009195167724,0.93679012345679
38,beta,54,none,0.3,1.0,pca,none,,20,0.3287651878554543,0.5933743360357843,0.2568340954152468,0.9353151140295904
14,beta,54,none,0.3,1.0,pca,none,,23,0.3030742828964186,0.5947643498991382,0.2153969491688107,0.9205872210453716
32,beta,54,none,0.3,1.0,pca,none,,20,0.3135978606657424,0.6461662631154156,0.2060568298662371,0.9297768878718536
35,beta,54,none,0.3,1.0,pca,none,,22,0.2852227381701901,0.5561336254107339,0.202879977998988,0.9174015285126396
46,beta,54,none,0.3,1.0,pca,none,,22,0.3066730117702926,0.5897435897435898,0.2059551016444492,0.9430761369443024
18,beta,54,none,0.3,1.0,pca,none,,21,0.320694463057637,0.5849263898044386,0.2359923349535931,0.9097621954764812
45,beta,54,none,0.3,1.0,pca,none,,22,0.3300254599185498,0.5492093023255814,0.2499210709907403,0.8911085205595591
21,beta,54,none,0.3,1.0,pca,none,,19,0.3201726631473936,0.6411010990155738,0.2341827716894729,0.8888273110175128
43,beta,54,none,0.3,1.0,pca,none,,21,0.3126963118013596,0.463104105317859,0.2138963444313142,0.939741641337386
5,beta,54,none,0.3,1.0,pca,none,,19,0.3353699280870363,0.5278829966329966,0.2122127519899391,0.8986529455975025
42,beta,54,none,0.3,1.0,pca,none,,24,0.3158212363300954,0.5699376352297314,0.2394590193503727,0.9156985871271586
26,beta,54,none,0.3,1.0,pca,none,,22,0.3523667355502313,0.5658691701998788,0.2369461569310208,0.8828503843879361
15,beta,54,none,0.3,1.0,pca,none,,22,0.2926569869301515,0.5172714802344431,0.1662304049879348,0.9528942115768464
28,beta,54,none,0.3,1.0,pca,none,,21,0.3377782932610527,0.5818267150961106,0.2197379554338019,0.9058677947566838
39,beta,54,none,0.3,1.0,pca,none,,21,0.3329256912953005,0.6534936998854525,0.2829666070841171,0.9012313335079906
16,beta,54,none,0.3,1.0,pca,none,,23,0.3532857094558753,0.4351410985948206,0.2969109111950391,0.89731229915279
22,beta,54,none,0.3,1.0,pca,none,,22,0.31380771959026,0.6448637316561845,0.2265366917742093,0.8930427949709865
13,beta,54,none,0.3,1.0,pca,none,,20,0.3292233386125053,0.7339412360688956,0.2222834444193784,0.9130080417300588
8,beta,54,none,0.3,1.0,pca,none,,26,0.3123340404426837,0.5817705182496471,0.2318762778686517,0.9173772703184468
40,beta,54,none,0.3,1.0,pca,none,,20,0.3319813410329975,0.5284420289855073,0.2123806207883004,0.9220903261017874
31,beta,54,none,0.3,1.0,pca,none,,23,0.3372813558543864,0.63583984375,0.2430597717434155,0.9149949777586456
11,beta,54,none,0.3,1.0,pca,none,,22,0.3167882191408005,0.6407294832826748,0.2239274162568842,0.9186791277258568
19,beta,54,none,0.3,1.0,pca,none,,27,0.3168376995080473,0.6675283803529279,0.1984989120041603,0.928817006440366
30,beta,54,none,0.3,1.0,pca,none,,22,0.3280558626815642,0.6232085067036524,0.2249756935686505,0.9174468756574796
37,beta,54,none,0.3,1.0,pca,none,,21,0.3006058218503262,0.608813316993464,0.2044254179398718,0.9455865347552358
12,beta,54,none,0.3,1.0,pca,none,,20,0.3328448033662223,0.4804804804804805,0.2514157145385954,0.882331475583864
23,beta,54,none,0.3,1.0,pca,none,,23,0.3109911613549964,0.4668460973819427,0.2447180214477574,0.9137632978723405
27,beta,54,none,0.3,1.0,pca,none,,23,0.3378741199673882,0.5840016038492383,0.2281600516968756,0.8979964001515726
10,beta,54,none,0.3,1.0,pca,none,,23,0.3140776032759032,0.6233159691036464,0.2363811307371277,0.8915390586408865
9,beta,54,none,0.3,1.0,pca,none,,22,0.3185564846827777,0.5742472073822245,0.2116401149790079,0.9259944831591174
41,beta,54,none,0.3,1.0,pca,none,,20,0.3301383194971762,0.5197786131996659,0.2125391990606496,0.9138208762886596
2,beta,54,none,0.3,1.0,pca,none,,25,0.3065776395802149,0.5606589147286821,0.160724266462318,0.9556336195680456
47,beta,54,none,0.3,1.0,pca,none,,23,0.3285123831717148,0.5783843360995851,0.2214774078538164,0.9082951362363128
48,beta,54,none,0.3,1.0,pca,none,,21,0.3234878712743264,0.7509398496240602,0.2383493967008828,0.8887884267631103
29,beta,54,none,0.3,1.0,pca,none,,21,0.3086830323871689,0.6723425359563565,0.2139679222982339,0.934466581721302
20,beta,54,none,0.3,1.0,pca,none,,25,0.3058388304844337,0.4684605389999581,0.1695117605231056,0.9441707717569786
17,beta,54,none,0.3,1.0,pca,none,,21,0.3077182422136719,0.6769184652278177,0.2317792037281045,0.8961610486891385
0,beta,54,none,0.3,1.0,pca,none,,30,0.3351036079342,0.4830019493177387,0.2555900495741465,0.8847117794486216
36,beta,54,none,0.3,1.0,pca,none,,22,0.3313176733741783,0.5402270131353513,0.2873273139098696,0.8680213464696224
6,beta,54,none,0.3,1.0,pca,none,,24,0.321265095103771,0.5625487900078063,0.2164208269546246,0.9185467493810332
4,beta,54,none,0.3,1.0,pca,none,,27,0.3247748167945533,0.632626252797509,0.2107548541062086,0.91953240267847
35,beta,54,none,0.3,1.0,pca,none,,23,0.2983303536811512,0.460460021905805,0.2175325421263563,0.9284611992945326
34,beta,54,none,0.3,1.0,pca,none,,24,0.3439082193383241,0.5946627613701081,0.2067603101783083,0.921284912678898
49,beta,54,none,0.3,1.0,pca,none,,21,0.3309031226770223,0.6606827220503757,0.2530764003298518,0.924957461715544
25,beta,54,none,0.3,1.0,pca,none,,20,0.3301482605768588,0.3920212765957447,0.1820855587671257,0.929337822671156
33,beta,54,none,0.3,1.0,pca,none,,20,0.2999759272016694,0.6579123292904211,0.2180567553477746,0.9201930928478794
44,beta,54,none,0.3,1.0,pca,none,,20,0.3122931511080026,0.661503155479059,0.2277840944458755,0.885133960718099
38,beta,54,none,0.3,1.0,pca,none,,21,0.3218326897265713,0.7296617277047805,0.2295894497860311,0.9464319773303178
14,beta,54,none,0.3,1.0,pca,none,,24,0.3036444980773009,0.6064322391344213,0.2151304153163092,0.921104487905808
43,beta,54,none,0.3,1.0,pca,none,,22,0.3120028594524835,0.5859172007621687,0.2100943740172724,0.9328267477203648
24,beta,54,none,0.3,1.0,pca,none,,22,0.3367426892508649,0.5598795180722891,0.2044182651990936,0.9225615530303032
46,beta,54,none,0.3,1.0,pca,none,,23,0.3066990547638871,0.5947414167753151,0.2087927233639998,0.942233009708738
32,beta,54,none,0.3,1.0,pca,none,,21,0.3137721869234312,0.6454129674468658,0.2107007322645837,0.9214101830663616
18,beta,54,none,0.3,1.0,pca,none,,22,0.3217893491134918,0.5894858272907054,0.2307417190544419,0.9109831966974824
15,beta,54,none,0.3,1.0,pca,none,,23,0.282239669442655,0.6057488464895872,0.154722544043214,0.9435129740518964
45,beta,54,none,0.3,1.0,pca,none,,23,0.3303816488926957,0.5570232558139535,0.248686049546055,0.8908965663416701
21,beta,54,none,0.3,1.0,pca,none,,20,0.3094109928502327,0.5558101984478357,0.2294613756638842,0.879405896696963
5,beta,54,none,0.3,1.0,pca,none,,20,0.3367646480353742,0.5059974747474747,0.2115307342595144,0.8997514019772216
39,beta,54,none,0.3,1.0,pca,none,,22,0.3278673500124079,0.6552119129438717,0.2658574125367137,0.9029487963205542
42,beta,54,none,0.3,1.0,pca,none,,25,0.3013746056722231,0.6292478045055365,0.2186744082495957,0.9198587127158556
26,beta,54,none,0.3,1.0,pca,none,,23,0.3580374914042988,0.5320008075913587,0.2531140660644187,0.8877291543465405
28,beta,54,none,0.3,1.0,pca,none,,22,0.3372877950585542,0.5732767416234746,0.2194841276618094,0.9071915738582405
11,beta,54,none,0.3,1.0,pca,none,,23,0.3174204055823477,0.6516717325227962,0.2215888891928317,0.9188535825545172
31,beta,54,none,0.3,1.0,pca,none,,24,0.3263623943239415,0.57197265625,0.229704632736436,0.9033720763380684
19,beta,54,none,0.3,1.0,pca,none,,28,0.3170649536063442,0.6548836686523548,0.2006372180082347,0.9308508062563556
22,beta,54,none,0.3,1.0,pca,none,,23,0.3123455023322821,0.6856743535988818,0.2287057428071384,0.8910481141199227
13,beta,54,none,0.3,1.0,pca,none,,21,0.3273034255288782,0.704660587639311,0.2252407818801629,0.9018963268854596
8,beta,54,none,0.3,1.0,pca,none,,27,0.2983318521331445,0.5368421052631579,0.222766246729768,0.906850700968348
16,beta,54,none,0.3,1.0,pca,none,,24,0.3546156024743224,0.5574265474393217,0.3062141635908292,0.888949751679813
40,beta,54,none,0.3,1.0,pca,none,,21,0.3313072613940811,0.5037590579710145,0.2181639569725389,0.9140401146131806
23,beta,54,none,0.3,1.0,pca,none,,24,0.2875008541592058,0.5441338390017127,0.1831658022344992,0.9179853723404257
27,beta,54,none,0.3,1.0,pca,none,,24,0.3387004651032378,0.5751581573554307,0.2242753073840638,0.8997726411519515
37,beta,54,none,0.3,1.0,pca,none,,22,0.3027625901394513,0.5867800245098039,0.2040931115842106,0.9390337915970706
30,beta,54,none,0.3,1.0,pca,none,,23,0.3139067102127917,0.5689114912415882,0.2127222392655004,0.903587208079108
12,beta,54,none,0.3,1.0,pca,none,,21,0.3246826621641516,0.5041002541002542,0.2501617444856855,0.8765591825902336
47,beta,54,none,0.3,1.0,pca,none,,24,0.3259662048266811,0.6198132780082988,0.2315822067704058,0.9023427552839318
35,beta,54,none,0.3,1.0,pca,none,,24,0.299480511482647,0.53986856516977,0.2225745369061962,0.923721340388007
10,beta,54,none,0.3,1.0,pca,none,,24,0.3142152917520828,0.5810580204778156,0.2377092108193488,0.8901042034201303
2,beta,54,none,0.3,1.0,pca,none,,26,0.3066606697285707,0.5634205426356589,0.1675009256219909,0.947632058287796
20,beta,54,none,0.3,1.0,pca,none,,26,0.3056523256821205,0.4989731338279056,0.16764364828903,0.9466022483263862
9,beta,54,none,0.3,1.0,pca,none,,23,0.3194811196397596,0.5925206410879067,0.2124831298134117,0.9200783972125436
41,beta,54,none,0.3,1.0,pca,none,,21,0.3305389866240406,0.5020885547201337,0.2106771451826598,0.919722352389878
48,beta,54,none,0.3,1.0,pca,none,,22,0.3244623739613021,0.7337788916736285,0.2416630342158458,0.8896280030999741
29,beta,54,none,0.3,1.0,pca,none,,22,0.3099669553849174,0.603267757756103,0.216479266411683,0.9332503185451178
17,beta,54,none,0.3,1.0,pca,none,,22,0.3076259187942728,0.6890287769784172,0.2349717886837717,0.9078027465667916
36,beta,54,none,0.3,1.0,pca,none,,23,0.3090338405747815,0.6157909765848086,0.2416639051745477,0.8731937602627259
43,beta,54,none,0.3,1.0,pca,none,,23,0.319719172108595,0.4326173566603153,0.2358903376702674,0.9417553191489362
4,beta,54,none,0.3,1.0,pca,none,,28,0.3254736662707189,0.6003454315461709,0.2111276281886602,0.9204971058903644
6,beta,54,none,0.3,1.0,pca,none,,25,0.3218735361528905,0.5455698672911787,0.2093621520470273,0.9238601274097976
49,beta,54,none,0.3,1.0,pca,none,,22,0.326705393488541,0.6951502430402122,0.2365560772123428,0.9223551196076468
34,beta,54,none,0.3,1.0,pca,none,,25,0.3440823032525102,0.6093076234643234,0.2083591216736245,0.9192358615471912
25,beta,54,none,0.3,1.0,pca,none,,21,0.3346307867994031,0.4260638297872341,0.1920542743682918,0.92668911335578
15,beta,54,none,0.3,1.0,pca,none,,24,0.2825089859799237,0.566093029055992,0.1556693792930874,0.9399600798403194
33,beta,54,none,0.3,1.0,pca,none,,21,0.2999141878343769,0.681883296724286,0.2197351242092803,0.9156299534079446
44,beta,54,none,0.3,1.0,pca,none,,21,0.3183821102519588,0.5613269404147201,0.2439014178474931,0.885754724008641
38,beta,54,none,0.3,1.0,pca,none,,22,0.3247183546802331,0.6347497903270898,0.2369941752086183,0.9406828151821476
24,beta,54,none,0.3,1.0,pca,none,,23,0.3373019652927731,0.5973092369477911,0.2037160600290652,0.9244318181818184
14,beta,54,none,0.3,1.0,pca,none,,25,0.3040998489439406,0.6435677608655785,0.2188394397723491,0.907187546184541
39,beta,54,none,0.3,1.0,pca,none,,23,0.3165026506106556,0.7143828751431843,0.2440865418611913,0.8939248391697959
46,beta,54,none,0.3,1.0,pca,none,,24,0.3076754439156007,0.6270751847023034,0.2062086551581144,0.944276954522228
18,beta,54,none,0.3,1.0,pca,none,,23,0.3212087583044634,0.6071742474181498,0.23505114142186,0.9056049770335484
32,beta,54,none,0.3,1.0,pca,none,,22,0.3139736832817467,0.6362927091740651,0.2126421396926279,0.9246281464530892
45,beta,54,none,0.3,1.0,pca,none,,24,0.3439268502561025,0.6468139534883721,0.2760091693510851,0.8882736328952947
21,beta,54,none,0.3,1.0,pca,none,,21,0.3092053906955645,0.5271107870201573,0.2272345260869329,0.8801540678341832
5,beta,54,none,0.3,1.0,pca,none,,21,0.3360864730359299,0.5317760942760943,0.2111461631654391,0.8999248424582297
11,beta,54,none,0.3,1.0,pca,none,,24,0.3175165804153139,0.6084093211752786,0.2234326595502347,0.9198006230529594
31,beta,54,none,0.3,1.0,pca,none,,25,0.3401402134021696,0.580908203125,0.2482345501845135,0.9036590615583298
19,beta,54,none,0.3,1.0,pca,none,,29,0.3173176390416014,0.6463414634146342,0.1986841527405495,0.9327635465594886
26,beta,54,none,0.3,1.0,pca,none,,24,0.3441178239593104,0.5562537855844942,0.2335772926376468,0.88418095801301
42,beta,54,none,0.3,1.0,pca,none,,26,0.3023184472469689,0.6071867973357091,0.2217303398845252,0.9149136577708006
28,beta,54,none,0.3,1.0,pca,none,,23,0.3383628874450887,0.5876423295106721,0.219409977347016,0.90667357334024
27,beta,54,none,0.3,1.0,pca,none,,25,0.3384072207980225,0.60727969348659,0.2249302438051563,0.8988489958317545
23,beta,54,none,0.3,1.0,pca,none,,25,0.3092107881289139,0.4679165647173966,0.2328625036471118,0.9147938829787234
22,beta,54,none,0.3,1.0,pca,none,,24,0.3147304804447875,0.6918588399720476,0.2273857107470907,0.8941308027079302
8,beta,54,none,0.3,1.0,pca,none,,28,0.3158509125803689,0.4259528130671505,0.2410625201930699,0.9185094185094184
13,beta,54,none,0.3,1.0,pca,none,,22,0.3291477770857926,0.7150455927051671,0.2159059104502662,0.9241740925885676
16,beta,54,none,0.3,1.0,pca,none,,25,0.3563541034377658,0.5024968064104053,0.3093899944794688,0.8951577563540754
47,beta,54,none,0.3,1.0,pca,none,,25,0.3256903080055122,0.6229253112033195,0.2322612736509609,0.8995098039215687
40,beta,54,none,0.3,1.0,pca,none,,22,0.342882111974533,0.413858695652174,0.2363459761632121,0.9215991267567198
35,beta,54,none,0.3,1.0,pca,none,,25,0.2969280747604123,0.5427437020810515,0.2161748140891466,0.9242724867724867
37,beta,54,none,0.3,1.0,pca,none,,23,0.3016553908663554,0.5782271241830066,0.2018889175701841,0.9492162405242196
30,beta,54,none,0.3,1.0,pca,none,,24,0.3140348412779763,0.617660656495608,0.2140761795685022,0.9054018514622344
12,beta,54,none,0.3,1.0,pca,none,,22,0.3256938423706071,0.4944271194271194,0.2509487745286654,0.8773221868365181
43,beta,54,none,0.3,1.0,pca,none,,24,0.3197016007752623,0.5326953057335874,0.2391456652574048,0.9308510638297872
20,beta,54,none,0.3,1.0,pca,none,,27,0.3061048723374222,0.5190494153149755,0.1744073529036863,0.9406025009473286
41,beta,54,none,0.3,1.0,pca,none,,22,0.3298229608168981,0.5156223893065999,0.211246617194183,0.924379100281162
48,beta,54,none,0.3,1.0,pca,none,,23,0.3291612904850012,0.6560498468393204,0.2406593223963141,0.8851717902350815
9,beta,54,none,0.3,1.0,pca,none,,24,0.320252854911473,0.6290067994171928,0.2125475770618611,0.919425087108014
10,beta,54,none,0.3,1.0,pca,none,,25,0.3345823678841602,0.5370486797197773,0.2641028661178059,0.8997953567144168
2,beta,54,none,0.3,1.0,pca,none,,27,0.3091210435590211,0.5759205426356588,0.1606534880022459,0.9549505594587562
29,beta,54,none,0.3,1.0,pca,none,,23,0.3118356079344481,0.6108998732572877,0.2174470191449737,0.9266187883702072
4,beta,54,none,0.3,1.0,pca,none,,29,0.3247407709246315,0.6352048263111804,0.211067998220318,0.915645216207014
15,beta,54,none,0.3,1.0,pca,none,,25,0.2989405127717855,0.5198902606310014,0.1792587991979513,0.9530938123752496
17,beta,54,none,0.3,1.0,pca,none,,23,0.3231800745729048,0.6595923261390887,0.246382853825057,0.9017790262172284
36,beta,54,none,0.3,1.0,pca,none,,24,0.3079925064028366,0.6406339234723015,0.2392482132835001,0.8738916256157635
49,beta,54,none,0.3,1.0,pca,none,,23,0.3079805317313261,0.6219067609368096,0.2121203864033659,0.9225803222900611
39,beta,54,none,0.3,1.0,pca,none,,24,0.3126009182102864,0.7200028636884307,0.2413431878419854,0.9022792769190464
6,beta,54,none,0.3,1.0,pca,none,,26,0.3212840534967632,0.5826258782201406,0.2065410659017003,0.934987620663755
34,beta,54,none,0.3,1.0,pca,none,,26,0.3461266418051639,0.6094703441542592,0.2080648729029175,0.9241535842632872
25,beta,54,none,0.3,1.0,pca,none,,22,0.3384275965593327,0.4589361702127659,0.1942773280110654,0.9439281705948374
44,beta,54,none,0.3,1.0,pca,none,,22,0.3146654798082386,0.6031472830095894,0.2304358378040776,0.8845876890224219
11,beta,54,none,0.3,1.0,pca,none,,25,0.3170198095935644,0.6603850050658562,0.2244998167117927,0.9131464174454827
38,beta,54,none,0.3,1.0,pca,none,,23,0.3441126384461707,0.6297875314509365,0.3037391477773351,0.94335304215144
14,beta,54,none,0.3,1.0,pca,none,,26,0.3042006638004276,0.6061113148725472,0.2168774841562083,0.9177545691906004
33,beta,54,none,0.3,1.0,pca,none,,22,0.302254561150041,0.6929615127494987,0.2136280516991852,0.923819587876459
24,beta,54,none,0.3,1.0,pca,none,,24,0.3378255483769805,0.5682329317269076,0.2078018512005218,0.9228929924242424
46,beta,54,none,0.3,1.0,pca,none,,25,0.3083792919089116,0.5804867448935246,0.2072767026250898,0.9434082779764948
31,beta,54,none,0.3,1.0,pca,none,,26,0.3404540906203778,0.5529296875,0.2469243383600335,0.9108910891089108
19,beta,54,none,0.3,1.0,pca,none,,30,0.3179748881354451,0.6260537259750478,0.1972789193385366,0.9338530821751974
32,beta,54,none,0.3,1.0,pca,none,,23,0.3119687094021113,0.6222491256389561,0.2165538697497893,0.9205043859649124
18,beta,54,none,0.3,1.0,pca,none,,24,0.3230113331663649,0.5444407822456603,0.2349925012863196,0.9057794057794056
45,beta,54,none,0.3,1.0,pca,none,,25,0.3312704008046135,0.5390697674418605,0.2513020256846202,0.890181220856295
21,beta,54,none,0.3,1.0,pca,none,,22,0.3099956057990797,0.5614875774779936,0.2270655883554883,0.8784360452227888
27,beta,54,none,0.3,1.0,pca,none,,26,0.3409413338715738,0.5854940746680923,0.2256822174175556,0.8958885941644563
5,beta,54,none,0.3,1.0,pca,none,,22,0.3370741201378663,0.5286195286195287,0.2096368817264391,0.9032202115973867
23,beta,54,none,0.3,1.0,pca,none,,26,0.3149023578891989,0.573464643993149,0.2551170091653228,0.912001329787234
26,beta,54,none,0.3,1.0,pca,none,,25,0.3610141524132333,0.4890975166565717,0.2618461128180156,0.8903459491425192
42,beta,54,none,0.3,1.0,pca,none,,27,0.3028251757886816,0.5684527597471469,0.2220232817302543,0.9191261119832548
28,beta,54,none,0.3,1.0,pca,none,,24,0.3369633293066084,0.5778884218258988,0.2185341758068489,0.9079973524417968
47,beta,54,none,0.3,1.0,pca,none,,26,0.3315968195872278,0.5748832987551867,0.2208839283570497,0.904730073847721
35,beta,54,none,0.3,1.0,pca,none,,26,0.2958037977294661,0.5648411829134721,0.2116641227517358,0.927064961787184
22,beta,54,none,0.3,1.0,pca,none,,25,0.3151702404368467,0.6762403913347309,0.2289016267485369,0.8897183268858802
8,beta,54,none,0.3,1.0,pca,none,,29,0.3115661137446863,0.5332123411978221,0.2239337212693304,0.924555571614395
16,beta,54,none,0.3,1.0,pca,none,,26,0.3334436110032166,0.5168389269538962,0.2279115256139977,0.8838737949167397
13,beta,54,none,0.3,1.0,pca,none,,23,0.3302513209900581,0.7002532928064842,0.2175777993465157,0.9180069550097804
37,beta,54,none,0.3,1.0,pca,none,,24,0.302994954341795,0.5578788807189543,0.204139678535355,0.9390659128870616
43,beta,54,none,0.3,1.0,pca,none,,25,0.2913818487224088,0.5381084358219297,0.1766463028097754,0.9371200607902735
40,beta,54,none,0.3,1.0,pca,none,,23,0.3323305912398911,0.5156023550724638,0.2163064151421705,0.9146131805157592
12,beta,54,none,0.3,1.0,pca,none,,23,0.3244311429831917,0.5317047817047817,0.2486530091981925,0.8849190552016984
15,beta,54,none,0.3,1.0,pca,none,,26,0.296797867843843,0.632497817683003,0.1707323247958036,0.954251497005988
30,beta,54,none,0.3,1.0,pca,none,,25,0.3150474192485924,0.5995787743360558,0.2154948684984206,0.9034820113612456
39,beta,54,none,0.3,1.0,pca,none,,25,0.3126074010348426,0.6538158648339061,0.2405073661731905,0.8996885279306028
20,beta,54,none,0.3,1.0,pca,none,,28,0.3112562103686012,0.4923299383880297,0.1760670828153432,0.9381394467601364
48,beta,54,none,0.3,1.0,pca,none,,24,0.3242467155804903,0.6940963519910889,0.243945700077821,0.8835572203564971
41,beta,54,none,0.3,1.0,pca,none,,23,0.3313940890939306,0.5050543024227234,0.2136871677623708,0.907011480787254
9,beta,54,none,0.3,1.0,pca,none,,25,0.3199569892476696,0.6080318115590092,0.2142689906275813,0.9167755516840884
4,beta,54,none,0.3,1.0,pca,none,,30,0.3256926756912243,0.629999026953391,0.2109795634397603,0.9231074792872546
11,beta,54,none,0.3,1.0,pca,none,,26,0.3180160074943461,0.6722728807835191,0.2233490288584159,0.9173333333333332
10,beta,54,none,0.3,1.0,pca,none,,26,0.3146865404904235,0.594440452667505,0.2388050778380452,0.8879166372638958
29,beta,54,none,0.3,1.0,pca,none,,24,0.3284439965902256,0.5835124262963575,0.2349430987529979,0.9354801343681224
2,beta,54,none,0.3,1.0,pca,none,,28,0.3092029088084291,0.5891472868217056,0.1542866860417765,0.959504293520687
17,beta,54,none,0.3,1.0,pca,none,,24,0.3114534855574825,0.7043764988009592,0.2313694729064976,0.9058676654182272
49,beta,54,none,0.3,1.0,pca,none,,24,0.3181947973123025,0.6025740167918692,0.22045808878534,0.916349714743269
36,beta,54,none,0.3,1.0,pca,none,,25,0.3296151045549696,0.5414049114791548,0.2773247698884451,0.8739737274220034
31,beta,54,none,0.3,1.0,pca,none,,27,0.3432424548022062,0.6130859375000001,0.2534312720656553,0.9123834122542688
6,beta,54,none,0.3,1.0,pca,none,,27,0.3224104700273579,0.5784787275565965,0.2156231873201112,0.9241661334742816
25,beta,54,none,0.3,1.0,pca,none,,23,0.3389670694773231,0.4322340425531915,0.1935238187100176,0.9428507295173962
34,beta,54,none,0.3,1.0,pca,none,,27,0.3474190792368418,0.5990562199983728,0.2039084090926057,0.9245949183531934
44,beta,54,none,0.3,1.0,pca,none,,23,0.3051255573906782,0.6228587820670437,0.224652501817213,0.8847118416805305
27,beta,54,none,0.3,1.0,pca,none,,27,0.3387986919204991,0.6195313196115121,0.226750805308711,0.8963148920045472
23,beta,54,none,0.3,1.0,pca,none,,27,0.3037127283172308,0.5675923660386591,0.2208192654768237,0.8949468085106382
14,beta,54,none,0.3,1.0,pca,none,,27,0.3049599212164379,0.62997432605905,0.2167752487118499,0.9104389378787132
38,beta,54,none,0.3,1.0,pca,none,,24,0.3315014932614636,0.5385448700027956,0.253382141873616,0.9431350644396612
24,beta,54,none,0.3,1.0,pca,none,,25,0.337539633878567,0.5982530120481927,0.2067827046363217,0.9195075757575758
46,beta,54,none,0.3,1.0,pca,none,,26,0.3093471986628686,0.5455236853541939,0.2068283058033725,0.9403423607562597
33,beta,54,none,0.3,1.0,pca,none,,23,0.3048735930608588,0.6899770795530513,0.2170546348255092,0.9218982660070127
32,beta,54,none,0.3,1.0,pca,none,,24,0.3126260384066121,0.6066182405165456,0.2111371384847083,0.930491990846682
35,beta,54,none,0.3,1.0,pca,none,,27,0.2983925955378189,0.4807776560788608,0.2162449573055686,0.9329438565549676
18,beta,54,none,0.3,1.0,pca,none,,25,0.3225493713594234,0.5888815644913206,0.2347393541664329,0.9050526193383336
47,beta,54,none,0.3,1.0,pca,none,,27,0.3265666742377459,0.5741052904564315,0.2198259256128029,0.9121466768525592
45,beta,54,none,0.3,1.0,pca,none,,26,0.3317344348629458,0.5514418604651163,0.2495284326856507,0.8932280627384486
5,beta,54,none,0.3,1.0,pca,none,,23,0.3367696701456062,0.5629208754208754,0.2104114401202831,0.901196739318957
21,beta,54,none,0.3,1.0,pca,none,,23,0.311173616309134,0.5564352310016147,0.227481834844439,0.8759144313899357
26,beta,54,none,0.3,1.0,pca,none,,26,0.3540350538560068,0.559282253179891,0.2364553865523602,0.8821703134240094
28,beta,54,none,0.3,1.0,pca,none,,25,0.3383675004982717,0.5743786475125494,0.2186638032160084,0.9111916889694668
42,beta,54,none,0.3,1.0,pca,none,,28,0.3034295498860344,0.5778499003012176,0.2206768256527984,0.91847200418629
8,beta,54,none,0.3,1.0,pca,none,,30,0.3173533264548375,0.5438999798346441,0.2431293907112282,0.9209423327070384
43,beta,54,none,0.3,1.0,pca,none,,26,0.3069696180107475,0.5722328078988395,0.1946388548333912,0.938449848024316
22,beta,54,none,0.3,1.0,pca,none,,26,0.3159157046866321,0.6559748427672956,0.2270467450183078,0.8921058994197293
16,beta,54,none,0.3,1.0,pca,none,,27,0.3545597737095038,0.5256067820229936,0.3008109239084789,0.8820479111890155
15,beta,54,none,0.3,1.0,pca,none,,27,0.2842603483790715,0.6397929916448435,0.1495241370547251,0.9536926147704592
39,beta,54,none,0.3,1.0,pca,none,,26,0.3220821320612927,0.6655211912943871,0.2452367058066258,0.8994265420778389
13,beta,54,none,0.3,1.0,pca,none,,24,0.3270843670863117,0.7193009118541034,0.2216600333756393,0.9167300586828948
12,beta,54,none,0.3,1.0,pca,none,,24,0.3311009107520165,0.5157368907368907,0.2533545736351369,0.8738720806794056
37,beta,54,none,0.3,1.0,pca,none,,25,0.3041160433046515,0.5685253267973855,0.2081367469170302,0.93103559038931
40,beta,54,none,0.3,1.0,pca,none,,24,0.3337250868646376,0.5365489130434782,0.2141055516297819,0.9137399372356392
11,beta,54,none,0.3,1.0,pca,none,,27,0.320893516665323,0.6354609929078014,0.222323143393523,0.9203489096573207
20,beta,54,none,0.3,1.0,pca,none,,29,0.306104762807579,0.5801584307808374,0.1713844690419753,0.9413919413919416
48,beta,54,none,0.3,1.0,pca,none,,25,0.3272456238281373,0.6782929546087441,0.2422718162815737,0.8846551278739344
30,beta,54,none,0.3,1.0,pca,none,,26,0.3153052424076692,0.5996301433194637,0.2146090352458785,0.9106353881758888
31,beta,54,none,0.3,1.0,pca,none,,28,0.3282613697959165,0.57841796875,0.2284681808909144,0.9035155689481992
36,beta,54,none,0.3,1.0,pca,none,,26,0.3102223602097147,0.6207167332952599,0.2405938970602755,0.8711001642036125
9,beta,54,none,0.3,1.0,pca,none,,26,0.3203558892426626,0.5970738222438077,0.2136569274193052,0.9260670731707318
41,beta,54,none,0.3,1.0,pca,none,,24,0.3312659025873482,0.5334586466165414,0.2099610439566409,0.9204252577319588
10,beta,54,none,0.3,1.0,pca,none,,27,0.3220614624658177,0.5658343811747799,0.2432402908768292,0.8902218145037988
27,beta,54,none,0.3,1.0,pca,none,,28,0.3392247449080701,0.649737146930411,0.224707134367825,0.903846153846154
23,beta,54,none,0.3,1.0,pca,none,,28,0.3172475673380863,0.4738194274528994,0.2619859839905469,0.9113364361702126
17,beta,54,none,0.3,1.0,pca,none,,25,0.3095345581779103,0.6767386091127099,0.2342534624325258,0.9029338327091136
44,beta,54,none,0.3,1.0,pca,none,,24,0.3052326241006811,0.6088230472912056,0.221301440896921,0.8914160852183844
29,beta,54,none,0.3,1.0,pca,none,,25,0.3217275114936808,0.565713341048107,0.2223225736821088,0.928790686899108
49,beta,54,none,0.3,1.0,pca,none,,25,0.328760859324592,0.6175430844012373,0.2444736193425913,0.9264838354519068
2,beta,54,none,0.3,1.0,pca,none,,29,0.3077586499663406,0.5330910852713179,0.1676829812531901,0.9467538381472806
25,beta,54,none,0.3,1.0,pca,none,,24,0.3628787815883805,0.5779255319148936,0.2841331207819978,0.9410549943883276
6,beta,54,none,0.3,1.0,pca,none,,28,0.3242535055444554,0.5403005464480873,0.2094659604156148,0.92717055665285
35,beta,54,none,0.3,1.0,pca,none,,28,0.2995553859524167,0.5323110624315444,0.2171741330541057,0.9332745443856554
34,beta,54,none,0.3,1.0,pca,none,,28,0.3474485762886317,0.6282645838418355,0.209669425330324,0.9190624802975852
24,beta,54,none,0.3,1.0,pca,none,,26,0.343244875064607,0.5823293172690763,0.2143429728626134,0.9219223484848486
47,beta,54,none,0.3,1.0,pca,none,,28,0.3274283962014494,0.5676867219917012,0.2221937059858295,0.9131334351922588
32,beta,54,none,0.3,1.0,pca,none,,25,0.3132025450969684,0.6583535108958838,0.2130441549510097,0.9262490465293668
38,beta,54,none,0.3,1.0,pca,none,,25,0.3440169035160147,0.6844422700587084,0.2998491434444135,0.950982262063704
14,beta,54,none,0.3,1.0,pca,none,,28,0.3056363711747796,0.6539061067302403,0.2149838251028812,0.9183210995615548
46,beta,54,none,0.3,1.0,pca,none,,27,0.3090556828023731,0.5978270317253368,0.2066579458120102,0.947266223811957
33,beta,54,none,0.3,1.0,pca,none,,24,0.30369367887763,0.6911231019004871,0.215588017415808,0.9223305634276382
28,beta,54,none,0.3,1.0,pca,none,,26,0.3381077283936124,0.5758478553646492,0.2220662817006261,0.9102995769662436
43,beta,54,none,0.3,1.0,pca,none,,27,0.309314802844543,0.4477741209076736,0.198289564888726,0.9340425531914894
5,beta,54,none,0.3,1.0,pca,none,,24,0.3364533854594139,0.5007891414141414,0.2112679718487603,0.8985373186101637
18,beta,54,none,0.3,1.0,pca,none,,26,0.3229062273532568,0.5791309602285212,0.2308779575078956,0.9153729868015582
39,beta,54,none,0.3,1.0,pca,none,,27,0.3215509176624368,0.6750787514318441,0.2453176582911779,0.8967193549326115
45,beta,54,none,0.3,1.0,pca,none,,27,0.3320135336244593,0.5623720930232559,0.2486504248099396,0.8940493853327681
21,beta,54,none,0.3,1.0,pca,none,,24,0.3108695051714598,0.5624772123548102,0.2274771266353411,0.881927510529816
26,beta,54,none,0.3,1.0,pca,none,,27,0.3461529881260907,0.5169089440742984,0.2356250566765795,0.8768184506209343
15,beta,54,none,0.3,1.0,pca,none,,28,0.2845711911619258,0.5972066342436713,0.1557042664669322,0.9455888223552896
16,beta,54,none,0.3,1.0,pca,none,,28,0.3481490788958602,0.5269422831262339,0.2662571509390461,0.8872699386503068
42,beta,54,none,0.3,1.0,pca,none,,29,0.304641695736703,0.5801196385388825,0.2218509634188319,0.923286237571952
12,beta,54,none,0.3,1.0,pca,none,,25,0.3272194970233235,0.5073342573342574,0.2509845776892253,0.8813362526539279
22,beta,54,none,0.3,1.0,pca,none,,27,0.3168684562218102,0.6680293501048218,0.2274780437202335,0.8935565764023211
11,beta,54,none,0.3,1.0,pca,none,,28,0.3219555721546339,0.6661263086795001,0.2246194007957938,0.920797507788162
40,beta,54,none,0.3,1.0,pca,none,,25,0.3342002817716329,0.4778532608695652,0.2120086441273946,0.9207804611816072
48,beta,54,none,0.3,1.0,pca,none,,26,0.3272312685739766,0.6897451963241438,0.2405911022312602,0.8867863601136656
20,beta,54,none,0.3,1.0,pca,none,,30,0.3068543436514062,0.5120918730877237,0.1706312215809571,0.9452759883794366
31,beta,54,none,0.3,1.0,pca,none,,29,0.3285866623139929,0.6034179687500001,0.2334394857789416,0.8943033433778159
13,beta,54,none,0.3,1.0,pca,none,,25,0.3325883007217846,0.7350557244174266,0.2178115811321738,0.9197728754618562
37,beta,54,none,0.3,1.0,pca,none,,26,0.3030289232247901,0.6364379084967321,0.2028200813633921,0.9399331877168188
23,beta,54,none,0.3,1.0,pca,none,,29,0.2897483833307383,0.5522999755321752,0.1879297735150207,0.9117021276595746
36,beta,54,none,0.3,1.0,pca,none,,27,0.3105362464477484,0.6522701313535122,0.2403125713209386,0.8669950738916256
27,beta,54,none,0.3,1.0,pca,none,,29,0.3392290277738302,0.6408268733850129,0.2266993356065012,0.8999384236453202
44,beta,54,none,0.3,1.0,pca,none,,25,0.3060715734598631,0.583251372838292,0.2187774760156838,0.891614729471358
30,beta,54,none,0.3,1.0,pca,none,,27,0.3321671488279571,0.5320799301381824,0.2271923485229364,0.9074794866400168
35,beta,54,none,0.3,1.0,pca,none,,29,0.2870959064672135,0.5622672508214677,0.1989350823768742,0.9291593180482068
47,beta,54,none,0.3,1.0,pca,none,,29,0.3274277249329966,0.6146913900414938,0.233319784023645,0.8957537560478737
9,beta,54,none,0.3,1.0,pca,none,,27,0.3209416444542416,0.6125546381738709,0.2130907150837864,0.9294062137049942
10,beta,54,none,0.3,1.0,pca,none,,28,0.3160646619815216,0.5772857912699839,0.2366956107787435,0.8889986592336461
32,beta,54,none,0.3,1.0,pca,none,,26,0.3135131149134475,0.6294323379069142,0.2143667300661626,0.9199799771167048
24,beta,54,none,0.3,1.0,pca,none,,27,0.3441842111098239,0.6056425702811246,0.2144164170358136,0.9224431818181816
17,beta,54,none,0.3,1.0,pca,none,,26,0.323594043000299,0.6156474820143886,0.242739578856743,0.9016229712858926
41,beta,54,none,0.3,1.0,pca,none,,25,0.3308610940863796,0.5368003341687552,0.2128444586576684,0.9155342080599812
49,beta,54,none,0.3,1.0,pca,none,,26,0.3313255889586842,0.6599094122845781,0.2444404820543402,0.9256080472425182
25,beta,54,none,0.3,1.0,pca,none,,25,0.3410972300940403,0.4007446808510638,0.1955063620712638,0.9446913580246914
29,beta,54,none,0.3,1.0,pca,none,,26,0.3140271304506917,0.5944233206590621,0.2180919883335478,0.9311363373103207
2,beta,54,none,0.3,1.0,pca,none,,30,0.3193244932031339,0.5743217054263565,0.1623296619760745,0.9527062190996618
6,beta,54,none,0.3,1.0,pca,none,,29,0.3239330848696198,0.5519613583138174,0.2160104285334279,0.9234428464127744
34,beta,54,none,0.3,1.0,pca,none,,29,0.3460522413657139,0.5946627613701082,0.2041210822303512,0.9283462581173948
28,beta,54,none,0.3,1.0,pca,none,,27,0.3382211402717668,0.5495449536791414,0.2240335630142356,0.9078246856024634
38,beta,54,none,0.3,1.0,pca,none,,26,0.3247586660990823,0.5925356443947442,0.2322149798405861,0.9429715811558268
43,beta,54,none,0.3,1.0,pca,none,,28,0.292542783693395,0.5362896241122467,0.1745535148858148,0.9336246200607904
39,beta,54,none,0.3,1.0,pca,none,,28,0.3051684813580047,0.6786225658648338,0.236299930813824,0.8950018921200477
14,beta,54,none,0.3,1.0,pca,none,,29,0.305900190024677,0.588391710984779,0.2174683987608763,0.9112764175575152
46,beta,54,none,0.3,1.0,pca,none,,28,0.3100751256665534,0.5628639721860061,0.208777860406985,0.941747572815534
16,beta,54,none,0.3,1.0,pca,none,,29,0.3341725471844055,0.5034839159214957,0.226898117424568,0.8877811860940696
15,beta,54,none,0.3,1.0,pca,none,,29,0.2850307031456212,0.638047138047138,0.1518647660233553,0.946506986027944
12,beta,54,none,0.3,1.0,pca,none,,26,0.3340079762111733,0.4882767382767382,0.2514247084504123,0.8814689490445861
33,beta,54,none,0.3,1.0,pca,none,,25,0.3061601433984848,0.6519912138286696,0.2166934582914628,0.921297852922811
5,beta,54,none,0.3,1.0,pca,none,,25,0.3375029682982567,0.5032617845117845,0.2101478454440822,0.9036538127999076
40,beta,54,none,0.3,1.0,pca,none,,26,0.3336717246449819,0.4606884057971014,0.2132443455497636,0.9171510437986083
48,beta,54,none,0.3,1.0,pca,none,,27,0.3268536392402336,0.6915204678362572,0.2409262270337357,0.8870446912942392
18,beta,54,none,0.3,1.0,pca,none,,27,0.3234093570904619,0.565699846187651,0.2350460697351228,0.9065352636781208
26,beta,54,none,0.3,1.0,pca,none,,28,0.3457187498193165,0.5071168988491823,0.2358519272640803,0.8748669426374925
21,beta,54,none,0.3,1.0,pca,none,,25,0.3111918128251633,0.5360695869576542,0.2267275077816155,0.8827033917091553
11,beta,54,none,0.3,1.0,pca,none,,29,0.321090451337294,0.6472813238770686,0.2226543342775616,0.9207725856697818
45,beta,54,none,0.3,1.0,pca,none,,28,0.3321368217927066,0.5605116279069768,0.2494264520422215,0.8920888088172955
31,beta,54,none,0.3,1.0,pca,none,,30,0.3417922537355001,0.6166748046875,0.2484136707945741,0.9083943176926388
42,beta,54,none,0.3,1.0,pca,none,,30,0.3040177858923542,0.5749013618429426,0.2191993151999918,0.916640502354788
22,beta,54,none,0.3,1.0,pca,none,,28,0.3176791172456352,0.6755066387141859,0.2262014027165203,0.8878747582205029
36,beta,54,none,0.3,1.0,pca,none,,28,0.3118356318271022,0.5985151342090235,0.2411011743422197,0.8649014778325124
27,beta,54,none,0.3,1.0,pca,none,,30,0.3393345119674282,0.6305800588078054,0.225795046176939,0.8969780219780219
23,beta,54,none,0.3,1.0,pca,none,,30,0.2900230197772469,0.5846586738438952,0.1910717142676571,0.9120678191489362
47,beta,54,none,0.3,1.0,pca,none,,30,0.3275097119005177,0.6105095954356846,0.2278639884214355,0.9009103641456584
44,beta,54,none,0.3,1.0,pca,none,,26,0.3057305748087716,0.6150725350381117,0.221918733410326,0.887790827601619
35,beta,54,none,0.3,1.0,pca,none,,30,0.2996626153863194,0.5400328587075575,0.2178352935253954,0.9271384479717812
37,beta,54,none,0.3,1.0,pca,none,,27,0.3050476904034933,0.6102430555555555,0.2055641591001359,0.9423744057561352
32,beta,54,none,0.3,1.0,pca,none,,27,0.31454227202689,0.6466505246166264,0.207215622910681,0.92162471395881
13,beta,54,none,0.3,1.0,pca,none,,26,0.3353238933614935,0.7307497467071935,0.2250243127455746,0.9068680721582264
24,beta,54,none,0.3,1.0,pca,none,,28,0.3446591557203775,0.548714859437751,0.2139356494871452,0.923035037878788
43,beta,54,none,0.3,1.0,pca,none,,29,0.3155773395963534,0.4332236272302096,0.2106705495216473,0.9377659574468086
30,beta,54,none,0.3,1.0,pca,none,,28,0.3373365324236844,0.7234293933323059,0.243770654732452,0.9023774458236904
39,beta,54,none,0.3,1.0,pca,none,,29,0.3308363337865168,0.686282932416953,0.2599957816075192,0.9073734462783456
10,beta,54,none,0.3,1.0,pca,none,,29,0.3162648744628407,0.5965960122148374,0.2371346763422219,0.8936795803636535
15,beta,54,none,0.3,1.0,pca,none,,30,0.2852761264858682,0.565282454171343,0.1407235383132514,0.9588023952095808
9,beta,54,none,0.3,1.0,pca,none,,28,0.3203137793166501,0.6180184555609519,0.2116946037712246,0.9250871080139372
11,beta,54,none,0.3,1.0,pca,none,,30,0.3218514179183391,0.6462006079027355,0.2265654925444707,0.9158629283489096
28,beta,54,none,0.3,1.0,pca,none,,28,0.3382560539993725,0.5744194588417744,0.2184672145661319,0.906184350628795
49,beta,54,none,0.3,1.0,pca,none,,27,0.3315233497264427,0.5513698630136987,0.2428762578779504,0.9191772595335804
17,beta,54,none,0.3,1.0,pca,none,,27,0.3107321684233364,0.6800959232613909,0.2368913984032581,0.888514357053683
6,beta,54,none,0.3,1.0,pca,none,,30,0.3235140461112809,0.5705015612802496,0.2120401121830144,0.9294238740367764
25,beta,54,none,0.3,1.0,pca,none,,26,0.3375876617497075,0.3128723404255319,0.1838138052878782,0.9376879910213244
34,beta,54,none,0.3,1.0,pca,none,,30,0.3465031886449468,0.6428280855910828,0.2044851176179261,0.9326650274257612
38,beta,54,none,0.3,1.0,pca,none,,27,0.3286765889237099,0.7226027397260274,0.2446873075477164,0.938503038064358
16,beta,54,none,0.3,1.0,pca,none,,30,0.3528138566476774,0.5536523051910347,0.2869499178945288,0.8900817995910021
12,beta,54,none,0.3,1.0,pca,none,,27,0.3293714350664894,0.4913952413952414,0.2488576673879147,0.8792794585987261
41,beta,54,none,0.3,1.0,pca,none,,26,0.3309393487721963,0.5386800334168754,0.2105699091327067,0.9161199625117152
46,beta,54,none,0.3,1.0,pca,none,,29,0.3101514542062341,0.6092133854845719,0.2071179352426264,0.9439703628002044
29,beta,54,none,0.3,1.0,pca,none,,27,0.3117378597090565,0.6527800738414062,0.2169153645766774,0.9314838410749452
14,beta,54,none,0.3,1.0,pca,none,,30,0.3065979435853307,0.6172748945534569,0.217011937874395,0.909059559584216
48,beta,54,none,0.3,1.0,pca,none,,28,0.3280317310199988,0.6760651629072681,0.2405117728381398,0.8774541462154483
40,beta,54,none,0.3,1.0,pca,none,,27,0.3350637294872676,0.5002264492753623,0.2142293293884405,0.9159503342884432
39,beta,54,none,0.3,1.0,pca,none,,30,0.3173814861563331,0.7583404925544102,0.2411152113029573,0.8999214042441708
26,beta,54,none,0.3,1.0,pca,none,,29,0.3590176920741856,0.6443569553805775,0.2553130570759293,0.8806623299822591
18,beta,54,none,0.3,1.0,pca,none,,28,0.3238626385784445,0.5328499230938255,0.234976227818514,0.9081051223908366
43,beta,54,none,0.3,1.0,pca,none,,30,0.2953704050605069,0.5918066862982851,0.1739637028318505,0.941793313069909
33,beta,54,none,0.3,1.0,pca,none,,26,0.3060169802906681,0.6947760481329386,0.2133698188714739,0.9314088092607716
36,beta,54,none,0.3,1.0,pca,none,,29,0.3296387699688152,0.5712450028555112,0.2703041384070733,0.8748768472906404
5,beta,54,none,0.3,1.0,pca,none,,26,0.3372505497959765,0.5701809764309764,0.209206658983308,0.9039717870150892
22,beta,54,none,0.3,1.0,pca,none,,29,0.3180336602430686,0.670020964360587,0.2248557356767269,0.9003264023210832
44,beta,54,none,0.3,1.0,pca,none,,27,0.3066557862245152,0.5743176788787804,0.2216077007087096,0.8832220097832295
21,beta,54,none,0.3,1.0,pca,none,,26,0.3297430967847619,0.4770040106255533,0.2453567428539995,0.8802926180447794
45,beta,54,none,0.3,1.0,pca,none,,29,0.3428874899285649,0.5678139534883722,0.2638926535401987,0.8918238660449342
32,beta,54,none,0.3,1.0,pca,none,,28,0.3140760850577759,0.6233252623083131,0.2101069364158701,0.929991418764302
30,beta,54,none,0.3,1.0,pca,none,,29,0.3317583084237486,0.5529357374017568,0.2266730006176794,0.912213338943825
10,beta,54,none,0.3,1.0,pca,none,,30,0.3384458467400009,0.5270792168133644,0.2716044565192285,0.894996824500741
24,beta,54,none,0.3,1.0,pca,none,,29,0.3384531553421722,0.6042369477911647,0.2045755950408853,0.9249289772727272
38,beta,54,none,0.3,1.0,pca,none,,28,0.3288795786574766,0.6471204920324294,0.2402075465658977,0.9370861829377946
46,beta,54,none,0.3,1.0,pca,none,,30,0.3103699450033201,0.6173402868318122,0.2090175370617049,0.9411599386816556
28,beta,54,none,0.3,1.0,pca,none,,29,0.3383971260306951,0.5514018691588785,0.2231473776470922,0.9085729085729084
37,beta,54,none,0.3,1.0,pca,none,,28,0.3048580254908138,0.588796977124183,0.2069748945728037,0.9360465116279072
48,beta,54,none,0.3,1.0,pca,none,,29,0.3285841000709485,0.6652742968532441,0.2414802869822819,0.8850426246447947
13,beta,54,none,0.3,1.0,pca,none,,27,0.3427708834908912,0.7186423505572441,0.225174061350657,0.9088513366659422
12,beta,54,none,0.3,1.0,pca,none,,28,0.3273876625050436,0.5322245322245321,0.2515467538111213,0.8752653927813163
40,beta,54,none,0.3,1.0,pca,none,,28,0.3427681555707827,0.5841485507246377,0.2263978244564286,0.921708282166735
26,beta,54,none,0.3,1.0,pca,none,,30,0.3578721425684869,0.5157985059559862,0.2502373224585641,0.866883500887049
18,beta,54,none,0.3,1.0,pca,none,,29,0.3241712926119418,0.5741045923972754,0.2337571982050583,0.9097331240188382
22,beta,54,none,0.3,1.0,pca,none,,30,0.3170969453280158,0.649895178197065,0.2288476862544787,0.8946748065764023
17,beta,54,none,0.3,1.0,pca,none,,28,0.3109228509298822,0.7104916067146283,0.2330980402798019,0.8937578027465667
49,beta,54,none,0.3,1.0,pca,none,,28,0.3335011203995833,0.5702607158638975,0.2492956356805584,0.922255029526574
25,beta,54,none,0.3,1.0,pca,none,,27,0.335834088044624,0.3986170212765957,0.1826104657573148,0.9413692480359146
9,beta,54,none,0.3,1.0,pca,none,,29,0.3200013696559264,0.6239072365225837,0.2137730883515419,0.9180095818815333
36,beta,54,none,0.3,1.0,pca,none,,30,0.3315112136667424,0.5805968018275272,0.2747499304294932,0.8730706075533662
30,beta,54,none,0.3,1.0,pca,none,,30,0.3383043325359037,0.4149586479683567,0.2384747985474679,0.9156059330948874
38,beta,54,none,0.3,1.0,pca,none,,29,0.3388014957834359,0.6757058987978752,0.2752977309232899,0.9434075365793848
41,beta,54,none,0.3,1.0,pca,none,,27,0.3316701833180713,0.5043233082706766,0.2083725932004591,0.9224753983130272
29,beta,54,none,0.3,1.0,pca,none,,28,0.3322312930497496,0.5799856725629581,0.2409229412578518,0.9363488937796826
44,beta,54,none,0.3,1.0,pca,none,,28,0.3285414686708371,0.5696049504139005,0.2734591884186017,0.8897772701313534
32,beta,54,none,0.3,1.0,pca,none,,29,0.3144702314379655,0.6156039817056767,0.2169500531510391,0.9180491990846682
24,beta,54,none,0.3,1.0,pca,none,,30,0.3389729821127423,0.5746184738955823,0.2042931291955248,0.9202651515151516
33,beta,54,none,0.3,1.0,pca,none,,27,0.3040173080044063,0.6916244866774901,0.215032269390469,0.925356645372016
18,beta,54,none,0.3,1.0,pca,none,,30,0.3247586087443291,0.5728960667985058,0.2372079659981839,0.9066224780510496
5,beta,54,none,0.3,1.0,pca,none,,27,0.3388081479928643,0.5217276936026936,0.2101925393151836,0.9016592472683124
28,beta,54,none,0.3,1.0,pca,none,,30,0.3385171649087004,0.5633187772925764,0.2158294779354632,0.908054908054908
48,beta,54,none,0.3,1.0,pca,none,,30,0.3278971630368965,0.6920426065162908,0.2428138309550291,0.8863665719452337
38,beta,54,none,0.3,1.0,pca,none,,30,0.3383404047916814,0.7277746715124407,0.2768477854259654,0.9482847878804392
40,beta,54,none,0.3,1.0,pca,none,,29,0.3343730360490397,0.4854393115942028,0.2133858982922146,0.9196616182289536
12,beta,54,none,0.3,1.0,pca,none,,29,0.3357104709772296,0.5017325017325018,0.2529853406087464,0.8777534501061571
21,beta,54,none,0.3,1.0,pca,none,,27,0.3263783971755066,0.5571383926246158,0.2383527335833013,0.8778541343382842
45,beta,54,none,0.3,1.0,pca,none,,30,0.3321459291666915,0.5648604651162791,0.2507502058309773,0.8902342094107673
44,beta,54,none,0.3,1.0,pca,none,,29,0.3068183213973771,0.5953200557331366,0.2215740859791539,0.8900504059791919
32,beta,54,none,0.3,1.0,pca,none,,30,0.3170876759324898,0.6126446058649447,0.2084825229918455,0.9298483981693364
37,beta,54,none,0.3,1.0,pca,none,,29,0.3055416142228547,0.5938010620915033,0.2058017226530078,0.9414750096363872
13,beta,54,none,0.3,1.0,pca,none,,28,0.3349691784793061,0.7439716312056737,0.2232385683475534,0.9093131927841772
49,beta,54,none,0.3,1.0,pca,none,,29,0.3102341763013762,0.6571475916924436,0.2126047332104453,0.9221048944049643
40,beta,54,none,0.3,1.0,pca,none,,30,0.3341934152232673,0.5059782608695652,0.2165820543810515,0.9163869559285032
12,beta,54,none,0.3,1.0,pca,none,,30,0.3297014174755438,0.5028297528297527,0.2525738012933137,0.8743033439490446
17,beta,54,none,0.3,1.0,pca,none,,29,0.3118697128344641,0.7197242206235012,0.2322627332156427,0.9109862671660424
25,beta,54,none,0.3,1.0,pca,none,,28,0.3630259652598247,0.4646808510638298,0.276175739309855,0.9332884399551066
9,beta,54,none,0.3,1.0,pca,none,,30,0.3213364354604811,0.6294924720738222,0.2136966774613476,0.9238530778164924
41,beta,54,none,0.3,1.0,pca,none,,28,0.3311030934821519,0.4917710944026733,0.214893161986983,0.9207474226804124
44,beta,54,none,0.3,1.0,pca,none,,30,0.3266666451623644,0.5557741168756658,0.2633383159880305,0.8916023142055471
29,beta,54,none,0.3,1.0,pca,none,,29,0.3138756632773175,0.6162451093844713,0.2167959642820732,0.9389551720143636
33,beta,54,none,0.3,1.0,pca,none,,28,0.3041401984944012,0.6817400439308566,0.214493170718425,0.9249723809981268
5,beta,54,none,0.3,1.0,pca,none,,28,0.3376076124961553,0.5056818181818181,0.2154283632460812,0.894201306584957
21,beta,54,none,0.3,1.0,pca,none,,28,0.3135745171777475,0.5576852961091723,0.2241487257468546,0.8880514298381734
37,beta,54,none,0.3,1.0,pca,none,,30,0.3057365818954876,0.5791462418300654,0.205327173417048,0.9440768341256583
13,beta,54,none,0.3,1.0,pca,none,,29,0.3406433148666124,0.724822695035461,0.2220281223691587,0.9144751141056292
49,beta,54,none,0.3,1.0,pca,none,,30,0.3100855778043349,0.6748232434821034,0.2123361067698077,0.9208787909118208
17,beta,54,none,0.3,1.0,pca,none,,30,0.3139918361706557,0.7154676258992806,0.2383834275844791,0.897752808988764
25,beta,54,none,0.3,1.0,pca,none,,29,0.3427562002863547,0.551595744680851,0.1981470979286482,0.9291133557800224
41,beta,54,none,0.3,1.0,pca,none,,29,0.3314510549521018,0.5109857978279031,0.208243160800094,0.9217139175257733
29,beta,54,none,0.3,1.0,pca,none,,30,0.3145096295691325,0.6316746569680939,0.2176777325727129,0.934350747133094
33,beta,54,none,0.3,1.0,pca,none,,29,0.3038503443429918,0.7164788463375036,0.2158818653414329,0.9233872904558336
5,beta,54,none,0.3,1.0,pca,none,,29,0.3379392533783308,0.5328808922558922,0.2092930661916092,0.91090940625542
21,beta,54,none,0.3,1.0,pca,none,,29,0.3132496901142996,0.5820094796603991,0.2284107701283197,0.8828696519618711
13,beta,54,none,0.3,1.0,pca,none,,30,0.3422708113816604,0.7266970618034448,0.2253741058299077,0.9065692240817214
41,beta,54,none,0.3,1.0,pca,none,,30,0.3330233953415385,0.4839181286549708,0.2124464142778908,0.916412839737582
25,beta,54,none,0.3,1.0,pca,none,,30,0.3497957340289518,0.475531914893617,0.218672883541484,0.9384960718294052
33,beta,54,none,0.3,1.0,pca,none,,30,0.3176391622673003,0.6813580364817114,0.2266039974750592,0.9161343003986744
5,beta,54,none,0.3,1.0,pca,none,,30,0.3392160142834808,0.5285143097643098,0.2130354904613408,0.8978724634329652
21,beta,54,none,0.3,1.0,pca,none,,30,0.313223157048442,0.5418771811031824,0.22625721719727457,0.8761361117268898
