seed,model_type,n_samples,pre_revision,j_percentage,train_retention,baseline_embedding_type,pre_population_match,pre_population_match_version,mirt_dim,rmse_mirt,auc_mirt,val_rmse_mirt,val_auc_mirt
1,bernoulli,54,none,0.3,1.0,raw,none,,2,0.4130217229473575,0.5962493790362644,0.3023451363977785,0.9203653123933084
2,bernoulli,54,none,0.3,1.0,raw,none,,2,0.4310755245425232,0.5664486434108528,0.2584525601658923,0.9472092115534738
1,bernoulli,54,none,0.3,1.0,raw,none,,3,0.4162775567243646,0.6110593641331346,0.291689776742541,0.9230112666439056
2,bernoulli,54,none,0.3,1.0,raw,none,,3,0.4307578367526652,0.5460755813953488,0.2634607388076234,0.949648711943794
3,bernoulli,54,none,0.3,1.0,raw,none,,2,0.4465416959076948,0.5517260517260517,0.3274098959943067,0.8900343642611683
1,bernoulli,54,none,0.3,1.0,raw,none,,4,0.4148196190031625,0.6077372081470442,0.2925921244512462,0.9335950836462956
7,bernoulli,54,none,0.3,1.0,raw,none,,2,0.4121165342748618,0.5470537173202614,0.3069102565766819,0.917845117845118
2,bernoulli,54,none,0.3,1.0,raw,none,,4,0.4313174457606445,0.5481104651162791,0.2612120434689287,0.9487379651314076
5,bernoulli,54,none,0.3,1.0,raw,none,,2,0.4317120454138508,0.5787037037037037,0.3039220340032712,0.9120656761288084
3,bernoulli,54,none,0.3,1.0,raw,none,,3,0.4420190793705147,0.5585525585525586,0.3265425694238053,0.903681885125184
0,bernoulli,54,none,0.3,1.0,raw,none,,2,0.4506615398793006,0.5792787524366472,0.3163100791111902,0.8890977443609024
1,bernoulli,54,none,0.3,1.0,raw,none,,5,0.4186520205639534,0.6001614505712866,0.2892904671441718,0.9293274155001708
2,bernoulli,54,none,0.3,1.0,raw,none,,5,0.4321216992138236,0.5808624031007752,0.2598146808166596,0.9474043715846994
7,bernoulli,54,none,0.3,1.0,raw,none,,3,0.4123799127561881,0.5686019199346404,0.3080271093773877,0.9112554112554112
5,bernoulli,54,none,0.3,1.0,raw,none,,3,0.4317598135185758,0.59190867003367,0.3019636988793249,0.9073827831415852
3,bernoulli,54,none,0.3,1.0,raw,none,,4,0.4452044539966119,0.5749250749250748,0.3360868277340098,0.8928816887579775
0,bernoulli,54,none,0.3,1.0,raw,none,,3,0.4458098227846894,0.5480896686159844,0.3373401214595286,0.8720551378446114
1,bernoulli,54,none,0.3,1.0,raw,none,,6,0.4201357274772864,0.5930203676105315,0.2963290339083099,0.9199100944577216
2,bernoulli,54,none,0.3,1.0,raw,none,,6,0.4347077056060961,0.5469234496124031,0.263946277390258,0.9477296383034088
7,bernoulli,54,none,0.3,1.0,raw,none,,4,0.4168832176462313,0.5570363562091504,0.3064830034756706,0.898965848965849
5,bernoulli,54,none,0.3,1.0,raw,none,,4,0.435394482830814,0.5903829966329966,0.3138245881849723,0.9048678961669654
10,bernoulli,54,none,0.3,1.0,raw,none,,2,0.4256215802305976,0.6039832944135082,0.3440683906078636,0.8851410156893186
3,bernoulli,54,none,0.3,1.0,raw,none,,5,0.4454348379371113,0.5808913308913308,0.3253508645410983,0.9009327442317132
0,bernoulli,54,none,0.3,1.0,raw,none,,4,0.4447613869603675,0.5696296296296296,0.3138458952123461,0.8827067669172932
2,bernoulli,54,none,0.3,1.0,raw,none,,7,0.4348332499018704,0.6340600775193798,0.2652738578297612,0.9492258652094716
1,bernoulli,54,none,0.3,1.0,raw,none,,7,0.420721384146329,0.602676353700944,0.292465668114338,0.925458063047684
7,bernoulli,54,none,0.3,1.0,raw,none,,5,0.4170924832156262,0.5806781045751634,0.305327489147224,0.9072631072631072
4,bernoulli,54,none,0.3,1.0,raw,none,,2,0.4495026230539287,0.561010022380072,0.2944524199127394,0.927164907501986
5,bernoulli,54,none,0.3,1.0,raw,none,,5,0.4294502817260709,0.5692603114478114,0.306027132801059,0.9008787651037752
10,bernoulli,54,none,0.3,1.0,raw,none,,3,0.4348195764838444,0.5307616310400575,0.3618781362736967,0.8876814150965586
3,bernoulli,54,none,0.3,1.0,raw,none,,6,0.4443847126442546,0.5402097902097902,0.3214912589948001,0.8961872034036982
2,bernoulli,54,none,0.3,1.0,raw,none,,8,0.4374990122647715,0.565406976744186,0.2651017027155221,0.9484126984126984
0,bernoulli,54,none,0.3,1.0,raw,none,,5,0.4451097227494184,0.5642300194931774,0.3151131331794282,0.8815288220551377
1,bernoulli,54,none,0.3,1.0,raw,none,,8,0.4224026876599788,0.6066815697963239,0.2953965995767516,0.9246614316604074
7,bernoulli,54,none,0.3,1.0,raw,none,,6,0.4195868641737286,0.5363051470588235,0.3056012780787233,0.9025974025974026
4,bernoulli,54,none,0.3,1.0,raw,none,,3,0.4454577359724881,0.5729541695047193,0.2922145162933924,0.926427193281126
10,bernoulli,54,none,0.3,1.0,raw,none,,4,0.4314029436216171,0.576095742769894,0.3268015602500047,0.8907863477054078
5,bernoulli,54,none,0.3,1.0,raw,none,,6,0.4302862503976898,0.6180292508417508,0.3127114891619008,0.8996935884835521
3,bernoulli,54,none,0.3,1.0,raw,none,,7,0.4465387259549027,0.5777000777000777,0.3269631045879624,0.9026018654884634
12,bernoulli,54,none,0.3,1.0,raw,none,,2,0.4539436475938098,0.5312427812427811,0.3408843256343035,0.881767515923567
2,bernoulli,54,none,0.3,1.0,raw,none,,9,0.4405010360138365,0.5309835271317829,0.2684928961671872,0.947567004944054
7,bernoulli,54,none,0.3,1.0,raw,none,,7,0.4207235446462066,0.5616830065359477,0.3062502690722782,0.9135161135161134
0,bernoulli,54,none,0.3,1.0,raw,none,,6,0.4454095132459713,0.5439376218323586,0.315713323849897,0.8851378446115289
1,bernoulli,54,none,0.3,1.0,raw,none,,9,0.4234030741249335,0.6182314952806756,0.2895756625570592,0.9277910549675658
10,bernoulli,54,none,0.3,1.0,raw,none,,5,0.4261580558515368,0.5808559367702533,0.3160798426051594,0.9083574436054852
4,bernoulli,54,none,0.3,1.0,raw,none,,4,0.4478838283862195,0.5486036781161818,0.2954409622649637,0.931733060946544
5,bernoulli,54,none,0.3,1.0,raw,none,,7,0.4282698741182781,0.5771780303030303,0.3085544416284408,0.897988090420304
3,bernoulli,54,none,0.3,1.0,raw,none,,8,0.4449215729053466,0.5638250638250639,0.3211713766670861,0.8950417280314187
12,bernoulli,54,none,0.3,1.0,raw,none,,3,0.4506702359122138,0.5045045045045045,0.3348216887881766,0.8903596072186837
2,bernoulli,54,none,0.3,1.0,raw,none,,10,0.4373149991576708,0.5466085271317829,0.2573790084736073,0.9505269320843092
7,bernoulli,54,none,0.3,1.0,raw,none,,8,0.4213740765740555,0.5878267973856208,0.3066919976225904,0.9001683501683502
1,bernoulli,54,none,0.3,1.0,raw,none,,10,0.4252205577920408,0.6036388474913065,0.2939046914050701,0.9263969500398316
0,bernoulli,54,none,0.3,1.0,raw,none,,7,0.4462360542586607,0.5418713450292397,0.3175501103731197,0.886140350877193
10,bernoulli,54,none,0.3,1.0,raw,none,,6,0.4355273049923045,0.5492410634093768,0.3228654077310873,0.9108037541457908
9,bernoulli,54,none,0.3,1.0,raw,none,,2,0.421331638524539,0.6257588635259835,0.2962933036485567,0.9163763066202092
4,bernoulli,54,none,0.3,1.0,raw,none,,5,0.4459436361135301,0.5773328792449158,0.2902152685394248,0.9274486437407784
5,bernoulli,54,none,0.3,1.0,raw,none,,8,0.4306265193984379,0.6090593434343434,0.3121610949540621,0.9029889576227093
3,bernoulli,54,none,0.3,1.0,raw,none,,9,0.4466989417152601,0.5501720501720502,0.3251569112379618,0.8975290459826543
12,bernoulli,54,none,0.3,1.0,raw,none,,4,0.4498822164038878,0.5311272811272811,0.3202513194388279,0.8820826698513801
2,bernoulli,54,none,0.3,1.0,raw,none,,11,0.4386404364199592,0.5359011627906978,0.2576196122362671,0.9511774655217278
7,bernoulli,54,none,0.3,1.0,raw,none,,9,0.4233672101284307,0.5395220588235294,0.3066592727142078,0.9143097643097644
1,bernoulli,54,none,0.3,1.0,raw,none,,11,0.4256092914197632,0.6000993541977149,0.2951452028621394,0.9200523500625925
0,bernoulli,54,none,0.3,1.0,raw,none,,8,0.4472847813664283,0.5762768031189084,0.3126930594139726,0.8791729323308272
10,bernoulli,54,none,0.3,1.0,raw,none,,7,0.4325424543117011,0.5465690677204957,0.3253521240464025,0.9040293557264836
9,bernoulli,54,none,0.3,1.0,raw,none,,3,0.4235591122583389,0.6050267119961147,0.2929885984690774,0.9223649825783972
3,bernoulli,54,none,0.3,1.0,raw,none,,10,0.4459831975981422,0.5546675546675547,0.3234279939848617,0.894354442808051
4,bernoulli,54,none,0.3,1.0,raw,none,,6,0.4464963268906409,0.5831954850637345,0.2914127737751945,0.9139427987742594
5,bernoulli,54,none,0.3,1.0,raw,none,,9,0.4287649307487241,0.5616582491582491,0.3165347815463575,0.8798057466612708
22,bernoulli,54,none,0.3,1.0,raw,none,,2,0.3973769490499297,0.6412648497554158,0.3175525270212527,0.8843991779497099
12,bernoulli,54,none,0.3,1.0,raw,none,,5,0.4492225149245678,0.5002310002310002,0.3262931689571759,0.875431263269639
2,bernoulli,54,none,0.3,1.0,raw,none,,12,0.4399268923788183,0.552422480620155,0.2672865594751098,0.9447697111631538
7,bernoulli,54,none,0.3,1.0,raw,none,,10,0.4240507077550227,0.5670955882352942,0.3090364323105413,0.900962000962001
1,bernoulli,54,none,0.3,1.0,raw,none,,12,0.4260656824159562,0.5951316443119722,0.2948368910055865,0.9221292818937068
0,bernoulli,54,none,0.3,1.0,raw,none,,9,0.4492520195624248,0.5743664717348929,0.3125913963179684,0.8744110275689223
10,bernoulli,54,none,0.3,1.0,raw,none,,8,0.4264068731832511,0.5893659062331597,0.3166277192763685,0.8823653941147414
3,bernoulli,54,none,0.3,1.0,raw,none,,11,0.4467488764464302,0.5625485625485626,0.3269444982924228,0.8888888888888888
9,bernoulli,54,none,0.3,1.0,raw,none,,4,0.4246132430222404,0.6330135988343857,0.2938657633969911,0.9153237514518004
4,bernoulli,54,none,0.3,1.0,raw,none,,7,0.447122359339739,0.5827576140897149,0.289064574878566,0.926200204290092
5,bernoulli,54,none,0.3,1.0,raw,none,,10,0.4352193550362582,0.5887521043771045,0.3182651052561094,0.8979013701798
22,bernoulli,54,none,0.3,1.0,raw,none,,3,0.4091382244652279,0.6200908455625437,0.3364996531401117,0.8883280947775629
16,bernoulli,54,none,0.3,1.0,raw,none,,2,0.4486669219373163,0.5366391824410638,0.3014522845213478,0.9004528191644756
12,bernoulli,54,none,0.3,1.0,raw,none,,6,0.4499091109571503,0.518018018018018,0.3236374757438816,0.8762606157112527
2,bernoulli,54,none,0.3,1.0,raw,none,,13,0.4390002990593467,0.5511870155038759,0.2571177368983468,0.952511059068436
7,bernoulli,54,none,0.3,1.0,raw,none,,11,0.4262802629550983,0.5287990196078431,0.3052559587059506,0.8981240981240981
10,bernoulli,54,none,0.3,1.0,raw,none,,9,0.4427526582705944,0.5775552362134004,0.3465288505694734,0.9120386705243102
1,bernoulli,54,none,0.3,1.0,raw,none,,13,0.4267600297324678,0.6038251366120219,0.2886874497977867,0.9302947536132924
0,bernoulli,54,none,0.3,1.0,raw,none,,10,0.4514199272716626,0.5764522417153995,0.3229355755263761,0.8866917293233083
3,bernoulli,54,none,0.3,1.0,raw,none,,12,0.4469550441199983,0.5618270618270618,0.3170332406678551,0.9015218458517428
4,bernoulli,54,none,0.3,1.0,raw,none,,8,0.4480730290249992,0.5600369757711395,0.2927667557231923,0.9282714788332768
9,bernoulli,54,none,0.3,1.0,raw,none,,5,0.4257977858665903,0.62178241864983,0.2908872794988413,0.9123112659698026
5,bernoulli,54,none,0.3,1.0,raw,none,,11,0.4349123348219653,0.6081386784511784,0.3105187913204098,0.894692721281147
22,bernoulli,54,none,0.3,1.0,raw,none,,4,0.4024807224632933,0.6384346610761704,0.3150365404854637,0.8895974371373307
16,bernoulli,54,none,0.3,1.0,raw,none,,3,0.4453912966431574,0.5427650679363604,0.3074790523341107,0.891505988898627
2,bernoulli,54,none,0.3,1.0,raw,none,,14,0.4403216278072229,0.6631782945736434,0.2652611343975283,0.9462984647410876
11,bernoulli,54,none,0.3,1.0,raw,none,,2,0.3938492649839099,0.658628841607565,0.3035207441136371,0.9186542056074768
12,bernoulli,54,none,0.3,1.0,raw,none,,7,0.4503197156763492,0.4918861168861169,0.319513114283956,0.8862460191082803
7,bernoulli,54,none,0.3,1.0,raw,none,,12,0.4261130693600113,0.5439133986928104,0.3071214465765199,0.9008417508417508
10,bernoulli,54,none,0.3,1.0,raw,none,,10,0.4296267206381204,0.5467711514280583,0.3187071299240733,0.8879401594806294
1,bernoulli,54,none,0.3,1.0,raw,none,,14,0.4275302661253992,0.5943864878291107,0.2957718959443627,0.9285023329919198
0,bernoulli,54,none,0.3,1.0,raw,none,,11,0.4491873356988833,0.5559844054580897,0.3144334940972678,0.886140350877193
3,bernoulli,54,none,0.3,1.0,raw,none,,13,0.4480265013262244,0.5682650682650683,0.3244724200523461,0.8945508100147275
4,bernoulli,54,none,0.3,1.0,raw,none,,9,0.4460016238991293,0.6183224676462002,0.2897205466234387,0.932073544433095
30,bernoulli,54,none,0.3,1.0,raw,none,,2,0.404256993782349,0.5806749884419787,0.2908159633539283,0.9096886177151272
46,bernoulli,54,none,0.3,1.0,raw,none,,2,0.4194908769102019,0.5981747066492829,0.2847627903884861,0.9388349514563108
9,bernoulli,54,none,0.3,1.0,raw,none,,6,0.4281680551862544,0.6270337542496358,0.2898771945340617,0.9197517421602788
5,bernoulli,54,none,0.3,1.0,raw,none,,12,0.4320123375172877,0.5969328703703703,0.3111261926247286,0.8903567092559403
22,bernoulli,54,none,0.3,1.0,raw,none,,5,0.4036482431483372,0.6456673654786862,0.3123485675113927,0.8917432301740812
31,bernoulli,54,none,0.3,1.0,raw,none,,2,0.4351557185445447,0.5911865234375,0.3111704078656969,0.9030276940737552
14,bernoulli,54,none,0.3,1.0,raw,none,,2,0.4313964671041574,0.5448606271777003,0.3001845125180357,0.926695896349574
2,bernoulli,54,none,0.3,1.0,raw,none,,15,0.4396937072033793,0.5673449612403101,0.2634848037007727,0.9492583918813428
16,bernoulli,54,none,0.3,1.0,raw,none,,4,0.4473673775549284,0.5321681570084775,0.3094175906679093,0.8907391177329828
11,bernoulli,54,none,0.3,1.0,raw,none,,3,0.3935304165684936,0.6562310030395138,0.2954742236061589,0.92795015576324
47,bernoulli,54,none,0.3,1.0,raw,none,,2,0.4364438592457576,0.5580588692946058,0.325183776559212,0.8984593837535014
26,bernoulli,54,none,0.3,1.0,raw,none,,2,0.4352588470979662,0.544442761962447,0.3301767845104718,0.8856002365464223
36,bernoulli,54,none,0.3,1.0,raw,none,,2,0.431231326237943,0.6330311250713878,0.3475306530509893,0.8608374384236454
27,bernoulli,54,none,0.3,1.0,raw,none,,2,0.4440258411252809,0.6014880156820814,0.3157001906241831,0.9143615005683972
15,bernoulli,54,none,0.3,1.0,raw,none,,2,0.4165653125356062,0.5724529243047762,0.2347104453617621,0.9611177644710578
12,bernoulli,54,none,0.3,1.0,raw,none,,8,0.4516699712563198,0.4974589974589974,0.3213595281160915,0.8759620488322718
7,bernoulli,54,none,0.3,1.0,raw,none,,13,0.4277535177328091,0.5272671568627451,0.3060262806848379,0.8974266474266475
32,bernoulli,54,none,0.3,1.0,raw,none,,2,0.4044896831646751,0.6301856335754642,0.3184796439632005,0.9002431350114416
10,bernoulli,54,none,0.3,1.0,raw,none,,11,0.4307697711365776,0.5814172804023711,0.3216858706317235,0.9096276433091054
33,bernoulli,54,none,0.3,1.0,raw,none,,2,0.4185425393908933,0.639504345334734,0.2863542136345736,0.9342667755415726
48,bernoulli,54,none,0.3,1.0,raw,none,,2,0.4141067265337095,0.6254177109440267,0.3492145546612073,0.8570459829501421
1,bernoulli,54,none,0.3,1.0,raw,none,,15,0.4279434181005844,0.5999751614505713,0.2915877536332515,0.9321440764766132
0,bernoulli,54,none,0.3,1.0,raw,none,,12,0.4481910227577416,0.5652241715399611,0.3163243058139676,0.877593984962406
28,bernoulli,54,none,0.3,1.0,raw,none,,2,0.4632737710744705,0.5788882993919112,0.3066923498761785,0.9046591268813492
3,bernoulli,54,none,0.3,1.0,raw,none,,14,0.4482004815273515,0.5622710622710623,0.3251130283487968,0.8891507118311242
19,bernoulli,54,none,0.3,1.0,raw,none,,2,0.4070095334693876,0.6307463189839272,0.285184310159561,0.9254273400803836
21,bernoulli,54,none,0.3,1.0,raw,none,,2,0.4299448803017152,0.5702380332308974,0.3433661051189335,0.8789071159388162
35,bernoulli,54,none,0.3,1.0,raw,none,,2,0.4474500251015513,0.584173055859803,0.2946333958502152,0.9127351557907112
13,bernoulli,54,none,0.3,1.0,raw,none,,2,0.3697176465200272,0.7352077001013171,0.3106578892387424,0.9061345359704412
43,bernoulli,54,none,0.3,1.0,raw,none,,2,0.3944360599313221,0.5380218257405162,0.2367898591882847,0.9590425531914892
24,bernoulli,54,none,0.3,1.0,raw,none,,2,0.4513051880562584,0.6325301204819277,0.3418626013639773,0.9140625
44,bernoulli,54,none,0.3,1.0,raw,none,,2,0.4217231795200957,0.6039668879600033,0.3036116410116341,0.8892558289672982
34,bernoulli,54,none,0.3,1.0,raw,none,,2,0.3998402977064313,0.6062566105280286,0.3174892188479515,0.9101885127041168
46,bernoulli,54,none,0.3,1.0,raw,none,,3,0.4242714352146484,0.5624076488483267,0.2869069040754495,0.9373275421563616
45,bernoulli,54,none,0.3,1.0,raw,none,,2,0.4449589480259413,0.5753720930232559,0.333455475641739,0.8969372615515049
30,bernoulli,54,none,0.3,1.0,raw,none,,3,0.4050211109440169,0.5837314429547439,0.2869034242572912,0.9148695560698508
4,bernoulli,54,none,0.3,1.0,raw,none,,10,0.4479621062037221,0.5871363238299114,0.2898065167801369,0.9120417659743504
9,bernoulli,54,none,0.3,1.0,raw,none,,7,0.429316620724059,0.6012323943661972,0.2901679500794845,0.9216753774680604
22,bernoulli,54,none,0.3,1.0,raw,none,,6,0.4126909680911892,0.6169461914744935,0.3201346252421362,0.8804702611218569
18,bernoulli,54,none,0.3,1.0,raw,none,,2,0.4315263415636262,0.5730059327620304,0.3088213527910612,0.913396127681842
5,bernoulli,54,none,0.3,1.0,raw,none,,13,0.4407293311166633,0.593934132996633,0.3321956227656075,0.8885355842053535
41,bernoulli,54,none,0.3,1.0,raw,none,,2,0.4746027973488466,0.5116750208855472,0.3077131212598507,0.927161433926898
14,bernoulli,54,none,0.3,1.0,raw,none,,3,0.4285087195425093,0.5480469466348797,0.2979547915817415,0.9259076801812895
47,bernoulli,54,none,0.3,1.0,raw,none,,3,0.4374593307120892,0.5648340248962656,0.3271505782783268,0.9027565571683218
39,bernoulli,54,none,0.3,1.0,raw,none,,2,0.3855687004799072,0.6696735395189004,0.3223206675369161,0.882222804413006
31,bernoulli,54,none,0.3,1.0,raw,none,,3,0.4389528605996993,0.5852539062500001,0.3057695395713099,0.9048357009614004
2,bernoulli,54,none,0.3,1.0,raw,none,,16,0.4398767252294991,0.5642926356589147,0.2541814633007402,0.9559588862867552
11,bernoulli,54,none,0.3,1.0,raw,none,,4,0.3891215574490285,0.6451874366767983,0.2959515741056989,0.9270778816199378
23,bernoulli,54,none,0.3,1.0,raw,none,,2,0.4316348079790001,0.5856985563983362,0.2916681028512382,0.9123670212765956
27,bernoulli,54,none,0.3,1.0,raw,none,,3,0.4416775502657308,0.5991936202441415,0.3073368308719235,0.9172508525956802
38,bernoulli,54,none,0.3,1.0,raw,none,,2,0.3951378493061629,0.6867486720715683,0.3168452243622013,0.9402468597585896
7,bernoulli,54,none,0.3,1.0,raw,none,,14,0.426876776064617,0.5712571486928103,0.3087089178807738,0.9035353535353536
26,bernoulli,54,none,0.3,1.0,raw,none,,3,0.4317329791247582,0.5764435695538058,0.3261194472521928,0.8794795978710822
15,bernoulli,54,none,0.3,1.0,raw,none,,3,0.4253532463304547,0.5488215488215488,0.2178696218976925,0.9672654690618764
16,bernoulli,54,none,0.3,1.0,raw,none,,5,0.4518484516971642,0.5295552200673557,0.3007157241984609,0.9101665205959684
36,bernoulli,54,none,0.3,1.0,raw,none,,3,0.4370614987796513,0.6151484865790977,0.3443085510822386,0.8676518883415436
12,bernoulli,54,none,0.3,1.0,raw,none,,9,0.4545176087053923,0.5157657657657657,0.3253457234188764,0.8975583864118896
6,bernoulli,54,none,0.3,1.0,raw,none,,2,0.4405655915542432,0.5857728337236534,0.2874803417160694,0.9309539043591954
10,bernoulli,54,none,0.3,1.0,raw,none,,12,0.4387452931165223,0.570684390156278,0.3264551132171547,0.8833768494342906
20,bernoulli,54,none,0.3,1.0,raw,none,,2,0.4560123072665756,0.5696382916299929,0.2780122624907168,0.941739295187571
32,bernoulli,54,none,0.3,1.0,raw,none,,3,0.416991454934542,0.6321495829970406,0.3227862112524706,0.8958810068649886
17,bernoulli,54,none,0.3,1.0,raw,none,,2,0.3901208294245557,0.6937649880095923,0.3120854369760228,0.9045568039950064
8,bernoulli,54,none,0.3,1.0,raw,none,,2,0.4308068866870416,0.5624521072796934,0.3229926606966882,0.8919400684106567
33,bernoulli,54,none,0.3,1.0,raw,none,,3,0.4184999566334527,0.6402206093018814,0.2843317889825292,0.9351313703828236
42,bernoulli,54,none,0.3,1.0,raw,none,,2,0.4349909429045757,0.5840863773280726,0.3014725382928568,0.9203296703296704
48,bernoulli,54,none,0.3,1.0,raw,none,,3,0.422145421283953,0.6268796992481203,0.350340595309759,0.8619542753810385
40,bernoulli,54,none,0.3,1.0,raw,none,,2,0.4546241296608297,0.5055480072463768,0.3026706382352427,0.9173420657661344
1,bernoulli,54,none,0.3,1.0,raw,none,,16,0.4291504017361899,0.5846063089915549,0.2931531580066673,0.9273927392739274
49,bernoulli,54,none,0.3,1.0,raw,none,,2,0.3999388774723511,0.6195315952275741,0.2822126761323425,0.931488339505555
3,bernoulli,54,none,0.3,1.0,raw,none,,15,0.4498194285870595,0.5263070263070265,0.3237467627934215,0.8970054000981836
0,bernoulli,54,none,0.3,1.0,raw,none,,13,0.4493496745511094,0.5721832358674465,0.3174047022386773,0.8881954887218045
19,bernoulli,54,none,0.3,1.0,raw,none,,3,0.4106956023800266,0.590339440260762,0.2950521017390506,0.9185995835552756
28,bernoulli,54,none,0.3,1.0,raw,none,,3,0.4685530407690995,0.5691547973717503,0.2985119362318425,0.9177242510575844
29,bernoulli,54,none,0.3,1.0,raw,none,,2,0.4122830427262818,0.6226097977627156,0.2811615990416841,0.9358855554268504
35,bernoulli,54,none,0.3,1.0,raw,none,,3,0.4495856072501209,0.4968236582694414,0.293257647170728,0.91956937095826
25,bernoulli,54,none,0.3,1.0,raw,none,,2,0.3981413956444526,0.4893617021276595,0.2604880362305951,0.945364758698092
43,bernoulli,54,none,0.3,1.0,raw,none,,3,0.3995452516181257,0.5770829724579941,0.2405400850899411,0.9594604863221884
21,bernoulli,54,none,0.3,1.0,raw,none,,3,0.4328800031718192,0.5431532892338142,0.3447268758885847,0.8843659942363112
13,bernoulli,54,none,0.3,1.0,raw,none,,3,0.3779080012602729,0.713627152988855,0.3045930716101083,0.9096120408606824
34,bernoulli,54,none,0.3,1.0,raw,none,,3,0.415246135441058,0.6146774062322025,0.3114819992391985,0.919929386545615
24,bernoulli,54,none,0.3,1.0,raw,none,,3,0.4532104773303976,0.6281526104417671,0.3392439844347296,0.9102746212121212
46,bernoulli,54,none,0.3,1.0,raw,none,,4,0.426488463994857,0.5607561929595828,0.2832666917690651,0.9326520183955032
30,bernoulli,54,none,0.3,1.0,raw,none,,4,0.4045563938346586,0.582267426927621,0.2953466804342061,0.9112665684830632
45,bernoulli,54,none,0.3,1.0,raw,none,,3,0.4479606758350694,0.591906976744186,0.3396977187605063,0.8930426027977957
44,bernoulli,54,none,0.3,1.0,raw,none,,3,0.4238744262155954,0.6110974510286041,0.2997051657838958,0.9155513619546594
18,bernoulli,54,none,0.3,1.0,raw,none,,3,0.4290617113877152,0.597753241045924,0.3045058320165039,0.9230187801616374
4,bernoulli,54,none,0.3,1.0,raw,none,,11,0.4478295614874951,0.5816142843242191,0.2916059714697506,0.9293213029168084
22,bernoulli,54,none,0.3,1.0,raw,none,,7,0.4070713287068483,0.6320754716981132,0.3131286972649948,0.8808631528046422
37,bernoulli,54,none,0.3,1.0,raw,none,,2,0.418609751516189,0.5663296568627451,0.2841000789549576,0.9206925350122062
9,bernoulli,54,none,0.3,1.0,raw,none,,8,0.4303877067086133,0.6185951918406993,0.2917458378536597,0.9166666666666669
5,bernoulli,54,none,0.3,1.0,raw,none,,14,0.435966699914362,0.5932765151515151,0.3174114977271444,0.8887379314331965
14,bernoulli,54,none,0.3,1.0,raw,none,,4,0.428513483617643,0.5353704382908492,0.2988934165085981,0.9108084142075964
41,bernoulli,54,none,0.3,1.0,raw,none,,3,0.4701396212516551,0.5450292397660819,0.3036164630515809,0.9272785848172446
31,bernoulli,54,none,0.3,1.0,raw,none,,4,0.4411522125839786,0.5889892578125,0.3086582068234215,0.9082795236045343
39,bernoulli,54,none,0.3,1.0,raw,none,,3,0.3885056221566217,0.6452247995418099,0.3168452008473105,0.8864727971356214
11,bernoulli,54,none,0.3,1.0,raw,none,,5,0.395513821779917,0.6297196892941573,0.297289208016836,0.9274018691588786
47,bernoulli,54,none,0.3,1.0,raw,none,,4,0.4253432094185734,0.5935230809128631,0.3265732334508529,0.8917112299465242
2,bernoulli,54,none,0.3,1.0,raw,none,,17,0.4403338275127443,0.5765988372093023,0.2637254448619608,0.946656258131668
27,bernoulli,54,none,0.3,1.0,raw,none,,4,0.444042620418589,0.615076182838813,0.307740214133375,0.9122300113679424
23,bernoulli,54,none,0.3,1.0,raw,none,,3,0.4276930384062004,0.5761561047222902,0.2840488302972578,0.9225398936170212
7,bernoulli,54,none,0.3,1.0,raw,none,,15,0.4282328170562631,0.5456239787581699,0.3074340638552053,0.8948532948532949
26,bernoulli,54,none,0.3,1.0,raw,none,,4,0.4343294140339307,0.5647839693115284,0.3263461966301872,0.8897102306327617
15,bernoulli,54,none,0.3,1.0,raw,none,,4,0.4249050854835788,0.5248784137673026,0.2161795961292202,0.9661477045908184
38,bernoulli,54,none,0.3,1.0,raw,none,,3,0.3961322141251043,0.678711210511602,0.27138111154008,0.9487207433039972
10,bernoulli,54,none,0.3,1.0,raw,none,,13,0.4318813843538144,0.5211738818034848,0.3174190207148142,0.8826476607155458
6,bernoulli,54,none,0.3,1.0,raw,none,,3,0.44137205143335,0.5832357533177205,0.2959907941554619,0.9125379030238964
16,bernoulli,54,none,0.3,1.0,raw,none,,6,0.4518756249398412,0.5419811868540239,0.2994910099617878,0.9053461875547766
36,bernoulli,54,none,0.3,1.0,raw,none,,4,0.4377995725597823,0.6225371216447744,0.3606950523591838,0.8706896551724138
12,bernoulli,54,none,0.3,1.0,raw,none,,10,0.452077130818631,0.4951489951489951,0.3219477270424082,0.8843882696390658
20,bernoulli,54,none,0.3,1.0,raw,none,,3,0.4571940792233524,0.5310155496877489,0.2716882886697446,0.9418971832764936
17,bernoulli,54,none,0.3,1.0,raw,none,,3,0.3944842811046765,0.6837529976019184,0.3073317399269828,0.9096129837702872
8,bernoulli,54,none,0.3,1.0,raw,none,,3,0.4325508772963174,0.5511595079653155,0.3181288768217318,0.8983716336657513
32,bernoulli,54,none,0.3,1.0,raw,none,,4,0.407735511118908,0.6339252085014797,0.3052805728285916,0.9102545766590387
33,bernoulli,54,none,0.3,1.0,raw,none,,4,0.4204171918929379,0.6386925795053003,0.2877042666697298,0.9250444305682308
42,bernoulli,54,none,0.3,1.0,raw,none,,3,0.4256867995188473,0.5403461881125112,0.2954398526484793,0.9170591313448456
40,bernoulli,54,none,0.3,1.0,raw,none,,3,0.4566572240157192,0.521376811594203,0.3006903151739352,0.9068904352571974
1,bernoulli,54,none,0.3,1.0,raw,none,,17,0.4262671716369131,0.6212431693989071,0.292689673698967,0.9291851598952998
48,bernoulli,54,none,0.3,1.0,raw,none,,4,0.412066796439945,0.6568156502367029,0.3430879459628515,0.8671208989925084
3,bernoulli,54,none,0.3,1.0,raw,none,,16,0.4496472844001434,0.5589688089688091,0.325140756607304,0.8899361806578301
49,bernoulli,54,none,0.3,1.0,raw,none,,3,0.4040706204146403,0.6512372956252762,0.2864812480546767,0.924857371634471
35,bernoulli,54,none,0.3,1.0,raw,none,,4,0.4507314175146312,0.5484665936473166,0.295655997891183,0.9097222222222222
19,bernoulli,54,none,0.3,1.0,raw,none,,4,0.4050017399809394,0.6420141620771046,0.2907209632729418,0.9219892499152584
0,bernoulli,54,none,0.3,1.0,raw,none,,14,0.4496780038219313,0.5107407407407407,0.3116847251545213,0.8885714285714286
28,bernoulli,54,none,0.3,1.0,raw,none,,4,0.4666663430275249,0.5885197730890095,0.2975358133638198,0.9182134737690294
29,bernoulli,54,none,0.3,1.0,raw,none,,3,0.4165831800108112,0.6229955364523063,0.2846369521974198,0.9338294914861578
43,bernoulli,54,none,0.3,1.0,raw,none,,4,0.3976463803788386,0.5706738264333968,0.2558429508907316,0.95330547112462
25,bernoulli,54,none,0.3,1.0,raw,none,,3,0.398734318744759,0.4994680851063829,0.2608302535590248,0.9437934904601571
34,bernoulli,54,none,0.3,1.0,raw,none,,4,0.4134743129577132,0.5973476527540477,0.3174681446097078,0.915011663829519
21,bernoulli,54,none,0.3,1.0,raw,none,,4,0.4303461402149122,0.5498463461638627,0.3408000470014213,0.8795998669917977
13,bernoulli,54,none,0.3,1.0,raw,none,,4,0.3804717022665734,0.745694022289767,0.3019044760417083,0.9204792436426864
46,bernoulli,54,none,0.3,1.0,raw,none,,5,0.4241923687566796,0.59800086918731,0.2815833500414961,0.934108329075115
30,bernoulli,54,none,0.3,1.0,raw,none,,5,0.4100953374772499,0.5851697744901627,0.2907907910347238,0.9165790027351148
18,bernoulli,54,none,0.3,1.0,raw,none,,4,0.4298560938835928,0.5674577016040431,0.3006077922686386,0.9163323449037736
24,bernoulli,54,none,0.3,1.0,raw,none,,4,0.4467942031430943,0.6139759036144579,0.309156881854041,0.910440340909091
45,bernoulli,54,none,0.3,1.0,raw,none,,4,0.4448424753238489,0.566046511627907,0.3286445455430196,0.895612547689699
44,bernoulli,54,none,0.3,1.0,raw,none,,4,0.4262185257397091,0.5999098434554544,0.2980541728314914,0.8986169393886723
22,bernoulli,54,none,0.3,1.0,raw,none,,8,0.4082069214274715,0.6980433263452132,0.3142349362863647,0.8885698742746616
37,bernoulli,54,none,0.3,1.0,raw,none,,3,0.4183510431337989,0.6009497549019608,0.2664565645735322,0.9369780290376462
14,bernoulli,54,none,0.3,1.0,raw,none,,5,0.4250072128020436,0.556803594351733,0.2963289710509746,0.9299719197990048
4,bernoulli,54,none,0.3,1.0,raw,none,,12,0.449266149259272,0.5705215529823879,0.2922964265322058,0.9146521393712403
9,bernoulli,54,none,0.3,1.0,raw,none,,9,0.4306897698512677,0.6084264205925206,0.2899717259189072,0.9189895470383276
11,bernoulli,54,none,0.3,1.0,raw,none,,6,0.395467365221774,0.6576156703816278,0.3032849995628452,0.915140186915888
5,bernoulli,54,none,0.3,1.0,raw,none,,15,0.4364062329001035,0.5796506734006734,0.3152134275035265,0.8996068682430479
31,bernoulli,54,none,0.3,1.0,raw,none,,5,0.437640065524148,0.6060546874999999,0.3011453332350352,0.914621896972306
39,bernoulli,54,none,0.3,1.0,raw,none,,4,0.4037401540341071,0.6543170103092784,0.3254408954379493,0.9007946904200506
2,bernoulli,54,none,0.3,1.0,raw,none,,18,0.4417521041729331,0.5249031007751938,0.2590475698616257,0.9532916991933384
47,bernoulli,54,none,0.3,1.0,raw,none,,5,0.4325565269773251,0.5687564834024896,0.323192050883354,0.903138528138528
41,bernoulli,54,none,0.3,1.0,raw,none,,4,0.4707269306415357,0.5058688387635756,0.3050264771491299,0.9221239456419869
27,bernoulli,54,none,0.3,1.0,raw,none,,5,0.4430700189730297,0.6242314889067093,0.309588446823048,0.915024630541872
38,bernoulli,54,none,0.3,1.0,raw,none,,4,0.3939431783819762,0.6794800111825552,0.2710264859039769,0.943788997574998
23,bernoulli,54,none,0.3,1.0,raw,none,,4,0.43086258860243,0.5693662833374112,0.2729505562792167,0.9358045212765956
26,bernoulli,54,none,0.3,1.0,raw,none,,5,0.4361743598004924,0.559206541490006,0.32277934425745,0.8817859254878769
7,bernoulli,54,none,0.3,1.0,raw,none,,16,0.4291976390544823,0.5485855800653595,0.3065500186280852,0.8973063973063973
15,bernoulli,54,none,0.3,1.0,raw,none,,5,0.4247864993356246,0.5336700336700337,0.2164484953702223,0.968303393213573
10,bernoulli,54,none,0.3,1.0,raw,none,,14,0.4326284678346908,0.5338602478893479,0.3152133329570248,0.8917272363747559
6,bernoulli,54,none,0.3,1.0,raw,none,,4,0.4432213186009269,0.5708918813427009,0.2854098015792607,0.9325673908810194
16,bernoulli,54,none,0.3,1.0,raw,none,,7,0.4506322267299419,0.5360294971548021,0.2986582977817059,0.8993207712532866
36,bernoulli,54,none,0.3,1.0,raw,none,,5,0.4384026411994152,0.6111864648772131,0.3430416546717378,0.8692528735632185
12,bernoulli,54,none,0.3,1.0,raw,none,,11,0.4516377706392971,0.5162277662277662,0.3182744105881856,0.8918192675159236
17,bernoulli,54,none,0.3,1.0,raw,none,,4,0.3968047928475477,0.6983812949640288,0.3042716710006082,0.9006554307116106
20,bernoulli,54,none,0.3,1.0,raw,none,,4,0.4581983287979779,0.5295276415608365,0.2583841142555594,0.9427497789566756
42,bernoulli,54,none,0.3,1.0,raw,none,,4,0.4309485051919302,0.5700649102710958,0.296637138645601,0.9170068027210884
8,bernoulli,54,none,0.3,1.0,raw,none,,4,0.4447088500237046,0.5507158701351078,0.3524615342546188,0.8988533988533989
32,bernoulli,54,none,0.3,1.0,raw,none,,5,0.4115619005967904,0.6380414312617702,0.3059611963401962,0.9110173531655226
33,bernoulli,54,none,0.3,1.0,raw,none,,5,0.4203759865160802,0.6514898290516665,0.2865198141647723,0.9347951390556704
3,bernoulli,54,none,0.3,1.0,raw,none,,17,0.4496757670416715,0.5648795648795648,0.3232064126492732,0.89720176730486
40,bernoulli,54,none,0.3,1.0,raw,none,,4,0.4562295909131568,0.5061141304347827,0.2986141386112737,0.9062627916496112
48,bernoulli,54,none,0.3,1.0,raw,none,,5,0.4252340843175861,0.6499234196602617,0.3500168625992915,0.8406096615861535
1,bernoulli,54,none,0.3,1.0,raw,none,,18,0.4283667640528797,0.5841716343765524,0.2962546517815727,0.9172925913280984
19,bernoulli,54,none,0.3,1.0,raw,none,,5,0.4156202129575928,0.6080701360008992,0.2884212546769424,0.9198828143915548
35,bernoulli,54,none,0.3,1.0,raw,none,,5,0.4512975443417147,0.5757667031763418,0.2961987020044909,0.9183568489124044
49,bernoulli,54,none,0.3,1.0,raw,none,,4,0.4046133894057367,0.6403833406981883,0.2810703869663755,0.9345661094985488
43,bernoulli,54,none,0.3,1.0,raw,none,,5,0.396365575421522,0.5435648709509787,0.2507868394793265,0.9455927051671732
28,bernoulli,54,none,0.3,1.0,raw,none,,5,0.4649101017631312,0.5901930375872342,0.3043553424730414,0.9067023511467956
0,bernoulli,54,none,0.3,1.0,raw,none,,15,0.450831495423487,0.5673294346978558,0.3180169563398662,0.8826817042606517
29,bernoulli,54,none,0.3,1.0,raw,none,,4,0.4181866122583998,0.6246762550283794,0.2846558504486043,0.9252866906058148
34,bernoulli,54,none,0.3,1.0,raw,none,,5,0.411278361383176,0.6119925148482629,0.3113097770577961,0.9238698694912048
25,bernoulli,54,none,0.3,1.0,raw,none,,4,0.393888819156399,0.5120212765957447,0.2532402694467109,0.9392143658810326
46,bernoulli,54,none,0.3,1.0,raw,none,,6,0.4298774819431385,0.5734463276836158,0.2803700376973714,0.9358456821665816
21,bernoulli,54,none,0.3,1.0,raw,none,,5,0.4304412992278453,0.534090317204021,0.3336635744334716,0.8810407891819995
18,bernoulli,54,none,0.3,1.0,raw,none,,5,0.4315853515033242,0.5822896066798506,0.3032192531032294,0.9196174196174196
13,bernoulli,54,none,0.3,1.0,raw,none,,5,0.3843590384169813,0.7536980749746707,0.3056182827045559,0.9204520756357314
30,bernoulli,54,none,0.3,1.0,raw,none,,6,0.4077730970968694,0.5940566086197155,0.2910714703939309,0.9221807279612876
24,bernoulli,54,none,0.3,1.0,raw,none,,5,0.4573150470929118,0.6450200803212851,0.347173451998689,0.9157907196969696
11,bernoulli,54,none,0.3,1.0,raw,none,,7,0.3947081971650338,0.6553866936845659,0.2985485863776561,0.9258068535825544
45,bernoulli,54,none,0.3,1.0,raw,none,,5,0.4457109074494038,0.5810232558139535,0.3311409064353676,0.888591564222128
14,bernoulli,54,none,0.3,1.0,raw,none,,6,0.4282127561914595,0.5651476251604622,0.2963786996073955,0.9270407409231982
22,bernoulli,54,none,0.3,1.0,raw,none,,9,0.4122662358715916,0.5987770789657583,0.3127257842752495,0.8870889748549324
37,bernoulli,54,none,0.3,1.0,raw,none,,4,0.4218303338883309,0.5977839052287581,0.2666330703170322,0.9376846974174484
44,bernoulli,54,none,0.3,1.0,raw,none,,5,0.4328340800445004,0.5914474223424309,0.3074425458926339,0.9107094082884316
31,bernoulli,54,none,0.3,1.0,raw,none,,6,0.4354950741468503,0.6051025390625,0.3060486662077013,0.9088534940450568
2,bernoulli,54,none,0.3,1.0,raw,none,,19,0.4410096640306479,0.5983527131782946,0.2604030446622407,0.9470465781941192
39,bernoulli,54,none,0.3,1.0,raw,none,,5,0.3961930167504182,0.6891466208476518,0.3189341032133995,0.8961371641486916
9,bernoulli,54,none,0.3,1.0,raw,none,,10,0.4317315812746181,0.6243322000971345,0.2876354251018358,0.916702961672474
27,bernoulli,54,none,0.3,1.0,raw,none,,6,0.4390604765767345,0.613450057916778,0.3116950635587061,0.9028988253126184
47,bernoulli,54,none,0.3,1.0,raw,none,,6,0.4313243207606565,0.5590637966804979,0.3199853040069889,0.8981410746116629
4,bernoulli,54,none,0.3,1.0,raw,none,,13,0.450040116111463,0.571081054782524,0.290974044389464,0.9296901600272388
5,bernoulli,54,none,0.3,1.0,raw,none,,16,0.433375948253262,0.6083228114478114,0.3094351079136018,0.8922356478001966
41,bernoulli,54,none,0.3,1.0,raw,none,,5,0.466636087346683,0.550062656641604,0.2995710176784658,0.9255213214620432
38,bernoulli,54,none,0.3,1.0,raw,none,,5,0.3985053173019152,0.7184791724909142,0.2776266991856569,0.944088716928694
26,bernoulli,54,none,0.3,1.0,raw,none,,6,0.4372737674251504,0.5366949323642237,0.3269041601270485,0.8782377291543465
10,bernoulli,54,none,0.3,1.0,raw,none,,15,0.4324603517638815,0.5924645230824501,0.3156725182030355,0.8929503916449086
23,bernoulli,54,none,0.3,1.0,raw,none,,5,0.4341865473800363,0.5669806704183997,0.2868235586207802,0.9311502659574468
7,bernoulli,54,none,0.3,1.0,raw,none,,17,0.4288634634998515,0.5519301470588236,0.3096259756015135,0.9084415584415584
15,bernoulli,54,none,0.3,1.0,raw,none,,6,0.4252572816576297,0.5456104252400549,0.2168875581942092,0.9695808383233532
6,bernoulli,54,none,0.3,1.0,raw,none,,5,0.4435364121871959,0.570891881342701,0.2922097100777048,0.9300776142654464
36,bernoulli,54,none,0.3,1.0,raw,none,,6,0.4419617996861501,0.6288192461450599,0.3536084090231412,0.8710180623973728
16,bernoulli,54,none,0.3,1.0,raw,none,,8,0.4530279285766747,0.5479038439205667,0.3003544194064166,0.904250657318142
12,bernoulli,54,none,0.3,1.0,raw,none,,12,0.4525499641379668,0.5181335181335182,0.3201404085982894,0.8824973460721869
17,bernoulli,54,none,0.3,1.0,raw,none,,5,0.4022930817041676,0.687410071942446,0.3113774163678046,0.9050249687890136
42,bernoulli,54,none,0.3,1.0,raw,none,,5,0.4288321738556686,0.5791014382079673,0.2959749104097638,0.923809523809524
8,bernoulli,54,none,0.3,1.0,raw,none,,5,0.4422035780500963,0.5104053236539625,0.3321330307185938,0.8924459218576866
20,bernoulli,54,none,0.3,1.0,raw,none,,5,0.4574989143212782,0.5564776394651914,0.2704142191682587,0.9417708728053557
32,bernoulli,54,none,0.3,1.0,raw,none,,6,0.4146917348385303,0.6227602905569007,0.3091692085924213,0.9063930205949656
3,bernoulli,54,none,0.3,1.0,raw,none,,18,0.4499169604189859,0.546037296037296,0.3243281627937475,0.8870888561610211
33,bernoulli,54,none,0.3,1.0,raw,none,,6,0.4225110980556987,0.6520628402253843,0.2856547035949134,0.9379653201402564
19,bernoulli,54,none,0.3,1.0,raw,none,,6,0.4109127697193506,0.5912105204001349,0.2919086604752378,0.9186480073604184
35,bernoulli,54,none,0.3,1.0,raw,none,,6,0.4516905573330648,0.5495618838992333,0.2928929803142541,0.9148295120517344
48,bernoulli,54,none,0.3,1.0,raw,none,,6,0.4185004017097614,0.6373224728487886,0.3422071229194208,0.8511366571945234
40,bernoulli,54,none,0.3,1.0,raw,none,,5,0.4561455450284293,0.5266304347826087,0.2971905486936262,0.919143130031382
1,bernoulli,54,none,0.3,1.0,raw,none,,19,0.430527472947476,0.5987332339791355,0.2914023422101916,0.936383293501764
43,bernoulli,54,none,0.3,1.0,raw,none,,6,0.4040117594522981,0.5965702407760263,0.2477951198967697,0.9543313069908814
29,bernoulli,54,none,0.3,1.0,raw,none,,5,0.4197995029724581,0.5953325618559542,0.2830278446118579,0.9240125101355264
34,bernoulli,54,none,0.3,1.0,raw,none,,6,0.416002228570434,0.6248474493531853,0.3114774424879603,0.924090536536158
49,bernoulli,54,none,0.3,1.0,raw,none,,5,0.4053262331480842,0.6006131241714537,0.2871090246704455,0.9293364027624864
0,bernoulli,54,none,0.3,1.0,raw,none,,16,0.4535637737149577,0.5890448343079923,0.3203869709810196,0.8878195488721805
28,bernoulli,54,none,0.3,1.0,raw,none,,6,0.4658381300743506,0.5841325551973229,0.3037435998556324,0.9071915738582406
46,bernoulli,54,none,0.3,1.0,raw,none,,7,0.4302828738805097,0.5529769665362886,0.2804205637902391,0.9345937659683188
25,bernoulli,54,none,0.3,1.0,raw,none,,5,0.3994429561544967,0.5143617021276595,0.2601418602890205,0.9440628507295176
18,bernoulli,54,none,0.3,1.0,raw,none,,6,0.4317096292565682,0.6039332014941772,0.2997508171466509,0.9226408512122798
30,bernoulli,54,none,0.3,1.0,raw,none,,7,0.4117086912370499,0.5940309241280115,0.2886891144391258,0.9181832526825164
21,bernoulli,54,none,0.3,1.0,raw,none,,6,0.4336272905453632,0.5438304078337414,0.3412195070322783,0.8836732431833296
13,bernoulli,54,none,0.3,1.0,raw,none,,6,0.3860740103590551,0.7313576494427558,0.2996486667895244,0.9089600086937624
11,bernoulli,54,none,0.3,1.0,raw,none,,8,0.3989018371194501,0.6437689969604863,0.2996634110086305,0.9205233644859814
22,bernoulli,54,none,0.3,1.0,raw,none,,10,0.4124376155901089,0.6351502445842069,0.3130207134231786,0.8863938588007737
14,bernoulli,54,none,0.3,1.0,raw,none,,7,0.4305439130514724,0.5436456996148908,0.2983241974618996,0.9114734715995862
24,bernoulli,54,none,0.3,1.0,raw,none,,6,0.457071025454333,0.5957429718875502,0.3320550461264044,0.9147727272727272
31,bernoulli,54,none,0.3,1.0,raw,none,,7,0.4378662449688096,0.5690673828125,0.3031369639523077,0.913186970871
2,bernoulli,54,none,0.3,1.0,raw,none,,20,0.4427669953768177,0.5513565891472868,0.2570153976468181,0.9500065053343744
45,bernoulli,54,none,0.3,1.0,raw,none,,6,0.4495079105007866,0.5829767441860465,0.3396568113043893,0.8943143281051292
27,bernoulli,54,none,0.3,1.0,raw,none,,7,0.4409891537880899,0.5886572217767085,0.3092978087370427,0.9085591133004924
39,bernoulli,54,none,0.3,1.0,raw,none,,6,0.3967695103519196,0.6586841351660938,0.3185608232329428,0.9031525630949262
47,bernoulli,54,none,0.3,1.0,raw,none,,7,0.4315616483631612,0.5499221991701245,0.3258308180828201,0.8971861471861472
44,bernoulli,54,none,0.3,1.0,raw,none,,6,0.429240965738688,0.60259404966806,0.2980192369118077,0.9030864350805752
26,bernoulli,54,none,0.3,1.0,raw,none,,7,0.4374763448314683,0.5273066828184939,0.3266076471979892,0.8713778829095209
37,bernoulli,54,none,0.3,1.0,raw,none,,5,0.421572559171636,0.6122855392156863,0.2688627245054727,0.9376204548374664
38,bernoulli,54,none,0.3,1.0,raw,none,,6,0.4003634187712774,0.6665501817165222,0.2657003436101415,0.9428080978719926
5,bernoulli,54,none,0.3,1.0,raw,none,,17,0.4359674860441249,0.5731797138047138,0.3079879343104786,0.8892871596230559
9,bernoulli,54,none,0.3,1.0,raw,none,,11,0.4331033872190943,0.6270337542496356,0.2892158848823079,0.919788037166086
10,bernoulli,54,none,0.3,1.0,raw,none,,16,0.4327323019870264,0.5848302496856476,0.3150831155076712,0.8925505139604356
23,bernoulli,54,none,0.3,1.0,raw,none,,6,0.4329402913955876,0.5674088573525813,0.2857572545051002,0.9272938829787234
7,bernoulli,54,none,0.3,1.0,raw,none,,18,0.4326413666661179,0.5463899101307189,0.3186652580447733,0.9085858585858586
41,bernoulli,54,none,0.3,1.0,raw,none,,6,0.4678882943663973,0.5243525480367586,0.3017032413457746,0.9275128865979382
4,bernoulli,54,none,0.3,1.0,raw,none,,14,0.4504736579789077,0.5959423956407511,0.2911711795513014,0.9085234366133242
15,bernoulli,54,none,0.3,1.0,raw,none,,7,0.4294099778500127,0.5729517396184064,0.2346651268388904,0.9655489021956088
6,bernoulli,54,none,0.3,1.0,raw,none,,6,0.4446561393214873,0.6035323965651835,0.2891624638685335,0.9241939522074164
16,bernoulli,54,none,0.3,1.0,raw,none,,9,0.4539412348752617,0.5354778771338985,0.3052530053660153,0.8989190768331873
42,bernoulli,54,none,0.3,1.0,raw,none,,6,0.4297450807310943,0.5468796402358831,0.2950490841400265,0.9119440083725798
36,bernoulli,54,none,0.3,1.0,raw,none,,7,0.4428008842963837,0.6312821245002856,0.3580804188260317,0.8593185550082101
12,bernoulli,54,none,0.3,1.0,raw,none,,13,0.453614513120426,0.5034650034650034,0.3327263792303885,0.886046974522293
17,bernoulli,54,none,0.3,1.0,raw,none,,6,0.4040226397874826,0.6718525179856115,0.3053654927910284,0.9094881398252184
8,bernoulli,54,none,0.3,1.0,raw,none,,6,0.4476885732328744,0.592115345835854,0.3491195145151126,0.8923977453389218
20,bernoulli,54,none,0.3,1.0,raw,none,,6,0.4585487083658119,0.5058887631501738,0.2604535966754816,0.9441391941391942
19,bernoulli,54,none,0.3,1.0,raw,none,,7,0.4143473886695054,0.6181859053613578,0.2899860629070576,0.9216987070844028
3,bernoulli,54,none,0.3,1.0,raw,none,,19,0.450776294171943,0.523976023976024,0.319523980540661,0.8954017345769923
35,bernoulli,54,none,0.3,1.0,raw,none,,7,0.4508372465423337,0.532092004381161,0.2927292162458719,0.9200470311581423
32,bernoulli,54,none,0.3,1.0,raw,none,,7,0.4133091316841564,0.6319074522464354,0.3088562850600741,0.9052011823035852
33,bernoulli,54,none,0.3,1.0,raw,none,,7,0.4211421358410268,0.6560977939069812,0.2878395190484512,0.9244680340073972
48,bernoulli,54,none,0.3,1.0,raw,none,,7,0.4171962194210193,0.6348162071846282,0.3442366255050772,0.853235598036683
1,bernoulli,54,none,0.3,1.0,raw,none,,20,0.4309299884940946,0.5900397416790859,0.2884368827871081,0.922527597587345
43,bernoulli,54,none,0.3,1.0,raw,none,,7,0.4022108988264975,0.5950978693919972,0.2470577523276904,0.9525455927051673
40,bernoulli,54,none,0.3,1.0,raw,none,,6,0.4564462814353416,0.5185914855072464,0.2985266741994232,0.9088825214899712
34,bernoulli,54,none,0.3,1.0,raw,none,,7,0.4173005547372864,0.6128874786429095,0.3151089481379809,0.9143023768993128
29,bernoulli,54,none,0.3,1.0,raw,none,,6,0.4209014467631875,0.6098528682426847,0.2873225944949743,0.9261844086644272
46,bernoulli,54,none,0.3,1.0,raw,none,,8,0.4306531286257298,0.5821816601477618,0.2849145805820488,0.9312723556463977
25,bernoulli,54,none,0.3,1.0,raw,none,,6,0.3988139487202714,0.5426595744680851,0.2601333968976292,0.9445566778900112
49,bernoulli,54,none,0.3,1.0,raw,none,,6,0.4067991469913024,0.6305236411842686,0.2824875440003579,0.9335401861675507
18,bernoulli,54,none,0.3,1.0,raw,none,,7,0.4324596970858843,0.6037958690397714,0.3006703060691834,0.9206639920925636
0,bernoulli,54,none,0.3,1.0,raw,none,,17,0.4507477488374272,0.5685185185185185,0.3116778765199215,0.88734335839599
30,bernoulli,54,none,0.3,1.0,raw,none,,8,0.4143255226090066,0.5810088868341294,0.2900411817685161,0.9227067115505996
28,bernoulli,54,none,0.3,1.0,raw,none,,7,0.4644207351979116,0.566420438313676,0.3063607122808723,0.9039972373305706
13,bernoulli,54,none,0.3,1.0,raw,none,,7,0.3884339107307702,0.7568895643363728,0.3065433955485814,0.8994783742664638
11,bernoulli,54,none,0.3,1.0,raw,none,,9,0.3974896357342751,0.6616008105369807,0.2960249249630171,0.9237881619937696
22,bernoulli,54,none,0.3,1.0,raw,none,,11,0.4141673189320535,0.6156533892382949,0.315384403911067,0.8819511605415861
21,bernoulli,54,none,0.3,1.0,raw,none,,7,0.4323317574291189,0.5563831449554664,0.335521851162737,0.8773553535801375
14,bernoulli,54,none,0.3,1.0,raw,none,,8,0.4311160010706254,0.5500412616908125,0.296289179681844,0.9169417212670574
31,bernoulli,54,none,0.3,1.0,raw,none,,8,0.439773103992963,0.5895507812499999,0.3018793028175345,0.9042904290429042
2,bernoulli,54,none,0.3,1.0,raw,none,,21,0.4471344401445725,0.551187015503876,0.2678636990040015,0.9448998178506376
47,bernoulli,54,none,0.3,1.0,raw,none,,8,0.4328240100418075,0.5598418049792531,0.3239588902561679,0.8951171377641967
24,bernoulli,54,none,0.3,1.0,raw,none,,7,0.4547799734090999,0.6142570281124498,0.3145780492911439,0.9147490530303032
39,bernoulli,54,none,0.3,1.0,raw,none,,7,0.3997857339500649,0.6459049255441008,0.313473211252713,0.9005035950280906
27,bernoulli,54,none,0.3,1.0,raw,none,,8,0.4421235223593918,0.6105764946983874,0.3077338950973453,0.9147641151951496
26,bernoulli,54,none,0.3,1.0,raw,none,,8,0.4396323792123262,0.541439531597012,0.3263513105766488,0.884033116499113
45,bernoulli,54,none,0.3,1.0,raw,none,,7,0.4484281631986393,0.5766976744186046,0.3346982097960237,0.8920358202628232
10,bernoulli,54,none,0.3,1.0,raw,none,,17,0.4332717524690241,0.584336267289384,0.3159837845839846,0.8911391809564133
38,bernoulli,54,none,0.3,1.0,raw,none,,7,0.3992346474903122,0.6513139502376293,0.2715276093670798,0.9461867524045666
23,bernoulli,54,none,0.3,1.0,raw,none,,7,0.4355348149156666,0.5766454612184977,0.3089553428735824,0.9289228723404256
7,bernoulli,54,none,0.3,1.0,raw,none,,19,0.431050687148247,0.5429432189542484,0.3119281065758413,0.9111351611351612
5,bernoulli,54,none,0.3,1.0,raw,none,,18,0.435554658281379,0.5825441919191919,0.3208676389006648,0.8834479967624443
44,bernoulli,54,none,0.3,1.0,raw,none,,7,0.4287487178483037,0.623350545037292,0.2964137157732647,0.9071089812032876
15,bernoulli,54,none,0.3,1.0,raw,none,,8,0.426458275466838,0.5514715051752088,0.2260243008501403,0.9642315369261476
9,bernoulli,54,none,0.3,1.0,raw,none,,12,0.4332569119881055,0.6178363283147158,0.2913655219367358,0.9200421022067364
37,bernoulli,54,none,0.3,1.0,raw,none,,6,0.4210711343952123,0.6095792483660131,0.2725370157325437,0.9381986380573044
4,bernoulli,54,none,0.3,1.0,raw,none,,15,0.45027644818523,0.5893743310304563,0.2929332330155718,0.9154466008398592
41,bernoulli,54,none,0.3,1.0,raw,none,,7,0.46747386793039,0.5300543024227234,0.3021263168710301,0.9310859887535146
6,bernoulli,54,none,0.3,1.0,raw,none,,7,0.4442226223503448,0.5891393442622952,0.2912145868964355,0.9254179764653516
42,bernoulli,54,none,0.3,1.0,raw,none,,7,0.4322834837571828,0.56157990751347,0.2951502389533025,0.9205651491365776
16,bernoulli,54,none,0.3,1.0,raw,none,,10,0.4527206754545416,0.5238648240622459,0.2950083877292382,0.9062591294186386
36,bernoulli,54,none,0.3,1.0,raw,none,,8,0.4455076927576234,0.5815962307253,0.3424602936609951,0.8660509031198687
12,bernoulli,54,none,0.3,1.0,raw,none,,14,0.454433000265547,0.4777084777084777,0.3213442491250937,0.8774548832271762
19,bernoulli,54,none,0.3,1.0,raw,none,,8,0.4149151605900659,0.5901427447454198,0.2924096430901362,0.9202702048326956
8,bernoulli,54,none,0.3,1.0,raw,none,,7,0.4372218814770702,0.5560395240976004,0.3195039499647589,0.8947583947583948
17,bernoulli,54,none,0.3,1.0,raw,none,,7,0.4071542872411522,0.6931055155875299,0.3025660877704563,0.8887952559300873
20,bernoulli,54,none,0.3,1.0,raw,none,,7,0.4595584606842404,0.5020746887966805,0.2675120696794143,0.9399709485916382
35,bernoulli,54,none,0.3,1.0,raw,none,,8,0.4548344921819746,0.586144578313253,0.2986244055772807,0.9138741916519696
3,bernoulli,54,none,0.3,1.0,raw,none,,20,0.4499668195200775,0.5857198357198358,0.3227465076146776,0.8931762395679922
32,bernoulli,54,none,0.3,1.0,raw,none,,8,0.4166713793805953,0.6209846650524616,0.300790848516914,0.9212909992372236
33,bernoulli,54,none,0.3,1.0,raw,none,,8,0.422325053166349,0.6491739088912234,0.2838523788862478,0.927830347278928
43,bernoulli,54,none,0.3,1.0,raw,none,,8,0.40799163742471,0.5791616144119174,0.2515016399239072,0.9547872340425532
1,bernoulli,54,none,0.3,1.0,raw,none,,21,0.4380227610137047,0.5990437158469946,0.3013289283304581,0.9272504836690566
48,bernoulli,54,none,0.3,1.0,raw,none,,8,0.4190818190761892,0.6474867724867724,0.3487625628604793,0.8554314130715577
34,bernoulli,54,none,0.3,1.0,raw,none,,8,0.4180375158480975,0.6041819217313482,0.3140794061503976,0.9184477649580732
40,bernoulli,54,none,0.3,1.0,raw,none,,7,0.4592251409947114,0.4977355072463768,0.2972482919339128,0.9162778005184882
18,bernoulli,54,none,0.3,1.0,raw,none,,8,0.4336385961486574,0.6157437925730609,0.300294271326729,0.9186580615152042
29,bernoulli,54,none,0.3,1.0,raw,none,,7,0.4273114835563288,0.6580150989144211,0.2914067654438931,0.937666512220549
46,bernoulli,54,none,0.3,1.0,raw,none,,9,0.4321304752299818,0.5582790091264668,0.2809206305542639,0.9293561573837508
25,bernoulli,54,none,0.3,1.0,raw,none,,7,0.4011285448307024,0.5175531914893616,0.2590932533775634,0.9445566778900112
30,bernoulli,54,none,0.3,1.0,raw,none,,9,0.4122969937024556,0.6139364051985411,0.2900910764351369,0.9226278140122028
49,bernoulli,54,none,0.3,1.0,raw,none,,7,0.4076744744879297,0.678330755634114,0.2823958895430069,0.9298118306475828
0,bernoulli,54,none,0.3,1.0,raw,none,,18,0.4548651724998858,0.5458284600389864,0.3200369440486099,0.8846616541353383
28,bernoulli,54,none,0.3,1.0,raw,none,,8,0.4652797033102449,0.5629922866587764,0.3000759177709006,0.9091484647040202
11,bernoulli,54,none,0.3,1.0,raw,none,,10,0.4005975886175205,0.6608240459304289,0.2969387889393279,0.9203239875389408
13,bernoulli,54,none,0.3,1.0,raw,none,,8,0.3896063492685966,0.7703647416413373,0.3035406757753981,0.9162953705716148
14,bernoulli,54,none,0.3,1.0,raw,none,,9,0.4314704317833861,0.5766092059416834,0.2965873906188614,0.91600571456722
22,bernoulli,54,none,0.3,1.0,raw,none,,12,0.4156603303391684,0.693361285814116,0.3134625868489482,0.8809235976789168
2,bernoulli,54,none,0.3,1.0,raw,none,,22,0.4428233633007797,0.5576065891472868,0.2537697938894074,0.954495186052563
31,bernoulli,54,none,0.3,1.0,raw,none,,9,0.4400052819151728,0.5938232421874999,0.3031912156174023,0.9056392595781316
47,bernoulli,54,none,0.3,1.0,raw,none,,9,0.4369062754687856,0.5255446058091287,0.3253936849864677,0.9051438757321112
39,bernoulli,54,none,0.3,1.0,raw,none,,8,0.4051400758020951,0.6627290950744558,0.328227220235122,0.8909556661718046
27,bernoulli,54,none,0.3,1.0,raw,none,,9,0.4421535512610105,0.6070569366479551,0.311174107150175,0.903183023872679
21,bernoulli,54,none,0.3,1.0,raw,none,,8,0.4328499333688623,0.5657065472160008,0.337067234769274,0.8634726224783862
26,bernoulli,54,none,0.3,1.0,raw,none,,9,0.438426399335136,0.5656672723601857,0.3249657310245095,0.8752808988764045
10,bernoulli,54,none,0.3,1.0,raw,none,,18,0.4343331707909944,0.5759610202981857,0.3165827482588294,0.9032766447910052
24,bernoulli,54,none,0.3,1.0,raw,none,,8,0.4593004639808625,0.5955020080321285,0.3339721833619503,0.915838068181818
38,bernoulli,54,none,0.3,1.0,raw,none,,8,0.40328462087175,0.6508247134470226,0.2698228613052711,0.9458870330508704
45,bernoulli,54,none,0.3,1.0,raw,none,,8,0.4469816647455869,0.5793953488372092,0.3285211034220459,0.8935194997880458
23,bernoulli,54,none,0.3,1.0,raw,none,,8,0.4428027015038055,0.5489968191827745,0.3316715423766339,0.9209773936170214
15,bernoulli,54,none,0.3,1.0,raw,none,,9,0.4268624463336884,0.5543085172714802,0.2368862245814112,0.9568463073852296
7,bernoulli,54,none,0.3,1.0,raw,none,,20,0.4315325053548499,0.5600745506535948,0.3064606618349748,0.9046416546416548
9,bernoulli,54,none,0.3,1.0,raw,none,,13,0.43364467837256,0.636625789218067,0.2921429375718506,0.919279907084785
44,bernoulli,54,none,0.3,1.0,raw,none,,8,0.4309207212018477,0.6004016064257027,0.2991218992814623,0.9109577136046484
4,bernoulli,54,none,0.3,1.0,raw,none,,16,0.4512190030407217,0.5656806461029482,0.2911813635235802,0.921859039836568
5,bernoulli,54,none,0.3,1.0,raw,none,,19,0.4462664742460872,0.5729692760942761,0.3323457910988869,0.8921778343065271
37,bernoulli,54,none,0.3,1.0,raw,none,,7,0.4233304102989466,0.6057495915032679,0.2771438361680473,0.9240652704612616
6,bernoulli,54,none,0.3,1.0,raw,none,,8,0.4474537882573,0.5489363778298204,0.287759822597437,0.9249172392689236
41,bernoulli,54,none,0.3,1.0,raw,none,,8,0.4692415203574143,0.5109857978279031,0.302448814826071,0.9283329428303656
42,bernoulli,54,none,0.3,1.0,raw,none,,8,0.4379141584294889,0.5932713928132026,0.301468163889998,0.91305599162742
35,bernoulli,54,none,0.3,1.0,raw,none,,9,0.4521666290380676,0.5374041621029574,0.2928628602990015,0.9121105232216344
36,bernoulli,54,none,0.3,1.0,raw,none,,9,0.4410828612629127,0.5970159908623643,0.3422095722761447,0.8622331691297208
19,bernoulli,54,none,0.3,1.0,raw,none,,9,0.4169743018144884,0.6144205912105204,0.2906938732738708,0.9191564573144158
16,bernoulli,54,none,0.3,1.0,raw,none,,11,0.4551627117343909,0.5480780397166415,0.2939040956717368,0.9127592754893368
12,bernoulli,54,none,0.3,1.0,raw,none,,15,0.4540904382142967,0.5067856317856317,0.3259588105320419,0.8852507961783439
17,bernoulli,54,none,0.3,1.0,raw,none,,8,0.4080926846128742,0.683453237410072,0.3050314233765931,0.9069288389513108
8,bernoulli,54,none,0.3,1.0,raw,none,,8,0.4382118496542322,0.5464408146803791,0.3237248415911,0.8896275955099484
3,bernoulli,54,none,0.3,1.0,raw,none,,21,0.4502365689188617,0.5878010878010879,0.3232120718857595,0.8914416625756831
20,bernoulli,54,none,0.3,1.0,raw,none,,8,0.4586892660512164,0.5110859633681211,0.2656507339353599,0.9383920677024123
43,bernoulli,54,none,0.3,1.0,raw,none,,9,0.408717055524237,0.5594145158496449,0.2586144488022868,0.949886018237082
32,bernoulli,54,none,0.3,1.0,raw,none,,9,0.4161248220487462,0.6380952380952379,0.305304440652606,0.9136155606407322
34,bernoulli,54,none,0.3,1.0,raw,none,,9,0.4173984023071368,0.5922219510210724,0.307511629431324,0.9287245444801716
33,bernoulli,54,none,0.3,1.0,raw,none,,9,0.4237566065765571,0.6507019386878043,0.2846461135562088,0.9352034199529276
1,bernoulli,54,none,0.3,1.0,raw,none,,22,0.4368693881840934,0.598919523099851,0.2972191898405663,0.9283316262660748
18,bernoulli,54,none,0.3,1.0,raw,none,,9,0.4354432329107358,0.5772632388486046,0.3028712301708447,0.9147915576487003
48,bernoulli,54,none,0.3,1.0,raw,none,,9,0.421943447070561,0.6100320245057086,0.3457654907524182,0.8486179281839318
40,bernoulli,54,none,0.3,1.0,raw,none,,8,0.459601259628409,0.4982336956521739,0.2931917486263127,0.9219265929867648
46,bernoulli,54,none,0.3,1.0,raw,none,,10,0.4307499840936198,0.5969143850499783,0.2841443436394755,0.933009708737864
29,bernoulli,54,none,0.3,1.0,raw,none,,8,0.4231340200569979,0.6150603405521574,0.2786669931072357,0.9350457546623422
30,bernoulli,54,none,0.3,1.0,raw,none,,10,0.4151429528751137,0.5779010633379564,0.2913018297771458,0.915106248685041
25,bernoulli,54,none,0.3,1.0,raw,none,,8,0.4080981616999775,0.5019148936170212,0.2568884096102889,0.937283950617284
49,bernoulli,54,none,0.3,1.0,raw,none,,8,0.4116331123597554,0.6086500220945646,0.2832212771155963,0.9299119207286558
11,bernoulli,54,none,0.3,1.0,raw,none,,11,0.402165956935396,0.6412698412698413,0.2980045488533602,0.9200996884735202
14,bernoulli,54,none,0.3,1.0,raw,none,,10,0.4313083768116031,0.5452732440858243,0.2962909273454775,0.9195526873244988
2,bernoulli,54,none,0.3,1.0,raw,none,,23,0.4443104830986004,0.564001937984496,0.2660001461774381,0.9437939110070258
0,bernoulli,54,none,0.3,1.0,raw,none,,19,0.4514332299176429,0.5468031189083822,0.3149983435920276,0.8836842105263157
28,bernoulli,54,none,0.3,1.0,raw,none,,9,0.4657175682527443,0.5692772313594254,0.2986453750393059,0.9172350283461396
22,bernoulli,54,none,0.3,1.0,raw,none,,13,0.4185340481082609,0.6888190076869323,0.3167817983555777,0.8819813829787233
39,bernoulli,54,none,0.3,1.0,raw,none,,9,0.4032681041113515,0.6846005154639176,0.3265422728082923,0.8980292841964311
31,bernoulli,54,none,0.3,1.0,raw,none,,10,0.4403736391796317,0.6051757812499999,0.3080383082491882,0.9080786339503516
47,bernoulli,54,none,0.3,1.0,raw,none,,10,0.4337408829975872,0.5540391597510373,0.3275276263975304,0.8917748917748919
27,bernoulli,54,none,0.3,1.0,raw,none,,10,0.4438264042264123,0.6181056758442485,0.3076244898338071,0.9068539219401288
13,bernoulli,54,none,0.3,1.0,raw,none,,9,0.3903023149919186,0.7450354609929077,0.3024809114683612,0.907764616387742
26,bernoulli,54,none,0.3,1.0,raw,none,,10,0.4385005884873411,0.5966585907530789,0.3264773531613008,0.8819633353045535
10,bernoulli,54,none,0.3,1.0,raw,none,,19,0.4334982689555628,0.5989312017244477,0.3166701664333862,0.9069225883847294
38,bernoulli,54,none,0.3,1.0,raw,none,,9,0.4109912184498761,0.6841627061783617,0.2833763513562289,0.9406283207542028
23,bernoulli,54,none,0.3,1.0,raw,none,,9,0.4338784357207997,0.5783582089552238,0.2870923121565704,0.920811170212766
15,bernoulli,54,none,0.3,1.0,raw,none,,10,0.4281347134455835,0.579124579124579,0.2396525027451812,0.9594810379241516
7,bernoulli,54,none,0.3,1.0,raw,none,,21,0.4327577659619717,0.4626225490196078,0.3070758840523497,0.9157046657046656
24,bernoulli,54,none,0.3,1.0,raw,none,,9,0.455954138312984,0.6250803212851406,0.3125807896133189,0.9110795454545454
21,bernoulli,54,none,0.3,1.0,raw,none,,9,0.436193371269874,0.5714099692692327,0.3427805451528379,0.8834238528042563
45,bernoulli,54,none,0.3,1.0,raw,none,,9,0.446262968206172,0.5608837209302325,0.3347150272514592,0.8837166172106825
9,bernoulli,54,none,0.3,1.0,raw,none,,14,0.4350963023891106,0.6094584749878581,0.2942691046177322,0.9163763066202092
6,bernoulli,54,none,0.3,1.0,raw,none,,9,0.4457682402350642,0.5736241217798594,0.2872863794817225,0.9251676078671378
4,bernoulli,54,none,0.3,1.0,raw,none,,17,0.450307157777313,0.5950909798579351,0.2892055157684166,0.932896379525593
44,bernoulli,54,none,0.3,1.0,raw,none,,9,0.4309150846542406,0.6044791410540119,0.2994994681843986,0.9153030566384426
41,bernoulli,54,none,0.3,1.0,raw,none,,9,0.4676984595493414,0.5205096073517126,0.2994970924430545,0.927249297094658
5,bernoulli,54,none,0.3,1.0,raw,none,,20,0.4391904257669706,0.5616056397306397,0.3143731957491903,0.8922067410533618
37,bernoulli,54,none,0.3,1.0,raw,none,,8,0.4225354676059776,0.6056474673202614,0.2708246324437564,0.9272292175253758
35,bernoulli,54,none,0.3,1.0,raw,none,,10,0.4565829336044298,0.5306407447973713,0.298828935310412,0.910493827160494
42,bernoulli,54,none,0.3,1.0,raw,none,,9,0.4311330927075167,0.5693224725298035,0.2940827742143675,0.9207221350078492
19,bernoulli,54,none,0.3,1.0,raw,none,,10,0.415378046166371,0.6259975272563786,0.2908534295649948,0.9210691976175488
36,bernoulli,54,none,0.3,1.0,raw,none,,10,0.446603993623006,0.6105082809822959,0.3525569203257648,0.8730706075533662
16,bernoulli,54,none,0.3,1.0,raw,none,,12,0.4504579452399123,0.5482812681453955,0.2958508695634445,0.9062591294186386
12,bernoulli,54,none,0.3,1.0,raw,none,,16,0.4545243458831647,0.4976899976899976,0.3232543804715672,0.8751658704883227
3,bernoulli,54,none,0.3,1.0,raw,none,,22,0.4513410936222087,0.5470640470640471,0.3215038543955119,0.8957944689903453
8,bernoulli,54,none,0.3,1.0,raw,none,,9,0.4486224487595652,0.5209921355111917,0.3406431836340585,0.8934576287517464
17,bernoulli,54,none,0.3,1.0,raw,none,,9,0.4181780246646897,0.6874700239808154,0.3173535494885507,0.9046816479400748
20,bernoulli,54,none,0.3,1.0,raw,none,,9,0.4593997942143495,0.5525168699442559,0.2702811493085572,0.9388341543513956
43,bernoulli,54,none,0.3,1.0,raw,none,,10,0.4091661036747143,0.5758704313182055,0.2454347415241588,0.9553951367781156
34,bernoulli,54,none,0.3,1.0,raw,none,,10,0.4171142399502941,0.6209421527947279,0.3120822856543407,0.9193934808650148
32,bernoulli,54,none,0.3,1.0,raw,none,,10,0.4168278461879635,0.6159806295399515,0.3074354694661559,0.9093726163234171
18,bernoulli,54,none,0.3,1.0,raw,none,,10,0.4361166712314696,0.5532849923093826,0.303774296569826,0.914122914122914
1,bernoulli,54,none,0.3,1.0,raw,none,,23,0.4323467675294338,0.609227521112767,0.2956469256917809,0.9269375213383408
33,bernoulli,54,none,0.3,1.0,raw,none,,10,0.429393459628453,0.6590106007067138,0.2800058157138049,0.9251645131850714
46,bernoulli,54,none,0.3,1.0,raw,none,,11,0.4306240625468155,0.6074315514993481,0.2820993156403844,0.9297649463464488
40,bernoulli,54,none,0.3,1.0,raw,none,,9,0.4571058587366243,0.5209012681159421,0.2958744152628991,0.9280392959476056
48,bernoulli,54,none,0.3,1.0,raw,none,,10,0.41974795976135,0.6330409356725146,0.3437776987880478,0.8426440196331697
30,bernoulli,54,none,0.3,1.0,raw,none,,11,0.4158235921591541,0.5844249242307494,0.2919177212378027,0.9175257731958764
29,bernoulli,54,none,0.3,1.0,raw,none,,9,0.4395325482970047,0.5697911500523503,0.3174229640505429,0.9378257847793352
11,bernoulli,54,none,0.3,1.0,raw,none,,12,0.4045314200626751,0.6327929753461667,0.2901634566069981,0.9271028037383178
14,bernoulli,54,none,0.3,1.0,raw,none,,11,0.4324357662020066,0.5441729323308271,0.2936334952168497,0.9147002315384992
25,bernoulli,54,none,0.3,1.0,raw,none,,9,0.407746968174462,0.5304255319148936,0.2524693693098406,0.9490909090909092
2,bernoulli,54,none,0.3,1.0,raw,none,,24,0.4436885771082082,0.5550387596899226,0.2567695851066741,0.953551912568306
49,bernoulli,54,none,0.3,1.0,raw,none,,9,0.4135343313967894,0.6241714538223597,0.2822440382882812,0.932939645681113
39,bernoulli,54,none,0.3,1.0,raw,none,,10,0.4064100940409619,0.6379581901489118,0.3247609832226399,0.905248449917038
22,bernoulli,54,none,0.3,1.0,raw,none,,14,0.4167599891421976,0.6579315164220825,0.3157096187543903,0.8806213733075435
47,bernoulli,54,none,0.3,1.0,raw,none,,11,0.4421062152140926,0.5614626556016598,0.3301275430738089,0.8941622103386809
27,bernoulli,54,none,0.3,1.0,raw,none,,11,0.4436134249095309,0.5891472868217054,0.3082767621007075,0.904840848806366
0,bernoulli,54,none,0.3,1.0,raw,none,,20,0.4516099066747517,0.5591812865497076,0.3132734264433806,0.8864912280701754
26,bernoulli,54,none,0.3,1.0,raw,none,,11,0.4405959802905668,0.5343731072077529,0.3278070112447095,0.8783264340626848
31,bernoulli,54,none,0.3,1.0,raw,none,,11,0.4448983625808854,0.5958251953124999,0.3046240251397965,0.9093987659635528
10,bernoulli,54,none,0.3,1.0,raw,none,,20,0.4359476956504894,0.5215331417280402,0.3173868619220337,0.8864112153929387
28,bernoulli,54,none,0.3,1.0,raw,none,,10,0.4647558594006499,0.582744970003673,0.3045585310466197,0.9069037957926848
38,bernoulli,54,none,0.3,1.0,raw,none,,10,0.4090359055082722,0.6752865529773554,0.2787024033542398,0.945778044194981
13,bernoulli,54,none,0.3,1.0,raw,none,,10,0.3940538785386109,0.7534954407294833,0.3021199543996822,0.9079819604433818
7,bernoulli,54,none,0.3,1.0,raw,none,,22,0.4327961226576973,0.5570363562091504,0.3059635584159654,0.9123857623857624
15,bernoulli,54,none,0.3,1.0,raw,none,,11,0.4293868833949162,0.5422745978301533,0.2305446111968017,0.9607185628742516
23,bernoulli,54,none,0.3,1.0,raw,none,,10,0.4380800455133398,0.559028627355028,0.2836870859575496,0.939627659574468
24,bernoulli,54,none,0.3,1.0,raw,none,,10,0.4490426755071849,0.6292369477911647,0.3004560694446338,0.9132575757575756
45,bernoulli,54,none,0.3,1.0,raw,none,,10,0.4484684358619226,0.5593953488372093,0.3265427747728488,0.900831920305214
21,bernoulli,54,none,0.3,1.0,raw,none,,10,0.4362319895024176,0.557398822855357,0.33845216472763,0.8843382841941919
6,bernoulli,54,none,0.3,1.0,raw,none,,10,0.4466776585501563,0.5430571818891491,0.2840765146380117,0.9347372520655408
4,bernoulli,54,none,0.3,1.0,raw,none,,18,0.452109893408294,0.5779896857059452,0.2942029008126543,0.9133753262966748
41,bernoulli,54,none,0.3,1.0,raw,none,,10,0.4681977834003779,0.5089807852965748,0.3005398487551902,0.927425023430178
9,bernoulli,54,none,0.3,1.0,raw,none,,15,0.4358196174360974,0.5787396794560467,0.2924084582704565,0.9127831010452964
5,bernoulli,54,none,0.3,1.0,raw,none,,21,0.4371749317415858,0.5744949494949494,0.3136818828387656,0.8917442331040064
37,bernoulli,54,none,0.3,1.0,raw,none,,9,0.4314462215332844,0.584890727124183,0.2853576784829689,0.9273095207503532
44,bernoulli,54,none,0.3,1.0,raw,none,,10,0.4325826557921809,0.6002171953118597,0.2990965043191113,0.9096416954286992
35,bernoulli,54,none,0.3,1.0,raw,none,,11,0.4564477341815789,0.5676889375684557,0.2968283792329878,0.9122942386831276
42,bernoulli,54,none,0.3,1.0,raw,none,,10,0.4325500849571052,0.5870349157863476,0.2959233767634857,0.9177917320774464
19,bernoulli,54,none,0.3,1.0,raw,none,,11,0.419179748529464,0.6099808924356523,0.2898496915100322,0.92053653576098
36,bernoulli,54,none,0.3,1.0,raw,none,,11,0.4419721672186552,0.6221444888635066,0.3569940601904584,0.861904761904762
3,bernoulli,54,none,0.3,1.0,raw,none,,23,0.4515865781495835,0.5678765678765679,0.3235880680957652,0.8907216494845361
12,bernoulli,54,none,0.3,1.0,raw,none,,17,0.455229787153671,0.5229845229845229,0.3313839830384676,0.8754644373673037
16,bernoulli,54,none,0.3,1.0,raw,none,,13,0.4542377226770695,0.4698931599117408,0.3049682644061243,0.8919442009932808
8,bernoulli,54,none,0.3,1.0,raw,none,,10,0.4401939251653,0.5330913490623109,0.3241359765893364,0.8927349809702751
43,bernoulli,54,none,0.3,1.0,raw,none,,11,0.4111703597295819,0.5597609561752989,0.2581891141197854,0.9473784194528876
17,bernoulli,54,none,0.3,1.0,raw,none,,10,0.4095406772149946,0.6855515587529977,0.3077039687045786,0.8866104868913858
20,bernoulli,54,none,0.3,1.0,raw,none,,10,0.4596523051270598,0.5167442055408861,0.2661251800396741,0.935771125426298
34,bernoulli,54,none,0.3,1.0,raw,none,,11,0.4168109902134188,0.618501342445692,0.3095821534789352,0.9192358615471912
18,bernoulli,54,none,0.3,1.0,raw,none,,11,0.4366000148844399,0.5778125686662272,0.3017699970637146,0.9183092040234896
32,bernoulli,54,none,0.3,1.0,raw,none,,11,0.4182017915570119,0.6443368307775087,0.3055693263264567,0.911780129672006
46,bernoulli,54,none,0.3,1.0,raw,none,,12,0.4379621346961106,0.5832029552368535,0.2891865541415043,0.9369443025038324
30,bernoulli,54,none,0.3,1.0,raw,none,,12,0.4160738980309452,0.5897672985051625,0.2914236268086023,0.9218388386282348
40,bernoulli,54,none,0.3,1.0,raw,none,,10,0.4583913990288191,0.5041666666666667,0.2986561897663352,0.9074362123072724
33,bernoulli,54,none,0.3,1.0,raw,none,,11,0.4255126665966644,0.6503915576353739,0.2822060363063451,0.9205773572217686
48,bernoulli,54,none,0.3,1.0,raw,none,,11,0.4243316472063229,0.6125730994152047,0.3492159734525967,0.858079307672436
1,bernoulli,54,none,0.3,1.0,raw,none,,24,0.4330612383667324,0.5789555389965225,0.2969775399255281,0.925458063047684
29,bernoulli,54,none,0.3,1.0,raw,none,,10,0.4249737457973639,0.6225822449991733,0.2803815307587891,0.9251998146646588
11,bernoulli,54,none,0.3,1.0,raw,none,,13,0.4063475748404467,0.6525498142519419,0.2938147853875228,0.9246355140186916
14,bernoulli,54,none,0.3,1.0,raw,none,,12,0.4320123202710655,0.5925866495507061,0.2964386368202321,0.9109315729838908
2,bernoulli,54,none,0.3,1.0,raw,none,,25,0.4438858939004682,0.5555232558139535,0.2546341073641111,0.9549505594587562
25,bernoulli,54,none,0.3,1.0,raw,none,,10,0.4041432627885514,0.5396808510638298,0.2570857149757806,0.9430751964085298
22,bernoulli,54,none,0.3,1.0,raw,none,,15,0.4200705509024421,0.622711390635919,0.3145214267263639,0.8807724854932302
47,bernoulli,54,none,0.3,1.0,raw,none,,12,0.4358795503499699,0.5700207468879668,0.3179616139991312,0.908645276292335
49,bernoulli,54,none,0.3,1.0,raw,none,,10,0.4122377168665756,0.6843239063190456,0.2855791196347146,0.924031628465619
27,bernoulli,54,none,0.3,1.0,raw,none,,12,0.4421992647472879,0.6100864296533903,0.3064671043685556,0.908038082607048
39,bernoulli,54,none,0.3,1.0,raw,none,,11,0.4042834772663579,0.6690292096219931,0.3157186926213295,0.8983494891275872
26,bernoulli,54,none,0.3,1.0,raw,none,,12,0.4415109898353964,0.5682919442761962,0.3268930605608959,0.8731224127735068
10,bernoulli,54,none,0.3,1.0,raw,none,,21,0.4367458792297179,0.5564487156457697,0.3160175596915908,0.9104038764613176
0,bernoulli,54,none,0.3,1.0,raw,none,,21,0.4520306856143301,0.5679922027290448,0.3164339642102087,0.8761904761904762
31,bernoulli,54,none,0.3,1.0,raw,none,,12,0.4424406607491122,0.5992919921875,0.306973707713422,0.9068732960252548
38,bernoulli,54,none,0.3,1.0,raw,none,,11,0.4125628755796307,0.6782219737209952,0.2856911515232249,0.9394294433394184
7,bernoulli,54,none,0.3,1.0,raw,none,,23,0.4334174648404206,0.5618872549019608,0.3067475150830786,0.918037518037518
23,bernoulli,54,none,0.3,1.0,raw,none,,11,0.4347521969211605,0.5597014925373135,0.288351356955038,0.9199135638297872
15,bernoulli,54,none,0.3,1.0,raw,none,,12,0.4301825878977403,0.5406534480608555,0.231526782991719,0.9663473053892216
13,bernoulli,54,none,0.3,1.0,raw,none,,11,0.3921838934987118,0.742451874366768,0.3013970029647435,0.913469897848294
28,bernoulli,54,none,0.3,1.0,raw,none,,11,0.4655537512371122,0.5737256662449496,0.3120662181937578,0.9014935681602348
6,bernoulli,54,none,0.3,1.0,raw,none,,11,0.4466312190332046,0.5876756440281029,0.2905059934833304,0.9295351489693158
24,bernoulli,54,none,0.3,1.0,raw,none,,11,0.4515973021615894,0.5981325301204818,0.3034164251872059,0.9137073863636364
45,bernoulli,54,none,0.3,1.0,raw,none,,11,0.4531637043701209,0.5786046511627907,0.3334827448350146,0.8973081814328105
21,bernoulli,54,none,0.3,1.0,raw,none,,11,0.4355028925699992,0.5605500286473253,0.3314517517902994,0.8759698514741743
4,bernoulli,54,none,0.3,1.0,raw,none,,19,0.4514679865941213,0.5500389218643573,0.2894401145821909,0.9334922256270572
9,bernoulli,54,none,0.3,1.0,raw,none,,16,0.4371134549002513,0.5766755706653716,0.2918140544200421,0.9173562717770036
41,bernoulli,54,none,0.3,1.0,raw,none,,11,0.4676751847899595,0.5223893065998328,0.3022048996074995,0.9225339737582006
35,bernoulli,54,none,0.3,1.0,raw,none,,12,0.4552058093992514,0.5081325301204819,0.2960002963058174,0.906599059376837
5,bernoulli,54,none,0.3,1.0,raw,none,,22,0.4477522921767101,0.5803345959595959,0.3315698896442101,0.8904723362432792
37,bernoulli,54,none,0.3,1.0,raw,none,,10,0.4245843951923592,0.6152982026143791,0.2744114560040803,0.9239046640113068
19,bernoulli,54,none,0.3,1.0,raw,none,,12,0.4187780548775412,0.5714847701472405,0.3017777248096486,0.9185753716527044
42,bernoulli,54,none,0.3,1.0,raw,none,,11,0.4348763577636593,0.5506342539561325,0.293888986456706,0.9107273678702248
44,bernoulli,54,none,0.3,1.0,raw,none,,11,0.4328333915047698,0.5807105974920088,0.2982036323333174,0.9058426240905818
3,bernoulli,54,none,0.3,1.0,raw,none,,24,0.4515108758792998,0.5678765678765679,0.3284507564950885,0.8961544755359189
36,bernoulli,54,none,0.3,1.0,raw,none,,12,0.4710560025959873,0.6116861793260994,0.426263099088785,0.8743431855500821
43,bernoulli,54,none,0.3,1.0,raw,none,,12,0.4116738173633392,0.5857439805993419,0.2494327845824276,0.9568768996960486
12,bernoulli,54,none,0.3,1.0,raw,none,,18,0.454921089550338,0.488103488103488,0.3185129438843678,0.8764596602972399
8,bernoulli,54,none,0.3,1.0,raw,none,,11,0.4413688947686963,0.5193789070377092,0.3201319953514614,0.89177145059498
16,bernoulli,54,none,0.3,1.0,raw,none,,14,0.4568231385955022,0.5448844501219371,0.3055804567895165,0.893916155419223
18,bernoulli,54,none,0.3,1.0,raw,none,,12,0.4371384250509019,0.5612502746649088,0.300312903758243,0.922059422059422
34,bernoulli,54,none,0.3,1.0,raw,none,,12,0.4185005797401523,0.6206167114148564,0.3068916605293963,0.9269592081205472
17,bernoulli,54,none,0.3,1.0,raw,none,,11,0.4121662118777861,0.6871103117505994,0.3024365960226091,0.8924157303370785
20,bernoulli,54,none,0.3,1.0,raw,none,,11,0.4592798134414747,0.5160107297036758,0.2644632261479846,0.9359921687507896
32,bernoulli,54,none,0.3,1.0,raw,none,,12,0.4181688667459692,0.6355125100887813,0.3089759246789494,0.9092295957284516
46,bernoulli,54,none,0.3,1.0,raw,none,,13,0.4344856436896073,0.5452846588439809,0.2839233185881163,0.936561062851303
30,bernoulli,54,none,0.3,1.0,raw,none,,13,0.4182772344739197,0.5559151384394102,0.2928198245139033,0.9159741216074058
11,bernoulli,54,none,0.3,1.0,raw,none,,14,0.4070660574412157,0.6528199932455252,0.2989672168825159,0.919202492211838
14,bernoulli,54,none,0.3,1.0,raw,none,,13,0.4337981146254839,0.5693654868879516,0.2938702256120318,0.9144046504753928
40,bernoulli,54,none,0.3,1.0,raw,none,,11,0.4588428197865707,0.4855072463768115,0.2979811089627588,0.919607040523946
48,bernoulli,54,none,0.3,1.0,raw,none,,12,0.4222909678036377,0.6358952937900306,0.3431805098125153,0.8538168431929734
1,bernoulli,54,none,0.3,1.0,raw,none,,25,0.4356412058405973,0.6059053651266767,0.2978833416104167,0.9284454307499715
2,bernoulli,54,none,0.3,1.0,raw,none,,26,0.4446074442267703,0.5567829457364342,0.2591934930592831,0.9517629456154046
33,bernoulli,54,none,0.3,1.0,raw,none,,12,0.4321608536974554,0.6691576735746347,0.2779248020710488,0.9280224794658724
29,bernoulli,54,none,0.3,1.0,raw,none,,11,0.4256259740070508,0.6144817325177715,0.2823023446844782,0.9355090930151744
47,bernoulli,54,none,0.3,1.0,raw,none,,13,0.4363008482081728,0.5756613070539419,0.3316704978114571,0.8896422205245734
39,bernoulli,54,none,0.3,1.0,raw,none,,12,0.4166243670768061,0.6713917525773196,0.3356774232723072,0.8783803452391349
27,bernoulli,54,none,0.3,1.0,raw,none,,13,0.4445942892686809,0.5956072351421189,0.3132603336305747,0.9077065176203108
26,bernoulli,54,none,0.3,1.0,raw,none,,13,0.4416474383894988,0.5517867958812841,0.3321410726793757,0.8785334121821408
25,bernoulli,54,none,0.3,1.0,raw,none,,11,0.4121253385661027,0.5081914893617021,0.251910331699631,0.94648709315376
22,bernoulli,54,none,0.3,1.0,raw,none,,16,0.4184990842825147,0.6242487770789658,0.3159226265376726,0.887602756286267
10,bernoulli,54,none,0.3,1.0,raw,none,,22,0.4366664609502109,0.5736931920244297,0.3155156304875117,0.8952555688848117
38,bernoulli,54,none,0.3,1.0,raw,none,,12,0.4141293417763165,0.7103718199608611,0.2857951622940257,0.9397836571210594
49,bernoulli,54,none,0.3,1.0,raw,none,,11,0.4148667819423772,0.6610969951391958,0.2833173587213295,0.9305374837353618
7,bernoulli,54,none,0.3,1.0,raw,none,,24,0.4333577759738853,0.5633169934640523,0.3067102292510163,0.9168590668590668
31,bernoulli,54,none,0.3,1.0,raw,none,,13,0.4439841586167323,0.5959472656250001,0.307932652584145,0.9157985363753768
15,bernoulli,54,none,0.3,1.0,raw,none,,13,0.4306065354451026,0.540528744232448,0.2340447483283187,0.9615169660678644
0,bernoulli,54,none,0.3,1.0,raw,none,,22,0.4528854493271026,0.565224171539961,0.3147288351745099,0.8777192982456139
23,bernoulli,54,none,0.3,1.0,raw,none,,12,0.436640508258918,0.5636163445069733,0.2912760599699371,0.9268949468085108
13,bernoulli,54,none,0.3,1.0,raw,none,,12,0.3924590732108353,0.7200607902735562,0.3127614596452985,0.8930123886111715
28,bernoulli,54,none,0.3,1.0,raw,none,,12,0.4655550635383154,0.565440966412276,0.3073214608096877,0.9076807965696856
6,bernoulli,54,none,0.3,1.0,raw,none,,12,0.4469381741238731,0.6023614363778298,0.2859731235096764,0.928784043174674
24,bernoulli,54,none,0.3,1.0,raw,none,,12,0.4531501401306915,0.5948192771084337,0.3021807129974507,0.9152935606060606
45,bernoulli,54,none,0.3,1.0,raw,none,,12,0.4487318302503318,0.5263255813953489,0.3339342559329885,0.8893334039847393
21,bernoulli,54,none,0.3,1.0,raw,none,,12,0.4383489512276855,0.5353143392885046,0.3393146298212202,0.8836455331412103
35,bernoulli,54,none,0.3,1.0,raw,none,,13,0.4565470975801352,0.4783132530120481,0.2961478865761727,0.9127351557907112
4,bernoulli,54,none,0.3,1.0,raw,none,,20,0.4514922618688672,0.601488761311667,0.2917930791727976,0.9105947111565088
41,bernoulli,54,none,0.3,1.0,raw,none,,12,0.4689010853468671,0.5022138680033417,0.3086959814392122,0.916588566073102
9,bernoulli,54,none,0.3,1.0,raw,none,,17,0.4366455419389489,0.6240893637688198,0.2939535627759787,0.9181184668989548
5,bernoulli,54,none,0.3,1.0,raw,none,,23,0.4381480186172952,0.5901199494949494,0.3183340167846299,0.8859628837370643
37,bernoulli,54,none,0.3,1.0,raw,none,,11,0.4267919600942365,0.6062091503267975,0.276561655161801,0.9302325581395348
19,bernoulli,54,none,0.3,1.0,raw,none,,13,0.4187180051394825,0.6188040912667191,0.2933075662267461,0.921965038012687
42,bernoulli,54,none,0.3,1.0,raw,none,,12,0.4354315463935266,0.5061304144923846,0.2937724596933545,0.9210884353741496
3,bernoulli,54,none,0.3,1.0,raw,none,,25,0.4513874612280285,0.5821123321123322,0.3228946903913353,0.8900998199967272
44,bernoulli,54,none,0.3,1.0,raw,none,,12,0.4336634571300952,0.6031882632571101,0.295810799792683,0.9037320289027388
43,bernoulli,54,none,0.3,1.0,raw,none,,13,0.4153739206665691,0.6029793868006236,0.2585593733742573,0.9537993920972644
36,bernoulli,54,none,0.3,1.0,raw,none,,13,0.4496081281788869,0.6189677327241576,0.353312133475086,0.8648604269293925
12,bernoulli,54,none,0.3,1.0,raw,none,,19,0.4543781709625963,0.5304920304920304,0.3258417366099528,0.8651472929936306
18,bernoulli,54,none,0.3,1.0,raw,none,,13,0.4379078973091124,0.5840199956053614,0.3022482260288339,0.915925344496773
34,bernoulli,54,none,0.3,1.0,raw,none,,13,0.4214255623357872,0.5967781303392726,0.314468975733862,0.9152008070109072
8,bernoulli,54,none,0.3,1.0,raw,none,,12,0.4402342572080899,0.5233716475095785,0.3216038700847111,0.8920364214481862
16,bernoulli,54,none,0.3,1.0,raw,none,,15,0.45118969308257,0.5294681221693183,0.3029607972059887,0.9004163014899211
17,bernoulli,54,none,0.3,1.0,raw,none,,12,0.4129606016223328,0.6837829736211032,0.3086442906000722,0.8898876404494382
20,bernoulli,54,none,0.3,1.0,raw,none,,12,0.4599288313689333,0.5535018232113668,0.2727853081556788,0.9304029304029304
46,bernoulli,54,none,0.3,1.0,raw,none,,14,0.4342840730743211,0.5721208170360714,0.2850095815888347,0.9278742973939704
30,bernoulli,54,none,0.3,1.0,raw,none,,14,0.4184178230496576,0.6071300148970051,0.2915416929460243,0.9236271828318956
32,bernoulli,54,none,0.3,1.0,raw,none,,13,0.4210704797037032,0.6108689803605057,0.3103796190624073,0.917572463768116
11,bernoulli,54,none,0.3,1.0,raw,none,,15,0.4068298786241425,0.6442418101992571,0.2953035524819236,0.9228909657320872
14,bernoulli,54,none,0.3,1.0,raw,none,,14,0.4335794016895471,0.5833944617641665,0.2962583486974104,0.9119907384600224
2,bernoulli,54,none,0.3,1.0,raw,none,,27,0.4465695424255361,0.5748062015503876,0.267019356696557,0.9505919854280512
48,bernoulli,54,none,0.3,1.0,raw,none,,13,0.4254469828058085,0.6051935394040657,0.3440508068186964,0.8618574011883233
47,bernoulli,54,none,0.3,1.0,raw,none,,14,0.4381834039927871,0.5628241701244814,0.3274778046075577,0.8984275528393175
1,bernoulli,54,none,0.3,1.0,raw,none,,26,0.4430119333629709,0.6053154495777446,0.3055964264062516,0.923409582337544
40,bernoulli,54,none,0.3,1.0,raw,none,,12,0.4583167882302788,0.5226902173913044,0.2979756456406373,0.9032337290216949
39,bernoulli,54,none,0.3,1.0,raw,none,,13,0.4089695247369684,0.64790950744559,0.323120255536899,0.8850173201758217
27,bernoulli,54,none,0.3,1.0,raw,none,,14,0.445201960446496,0.6076361044284059,0.3059775235119478,0.9116142478211444
26,bernoulli,54,none,0.3,1.0,raw,none,,14,0.4424441128799837,0.5549666868564506,0.3323668410830208,0.8819929036073328
38,bernoulli,54,none,0.3,1.0,raw,none,,13,0.4094395870481058,0.6436259435280961,0.2753847811464401,0.9478760796708536
33,bernoulli,54,none,0.3,1.0,raw,none,,13,0.4312511603021907,0.6407219940788844,0.2827157265973842,0.9226908112781592
29,bernoulli,54,none,0.3,1.0,raw,none,,12,0.4271878448016122,0.6203780239157988,0.2797423458134606,0.9375361983088152
7,bernoulli,54,none,0.3,1.0,raw,none,,25,0.4347950729172107,0.5224673202614379,0.3087326533931137,0.9126262626262628
22,bernoulli,54,none,0.3,1.0,raw,none,,17,0.4209736803247638,0.5736547868623341,0.3162355904632375,0.8809538201160542
10,bernoulli,54,none,0.3,1.0,raw,none,,23,0.4430404053445899,0.6223953655469733,0.3253521927465517,0.8885752593324394
25,bernoulli,54,none,0.3,1.0,raw,none,,12,0.4097779482142143,0.5562765957446809,0.2499049348685666,0.9483277216610552
49,bernoulli,54,none,0.3,1.0,raw,none,,12,0.4148085728330535,0.6584180291648255,0.2841500204534689,0.93098788910019
31,bernoulli,54,none,0.3,1.0,raw,none,,14,0.4461490737093149,0.597119140625,0.3097005503971689,0.905237480269766
15,bernoulli,54,none,0.3,1.0,raw,none,,14,0.4384357798754011,0.5806833769796733,0.2385782751299881,0.967185628742515
23,bernoulli,54,none,0.3,1.0,raw,none,,13,0.4430562970607987,0.5297895767066308,0.3008050042222492,0.9216090425531916
0,bernoulli,54,none,0.3,1.0,raw,none,,23,0.4528559181769281,0.5803898635477582,0.3187124131985919,0.8812781954887218
13,bernoulli,54,none,0.3,1.0,raw,none,,13,0.3961199697209423,0.7581053698074974,0.3000106104325453,0.9018148228645948
28,bernoulli,54,none,0.3,1.0,raw,none,,13,0.4645285459324891,0.5876627351752847,0.3037391477773351,0.9039684595240152
6,bernoulli,54,none,0.3,1.0,raw,none,,13,0.4476478143133539,0.5893345042935206,0.2897326588127518,0.9170723565248838
24,bernoulli,54,none,0.3,1.0,raw,none,,13,0.4595581688595765,0.6217269076305221,0.3148694214873767,0.9170217803030304
45,bernoulli,54,none,0.3,1.0,raw,none,,13,0.4488022573534996,0.5746976744186046,0.3342476972338002,0.8972286986011022
35,bernoulli,54,none,0.3,1.0,raw,none,,14,0.4544592484364445,0.5537787513691128,0.29500872867812,0.9089322457378012
21,bernoulli,54,none,0.3,1.0,raw,none,,13,0.4461608635811556,0.5363300171883952,0.3422698644685918,0.8752493903790733
4,bernoulli,54,none,0.3,1.0,raw,none,,21,0.4524261083390026,0.5812007395154227,0.2914073407150188,0.9337475882419702
41,bernoulli,54,none,0.3,1.0,raw,none,,13,0.4684598183484375,0.5127610693400166,0.3103256517256691,0.9168814432989691
19,bernoulli,54,none,0.3,1.0,raw,none,,14,0.4178570749704308,0.6181859053613578,0.2906171772016811,0.9185027359449904
5,bernoulli,54,none,0.3,1.0,raw,none,,24,0.4456195609200833,0.5743897306397306,0.3343984256987953,0.8805573220789732
9,bernoulli,54,none,0.3,1.0,raw,none,,18,0.4378872417826293,0.5794681884409908,0.2923871689180766,0.915795586527294
3,bernoulli,54,none,0.3,1.0,raw,none,,26,0.4524902139574983,0.5308025308025308,0.3239619375480181,0.8913762068401243
42,bernoulli,54,none,0.3,1.0,raw,none,,13,0.4361887764803411,0.5618344575961987,0.2968854525884305,0.9107796964939822
37,bernoulli,54,none,0.3,1.0,raw,none,,12,0.4258721805733346,0.6192810457516339,0.2682721541811805,0.930618013619427
43,bernoulli,54,none,0.3,1.0,raw,none,,14,0.4130607940019842,0.5898146544257751,0.2686385283944413,0.9492401215805472
44,bernoulli,54,none,0.3,1.0,raw,none,,13,0.4352173178539596,0.6023071879354153,0.2965146940105847,0.9073324559878828
36,bernoulli,54,none,0.3,1.0,raw,none,,14,0.4507300455243357,0.6143275271273559,0.3560074926120963,0.8585796387520526
18,bernoulli,54,none,0.3,1.0,raw,none,,14,0.4385418238001501,0.5800922874093606,0.3058038702596372,0.9152567009709868
34,bernoulli,54,none,0.3,1.0,raw,none,,14,0.4204916880519784,0.62675941745993,0.3115296437951711,0.914097471786142
16,bernoulli,54,none,0.3,1.0,raw,none,,16,0.4569847702779588,0.5440715364069214,0.3002071475076827,0.9025708442886358
12,bernoulli,54,none,0.3,1.0,raw,none,,20,0.4554332935279814,0.4581312081312081,0.3228745343296889,0.8906581740976646
8,bernoulli,54,none,0.3,1.0,raw,none,,13,0.4502219070225383,0.5817705182496472,0.3337909294419954,0.8909042732572144
46,bernoulli,54,none,0.3,1.0,raw,none,,15,0.4336522896229765,0.5912646675358539,0.283315636220051,0.9276699029126214
30,bernoulli,54,none,0.3,1.0,raw,none,,15,0.420659273885286,0.6065906405712231,0.2910562141326199,0.913528297917105
20,bernoulli,54,none,0.3,1.0,raw,none,,13,0.4602267556182234,0.5110021375581542,0.2701424013893915,0.9315713022609576
17,bernoulli,54,none,0.3,1.0,raw,none,,13,0.4153265821080162,0.6859112709832134,0.3073620419278199,0.9004681647940075
11,bernoulli,54,none,0.3,1.0,raw,none,,16,0.4091557425182099,0.6305977710233028,0.2978355653563018,0.9221682242990654
32,bernoulli,54,none,0.3,1.0,raw,none,,14,0.422100254251891,0.6372343287597524,0.3117279648912641,0.9099685354691076
14,bernoulli,54,none,0.3,1.0,raw,none,,15,0.4336222733747014,0.5605400696864111,0.295308560642832,0.924626828907828
2,bernoulli,54,none,0.3,1.0,raw,none,,28,0.4446583343291862,0.6150193798449612,0.2543405047138288,0.955015612802498
47,bernoulli,54,none,0.3,1.0,raw,none,,15,0.4377539612859358,0.5533584024896265,0.3224527567074696,0.8995416348357526
26,bernoulli,54,none,0.3,1.0,raw,none,,15,0.4420324963753996,0.5402281445588532,0.3225715225774652,0.8774689532820816
39,bernoulli,54,none,0.3,1.0,raw,none,,14,0.4162382864234707,0.6454395761741123,0.3271416848467914,0.9080429656798532
27,bernoulli,54,none,0.3,1.0,raw,none,,15,0.4431176387837229,0.6515637530072173,0.3124282873840163,0.9001989389920424
48,bernoulli,54,none,0.3,1.0,raw,none,,14,0.4228826603896151,0.6482525758841549,0.3439400537663958,0.8514595711702403
38,bernoulli,54,none,0.3,1.0,raw,none,,14,0.4180800387809216,0.7464006150405368,0.2866565870829702,0.9407373096100924
7,bernoulli,54,none,0.3,1.0,raw,none,,26,0.4339834300802607,0.5793760212418301,0.3104510369357097,0.9021645021645022
40,bernoulli,54,none,0.3,1.0,raw,none,,13,0.4575729094708439,0.5232789855072464,0.2961715092879372,0.9187610860963296
1,bernoulli,54,none,0.3,1.0,raw,none,,27,0.4432688717329041,0.5928340784898162,0.2978517876295896,0.9269375213383408
22,bernoulli,54,none,0.3,1.0,raw,none,,18,0.4206951384995002,0.6626834381551362,0.3164370133315037,0.8808329303675049
10,bernoulli,54,none,0.3,1.0,raw,none,,24,0.4360811010676938,0.589276091252021,0.3178700389932457,0.891797803024957
29,bernoulli,54,none,0.3,1.0,raw,none,,13,0.4281241326427723,0.6550394004518653,0.2846151207996522,0.9359434727209544
33,bernoulli,54,none,0.3,1.0,raw,none,,14,0.4264738591636472,0.6782542259574063,0.2802597733732274,0.9282626446995532
15,bernoulli,54,none,0.3,1.0,raw,none,,15,0.4327180628569643,0.541027559546078,0.2306462994098362,0.9667065868263472
31,bernoulli,54,none,0.3,1.0,raw,none,,15,0.4427043091834186,0.5590332031249999,0.3027976308386335,0.9139331324436792
25,bernoulli,54,none,0.3,1.0,raw,none,,13,0.4114521082475613,0.5088297872340426,0.2506373298494525,0.9428956228956228
23,bernoulli,54,none,0.3,1.0,raw,none,,14,0.4416178474646061,0.5663383900171275,0.287933360930151,0.9258643617021276
49,bernoulli,54,none,0.3,1.0,raw,none,,13,0.4141422410871186,0.6639416703490941,0.2830265941929791,0.9273095786207588
6,bernoulli,54,none,0.3,1.0,raw,none,,14,0.4494352399535548,0.5793325526932085,0.2874471014533925,0.923275934013965
0,bernoulli,54,none,0.3,1.0,raw,none,,24,0.4527951388193325,0.5745808966861599,0.3136442692486547,0.8801503759398496
13,bernoulli,54,none,0.3,1.0,raw,none,,14,0.3969161778211469,0.7340425531914894,0.3011630100276483,0.9158878504672896
28,bernoulli,54,none,0.3,1.0,raw,none,,14,0.4656602596527356,0.5722564583928498,0.310863477435848,0.9025583470027916
35,bernoulli,54,none,0.3,1.0,raw,none,,15,0.4568158481677182,0.5629518072289157,0.2937105832133926,0.911081716637272
45,bernoulli,54,none,0.3,1.0,raw,none,,14,0.4481992347765224,0.564139534883721,0.3304523851748108,0.8852532852903773
24,bernoulli,54,none,0.3,1.0,raw,none,,14,0.4517576205281642,0.6122088353413655,0.2980601221542873,0.9203835227272728
21,bernoulli,54,none,0.3,1.0,raw,none,,14,0.4375194306827094,0.5561227147247252,0.3330565833569991,0.8732127022833074
42,bernoulli,54,none,0.3,1.0,raw,none,,14,0.4368300928930531,0.5902167918204573,0.2961922750891052,0.9125588697017268
3,bernoulli,54,none,0.3,1.0,raw,none,,27,0.4528074302679124,0.5354090354090354,0.3230774105082754,0.8843397152675503
19,bernoulli,54,none,0.3,1.0,raw,none,,15,0.4200349522420309,0.6209396425761492,0.2891326123343367,0.9231272093361096
41,bernoulli,54,none,0.3,1.0,raw,none,,14,0.468730322106904,0.4855889724310777,0.303307341760698,0.9266928303655108
4,bernoulli,54,none,0.3,1.0,raw,none,,22,0.4533102216012463,0.5785005351756348,0.2907872808283004,0.91354556803995
43,bernoulli,54,none,0.3,1.0,raw,none,,15,0.4123147208810448,0.6260176684566084,0.2483871933848264,0.9555091185410334
5,bernoulli,54,none,0.3,1.0,raw,none,,25,0.4388888826936944,0.5865688131313131,0.3145315771390196,0.8911660981673123
9,bernoulli,54,none,0.3,1.0,raw,none,,19,0.439041063185875,0.6035089849441477,0.2897012972298028,0.9161585365853658
37,bernoulli,54,none,0.3,1.0,raw,none,,13,0.4276357388969741,0.5846609477124184,0.2710247540139154,0.9259604265707312
18,bernoulli,54,none,0.3,1.0,raw,none,,15,0.4390041855610368,0.5962975170292243,0.3059108335194672,0.9199662771091344
34,bernoulli,54,none,0.3,1.0,raw,none,,15,0.4200526011827007,0.6286713855666748,0.3071848177089374,0.9240590126725932
44,bernoulli,54,none,0.3,1.0,raw,none,,14,0.4352438689528046,0.5981886730595853,0.2948485150581384,0.914111191120602
36,bernoulli,54,none,0.3,1.0,raw,none,,15,0.448848273054967,0.5968018275271275,0.342107468221002,0.865311986863711
46,bernoulli,54,none,0.3,1.0,raw,none,,16,0.4349401207795731,0.5938287700999566,0.2827572831894691,0.9335973428717426
16,bernoulli,54,none,0.3,1.0,raw,none,,17,0.4521520626837326,0.5375101614214378,0.3032154321961774,0.8911773298276366
30,bernoulli,54,none,0.3,1.0,raw,none,,16,0.4193408583772969,0.5864283145836545,0.29354973723501,0.9207342730906796
12,bernoulli,54,none,0.3,1.0,raw,none,,21,0.4558074902032034,0.5023100023100022,0.3240907370387086,0.8780851910828026
8,bernoulli,54,none,0.3,1.0,raw,none,,14,0.4559524062022802,0.4980439604759024,0.348644320514422,0.8890253890253891
2,bernoulli,54,none,0.3,1.0,raw,none,,29,0.4485593683346882,0.506201550387597,0.2663731137696267,0.9469815248503772
14,bernoulli,54,none,0.3,1.0,raw,none,,16,0.4344755948173762,0.5834173849257289,0.2938625434610963,0.9205133257795952
20,bernoulli,54,none,0.3,1.0,raw,none,,14,0.4599409969729262,0.5094513600737667,0.2723539272164217,0.9385499557913352
17,bernoulli,54,none,0.3,1.0,raw,none,,14,0.4153186350154756,0.6818345323741007,0.3069308298722637,0.89229088639201
11,bernoulli,54,none,0.3,1.0,raw,none,,17,0.4074603354276155,0.6300911854103344,0.2932968083087361,0.9266791277258568
47,bernoulli,54,none,0.3,1.0,raw,none,,16,0.4437785246908889,0.5660658713692946,0.3320105938937545,0.8918067226890756
32,bernoulli,54,none,0.3,1.0,raw,none,,15,0.4217958552685059,0.6263653483992466,0.3096280690896949,0.906130816170862
26,bernoulli,54,none,0.3,1.0,raw,none,,16,0.4427413161463849,0.5551685846961438,0.3267926801192959,0.8766410408042579
27,bernoulli,54,none,0.3,1.0,raw,none,,16,0.4463490919479752,0.5820190679853872,0.3085593313023942,0.9052671466464568
22,bernoulli,54,none,0.3,1.0,raw,none,,19,0.4241255318806689,0.6622641509433962,0.3146710558764664,0.8789289168278531
38,bernoulli,54,none,0.3,1.0,raw,none,,15,0.4139833914562779,0.7407045009784736,0.2791740440821992,0.94231764802049
10,bernoulli,54,none,0.3,1.0,raw,none,,25,0.4377650411778741,0.5599514999101851,0.3160806440463935,0.8930915249453109
39,bernoulli,54,none,0.3,1.0,raw,none,,15,0.4181375251912559,0.67024627720504,0.32929172172451,0.8928186766803481
7,bernoulli,54,none,0.3,1.0,raw,none,,27,0.4340196871533248,0.5976817810457518,0.3073581270773657,0.912121212121212
40,bernoulli,54,none,0.3,1.0,raw,none,,14,0.4586008458019081,0.5279891304347827,0.2958066690991787,0.9160594896984584
48,bernoulli,54,none,0.3,1.0,raw,none,,15,0.436123111820261,0.6319270398217767,0.3551959993042615,0.8566584861792819
15,bernoulli,54,none,0.3,1.0,raw,none,,16,0.4353047540417778,0.5651577503429356,0.2291270008582508,0.9697005988023952
31,bernoulli,54,none,0.3,1.0,raw,none,,16,0.4443954427928811,0.5642578125000001,0.3067931506594089,0.9100875304921796
1,bernoulli,54,none,0.3,1.0,raw,none,,28,0.4347227022244881,0.5913748137108793,0.30093580461383,0.9207636280869466
29,bernoulli,54,none,0.3,1.0,raw,none,,14,0.4313110716049451,0.6216730038022813,0.2853603547064866,0.934524499015406
33,bernoulli,54,none,0.3,1.0,raw,none,,15,0.4276316271137102,0.6459984719702035,0.280748503000781,0.9292713386810124
25,bernoulli,54,none,0.3,1.0,raw,none,,14,0.4107673270912054,0.5280851063829788,0.2566876726848875,0.946936026936027
23,bernoulli,54,none,0.3,1.0,raw,none,,15,0.4434123910807604,0.5613224859310006,0.2766269096975691,0.9383976063829788
6,bernoulli,54,none,0.3,1.0,raw,none,,15,0.4489125742534856,0.5861387587822015,0.2865659800477289,0.926920188054636
49,bernoulli,54,none,0.3,1.0,raw,none,,14,0.4159098925123245,0.6485307114449846,0.2834737734100869,0.9313632269042138
35,bernoulli,54,none,0.3,1.0,raw,none,,16,0.4573315505996514,0.5342278203723987,0.2944351752951991,0.9146090534979424
0,bernoulli,54,none,0.3,1.0,raw,none,,25,0.4539385923592808,0.5289863547758284,0.3148036685164551,0.8791228070175439
13,bernoulli,54,none,0.3,1.0,raw,none,,15,0.3987866349267361,0.7450861195542046,0.3045838008377794,0.9115953053683982
28,bernoulli,54,none,0.3,1.0,raw,none,,15,0.4662132605122038,0.5624413337142391,0.3008009173416039,0.9141845808512477
42,bernoulli,54,none,0.3,1.0,raw,none,,15,0.4377809882412717,0.5502100038182512,0.2952616042223564,0.9189691261119832
45,bernoulli,54,none,0.3,1.0,raw,none,,15,0.4488403551047263,0.5585581395348838,0.333688448702215,0.8901017380245868
24,bernoulli,54,none,0.3,1.0,raw,none,,15,0.4545744044123083,0.6304819277108433,0.3035445416789329,0.918536931818182
19,bernoulli,54,none,0.3,1.0,raw,none,,16,0.4202386947270816,0.6594357648645611,0.2931602233797995,0.9193017287298436
21,bernoulli,54,none,0.3,1.0,raw,none,,15,0.4416249501422386,0.5141934475753945,0.3333681791192054,0.8808191088450454
3,bernoulli,54,none,0.3,1.0,raw,none,,28,0.4532479908525698,0.5634920634920635,0.3315401147374053,0.8993618065783014
43,bernoulli,54,none,0.3,1.0,raw,none,,16,0.4122647177993656,0.6030659968820371,0.2413229740046318,0.9528495440729484
41,bernoulli,54,none,0.3,1.0,raw,none,,15,0.4684303624409076,0.5256892230576442,0.3043854145132598,0.924876991565136
4,bernoulli,54,none,0.3,1.0,raw,none,,23,0.4523033717026199,0.6091271771917875,0.2918705000928714,0.9234763363976848
5,bernoulli,54,none,0.3,1.0,raw,none,,26,0.4392850596863879,0.6086121632996633,0.3149837376733661,0.8907324969647916
37,bernoulli,54,none,0.3,1.0,raw,none,,14,0.4367886959832362,0.59375,0.2747338898537368,0.9335410510086084
9,bernoulli,54,none,0.3,1.0,raw,none,,20,0.4382603373442642,0.6055730937348227,0.2963080136720474,0.9113313008130084
18,bernoulli,54,none,0.3,1.0,raw,none,,16,0.4420940644180928,0.5713030103274006,0.3055763850132569,0.9186580615152042
34,bernoulli,54,none,0.3,1.0,raw,none,,16,0.4220454789905071,0.6197217476202099,0.3230159232684821,0.9150431876930836
44,bernoulli,54,none,0.3,1.0,raw,none,,15,0.4416349038212889,0.606077370707319,0.2962812081932325,0.9073076254562612
46,bernoulli,54,none,0.3,1.0,raw,none,,17,0.442597175181416,0.5544545849630595,0.2879777220157827,0.9273888605007664
36,bernoulli,54,none,0.3,1.0,raw,none,,16,0.4472940760729564,0.5950885208452313,0.3409676766087178,0.8664203612479474
30,bernoulli,54,none,0.3,1.0,raw,none,,17,0.4218391473865086,0.5584835876098011,0.292400113436733,0.9193141173995372
16,bernoulli,54,none,0.3,1.0,raw,none,,18,0.4527400947058093,0.5199744512832424,0.2976805774629464,0.9075007303534912
12,bernoulli,54,none,0.3,1.0,raw,none,,22,0.4565203655991811,0.4933298683298683,0.3269918835818202,0.8743696921443737
11,bernoulli,54,none,0.3,1.0,raw,none,,18,0.4076706548260743,0.6530901722391084,0.2950010256628212,0.925582554517134
8,bernoulli,54,none,0.3,1.0,raw,none,,15,0.4568440143446924,0.5471264367816091,0.3498864061929757,0.8957460133930722
2,bernoulli,54,none,0.3,1.0,raw,none,,30,0.4457390733108133,0.5713178294573644,0.2597831634107774,0.9494860785844392
14,bernoulli,54,none,0.3,1.0,raw,none,,17,0.4357734056863031,0.5454337062167613,0.2897859875684511,0.9207965909650722
17,bernoulli,54,none,0.3,1.0,raw,none,,15,0.4157508759870723,0.6874700239808154,0.3024259780727645,0.9046504369538078
20,bernoulli,54,none,0.3,1.0,raw,none,,15,0.4612290543294845,0.5007753887421936,0.2679431680640835,0.939576228369332
27,bernoulli,54,none,0.3,1.0,raw,none,,17,0.4448104002027863,0.6183729840506104,0.3083175557949814,0.9120642288745736
38,bernoulli,54,none,0.3,1.0,raw,none,,16,0.4143469930766867,0.676614481409002,0.2789301966156162,0.939974387618866
47,bernoulli,54,none,0.3,1.0,raw,none,,17,0.4467660037409895,0.555173755186722,0.3345681492723856,0.8985867074102368
26,bernoulli,54,none,0.3,1.0,raw,none,,17,0.4490569611156684,0.5178174843529175,0.3384226100601378,0.8701360141927853
10,bernoulli,54,none,0.3,1.0,raw,none,,26,0.4369647293827945,0.5663732710616132,0.3175498992088169,0.8870463152447488
22,bernoulli,54,none,0.3,1.0,raw,none,,20,0.4210637557860485,0.6393431167016073,0.314763892957931,0.8831600580270793
32,bernoulli,54,none,0.3,1.0,raw,none,,16,0.4220646326052704,0.6268496099004575,0.3097732913402308,0.913377192982456
7,bernoulli,54,none,0.3,1.0,raw,none,,28,0.4341531701684032,0.5812397875816993,0.3061728584680631,0.912073112073112
39,bernoulli,54,none,0.3,1.0,raw,none,,16,0.4103227731445683,0.707832187857961,0.3203550170965211,0.9004744854888946
15,bernoulli,54,none,0.3,1.0,raw,none,,17,0.433445054409914,0.5347923681257014,0.2270176442894249,0.9635129740518962
31,bernoulli,54,none,0.3,1.0,raw,none,,17,0.4438942527022537,0.59189453125,0.3031470162959731,0.911407662505381
40,bernoulli,54,none,0.3,1.0,raw,none,,15,0.459708952672223,0.5253849637681158,0.2949117949323141,0.9068085686996862
6,bernoulli,54,none,0.3,1.0,raw,none,,16,0.4497815959798955,0.599946330991413,0.2871972423183648,0.9239992210754724
48,bernoulli,54,none,0.3,1.0,raw,none,,16,0.4263353155004032,0.6041144527986633,0.3461958181425612,0.8412554895375872
1,bernoulli,54,none,0.3,1.0,raw,none,,29,0.4343137862619722,0.5824950322901142,0.2984443893436314,0.9234807101399796
29,bernoulli,54,none,0.3,1.0,raw,none,,15,0.4330992241272707,0.5471427784206755,0.2843898900294329,0.9247654349588788
23,bernoulli,54,none,0.3,1.0,raw,none,,16,0.4381393461286635,0.5511989234157084,0.2784528985351956,0.934441489361702
33,bernoulli,54,none,0.3,1.0,raw,none,,16,0.4297503685475312,0.6575064463757043,0.2870893017245804,0.933450213747058
25,bernoulli,54,none,0.3,1.0,raw,none,,15,0.4115539713260455,0.502872340425532,0.2597128448788083,0.9412794612794612
35,bernoulli,54,none,0.3,1.0,raw,none,,17,0.4542683776944216,0.5894852135815991,0.2946415257114201,0.9105673133450912
49,bernoulli,54,none,0.3,1.0,raw,none,,15,0.4187750303559346,0.5944542642509942,0.2885678285772296,0.923706335702132
13,bernoulli,54,none,0.3,1.0,raw,none,,16,0.3998193899338902,0.7467071935157041,0.3014859947443795,0.9174364268637252
0,bernoulli,54,none,0.3,1.0,raw,none,,26,0.4528230121200566,0.5470175438596491,0.314659382720334,0.874436090225564
42,bernoulli,54,none,0.3,1.0,raw,none,,16,0.4377021833269477,0.5372279495990836,0.2935764875711979,0.9249869178440608
28,bernoulli,54,none,0.3,1.0,raw,none,,16,0.4657279028889946,0.577276251887524,0.3018014252882747,0.9163429163429164
3,bernoulli,54,none,0.3,1.0,raw,none,,29,0.4525335167490275,0.5901320901320901,0.3204028769668732,0.8940926198658157
45,bernoulli,54,none,0.3,1.0,raw,none,,16,0.4513287622395448,0.5628837209302325,0.3425779627557107,0.8857831708350996
19,bernoulli,54,none,0.3,1.0,raw,none,,17,0.4268632143217234,0.5962122063616949,0.2893347102845149,0.9270495375526608
24,bernoulli,54,none,0.3,1.0,raw,none,,16,0.4548438783184828,0.6190361445783134,0.301065496416724,0.9203598484848484
21,bernoulli,54,none,0.3,1.0,raw,none,,16,0.4548904457614744,0.5335694567425386,0.3552438212964089,0.8789071159388163
43,bernoulli,54,none,0.3,1.0,raw,none,,17,0.4166357406424329,0.5695912004157284,0.2383440669697721,0.9550911854103344
34,bernoulli,54,none,0.3,1.0,raw,none,,17,0.4218446755990054,0.607232934667643,0.3040828451620692,0.928220162663136
18,bernoulli,54,none,0.3,1.0,raw,none,,17,0.4409012395276793,0.5586134915403208,0.302945758484284,0.9150532007674864
4,bernoulli,54,none,0.3,1.0,raw,none,,24,0.4531465064897241,0.6156465894716358,0.2906820446348111,0.9240438088752696
41,bernoulli,54,none,0.3,1.0,raw,none,,16,0.4687489668516853,0.4995405179615706,0.3029821796795089,0.9257849109653232
5,bernoulli,54,none,0.3,1.0,raw,none,,27,0.4409877852783214,0.570496632996633,0.3126645489439149,0.8871191536104526
46,bernoulli,54,none,0.3,1.0,raw,none,,18,0.4402827590850455,0.581399391568883,0.2900987172028715,0.933903934593766
37,bernoulli,54,none,0.3,1.0,raw,none,,15,0.4301553260191926,0.587469362745098,0.2707433260617294,0.9275986123602724
30,bernoulli,54,none,0.3,1.0,raw,none,,18,0.4225071127422619,0.5783120152052191,0.2943990759915385,0.9168682937092364
9,bernoulli,54,none,0.3,1.0,raw,none,,21,0.4392485757130527,0.605148130160272,0.2938294419956689,0.916702961672474
36,bernoulli,54,none,0.3,1.0,raw,none,,17,0.4482921497699172,0.5878783552255854,0.341912506162731,0.8661330049261083
44,bernoulli,54,none,0.3,1.0,raw,none,,16,0.4372844335270715,0.5885583148922219,0.299066124677865,0.918009584585206
14,bernoulli,54,none,0.3,1.0,raw,none,,18,0.4374679996503935,0.5597836053548505,0.2926712687478301,0.9159318193014434
11,bernoulli,54,none,0.3,1.0,raw,none,,19,0.4093721615350758,0.6739614994934144,0.2925777878396469,0.9266292834890966
22,bernoulli,54,none,0.3,1.0,raw,none,,21,0.4216263532811921,0.6207547169811322,0.3173112876700624,0.8882978723404256
26,bernoulli,54,none,0.3,1.0,raw,none,,18,0.4473424287510692,0.5574146981627297,0.333982634958118,0.8763157894736843
38,bernoulli,54,none,0.3,1.0,raw,none,,17,0.4142142143850181,0.7015655577299412,0.2745578972656224,0.9464047301163456
16,bernoulli,54,none,0.3,1.0,raw,none,,19,0.4527131873003847,0.5473812565323424,0.3026190261125137,0.8957055214723926
10,bernoulli,54,none,0.3,1.0,raw,none,,27,0.4389420483264033,0.5606700197592958,0.3176070609523324,0.886622915343542
12,bernoulli,54,none,0.3,1.0,raw,none,,23,0.4547232033781044,0.5313005313005313,0.319413038739419,0.8925490976645435
47,bernoulli,54,none,0.3,1.0,raw,none,,18,0.4383690921112328,0.5791623443983402,0.328217822524221,0.8994779730073847
8,bernoulli,54,none,0.3,1.0,raw,none,,16,0.4506801220728115,0.5130469852792903,0.3291578046696258,0.8935539817892759
27,bernoulli,54,none,0.3,1.0,raw,none,,18,0.4452901466514782,0.6083934776797647,0.3080311003827148,0.9117326638878362
7,bernoulli,54,none,0.3,1.0,raw,none,,29,0.4363555073150246,0.5518024918300654,0.3144636685517055,0.9061808561808562
20,bernoulli,54,none,0.3,1.0,raw,none,,16,0.4623990567341262,0.5615071880632047,0.2743094438298736,0.9365921434886952
17,bernoulli,54,none,0.3,1.0,raw,none,,16,0.4159789808011193,0.7127098321342925,0.3048368723615048,0.8981897627965044
39,bernoulli,54,none,0.3,1.0,raw,none,,17,0.4125135166670191,0.6620131729667811,0.3197072055295788,0.9081011847582452
15,bernoulli,54,none,0.3,1.0,raw,none,,18,0.4330166593412712,0.5255019329093403,0.2228703807671979,0.9667065868263474
31,bernoulli,54,none,0.3,1.0,raw,none,,18,0.446065567115094,0.6116699218749999,0.3043417680799011,0.907935141340221
32,bernoulli,54,none,0.3,1.0,raw,none,,17,0.4244878179062525,0.627011030400861,0.3145186788336886,0.9075133485888636
6,bernoulli,54,none,0.3,1.0,raw,none,,17,0.4488972882001312,0.6071428571428572,0.2889186011233035,0.9298967925000696
40,bernoulli,54,none,0.3,1.0,raw,none,,16,0.4595488790109306,0.5075634057971015,0.2937620104708431,0.923809523809524
48,bernoulli,54,none,0.3,1.0,raw,none,,17,0.4291834736128682,0.6398635477582846,0.3478033954528927,0.8578532678894343
23,bernoulli,54,none,0.3,1.0,raw,none,,17,0.4408735926740577,0.5646562270614142,0.2903561384173286,0.9127659574468086
1,bernoulli,54,none,0.3,1.0,raw,none,,30,0.4348144188548379,0.5895429706905118,0.2930053052348688,0.9188005007397292
29,bernoulli,54,none,0.3,1.0,raw,none,,16,0.4291903827959833,0.6472695211329696,0.2791651034785863,0.9366095216031508
25,bernoulli,54,none,0.3,1.0,raw,none,,16,0.4170837301861491,0.517127659574468,0.2506793447921283,0.9529068462401796
33,bernoulli,54,none,0.3,1.0,raw,none,,17,0.429688141562243,0.6509168178779486,0.2832430186619188,0.9311206109803544
35,bernoulli,54,none,0.3,1.0,raw,none,,18,0.4553724982239794,0.5408543263964951,0.2942760039468851,0.9012713109935332
42,bernoulli,54,none,0.3,1.0,raw,none,,17,0.4378459618392552,0.5883076661999915,0.2922777801408856,0.9223181580324438
49,bernoulli,54,none,0.3,1.0,raw,none,,16,0.418663125492162,0.6432280159080868,0.2862943642399011,0.9279101191071965
13,bernoulli,54,none,0.3,1.0,raw,none,,17,0.399711591339009,0.7363728470111449,0.3095048299660601,0.9003477504890242
0,bernoulli,54,none,0.3,1.0,raw,none,,27,0.4541721248152908,0.5554385964912281,0.321897539257019,0.8867919799498747
28,bernoulli,54,none,0.3,1.0,raw,none,,17,0.4677645975125777,0.5644206831816512,0.3106386780749533,0.8988172321505654
3,bernoulli,54,none,0.3,1.0,raw,none,,30,0.453607368225387,0.5270285270285271,0.3248514184234733,0.894354442808051
18,bernoulli,54,none,0.3,1.0,raw,none,,18,0.4418619386234455,0.52856515051637,0.3035242297942382,0.9228152799581372
34,bernoulli,54,none,0.3,1.0,raw,none,,18,0.4214730113621497,0.5931575949882026,0.3114206987733616,0.9214740558602862
43,bernoulli,54,none,0.3,1.0,raw,none,,18,0.4159499640427968,0.6113805646977308,0.2557297152392271,0.9575987841945288
19,bernoulli,54,none,0.3,1.0,raw,none,,18,0.4232430000807879,0.595706417893672,0.2920140031811075,0.9215292237664036
45,bernoulli,54,none,0.3,1.0,raw,none,,17,0.4513336486108619,0.5712790697674418,0.3376293274553751,0.8853327681220856
24,bernoulli,54,none,0.3,1.0,raw,none,,17,0.452406263890694,0.6253413654618474,0.3022126532128897,0.9157670454545456
46,bernoulli,54,none,0.3,1.0,raw,none,,19,0.4356380931632499,0.6013037809647979,0.2826707769385983,0.9314256515074092
21,bernoulli,54,none,0.3,1.0,raw,none,,17,0.4469144850406228,0.5514870566175321,0.3395532374804714,0.8811239193083573
30,bernoulli,54,none,0.3,1.0,raw,none,,19,0.4225427147191782,0.5698875019263369,0.2933928662318268,0.9094782242794024
5,bernoulli,54,none,0.3,1.0,raw,none,,28,0.4505064214117518,0.5940393518518519,0.3351900412679943,0.8874371278256344
41,bernoulli,54,none,0.3,1.0,raw,none,,17,0.4695069400378017,0.4888053467000835,0.3121209707003874,0.9090323336457358
4,bernoulli,54,none,0.3,1.0,raw,none,,25,0.4529207854652466,0.591904252213681,0.2913991078378494,0.9347974123255022
37,bernoulli,54,none,0.3,1.0,raw,none,,16,0.4305064806179014,0.6077154820261438,0.2762974223044274,0.931067711679301
9,bernoulli,54,none,0.3,1.0,raw,none,,22,0.439533175488976,0.5957382224380767,0.2900484000093309,0.9208042973286876
14,bernoulli,54,none,0.3,1.0,raw,none,,19,0.4360460747764676,0.5623509994498441,0.2995358233831512,0.9130252721808956
38,bernoulli,54,none,0.3,1.0,raw,none,,18,0.4148551802847503,0.6536902432205759,0.2763808553706016,0.9424538840903518
11,bernoulli,54,none,0.3,1.0,raw,none,,20,0.411451021765278,0.6828098615332657,0.2983815714971843,0.9250591900311528
26,bernoulli,54,none,0.3,1.0,raw,none,,19,0.4439117586787012,0.5431556632344033,0.329371480307693,0.8776759314015375
22,bernoulli,54,none,0.3,1.0,raw,none,,22,0.4243345794473397,0.6116701607267645,0.3153709380530466,0.8755742263056093
36,bernoulli,54,none,0.3,1.0,raw,none,,18,0.4492571772849585,0.6186821816105083,0.3434774011510378,0.8582101806239737
10,bernoulli,54,none,0.3,1.0,raw,none,,28,0.4477377985362618,0.5582001077779774,0.326211915442383,0.8875873262296239
47,bernoulli,54,none,0.3,1.0,raw,none,,19,0.4377281922191911,0.5731003630705394,0.3239340738839921,0.9061306340718106
44,bernoulli,54,none,0.3,1.0,raw,none,,17,0.438149532033994,0.5879026309318908,0.2979451517123223,0.9169418717254736
27,bernoulli,54,none,0.3,1.0,raw,none,,19,0.4464538069813182,0.5886572217767085,0.3108126264971152,0.9094827586206896
7,bernoulli,54,none,0.3,1.0,raw,none,,30,0.434862171705378,0.5162377450980392,0.3081458015461651,0.8961760461760462
39,bernoulli,54,none,0.3,1.0,raw,none,,18,0.4127559561343007,0.6662729095074457,0.3215043062912436,0.8994847611562309
16,bernoulli,54,none,0.3,1.0,raw,none,,20,0.4537330362601087,0.5365230519103472,0.2970797685852475,0.8953038270522933
15,bernoulli,54,none,0.3,1.0,raw,none,,19,0.4425664861483669,0.5490709564783638,0.2411548842811247,0.9607584830339322
8,bernoulli,54,none,0.3,1.0,raw,none,,17,0.4577439937176667,0.4647509578544061,0.3464333532155045,0.8950715421303657
17,bernoulli,54,none,0.3,1.0,raw,none,,17,0.4191128766917255,0.6823141486810551,0.3107509422387702,0.9083957553058676
6,bernoulli,54,none,0.3,1.0,raw,none,,18,0.4494914346776327,0.5750634270101482,0.2859818121964032,0.9262247197262636
12,bernoulli,54,none,0.3,1.0,raw,none,,24,0.4556691012081436,0.523013398013398,0.324458137287946,0.8847863588110403
31,bernoulli,54,none,0.3,1.0,raw,none,,19,0.4443242836566264,0.5945312500000001,0.3057677242501928,0.9081647295164298
20,bernoulli,54,none,0.3,1.0,raw,none,,17,0.4606798065892865,0.5271386059767803,0.2672942388940516,0.937634204875584
32,bernoulli,54,none,0.3,1.0,raw,none,,18,0.4234311402466145,0.6292709174065106,0.308834730290463,0.9058447749809304
23,bernoulli,54,none,0.3,1.0,raw,none,,18,0.4381612480830208,0.5753303156349401,0.2949997123417825,0.9198803191489362
35,bernoulli,54,none,0.3,1.0,raw,none,,19,0.4582602612449035,0.5610076670317634,0.2961325270290732,0.9036228689006468
42,bernoulli,54,none,0.3,1.0,raw,none,,18,0.4392672675553928,0.5436553391879853,0.2938335117372724,0.9135269492412348
48,bernoulli,54,none,0.3,1.0,raw,none,,18,0.4260900235266677,0.6187691450849345,0.3441022888376861,0.8580147248772926
33,bernoulli,54,none,0.3,1.0,raw,none,,18,0.4391620774213297,0.66092063795244,0.2924440899420518,0.9323454536721264
40,bernoulli,54,none,0.3,1.0,raw,none,,17,0.4591843676602378,0.5384057971014493,0.2972200672063115,0.9213262382316824
25,bernoulli,54,none,0.3,1.0,raw,none,,17,0.4134834667380782,0.5232978723404256,0.2501147573061975,0.9468462401795736
29,bernoulli,54,none,0.3,1.0,raw,none,,17,0.4330381149680514,0.6213699234033174,0.2838721561272637,0.9214351905478976
49,bernoulli,54,none,0.3,1.0,raw,none,,17,0.4186157851277113,0.6918084401237296,0.2850269390223937,0.9272845561004904
19,bernoulli,54,none,0.3,1.0,raw,none,,19,0.4233602235105902,0.6311678093739462,0.2898509253464583,0.9203912643455522
43,bernoulli,54,none,0.3,1.0,raw,none,,19,0.4159264267408303,0.6045383682660661,0.2442187375039984,0.9571048632218844
13,bernoulli,54,none,0.3,1.0,raw,none,,18,0.4007798884556418,0.7389057750759879,0.2996714789968088,0.9165127146272548
34,bernoulli,54,none,0.3,1.0,raw,none,,19,0.4220301378186742,0.6237084045236352,0.3083472897403843,0.9223252001765336
18,bernoulli,54,none,0.3,1.0,raw,none,,19,0.4408585179868322,0.6232146780927269,0.3046145229486728,0.91287284144427
30,bernoulli,54,none,0.3,1.0,raw,none,,20,0.4241680768344923,0.5840139723634868,0.2903988979003751,0.9113980643803912
28,bernoulli,54,none,0.3,1.0,raw,none,,18,0.4660110882700542,0.5854385177325225,0.3072053604909984,0.9070764626320182
45,bernoulli,54,none,0.3,1.0,raw,none,,18,0.4535273705669237,0.5606744186046512,0.332176917043003,0.8950296735905044
46,bernoulli,54,none,0.3,1.0,raw,none,,20,0.4376128425848944,0.6155367231638418,0.2856009816937244,0.9332652018395504
0,bernoulli,54,none,0.3,1.0,raw,none,,28,0.455484544404928,0.5315789473684209,0.3104983357816439,0.8790476190476191
21,bernoulli,54,none,0.3,1.0,raw,none,,18,0.4435073336776559,0.5349236939423928,0.333045588165811,0.8707049434715142
24,bernoulli,54,none,0.3,1.0,raw,none,,18,0.4563999543609562,0.6126104417670682,0.3042798616601527,0.9118726325757576
5,bernoulli,54,none,0.3,1.0,raw,none,,29,0.4386340158078953,0.6130050505050505,0.3122311389195878,0.8973232352431058
11,bernoulli,54,none,0.3,1.0,raw,none,,21,0.4134254953799763,0.6291117865585951,0.2963107167165956,0.928772585669782
14,bernoulli,54,none,0.3,1.0,raw,none,,20,0.4368425094954731,0.5566660553823584,0.3012469389866794,0.906818069855658
41,bernoulli,54,none,0.3,1.0,raw,none,,18,0.4697098441529282,0.4823725981620718,0.305541919033089,0.9258434864104969
37,bernoulli,54,none,0.3,1.0,raw,none,,17,0.4394270825616826,0.6104473039215687,0.2794517674465121,0.931164075549274
47,bernoulli,54,none,0.3,1.0,raw,none,,20,0.440688621716498,0.5569891078838174,0.3224033523796149,0.9107461166284696
38,bernoulli,54,none,0.3,1.0,raw,none,,19,0.4245630739124765,0.7329466032988537,0.2848411935973005,0.9396474210511976
9,bernoulli,54,none,0.3,1.0,raw,none,,23,0.4399966460338554,0.6090335114133075,0.29050310819181,0.9126742160278746
26,bernoulli,54,none,0.3,1.0,raw,none,,20,0.4443282241990202,0.5514334746618211,0.3251749324426634,0.8840035481963335
22,bernoulli,54,none,0.3,1.0,raw,none,,23,0.4214276308287037,0.6641858839972048,0.3177175429317402,0.8742142166344293
4,bernoulli,54,none,0.3,1.0,raw,none,,26,0.4544011594123723,0.5747786318964678,0.2919127569956806,0.9299738962660312
15,bernoulli,54,none,0.3,1.0,raw,none,,20,0.43395608076676,0.5695847362514028,0.2332806868779513,0.9607984031936128
27,bernoulli,54,none,0.3,1.0,raw,none,,20,0.4467655201165587,0.6012652588434465,0.3073575210589067,0.9141009852216748
39,bernoulli,54,none,0.3,1.0,raw,none,,19,0.4116093644069492,0.6547823596792669,0.3230613709856417,0.9032981107909062
10,bernoulli,54,none,0.3,1.0,raw,none,,29,0.4389642836383645,0.5651832225615233,0.320467806591057,0.8991367346458731
31,bernoulli,54,none,0.3,1.0,raw,none,,20,0.449611608133479,0.6050781249999999,0.306342265282605,0.9054957669680012
36,bernoulli,54,none,0.3,1.0,raw,none,,19,0.4459693481364318,0.6124357509994289,0.3435907428465877,0.8682266009852215
44,bernoulli,54,none,0.3,1.0,raw,none,,18,0.4364131984574098,0.6342103106302762,0.2997634685400018,0.9188786531919648
6,bernoulli,54,none,0.3,1.0,raw,none,,19,0.4503128659566521,0.5641832552693208,0.2886374931869714,0.9275878376498734
17,bernoulli,54,none,0.3,1.0,raw,none,,18,0.4193140288032412,0.6653776978417266,0.3064080346350707,0.9131086142322096
23,bernoulli,54,none,0.3,1.0,raw,none,,19,0.4398871757792955,0.544898458527037,0.2902359085761277,0.9220412234042552
8,bernoulli,54,none,0.3,1.0,raw,none,,18,0.4431506770648193,0.5835047388586408,0.3230617399843279,0.8936985113455702
16,bernoulli,54,none,0.3,1.0,raw,none,,21,0.4533487129436754,0.5346068981535246,0.3023021689119179,0.8954864154250657
35,bernoulli,54,none,0.3,1.0,raw,none,,20,0.4584526065763549,0.4602409638554217,0.2986532335303667,0.9059009406231628
12,bernoulli,54,none,0.3,1.0,raw,none,,25,0.4564960312811821,0.5036960036960036,0.3227694763029166,0.8775212314225053
20,bernoulli,54,none,0.3,1.0,raw,none,,18,0.4605240503144291,0.5273900834066809,0.2686413989096144,0.9377605153467224
42,bernoulli,54,none,0.3,1.0,raw,none,,19,0.4398394433686463,0.5471978278392939,0.2939846734849569,0.9247252747252748
32,bernoulli,54,none,0.3,1.0,raw,none,,19,0.423310205110654,0.6317460317460317,0.3104670559971771,0.908276125095347
29,bernoulli,54,none,0.3,1.0,raw,none,,18,0.4314445119136292,0.5923568633933983,0.2833403156392551,0.922448743194718
25,bernoulli,54,none,0.3,1.0,raw,none,,18,0.4146745764264428,0.5218085106382979,0.2517145935084818,0.9463075196408528
19,bernoulli,54,none,0.3,1.0,raw,none,,20,0.4241103713550872,0.6427447454198044,0.2972559743109204,0.9149435862670088
43,bernoulli,54,none,0.3,1.0,raw,none,,20,0.4159421900736277,0.5912004157283907,0.2480587092903129,0.9561170212765956
33,bernoulli,54,none,0.3,1.0,raw,none,,19,0.4298017003282256,0.6676535192436253,0.2801502900944368,0.9246481579326576
40,bernoulli,54,none,0.3,1.0,raw,none,,18,0.4604016923698902,0.5073822463768116,0.2962644472502664,0.9080911447673624
48,bernoulli,54,none,0.3,1.0,raw,none,,19,0.4307543947457277,0.6350946811473126,0.348902803481727,0.8506845776285198
49,bernoulli,54,none,0.3,1.0,raw,none,,18,0.4215035215877791,0.62458572691118,0.2863950731767744,0.921654489040136
18,bernoulli,54,none,0.3,1.0,raw,none,,20,0.4417056022282291,0.5574049659415512,0.302488239272514,0.923629280772138
34,bernoulli,54,none,0.3,1.0,raw,none,,20,0.4232152383671731,0.5923033113660402,0.3159811555149213,0.9191728138200618
13,bernoulli,54,none,0.3,1.0,raw,none,,19,0.4016360011536742,0.756838905775076,0.3002865054047509,0.9152629863073244
30,bernoulli,54,none,0.3,1.0,raw,none,,21,0.4233965104312016,0.623876303487954,0.2947511241833164,0.9220492320639596
46,bernoulli,54,none,0.3,1.0,raw,none,,21,0.441260170184498,0.5475662755323771,0.2867835005528164,0.926801226366888
11,bernoulli,54,none,0.3,1.0,raw,none,,22,0.4131515306561455,0.6459979736575482,0.2955104058776536,0.9278753894080995
45,bernoulli,54,none,0.3,1.0,raw,none,,19,0.4523325106685459,0.5719767441860465,0.3364062808825686,0.8840610428147521
47,bernoulli,54,none,0.3,1.0,raw,none,,21,0.440420231009249,0.5632780082987553,0.3223010766152223,0.9032658517952636
28,bernoulli,54,none,0.3,1.0,raw,none,,19,0.4665597289323117,0.5726237603558748,0.3096615028247647,0.9077671299893522
21,bernoulli,54,none,0.3,1.0,raw,none,,19,0.4753732381883824,0.6479764571071409,0.4385996180713606,0.882980492130348
14,bernoulli,54,none,0.3,1.0,raw,none,,21,0.4388059470650865,0.5605629928479735,0.2964471067343377,0.9257106261392188
37,bernoulli,54,none,0.3,1.0,raw,none,,18,0.4306872960611762,0.5986519607843137,0.2695101301239165,0.9239367853012976
38,bernoulli,54,none,0.3,1.0,raw,none,,20,0.4244866770292492,0.648448420464076,0.283673730716503,0.9453148415574508
5,bernoulli,54,none,0.3,1.0,raw,none,,30,0.4426895997814772,0.5729166666666666,0.3199122999199974,0.8933919176735851
39,bernoulli,54,none,0.3,1.0,raw,none,,20,0.413359639281796,0.6338058419243986,0.3219226977737696,0.8969813407853754
41,bernoulli,54,none,0.3,1.0,raw,none,,19,0.46954665833134,0.5030075187969925,0.3085124717584104,0.918404404873477
27,bernoulli,54,none,0.3,1.0,raw,none,,21,0.4466194916243212,0.6143410852713179,0.3048400374811665,0.9154746115953012
24,bernoulli,54,none,0.3,1.0,raw,none,,19,0.4533533803309137,0.5983534136546186,0.3003949000100268,0.913470643939394
0,bernoulli,54,none,0.3,1.0,raw,none,,29,0.453777731003392,0.563430799220273,0.3139169042363764,0.883609022556391
9,bernoulli,54,none,0.3,1.0,raw,none,,24,0.4400866540738862,0.6257285089849441,0.29482577191778,0.9088269454123112
26,bernoulli,54,none,0.3,1.0,raw,none,,21,0.4443194040429326,0.5459317585301837,0.3234242966394147,0.8903903015966883
31,bernoulli,54,none,0.3,1.0,raw,none,,21,0.4446041932287515,0.5814453125,0.3022646674887644,0.9123260152102166
15,bernoulli,54,none,0.3,1.0,raw,none,,21,0.4355759204707863,0.5457974809826662,0.2304829738559614,0.9651497005988025
22,bernoulli,54,none,0.3,1.0,raw,none,,24,0.4236854629546413,0.6576519916142558,0.3153411221249647,0.8843689555125726
10,bernoulli,54,none,0.3,1.0,raw,none,,30,0.4394861844661258,0.5636114603915934,0.3172043988466416,0.8930680027285771
6,bernoulli,54,none,0.3,1.0,raw,none,,20,0.4516414989020209,0.5765027322404371,0.2880357472293278,0.9243886833393608
4,bernoulli,54,none,0.3,1.0,raw,none,,27,0.4534530767371958,0.604602510460251,0.2917789458827037,0.9252638747020768
23,bernoulli,54,none,0.3,1.0,raw,none,,20,0.4380186106579693,0.5714460484462932,0.2806699387181423,0.9329787234042553
36,bernoulli,54,none,0.3,1.0,raw,none,,20,0.4491052401225274,0.569103369503141,0.3431676570245966,0.8696633825944171
35,bernoulli,54,none,0.3,1.0,raw,none,,21,0.4627200266983475,0.48986856516977,0.3037014803379935,0.9046884185773074
44,bernoulli,54,none,0.3,1.0,raw,none,,19,0.4393939338663404,0.5960781903122695,0.301130339928671,0.9091450847962655
17,bernoulli,54,none,0.3,1.0,raw,none,,19,0.4196417117900349,0.7045263788968825,0.3093077451641468,0.9029026217228464
42,bernoulli,54,none,0.3,1.0,raw,none,,20,0.4398565686866658,0.5523100420007636,0.2932311345379365,0.9211145996860282
16,bernoulli,54,none,0.3,1.0,raw,none,,22,0.4542460222064849,0.5103936824991291,0.2963287070500204,0.9075555068653228
8,bernoulli,54,none,0.3,1.0,raw,none,,19,0.4440405230416002,0.5604154063319218,0.3201527313366729,0.889603507250566
19,bernoulli,54,none,0.3,1.0,raw,none,,21,0.4278395014086552,0.5778914240755311,0.2953352147403734,0.9174858360369956
43,bernoulli,54,none,0.3,1.0,raw,none,,21,0.4195030963053688,0.5517928286852589,0.2647633320744862,0.9533434650455928
29,bernoulli,54,none,0.3,1.0,raw,none,,19,0.4330089508853826,0.5973990191216179,0.2824159798330031,0.9300938260164484
20,bernoulli,54,none,0.3,1.0,raw,none,,19,0.4609688085494315,0.5358984031183202,0.2686526310654674,0.937192118226601
12,bernoulli,54,none,0.3,1.0,raw,none,,26,0.4569684172908685,0.4744744744744744,0.3238068572493141,0.8857152335456475
25,bernoulli,54,none,0.3,1.0,raw,none,,19,0.4156045808293669,0.5368085106382978,0.2565187591641958,0.9482379349046016
18,bernoulli,54,none,0.3,1.0,raw,none,,21,0.4421017324350267,0.596215117556581,0.3033772932719601,0.922059422059422
30,bernoulli,54,none,0.3,1.0,raw,none,,22,0.4455340152378268,0.6265731751168644,0.3317734334455535,0.9210761624237324
34,bernoulli,54,none,0.3,1.0,raw,none,,21,0.4242507128678617,0.6109348303636808,0.3115642485000384,0.9247840615345816
49,bernoulli,54,none,0.3,1.0,raw,none,,19,0.4209802994921056,0.6612627043747238,0.2868840767373989,0.9312130917826044
33,bernoulli,54,none,0.3,1.0,raw,none,,20,0.4410725741787976,0.6403877375608825,0.2837482336384246,0.9227148278015276
11,bernoulli,54,none,0.3,1.0,raw,none,,23,0.4133757167794952,0.653562985477879,0.2948270986491532,0.9243862928348908
32,bernoulli,54,none,0.3,1.0,raw,none,,20,0.4240610915113543,0.6465967177831584,0.3118215945774228,0.9055348970251716
13,bernoulli,54,none,0.3,1.0,raw,none,,20,0.4052497213387399,0.7560283687943261,0.3089567415634139,0.9070039121930016
40,bernoulli,54,none,0.3,1.0,raw,none,,19,0.460025450764318,0.5447690217391303,0.2984342160468644,0.9093191431300314
48,bernoulli,54,none,0.3,1.0,raw,none,,20,0.427972178784911,0.6400027847396268,0.3434284830688608,0.8554637044691294
46,bernoulli,54,none,0.3,1.0,raw,none,,22,0.4436398261939078,0.5574532811820948,0.2864182646500294,0.930965763924374
47,bernoulli,54,none,0.3,1.0,raw,none,,22,0.4404783877495293,0.5465508298755186,0.3232811388593568,0.903615991851286
45,bernoulli,54,none,0.3,1.0,raw,none,,20,0.4577338694725754,0.5652558139534885,0.3326503255557553,0.8954270877490462
14,bernoulli,54,none,0.3,1.0,raw,none,,22,0.4368388084297496,0.5695717953420135,0.2987530807312332,0.9097492487314645
38,bernoulli,54,none,0.3,1.0,raw,none,,21,0.4234988432083634,0.7163824433883141,0.2805689539728959,0.9411187706057056
21,bernoulli,54,none,0.3,1.0,raw,none,,20,0.4409541625315529,0.5479972915256003,0.333306399638103,0.87236754599867
39,bernoulli,54,none,0.3,1.0,raw,none,,21,0.4121055964436798,0.7158505154639176,0.3189624270199908,0.8912176520245685
31,bernoulli,54,none,0.3,1.0,raw,none,,22,0.4458180619532869,0.574267578125,0.3017000186228217,0.9100301334481274
26,bernoulli,54,none,0.3,1.0,raw,none,,22,0.4453493738802394,0.5815162527760953,0.3224690228932495,0.8810467179183916
27,bernoulli,54,none,0.3,1.0,raw,none,,22,0.448760370995373,0.6039828922747927,0.3111513959623454,0.9123957938613112
37,bernoulli,54,none,0.3,1.0,raw,none,,19,0.4316340484808581,0.6088899101307189,0.2705411098657994,0.9277592188102276
41,bernoulli,54,none,0.3,1.0,raw,none,,20,0.4697534470190612,0.4887635756056808,0.2960485952364285,0.9290065604498594
9,bernoulli,54,none,0.3,1.0,raw,none,,25,0.439388066880252,0.6404504613890238,0.2936289405948082,0.9176647793263648
15,bernoulli,54,none,0.3,1.0,raw,none,,22,0.4432025077354238,0.5357276468387578,0.2336029928030993,0.9667864271457088
28,bernoulli,54,none,0.3,1.0,raw,none,,20,0.4655733553516668,0.5833163286128229,0.3068887472084093,0.904054792943682
22,bernoulli,54,none,0.3,1.0,raw,none,,25,0.4286509061245122,0.6683438155136268,0.3170845743251949,0.8825556092843327
6,bernoulli,54,none,0.3,1.0,raw,none,,21,0.4516053532524702,0.5706235362997658,0.2883314218255629,0.9203549670348012
24,bernoulli,54,none,0.3,1.0,raw,none,,20,0.458774583635967,0.598433734939759,0.3033023060049101,0.915814393939394
0,bernoulli,54,none,0.3,1.0,raw,none,,30,0.4603004903061845,0.521598440545809,0.3205220653426368,0.8881704260651628
23,bernoulli,54,none,0.3,1.0,raw,none,,21,0.4439257226826699,0.5743821874235381,0.2876785242345009,0.9295212765957448
35,bernoulli,54,none,0.3,1.0,raw,none,,22,0.4563210340620646,0.5306133625410734,0.2968745608075557,0.9034024103468548
42,bernoulli,54,none,0.3,1.0,raw,none,,21,0.4403317801516475,0.5944168681854821,0.2962994140546787,0.925222396650968
4,bernoulli,54,none,0.3,1.0,raw,none,,28,0.4545332138895074,0.5702539651649314,0.2913166000283929,0.9249801384632844
17,bernoulli,54,none,0.3,1.0,raw,none,,20,0.4199181844859631,0.6837529976019185,0.3079755723875932,0.8833021223470663
36,bernoulli,54,none,0.3,1.0,raw,none,,21,0.4493747274533269,0.6231439177612793,0.3549897666248685,0.8642446633825944
43,bernoulli,54,none,0.3,1.0,raw,none,,22,0.4161465756628921,0.628875801143253,0.2502916095650598,0.9498480243161096
19,bernoulli,54,none,0.3,1.0,raw,none,,22,0.4262485914123171,0.6059064853321345,0.291722993293717,0.9257663067163818
18,bernoulli,54,none,0.3,1.0,raw,none,,22,0.4423239628803744,0.5781147000659195,0.3034647468135513,0.9260712832141405
44,bernoulli,54,none,0.3,1.0,raw,none,,20,0.4375607244038446,0.6367715761003196,0.298383756362061,0.9107342388200532
29,bernoulli,54,none,0.3,1.0,raw,none,,20,0.4316682590942516,0.6032953105196451,0.2770208036644522,0.928790686899108
25,bernoulli,54,none,0.3,1.0,raw,none,,20,0.4166189663127074,0.522127659574468,0.2500754778887846,0.9488215488215488
30,bernoulli,54,none,0.3,1.0,raw,none,,23,0.4265642228982526,0.5715313093953871,0.2987339020825133,0.9055070481800968
11,bernoulli,54,none,0.3,1.0,raw,none,,24,0.4128990562249408,0.6627828436339074,0.2945751400329288,0.9233395638629284
34,bernoulli,54,none,0.3,1.0,raw,none,,22,0.4252452626499884,0.5787161337564071,0.3098299279643124,0.9181640501859908
49,bernoulli,54,none,0.3,1.0,raw,none,,20,0.4220897693024103,0.6733870967741935,0.2855120751170624,0.9332148934040636
8,bernoulli,54,none,0.3,1.0,raw,none,,20,0.4604571150651795,0.5947570074611817,0.3538083503168476,0.8868333574215927
16,bernoulli,54,none,0.3,1.0,raw,none,,23,0.4569148053886151,0.4781674602252932,0.3036809826764119,0.9069529652351738
33,bernoulli,54,none,0.3,1.0,raw,none,,21,0.4378514581156584,0.6455925890554867,0.2833240119485331,0.928478793409866
46,bernoulli,54,none,0.3,1.0,raw,none,,23,0.4372057095239908,0.5739243807040417,0.2855665834151205,0.9341594276954522
20,bernoulli,54,none,0.3,1.0,raw,none,,20,0.4611855663740321,0.5155706442013496,0.270269750511227,0.9340975116837186
47,bernoulli,54,none,0.3,1.0,raw,none,,23,0.4399176113793924,0.5730031120331951,0.3190846518991331,0.9098866819455056
13,bernoulli,54,none,0.3,1.0,raw,none,,21,0.4021296255446266,0.7276595744680852,0.2990248911178808,0.9081178004781568
12,bernoulli,54,none,0.3,1.0,raw,none,,27,0.4568045453281791,0.4976322476322476,0.3208622517908432,0.8809381634819533
14,bernoulli,54,none,0.3,1.0,raw,none,,23,0.4378345436575117,0.57197872730607,0.2971791917459864,0.914380018720134
31,bernoulli,54,none,0.3,1.0,raw,none,,23,0.4458727574817419,0.598095703125,0.3063119475323315,0.9042904290429044
45,bernoulli,54,none,0.3,1.0,raw,none,,21,0.4540749818959501,0.5711395348837209,0.3361079426796503,0.8972551928783383
38,bernoulli,54,none,0.3,1.0,raw,none,,22,0.427960549394715,0.6690662566396421,0.2863320578061745,0.943571019863219
48,bernoulli,54,none,0.3,1.0,raw,none,,21,0.4396400393239339,0.6711570593149541,0.3533103093744559,0.8660552828726428
39,bernoulli,54,none,0.3,1.0,raw,none,,22,0.4152280848287751,0.6500572737686139,0.3228069267641202,0.8906354612406486
32,bernoulli,54,none,0.3,1.0,raw,none,,21,0.4258422632861203,0.6279795534032824,0.3065106912361585,0.9158085430968728
26,bernoulli,54,none,0.3,1.0,raw,none,,23,0.4464670239645675,0.5507268322228952,0.3227873538139368,0.8888527498521585
40,bernoulli,54,none,0.3,1.0,raw,none,,20,0.4603953001263017,0.5245923913043479,0.2963425604967241,0.9235093464319823
21,bernoulli,54,none,0.3,1.0,raw,none,,21,0.4403557556759427,0.5434137194645554,0.3289967491705276,0.8748337397472845
41,bernoulli,54,none,0.3,1.0,raw,none,,21,0.4693841459396591,0.5176274018379281,0.3083517960979036,0.9183751171508904
27,bernoulli,54,none,0.3,1.0,raw,none,,23,0.4499544504742698,0.5836674685912857,0.3094143640155284,0.9049829480863965
15,bernoulli,54,none,0.3,1.0,raw,none,,23,0.4347357103007608,0.5887891258261628,0.2290174890975735,0.9638323353293412
37,bernoulli,54,none,0.3,1.0,raw,none,,20,0.4325242642393249,0.6139705882352939,0.2762363380186738,0.9265707310805602
9,bernoulli,54,none,0.3,1.0,raw,none,,26,0.4412378817128877,0.5883924235065565,0.2932869518296855,0.9172110917537748
22,bernoulli,54,none,0.3,1.0,raw,none,,26,0.4311135124441306,0.6352201257861636,0.3168729236918485,0.886605415860735
28,bernoulli,54,none,0.3,1.0,raw,none,,21,0.4659749060441545,0.5812349508223483,0.3058798640612311,0.908544130766353
6,bernoulli,54,none,0.3,1.0,raw,none,,22,0.4505859798304055,0.595335675253708,0.2857142827872719,0.933179403009987
35,bernoulli,54,none,0.3,1.0,raw,none,,23,0.4571473389910359,0.4952902519167579,0.2967684077593003,0.9110449735449736
23,bernoulli,54,none,0.3,1.0,raw,none,,22,0.4480408027057849,0.555266699290433,0.2944124128779573,0.9241688829787236
42,bernoulli,54,none,0.3,1.0,raw,none,,22,0.4410581313159186,0.5034788511306266,0.293076724182546,0.9210884353741496
24,bernoulli,54,none,0.3,1.0,raw,none,,21,0.4623949479314249,0.5702008032128514,0.3106807444192325,0.91875
43,bernoulli,54,none,0.3,1.0,raw,none,,23,0.4192361244698882,0.5445175818465269,0.2559340710113318,0.955015197568389
18,bernoulli,54,none,0.3,1.0,raw,none,,23,0.4421214664340672,0.6137112722478576,0.3042951160228265,0.9140647712076284
17,bernoulli,54,none,0.3,1.0,raw,none,,21,0.4213013103828723,0.6827338129496403,0.3108967783155477,0.8873283395755306
4,bernoulli,54,none,0.3,1.0,raw,none,,29,0.4533922952666632,0.6070837793130293,0.2954920379401886,0.9081262058790148
19,bernoulli,54,none,0.3,1.0,raw,none,,23,0.4260360235510487,0.6605878385972801,0.2930003467051632,0.9271948089680888
11,bernoulli,54,none,0.3,1.0,raw,none,,25,0.4123907891112991,0.67483958122256,0.2978853425428712,0.9200996884735204
36,bernoulli,54,none,0.3,1.0,raw,none,,22,0.4501009529838906,0.5886993146773272,0.3427260385112039,0.8613300492610838
29,bernoulli,54,none,0.3,1.0,raw,none,,21,0.4326116075005193,0.6427233151485094,0.2879083376938885,0.9236939650179544
30,bernoulli,54,none,0.3,1.0,raw,none,,24,0.4250654976526925,0.6016335336723687,0.2924334658650016,0.9099253103303176
25,bernoulli,54,none,0.3,1.0,raw,none,,21,0.4284806208540493,0.51,0.2599980024802062,0.948013468013468
34,bernoulli,54,none,0.3,1.0,raw,none,,23,0.4227476102342967,0.6360751769587503,0.3074694929845754,0.9218523422230628
49,bernoulli,54,none,0.3,1.0,raw,none,,21,0.4207237925717124,0.6917808219178081,0.2845733118782821,0.9278100290261236
46,bernoulli,54,none,0.3,1.0,raw,none,,24,0.4381872807367397,0.6112994350282486,0.2854552987097521,0.9322432294328054
47,bernoulli,54,none,0.3,1.0,raw,none,,24,0.4408224684662971,0.5783843360995851,0.3246183804985427,0.9056850012732366
44,bernoulli,54,none,0.3,1.0,raw,none,,21,0.4426923935956463,0.5865912630112287,0.3046767770885508,0.8972885059469123
8,bernoulli,54,none,0.3,1.0,raw,none,,21,0.4549731022880565,0.5113530953821335,0.3303337461699617,0.895095630389748
31,bernoulli,54,none,0.3,1.0,raw,none,,24,0.4484920594789355,0.58671875,0.3068378081771578,0.904261730520878
13,bernoulli,54,none,0.3,1.0,raw,none,,22,0.4038737750694521,0.7440729483282674,0.3015628542922711,0.9103999130623776
33,bernoulli,54,none,0.3,1.0,raw,none,,22,0.4321362510962137,0.6652182217553242,0.2825574156555394,0.9236274556895144
16,bernoulli,54,none,0.3,1.0,raw,none,,24,0.4539092610402126,0.5465683428173267,0.3011814402880809,0.8983347940403155
14,bernoulli,54,none,0.3,1.0,raw,none,,24,0.4380272345088408,0.5764258206491839,0.296579665801683,0.9157593970146312
39,bernoulli,54,none,0.3,1.0,raw,none,,23,0.4138863206719007,0.6977376861397481,0.3256957410751773,0.8898786132215528
38,bernoulli,54,none,0.3,1.0,raw,none,,23,0.4159008100507717,0.6638244338831423,0.27449010155242,0.9477943380289364
20,bernoulli,54,none,0.3,1.0,raw,none,,21,0.4628992844427532,0.4794836330106039,0.2712052783708049,0.932771251736769
26,bernoulli,54,none,0.3,1.0,raw,none,,24,0.4452676081198439,0.584620432061377,0.3249153673493016,0.8847723240685985
12,bernoulli,54,none,0.3,1.0,raw,none,,28,0.4566989734138209,0.5338415338415338,0.3285790095376561,0.8879047239915074
45,bernoulli,54,none,0.3,1.0,raw,none,,22,0.4510610865522843,0.5658604651162791,0.335874740149735,0.885200296735905
27,bernoulli,54,none,0.3,1.0,raw,none,,24,0.4487991031463522,0.5680744898868395,0.3088143079597065,0.907114437286851
41,bernoulli,54,none,0.3,1.0,raw,none,,22,0.4685465530128274,0.5474101921470342,0.3028306623352268,0.922592549203374
15,bernoulli,54,none,0.3,1.0,raw,none,,24,0.4352843173201938,0.5281207133058984,0.2311624093678455,0.9604191616766468
21,bernoulli,54,none,0.3,1.0,raw,none,,22,0.4754451723549082,0.51669357779051,0.4377620627398597,0.8751385502105964
48,bernoulli,54,none,0.3,1.0,raw,none,,22,0.4339249866411528,0.6656920077972709,0.3503099593207372,0.8621157323688969
40,bernoulli,54,none,0.3,1.0,raw,none,,21,0.4602919762121928,0.5171874999999999,0.2965604973374691,0.9085550552599264
32,bernoulli,54,none,0.3,1.0,raw,none,,22,0.4262437321042652,0.6539682539682539,0.3175903698013986,0.9105167810831426
37,bernoulli,54,none,0.3,1.0,raw,none,,21,0.4323098186527235,0.6253574346405228,0.2831042544656998,0.9234228446614416
22,bernoulli,54,none,0.3,1.0,raw,none,,27,0.4301691823360118,0.6580712788259959,0.3180873035924846,0.8818302707930368
9,bernoulli,54,none,0.3,1.0,raw,none,,27,0.4415179929825363,0.621600291403594,0.2966114932673219,0.9115127758420442
23,bernoulli,54,none,0.3,1.0,raw,none,,23,0.4407823085670782,0.5456936628333742,0.2847263937091471,0.918816489361702
6,bernoulli,54,none,0.3,1.0,raw,none,,23,0.4519378468297578,0.5471311475409836,0.2913598834215569,0.9223579158205136
35,bernoulli,54,none,0.3,1.0,raw,none,,24,0.4571628218148532,0.5360898138006572,0.2956369711526788,0.9059744268077602
42,bernoulli,54,none,0.3,1.0,raw,none,,23,0.4413083398307109,0.5407916507572865,0.2960250633911704,0.9126373626373626
28,bernoulli,54,none,0.3,1.0,raw,none,,22,0.4664594156707887,0.5893972166673469,0.3048463554016803,0.9097527986416876
24,bernoulli,54,none,0.3,1.0,raw,none,,22,0.4607618934909466,0.6013654618473896,0.3060747744961897,0.9155776515151516
43,bernoulli,54,none,0.3,1.0,raw,none,,24,0.419789120293302,0.6185692014550493,0.2677487435004193,0.9516337386018238
18,bernoulli,54,none,0.3,1.0,raw,none,,24,0.4443778385066331,0.5523511316194243,0.3040364964530752,0.9180766323623466
11,bernoulli,54,none,0.3,1.0,raw,none,,26,0.4123022342321576,0.7228638973319824,0.2941964302976762,0.928398753894081
19,bernoulli,54,none,0.3,1.0,raw,none,,24,0.4237991006643178,0.6578903001011577,0.2944087054360076,0.9230545736283956
17,bernoulli,54,none,0.3,1.0,raw,none,,22,0.4216079219726207,0.6947541966426858,0.3097045078091789,0.911828963795256
29,bernoulli,54,none,0.3,1.0,raw,none,,22,0.4325426093374395,0.6236568027773185,0.284812393324905,0.9320050967218813
30,bernoulli,54,none,0.3,1.0,raw,none,,25,0.4265350004561324,0.5900755124056095,0.2927412803045179,0.9098464127919208
34,bernoulli,54,none,0.3,1.0,raw,none,,24,0.4252356261740084,0.5973476527540477,0.3121357105779301,0.9170291910976608
4,bernoulli,54,none,0.3,1.0,raw,none,,30,0.4550876043421166,0.5877201517952709,0.2929827114593247,0.9276472591079332
25,bernoulli,54,none,0.3,1.0,raw,none,,22,0.4175454250910496,0.5215425531914893,0.2537540860152474,0.9494500561167228
46,bernoulli,54,none,0.3,1.0,raw,none,,25,0.4387497083005451,0.5657105606258148,0.2855015584365345,0.9336739908022484
47,bernoulli,54,none,0.3,1.0,raw,none,,25,0.4403801528581551,0.5846732365145229,0.3202681859694711,0.8995098039215687
36,bernoulli,54,none,0.3,1.0,raw,none,,23,0.4780053824347154,0.5114220445459738,0.4384846845864369,0.87188013136289
49,bernoulli,54,none,0.3,1.0,raw,none,,22,0.4234391462287011,0.6833848873177198,0.2857999981736703,0.9278850965869284
31,bernoulli,54,none,0.3,1.0,raw,none,,25,0.4484128606320808,0.57470703125,0.3069928084519001,0.9038025541684604
39,bernoulli,54,none,0.3,1.0,raw,none,,24,0.4164486632656445,0.6839203894616266,0.3239874531802282,0.9009693476552266
44,bernoulli,54,none,0.3,1.0,raw,none,,22,0.443601987224123,0.5895418408327185,0.2984129446223293,0.914731954411144
13,bernoulli,54,none,0.3,1.0,raw,none,,23,0.404474781348916,0.7464032421479231,0.302516772912559,0.9047761356226908
38,bernoulli,54,none,0.3,1.0,raw,none,,24,0.4212723241884382,0.6219247973161868,0.2745678155307655,0.9437072559330808
14,bernoulli,54,none,0.3,1.0,raw,none,,25,0.4383990212845928,0.6070053181734826,0.2996784279835445,0.91029114734716
33,bernoulli,54,none,0.3,1.0,raw,none,,23,0.4318369250758562,0.6537102473498233,0.2820667619617771,0.9218982660070127
26,bernoulli,54,none,0.3,1.0,raw,none,,25,0.4465224742904044,0.5330607712497476,0.3255453774417993,0.8825547013601419
8,bernoulli,54,none,0.3,1.0,raw,none,,22,0.4458233095391039,0.5471667674934462,0.3240835298503444,0.8818470877294406
16,bernoulli,54,none,0.3,1.0,raw,none,,25,0.4551179565548917,0.542213447915457,0.2985482744274062,0.9060400233713116
15,bernoulli,54,none,0.3,1.0,raw,none,,25,0.4450110033903701,0.5531861828158123,0.2334741605239727,0.9681037924151698
20,bernoulli,54,none,0.3,1.0,raw,none,,22,0.4627152927733515,0.4790225910557861,0.2731704361394447,0.930497663256284
45,bernoulli,54,none,0.3,1.0,raw,none,,23,0.4550939401653562,0.5538604651162791,0.3378965674963751,0.8848028825773633
27,bernoulli,54,none,0.3,1.0,raw,none,,25,0.4474384357151137,0.6091508509311235,0.3079236517313077,0.904461917392952
12,bernoulli,54,none,0.3,1.0,raw,none,,29,0.4578728710898838,0.4982674982674983,0.3243660764440665,0.8730924893842887
21,bernoulli,54,none,0.3,1.0,raw,none,,23,0.4554317557489731,0.51757904057503,0.3466358855608931,0.8648304145422301
41,bernoulli,54,none,0.3,1.0,raw,none,,23,0.4690663224076603,0.5151211361737678,0.3004806676277575,0.9202788191190252
22,bernoulli,54,none,0.3,1.0,raw,none,,28,0.4262173195725494,0.6569182389937107,0.3149632527662395,0.8749395551257253
35,bernoulli,54,none,0.3,1.0,raw,none,,25,0.4563564307040498,0.5757393209200439,0.2967600725476289,0.9065990593768372
37,bernoulli,54,none,0.3,1.0,raw,none,,22,0.4337393198429881,0.5961754493464052,0.27336878594364,0.925735577540794
23,bernoulli,54,none,0.3,1.0,raw,none,,24,0.4484271995345022,0.5474369953511132,0.2885395552056427,0.9209109042553192
9,bernoulli,54,none,0.3,1.0,raw,none,,28,0.4406777674955933,0.6360490529383196,0.2912183350020676,0.913109756097561
6,bernoulli,54,none,0.3,1.0,raw,none,,24,0.4509491473918958,0.6046545667447307,0.3004109716779459,0.9156536011350044
42,bernoulli,54,none,0.3,1.0,raw,none,,24,0.440725476733294,0.6009927453226422,0.2966981662322006,0.921193092621664
40,bernoulli,54,none,0.3,1.0,raw,none,,22,0.4620448243950078,0.4814764492753622,0.2956175903415962,0.9189248192113522
48,bernoulli,54,none,0.3,1.0,raw,none,,23,0.4289079356898689,0.649749373433584,0.3427795779121091,0.8578209764918626
32,bernoulli,54,none,0.3,1.0,raw,none,,23,0.4257572237287857,0.6394135055152004,0.3114530310397417,0.9092295957284516
28,bernoulli,54,none,0.3,1.0,raw,none,,23,0.4663343332586459,0.5882544994490471,0.3098569920451929,0.905148349592794
18,bernoulli,54,none,0.3,1.0,raw,none,,25,0.4442146890396268,0.5643265216435949,0.3048780530109637,0.9170882028024884
11,bernoulli,54,none,0.3,1.0,raw,none,,27,0.4150558288777956,0.6774062816616009,0.2988207947075046,0.9238878504672896
24,bernoulli,54,none,0.3,1.0,raw,none,,23,0.4597565992793384,0.6465461847389558,0.3045545556950033,0.9125236742424244
43,bernoulli,54,none,0.3,1.0,raw,none,,25,0.4189612645666822,0.5730122986315607,0.2450164040601211,0.9573328267477204
30,bernoulli,54,none,0.3,1.0,raw,none,,26,0.4268300324879261,0.5872759028098833,0.2965982678251881,0.9172101830422892
19,bernoulli,54,none,0.3,1.0,raw,none,,25,0.42849800887363,0.5924468922108576,0.2931400561176971,0.9220860975255436
46,bernoulli,54,none,0.3,1.0,raw,none,,26,0.440613921682273,0.5237940026075619,0.2841963746719819,0.932396525293817
29,bernoulli,54,none,0.3,1.0,raw,none,,23,0.4333224607748137,0.5986664462445583,0.2854781098024107,0.9227672883122902
47,bernoulli,54,none,0.3,1.0,raw,none,,26,0.440506431507741,0.5351400414937759,0.3233116743651311,0.9035204991087344
34,bernoulli,54,none,0.3,1.0,raw,none,,25,0.4260973850398743,0.6019851924172159,0.3126430660825304,0.9154845217829898
17,bernoulli,54,none,0.3,1.0,raw,none,,23,0.421843209658341,0.6902278177458034,0.3062588203872705,0.9113920099875156
31,bernoulli,54,none,0.3,1.0,raw,none,,26,0.4466023420281849,0.583837890625,0.3033983517073628,0.9114650595494332
25,bernoulli,54,none,0.3,1.0,raw,none,,23,0.4206579986427099,0.5124468085106383,0.2557426361038098,0.9459483726150394
49,bernoulli,54,none,0.3,1.0,raw,none,,23,0.4243848984621534,0.6072138753866549,0.2835447815582206,0.9261835652086878
36,bernoulli,54,none,0.3,1.0,raw,none,,24,0.4488145917507183,0.6297829811536265,0.3418520964564211,0.8687192118226601
39,bernoulli,54,none,0.3,1.0,raw,none,,25,0.42470710773691,0.664053550973654,0.3380620554615891,0.8905481326230607
14,bernoulli,54,none,0.3,1.0,raw,none,,26,0.4383452458841906,0.5813543003851092,0.2979632934126701,0.9251933592787822
38,bernoulli,54,none,0.3,1.0,raw,none,,25,0.4468441772501579,0.7008666480290747,0.3453728558366443,0.9478215852429088
26,bernoulli,54,none,0.3,1.0,raw,none,,26,0.456390224751376,0.5461841308298001,0.3422462234448931,0.8737137788290952
33,bernoulli,54,none,0.3,1.0,raw,none,,24,0.434486363907019,0.6700649412663546,0.2790350854186892,0.9264133724002114
13,bernoulli,54,none,0.3,1.0,raw,none,,24,0.4045633552750849,0.755775075987842,0.2989872029063364,0.9228971962616822
44,bernoulli,54,none,0.3,1.0,raw,none,,23,0.4444081342123528,0.610380296696992,0.3040088406856839,0.9160728031187148
15,bernoulli,54,none,0.3,1.0,raw,none,,26,0.4383621406365954,0.5745105374735004,0.232330183968402,0.9684630738522956
16,bernoulli,54,none,0.3,1.0,raw,none,,26,0.4546490394082908,0.5198583207525258,0.3030424457884281,0.8896801051709027
8,bernoulli,54,none,0.3,1.0,raw,none,,23,0.4450612949097353,0.5599919338576326,0.3274691589590264,0.8866888278652983
27,bernoulli,54,none,0.3,1.0,raw,none,,26,0.4485120937232984,0.5968546734384746,0.307425096875458,0.9046276998863204
12,bernoulli,54,none,0.3,1.0,raw,none,,30,0.4578911280893668,0.498094248094248,0.3247558557042643,0.8894970806794056
20,bernoulli,54,none,0.3,1.0,raw,none,,23,0.4626058354297899,0.5230730541933861,0.273499386459827,0.9352027283061766
45,bernoulli,54,none,0.3,1.0,raw,none,,24,0.4503791251786378,0.5968139534883721,0.3345727144367783,0.8804578211106401
23,bernoulli,54,none,0.3,1.0,raw,none,,25,0.4457921740734078,0.5456936628333742,0.2791158583058425,0.9378324468085106
41,bernoulli,54,none,0.3,1.0,raw,none,,24,0.4686852092470743,0.5654970760233918,0.3065277790974041,0.915563495782568
22,bernoulli,54,none,0.3,1.0,raw,none,,29,0.4284027660377635,0.6451432564640112,0.3155624299301459,0.8885698742746616
42,bernoulli,54,none,0.3,1.0,raw,none,,25,0.4408687086670428,0.6277629290229519,0.2942417209144391,0.919256933542648
6,bernoulli,54,none,0.3,1.0,raw,none,,25,0.4519522882056505,0.5453747072599532,0.2855326506780834,0.927420925251064
35,bernoulli,54,none,0.3,1.0,raw,none,,26,0.4591841080492151,0.5257940854326397,0.2964870528149205,0.9029247501469724
21,bernoulli,54,none,0.3,1.0,raw,none,,24,0.4421459178446661,0.5489348403562685,0.3333659218216133,0.8831744624251829
9,bernoulli,54,none,0.3,1.0,raw,none,,29,0.4410139551798426,0.610247693054881,0.2930968703821627,0.9144526713124274
48,bernoulli,54,none,0.3,1.0,raw,none,,24,0.430542684391721,0.6383319409635199,0.3493402286860173,0.859435546370447
40,bernoulli,54,none,0.3,1.0,raw,none,,23,0.4614465456534138,0.5057744565217391,0.2982202468126171,0.9021421749215446
37,bernoulli,54,none,0.3,1.0,raw,none,,23,0.4431702466712284,0.5863204656862745,0.2752169473995544,0.9291404342798408
28,bernoulli,54,none,0.3,1.0,raw,none,,24,0.466865071697966,0.599355180998245,0.3054986451293757,0.9056087944976834
32,bernoulli,54,none,0.3,1.0,raw,none,,24,0.427382755765919,0.6131826741996234,0.3108111163019753,0.9115894355453852
11,bernoulli,54,none,0.3,1.0,raw,none,,28,0.4157770215851277,0.6765281999324553,0.3008629452620585,0.920797507788162
18,bernoulli,54,none,0.3,1.0,raw,none,,26,0.4445063170026012,0.5774280377938915,0.3019314238731074,0.9280772137914994
24,bernoulli,54,none,0.3,1.0,raw,none,,24,0.459438083495225,0.6014859437751005,0.3035325388080323,0.9152462121212122
43,bernoulli,54,none,0.3,1.0,raw,none,,26,0.4204745359671221,0.6165771695825394,0.26448418563031,0.95129179331307
46,bernoulli,54,none,0.3,1.0,raw,none,,27,0.4392867557527688,0.5631899174272055,0.2819000652316878,0.9298415942769546
30,bernoulli,54,none,0.3,1.0,raw,none,,27,0.4275933124529125,0.56392869985103,0.2922353338162518,0.9075583841784136
47,bernoulli,54,none,0.3,1.0,raw,none,,27,0.4405985844587218,0.5516727178423236,0.3167452350301707,0.9094092182327476
19,bernoulli,54,none,0.3,1.0,raw,none,,26,0.4262729395569551,0.6629762841407216,0.2965870891663539,0.9171226574984264
31,bernoulli,54,none,0.3,1.0,raw,none,,27,0.447977025009169,0.6022949218749999,0.3061599730494704,0.9157698378533504
34,bernoulli,54,none,0.3,1.0,raw,none,,26,0.4263553773272701,0.5964526889594012,0.3122588657833916,0.9127419456528592
25,bernoulli,54,none,0.3,1.0,raw,none,,24,0.4171003786479042,0.5667021276595745,0.2518518377355172,0.9475645342312008
17,bernoulli,54,none,0.3,1.0,raw,none,,24,0.4232609025155997,0.7049460431654676,0.3035652449022128,0.9164794007490636
29,bernoulli,54,none,0.3,1.0,raw,none,,24,0.4346762195936226,0.6196340993001598,0.2901333742260319,0.92881964554616
36,bernoulli,54,none,0.3,1.0,raw,none,,25,0.4503353174267301,0.5875571102227298,0.3442054245872105,0.8711001642036125
49,bernoulli,54,none,0.3,1.0,raw,none,,24,0.4247870606021007,0.630468404772426,0.2872752404698036,0.923406065458913
39,bernoulli,54,none,0.3,1.0,raw,none,,26,0.4196432209303186,0.6719286941580757,0.324109645088472,0.9009984571944226
38,bernoulli,54,none,0.3,1.0,raw,none,,26,0.4195473175950053,0.7206457925636008,0.2738665620434591,0.9450968638456716
26,bernoulli,54,none,0.3,1.0,raw,none,,27,0.4485921221005656,0.5390672319806177,0.3320154298491575,0.8692785334121822
44,bernoulli,54,none,0.3,1.0,raw,none,,24,0.4393953242966472,0.6135357757560855,0.2978014168973652,0.908089787202344
14,bernoulli,54,none,0.3,1.0,raw,none,,27,0.4397236648251283,0.5817898404547955,0.2947969361475669,0.9167446672249864
15,bernoulli,54,none,0.3,1.0,raw,none,,27,0.4376004478401302,0.5958348921311885,0.2351993369236669,0.9581636726546904
33,bernoulli,54,none,0.3,1.0,raw,none,,25,0.4347252044670233,0.6348247540827047,0.2813269456935615,0.9219943321004852
16,bernoulli,54,none,0.3,1.0,raw,none,,27,0.4565192394923653,0.5375101614214377,0.3041580196788871,0.8910677768039732
13,bernoulli,54,none,0.3,1.0,raw,none,,25,0.4061709840665343,0.7649442755825734,0.2994249778594351,0.919392523364486
8,bernoulli,54,none,0.3,1.0,raw,none,,24,0.4533311440728189,0.5488203266787659,0.3286845681124468,0.8912174206291853
27,bernoulli,54,none,0.3,1.0,raw,none,,27,0.449489528482054,0.6083712019959013,0.3093720532286592,0.9046040166729824
20,bernoulli,54,none,0.3,1.0,raw,none,,24,0.4616676463651533,0.5293180770359194,0.2687037245143762,0.9387078438802576
6,bernoulli,54,none,0.3,1.0,raw,none,,26,0.4513301489178624,0.6187304839968775,0.2886401519069409,0.9192143989762708
23,bernoulli,54,none,0.3,1.0,raw,none,,26,0.4479912780749295,0.5613530707120137,0.2886577040067937,0.9240691489361702
42,bernoulli,54,none,0.3,1.0,raw,none,,26,0.4418500677680032,0.5749013618429426,0.295539058589,0.9122187336473052
45,bernoulli,54,none,0.3,1.0,raw,none,,25,0.4549915247693756,0.5532558139534883,0.3306827875593552,0.8902607036880035
35,bernoulli,54,none,0.3,1.0,raw,none,,27,0.4566638806819627,0.5162650602409639,0.2951373140754322,0.9134332745443856
48,bernoulli,54,none,0.3,1.0,raw,none,,25,0.4326008434092994,0.62531328320802,0.3508228893246982,0.8443231723068975
41,bernoulli,54,none,0.3,1.0,raw,none,,25,0.4692128757105286,0.5269423558897243,0.3066717605819951,0.9237347703842548
22,bernoulli,54,none,0.3,1.0,raw,none,,30,0.4295375562352703,0.6365478686233403,0.3155527258734546,0.8791706963249517
40,bernoulli,54,none,0.3,1.0,raw,none,,24,0.460650500157179,0.5548913043478261,0.2981431253189539,0.9115841178878428
28,bernoulli,54,none,0.3,1.0,raw,none,,25,0.4667077558031582,0.5853160837448476,0.303635382377009,0.9095513539957985
21,bernoulli,54,none,0.3,1.0,raw,none,,25,0.4430668407738219,0.5317985311734986,0.3319737777336413,0.869014630902239
9,bernoulli,54,none,0.3,1.0,raw,none,,30,0.4417358619389921,0.629188926663429,0.2924762273363101,0.9106416957026714
11,bernoulli,54,none,0.3,1.0,raw,none,,29,0.4168610199009644,0.6541708882134415,0.2945224381198693,0.9252336448598132
18,bernoulli,54,none,0.3,1.0,raw,none,,27,0.4444551580432534,0.5651505163700286,0.3049119953702285,0.916739345310774
32,bernoulli,54,none,0.3,1.0,raw,none,,25,0.4268493205063858,0.6574387947269303,0.3089283565663032,0.9024599542334096
37,bernoulli,54,none,0.3,1.0,raw,none,,24,0.4444347732786461,0.5826439950980393,0.2781929527807617,0.9246434536810998
24,bernoulli,54,none,0.3,1.0,raw,none,,25,0.4647251266299553,0.6322690763052209,0.3187817188450582,0.915033143939394
46,bernoulli,54,none,0.3,1.0,raw,none,,28,0.4403213401540541,0.5413950456323338,0.2862404760708683,0.9303014818599896
43,bernoulli,54,none,0.3,1.0,raw,none,,27,0.421002138466512,0.5619262082106358,0.2621950967299676,0.952773556231003
47,bernoulli,54,none,0.3,1.0,raw,none,,28,0.4424090346086853,0.5566001037344398,0.3267386189699066,0.8983002291825821
34,bernoulli,54,none,0.3,1.0,raw,none,,27,0.4275260487645703,0.5921405906761044,0.3085253192984963,0.9245003467624991
31,bernoulli,54,none,0.3,1.0,raw,none,,28,0.4466447643910939,0.59619140625,0.3041038914899388,0.9017936576266322
30,bernoulli,54,none,0.3,1.0,raw,none,,28,0.4271858739647549,0.6040735603842401,0.2938599953765819,0.9113454660214602
19,bernoulli,54,none,0.3,1.0,raw,none,,27,0.4403710506001158,0.6234404855569292,0.3012927647663255,0.925064161541814
25,bernoulli,54,none,0.3,1.0,raw,none,,25,0.4196614722207407,0.5246808510638298,0.2534622859241108,0.9490011223344555
17,bernoulli,54,none,0.3,1.0,raw,none,,25,0.4231419964451847,0.6935851318944845,0.3037070982466529,0.8939762796504369
36,bernoulli,54,none,0.3,1.0,raw,none,,26,0.453474058337711,0.6159337521416334,0.3543399031817429,0.8617816091954024
49,bernoulli,54,none,0.3,1.0,raw,none,,25,0.4238785392908204,0.6668692001767564,0.2893167872198799,0.9286357721949754
29,bernoulli,54,none,0.3,1.0,raw,none,,25,0.4366357987294637,0.5992175015154021,0.2840247370858457,0.9292540252519402
38,bernoulli,54,none,0.3,1.0,raw,none,,27,0.4238032496311541,0.7273553256919205,0.2792308569291571,0.944524672352252
39,bernoulli,54,none,0.3,1.0,raw,none,,27,0.4191950696014611,0.6665592783505154,0.3299605368910613,0.8926149099059763
26,bernoulli,54,none,0.3,1.0,raw,none,,28,0.446709582917554,0.5465374520492631,0.3269126269965026,0.868214074512123
44,bernoulli,54,none,0.3,1.0,raw,none,,25,0.4417430301843954,0.5885378247684616,0.2994622253380723,0.9052715218632832
14,bernoulli,54,none,0.3,1.0,raw,none,,28,0.4401746294695695,0.5903631028791492,0.2977453824252942,0.91886299817725
33,bernoulli,54,none,0.3,1.0,raw,none,,26,0.4329042020801747,0.678492980613122,0.2811919788276071,0.9355396512800808
16,bernoulli,54,none,0.3,1.0,raw,none,,28,0.4543298947117169,0.537568226686796,0.299803233686768,0.9039950335962604
15,bernoulli,54,none,0.3,1.0,raw,none,,28,0.4374965258869108,0.5639107120588601,0.2361563775709735,0.960558882235529
13,bernoulli,54,none,0.3,1.0,raw,none,,26,0.4059435899320268,0.7573961499493415,0.3070005988820351,0.8971962616822431
23,bernoulli,54,none,0.3,1.0,raw,none,,27,0.4439348695385184,0.5657572791778812,0.2941709900440155,0.9192154255319148
8,bernoulli,54,none,0.3,1.0,raw,none,,25,0.4593009668496601,0.4292196007259528,0.3375188513188754,0.8921809510044804
27,bernoulli,54,none,0.3,1.0,raw,none,,28,0.4482725212122241,0.6432326472422704,0.3078372107912869,0.9117563471011748
6,bernoulli,54,none,0.3,1.0,raw,none,,27,0.4526962191784711,0.590359094457455,0.2861818134936722,0.9324282972153448
42,bernoulli,54,none,0.3,1.0,raw,none,,27,0.442243575190168,0.5740104365533919,0.2956411168179187,0.9200418628990058
20,bernoulli,54,none,0.3,1.0,raw,none,,25,0.4634277993265367,0.4703466197242131,0.2688805423885361,0.9343185550082104
48,bernoulli,54,none,0.3,1.0,raw,none,,26,0.433087818426901,0.6437273739905318,0.3525118513516131,0.8515241539653836
41,bernoulli,54,none,0.3,1.0,raw,none,,26,0.4692716239332623,0.5334168755221387,0.305185082866058,0.9236469072164948
45,bernoulli,54,none,0.3,1.0,raw,none,,26,0.4528301200308088,0.5618604651162791,0.3328537794490817,0.8925392115303095
35,bernoulli,54,none,0.3,1.0,raw,none,,28,0.4593640644043422,0.5335158817086528,0.297973007707827,0.9071502057613168
40,bernoulli,54,none,0.3,1.0,raw,none,,25,0.4618643155236525,0.4792119565217391,0.294763522551374,0.9220903261017874
28,bernoulli,54,none,0.3,1.0,raw,none,,26,0.4668285087815994,0.5805411582255234,0.303537239375366,0.9117384672940227
18,bernoulli,54,none,0.3,1.0,raw,none,,28,0.4454315595245431,0.5192265436167876,0.3052487095478283,0.9200825629397058
11,bernoulli,54,none,0.3,1.0,raw,none,,30,0.4175363246739815,0.6818642350557245,0.302013215060864,0.9205732087227414
21,bernoulli,54,none,0.3,1.0,raw,none,,26,0.4471452376083792,0.5053909057763425,0.3322770947616568,0.8803341831079583
46,bernoulli,54,none,0.3,1.0,raw,none,,29,0.4399768844677282,0.6001738374619731,0.2855936901786617,0.9306847215125192
32,bernoulli,54,none,0.3,1.0,raw,none,,26,0.4286413983578724,0.6271455474845306,0.3120913575549492,0.9096109839816934
24,bernoulli,54,none,0.3,1.0,raw,none,,26,0.464497782081877,0.6502409638554216,0.3153097674702255,0.9192708333333334
37,bernoulli,54,none,0.3,1.0,raw,none,,25,0.4344512604932558,0.5843545751633986,0.2754796607917908,0.9321919568289864
43,bernoulli,54,none,0.3,1.0,raw,none,,28,0.4211637718285868,0.4979213580460765,0.2449245531827038,0.9565349544072947
34,bernoulli,54,none,0.3,1.0,raw,none,,28,0.4270919783422828,0.6263119355626068,0.314125245502162,0.9128680411071182
30,bernoulli,54,none,0.3,1.0,raw,none,,29,0.4281033531341008,0.57522987620075,0.2952095422448545,0.9219966337050284
47,bernoulli,54,none,0.3,1.0,raw,none,,29,0.4498178881796473,0.5785140041493776,0.3363398537711838,0.8929208046855106
31,bernoulli,54,none,0.3,1.0,raw,none,,29,0.4467185727012685,0.60546875,0.3048469664121942,0.9131008753049218
38,bernoulli,54,none,0.3,1.0,raw,none,,28,0.4176619107554578,0.6636497064579256,0.2776498716970965,0.9422904008065176
25,bernoulli,54,none,0.3,1.0,raw,none,,26,0.4200887304197828,0.4895744680851064,0.2579314362118438,0.9492255892255892
19,bernoulli,54,none,0.3,1.0,raw,none,,28,0.4285570707073224,0.6472406429133416,0.2932040096465786,0.9243862282698176
49,bernoulli,54,none,0.3,1.0,raw,none,,26,0.4250883536500711,0.6674768007070261,0.2844833770104217,0.9262336102492242
36,bernoulli,54,none,0.3,1.0,raw,none,,27,0.4743680929352078,0.6582667047401485,0.4203675145444959,0.8635057471264368
26,bernoulli,54,none,0.3,1.0,raw,none,,29,0.4463858468183448,0.5991823137492429,0.332837382805723,0.879538734476641
17,bernoulli,54,none,0.3,1.0,raw,none,,26,0.4232462743289867,0.673441247002398,0.3081774982584772,0.9097378277153558
39,bernoulli,54,none,0.3,1.0,raw,none,,28,0.4193093556621548,0.6958762886597938,0.3234316336979739,0.9012895525863824
44,bernoulli,54,none,0.3,1.0,raw,none,,26,0.4492771774110592,0.6006065076633063,0.3028936028893753,0.9042286395351724
14,bernoulli,54,none,0.3,1.0,raw,none,,29,0.4402602857463694,0.553181734824867,0.2955500121911875,0.9152913936647123
29,bernoulli,54,none,0.3,1.0,raw,none,,26,0.4386474514257039,0.5768446575191492,0.2848768433071422,0.9300938260164484
23,bernoulli,54,none,0.3,1.0,raw,none,,28,0.4478037067037151,0.5395155370687545,0.2919132036533123,0.9310505319148936
16,bernoulli,54,none,0.3,1.0,raw,none,,29,0.4552568731318094,0.5196260596910928,0.2984972848976399,0.8985539000876424
15,bernoulli,54,none,0.3,1.0,raw,none,,29,0.4376002775802028,0.5816810076069335,0.2298381227210267,0.9655888223552896
27,bernoulli,54,none,0.3,1.0,raw,none,,29,0.4483868567018636,0.6314710861623452,0.3110654807167348,0.9099090564607806
6,bernoulli,54,none,0.3,1.0,raw,none,,28,0.4527413454086957,0.5866022638563623,0.2908025383881781,0.9216068100258714
33,bernoulli,54,none,0.3,1.0,raw,none,,27,0.4333138808444801,0.6753891700888167,0.2804776288595579,0.9232551995773092
42,bernoulli,54,none,0.3,1.0,raw,none,,28,0.4426121738194655,0.594056255568283,0.297852700653403,0.9164050235478808
13,bernoulli,54,none,0.3,1.0,raw,none,,27,0.4071621741018255,0.7305977710233029,0.3071881162883673,0.9009726146489894
8,bernoulli,54,none,0.3,1.0,raw,none,,26,0.461700083424662,0.5841903609598709,0.3493478638751155,0.900322782675724
20,bernoulli,54,none,0.3,1.0,raw,none,,26,0.462779164475654,0.5024519049415315,0.2700413010497684,0.9375710496400153
48,bernoulli,54,none,0.3,1.0,raw,none,,27,0.4305665128434781,0.6347813979392928,0.3451157229294759,0.847972100232498
41,bernoulli,54,none,0.3,1.0,raw,none,,27,0.4699175916113457,0.5002088554720133,0.304718260557243,0.9186679943767572
35,bernoulli,54,none,0.3,1.0,raw,none,,29,0.4568452211947739,0.5552026286966046,0.2972456600788366,0.90516607877719
18,bernoulli,54,none,0.3,1.0,raw,none,,29,0.445523613528708,0.5547132498352011,0.303263024239928,0.9230769230769232
45,bernoulli,54,none,0.3,1.0,raw,none,,27,0.4523430522854024,0.5672093023255814,0.3313721341671478,0.8874788045782112
40,bernoulli,54,none,0.3,1.0,raw,none,,26,0.4619556109914558,0.4707201086956522,0.2992344879513501,0.9029881293491608
21,bernoulli,54,none,0.3,1.0,raw,none,,27,0.4432045082139288,0.5585447158706183,0.3330888062366213,0.8738084681888717
28,bernoulli,54,none,0.3,1.0,raw,none,,27,0.4711018057113857,0.5676243725258132,0.3213649300741373,0.9086592419925752
46,bernoulli,54,none,0.3,1.0,raw,none,,30,0.4403359425452032,0.5798348544111256,0.2856625673517581,0.932600919775166
32,bernoulli,54,none,0.3,1.0,raw,none,,27,0.4281889011558912,0.6280871670702178,0.310952719119473,0.9037233028222732
24,bernoulli,54,none,0.3,1.0,raw,none,,27,0.4616514108417511,0.6057028112449799,0.3015991460443734,0.916382575757576
43,bernoulli,54,none,0.3,1.0,raw,none,,29,0.4217581057196401,0.5733587389572146,0.2523553579867039,0.954483282674772
37,bernoulli,54,none,0.3,1.0,raw,none,,26,0.4343697245709733,0.6432802287581699,0.2712338753271585,0.9316137736091482
34,bernoulli,54,none,0.3,1.0,raw,none,,29,0.4271460018079793,0.5829468716947359,0.3138398534222751,0.9182270979131202
30,bernoulli,54,none,0.3,1.0,raw,none,,30,0.4292122553558634,0.5194431602198593,0.293456434607891,0.921102461603198
19,bernoulli,54,none,0.3,1.0,raw,none,,29,0.4275962397513975,0.6412273800157356,0.2978798399462794,0.9191080335092732
38,bernoulli,54,none,0.3,1.0,raw,none,,29,0.4340760924680751,0.6645932345540956,0.2866012072447236,0.9401378709027002
47,bernoulli,54,none,0.3,1.0,raw,none,,30,0.4421328244594091,0.5870396784232365,0.3233443614444793,0.9056531703590528
31,bernoulli,54,none,0.3,1.0,raw,none,,30,0.4474008014419396,0.6051269531250001,0.3003856484902511,0.9027981058975464
25,bernoulli,54,none,0.3,1.0,raw,none,,27,0.4209372553438808,0.5131914893617021,0.2633725339170274,0.9456790123456792
26,bernoulli,54,none,0.3,1.0,raw,none,,30,0.4472306416918831,0.5643044619422573,0.3290074720498007,0.8713483146067416
39,bernoulli,54,none,0.3,1.0,raw,none,,29,0.4194486746336119,0.6684922680412371,0.3217562377676266,0.8994847611562309
49,bernoulli,54,none,0.3,1.0,raw,none,,27,0.4262010097597316,0.6322635881573134,0.2867734072193644,0.9236813131818638
14,bernoulli,54,none,0.3,1.0,raw,none,,30,0.4405633254209209,0.5786722904823034,0.2981059754497363,0.9098477757525
36,bernoulli,54,none,0.3,1.0,raw,none,,28,0.4572170401603719,0.5906624785836665,0.3524214107076554,0.8645320197044335
6,bernoulli,54,none,0.3,1.0,raw,none,,29,0.4521979681779211,0.5745511319281811,0.2878365940856527,0.9279633905471946
23,bernoulli,54,none,0.3,1.0,raw,none,,29,0.4510373001533334,0.5630658184487398,0.2901264791052381,0.9222406914893616
44,bernoulli,54,none,0.3,1.0,raw,none,,27,0.4401816708039187,0.5720842553889025,0.3002337265503963,0.8976982097186701
17,bernoulli,54,none,0.3,1.0,raw,none,,27,0.425101516324024,0.6772182254196644,0.3065207423197024,0.8850187265917603
42,bernoulli,54,none,0.3,1.0,raw,none,,29,0.4432449697358607,0.5591616817275465,0.2946725890714644,0.9280481423338568
29,bernoulli,54,none,0.3,1.0,raw,none,,27,0.4359211874203411,0.6180635917782553,0.2868971137331101,0.9245627244295148
27,bernoulli,54,none,0.3,1.0,raw,none,,30,0.4491643789807569,0.5846475986812796,0.3070530031957452,0.9067828723001136
15,bernoulli,54,none,0.3,1.0,raw,none,,30,0.4456989050756506,0.5541214615288689,0.2427730096888436,0.963313373253493
16,bernoulli,54,none,0.3,1.0,raw,none,,30,0.4566746486130994,0.5582104285216584,0.3048543962020564,0.8962532865907099
18,bernoulli,54,none,0.3,1.0,raw,none,,30,0.4455341490202851,0.5650955833882663,0.3061668356061922,0.9231350659922088
8,bernoulli,54,none,0.3,1.0,raw,none,,27,0.4466313024418377,0.5600725952813067,0.3250376574083987,0.8922291275232451
33,bernoulli,54,none,0.3,1.0,raw,none,,28,0.4441725378054031,0.66092063795244,0.293327671171579,0.9252125462318076
35,bernoulli,54,none,0.3,1.0,raw,none,,30,0.4595253374017035,0.5467141292442498,0.3007588935569238,0.9096119929453264
13,bernoulli,54,none,0.3,1.0,raw,none,,28,0.4097055229278906,0.759371833839919,0.3045895614696098,0.9124918495979136
20,bernoulli,54,none,0.3,1.0,raw,none,,27,0.4625985878179446,0.5046313760006707,0.2727170717885597,0.9314134141720348
48,bernoulli,54,none,0.3,1.0,raw,none,,28,0.4335004001514387,0.6183514341409078,0.3457329408535977,0.844775251872901
34,bernoulli,54,none,0.3,1.0,raw,none,,30,0.4283271061906,0.625579692457896,0.3109308424193777,0.9238383456276402
21,bernoulli,54,none,0.3,1.0,raw,none,,28,0.4440808077265716,0.5403927287879577,0.3301980178958649,0.88817612502771
41,bernoulli,54,none,0.3,1.0,raw,none,,28,0.4708752455947434,0.4628654970760233,0.3076088192724936,0.9220653701968136
19,bernoulli,54,none,0.3,1.0,raw,none,,30,0.4284671446535269,0.6167247386759582,0.2927656868690612,0.9192775168272722
40,bernoulli,54,none,0.3,1.0,raw,none,,27,0.461516259420514,0.5089673913043479,0.2981681267116388,0.9131122936280528
43,bernoulli,54,none,0.3,1.0,raw,none,,30,0.4217753645896184,0.5935388879265546,0.2392287801138529,0.95790273556231
28,bernoulli,54,none,0.3,1.0,raw,none,,28,0.4671269929418191,0.5796841203117986,0.3070819497411572,0.90667357334024
45,bernoulli,54,none,0.3,1.0,raw,none,,28,0.4522055637202515,0.5695348837209303,0.3329620441744271,0.8907905892327257
38,bernoulli,54,none,0.3,1.0,raw,none,,30,0.4236254229325394,0.7317584568073805,0.2800541062743414,0.9409825345358436
6,bernoulli,54,none,0.3,1.0,raw,none,,30,0.4527483064945256,0.5777712724434036,0.2924801248538841,0.9224135532867832
39,bernoulli,54,none,0.3,1.0,raw,none,,30,0.4234321959891804,0.7046463344788088,0.3225109207167287,0.904840916368294
42,bernoulli,54,none,0.3,1.0,raw,none,,30,0.44337656601166,0.5841924398625429,0.2945444837678218,0.9172422815279958
23,bernoulli,54,none,0.3,1.0,raw,none,,30,0.4462526669676342,0.5790922436995352,0.2824238282448746,0.9342087765957447
24,bernoulli,54,none,0.3,1.0,raw,none,,28,0.4601819262764783,0.5710843373493976,0.3031037200261786,0.9205255681818182
32,bernoulli,54,none,0.3,1.0,raw,none,,28,0.4291701410054183,0.6244821092278718,0.3133530774621417,0.911660945842868
37,bernoulli,54,none,0.3,1.0,raw,none,,27,0.4447302106557727,0.6335273692810457,0.2774393561615439,0.93614287549788
25,bernoulli,54,none,0.3,1.0,raw,none,,28,0.4199878197277549,0.5227659574468084,0.251715747879283,0.9491806958473624
36,bernoulli,54,none,0.3,1.0,raw,none,,29,0.4548220261759166,0.5957310108509424,0.3420674588140047,0.870935960591133
49,bernoulli,54,none,0.3,1.0,raw,none,,28,0.4257261258060185,0.6245581087052585,0.2887828350388968,0.9175257731958764
44,bernoulli,54,none,0.3,1.0,raw,none,,28,0.4431197573428342,0.5934349643471847,0.3004727825423848,0.9173143296997988
17,bernoulli,54,none,0.3,1.0,raw,none,,28,0.4242907166249203,0.7061750599520384,0.3072832262636503,0.9007802746566792
29,bernoulli,54,none,0.3,1.0,raw,none,,28,0.4408109245602066,0.619220807847027,0.2885160306818713,0.9325842696629214
8,bernoulli,54,none,0.3,1.0,raw,none,,28,0.4465641033979372,0.5757612421859246,0.3282506225439126,0.8855085031555621
33,bernoulli,54,none,0.3,1.0,raw,none,,29,0.4330771005795025,0.6966622099130935,0.2777518104628126,0.9244920505307652
20,bernoulli,54,none,0.3,1.0,raw,none,,28,0.4629515273836432,0.5235760090531876,0.270388139494522,0.931002905140836
48,bernoulli,54,none,0.3,1.0,raw,none,,29,0.4305934718401256,0.6436577554998607,0.345043112680198,0.8458731593903385
13,bernoulli,54,none,0.3,1.0,raw,none,,29,0.4092631289089564,0.7463019250253292,0.3011916073718746,0.9150184742447294
40,bernoulli,54,none,0.3,1.0,raw,none,,28,0.4615276083029296,0.5493206521739131,0.2976599655520206,0.9250102333196888
28,bernoulli,54,none,0.3,1.0,raw,none,,29,0.4675040056444621,0.5667061176182507,0.3048824884582791,0.9079685746352412
21,bernoulli,54,none,0.3,1.0,raw,none,,29,0.452359588951879,0.5486223240793792,0.3385990742157865,0.8853081356683662
41,bernoulli,54,none,0.3,1.0,raw,none,,29,0.4705796297400605,0.4802422723475354,0.3042728953284568,0.924964854732896
45,bernoulli,54,none,0.3,1.0,raw,none,,29,0.4548211415843174,0.5733488372093023,0.3347707380796794,0.8921417973717677
24,bernoulli,54,none,0.3,1.0,raw,none,,29,0.4620440826336798,0.6082730923694779,0.3057323172416146,0.9090198863636364
32,bernoulli,54,none,0.3,1.0,raw,none,,29,0.4273579129621562,0.6420231369383912,0.3156331353980343,0.9041285278413425
44,bernoulli,54,none,0.3,1.0,raw,none,,29,0.4408526873922105,0.613146463404639,0.2965328227228683,0.9012738062721924
36,bernoulli,54,none,0.3,1.0,raw,none,,30,0.4797600271957215,0.5806681896059395,0.4402538210645068,0.8633825944170772
37,bernoulli,54,none,0.3,1.0,raw,none,,28,0.4354076590663412,0.5795547385620915,0.2715786557500472,0.9231016317615316
25,bernoulli,54,none,0.3,1.0,raw,none,,29,0.4213197197368384,0.5337234042553192,0.2535059193779663,0.9503928170594838
49,bernoulli,54,none,0.3,1.0,raw,none,,29,0.4256234882904856,0.6630855059655324,0.2863024056034773,0.9325643078770892
17,bernoulli,54,none,0.3,1.0,raw,none,,29,0.4401872225458174,0.6789568345323741,0.3205051075636996,0.9006554307116105
8,bernoulli,54,none,0.3,1.0,raw,none,,29,0.4470466677511334,0.5736640451703973,0.319011254860951,0.9000096353037528
29,bernoulli,54,none,0.3,1.0,raw,none,,29,0.4469691464146935,0.6104314762770706,0.2914683641398646,0.9318892621336732
20,bernoulli,54,none,0.3,1.0,raw,none,,29,0.462878601304358,0.5316232868100089,0.2703700902813162,0.9372236958443856
40,bernoulli,54,none,0.3,1.0,raw,none,,29,0.4626042087534583,0.4921648550724637,0.2980787942575595,0.9194160185564196
48,bernoulli,54,none,0.3,1.0,raw,none,,30,0.4416593484302228,0.6348510164299638,0.3609576000875644,0.8372513562386981
28,bernoulli,54,none,0.3,1.0,raw,none,,30,0.4675087388899718,0.5704607599069502,0.3033821190366952,0.911796022907134
33,bernoulli,54,none,0.3,1.0,raw,none,,30,0.4351360282103128,0.6647407124438925,0.283636642659254,0.9267976367741008
13,bernoulli,54,none,0.3,1.0,raw,none,,30,0.4069768931580267,0.7425531914893617,0.3067082008689225,0.9002119104542491
24,bernoulli,54,none,0.3,1.0,raw,none,,30,0.4564969452696226,0.594417670682731,0.2998848599772329,0.9159090909090908
41,bernoulli,54,none,0.3,1.0,raw,none,,30,0.4711935883308444,0.460860484544695,0.3016515625000948,0.927249297094658
32,bernoulli,54,none,0.3,1.0,raw,none,,30,0.4298703238212663,0.603228410008071,0.3084309426125631,0.9155701754385964
44,bernoulli,54,none,0.3,1.0,raw,none,,30,0.4419162808118719,0.6076960904843866,0.2996456954804737,0.915352717701686
21,bernoulli,54,none,0.3,1.0,raw,none,,30,0.4490297334485989,0.5172404812750664,0.3324643395955411,0.8772722234537796
45,bernoulli,54,none,0.3,1.0,raw,none,,30,0.4527935756259194,0.5688837209302325,0.3381822793677815,0.8875052988554473
37,bernoulli,54,none,0.3,1.0,raw,none,,29,0.4360266126113921,0.6080984477124184,0.2792087229084742,0.9323525632789412
25,bernoulli,54,none,0.3,1.0,raw,none,,30,0.4213824752646994,0.5318085106382979,0.2555702556105934,0.9481481481481482
17,bernoulli,54,none,0.3,1.0,raw,none,,30,0.4259998040590597,0.7026378896882494,0.3140692174012818,0.8980649188514357
49,bernoulli,54,none,0.3,1.0,raw,none,,30,0.4253249917308537,0.6945978789217853,0.2909193711824858,0.91562406165549
8,bernoulli,54,none,0.3,1.0,raw,none,,30,0.4477116056239541,0.5660818713450291,0.324800578244492,0.892855422267187
40,bernoulli,54,none,0.3,1.0,raw,none,,30,0.4622415587333771,0.4997735507246377,0.3033003776567751,0.9158138900259244
20,bernoulli,54,none,0.3,1.0,raw,none,,30,0.4632632530280597,0.5228215767634855,0.2694142405523326,0.9314449917898197
29,bernoulli,54,none,0.3,1.0,raw,none,,30,0.4359612653263587,0.6178982751970022,0.285852301260643,0.922246032665354
37,bernoulli,54,none,0.3,1.0,raw,none,,30,0.43609454699900996,0.5908649918300655,0.2780857771101257,0.9281446742901195
