seed,model_type,n_samples,pre_revision,j_percentage,train_retention,baseline_embedding_type,pre_population_match,pre_population_match_version,mirt_dim,rmse_mirt,auc_mirt,val_rmse_mirt,val_auc_mirt
3,bernoulli,54,none,0.7,1.0,sae,none,,2,0.4290102563323372,0.5703082378614294,0.3389406152153318,0.8711654589371981
2,bernoulli,54,none,0.7,1.0,sae,none,,2,0.4086712065413952,0.5806570512820514,0.2756807949398394,0.9260772942894168
3,bernoulli,54,none,0.7,1.0,sae,none,,3,0.4310430126743801,0.5752916614209577,0.3390088403668749,0.866298309178744
7,bernoulli,54,none,0.7,1.0,sae,none,,2,0.447018500942606,0.53218885800415,0.3006759434439477,0.9149851888258655
2,bernoulli,54,none,0.7,1.0,sae,none,,3,0.4111196012934068,0.5888247863247864,0.27087610011016,0.9291850149229228
3,bernoulli,54,none,0.7,1.0,sae,none,,4,0.4324508243784488,0.5830028536657016,0.3383976764619757,0.8655434782608695
1,bernoulli,54,none,0.7,1.0,sae,none,,2,0.4171713057957437,0.5872792309412027,0.3115986341645137,0.908026208026208
7,bernoulli,54,none,0.7,1.0,sae,none,,3,0.4464403726516578,0.5290764593039189,0.2979716699794208,0.914369717015803
2,bernoulli,54,none,0.7,1.0,sae,none,,4,0.4114003522879761,0.5650160256410256,0.269171668423003,0.9275842456154751
5,bernoulli,54,none,0.7,1.0,sae,none,,2,0.4297417693112769,0.6051327784383671,0.3064441902135231,0.902229115188476
1,bernoulli,54,none,0.7,1.0,sae,none,,3,0.4115237011069027,0.5955399061032863,0.3103532727472273,0.907944307944308
3,bernoulli,54,none,0.7,1.0,sae,none,,5,0.4348065023750207,0.5767027571446557,0.3379293651092018,0.8733333333333333
6,bernoulli,54,none,0.7,1.0,sae,none,,2,0.4221701119637869,0.5668471629042099,0.2979379747457785,0.926848464973134
7,bernoulli,54,none,0.7,1.0,sae,none,,4,0.4418356671828673,0.5141682652781584,0.2961022962076626,0.911336636512976
2,bernoulli,54,none,0.7,1.0,sae,none,,5,0.4139415996313365,0.5747222222222222,0.2732807391267148,0.9243182071383756
5,bernoulli,54,none,0.7,1.0,sae,none,,3,0.4265991893821415,0.6079072532699169,0.3053764720964024,0.9082014615425058
3,bernoulli,54,none,0.7,1.0,sae,none,,6,0.4344598351111132,0.5817491292123043,0.3369984728349839,0.863713768115942
1,bernoulli,54,none,0.7,1.0,sae,none,,4,0.4134844037277845,0.5976972948803936,0.310251779521969,0.9042613636363636
6,bernoulli,54,none,0.7,1.0,sae,none,,3,0.422001731345842,0.5695818443301666,0.2965060626957239,0.9203778915769024
7,bernoulli,54,none,0.7,1.0,sae,none,,5,0.4424248479614928,0.5467329601064872,0.2957802086241013,0.9160213068370504
2,bernoulli,54,none,0.7,1.0,sae,none,,6,0.4145078063903873,0.5981356837606838,0.2743258079799892,0.924728660806952
5,bernoulli,54,none,0.7,1.0,sae,none,,4,0.4232222801916986,0.6408470641526527,0.3065917711156162,0.902744335208454
3,bernoulli,54,none,0.7,1.0,sae,none,,7,0.4352936799909691,0.5747565991019346,0.3357591710169556,0.8680193236714976
1,bernoulli,54,none,0.7,1.0,sae,none,,5,0.4154011302722326,0.5957690587972279,0.3072173532511056,0.9036803849303848
6,bernoulli,54,none,0.7,1.0,sae,none,,4,0.4233678612683006,0.5812233068944479,0.2936692573286595,0.9280845589162736
7,bernoulli,54,none,0.7,1.0,sae,none,,6,0.4443035239669118,0.5402380299886466,0.2992684853356879,0.9155253871052014
0,bernoulli,54,none,0.7,1.0,sae,none,,2,0.4374129174622256,0.56000095829041,0.3128577449633999,0.8969501350372177
2,bernoulli,54,none,0.7,1.0,sae,none,,7,0.4169039309012314,0.579332264957265,0.2774293122816071,0.9277308362113954
5,bernoulli,54,none,0.7,1.0,sae,none,,5,0.4253101016950292,0.6070248947775702,0.3041091712190899,0.9091898428053204
3,bernoulli,54,none,0.7,1.0,sae,none,,8,0.4356940324507297,0.587508917705317,0.3358395788619319,0.8671497584541064
1,bernoulli,54,none,0.7,1.0,sae,none,,6,0.4162591033661795,0.5823217080259334,0.307860698895942,0.914132882882883
6,bernoulli,54,none,0.7,1.0,sae,none,,5,0.4216394826673181,0.5544702780441035,0.2911156987931567,0.925804091723216
7,bernoulli,54,none,0.7,1.0,sae,none,,7,0.4454009821473279,0.5192577222722469,0.2991215256586048,0.913847230155462
0,bernoulli,54,none,0.7,1.0,sae,none,,3,0.4381024436205101,0.565854515544269,0.3169471450177601,0.9047317919328984
2,bernoulli,54,none,0.7,1.0,sae,none,,8,0.4192375639832246,0.581388888888889,0.2766897792287133,0.9220607119612062
3,bernoulli,54,none,0.7,1.0,sae,none,,9,0.4379176632567056,0.5616947836669605,0.3369422679649388,0.868858695652174
5,bernoulli,54,none,0.7,1.0,sae,none,,6,0.4272580564731492,0.6308768850385973,0.3036850553321144,0.9015929761842174
1,bernoulli,54,none,0.7,1.0,sae,none,,7,0.4172119347778079,0.6221551531410687,0.3082936433214122,0.9048474610974612
7,bernoulli,54,none,0.7,1.0,sae,none,,8,0.446369005384655,0.5207532396351251,0.2969944613177894,0.9138029516079754
6,bernoulli,54,none,0.7,1.0,sae,none,,6,0.4241482277380429,0.5783197507190795,0.2913397066162477,0.930052218662496
0,bernoulli,54,none,0.7,1.0,sae,none,,4,0.4379211000017864,0.5706978749910161,0.3133182898526167,0.8935423665546846
2,bernoulli,54,none,0.7,1.0,sae,none,,9,0.4198274728099203,0.5778311965811965,0.2727955366761996,0.9289797880886346
3,bernoulli,54,none,0.7,1.0,sae,none,,10,0.43658934912724,0.5967833312350498,0.3325186686007475,0.8697101449275363
5,bernoulli,54,none,0.7,1.0,sae,none,,7,0.4319131948581898,0.6204348564633939,0.3112176452618643,0.901882130277062
7,bernoulli,54,none,0.7,1.0,sae,none,,9,0.4459121748771035,0.5297928982500097,0.2952529993615515,0.9196034413287106
6,bernoulli,54,none,0.7,1.0,sae,none,,7,0.4258171381393321,0.5905604462651443,0.3012077107366123,0.9203148255593956
1,bernoulli,54,none,0.7,1.0,sae,none,,8,0.4186076513006238,0.6176559356136821,0.3048169276854719,0.9113482800982802
13,bernoulli,54,none,0.7,1.0,sae,none,,2,0.4225814520461063,0.5858342552549533,0.3151878752796027,0.8974701511229857
2,bernoulli,54,none,0.7,1.0,sae,none,,10,0.4200969242474604,0.5780021367521369,0.2735792473827687,0.9264173844719512
0,bernoulli,54,none,0.7,1.0,sae,none,,5,0.4385438455390111,0.5580763917171765,0.3139385016560357,0.9055529938739212
3,bernoulli,54,none,0.7,1.0,sae,none,,11,0.4456847458710053,0.5793203659406605,0.3398743977374752,0.8677898550724639
16,bernoulli,54,none,0.7,1.0,sae,none,,2,0.4385692439012668,0.5631371740922303,0.3142242783601213,0.9023522776284796
10,bernoulli,54,none,0.7,1.0,sae,none,,2,0.442683120084361,0.6112589916658744,0.2934546954526944,0.9207004504504503
5,bernoulli,54,none,0.7,1.0,sae,none,,8,0.4285465177182009,0.6237330841968178,0.3029491524065761,0.8989800746543295
7,bernoulli,54,none,0.7,1.0,sae,none,,10,0.4467886000919355,0.5130329248717849,0.2971005461366796,0.914254592792338
6,bernoulli,54,none,0.7,1.0,sae,none,,8,0.4256714670580981,0.587705918242831,0.296258449293115,0.9252289296435507
13,bernoulli,54,none,0.7,1.0,sae,none,,3,0.4266085330871136,0.5719501156592578,0.3145172930338794,0.8972353260415796
1,bernoulli,54,none,0.7,1.0,sae,none,,9,0.4199665134568223,0.6281746031746032,0.3089851118963933,0.9132268632268632
4,bernoulli,54,none,0.7,1.0,sae,none,,2,0.4332163603182294,0.5776013419552218,0.2970696614174915,0.9222801335897176
2,bernoulli,54,none,0.7,1.0,sae,none,,11,0.4224436953514034,0.5404807692307693,0.2735087574344787,0.9277718815782532
0,bernoulli,54,none,0.7,1.0,sae,none,,6,0.4389293686022465,0.5529854739145366,0.311401163816666,0.9051006740882244
3,bernoulli,54,none,0.7,1.0,sae,none,,12,0.4387641762076191,0.5846080406227706,0.3318018738055938,0.871346618357488
10,bernoulli,54,none,0.7,1.0,sae,none,,3,0.4297618628224361,0.6211220965237507,0.2925558613963383,0.9179549549549548
16,bernoulli,54,none,0.7,1.0,sae,none,,3,0.4400122243635285,0.5530237299900221,0.3161832706630785,0.9027172290235892
5,bernoulli,54,none,0.7,1.0,sae,none,,9,0.4293180264372581,0.6102476265972104,0.3036995299916906,0.908837600546764
7,bernoulli,54,none,0.7,1.0,sae,none,,11,0.4468752394188726,0.5266100301452453,0.2990128687829078,0.9120318097085144
6,bernoulli,54,none,0.7,1.0,sae,none,,9,0.4281696386803343,0.5902662773468142,0.2964781065668971,0.9184329355969828
13,bernoulli,54,none,0.7,1.0,sae,none,,4,0.4252456656251361,0.5958664387005934,0.3163095962400176,0.8971570510144443
1,bernoulli,54,none,0.7,1.0,sae,none,,10,0.4216429284007932,0.6030069304717193,0.3042569541943534,0.906459868959869
2,bernoulli,54,none,0.7,1.0,sae,none,,12,0.422481260194452,0.5812713675213675,0.2710075169810513,0.9270565194701628
4,bernoulli,54,none,0.7,1.0,sae,none,,3,0.436172395405569,0.5863318731748018,0.2975106085761115,0.9151047464831495
0,bernoulli,54,none,0.7,1.0,sae,none,,7,0.439261924687088,0.5601766448655598,0.3127696066381547,0.8994137408602859
3,bernoulli,54,none,0.7,1.0,sae,none,,13,0.4464960432154957,0.5759998321373117,0.3399687022116124,0.8683272946859902
10,bernoulli,54,none,0.7,1.0,sae,none,,4,0.4321406131171564,0.6179651107519726,0.2926247293510962,0.93009009009009
7,bernoulli,54,none,0.7,1.0,sae,none,,12,0.4464625849709023,0.5138315781231648,0.2972450961068599,0.916410958054932
16,bernoulli,54,none,0.7,1.0,sae,none,,4,0.4407996338881722,0.5705609301114919,0.3137990415855709,0.9032082545370094
6,bernoulli,54,none,0.7,1.0,sae,none,,10,0.4286638551201334,0.5828412359452628,0.2990698615775507,0.9222421230544132
5,bernoulli,54,none,0.7,1.0,sae,none,,10,0.4303324973585566,0.6118519147651134,0.3047385906519956,0.9037747752484095
13,bernoulli,54,none,0.7,1.0,sae,none,,5,0.4306685778322763,0.5638690536055516,0.3262711904849508,0.8869891249895634
2,bernoulli,54,none,0.7,1.0,sae,none,,13,0.4237552351614148,0.5542948717948718,0.273737075731372,0.928012290155562
1,bernoulli,54,none,0.7,1.0,sae,none,,11,0.4225051024371496,0.6026268723451823,0.3055662662923949,0.9117782555282556
4,bernoulli,54,none,0.7,1.0,sae,none,,4,0.4352390416007616,0.566267730496454,0.295156827393952,0.9208683331646594
0,bernoulli,54,none,0.7,1.0,sae,none,,8,0.440405309979418,0.567811025131166,0.3141271311174958,0.9048196210175
3,bernoulli,54,none,0.7,1.0,sae,none,,14,0.4397640230546441,0.5875403919593772,0.3368038605399373,0.8584661835748792
10,bernoulli,54,none,0.7,1.0,sae,none,,5,0.4326643907270882,0.6095161136990208,0.2917047061410412,0.9182747747747748
7,bernoulli,54,none,0.7,1.0,sae,none,,13,0.4470712664232789,0.5420624045726814,0.2977191443089829,0.9143121549040706
16,bernoulli,54,none,0.7,1.0,sae,none,,5,0.4418890852618919,0.5496561971281073,0.3128352274531675,0.8897050529179523
6,bernoulli,54,none,0.7,1.0,sae,none,,11,0.4286754132891793,0.5890187832301926,0.2968803329992637,0.9239171564794024
11,bernoulli,54,none,0.7,1.0,sae,none,,2,0.4217153353021073,0.6279904892636533,0.3006010010869189,0.9126383360559556
5,bernoulli,54,none,0.7,1.0,sae,none,,11,0.4306500317976021,0.6207085291508597,0.3020722069280701,0.9046001787498028
13,bernoulli,54,none,0.7,1.0,sae,none,,6,0.4286000623248593,0.5708035804083273,0.3266390464359543,0.8898513818151457
2,bernoulli,54,none,0.7,1.0,sae,none,,14,0.4230489116137117,0.5882799145299145,0.2728476019580745,0.9281119717607876
1,bernoulli,54,none,0.7,1.0,sae,none,,12,0.4231121678568868,0.6028504359490275,0.3058883891953649,0.9144911957411958
38,bernoulli,54,none,0.7,1.0,sae,none,,2,0.4260744607641882,0.6117936626127244,0.2860345508989705,0.9244146704560834
4,bernoulli,54,none,0.7,1.0,sae,none,,5,0.4365285920045753,0.585175914337366,0.2943554548387952,0.9198208683331648
39,bernoulli,54,none,0.7,1.0,sae,none,,2,0.4448696243109259,0.552951388888889,0.3097762857649503,0.9048167212090316
0,bernoulli,54,none,0.7,1.0,sae,none,,9,0.443093358700509,0.5389584980394976,0.3149315647687143,0.89967283665986
3,bernoulli,54,none,0.7,1.0,sae,none,,15,0.4407290775398459,0.5834854588946241,0.3334780083551573,0.8684118357487922
10,bernoulli,54,none,0.7,1.0,sae,none,,6,0.434003344377913,0.6092388376588396,0.288404708622583,0.935873873873874
7,bernoulli,54,none,0.7,1.0,sae,none,,14,0.4476372619915886,0.5247347609912696,0.2966259363338901,0.9161984210269968
6,bernoulli,54,none,0.7,1.0,sae,none,,12,0.4294297051875031,0.5864039484005927,0.2947601986771575,0.9260311293862415
46,bernoulli,54,none,0.7,1.0,sae,none,,2,0.4315359411554397,0.5874924048069133,0.2874429024099282,0.918223502386849
31,bernoulli,54,none,0.7,1.0,sae,none,,2,0.4281695168733053,0.5612998995158491,0.3213190800984192,0.8942352394235239
16,bernoulli,54,none,0.7,1.0,sae,none,,6,0.4425549540636675,0.5542221595592383,0.3158285730870487,0.896984174380412
15,bernoulli,54,none,0.7,1.0,sae,none,,2,0.4053422065207281,0.5518068675963413,0.251476250547187,0.9552326434757082
11,bernoulli,54,none,0.7,1.0,sae,none,,3,0.4263754207359616,0.6188474360231395,0.30312430588161,0.9059199779122472
5,bernoulli,54,none,0.7,1.0,sae,none,,12,0.4321657843936918,0.5992252231847951,0.3053792778555581,0.9103201724409864
13,bernoulli,54,none,0.7,1.0,sae,none,,7,0.4298649508185451,0.5619833048375742,0.3222517183944602,0.8924448943808967
43,bernoulli,54,none,0.7,1.0,sae,none,,2,0.4348189253579752,0.5413664951400801,0.2477443081233697,0.955515531664847
2,bernoulli,54,none,0.7,1.0,sae,none,,15,0.4244733197642293,0.5938568376068376,0.2745419675920228,0.92478729704532
35,bernoulli,54,none,0.7,1.0,sae,none,,2,0.4228423119781943,0.5630240185440916,0.2925749611778986,0.9065972222222222
19,bernoulli,54,none,0.7,1.0,sae,none,,2,0.4215677520051525,0.6115162743694471,0.2961540628770889,0.9163224084669238
1,bernoulli,54,none,0.7,1.0,sae,none,,13,0.4241143240356527,0.6149787614576346,0.3113855277907659,0.9108364045864046
38,bernoulli,54,none,0.7,1.0,sae,none,,3,0.4205158379936593,0.6055576238934393,0.2828920826720297,0.9277772572535056
39,bernoulli,54,none,0.7,1.0,sae,none,,3,0.4367735144274128,0.565311266215454,0.3165116428935067,0.9028159208889036
4,bernoulli,54,none,0.7,1.0,sae,none,,6,0.4367913910806903,0.5954230983173411,0.2959365316614826,0.9151857099483858
9,bernoulli,54,none,0.7,1.0,sae,none,,2,0.4545715688930823,0.5906211120681405,0.333039447255071,0.8928677673657595
26,bernoulli,54,none,0.7,1.0,sae,none,,2,0.4313903186402812,0.580191843913761,0.2960107042714593,0.91249846708362
40,bernoulli,54,none,0.7,1.0,sae,none,,2,0.4470287845334249,0.5438474576271187,0.3069510983783465,0.9199036071993372
0,bernoulli,54,none,0.7,1.0,sae,none,,10,0.4418340989409243,0.5797497264879455,0.3120456730809558,0.8954306918736139
3,bernoulli,54,none,0.7,1.0,sae,none,,16,0.441468192286425,0.5774686306601201,0.3345912973533685,0.8639975845410628
17,bernoulli,54,none,0.7,1.0,sae,none,,2,0.4076608222304393,0.5817720530835285,0.3179107500644816,0.8933981872334955
18,bernoulli,54,none,0.7,1.0,sae,none,,2,0.4082184930126155,0.6202255974983248,0.3029125304685253,0.915826766511385
10,bernoulli,54,none,0.7,1.0,sae,none,,7,0.4341855521069848,0.6296225876984505,0.288066876314258,0.9302162162162164
42,bernoulli,54,none,0.7,1.0,sae,none,,2,0.4176016648368973,0.609653801813583,0.3008218465383776,0.9152691285188826
14,bernoulli,54,none,0.7,1.0,sae,none,,2,0.4178370865554492,0.6196955448454213,0.2861038037069591,0.9304551363003464
7,bernoulli,54,none,0.7,1.0,sae,none,,15,0.4485983337518935,0.5114082136005951,0.3004250212820229,0.9149674774068712
37,bernoulli,54,none,0.7,1.0,sae,none,,2,0.4306462429105521,0.5599492941629098,0.2717441304151127,0.9347883949960076
6,bernoulli,54,none,0.7,1.0,sae,none,,13,0.4308863820718747,0.5920857665824109,0.2908839241383419,0.9253020862238592
30,bernoulli,54,none,0.7,1.0,sae,none,,2,0.4264314743694209,0.5267969501813605,0.2914169923167654,0.9248823550542424
31,bernoulli,54,none,0.7,1.0,sae,none,,3,0.4328360768035256,0.5807983922535854,0.3211462520918754,0.8947078878041221
27,bernoulli,54,none,0.7,1.0,sae,none,,2,0.4221406735895571,0.5737397401661233,0.3042196937393573,0.9096981692231568
46,bernoulli,54,none,0.7,1.0,sae,none,,3,0.4291658703170103,0.5555461787739671,0.2864686862924263,0.9205744589210724
23,bernoulli,54,none,0.7,1.0,sae,none,,2,0.4271293088155855,0.5629997226972316,0.2852967712938665,0.9336386038004266
48,bernoulli,54,none,0.7,1.0,sae,none,,2,0.4293348946366492,0.5984176497277677,0.3180484892003722,0.891435922567998
12,bernoulli,54,none,0.7,1.0,sae,none,,2,0.4329139948527791,0.5834312235120693,0.3287248577903529,0.8742844114149089
16,bernoulli,54,none,0.7,1.0,sae,none,,7,0.4440800024042368,0.5587501626827469,0.3183215183146743,0.8884044988553798
15,bernoulli,54,none,0.7,1.0,sae,none,,3,0.4147391099299149,0.5354400959664117,0.2569965831950636,0.951007983458733
11,bernoulli,54,none,0.7,1.0,sae,none,,4,0.4257789051796278,0.6173521913913129,0.300695233616859,0.9110461772082
5,bernoulli,54,none,0.7,1.0,sae,none,,13,0.4329799741228332,0.6300322745031425,0.3056612959178973,0.9058119972661794
34,bernoulli,54,none,0.7,1.0,sae,none,,2,0.4166945706401709,0.6048144997873566,0.294696292119021,0.9293936641518528
47,bernoulli,54,none,0.7,1.0,sae,none,,2,0.4535350095563769,0.5737692888292519,0.3203899243451084,0.8955596899224807
21,bernoulli,54,none,0.7,1.0,sae,none,,2,0.4266191340148536,0.6122593181416711,0.3111276653699782,0.9006788908031833
43,bernoulli,54,none,0.7,1.0,sae,none,,3,0.4307978588744822,0.5382389937106918,0.2467720583676909,0.9569480469809392
2,bernoulli,54,none,0.7,1.0,sae,none,,16,0.4260484574421066,0.588659188034188,0.27360628913018,0.9279360630456835
13,bernoulli,54,none,0.7,1.0,sae,none,,8,0.436503757656174,0.5574223071507592,0.3305377919647078,0.8855671286632714
35,bernoulli,54,none,0.7,1.0,sae,none,,3,0.4317898211965069,0.5303930755573091,0.2912688209935841,0.9102230235042736
25,bernoulli,54,none,0.7,1.0,sae,none,,2,0.4061003739571558,0.5661105738233398,0.2531641458924116,0.953316645807259
19,bernoulli,54,none,0.7,1.0,sae,none,,3,0.4276784050261654,0.5726177944334498,0.2958988151925575,0.910002376295538
1,bernoulli,54,none,0.7,1.0,sae,none,,14,0.4253659804310218,0.6198021462105969,0.3065060119614914,0.9061783374283374
38,bernoulli,54,none,0.7,1.0,sae,none,,4,0.4173242109231488,0.6140946885083148,0.2821255407400024,0.9296875813319176
39,bernoulli,54,none,0.7,1.0,sae,none,,4,0.4388918025571277,0.5659501903553299,0.3200987823948796,0.8879661453622546
49,bernoulli,54,none,0.7,1.0,sae,none,,2,0.4564879032320522,0.5372755894962487,0.3003396470922124,0.9234285714285716
45,bernoulli,54,none,0.7,1.0,sae,none,,2,0.4181551651273127,0.5736565632170028,0.3234228222967323,0.9058305632016204
28,bernoulli,54,none,0.7,1.0,sae,none,,2,0.4384697656593198,0.5540718414375918,0.322864346213617,0.888785394932936
44,bernoulli,54,none,0.7,1.0,sae,none,,2,0.4182299929460635,0.5706983655274889,0.2917491705326164,0.9212435515265356
8,bernoulli,54,none,0.7,1.0,sae,none,,2,0.4211942513871942,0.5778386272362176,0.3084966651691435,0.9149120451769924
9,bernoulli,54,none,0.7,1.0,sae,none,,3,0.4542914373018274,0.5851373337161452,0.326931713683843,0.8986005751400664
4,bernoulli,54,none,0.7,1.0,sae,none,,7,0.4385539031265949,0.5732730148797108,0.2968021228082334,0.9220473636271632
26,bernoulli,54,none,0.7,1.0,sae,none,,3,0.4298148746699458,0.6027942483091262,0.2972393435315762,0.922053201529184
22,bernoulli,54,none,0.7,1.0,sae,none,,2,0.4166515486676654,0.6212958674283361,0.3030489486973485,0.9060441802179868
3,bernoulli,54,none,0.7,1.0,sae,none,,17,0.4420862108826653,0.5628278568131269,0.3345144649465723,0.8715096618357489
33,bernoulli,54,none,0.7,1.0,sae,none,,2,0.4429721906148244,0.5450852272727273,0.303651478825603,0.9139351555270838
32,bernoulli,54,none,0.7,1.0,sae,none,,2,0.4324388157835139,0.591368493956013,0.2970268714337246,0.9216275008425504
40,bernoulli,54,none,0.7,1.0,sae,none,,3,0.4494961255418943,0.5532330508474577,0.3065117364669729,0.916359163591636
20,bernoulli,54,none,0.7,1.0,sae,none,,2,0.3965053834657927,0.5752181155942062,0.2656542537512343,0.9452731392867356
0,bernoulli,54,none,0.7,1.0,sae,none,,11,0.4427101322212322,0.5585395654152991,0.3159937347639061,0.9008717036646686
18,bernoulli,54,none,0.7,1.0,sae,none,,3,0.4085464493923689,0.6515077060531606,0.3030929410832996,0.9164798206278026
24,bernoulli,54,none,0.7,1.0,sae,none,,2,0.4192778861200971,0.5631746601079457,0.3075093640475625,0.9047634147998822
17,bernoulli,54,none,0.7,1.0,sae,none,,3,0.4117535505842348,0.5998327199732353,0.313629077637803,0.8963712528659281
10,bernoulli,54,none,0.7,1.0,sae,none,,8,0.4360657411039061,0.6112748360110277,0.2948737578897484,0.91809009009009
42,bernoulli,54,none,0.7,1.0,sae,none,,3,0.4216631074643355,0.5833878211194659,0.3019144213547599,0.9119368877235152
36,bernoulli,54,none,0.7,1.0,sae,none,,2,0.4408566758652701,0.5502758308237614,0.3375905418805016,0.8729276466333024
29,bernoulli,54,none,0.7,1.0,sae,none,,2,0.4228192993260188,0.5892033323166082,0.3036946234047205,0.9082684814902388
14,bernoulli,54,none,0.7,1.0,sae,none,,3,0.4192782059805144,0.5976464760113521,0.2869912248260149,0.9317411195455576
30,bernoulli,54,none,0.7,1.0,sae,none,,3,0.4268622892450566,0.5476765489673552,0.2899032685896615,0.9264314965155545
7,bernoulli,54,none,0.7,1.0,sae,none,,16,0.4497991047229906,0.5224836550131151,0.2991224846230008,0.91786329441249
6,bernoulli,54,none,0.7,1.0,sae,none,,14,0.4392064398224825,0.5824871437287544,0.2975805206282518,0.919663984258722
31,bernoulli,54,none,0.7,1.0,sae,none,,4,0.4324285298208423,0.550749063670412,0.3188585568677985,0.8942765638721009
46,bernoulli,54,none,0.7,1.0,sae,none,,4,0.4262084043181221,0.585973366189576,0.2882563200304919,0.9278696026703994
23,bernoulli,54,none,0.7,1.0,sae,none,,3,0.4248191743331729,0.5851839441697093,0.2841105163917173,0.9324255665074688
27,bernoulli,54,none,0.7,1.0,sae,none,,3,0.4209585301810554,0.5900571765592489,0.3049903367223663,0.916239138172001
37,bernoulli,54,none,0.7,1.0,sae,none,,3,0.4277899196564685,0.5592883425899436,0.2623274684622634,0.9435828630094572
48,bernoulli,54,none,0.7,1.0,sae,none,,3,0.4286355058701362,0.5864337568058077,0.3180534437452797,0.8853957363391326
15,bernoulli,54,none,0.7,1.0,sae,none,,4,0.4067791830061489,0.5508322087269456,0.2567651310197907,0.95181845448918
11,bernoulli,54,none,0.7,1.0,sae,none,,5,0.4273297037330289,0.609557309540151,0.3041314651203459,0.8976370706117847
16,bernoulli,54,none,0.7,1.0,sae,none,,8,0.4449272831964059,0.5262786863910459,0.3151848968097298,0.9043097442022494
12,bernoulli,54,none,0.7,1.0,sae,none,,3,0.4325673438436091,0.5639050119771514,0.3262284738008839,0.8877365524806045
34,bernoulli,54,none,0.7,1.0,sae,none,,3,0.4111666993879643,0.6076914417231631,0.2966945375765419,0.9259952669595466
47,bernoulli,54,none,0.7,1.0,sae,none,,3,0.4375879165324882,0.565540087219054,0.3162664764055109,0.8999937984496125
5,bernoulli,54,none,0.7,1.0,sae,none,,14,0.4324750989845798,0.6352650850272729,0.3083834957975044,0.8989169864886178
43,bernoulli,54,none,0.7,1.0,sae,none,,4,0.4321432165157891,0.5448027444253859,0.2448193689998812,0.9584292400019472
21,bernoulli,54,none,0.7,1.0,sae,none,,3,0.426801788368831,0.5896263910969793,0.3120756606129453,0.9022120354417916
2,bernoulli,54,none,0.7,1.0,sae,none,,17,0.426030689632831,0.5668963675213675,0.2757740192708163,0.9275666547439648
35,bernoulli,54,none,0.7,1.0,sae,none,,4,0.4292727462749382,0.5546520516867232,0.2913779492991992,0.913014155982906
41,bernoulli,54,none,0.7,1.0,sae,none,,2,0.4238919680277885,0.5706173348448933,0.2878305499311879,0.93051375194603
13,bernoulli,54,none,0.7,1.0,sae,none,,9,0.4305740054682701,0.5960374132555567,0.3198956475318925,0.8993017867579528
19,bernoulli,54,none,0.7,1.0,sae,none,,4,0.4276214520224425,0.5816960714135333,0.2944474351454145,0.9215274096550716
25,bernoulli,54,none,0.7,1.0,sae,none,,3,0.4146415871599204,0.5490087040618955,0.2468723665169397,0.960517313308302
38,bernoulli,54,none,0.7,1.0,sae,none,,5,0.4206654020804054,0.6142756680731364,0.2809116659708559,0.9229363815234704
1,bernoulli,54,none,0.7,1.0,sae,none,,15,0.4254006425783194,0.6130561144645652,0.3065988062631295,0.9047885954135956
39,bernoulli,54,none,0.7,1.0,sae,none,,5,0.4375865203591467,0.5591114988719683,0.315390333431129,0.8971424186112801
49,bernoulli,54,none,0.7,1.0,sae,none,,3,0.4578200160636664,0.5333802250803859,0.2988499028865802,0.9142539682539684
45,bernoulli,54,none,0.7,1.0,sae,none,,3,0.4126939649871332,0.5788491728052167,0.3172830630321733,0.899327647669329
26,bernoulli,54,none,0.7,1.0,sae,none,,4,0.431459224782281,0.5808310214147128,0.2979210319177001,0.9190406875996396
28,bernoulli,54,none,0.7,1.0,sae,none,,3,0.4386956701848044,0.5603813357242327,0.3229416778579184,0.8911014218391268
3,bernoulli,54,none,0.7,1.0,sae,none,,18,0.4425375291028539,0.5724537328465316,0.334995001125759,0.8683152173913044
44,bernoulli,54,none,0.7,1.0,sae,none,,3,0.4208422665387512,0.5897389089365315,0.2933352022332744,0.9181537288850776
9,bernoulli,54,none,0.7,1.0,sae,none,,4,0.4552861176324245,0.5952148530959902,0.3256234795540367,0.8983402746789628
8,bernoulli,54,none,0.7,1.0,sae,none,,3,0.4216368674251659,0.5786829134720701,0.306478080675154,0.9100530933594324
4,bernoulli,54,none,0.7,1.0,sae,none,,8,0.4375725754077924,0.5823990057015713,0.2938391534976634,0.9234743447019532
22,bernoulli,54,none,0.7,1.0,sae,none,,3,0.4158685809386185,0.6085018784416654,0.2982413695998053,0.9145061384963464
32,bernoulli,54,none,0.7,1.0,sae,none,,3,0.4313801631203983,0.5555475022750518,0.290631815615075,0.920108721818333
40,bernoulli,54,none,0.7,1.0,sae,none,,4,0.4453998279273151,0.5647245762711864,0.3051204295505652,0.918688656274318
0,bernoulli,54,none,0.7,1.0,sae,none,,12,0.4428893971892985,0.5503781254242431,0.3156509922202637,0.901798300507213
33,bernoulli,54,none,0.7,1.0,sae,none,,3,0.4397337123712824,0.5458522727272727,0.2980321868036983,0.9188865755569792
18,bernoulli,54,none,0.7,1.0,sae,none,,4,0.4126193610808249,0.6488775966048693,0.3024482728734762,0.9155383342766338
42,bernoulli,54,none,0.7,1.0,sae,none,,4,0.4211718032205669,0.6122520088786414,0.3002503031372585,0.9082768855384392
10,bernoulli,54,none,0.7,1.0,sae,none,,9,0.4368380579794198,0.6053094400608423,0.2901848577510142,0.928662162162162
20,bernoulli,54,none,0.7,1.0,sae,none,,3,0.4036391985768406,0.5744063585283903,0.265041552021026,0.9461531692077532
24,bernoulli,54,none,0.7,1.0,sae,none,,3,0.4144170251021812,0.5586698093871695,0.3046774984821191,0.913737570499898
17,bernoulli,54,none,0.7,1.0,sae,none,,4,0.4168274708237348,0.5924723987955838,0.3129531793058648,0.9054243716385608
7,bernoulli,54,none,0.7,1.0,sae,none,,17,0.4491061691521726,0.5259014211329913,0.2993287648672406,0.9164552366024186
14,bernoulli,54,none,0.7,1.0,sae,none,,4,0.4219708863538841,0.5904549194780769,0.2847107058550495,0.9271522872460992
36,bernoulli,54,none,0.7,1.0,sae,none,,3,0.4440386437834033,0.5612890760333663,0.3369315764809221,0.8719237639694702
30,bernoulli,54,none,0.7,1.0,sae,none,,4,0.4270523765633612,0.5243402546450514,0.2888147993988914,0.9222151375817228
6,bernoulli,54,none,0.7,1.0,sae,none,,15,0.4321512335057801,0.5813812864987362,0.2969599401529458,0.9260109482606392
31,bernoulli,54,none,0.7,1.0,sae,none,,5,0.4314750250156076,0.5608248835297341,0.3175441155985975,0.8843173717650705
46,bernoulli,54,none,0.7,1.0,sae,none,,5,0.4296813270819026,0.5892519578719957,0.2890559144172023,0.9239887297656224
29,bernoulli,54,none,0.7,1.0,sae,none,,3,0.4217274195771783,0.5890889507396676,0.3050040776730598,0.9146679962579544
27,bernoulli,54,none,0.7,1.0,sae,none,,4,0.4218000945950307,0.5880666459149068,0.3017263179997436,0.915683568148476
23,bernoulli,54,none,0.7,1.0,sae,none,,4,0.4284313045919098,0.5812266025789158,0.2932771585308137,0.9302916370287572
15,bernoulli,54,none,0.7,1.0,sae,none,,5,0.4114179913344502,0.5370070475333633,0.2551146435848063,0.9506123204359952
11,bernoulli,54,none,0.7,1.0,sae,none,,6,0.4300357447782181,0.6123598718828643,0.2996699996747152,0.905804937533074
37,bernoulli,54,none,0.7,1.0,sae,none,,4,0.4343980254787458,0.5567333208377315,0.267933963931157,0.9342614874003902
34,bernoulli,54,none,0.7,1.0,sae,none,,4,0.415165834700293,0.6197933605183498,0.2912617736900667,0.932303927929264
48,bernoulli,54,none,0.7,1.0,sae,none,,4,0.435497674600763,0.5872788112522687,0.3221652250239571,0.8983153638814017
47,bernoulli,54,none,0.7,1.0,sae,none,,4,0.4419741058359552,0.5625104830593761,0.3135842586918975,0.8958077519379845
16,bernoulli,54,none,0.7,1.0,sae,none,,9,0.4438466658544454,0.5880981302329618,0.3167498100870311,0.8883381440562688
43,bernoulli,54,none,0.7,1.0,sae,none,,5,0.4311281502006645,0.5553459119496855,0.2431365537594915,0.959138543702148
5,bernoulli,54,none,0.7,1.0,sae,none,,15,0.4337496090758043,0.6163108921729612,0.3072777949720583,0.9047368697755112
12,bernoulli,54,none,0.7,1.0,sae,none,,4,0.4331084792108856,0.5547954671088998,0.3300656987847698,0.876681517633212
2,bernoulli,54,none,0.7,1.0,sae,none,,18,0.4273613648907518,0.5856730769230769,0.2787174804176134,0.9244472068627854
35,bernoulli,54,none,0.7,1.0,sae,none,,5,0.4286621344036543,0.5375752120733873,0.2913646269416119,0.911605235042735
21,bernoulli,54,none,0.7,1.0,sae,none,,4,0.4341075361931189,0.6104133545310017,0.326791277971336,0.8868036754450734
41,bernoulli,54,none,0.7,1.0,sae,none,,3,0.4184456181611157,0.5714469751623209,0.2872910735576243,0.9328022833419825
38,bernoulli,54,none,0.7,1.0,sae,none,,6,0.4219587031085611,0.6029411764705883,0.2825834795945746,0.9219682063774634
19,bernoulli,54,none,0.7,1.0,sae,none,,5,0.4281047106202333,0.5877973809423556,0.2947397364357425,0.9095728151790448
13,bernoulli,54,none,0.7,1.0,sae,none,,10,0.4313467069360203,0.5696067585235844,0.3199816134505167,0.8953671620606162
39,bernoulli,54,none,0.7,1.0,sae,none,,6,0.4384699185893937,0.5810860829103215,0.3090162041398253,0.9066229231418595
25,bernoulli,54,none,0.7,1.0,sae,none,,4,0.4150323485785083,0.578916827852998,0.247560121129006,0.9580141843971632
1,bernoulli,54,none,0.7,1.0,sae,none,,16,0.4251039700397441,0.6237927565392354,0.302925898357922,0.9157964782964784
49,bernoulli,54,none,0.7,1.0,sae,none,,4,0.4560018341347549,0.5350549303322616,0.300671334433341,0.9149342403628118
26,bernoulli,54,none,0.7,1.0,sae,none,,5,0.4329365913895932,0.588387822081996,0.2989132579135503,0.9157722432831604
3,bernoulli,54,none,0.7,1.0,sae,none,,19,0.4420838682774871,0.5709796886147132,0.3346338148363221,0.8639251207729468
45,bernoulli,54,none,0.7,1.0,sae,none,,4,0.417056916191352,0.5756007728535201,0.3216018313866988,0.9023559907545288
22,bernoulli,54,none,0.7,1.0,sae,none,,4,0.4158660369001186,0.6350522361175441,0.2956264114144567,0.9084921606341434
28,bernoulli,54,none,0.7,1.0,sae,none,,4,0.438817255076692,0.5551162701970584,0.3285363661379392,0.8864441938212431
44,bernoulli,54,none,0.7,1.0,sae,none,,4,0.4226002287624406,0.596251326682233,0.2919726923427652,0.9247961669865382
9,bernoulli,54,none,0.7,1.0,sae,none,,5,0.4545035111246572,0.587477270552206,0.3254486334522513,0.8952848430760079
4,bernoulli,54,none,0.7,1.0,sae,none,,9,0.4392074576452585,0.5485633083020443,0.2946527781818537,0.9197854468171236
8,bernoulli,54,none,0.7,1.0,sae,none,,4,0.4251581760182017,0.5913563344286236,0.305763265093509,0.9135565621833236
18,bernoulli,54,none,0.7,1.0,sae,none,,5,0.4137976717208603,0.6410319410319412,0.3065873117934454,0.9146730375723802
32,bernoulli,54,none,0.7,1.0,sae,none,,4,0.431627903401287,0.571569503837388,0.2893723940268515,0.9280790290318768
40,bernoulli,54,none,0.7,1.0,sae,none,,5,0.4486407666628452,0.5421016949152542,0.3033231362962418,0.9220121997138336
0,bernoulli,54,none,0.7,1.0,sae,none,,13,0.4438815298048651,0.5682582273224567,0.3137041733242538,0.8965417297938212
10,bernoulli,54,none,0.7,1.0,sae,none,,10,0.4372079760192111,0.6065413378965048,0.2924209687047964,0.9190765765765766
42,bernoulli,54,none,0.7,1.0,sae,none,,5,0.4228770928901934,0.5996395202780598,0.2980886797503264,0.9168396518445684
33,bernoulli,54,none,0.7,1.0,sae,none,,4,0.4387117872144166,0.5528652597402598,0.2980483608783765,0.9193047547868176
7,bernoulli,54,none,0.7,1.0,sae,none,,18,0.448983835910668,0.5456759190384841,0.2977068440048804,0.9139003644124458
17,bernoulli,54,none,0.7,1.0,sae,none,,5,0.4157797095246217,0.6199397791903647,0.3116208106661006,0.8919518309798795
20,bernoulli,54,none,0.7,1.0,sae,none,,4,0.4025108582945287,0.5769122172967783,0.2634075959633198,0.9445581149759092
24,bernoulli,54,none,0.7,1.0,sae,none,,4,0.4173172481095925,0.5600191296030608,0.3063822587194977,0.8961290176447938
14,bernoulli,54,none,0.7,1.0,sae,none,,5,0.4222518862201667,0.5998547414734086,0.2869412195741087,0.924663585857885
30,bernoulli,54,none,0.7,1.0,sae,none,,5,0.4303467634822828,0.5627267007180399,0.2926170145018237,0.9195479201092032
31,bernoulli,54,none,0.7,1.0,sae,none,,6,0.4324435365621909,0.5774824152735909,0.3187425916409214,0.8895139211736143
6,bernoulli,54,none,0.7,1.0,sae,none,,16,0.4298411181420278,0.5740379586856096,0.2946261887872315,0.9201079690219722
23,bernoulli,54,none,0.7,1.0,sae,none,,5,0.426037142790985,0.5816425567315247,0.2904343913145689,0.9211398739965452
46,bernoulli,54,none,0.7,1.0,sae,none,,6,0.4320009031209071,0.5887329530110721,0.2874408417457905,0.914988693873156
27,bernoulli,54,none,0.7,1.0,sae,none,,5,0.4239551160566896,0.5929201002637657,0.3033778212855821,0.9063864510360512
15,bernoulli,54,none,0.7,1.0,sae,none,,6,0.4130024566346413,0.528010196431249,0.2571093043626,0.9493168431196114
36,bernoulli,54,none,0.7,1.0,sae,none,,4,0.4423435016875275,0.54643152199984,0.3375394683295098,0.8736215067097745
11,bernoulli,54,none,0.7,1.0,sae,none,,7,0.4297986493704508,0.6193785338431872,0.3012548903705431,0.910503186618503
29,bernoulli,54,none,0.7,1.0,sae,none,,4,0.4255524466765953,0.5672373036449596,0.3028967637174752,0.9196950849670515
34,bernoulli,54,none,0.7,1.0,sae,none,,5,0.4215132787373113,0.6120131088484728,0.2953184001070824,0.932915639423879
37,bernoulli,54,none,0.7,1.0,sae,none,,5,0.4268665131637046,0.5629285087156823,0.2640016118789724,0.9427463293009511
43,bernoulli,54,none,0.7,1.0,sae,none,,6,0.4335015344933583,0.5494453973699257,0.2496756670085133,0.9560092626718496
47,bernoulli,54,none,0.7,1.0,sae,none,,5,0.4392303919597841,0.5650945571955719,0.3127902947584577,0.8899968992248062
2,bernoulli,54,none,0.7,1.0,sae,none,,19,0.4276018851990265,0.573840811965812,0.2732444217745961,0.929677559325214
16,bernoulli,54,none,0.7,1.0,sae,none,,10,0.4450313450189262,0.5594822350440327,0.3193648905563125,0.893221857270827
48,bernoulli,54,none,0.7,1.0,sae,none,,5,0.4308448809816874,0.6075601179673322,0.3179298030235792,0.8916625827003185
5,bernoulli,54,none,0.7,1.0,sae,none,,16,0.4345866168103235,0.6122246758394202,0.302378857962135,0.9095368277167342
12,bernoulli,54,none,0.7,1.0,sae,none,,5,0.4349525913350773,0.5539547632209323,0.3254439975338246,0.8875578479039187
35,bernoulli,54,none,0.7,1.0,sae,none,,6,0.4291578149191309,0.5470075458670349,0.2914102681882636,0.9208400106837608
38,bernoulli,54,none,0.7,1.0,sae,none,,7,0.4215773662833042,0.6175488127740547,0.2819025364132105,0.9277876677389468
19,bernoulli,54,none,0.7,1.0,sae,none,,6,0.4291896710511027,0.5925133689839573,0.293215050478944,0.9091523936607746
21,bernoulli,54,none,0.7,1.0,sae,none,,5,0.4309438026138842,0.6226417594064653,0.3136571203730731,0.8970485683813274
41,bernoulli,54,none,0.7,1.0,sae,none,,4,0.4215592332887306,0.5874265691023395,0.2881090575170472,0.929880643487286
39,bernoulli,54,none,0.7,1.0,sae,none,,7,0.4391012520844572,0.5716167865200226,0.3198064435139744,0.8951827306264972
13,bernoulli,54,none,0.7,1.0,sae,none,,11,0.4314622467295786,0.5720858895705521,0.3185673017126851,0.8950905902980713
25,bernoulli,54,none,0.7,1.0,sae,none,,5,0.4147979754177813,0.5703417150225661,0.2456641307266002,0.9603337505214852
1,bernoulli,54,none,0.7,1.0,sae,none,,17,0.4264354579507083,0.6116364855801477,0.3031073088251788,0.913206388206388
3,bernoulli,54,none,0.7,1.0,sae,none,,20,0.4427893078369869,0.5885895337613832,0.3395657114515659,0.8627898550724638
49,bernoulli,54,none,0.7,1.0,sae,none,,5,0.4541547354463792,0.5057408896034298,0.3040006794867012,0.9091473922902494
26,bernoulli,54,none,0.7,1.0,sae,none,,6,0.4338289602344784,0.586461223231609,0.2996367440784708,0.9036475412021264
22,bernoulli,54,none,0.7,1.0,sae,none,,5,0.4188632306694072,0.5935515413514487,0.2979746829853985,0.9106116241979154
45,bernoulli,54,none,0.7,1.0,sae,none,,5,0.4148401120128706,0.570160608622147,0.3256525599665318,0.897231873812353
44,bernoulli,54,none,0.7,1.0,sae,none,,5,0.4227181063249721,0.57364890681384,0.2871799901160937,0.929383260511522
4,bernoulli,54,none,0.7,1.0,sae,none,,10,0.4398465747640911,0.5954665554164928,0.2932824680382337,0.9206608642849914
9,bernoulli,54,none,0.7,1.0,sae,none,,6,0.455430136167595,0.578361565700067,0.3287252090991596,0.8930536962665476
28,bernoulli,54,none,0.7,1.0,sae,none,,5,0.4398512160377305,0.5553642624139181,0.3334852917822187,0.8941223264993756
10,bernoulli,54,none,0.7,1.0,sae,none,,11,0.438382824773817,0.6009760116614379,0.2978902572761625,0.924009009009009
18,bernoulli,54,none,0.7,1.0,sae,none,,6,0.4155945056828384,0.6419198123743579,0.309411450367677,0.9100200269929034
42,bernoulli,54,none,0.7,1.0,sae,none,,6,0.4241199104280277,0.5944000894746804,0.2968472417603364,0.9167850249462836
7,bernoulli,54,none,0.7,1.0,sae,none,,19,0.4505644834096164,0.5079787025799631,0.2944220418862267,0.9207768228371036
8,bernoulli,54,none,0.7,1.0,sae,none,,5,0.4245616700046242,0.5843784227820372,0.3063681661582179,0.9083944672042406
32,bernoulli,54,none,0.7,1.0,sae,none,,5,0.4324063030357849,0.5869150298374042,0.2921830386060894,0.9190976614304536
40,bernoulli,54,none,0.7,1.0,sae,none,,6,0.4462609814379931,0.5508940677966102,0.3023690757691518,0.915962547380576
33,bernoulli,54,none,0.7,1.0,sae,none,,5,0.4416048902667126,0.5530275974025973,0.3018834861605103,0.9177210121716848
0,bernoulli,54,none,0.7,1.0,sae,none,,14,0.4437260728752056,0.5655270996542169,0.3145501005016731,0.8968096085018554
14,bernoulli,54,none,0.7,1.0,sae,none,,6,0.4251821660474467,0.6089145073804766,0.2847153900587993,0.9249180070035204
17,bernoulli,54,none,0.7,1.0,sae,none,,6,0.4175725288836884,0.598645031783205,0.3157946126150076,0.898240802245602
31,bernoulli,54,none,0.7,1.0,sae,none,,7,0.4341515226920203,0.5774550105051612,0.3222117061013404,0.8829639960741775
23,bernoulli,54,none,0.7,1.0,sae,none,,6,0.4299280706947364,0.5504517724268614,0.2978467346800716,0.9250203231378924
30,bernoulli,54,none,0.7,1.0,sae,none,,6,0.4298501660482776,0.5425503368124953,0.2890583759735375,0.9279312450607085
46,bernoulli,54,none,0.7,1.0,sae,none,,7,0.4307117738483318,0.6010962395355117,0.2890509654656351,0.9139612720290012
27,bernoulli,54,none,0.7,1.0,sae,none,,6,0.424431946435152,0.5894632939595996,0.3023787840424679,0.9103969721433718
6,bernoulli,54,none,0.7,1.0,sae,none,,17,0.4326287778244688,0.5982796565850258,0.2954291219376776,0.9219722004994828
24,bernoulli,54,none,0.7,1.0,sae,none,,5,0.4190597377916483,0.5644428503108561,0.3069332451716746,0.905628666560964
20,bernoulli,54,none,0.7,1.0,sae,none,,5,0.4014504339387548,0.5686111189541745,0.2678950861895633,0.9401414648098037
15,bernoulli,54,none,0.7,1.0,sae,none,,7,0.417948374741807,0.5270955165692008,0.2553972920095735,0.9527246504444828
11,bernoulli,54,none,0.7,1.0,sae,none,,8,0.4291822410584608,0.625392195313266,0.2988466867902745,0.9105860156915078
36,bernoulli,54,none,0.7,1.0,sae,none,,5,0.4431943208091311,0.5737281134237668,0.3376472677247951,0.8691630866439317
34,bernoulli,54,none,0.7,1.0,sae,none,,6,0.4192627280105385,0.593244189828134,0.2944091862672912,0.9288993518329718
43,bernoulli,54,none,0.7,1.0,sae,none,,7,0.4317277846217678,0.572292738707833,0.2464158206162319,0.9564543159739364
29,bernoulli,54,none,0.7,1.0,sae,none,,5,0.4250479341570958,0.5620758349855116,0.3043601160111409,0.9084792285629106
47,bernoulli,54,none,0.7,1.0,sae,none,,6,0.4406129916563588,0.5831411439114391,0.317220346976845,0.8992403100775193
2,bernoulli,54,none,0.7,1.0,sae,none,,20,0.4276146046072712,0.5871955128205129,0.2753224660517977,0.9277015180922114
37,bernoulli,54,none,0.7,1.0,sae,none,,6,0.429704596439446,0.5676340893172469,0.2605942009719403,0.943506814490502
35,bernoulli,54,none,0.7,1.0,sae,none,,7,0.4311941608268916,0.5619204971394752,0.2934369605590607,0.9117988782051282
16,bernoulli,54,none,0.7,1.0,sae,none,,11,0.4465021171615744,0.5529098520671554,0.3170230880972652,0.8953717527620186
48,bernoulli,54,none,0.7,1.0,sae,none,,6,0.4328182777817881,0.569464609800363,0.3175816778568417,0.8969921587846117
5,bernoulli,54,none,0.7,1.0,sae,none,,17,0.4348692133935999,0.6331936658928335,0.3029718513585789,0.9122023027180486
12,bernoulli,54,none,0.7,1.0,sae,none,,6,0.4371327152787618,0.5269658651188501,0.3307233857478134,0.8749129585467004
38,bernoulli,54,none,0.7,1.0,sae,none,,8,0.4228360038872721,0.6328648548026805,0.2829234221840588,0.9290681574481816
19,bernoulli,54,none,0.7,1.0,sae,none,,7,0.4298867370620439,0.5851530590761717,0.2909409984169319,0.9141928820809038
39,bernoulli,54,none,0.7,1.0,sae,none,,8,0.4403645029487138,0.5483070713479977,0.3083007604667263,0.9102874026322858
21,bernoulli,54,none,0.7,1.0,sae,none,,6,0.4320310147717682,0.6111508567390921,0.3092599871733522,0.90379132824678
41,bernoulli,54,none,0.7,1.0,sae,none,,5,0.4233744782004507,0.566113573121715,0.2861312111038339,0.930726517903477
13,bernoulli,54,none,0.7,1.0,sae,none,,12,0.433313089900466,0.5724781253142914,0.3173943385452178,0.8976006095015446
25,bernoulli,54,none,0.7,1.0,sae,none,,6,0.4147414992014868,0.5800370728562219,0.2502614531692386,0.956136837713809
1,bernoulli,54,none,0.7,1.0,sae,none,,18,0.4261274592596355,0.6000614799910574,0.3064815570313765,0.9103552416052416
3,bernoulli,54,none,0.7,1.0,sae,none,,21,0.4434294120153134,0.5784233496999455,0.3358603544147743,0.8666002415458937
26,bernoulli,54,none,0.7,1.0,sae,none,,7,0.4345049519624335,0.5922138207401766,0.2979527411038554,0.9035302397747812
49,bernoulli,54,none,0.7,1.0,sae,none,,6,0.4547016567635036,0.5411575562700964,0.3046538016439724,0.9167845804988662
22,bernoulli,54,none,0.7,1.0,sae,none,,6,0.4183229745795659,0.6169522927281148,0.2956250504661017,0.908182189087942
45,bernoulli,54,none,0.7,1.0,sae,none,,6,0.4168902591960928,0.6038823813549089,0.3208847168341701,0.8956525227000386
10,bernoulli,54,none,0.7,1.0,sae,none,,12,0.4385513377841077,0.6186662230250023,0.2908724874470729,0.9303648648648648
7,bernoulli,54,none,0.7,1.0,sae,none,,20,0.4508674882876983,0.5155972282034217,0.2979330482958561,0.9180536921666822
18,bernoulli,54,none,0.7,1.0,sae,none,,7,0.4175373061010502,0.656494304221577,0.3098203088854788,0.906977883233924
42,bernoulli,54,none,0.7,1.0,sae,none,,7,0.4254702911180932,0.6149577576268562,0.3071383791677092,0.9091554681525182
9,bernoulli,54,none,0.7,1.0,sae,none,,7,0.4550766678815443,0.6082017417934731,0.3273538656196739,0.8939585502503842
4,bernoulli,54,none,0.7,1.0,sae,none,,11,0.4413877500185002,0.5928982408566263,0.293904323825071,0.917768950511082
28,bernoulli,54,none,0.7,1.0,sae,none,,6,0.4403893226007405,0.5589124587474485,0.3265473494597236,0.8808202763120796
14,bernoulli,54,none,0.7,1.0,sae,none,,7,0.4252092035886813,0.6132050916052327,0.2852865731282469,0.9323979886851976
44,bernoulli,54,none,0.7,1.0,sae,none,,6,0.4248130183663628,0.6008703035448949,0.289900904158886,0.926819751271546
40,bernoulli,54,none,0.7,1.0,sae,none,,7,0.4491145966904508,0.5498983050847458,0.3049896527122009,0.9216507267113488
8,bernoulli,54,none,0.7,1.0,sae,none,,6,0.4250829727858332,0.5990553121577219,0.3086298547218462,0.9132620802549868
32,bernoulli,54,none,0.7,1.0,sae,none,,6,0.4314399701638639,0.589343093909304,0.2887714054380971,0.929510270360174
31,bernoulli,54,none,0.7,1.0,sae,none,,8,0.4342980035285814,0.5507947382844615,0.3203735991100175,0.8796063846273052
33,bernoulli,54,none,0.7,1.0,sae,none,,6,0.4426547092797382,0.527637987012987,0.3018447849403251,0.9151896932165988
27,bernoulli,54,none,0.7,1.0,sae,none,,7,0.4262313563501017,0.579952980881076,0.3031153957575813,0.910514162695209
23,bernoulli,54,none,0.7,1.0,sae,none,,7,0.4273791122450671,0.5937976614133197,0.2892798560254089,0.9255728584493444
30,bernoulli,54,none,0.7,1.0,sae,none,,7,0.4299831240414106,0.5265702494633208,0.2893610392100929,0.9241324807816654
0,bernoulli,54,none,0.7,1.0,sae,none,,15,0.4448290760767489,0.5617498382884933,0.3167196064331941,0.907520365368992
46,bernoulli,54,none,0.7,1.0,sae,none,,8,0.433443644891923,0.6018093437753173,0.288176855191411,0.924746958113492
6,bernoulli,54,none,0.7,1.0,sae,none,,18,0.4321562677546583,0.5759337139370696,0.2975234053124195,0.9233747887288414
15,bernoulli,54,none,0.7,1.0,sae,none,,8,0.41268436040035,0.5315564552406656,0.256110730355955,0.9510207467820472
17,bernoulli,54,none,0.7,1.0,sae,none,,7,0.4186738742126464,0.594223263075722,0.3096145213236304,0.9023173841307934
11,bernoulli,54,none,0.7,1.0,sae,none,,9,0.4311953012358159,0.6137448115828349,0.3030041999596628,0.9073924947656626
24,bernoulli,54,none,0.7,1.0,sae,none,,6,0.4204109537469297,0.5555313588850175,0.3077366914683749,0.9034179709619696
20,bernoulli,54,none,0.7,1.0,sae,none,,6,0.4004603441526813,0.5611641302199508,0.2631222541964829,0.944140100763426
34,bernoulli,54,none,0.7,1.0,sae,none,,7,0.4187686609978193,0.6087734220598904,0.2894454301230861,0.9327426301122708
47,bernoulli,54,none,0.7,1.0,sae,none,,7,0.4398212840439179,0.5724431818181819,0.3153411930061081,0.8836961240310076
43,bernoulli,54,none,0.7,1.0,sae,none,,8,0.4338917610241228,0.5508290451686678,0.2539546040195175,0.9548896754587872
36,bernoulli,54,none,0.7,1.0,sae,none,,6,0.4461306701988152,0.5683514111345043,0.337640669876753,0.8634202872875977
2,bernoulli,54,none,0.7,1.0,sae,none,,21,0.428783540942976,0.6096955128205128,0.2750068316911538,0.9274552458910656
35,bernoulli,54,none,0.7,1.0,sae,none,,8,0.4311877848486976,0.5598860722035904,0.2925332201734568,0.9165464743589744
29,bernoulli,54,none,0.7,1.0,sae,none,,6,0.4250726315199992,0.6157493899649231,0.3040472174407835,0.9165492993944876
37,bernoulli,54,none,0.7,1.0,sae,none,,7,0.4303343152768293,0.5693259280450631,0.26720838688195,0.9422846061501524
16,bernoulli,54,none,0.7,1.0,sae,none,,12,0.4470133173898104,0.5442985119951412,0.3212549487152109,0.8939053117016688
5,bernoulli,54,none,0.7,1.0,sae,none,,18,0.4357630274571199,0.6052932072551573,0.3019230584576099,0.9095788864938752
38,bernoulli,54,none,0.7,1.0,sae,none,,9,0.4248390096194428,0.6030859601224458,0.2820447580373146,0.9270589337580812
48,bernoulli,54,none,0.7,1.0,sae,none,,7,0.4323047000191834,0.5884868421052631,0.3179288773526946,0.8909397206567018
19,bernoulli,54,none,0.7,1.0,sae,none,,8,0.4312028347705133,0.5810518337614216,0.2927819991943468,0.9208967773776664
12,bernoulli,54,none,0.7,1.0,sae,none,,7,0.4360644596586717,0.5534307628524047,0.3233998654533642,0.8761700528102835
39,bernoulli,54,none,0.7,1.0,sae,none,,9,0.4409305236989077,0.576807494359842,0.3159354321518718,0.9069381177128386
21,bernoulli,54,none,0.7,1.0,sae,none,,7,0.433656619213717,0.6083289171524466,0.3105323836106382,0.9086932890310936
13,bernoulli,54,none,0.7,1.0,sae,none,,13,0.4335338104333021,0.5744845620034196,0.3173014844718421,0.8978145612423813
41,bernoulli,54,none,0.7,1.0,sae,none,,6,0.4225324699802362,0.5994331650005155,0.2867164128387573,0.9319512195121952
1,bernoulli,54,none,0.7,1.0,sae,none,,19,0.4276215739855865,0.6146154706013861,0.3069326868629469,0.9108056920556922
3,bernoulli,54,none,0.7,1.0,sae,none,,22,0.4437621047827026,0.5990022661462923,0.3353080396897731,0.8701026570048309
25,bernoulli,54,none,0.7,1.0,sae,none,,7,0.4176325649248824,0.5451644100580271,0.2458548673126225,0.9615686274509804
26,bernoulli,54,none,0.7,1.0,sae,none,,8,0.435307150244445,0.5979029538160258,0.3033659714564417,0.9109735485281336
22,bernoulli,54,none,0.7,1.0,sae,none,,7,0.4218095799338108,0.6090062271627811,0.3013717379075044,0.9117349398867148
49,bernoulli,54,none,0.7,1.0,sae,none,,7,0.4549618519259368,0.5214362272240085,0.2978386297701394,0.9216916099773242
10,bernoulli,54,none,0.7,1.0,sae,none,,13,0.4386637740435978,0.6198862376018,0.2915316493444317,0.9197117117117116
7,bernoulli,54,none,0.7,1.0,sae,none,,21,0.4492209724703005,0.5392201385898288,0.2968326086597353,0.9184831940773016
18,bernoulli,54,none,0.7,1.0,sae,none,,8,0.4168279891837712,0.6441199463926738,0.3092073183611478,0.9036309808872828
45,bernoulli,54,none,0.7,1.0,sae,none,,7,0.4178654551989256,0.5953266513706075,0.3199300343424348,0.8962341250144147
42,bernoulli,54,none,0.7,1.0,sae,none,,8,0.4263703881290824,0.616738647899926,0.2991620485649772,0.9168077861539022
9,bernoulli,54,none,0.7,1.0,sae,none,,8,0.4558443650468838,0.5702268159632501,0.3256795788564667,0.8956659973226238
14,bernoulli,54,none,0.7,1.0,sae,none,,8,0.4255482622393272,0.617961678617609,0.2876458637656292,0.9256488895673454
4,bernoulli,54,none,0.7,1.0,sae,none,,12,0.4414080898280327,0.5835593102489222,0.2957406961214238,0.922457241169922
31,bernoulli,54,none,0.7,1.0,sae,none,,9,0.4350004489118079,0.5837032977071344,0.3202617651604484,0.891125574668113
23,bernoulli,54,none,0.7,1.0,sae,none,,8,0.4291752275829075,0.5735083421916163,0.2885164180386281,0.9242518544863328
27,bernoulli,54,none,0.7,1.0,sae,none,,8,0.427539345508968,0.6060756237815167,0.3008501543659297,0.9154708889988454
30,bernoulli,54,none,0.7,1.0,sae,none,,8,0.4325402494951854,0.5247427640832037,0.2880011740948666,0.9279896185070766
28,bernoulli,54,none,0.7,1.0,sae,none,,7,0.4402656503448495,0.5480103393678106,0.3254198324551777,0.8861320336730174
40,bernoulli,54,none,0.7,1.0,sae,none,,8,0.4511607940766291,0.5460508474576272,0.3042642269812529,0.921575419835831
44,bernoulli,54,none,0.7,1.0,sae,none,,7,0.4241438713518641,0.5983188282742518,0.2909034026188222,0.924991265919846
8,bernoulli,54,none,0.7,1.0,sae,none,,7,0.4283107201597561,0.5897499087258123,0.3123790864673347,0.9088188676303732
46,bernoulli,54,none,0.7,1.0,sae,none,,9,0.4333238019108956,0.559786828247367,0.2885079089821058,0.9150290728975988
6,bernoulli,54,none,0.7,1.0,sae,none,,19,0.4320205121490839,0.5832116708794561,0.2943779052906874,0.9274639893040036
15,bernoulli,54,none,0.7,1.0,sae,none,,9,0.4184403121261172,0.5300494826810616,0.253104940844095,0.9522906974518024
32,bernoulli,54,none,0.7,1.0,sae,none,,7,0.4329498424276868,0.551049745113672,0.2912646770462892,0.9229318125117628
0,bernoulli,54,none,0.7,1.0,sae,none,,16,0.4457451408568533,0.5559441955551296,0.3169863763207207,0.8937795050831082
33,bernoulli,54,none,0.7,1.0,sae,none,,7,0.4419105147532348,0.5537743506493507,0.2978997238494358,0.9178188839063276
11,bernoulli,54,none,0.7,1.0,sae,none,,10,0.4314910664092228,0.6364186031310259,0.3028104132864813,0.9034903251041116
17,bernoulli,54,none,0.7,1.0,sae,none,,8,0.4208846300165999,0.628064012490242,0.306895933350151,0.911584777903962
34,bernoulli,54,none,0.7,1.0,sae,none,,8,0.4224421962155862,0.5985540239661772,0.2900678703823603,0.9276573921317836
47,bernoulli,54,none,0.7,1.0,sae,none,,8,0.4417488658935807,0.5534007044615901,0.3094590525648097,0.902368992248062
24,bernoulli,54,none,0.7,1.0,sae,none,,7,0.4213154578926346,0.5746396119423379,0.3098696035082191,0.8950916215542821
43,bernoulli,54,none,0.7,1.0,sae,none,,9,0.4332688807122662,0.5382618639222413,0.2471479437171823,0.957254021126124
2,bernoulli,54,none,0.7,1.0,sae,none,,22,0.4293192933106424,0.5731570512820513,0.2772319192141729,0.9246172519540526
20,bernoulli,54,none,0.7,1.0,sae,none,,7,0.4062587296941793,0.5778933845328514,0.2656151545326828,0.9458066574263524
35,bernoulli,54,none,0.7,1.0,sae,none,,9,0.4306204983568685,0.5740530676662063,0.2911040664540181,0.9177751068376068
36,bernoulli,54,none,0.7,1.0,sae,none,,7,0.4433390238792259,0.561135836686832,0.3344317000436348,0.8745441929816791
38,bernoulli,54,none,0.7,1.0,sae,none,,10,0.4332225344603423,0.6151081740713163,0.294325940140182,0.9273972745349116
29,bernoulli,54,none,0.7,1.0,sae,none,,7,0.4289458897517882,0.5878021579990849,0.3034597504980024,0.9098053930689914
37,bernoulli,54,none,0.7,1.0,sae,none,,8,0.4290716613158216,0.5559046651343114,0.266154644752455,0.9366298555621344
16,bernoulli,54,none,0.7,1.0,sae,none,,13,0.4476485965733603,0.5505780660275041,0.3178365896691945,0.8889220662884443
5,bernoulli,54,none,0.7,1.0,sae,none,,19,0.4367371788981681,0.6179057433516411,0.3044399943467862,0.9073655433468272
19,bernoulli,54,none,0.7,1.0,sae,none,,9,0.43090846248111,0.6013432144511348,0.2915335149759833,0.9225921728480816
39,bernoulli,54,none,0.7,1.0,sae,none,,10,0.4430962340429696,0.5687570501974055,0.3115552449505612,0.9065489209382384
48,bernoulli,54,none,0.7,1.0,sae,none,,8,0.4328890219842723,0.5958768148820326,0.3180389664186041,0.8821306052438127
12,bernoulli,54,none,0.7,1.0,sae,none,,8,0.4366346554664628,0.5639913856642713,0.3227307517652391,0.881611299059028
21,bernoulli,54,none,0.7,1.0,sae,none,,8,0.4335626127043004,0.5947800741918389,0.3077528397113795,0.902529945032406
13,bernoulli,54,none,0.7,1.0,sae,none,,14,0.4345395366615156,0.5857588253042342,0.3253916013412207,0.8981224430157801
41,bernoulli,54,none,0.7,1.0,sae,none,,7,0.4264854068048325,0.5499845408636505,0.2898905081447764,0.9214115204981838
3,bernoulli,54,none,0.7,1.0,sae,none,,23,0.4440051346033061,0.5765244030383146,0.3357014935981823,0.8673913043478262
1,bernoulli,54,none,0.7,1.0,sae,none,,20,0.4284214267456376,0.6005589090096133,0.3077548369988952,0.9076781326781328
26,bernoulli,54,none,0.7,1.0,sae,none,,9,0.4362097003161203,0.5920324937895519,0.3011861899173866,0.9032956369200912
22,bernoulli,54,none,0.7,1.0,sae,none,,8,0.4226510715696225,0.62580927384077,0.3010346967336867,0.9110302182517604
25,bernoulli,54,none,0.7,1.0,sae,none,,8,0.4187332719336881,0.5383784655061251,0.2481695682726095,0.9602252816020024
10,bernoulli,54,none,0.7,1.0,sae,none,,14,0.4395847886258784,0.6040933865703331,0.2898253221643151,0.9241216216216216
7,bernoulli,54,none,0.7,1.0,sae,none,,22,0.4501964213260392,0.5237795090631484,0.2991109394837039,0.9109912638425808
49,bernoulli,54,none,0.7,1.0,sae,none,,8,0.4556397831772559,0.5204314040728832,0.3032177419463889,0.9128571428571428
18,bernoulli,54,none,0.7,1.0,sae,none,,9,0.4176327968453047,0.6629160151887425,0.3086019587330391,0.9048989942966608
42,bernoulli,54,none,0.7,1.0,sae,none,,9,0.4277309435005672,0.6130650240033036,0.2972944709326567,0.9158745766415384
45,bernoulli,54,none,0.7,1.0,sae,none,,8,0.4210342046644897,0.5748882985146722,0.3230193139050441,0.8978435590050589
14,bernoulli,54,none,0.7,1.0,sae,none,,9,0.42743114714483,0.6043468404171355,0.2864738879171142,0.9232272628447984
27,bernoulli,54,none,0.7,1.0,sae,none,,9,0.4278284779331209,0.6032946149183309,0.3065551468592417,0.910431695269842
23,bernoulli,54,none,0.7,1.0,sae,none,,9,0.4288720456018534,0.5600938207699773,0.2909704339699027,0.9274273447820344
31,bernoulli,54,none,0.7,1.0,sae,none,,10,0.4421628864299043,0.5632913126884078,0.3230372583141057,0.8911204091120409
30,bernoulli,54,none,0.7,1.0,sae,none,,9,0.4323842474220666,0.5479078762306611,0.2878970545305693,0.9257355054242402
46,bernoulli,54,none,0.7,1.0,sae,none,,10,0.4321343717929872,0.6016321226032947,0.2884907997249412,0.9163301747963102
15,bernoulli,54,none,0.7,1.0,sae,none,,10,0.4148271266386854,0.5445793972109761,0.255132793742954,0.9465535836221036
6,bernoulli,54,none,0.7,1.0,sae,none,,20,0.4339181528460978,0.5964056916238125,0.298882086874439,0.9231906359577206
4,bernoulli,54,none,0.7,1.0,sae,none,,13,0.4429405015015076,0.5764714573772771,0.2948528486908919,0.9145177613601864
9,bernoulli,54,none,0.7,1.0,sae,none,,9,0.4567060046876025,0.5792037515551727,0.3312353243365922,0.8939213644702265
11,bernoulli,54,none,0.7,1.0,sae,none,,11,0.4317161701082507,0.6365534202699611,0.3004982471518084,0.9078894692036904
40,bernoulli,54,none,0.7,1.0,sae,none,,9,0.4479852243194347,0.5504491525423729,0.3005974815090245,0.9211938649998744
8,bernoulli,54,none,0.7,1.0,sae,none,,8,0.4256117071969211,0.5720700985761227,0.3103833757807462,0.9076604276916947
28,bernoulli,54,none,0.7,1.0,sae,none,,8,0.4410283657021015,0.5693138246122738,0.3258563817247324,0.8899585129093325
44,bernoulli,54,none,0.7,1.0,sae,none,,8,0.4273876369891921,0.6068817660793886,0.2937571408032876,0.9252725713585692
33,bernoulli,54,none,0.7,1.0,sae,none,,8,0.4409939013014025,0.5511769480519481,0.297281952558698,0.9241538543668588
47,bernoulli,54,none,0.7,1.0,sae,none,,9,0.4423537423727639,0.572081516269708,0.3136804695899666,0.8893829457364341
0,bernoulli,54,none,0.7,1.0,sae,none,,17,0.4451464627904894,0.5781685473115961,0.3163357526632561,0.8953209055178623
32,bernoulli,54,none,0.7,1.0,sae,none,,8,0.4331010820409628,0.556960853003471,0.2917808993050317,0.923509561304837
34,bernoulli,54,none,0.7,1.0,sae,none,,9,0.4225183103193997,0.6093550646686514,0.2927690206630982,0.9276141398038816
43,bernoulli,54,none,0.7,1.0,sae,none,,10,0.4341176107476876,0.5448484848484848,0.2468167613543797,0.9596600905405313
17,bernoulli,54,none,0.7,1.0,sae,none,,9,0.4198530273775377,0.6162540426006469,0.310789337513267,0.9020602541301508
2,bernoulli,54,none,0.7,1.0,sae,none,,23,0.4300129265006628,0.560982905982906,0.2756685518383281,0.9254205684196948
24,bernoulli,54,none,0.7,1.0,sae,none,,8,0.4222401698624326,0.5604973696795792,0.305972154269733,0.9042673673242884
35,bernoulli,54,none,0.7,1.0,sae,none,,10,0.432443243668663,0.5536594989149733,0.2907611707368443,0.9208199786324788
20,bernoulli,54,none,0.7,1.0,sae,none,,8,0.4049973248169696,0.5563429991247141,0.2621112982598365,0.9458836600444416
36,bernoulli,54,none,0.7,1.0,sae,none,,8,0.4435693016987399,0.5730818431362097,0.3343641787409019,0.8689564049190249
38,bernoulli,54,none,0.7,1.0,sae,none,,11,0.4254790467281696,0.6143790849673202,0.2858090049443201,0.9267934663793372
19,bernoulli,54,none,0.7,1.0,sae,none,,10,0.4326635124944344,0.5907153985430966,0.2917988625168936,0.912826512146526
29,bernoulli,54,none,0.7,1.0,sae,none,,8,0.4296756222557107,0.5851284886380966,0.3016698888194751,0.9156446290337504
39,bernoulli,54,none,0.7,1.0,sae,none,,11,0.4417740799936655,0.5685367315284828,0.3147277225408141,0.9004149605047499
16,bernoulli,54,none,0.7,1.0,sae,none,,14,0.4474940820121511,0.5565647911153528,0.3153950935030208,0.9020934939119472
37,bernoulli,54,none,0.7,1.0,sae,none,,9,0.4315107676708549,0.5406485217374148,0.2619659196122137,0.9426105283742456
48,bernoulli,54,none,0.7,1.0,sae,none,,9,0.433490448751903,0.6055127041742286,0.319013228371614,0.8925692232296006
5,bernoulli,54,none,0.7,1.0,sae,none,,20,0.4373255279604558,0.6082139554196629,0.3050227887989165,0.9019531044634876
12,bernoulli,54,none,0.7,1.0,sae,none,,9,0.4383458237838615,0.5560910724156993,0.3279473186976538,0.8802864203008399
21,bernoulli,54,none,0.7,1.0,sae,none,,9,0.4349922788965167,0.6093711358417241,0.3132410798990971,0.9050270735909426
3,bernoulli,54,none,0.7,1.0,sae,none,,24,0.4445129042126518,0.5768129170338663,0.3375777521464631,0.8688526570048309
13,bernoulli,54,none,0.7,1.0,sae,none,,15,0.4336209675262412,0.5956652921653425,0.3202997065524622,0.8956854805043
41,bernoulli,54,none,0.7,1.0,sae,none,,8,0.4248423417163782,0.5808203648356178,0.2933685753366313,0.9309133367929424
26,bernoulli,54,none,0.7,1.0,sae,none,,10,0.4357739357045535,0.6030662387350632,0.2974744692233696,0.9068466710388108
1,bernoulli,54,none,0.7,1.0,sae,none,,21,0.4283081804428146,0.62618488710038,0.3047384561819823,0.9154228091728092
22,bernoulli,54,none,0.7,1.0,sae,none,,9,0.4219918442441983,0.655951829550718,0.2945012636376166,0.9145220344730748
25,bernoulli,54,none,0.7,1.0,sae,none,,9,0.4208415229711811,0.5412314635718891,0.2535507794944247,0.9547768043387568
10,bernoulli,54,none,0.7,1.0,sae,none,,15,0.4412915578729232,0.5977001933010109,0.2931332444290253,0.913945945945946
7,bernoulli,54,none,0.7,1.0,sae,none,,23,0.4498194617140427,0.5413342207258349,0.2978521128164741,0.9173186682784058
18,bernoulli,54,none,0.7,1.0,sae,none,,10,0.4191965803496914,0.6440641054277417,0.3058275267095691,0.9119410945186992
49,bernoulli,54,none,0.7,1.0,sae,none,,9,0.4567788397052155,0.5159063504823151,0.300272486538682,0.9205895691609978
42,bernoulli,54,none,0.7,1.0,sae,none,,10,0.4289896934233784,0.6006633171017085,0.297867308653808,0.9139262172693834
14,bernoulli,54,none,0.7,1.0,sae,none,,10,0.4280087884096475,0.6152832121446203,0.2850541493774088,0.9326709131868792
27,bernoulli,54,none,0.7,1.0,sae,none,,10,0.4284189398576083,0.570573731548682,0.3005620107862933,0.9147634052970128
23,bernoulli,54,none,0.7,1.0,sae,none,,10,0.4314886490145496,0.5787886490733466,0.2870749887647978,0.9249504623513872
15,bernoulli,54,none,0.7,1.0,sae,none,,11,0.4148212354911888,0.5310841205578047,0.2597910646300591,0.949463621337724
31,bernoulli,54,none,0.7,1.0,sae,none,,11,0.436156440774726,0.5734036722389696,0.3191387255832734,0.8904850457151712
30,bernoulli,54,none,0.7,1.0,sae,none,,10,0.432756216472842,0.5342595676956102,0.293665324851235,0.9198936705223076
6,bernoulli,54,none,0.7,1.0,sae,none,,21,0.4336533204818355,0.5975932624422557,0.292184045842607,0.922504477687243
46,bernoulli,54,none,0.7,1.0,sae,none,,11,0.4340864423735816,0.601670098568728,0.2891285923843085,0.912888984602132
45,bernoulli,54,none,0.7,1.0,sae,none,,9,0.4192853850056796,0.6003864267600532,0.3245466711120714,0.8966602991240868
11,bernoulli,54,none,0.7,1.0,sae,none,,12,0.4342747057934764,0.6159141419093375,0.3018220012257044,0.9049950532636954
4,bernoulli,54,none,0.7,1.0,sae,none,,14,0.4423995362209093,0.5791788346544291,0.2956394535184833,0.9132881287319096
47,bernoulli,54,none,0.7,1.0,sae,none,,10,0.4428635568198251,0.5675895253270715,0.3131525260377256,0.8897240310077519
9,bernoulli,54,none,0.7,1.0,sae,none,,10,0.4568013158940854,0.5952387788305101,0.3235182375734469,0.8949811592047202
34,bernoulli,54,none,0.7,1.0,sae,none,,10,0.4223693670815611,0.6121319390588648,0.2899546644931878,0.933465561878634
40,bernoulli,54,none,0.7,1.0,sae,none,,10,0.4483911104830728,0.5572669491525424,0.3034960731876051,0.9232321710972212
28,bernoulli,54,none,0.7,1.0,sae,none,,9,0.438466061336791,0.558979225882757,0.3235826917386201,0.8815855721593427
33,bernoulli,54,none,0.7,1.0,sae,none,,9,0.4419053724444916,0.5374431818181818,0.2968499273453968,0.9231840344508504
2,bernoulli,54,none,0.7,1.0,sae,none,,24,0.4306848741550138,0.5879594017094016,0.2747869300120738,0.9271210193323678
43,bernoulli,54,none,0.7,1.0,sae,none,,11,0.4347574581122929,0.5463407661520869,0.2472933791314735,0.958749122062822
8,bernoulli,54,none,0.7,1.0,sae,none,,9,0.4266877804346365,0.5966639284410368,0.305062527813448,0.9135955377326624
44,bernoulli,54,none,0.7,1.0,sae,none,,9,0.4276599906448379,0.5859223094884314,0.2901224215646449,0.9216564353156292
0,bernoulli,54,none,0.7,1.0,sae,none,,18,0.446395443981474,0.5467565862501298,0.3188104651639876,0.906890191686977
32,bernoulli,54,none,0.7,1.0,sae,none,,9,0.433960767871305,0.5753625989546842,0.295822209274435,0.9105233441150596
35,bernoulli,54,none,0.7,1.0,sae,none,,11,0.431422320781222,0.5561501282304202,0.2976568492372743,0.9109241452991452
17,bernoulli,54,none,0.7,1.0,sae,none,,10,0.4223850487187962,0.6045221367235418,0.3107801796581619,0.907106430392766
24,bernoulli,54,none,0.7,1.0,sae,none,,9,0.423897996759552,0.5690629910500785,0.3091546887757726,0.8911911934585155
20,bernoulli,54,none,0.7,1.0,sae,none,,9,0.4035812162135948,0.5750487054239489,0.2622557014176499,0.946290673882912
38,bernoulli,54,none,0.7,1.0,sae,none,,12,0.4264433725873238,0.636277612310747,0.2805493687874997,0.9295314240503034
19,bernoulli,54,none,0.7,1.0,sae,none,,11,0.4330500381246844,0.5829887574213651,0.2913683859026579,0.9175105562359478
36,bernoulli,54,none,0.7,1.0,sae,none,,9,0.4440722343242304,0.5652666364629694,0.3371245901270077,0.8690966532323546
39,bernoulli,54,none,0.7,1.0,sae,none,,12,0.443308503849697,0.5562737944162437,0.3260788585039129,0.8876701365477698
29,bernoulli,54,none,0.7,1.0,sae,none,,9,0.4283843827935664,0.5875829266432819,0.3011911373682679,0.9159993009365396
37,bernoulli,54,none,0.7,1.0,sae,none,,10,0.4314219408452812,0.5549674949935385,0.2665777789675378,0.9382648987196688
16,bernoulli,54,none,0.7,1.0,sae,none,,15,0.4488949977368727,0.5345755064856188,0.3182632675671647,0.9066985169702398
48,bernoulli,54,none,0.7,1.0,sae,none,,10,0.4365819085407302,0.5870009074410163,0.3227288356168027,0.8909029649595688
5,bernoulli,54,none,0.7,1.0,sae,none,,21,0.4366867135568921,0.6281024102070475,0.3026487660110452,0.9069291835339888
3,bernoulli,54,none,0.7,1.0,sae,none,,25,0.4452307776703889,0.5663057618867766,0.3352645076738957,0.8702717391304349
12,bernoulli,54,none,0.7,1.0,sae,none,,10,0.4394684852458789,0.5510813985627419,0.3273439990022208,0.8849635504285829
21,bernoulli,54,none,0.7,1.0,sae,none,,10,0.4348475911076681,0.6025172231054584,0.3092833551822987,0.8987099023709901
26,bernoulli,54,none,0.7,1.0,sae,none,,11,0.4379619645767909,0.5830794756024588,0.2988989502992062,0.9129116880208584
13,bernoulli,54,none,0.7,1.0,sae,none,,16,0.436120959273316,0.5834456401488485,0.3287128904016047,0.8927058111380145
22,bernoulli,54,none,0.7,1.0,sae,none,,10,0.4257406512861941,0.6181668467912099,0.2996897275123909,0.9068018884420354
41,bernoulli,54,none,0.7,1.0,sae,none,,9,0.4217956079731433,0.6185045862104503,0.2890761346436636,0.9265438505448884
1,bernoulli,54,none,0.7,1.0,sae,none,,22,0.4288491480325742,0.6057791191594009,0.3033236766857061,0.9123054873054872
10,bernoulli,54,none,0.7,1.0,sae,none,,16,0.4414421337024374,0.5952799695788573,0.2940160469797774,0.9132027027027028
25,bernoulli,54,none,0.7,1.0,sae,none,,10,0.4189740151129775,0.5697292069632495,0.2501663459251181,0.9578973717146432
7,bernoulli,54,none,0.7,1.0,sae,none,,24,0.4513423482018301,0.5274321731981365,0.2989907912778697,0.9142568067197124
42,bernoulli,54,none,0.7,1.0,sae,none,,11,0.429277484514892,0.6235869022833249,0.2982409199286144,0.9146659565169888
18,bernoulli,54,none,0.7,1.0,sae,none,,11,0.4209426007036114,0.6502010274737549,0.3079588551821179,0.9115547041664852
49,bernoulli,54,none,0.7,1.0,sae,none,,10,0.4574180987273071,0.5155077706323686,0.2990786431080229,0.9214920634920636
27,bernoulli,54,none,0.7,1.0,sae,none,,11,0.4306229379269596,0.5728591556218157,0.3113948951446398,0.9021372084342474
14,bernoulli,54,none,0.7,1.0,sae,none,,11,0.4286340283900079,0.6255646610354497,0.2893369248389961,0.9206899901469628
23,bernoulli,54,none,0.7,1.0,sae,none,,11,0.4315726628028824,0.5907126681148033,0.2926536136718231,0.925471242759882
6,bernoulli,54,none,0.7,1.0,sae,none,,22,0.4347160009423786,0.590925433626776,0.2972998465290629,0.9249463938851188
15,bernoulli,54,none,0.7,1.0,sae,none,,12,0.4165913891343745,0.5606687659319238,0.2578435936875193,0.9502677107065138
30,bernoulli,54,none,0.7,1.0,sae,none,,11,0.4338567125383885,0.5483566511214746,0.2925982994183033,0.917545261872261
31,bernoulli,54,none,0.7,1.0,sae,none,,12,0.4442640309262102,0.5714533662190554,0.3260270213940044,0.8895759078464796
46,bernoulli,54,none,0.7,1.0,sae,none,,12,0.4346334004417297,0.5953576492033487,0.2890258585414338,0.9215435555076988
11,bernoulli,54,none,0.7,1.0,sae,none,,13,0.4340166143465204,0.6202732294015754,0.3022893896198985,0.9117962404804087
47,bernoulli,54,none,0.7,1.0,sae,none,,11,0.4429417798748023,0.5529971066756122,0.3112808167663567,0.902182945736434
45,bernoulli,54,none,0.7,1.0,sae,none,,10,0.419212167398851,0.5882864388358894,0.3178830239771683,0.8964747880410531
2,bernoulli,54,none,0.7,1.0,sae,none,,25,0.4303490661011299,0.5950320512820513,0.2770706901079823,0.9264994752056666
34,bernoulli,54,none,0.7,1.0,sae,none,,11,0.4242010804881985,0.6121819728316613,0.289136258586824,0.9310866838440196
4,bernoulli,54,none,0.7,1.0,sae,none,,15,0.4425418727804717,0.5782575441524127,0.2941740039868552,0.915044023884222
43,bernoulli,54,none,0.7,1.0,sae,none,,12,0.4351688164038553,0.5528530588907947,0.2457785176866764,0.9583736083391864
33,bernoulli,54,none,0.7,1.0,sae,none,,10,0.4422156247472054,0.5532873376623376,0.2971095237962268,0.920964125560538
9,bernoulli,54,none,0.7,1.0,sae,none,,11,0.4571064455169602,0.5772657670590488,0.3242069954637189,0.8944295701323812
40,bernoulli,54,none,0.7,1.0,sae,none,,11,0.4488822008031801,0.5540423728813559,0.2987441524627642,0.9238948716017772
28,bernoulli,54,none,0.7,1.0,sae,none,,10,0.4418367295371501,0.5399744377253392,0.3273439421004503,0.8850092641076248
35,bernoulli,54,none,0.7,1.0,sae,none,,12,0.4345709811430512,0.5606998421779443,0.2945033760945919,0.917000534188034
44,bernoulli,54,none,0.7,1.0,sae,none,,10,0.4281531596146377,0.5634812141795796,0.2909912380778904,0.9310801675128516
8,bernoulli,54,none,0.7,1.0,sae,none,,10,0.4279556050672163,0.6228368017524644,0.3062680161295555,0.910901894211698
0,bernoulli,54,none,0.7,1.0,sae,none,,19,0.4464045736129843,0.5532410180238454,0.3189882724887294,0.8997343170190809
32,bernoulli,54,none,0.7,1.0,sae,none,,10,0.4342935945538282,0.5490485049084745,0.2903689040588142,0.9290353783598062
19,bernoulli,54,none,0.7,1.0,sae,none,,12,0.4334652512679835,0.5902985388858479,0.2952776777334174,0.9105918803809384
17,bernoulli,54,none,0.7,1.0,sae,none,,11,0.4229387541422986,0.6054979368796699,0.3075563158631765,0.9004424778761062
38,bernoulli,54,none,0.7,1.0,sae,none,,13,0.4272897229397646,0.6222697939935469,0.2839040435344169,0.9259918590003852
39,bernoulli,54,none,0.7,1.0,sae,none,,13,0.4437880775072052,0.5594860406091371,0.318809986079912,0.8975919134777198
24,bernoulli,54,none,0.7,1.0,sae,none,,10,0.4270188953665679,0.5556381089020974,0.3127761455183782,0.9066887132211376
20,bernoulli,54,none,0.7,1.0,sae,none,,10,0.4075936142923342,0.5686817065251151,0.2643963080808139,0.9433370734604976
29,bernoulli,54,none,0.7,1.0,sae,none,,10,0.435929886946293,0.593087540033552,0.3147006748627395,0.9078469873448952
36,bernoulli,54,none,0.7,1.0,sae,none,,10,0.4466475668276458,0.5672320976467766,0.3351829615976914,0.8730900394171575
37,bernoulli,54,none,0.7,1.0,sae,none,,11,0.435537432238937,0.5485651431897326,0.2676631207761735,0.942713737078542
3,bernoulli,54,none,0.7,1.0,sae,none,,26,0.4451858440776995,0.5857883251500272,0.334377280789021,0.8658997584541064
16,bernoulli,54,none,0.7,1.0,sae,none,,16,0.4481420467438348,0.5472484924732115,0.3180313058189454,0.8831425632858897
5,bernoulli,54,none,0.7,1.0,sae,none,,22,0.4376283695719924,0.6158154502387558,0.3036956660610845,0.9018032700699228
48,bernoulli,54,none,0.7,1.0,sae,none,,11,0.4345979660322323,0.6115074863883847,0.3195003004871143,0.8855978926733643
26,bernoulli,54,none,0.7,1.0,sae,none,,12,0.4384598760679522,0.580853687283541,0.3025233486914152,0.9005603809097258
12,bernoulli,54,none,0.7,1.0,sae,none,,11,0.4393316482493298,0.5731988207112585,0.3256401707928079,0.8712341091576852
22,bernoulli,54,none,0.7,1.0,sae,none,,11,0.4254843000077324,0.6197056250321651,0.2981290556473845,0.9133987187842756
21,bernoulli,54,none,0.7,1.0,sae,none,,11,0.4358089667718214,0.6125419537184243,0.3107206590101399,0.8995662072360325
13,bernoulli,54,none,0.7,1.0,sae,none,,17,0.4360524138893943,0.5699185356532234,0.3176018062081372,0.8961081656508307
1,bernoulli,54,none,0.7,1.0,sae,none,,23,0.4297368454775639,0.5957522915269394,0.3038920999875907,0.9085176085176084
10,bernoulli,54,none,0.7,1.0,sae,none,,17,0.447888203389295,0.613730709509776,0.2960970750083537,0.9267612612612612
41,bernoulli,54,none,0.7,1.0,sae,none,,10,0.4267117717707316,0.5681181078017108,0.2953699257939867,0.9253658536585366
25,bernoulli,54,none,0.7,1.0,sae,none,,11,0.4201404978280834,0.5494842037395229,0.2514831980701126,0.9589153108051732
42,bernoulli,54,none,0.7,1.0,sae,none,,12,0.4295658632987919,0.6061178312714008,0.2991016856145088,0.9125559925707418
7,bernoulli,54,none,0.7,1.0,sae,none,,25,0.4524515013759329,0.5354461104803665,0.305358051037374,0.9097957430604446
27,bernoulli,54,none,0.7,1.0,sae,none,,12,0.4296130549357698,0.5921501007552548,0.3012086383235638,0.9159830551142824
18,bernoulli,54,none,0.7,1.0,sae,none,,12,0.4318816948798231,0.6550703596158142,0.3126898903885947,0.9115764726370325
14,bernoulli,54,none,0.7,1.0,sae,none,,12,0.4298066580884192,0.6067272330349796,0.2879045206181765,0.922119374401532
23,bernoulli,54,none,0.7,1.0,sae,none,,12,0.4317443861030367,0.5583086841983639,0.2888404663602553,0.9244677878264403
15,bernoulli,54,none,0.7,1.0,sae,none,,13,0.4195880183735238,0.5434847803268856,0.2557529781518672,0.950491068864511
49,bernoulli,54,none,0.7,1.0,sae,none,,11,0.457003600759532,0.5353429796355842,0.3079808583194522,0.9132653061224488
6,bernoulli,54,none,0.7,1.0,sae,none,,23,0.4342080309939133,0.5939161509631308,0.2956723775461739,0.9226407002850584
30,bernoulli,54,none,0.7,1.0,sae,none,,12,0.4347560871239948,0.5269773854467391,0.2901647661404503,0.9221792154608808
11,bernoulli,54,none,0.7,1.0,sae,none,,14,0.4350744687661576,0.6081151746903292,0.3012454426685853,0.9057727262269056
31,bernoulli,54,none,0.7,1.0,sae,none,,13,0.438637158182685,0.5674157303370786,0.3166832476696112,0.8969290769151299
46,bernoulli,54,none,0.7,1.0,sae,none,,13,0.4347946102491731,0.5949525722387254,0.2919302782240631,0.9141900865008434
47,bernoulli,54,none,0.7,1.0,sae,none,,12,0.4438887808939792,0.5545066672257633,0.3162871831400175,0.8842294573643411
2,bernoulli,54,none,0.7,1.0,sae,none,,26,0.4309080648016775,0.5876014957264957,0.2752156208848448,0.9278070633212736
34,bernoulli,54,none,0.7,1.0,sae,none,,12,0.424289979100754,0.5994984114277135,0.2927776349093177,0.9300486279743698
43,bernoulli,54,none,0.7,1.0,sae,none,,13,0.4364880370393905,0.5195711835334478,0.2549993022273371,0.9556893806109747
45,bernoulli,54,none,0.7,1.0,sae,none,,11,0.4202303086364388,0.6087247916918246,0.3204880791446761,0.9000696920014639
4,bernoulli,54,none,0.7,1.0,sae,none,,16,0.4437684008315847,0.5671977124183007,0.2935278707045975,0.9212023074587592
35,bernoulli,54,none,0.7,1.0,sae,none,,13,0.434741263036917,0.5554349970408365,0.293737800831817,0.9119791666666668
33,bernoulli,54,none,0.7,1.0,sae,none,,11,0.4436270288209804,0.560900974025974,0.2973870579526613,0.9160527439675422
40,bernoulli,54,none,0.7,1.0,sae,none,,12,0.4505306161983329,0.5490847457627119,0.3051696532587868,0.9113437256821548
9,bernoulli,54,none,0.7,1.0,sae,none,,12,0.4567789538831351,0.605828308929084,0.3262380886826622,0.891498091129952
28,bernoulli,54,none,0.7,1.0,sae,none,,11,0.4440964105585571,0.5585595467465329,0.3307255597055543,0.8811223667781045
8,bernoulli,54,none,0.7,1.0,sae,none,,11,0.429574015109617,0.5881389193136181,0.3047198498498407,0.9131191699074112
44,bernoulli,54,none,0.7,1.0,sae,none,,11,0.4289876961288597,0.5916493313521546,0.2907782873323554,0.918199100730033
19,bernoulli,54,none,0.7,1.0,sae,none,,13,0.4349329945873192,0.5827866436481537,0.2952910758628405,0.9127168369678468
17,bernoulli,54,none,0.7,1.0,sae,none,,12,0.4236909143220548,0.6094457455113192,0.3122457781514673,0.8900554972251388
39,bernoulli,54,none,0.7,1.0,sae,none,,14,0.4439769090853397,0.5564192047377327,0.3219738419626355,0.8846607136005087
32,bernoulli,54,none,0.7,1.0,sae,none,,11,0.4351736616558385,0.5765987775120196,0.295006796629246,0.9228617823550266
38,bernoulli,54,none,0.7,1.0,sae,none,,14,0.4283113811795039,0.6073157110945645,0.2831138996449261,0.9221139531736364
0,bernoulli,54,none,0.7,1.0,sae,none,,20,0.4471447877192595,0.5378644498215184,0.3150041739437041,0.9042597106031662
24,bernoulli,54,none,0.7,1.0,sae,none,,11,0.426748402227708,0.5475080276012844,0.3102546972853651,0.8969987995198081
20,bernoulli,54,none,0.7,1.0,sae,none,,11,0.4086521362251652,0.5524183301804217,0.2661671435240995,0.945278639473742
29,bernoulli,54,none,0.7,1.0,sae,none,,11,0.4312225664783906,0.5812919399115449,0.3041416070796339,0.9160815436966064
3,bernoulli,54,none,0.7,1.0,sae,none,,27,0.4450385773739062,0.5678899660078056,0.335024591297737,0.8603502415458939
36,bernoulli,54,none,0.7,1.0,sae,none,,11,0.4453916479345544,0.5687844788529701,0.3346541865783279,0.8686980527628918
37,bernoulli,54,none,0.7,1.0,sae,none,,12,0.4348920509798262,0.518195898154268,0.266895020893093,0.9336042109151352
26,bernoulli,54,none,0.7,1.0,sae,none,,13,0.4376595751068503,0.6117336669749225,0.3015854846516242,0.9107709369718104
16,bernoulli,54,none,0.7,1.0,sae,none,,17,0.449144290889869,0.541023166023166,0.3216005687774722,0.897760525530009
5,bernoulli,54,none,0.7,1.0,sae,none,,23,0.4375677226648098,0.624148311722628,0.303274165645128,0.9143262709636716
48,bernoulli,54,none,0.7,1.0,sae,none,,12,0.4377718149214508,0.5907214156079854,0.3219829359834608,0.8843604508698848
22,bernoulli,54,none,0.7,1.0,sae,none,,12,0.4264727410698343,0.5909320158509598,0.2961470563507499,0.9131761751100796
12,bernoulli,54,none,0.7,1.0,sae,none,,12,0.4403076002661921,0.5586362170628341,0.3233732090507078,0.8833490470116282
21,bernoulli,54,none,0.7,1.0,sae,none,,12,0.436346286952356,0.6094550432785727,0.3083148613542953,0.9035964804331776
13,bernoulli,54,none,0.7,1.0,sae,none,,18,0.4361290056444305,0.5627828623151967,0.3185602619144164,0.8952654045253403
10,bernoulli,54,none,0.7,1.0,sae,none,,18,0.4431819812956645,0.5903999112716671,0.2904785756444364,0.919698198198198
1,bernoulli,54,none,0.7,1.0,sae,none,,24,0.4297266162060518,0.6190308517773306,0.3048902228442732,0.9075604013104012
42,bernoulli,54,none,0.7,1.0,sae,none,,13,0.4322111407121708,0.5774085035359705,0.2975213769036463,0.9174724134163664
41,bernoulli,54,none,0.7,1.0,sae,none,,11,0.4246510194853116,0.6140111305781717,0.288633595407601,0.9288323819408408
7,bernoulli,54,none,0.7,1.0,sae,none,,26,0.4514778882914045,0.5019692283600203,0.2989842997825733,0.9164596644571672
25,bernoulli,54,none,0.7,1.0,sae,none,,12,0.4214473959156811,0.5377498388136687,0.2518709773317476,0.9556111806424696
27,bernoulli,54,none,0.7,1.0,sae,none,,13,0.4310211638744168,0.5964178639885975,0.3094033112721095,0.9029749038603436
14,bernoulli,54,none,0.7,1.0,sae,none,,13,0.4300868692643845,0.6197165359619808,0.2865233246452666,0.9254175976167678
15,bernoulli,54,none,0.7,1.0,sae,none,,14,0.4207055696577558,0.5820062977957714,0.2570334135851485,0.9495338196159516
18,bernoulli,54,none,0.7,1.0,sae,none,,13,0.4228795947502679,0.6506142506142506,0.3072121996956842,0.9014867865383778
11,bernoulli,54,none,0.7,1.0,sae,none,,15,0.434870241367744,0.6208656077393209,0.3038735644260706,0.9001081379564226
6,bernoulli,54,none,0.7,1.0,sae,none,,24,0.4352639652259853,0.5873899590342543,0.2961286650028692,0.9217830024469617
30,bernoulli,54,none,0.7,1.0,sae,none,,13,0.4368655850183187,0.527398401065956,0.2919484108862508,0.9235622171132984
23,bernoulli,54,none,0.7,1.0,sae,none,,13,0.4341943722059291,0.5632365854785784,0.2934704490298034,0.926334976120313
31,bernoulli,54,none,0.7,1.0,sae,none,,14,0.437889419676511,0.5853932584269663,0.3209393694005081,0.8869311431375588
49,bernoulli,54,none,0.7,1.0,sae,none,,12,0.4581419335601573,0.5085075026795284,0.3008987890679995,0.9122585034013606
46,bernoulli,54,none,0.7,1.0,sae,none,,14,0.4353264391954677,0.6056744531460979,0.2881101177865334,0.9166890994580238
47,bernoulli,54,none,0.7,1.0,sae,none,,13,0.4447803831642123,0.5704880912445488,0.3123905586292595,0.8949147286821705
2,bernoulli,54,none,0.7,1.0,sae,none,,27,0.4312402931447789,0.5829380341880342,0.2774356636008929,0.9253384776859794
34,bernoulli,54,none,0.7,1.0,sae,none,,13,0.4260847602290382,0.602469166687514,0.2922246639055925,0.9305861926211528
43,bernoulli,54,none,0.7,1.0,sae,none,,14,0.4355562320268631,0.5836935391652373,0.247676858736439,0.9574209161144064
35,bernoulli,54,none,0.7,1.0,sae,none,,14,0.436066185337375,0.5541280331426317,0.2944607318878366,0.9141159188034188
45,bernoulli,54,none,0.7,1.0,sae,none,,12,0.4212799290572029,0.5915106871150826,0.3190490063533007,0.8953817767950705
4,bernoulli,54,none,0.7,1.0,sae,none,,17,0.4439717739289815,0.5700745723821443,0.2947026758139477,0.918120635563202
33,bernoulli,54,none,0.7,1.0,sae,none,,12,0.4439002783271946,0.5509537337662338,0.2993912968749214,0.9125560538116592
40,bernoulli,54,none,0.7,1.0,sae,none,,13,0.4484763936046704,0.5601864406779661,0.3013682273307854,0.9131109270276376
19,bernoulli,54,none,0.7,1.0,sae,none,,14,0.4351943261354761,0.5917259674091541,0.291305525607232,0.9158882775513189
9,bernoulli,54,none,0.7,1.0,sae,none,,13,0.4578619523403668,0.6041678629533926,0.3263909523585318,0.8904630869155635
39,bernoulli,54,none,0.7,1.0,sae,none,,15,0.4449653276051598,0.5754547377326567,0.3249879238746103,0.885954381752701
28,bernoulli,54,none,0.7,1.0,sae,none,,12,0.4455377444088058,0.5573577383109822,0.3366838083038264,0.8856033753574737
38,bernoulli,54,none,0.7,1.0,sae,none,,15,0.4280803100204913,0.5883335401671217,0.282503131135957,0.9211405727849088
8,bernoulli,54,none,0.7,1.0,sae,none,,12,0.4300014216100125,0.5924790069368382,0.3054250324898095,0.9068267839975056
17,bernoulli,54,none,0.7,1.0,sae,none,,13,0.4253982781456524,0.5891602542656407,0.3120764245888568,0.9058181019520452
44,bernoulli,54,none,0.7,1.0,sae,none,,12,0.4294460485221286,0.5991381872213968,0.2902045500308567,0.9196010907391527
32,bernoulli,54,none,0.7,1.0,sae,none,,12,0.4369582841480953,0.5741385003181045,0.2937259045316097,0.9198855006937362
0,bernoulli,54,none,0.7,1.0,sae,none,,21,0.4468830921534144,0.5566948563762248,0.3174772034180583,0.8896164064730034
24,bernoulli,54,none,0.7,1.0,sae,none,,12,0.4258439429088079,0.5838841634214661,0.306119013528012,0.8985571587125416
20,bernoulli,54,none,0.7,1.0,sae,none,,12,0.4071999227834752,0.5869850636699889,0.2645290710846176,0.9428695575649572
29,bernoulli,54,none,0.7,1.0,sae,none,,12,0.4407205403685204,0.6216495729754461,0.3236287735460806,0.9183586401159624
3,bernoulli,54,none,0.7,1.0,sae,none,,28,0.4547183206606142,0.5904674975869738,0.3432151361278842,0.8682457729468598
26,bernoulli,54,none,0.7,1.0,sae,none,,14,0.4383499710414995,0.6087417722896153,0.2997418937406254,0.9057429712451546
36,bernoulli,54,none,0.7,1.0,sae,none,,12,0.4469224371107525,0.5615822295658662,0.3351595765062122,0.880715118768177
16,bernoulli,54,none,0.7,1.0,sae,none,,18,0.4521036476048015,0.5754576807947595,0.3245328048573302,0.897999402806808
5,bernoulli,54,none,0.7,1.0,sae,none,,24,0.4384248019042945,0.6169526074401224,0.3040987954231259,0.9098102097681512
37,bernoulli,54,none,0.7,1.0,sae,none,,13,0.4344766408712275,0.5585780662727263,0.2603968072312421,0.9388950150195826
22,bernoulli,54,none,0.7,1.0,sae,none,,13,0.4246405273352046,0.6607637280634039,0.2973587211171539,0.906515760860926
48,bernoulli,54,none,0.7,1.0,sae,none,,13,0.4368615942168394,0.6009641560798549,0.3194170624231829,0.88795025728988
10,bernoulli,54,none,0.7,1.0,sae,none,,19,0.4425708127070056,0.6045607947523528,0.2922127442495935,0.9229954954954954
12,bernoulli,54,none,0.7,1.0,sae,none,,13,0.442378888312781,0.5570699742030587,0.3243340781203465,0.8880076904590244
42,bernoulli,54,none,0.7,1.0,sae,none,,14,0.4315780663358879,0.616265464494038,0.2996256290488071,0.91867420517863
21,bernoulli,54,none,0.7,1.0,sae,none,,13,0.4371348457994767,0.6063195548489667,0.30898127789398,0.8968896135860203
7,bernoulli,54,none,0.7,1.0,sae,none,,27,0.4521411540884591,0.5202677837372274,0.300632117815673,0.912239918881701
13,bernoulli,54,none,0.7,1.0,sae,none,,19,0.4367782224719576,0.5800110630594388,0.324118345869047,0.8916804082825416
1,bernoulli,54,none,0.7,1.0,sae,none,,25,0.4300711219764873,0.6300134138162307,0.3052147558120246,0.905123873873874
14,bernoulli,54,none,0.7,1.0,sae,none,,14,0.4319999545525597,0.6006608003492921,0.2879540480960583,0.9209305337755636
27,bernoulli,54,none,0.7,1.0,sae,none,,14,0.4324953928189391,0.5965202575402612,0.3031681521660507,0.907870864692657
41,bernoulli,54,none,0.7,1.0,sae,none,,12,0.4277840328567726,0.5944244048232504,0.2881686334401296,0.9337623248572912
15,bernoulli,54,none,0.7,1.0,sae,none,,15,0.4204124955700377,0.5286549707602339,0.2553137720372835,0.9492785531496692
25,bernoulli,54,none,0.7,1.0,sae,none,,13,0.4221553577354648,0.5404013539651837,0.2528603948579526,0.9563537755527745
23,bernoulli,54,none,0.7,1.0,sae,none,,14,0.4335495178755819,0.583502796136248,0.2850253836930744,0.9269065643735392
31,bernoulli,54,none,0.7,1.0,sae,none,,15,0.4385782986138793,0.5859870284096099,0.3213157410835678,0.8839299550596621
11,bernoulli,54,none,0.7,1.0,sae,none,,16,0.4360997749111974,0.632419028009282,0.300378666256498,0.9122103858454316
6,bernoulli,54,none,0.7,1.0,sae,none,,25,0.4372027443170143,0.5598034515819751,0.2928132852688318,0.928389798441008
30,bernoulli,54,none,0.7,1.0,sae,none,,14,0.4355692323155367,0.5355596269153897,0.2914408578853077,0.9184298440979956
18,bernoulli,54,none,0.7,1.0,sae,none,,14,0.4339001063020782,0.6352859057404512,0.3145992934470963,0.899952109364796
46,bernoulli,54,none,0.7,1.0,sae,none,,15,0.4371840494168318,0.5862054415338914,0.2907889078270571,0.9135126162018592
47,bernoulli,54,none,0.7,1.0,sae,none,,14,0.4453690978105337,0.5875440288493794,0.3119035154122831,0.8993116279069768
2,bernoulli,54,none,0.7,1.0,sae,none,,28,0.4320991290334193,0.5672649572649573,0.2762125074395659,0.9251391144755282
49,bernoulli,54,none,0.7,1.0,sae,none,,13,0.4582844043392924,0.5187131564844587,0.298538703635331,0.920721088435374
34,bernoulli,54,none,0.7,1.0,sae,none,,14,0.4257021139255053,0.6244214845020388,0.2940851683600373,0.9291959392243004
43,bernoulli,54,none,0.7,1.0,sae,none,,15,0.4378722684689546,0.5572555746140653,0.2554628488168222,0.9554181762550156
35,bernoulli,54,none,0.7,1.0,sae,none,,15,0.4347493349435467,0.5461567863483922,0.2899233269250358,0.9180755876068376
19,bernoulli,54,none,0.7,1.0,sae,none,,15,0.4359035143713408,0.5755526548486252,0.2926396365116682,0.9116063757837204
45,bernoulli,54,none,0.7,1.0,sae,none,,13,0.4216996287604098,0.591933341383891,0.323420944803744,0.8936670527302718
39,bernoulli,54,none,0.7,1.0,sae,none,,16,0.4443400623842707,0.5414507543711223,0.3206992024821852,0.8916059574514738
4,bernoulli,54,none,0.7,1.0,sae,none,,18,0.4438914832371706,0.5669717355027117,0.2951819681379813,0.9150845056168404
33,bernoulli,54,none,0.7,1.0,sae,none,,13,0.4443557734830236,0.5267451298701299,0.3001685404209817,0.9145624243718414
9,bernoulli,54,none,0.7,1.0,sae,none,,14,0.4585434601745933,0.5600344530577088,0.3254921849677947,0.8960223610491348
40,bernoulli,54,none,0.7,1.0,sae,none,,14,0.4508466167426234,0.5398686440677967,0.3034363391472938,0.9215553380023596
38,bernoulli,54,none,0.7,1.0,sae,none,,16,0.4298406501416966,0.6063384214445273,0.2850205608112229,0.927345222107707
28,bernoulli,54,none,0.7,1.0,sae,none,,13,0.4469298222399389,0.5695427405047595,0.3286789804338442,0.889283844201877
0,bernoulli,54,none,0.7,1.0,sae,none,,22,0.4470106339192516,0.5648802536275285,0.3130879950024445,0.9022857519267504
17,bernoulli,54,none,0.7,1.0,sae,none,,14,0.4254695206157809,0.5867291178766587,0.3111600280851103,0.8918232659795582
44,bernoulli,54,none,0.7,1.0,sae,none,,13,0.4297198716887536,0.6024028868605392,0.2921623193630854,0.9226818390116196
20,bernoulli,54,none,0.7,1.0,sae,none,,13,0.4112315297254628,0.5644888048112489,0.2653266268767,0.9419070248388444
32,bernoulli,54,none,0.7,1.0,sae,none,,13,0.4368440103795491,0.5633229446014834,0.2945451920343737,0.9201787519750694
3,bernoulli,54,none,0.7,1.0,sae,none,,29,0.4456180895928965,0.595419446892442,0.3352287934229117,0.8690609903381643
8,bernoulli,54,none,0.7,1.0,sae,none,,13,0.4272866191717783,0.6113225629791894,0.3058474907448001,0.9120754913084526
24,bernoulli,54,none,0.7,1.0,sae,none,,13,0.42710150315626,0.5367262758762041,0.3109815063198586,0.901053251489275
29,bernoulli,54,none,0.7,1.0,sae,none,,13,0.4321022672039303,0.6078665929540948,0.3044136601869677,0.9172432226825532
26,bernoulli,54,none,0.7,1.0,sae,none,,15,0.4400168808223936,0.5883470235181054,0.3039526636724824,0.9100351371093728
36,bernoulli,54,none,0.7,1.0,sae,none,,13,0.4470469677430927,0.5575913439756949,0.33449885133509,0.8689121159779736
22,bernoulli,54,none,0.7,1.0,sae,none,,14,0.4271009972648883,0.6162678194637434,0.2985862176644747,0.9062773212100016
16,bernoulli,54,none,0.7,1.0,sae,none,,19,0.4495998756074648,0.5334096134657932,0.3163250241983787,0.891367240635679
5,bernoulli,54,none,0.7,1.0,sae,none,,25,0.43899529237982,0.6259177472019326,0.3040180554698395,0.9142079806529624
37,bernoulli,54,none,0.7,1.0,sae,none,,14,0.4347515628319367,0.5804091980783079,0.2603718989357442,0.9462771533952948
48,bernoulli,54,none,0.7,1.0,sae,none,,14,0.4374882832729336,0.6090687386569873,0.3202293218217242,0.8889181573143838
10,bernoulli,54,none,0.7,1.0,sae,none,,20,0.443388664857765,0.5973714231390815,0.2933887141930845,0.9286801801801802
7,bernoulli,54,none,0.7,1.0,sae,none,,28,0.4523968107104769,0.5144109932271073,0.2997421174504296,0.9138162351722214
42,bernoulli,54,none,0.7,1.0,sae,none,,15,0.4323902611345491,0.5996567269473647,0.3002351534632592,0.9079855420809206
12,bernoulli,54,none,0.7,1.0,sae,none,,14,0.4413934047484103,0.5586995577667219,0.3232537466327712,0.8794791685923625
21,bernoulli,54,none,0.7,1.0,sae,none,,14,0.4381522527699692,0.5877671789436496,0.3066551302255081,0.9012685618180328
14,bernoulli,54,none,0.7,1.0,sae,none,,15,0.431840392960606,0.6338729449696888,0.2884709775431834,0.91921897334129
15,bernoulli,54,none,0.7,1.0,sae,none,,16,0.4225981483786296,0.552676563202879,0.2561166212657867,0.9510207467820472
13,bernoulli,54,none,0.7,1.0,sae,none,,20,0.4374036512549094,0.5725334406114855,0.3185491171980747,0.8965151957919345
31,bernoulli,54,none,0.7,1.0,sae,none,,16,0.4397993800548349,0.5495980633963643,0.3209885812500606,0.8872565731701018
23,bernoulli,54,none,0.7,1.0,sae,none,,15,0.434811403069998,0.5889679715302492,0.2919093240899282,0.921578091657352
27,bernoulli,54,none,0.7,1.0,sae,none,,15,0.4323160919121855,0.5888325496813513,0.3059117590232525,0.9070939347378836
6,bernoulli,54,none,0.7,1.0,sae,none,,26,0.4349874144958747,0.6195360847206485,0.2973143689247396,0.9240432885144167
11,bernoulli,54,none,0.7,1.0,sae,none,,17,0.4360733955250122,0.619329509429029,0.3054741827245091,0.904753468467432
30,bernoulli,54,none,0.7,1.0,sae,none,,15,0.4360674667775383,0.5296098897031608,0.2924754758481909,0.9163373805589482
1,bernoulli,54,none,0.7,1.0,sae,none,,26,0.4311431503611799,0.6303319919517102,0.3086984794696955,0.9037622850122852
25,bernoulli,54,none,0.7,1.0,sae,none,,14,0.4244893273695753,0.5295938104448742,0.252153553456501,0.958264497288277
18,bernoulli,54,none,0.7,1.0,sae,none,,15,0.4245665485644475,0.6297185615367432,0.3113989985071981,0.9045806304149072
41,bernoulli,54,none,0.7,1.0,sae,none,,13,0.4286363402096058,0.5687673915283933,0.2945116360353907,0.9267151011935651
46,bernoulli,54,none,0.7,1.0,sae,none,,16,0.4371258804982202,0.574466648663246,0.2960475130642569,0.9152870499982052
47,bernoulli,54,none,0.7,1.0,sae,none,,15,0.4453640790816101,0.5357210248238846,0.3156908920172313,0.8846263565891473
2,bernoulli,54,none,0.7,1.0,sae,none,,29,0.4320022311130942,0.5860897435897436,0.2773426082748768,0.924816615164504
34,bernoulli,54,none,0.7,1.0,sae,none,,15,0.4259766996261886,0.6244840267180347,0.2903595383666276,0.9303946465975864
49,bernoulli,54,none,0.7,1.0,sae,none,,14,0.4588022560635783,0.5259579314040729,0.3012040374642302,0.9190385487528344
43,bernoulli,54,none,0.7,1.0,sae,none,,16,0.4370934777526596,0.5875471698113208,0.2530632550083918,0.9549870308686188
35,bernoulli,54,none,0.7,1.0,sae,none,,16,0.435213020908767,0.581716068258039,0.2913398216970462,0.9160924145299146
19,bernoulli,54,none,0.7,1.0,sae,none,,16,0.4364409059339467,0.5900290538548992,0.2955937343217914,0.9138364377501964
39,bernoulli,54,none,0.7,1.0,sae,none,,17,0.44469537973292,0.5397675197405527,0.3251025322422124,0.8821556019668141
45,bernoulli,54,none,0.7,1.0,sae,none,,14,0.4204032977139539,0.596407438715131,0.3188280856098131,0.8981694568536317
4,bernoulli,54,none,0.7,1.0,sae,none,,19,0.4442154102555468,0.5621088861076345,0.2927978271341866,0.9245673514826436
38,bernoulli,54,none,0.7,1.0,sae,none,,17,0.4302314090158952,0.6325546041201291,0.2839038204662311,0.9230092549215568
33,bernoulli,54,none,0.7,1.0,sae,none,,14,0.4444673281066675,0.5581290584415584,0.2980534604046236,0.9215113175314968
9,bernoulli,54,none,0.7,1.0,sae,none,,15,0.4587211828249809,0.6034500909177911,0.3235830716554413,0.8943118151618821
40,bernoulli,54,none,0.7,1.0,sae,none,,15,0.4521176881818535,0.5581101694915254,0.3062772115957454,0.918081180811808
17,bernoulli,54,none,0.7,1.0,sae,none,,15,0.4277218159264498,0.6001338240214118,0.3080962673935258,0.8938803059847007
0,bernoulli,54,none,0.7,1.0,sae,none,,23,0.4486623386470235,0.5474872826876852,0.3207958691364617,0.8923918055464066
3,bernoulli,54,none,0.7,1.0,sae,none,,30,0.4485970050636537,0.5566221830542616,0.3369681605153737,0.8622886473429952
44,bernoulli,54,none,0.7,1.0,sae,none,,14,0.4304469592884423,0.5893695606028444,0.2920132632607315,0.9174005562588192
28,bernoulli,54,none,0.7,1.0,sae,none,,14,0.4493413177462609,0.5582590946376451,0.3372902359597342,0.8722006283481694
32,bernoulli,54,none,0.7,1.0,sae,none,,14,0.4374179763197786,0.5779195155146448,0.293240764223697,0.9182748070888026
20,bernoulli,54,none,0.7,1.0,sae,none,,14,0.4104218848940759,0.5449078126323517,0.2635756140294268,0.9426825512067412
29,bernoulli,54,none,0.7,1.0,sae,none,,14,0.4334820268363399,0.5854906969650755,0.3060331949308347,0.9059502636908496
26,bernoulli,54,none,0.7,1.0,sae,none,,16,0.4403530654739452,0.5884150211245898,0.2980145618125948,0.91913666149474
24,bernoulli,54,none,0.7,1.0,sae,none,,14,0.4285654329408465,0.5554331488693038,0.3065701907959582,0.9015266483952072
8,bernoulli,54,none,0.7,1.0,sae,none,,14,0.4333785442309694,0.548959474260679,0.3106401051623011,0.910585759200395
22,bernoulli,54,none,0.7,1.0,sae,none,,15,0.4285693271477587,0.6554166023364727,0.2981686389621356,0.9124767521340348
36,bernoulli,54,none,0.7,1.0,sae,none,,14,0.4477032016012127,0.5665125389760947,0.3344667865767184,0.8738429514150317
5,bernoulli,54,none,0.7,1.0,sae,none,,26,0.4486184795051396,0.6171177547515241,0.3139425124418139,0.908154145418222
10,bernoulli,54,none,0.7,1.0,sae,none,,21,0.4437494284666437,0.5893026903698071,0.2938974284460949,0.9268558558558558
16,bernoulli,54,none,0.7,1.0,sae,none,,20,0.4495647590566659,0.5627684265324715,0.3184184271217093,0.8955575461995289
42,bernoulli,54,none,0.7,1.0,sae,none,,16,0.4329023433215208,0.6035110208716898,0.3011841985454681,0.9080151316508248
7,bernoulli,54,none,0.7,1.0,sae,none,,29,0.4525538659833523,0.5230160905140351,0.2977549912284984,0.9184964776415476
37,bernoulli,54,none,0.7,1.0,sae,none,,15,0.435117261636421,0.5708204677958746,0.2650741306569502,0.9412144948477128
48,bernoulli,54,none,0.7,1.0,sae,none,,15,0.4381599047493235,0.5901259074410163,0.3204529617117945,0.8854202401372213
15,bernoulli,54,none,0.7,1.0,sae,none,,17,0.4199428464399016,0.5459739091318039,0.2580438500647739,0.949067958314986
31,bernoulli,54,none,0.7,1.0,sae,none,,17,0.4408596164960265,0.5701516397186445,0.3216723558786694,0.8925512681440158
14,bernoulli,54,none,0.7,1.0,sae,none,,16,0.4325016633867239,0.6031629414431814,0.2870355238619665,0.9269626278466256
27,bernoulli,54,none,0.7,1.0,sae,none,,16,0.4324980629894121,0.6138206720293583,0.3033172165122527,0.9093205552227924
23,bernoulli,54,none,0.7,1.0,sae,none,,16,0.4354093360131685,0.5867553265240097,0.2910879544486405,0.9224989838431052
12,bernoulli,54,none,0.7,1.0,sae,none,,15,0.4419161627938821,0.5631103740556477,0.3248171512049801,0.8889874845174053
21,bernoulli,54,none,0.7,1.0,sae,none,,15,0.4382129377958846,0.6088588588588588,0.3091480732970806,0.8939771515300681
11,bernoulli,54,none,0.7,1.0,sae,none,,18,0.4376995278818915,0.6053452952903879,0.3025654844662064,0.9100683339852288
6,bernoulli,54,none,0.7,1.0,sae,none,,27,0.4372557912173662,0.6079164124466138,0.2959059031334714,0.9275901213390176
18,bernoulli,54,none,0.7,1.0,sae,none,,16,0.4254293650071712,0.6407639044002682,0.3117906745594259,0.9029724846532284
47,bernoulli,54,none,0.7,1.0,sae,none,,16,0.4460008554557328,0.5463822962093257,0.3144722216002359,0.8872868217054264
30,bernoulli,54,none,0.7,1.0,sae,none,,16,0.4365774031698289,0.5367902879561774,0.2910583387941197,0.9249541992959264
13,bernoulli,54,none,0.7,1.0,sae,none,,21,0.4375819742516677,0.5666499044553958,0.3213747600137592,0.8919074058612341
1,bernoulli,54,none,0.7,1.0,sae,none,,27,0.4305180931542513,0.6191594008495418,0.3049324958001294,0.9049293611793612
46,bernoulli,54,none,0.7,1.0,sae,none,,17,0.4361713363368094,0.6279241493383743,0.2890331279162816,0.9264653099314456
34,bernoulli,54,none,0.7,1.0,sae,none,,16,0.4279475791182103,0.6196057338703624,0.2892148157858909,0.9333481627028998
2,bernoulli,54,none,0.7,1.0,sae,none,,30,0.4332315461421387,0.5698450854700854,0.2814985475087679,0.9226177562257026
25,bernoulli,54,none,0.7,1.0,sae,none,,15,0.4244075102284948,0.5618310767246937,0.2496658714962542,0.9601418439716312
43,bernoulli,54,none,0.7,1.0,sae,none,,17,0.4384313785237114,0.5383647798742138,0.2515915486641366,0.955508577707002
41,bernoulli,54,none,0.7,1.0,sae,none,,14,0.431080502219754,0.5653921467587344,0.2929022395613263,0.9318318629994812
35,bernoulli,54,none,0.7,1.0,sae,none,,17,0.4360747452862273,0.5607614914184258,0.2923414508152173,0.9121127136752136
49,bernoulli,54,none,0.7,1.0,sae,none,,15,0.4578453865868225,0.4896402733118971,0.3057442946755573,0.9101451247165532
19,bernoulli,54,none,0.7,1.0,sae,none,,17,0.437654672256889,0.5765463809002483,0.2903907262326265,0.9200376551446798
39,bernoulli,54,none,0.7,1.0,sae,none,,18,0.4460052823397519,0.5577014593908629,0.3114650874963099,0.9078974055375576
38,bernoulli,54,none,0.7,1.0,sae,none,,18,0.4303908746690592,0.5871701001075535,0.2842915763686177,0.9225668092903172
45,bernoulli,54,none,0.7,1.0,sae,none,,15,0.421508453218761,0.6116169544740974,0.3210299412238276,0.900510907550301
4,bernoulli,54,none,0.7,1.0,sae,none,,20,0.4449433586955545,0.550557989153108,0.2946374418433962,0.925346624835543
9,bernoulli,54,none,0.7,1.0,sae,none,,16,0.4591148353384116,0.5934969853574504,0.3223756197856493,0.8961649065397391
40,bernoulli,54,none,0.7,1.0,sae,none,,16,0.4503707047595652,0.5657033898305085,0.3030943053720587,0.9219318723799482
33,bernoulli,54,none,0.7,1.0,sae,none,,15,0.4444979529489211,0.561875,0.3002135381086385,0.9089837354971884
26,bernoulli,54,none,0.7,1.0,sae,none,,17,0.4403229476252353,0.6105822408384558,0.3059146938259495,0.903674200617432
17,bernoulli,54,none,0.7,1.0,sae,none,,16,0.4267835281969346,0.596554031448645,0.3139298865997364,0.9064957466412392
44,bernoulli,54,none,0.7,1.0,sae,none,,15,0.4310865686861682,0.5963234981957122,0.2921923713482001,0.91723721761698
0,bernoulli,54,none,0.7,1.0,sae,none,,24,0.4482923824487659,0.5691007243078349,0.3179495578381864,0.903721757459983
22,bernoulli,54,none,0.7,1.0,sae,none,,16,0.4283523450181005,0.6244197416499407,0.2976674245503963,0.9110090236161228
28,bernoulli,54,none,0.7,1.0,sae,none,,15,0.4501132517931165,0.5454207283340646,0.3276698497956838,0.8937447134168447
20,bernoulli,54,none,0.7,1.0,sae,none,,15,0.4249481660424724,0.5766863370697688,0.2689730212330196,0.9331067256286714
32,bernoulli,54,none,0.7,1.0,sae,none,,15,0.4384246659524649,0.5600009663936605,0.2935240251741823,0.9206164404546708
29,bernoulli,54,none,0.7,1.0,sae,none,,15,0.4420799245831767,0.5719984367851151,0.3140443787162631,0.918189014423324
24,bernoulli,54,none,0.7,1.0,sae,none,,15,0.4288668511922101,0.5784655325544852,0.3100062889376426,0.8894516297084872
8,bernoulli,54,none,0.7,1.0,sae,none,,15,0.4310342145170824,0.5823840817816721,0.3045884851814932,0.9168781451103007
10,bernoulli,54,none,0.7,1.0,sae,none,,22,0.4431302322918129,0.6173234147732675,0.2900412459885324,0.9153198198198198
42,bernoulli,54,none,0.7,1.0,sae,none,,17,0.4335257158945661,0.6031453791489582,0.3016031603504666,0.9148047998834626
15,bernoulli,54,none,0.7,1.0,sae,none,,18,0.4206762767502372,0.5274104063577747,0.2593512420804,0.9457941658849132
7,bernoulli,54,none,0.7,1.0,sae,none,,30,0.4517288898027988,0.5331206201307599,0.2977050545998855,0.9205598579544196
14,bernoulli,54,none,0.7,1.0,sae,none,,17,0.4333536497115787,0.6043888226502544,0.2858242415121226,0.9242888928979494
31,bernoulli,54,none,0.7,1.0,sae,none,,18,0.4399821001172392,0.5667443135105508,0.3195416315905839,0.8853685624257451
36,bernoulli,54,none,0.7,1.0,sae,none,,15,0.4478009447788479,0.5772326306531994,0.3374619934969838,0.8710748925993179
5,bernoulli,54,none,0.7,1.0,sae,none,,27,0.4391820622622289,0.6277673970896325,0.304676129055584,0.903511907891278
23,bernoulli,54,none,0.7,1.0,sae,none,,17,0.4346997357640803,0.574502010445071,0.2914422383725952,0.9189741896148764
27,bernoulli,54,none,0.7,1.0,sae,none,,17,0.4346466854578167,0.5692835727977196,0.2999088466762814,0.9116817278227732
16,bernoulli,54,none,0.7,1.0,sae,none,,21,0.4503019128067117,0.5575896924211531,0.3179183549802821,0.887886931422315
11,bernoulli,54,none,0.7,1.0,sae,none,,19,0.436987645002949,0.6137162140079093,0.3035192221842003,0.9098129443434646
37,bernoulli,54,none,0.7,1.0,sae,none,,16,0.436164520655362,0.5621442452820882,0.2642882031476352,0.9348943197188376
6,bernoulli,54,none,0.7,1.0,sae,none,,28,0.4381337174216311,0.5736838664691013,0.2964133010331252,0.924822784490805
47,bernoulli,54,none,0.7,1.0,sae,none,,17,0.4468418929367378,0.5721444146259644,0.3144750646673455,0.8869519379844962
18,bernoulli,54,none,0.7,1.0,sae,none,,17,0.4356967514198462,0.649821308912218,0.3143792035900616,0.9044364142975316
48,bernoulli,54,none,0.7,1.0,sae,none,,16,0.4392216899533232,0.5788339382940109,0.3195060953251331,0.8902229845626072
30,bernoulli,54,none,0.7,1.0,sae,none,,17,0.4379715932263164,0.4907746687393589,0.2916432723245301,0.919687118327466
46,bernoulli,54,none,0.7,1.0,sae,none,,18,0.4382415175490185,0.5756607817985417,0.2912781318699828,0.9238137539930368
34,bernoulli,54,none,0.7,1.0,sae,none,,17,0.4278897390866611,0.5938946288744903,0.290333235834717,0.9261991707910852
12,bernoulli,54,none,0.7,1.0,sae,none,,16,0.4421334311113079,0.5731239635157546,0.3257466931391142,0.8875824968110476
43,bernoulli,54,none,0.7,1.0,sae,none,,18,0.4385515926201254,0.56147512864494,0.2503566730827004,0.9575565182923862
21,bernoulli,54,none,0.7,1.0,sae,none,,16,0.4396552405218674,0.6091679915209327,0.3114792604124572,0.9022940766264664
35,bernoulli,54,none,0.7,1.0,sae,none,,18,0.4373885932493336,0.5597381140264353,0.2917870403710901,0.9193376068376068
13,bernoulli,54,none,0.7,1.0,sae,none,,22,0.4379485419541664,0.5781504576083677,0.321669518519065,0.8956176421474492
1,bernoulli,54,none,0.7,1.0,sae,none,,28,0.4318758293508248,0.625508607198748,0.3067786519598358,0.9154381654381654
25,bernoulli,54,none,0.7,1.0,sae,none,,16,0.4245289751875734,0.536057382333978,0.2545106882556471,0.9552523988318732
19,bernoulli,54,none,0.7,1.0,sae,none,,18,0.4376518122357136,0.5786643648153607,0.2942358209942027,0.9141060558977828
41,bernoulli,54,none,0.7,1.0,sae,none,,15,0.4278695054176491,0.6150932701226425,0.2870673843091182,0.9190399584846912
39,bernoulli,54,none,0.7,1.0,sae,none,,19,0.4453765588829987,0.59326529892837,0.321073314731146,0.8858228222795967
49,bernoulli,54,none,0.7,1.0,sae,none,,16,0.4581784253890165,0.5108755359056807,0.3015408152358758,0.919718820861678
38,bernoulli,54,none,0.7,1.0,sae,none,,19,0.4303197370874967,0.6155735500951436,0.2858038954942155,0.9276939733699782
26,bernoulli,54,none,0.7,1.0,sae,none,,18,0.4412992229509287,0.6075359480679614,0.2980877299574192,0.9203949858971692
22,bernoulli,54,none,0.7,1.0,sae,none,,17,0.4303343325902997,0.6010241366887963,0.2967949684083836,0.9133934201253662
45,bernoulli,54,none,0.7,1.0,sae,none,,16,0.435266104893773,0.5822122932013041,0.3334766343165724,0.8943790141840771
4,bernoulli,54,none,0.7,1.0,sae,none,,21,0.4451265448757959,0.5833941732721457,0.2947073781700805,0.917761360186216
40,bernoulli,54,none,0.7,1.0,sae,none,,17,0.451802807524411,0.5654872881355932,0.302204874953429,0.9140798754926326
9,bernoulli,54,none,0.7,1.0,sae,none,,17,0.4584710192501666,0.61532204038664,0.3274091109070448,0.8872093311517675
15,bernoulli,54,none,0.7,1.0,sae,none,,19,0.4215714280785714,0.53411306042885,0.2565403967569789,0.9486850586155624
33,bernoulli,54,none,0.7,1.0,sae,none,,16,0.4453590937548877,0.5523579545454546,0.2988727760615105,0.910656452416542
17,bernoulli,54,none,0.7,1.0,sae,none,,17,0.4280863667898517,0.5968495594959295,0.3104268807879172,0.9041922903854808
31,bernoulli,54,none,0.7,1.0,sae,none,,19,0.4411317765279388,0.564017539051795,0.3192135054110342,0.879038173459373
42,bernoulli,54,none,0.7,1.0,sae,none,,18,0.4340048894145328,0.6134005540547516,0.299111425210518,0.917044502713136
27,bernoulli,54,none,0.7,1.0,sae,none,,18,0.434965661052789,0.5703648487032881,0.3015482400082205,0.908339626900006
44,bernoulli,54,none,0.7,1.0,sae,none,,16,0.4320668148971432,0.6071577159838675,0.2933248263357336,0.9243560600904714
29,bernoulli,54,none,0.7,1.0,sae,none,,16,0.4360457672160839,0.5495176910172335,0.3051281212784188,0.912054218539574
32,bernoulli,54,none,0.7,1.0,sae,none,,16,0.4385344333308875,0.5924758200252873,0.2939493806373714,0.9253259684951832
14,bernoulli,54,none,0.7,1.0,sae,none,,18,0.433095611494498,0.614027943374364,0.2848381986092774,0.9334295507847736
10,bernoulli,54,none,0.7,1.0,sae,none,,23,0.443591842539772,0.6040102037582786,0.2884666642626154,0.9240585585585586
0,bernoulli,54,none,0.7,1.0,sae,none,,25,0.4482060669284954,0.5412544021465705,0.3124876735163529,0.9089168478141536
11,bernoulli,54,none,0.7,1.0,sae,none,,20,0.4373370957217579,0.6128746282315259,0.3006112621562807,0.9061661643236776
23,bernoulli,54,none,0.7,1.0,sae,none,,18,0.4352153662586127,0.5626819799417665,0.2907161067369693,0.921514581851438
20,bernoulli,54,none,0.7,1.0,sae,none,,16,0.4138792100125976,0.5740675381878759,0.2639682658062235,0.9424020416694168
24,bernoulli,54,none,0.7,1.0,sae,none,,16,0.4292796019532014,0.5608304297328687,0.3105214546403851,0.8905048811977622
47,bernoulli,54,none,0.7,1.0,sae,none,,18,0.4468138799684734,0.5734600385776585,0.3166663901846498,0.8921364341085272
28,bernoulli,54,none,0.7,1.0,sae,none,,16,0.4433282345494119,0.5554548749546937,0.3222921649523785,0.8858148386836912
6,bernoulli,54,none,0.7,1.0,sae,none,,29,0.4376258839290771,0.5844918504314478,0.2956532006593852,0.9267879215963272
18,bernoulli,54,none,0.7,1.0,sae,none,,18,0.4268708417642453,0.6550536073263348,0.3076747779827413,0.9102649222865602
8,bernoulli,54,none,0.7,1.0,sae,none,,16,0.4309087909986251,0.5969012413289522,0.3062099542515635,0.9061988445914928
43,bernoulli,54,none,0.7,1.0,sae,none,,19,0.4387272413442707,0.5540880503144654,0.2462350046365345,0.958095450025382
35,bernoulli,54,none,0.7,1.0,sae,none,,19,0.4376273651015553,0.5662174492010259,0.2930738387774942,0.9151041666666668
30,bernoulli,54,none,0.7,1.0,sae,none,,18,0.4380032846183942,0.5476811755126212,0.292590100052238,0.92189632875925
46,bernoulli,54,none,0.7,1.0,sae,none,,19,0.4380841272582886,0.6176959559816364,0.2909337895174176,0.9228222246150534
36,bernoulli,54,none,0.7,1.0,sae,none,,16,0.4472083009191271,0.5851011379687125,0.3335944347687243,0.8666090910433
5,bernoulli,54,none,0.7,1.0,sae,none,,28,0.4398025649253555,0.6173867089443783,0.3054825362584835,0.910709216129541
16,bernoulli,54,none,0.7,1.0,sae,none,,22,0.4502019654152707,0.5617977528089888,0.3175263417760661,0.8918416774493215
34,bernoulli,54,none,0.7,1.0,sae,none,,18,0.429308238412762,0.5949453381032196,0.2905441792202253,0.932983607367725
37,bernoulli,54,none,0.7,1.0,sae,none,,17,0.4360272106715437,0.5542128264064952,0.2660163212793679,0.9357118412976048
19,bernoulli,54,none,0.7,1.0,sae,none,,19,0.4371624734517219,0.588866899658933,0.2926359066101875,0.9102948434386824
48,bernoulli,54,none,0.7,1.0,sae,none,,17,0.4391442633415179,0.5948105716878402,0.3199561043710652,0.8920730213183043
39,bernoulli,54,none,0.7,1.0,sae,none,,20,0.4464906032925493,0.5473641074450085,0.3219701973402075,0.8871000454976511
12,bernoulli,54,none,0.7,1.0,sae,none,,17,0.4426361604838605,0.5640777593513913,0.325769644697486,0.871135513529169
13,bernoulli,54,none,0.7,1.0,sae,none,,23,0.4380797223735735,0.5797495725636126,0.320563450644354,0.8886929114135428
1,bernoulli,54,none,0.7,1.0,sae,none,,29,0.4309080648016775,0.6207970042477085,0.3063522489311087,0.9105395167895168
21,bernoulli,54,none,0.7,1.0,sae,none,,17,0.440010615757196,0.5826046634870164,0.30981097809366,0.8966793830502913
25,bernoulli,54,none,0.7,1.0,sae,none,,17,0.4242313769517932,0.5760315925209543,0.2513978442961527,0.9594409678765125
41,bernoulli,54,none,0.7,1.0,sae,none,,16,0.4305680183004967,0.5711584046171287,0.2869926396972948,0.928977685521536
49,bernoulli,54,none,0.7,1.0,sae,none,,17,0.4588176343261883,0.5464194801714899,0.3015688702794972,0.912063492063492
15,bernoulli,54,none,0.7,1.0,sae,none,,20,0.4214353036111857,0.5823211875843455,0.2581262413438408,0.9501081691650872
38,bernoulli,54,none,0.7,1.0,sae,none,,20,0.431012918430257,0.6076569868453711,0.2827838556526054,0.9221139531736364
22,bernoulli,54,none,0.7,1.0,sae,none,,18,0.4297516168094599,0.6150326797385621,0.3003208922762653,0.9043539080258788
26,bernoulli,54,none,0.7,1.0,sae,none,,19,0.4425355592815108,0.5892808573138226,0.3078892912178798,0.8990781174187288
31,bernoulli,54,none,0.7,1.0,sae,none,,20,0.441002314918307,0.5740842239883074,0.3173737627353117,0.892287824784338
27,bernoulli,54,none,0.7,1.0,sae,none,,19,0.435001562214381,0.5916790904176018,0.3049170045417261,0.9117034297768172
11,bernoulli,54,none,0.7,1.0,sae,none,,21,0.4385009452990148,0.5895063241494265,0.3019973766871382,0.908878816464579
47,bernoulli,54,none,0.7,1.0,sae,none,,19,0.4475677336147227,0.5570645337135189,0.3178508535290261,0.8896992248062014
42,bernoulli,54,none,0.7,1.0,sae,none,,19,0.4335634547466815,0.6067673830376653,0.2997285329912297,0.9110810663170544
4,bernoulli,54,none,0.7,1.0,sae,none,,22,0.4446736320590376,0.5917900848282576,0.2942793839261706,0.9212124278919138
40,bernoulli,54,none,0.7,1.0,sae,none,,18,0.4499065606805812,0.5658050847457627,0.3008823224956803,0.9136129728644226
9,bernoulli,54,none,0.7,1.0,sae,none,,18,0.4592135891879099,0.5893626184323859,0.3245717734950045,0.8930908820467053
23,bernoulli,54,none,0.7,1.0,sae,none,,19,0.4364227588452452,0.5947393353976984,0.2916122950669476,0.9260428310131084
33,bernoulli,54,none,0.7,1.0,sae,none,,17,0.4458018508681035,0.558400974025974,0.2980161493545085,0.9163908463235816
45,bernoulli,54,none,0.7,1.0,sae,none,,17,0.4324929982649459,0.6001750996256491,0.329863947164602,0.8947450225370897
10,bernoulli,54,none,0.7,1.0,sae,none,,24,0.4443001533603339,0.6143724054884812,0.297937512113084,0.9210405405405404
14,bernoulli,54,none,0.7,1.0,sae,none,,19,0.4342055600892269,0.6048506272145627,0.2864154682455295,0.9229797804576806
6,bernoulli,54,none,0.7,1.0,sae,none,,30,0.4373803315667635,0.587248322147651,0.2973659120640628,0.9195731691935116
43,bernoulli,54,none,0.7,1.0,sae,none,,20,0.4390658388655698,0.5526586620926244,0.2490978877655079,0.9560231705875398
35,bernoulli,54,none,0.7,1.0,sae,none,,20,0.437460454788439,0.5553610179522588,0.2957536576102121,0.9080929487179484
17,bernoulli,54,none,0.7,1.0,sae,none,,18,0.4281092529463774,0.5954109512657522,0.3120722823845419,0.9047199425742998
18,bernoulli,54,none,0.7,1.0,sae,none,,19,0.4267534303767522,0.6460855483582756,0.3074232428591784,0.9054214375897948
44,bernoulli,54,none,0.7,1.0,sae,none,,17,0.4331694580424598,0.5920144343026957,0.2910744396404182,0.9195375701562152
29,bernoulli,54,none,0.7,1.0,sae,none,,17,0.4348193708652542,0.5981155635199024,0.3041924342689339,0.906346056973672
20,bernoulli,54,none,0.7,1.0,sae,none,,17,0.4132163020193228,0.5625970579100432,0.2657132142508822,0.9418685235298
32,bernoulli,54,none,0.7,1.0,sae,none,,17,0.4391962105726096,0.576022967955997,0.2934390933731905,0.918708118683608
30,bernoulli,54,none,0.7,1.0,sae,none,,19,0.4380961171641425,0.5308174180176178,0.2916255933360683,0.9229919534449312
0,bernoulli,54,none,0.7,1.0,sae,none,,26,0.4494550332331087,0.5373254114659447,0.3195818616148489,0.9009463583865798
46,bernoulli,54,none,0.7,1.0,sae,none,,20,0.4384419824774846,0.5915558331082906,0.2919519198920796,0.9284259358960554
24,bernoulli,54,none,0.7,1.0,sae,none,,17,0.4315204884702957,0.5791401926624308,0.3121994480599822,0.8971437631656437
19,bernoulli,54,none,0.7,1.0,sae,none,,20,0.4388784253490071,0.581304475977936,0.2938241804081796,0.9164229440473796
34,bernoulli,54,none,0.7,1.0,sae,none,,19,0.4297555696149813,0.6089235233782804,0.2900344385876684,0.9326406781965014
28,bernoulli,54,none,0.7,1.0,sae,none,,17,0.4439617048225335,0.549126304343679,0.320915631270705,0.8908748539896082
39,bernoulli,54,none,0.7,1.0,sae,none,,21,0.4469085500700787,0.5270595389170896,0.3214866239485289,0.8832793391329133
8,bernoulli,54,none,0.7,1.0,sae,none,,17,0.4323664125679876,0.6015425337714495,0.3144980451829378,0.905133512909568
5,bernoulli,54,none,0.7,1.0,sae,none,,29,0.439747232990115,0.6247192495706169,0.3079849587853421,0.9044161715998108
36,bernoulli,54,none,0.7,1.0,sae,none,,17,0.4543556568955594,0.5734682727926872,0.3434323555523735,0.8664688427299703
16,bernoulli,54,none,0.7,1.0,sae,none,,23,0.4515016514789122,0.5324552080170057,0.31668889407944,0.8964500182475699
37,bernoulli,54,none,0.7,1.0,sae,none,,18,0.4383226222130481,0.558356104923596,0.2696656569235852,0.943897921159414
48,bernoulli,54,none,0.7,1.0,sae,none,,18,0.4394108052539511,0.5930921052631579,0.320511291038703,0.8906579269786816
12,bernoulli,54,none,0.7,1.0,sae,none,,18,0.4425181840673302,0.5701872581536761,0.32256028547083,0.8729718571102852
13,bernoulli,54,none,0.7,1.0,sae,none,,24,0.4394127212600253,0.5709544403097656,0.321744983765151,0.8845704266510812
1,bernoulli,54,none,0.7,1.0,sae,none,,30,0.4312521277941856,0.6365302928683211,0.304133584180852,0.915970515970516
15,bernoulli,54,none,0.7,1.0,sae,none,,21,0.422950909156918,0.567881241565452,0.2608624727351403,0.9483404488860808
21,bernoulli,54,none,0.7,1.0,sae,none,,18,0.440108645339238,0.5939851616322205,0.3118682555384857,0.8920543112642547
25,bernoulli,54,none,0.7,1.0,sae,none,,18,0.4266269753882888,0.5367504835589942,0.2504256171950551,0.956545682102628
22,bernoulli,54,none,0.7,1.0,sae,none,,19,0.4314546141133365,0.6136585867942977,0.2988792575148436,0.909509503144754
26,bernoulli,54,none,0.7,1.0,sae,none,,20,0.4417482587135594,0.6057725434731365,0.3048798125349758,0.9006776823370709
38,bernoulli,54,none,0.7,1.0,sae,none,,21,0.4313566559743765,0.6172127078679572,0.2862587609262221,0.92448754385417
41,bernoulli,54,none,0.7,1.0,sae,none,,17,0.4321419061979079,0.5704936617540968,0.2957674624196394,0.9309963674104826
27,bernoulli,54,none,0.7,1.0,sae,none,,20,0.4351306003702195,0.6035157849899245,0.3017118721468945,0.9117772164205664
31,bernoulli,54,none,0.7,1.0,sae,none,,21,0.4503798365231357,0.5669041746597241,0.3275711062093577,0.8890903455757011
11,bernoulli,54,none,0.7,1.0,sae,none,,22,0.438404867517161,0.621376278720136,0.3044783045238531,0.9037434139382924
49,bernoulli,54,none,0.7,1.0,sae,none,,18,0.4593847273750376,0.5265675241157556,0.2998468698654352,0.9097369614512472
47,bernoulli,54,none,0.7,1.0,sae,none,,20,0.4475432288212414,0.5538881667225763,0.3184580971642383,0.8909271317829457
42,bernoulli,54,none,0.7,1.0,sae,none,,20,0.4350471880409899,0.5859903298518506,0.2986840792274673,0.908977930733093
23,bernoulli,54,none,0.7,1.0,sae,none,,20,0.4361877516136203,0.581746545269677,0.2926377142816885,0.922397368153643
10,bernoulli,54,none,0.7,1.0,sae,none,,25,0.4440772005422341,0.6093537091612004,0.2905646292218076,0.932072072072072
14,bernoulli,54,none,0.7,1.0,sae,none,,20,0.4346872065342256,0.599556667618264,0.2906601802493351,0.9236829079874362
43,bernoulli,54,none,0.7,1.0,sae,none,,21,0.4397241561944447,0.5559405374499714,0.2466462231164763,0.9602511769573652
18,bernoulli,54,none,0.7,1.0,sae,none,,20,0.4270207797350064,0.6395130667857941,0.3083743752193732,0.9000391832469851
35,bernoulli,54,none,0.7,1.0,sae,none,,21,0.4384133648092134,0.5578516472677056,0.2980214744333418,0.9139556623931624
9,bernoulli,54,none,0.7,1.0,sae,none,,19,0.461475494774629,0.6032347593071108,0.333768641079864,0.8898557191729882
4,bernoulli,54,none,0.7,1.0,sae,none,,23,0.4457057755547762,0.5658853080239188,0.2934253948505751,0.9202864082582736
34,bernoulli,54,none,0.7,1.0,sae,none,,20,0.4300271685744586,0.5925187001225827,0.2908864214523206,0.9276141398038816
40,bernoulli,54,none,0.7,1.0,sae,none,,19,0.4510878447518414,0.5481313559322034,0.3042225469029991,0.9234229485151996
45,bernoulli,54,none,0.7,1.0,sae,none,,18,0.4268226137871993,0.5814817051080787,0.328092755141141,0.8932509062467097
33,bernoulli,54,none,0.7,1.0,sae,none,,18,0.4460934266525139,0.5691883116883116,0.2981689013340005,0.9205414976154886
46,bernoulli,54,none,0.7,1.0,sae,none,,21,0.4381285647956042,0.5862349783958952,0.2906611543132335,0.9135081296435876
19,bernoulli,54,none,0.7,1.0,sae,none,,21,0.4387226221449143,0.5889216388058445,0.2924665724775884,0.9227429762187654
30,bernoulli,54,none,0.7,1.0,sae,none,,20,0.439193072197774,0.5277824043230439,0.2913744205958408,0.9241639126374022
17,bernoulli,54,none,0.7,1.0,sae,none,,19,0.429426894487656,0.597769599643136,0.3108951846519457,0.8893430328483576
29,bernoulli,54,none,0.7,1.0,sae,none,,18,0.4450666686008666,0.5760399191703524,0.3163122814654832,0.9176235954478632
39,bernoulli,54,none,0.7,1.0,sae,none,,22,0.4472242444481684,0.5629670755781162,0.3221241380304743,0.8802096180938129
44,bernoulli,54,none,0.7,1.0,sae,none,,18,0.4333629165540461,0.5978942899596689,0.2897195308223403,0.927482180207894
20,bernoulli,54,none,0.7,1.0,sae,none,,18,0.4151551028326607,0.5786063189993506,0.2722235298179397,0.9375783776648404
32,bernoulli,54,none,0.7,1.0,sae,none,,18,0.4382473318809767,0.5770417079397293,0.2949945852825304,0.925290953416815
0,bernoulli,54,none,0.7,1.0,sae,none,,27,0.4488504143634271,0.5423724076247973,0.3152543043906073,0.8991897766945525
24,bernoulli,54,none,0.7,1.0,sae,none,,18,0.4308513484978443,0.5586698093871695,0.3084452066357315,0.9010623117171396
5,bernoulli,54,none,0.7,1.0,sae,none,,30,0.4407457118699379,0.6105684842307909,0.3056592605749885,0.9069607276168444
37,bernoulli,54,none,0.7,1.0,sae,none,,19,0.4363005920575322,0.5755753731416903,0.2614937284658466,0.941638193739034
28,bernoulli,54,none,0.7,1.0,sae,none,,18,0.4444695575725281,0.5594036741000744,0.3271115296454357,0.8876022072743384
8,bernoulli,54,none,0.7,1.0,sae,none,,18,0.4331074814604533,0.6093784227820372,0.3086938333581871,0.907584641901314
15,bernoulli,54,none,0.7,1.0,sae,none,,22,0.4256194620990522,0.5281751387014545,0.2552596189907655,0.9518822711057504
36,bernoulli,54,none,0.7,1.0,sae,none,,18,0.4481431440247549,0.5852943527969512,0.3370605150444085,0.8749427934511419
16,bernoulli,54,none,0.7,1.0,sae,none,,24,0.4508861611393799,0.539244501323153,0.3174923165022424,0.8997113566238678
48,bernoulli,54,none,0.7,1.0,sae,none,,19,0.4403912681857764,0.5700431034482758,0.3200929517340322,0.8784182798333742
13,bernoulli,54,none,0.7,1.0,sae,none,,25,0.4391629596236459,0.5766569445841295,0.322263659846932,0.892711029473157
22,bernoulli,54,none,0.7,1.0,sae,none,,20,0.430256518820498,0.6291441510987598,0.2978300368238303,0.906404489023828
26,bernoulli,54,none,0.7,1.0,sae,none,,21,0.4419256209928303,0.5802779742153077,0.3065525706021803,0.894769955905327
21,bernoulli,54,none,0.7,1.0,sae,none,,19,0.4404508496801898,0.608721957251369,0.3097911011272331,0.8918671548117155
12,bernoulli,54,none,0.7,1.0,sae,none,,19,0.4432443141776976,0.562396351575456,0.3252475799621519,0.8750485275359103
38,bernoulli,54,none,0.7,1.0,sae,none,,22,0.4322626628874212,0.630853396210805,0.2847528609148007,0.920885515891606
27,bernoulli,54,none,0.7,1.0,sae,none,,21,0.4369528107392197,0.5640696931470044,0.3042206978600854,0.9075648671406372
25,bernoulli,54,none,0.7,1.0,sae,none,,19,0.4251418255732201,0.543576724693746,0.2580693583751591,0.9496370463078848
31,bernoulli,54,none,0.7,1.0,sae,none,,22,0.4425919566808675,0.5662418927560062,0.3218416025371785,0.8909215352032647
11,bernoulli,54,none,0.7,1.0,sae,none,,23,0.4396386157734667,0.6248692682289114,0.3033549439457589,0.90441985136783
42,bernoulli,54,none,0.7,1.0,sae,none,,21,0.4350231425936513,0.5855945764578352,0.2998260465586984,0.9144360683200408
41,bernoulli,54,none,0.7,1.0,sae,none,,18,0.4310652406175905,0.5933628774605794,0.2862174914570092,0.9325116761805916
47,bernoulli,54,none,0.7,1.0,sae,none,,21,0.4490665343759739,0.5661481046628648,0.3183533720608977,0.8899534883720931
23,bernoulli,54,none,0.7,1.0,sae,none,,21,0.4361309702347874,0.6166635855247954,0.2890477563345668,0.923578650543644
14,bernoulli,54,none,0.7,1.0,sae,none,,21,0.4350825687400024,0.6316017061579539,0.2859843913959239,0.9300665658233762
10,bernoulli,54,none,0.7,1.0,sae,none,,26,0.4519276254857379,0.6138099312355421,0.2983356232040228,0.9136801801801804
35,bernoulli,54,none,0.7,1.0,sae,none,,22,0.4374969005474927,0.5611560465575064,0.2913635018009843,0.9166266025641026
43,bernoulli,54,none,0.7,1.0,sae,none,,22,0.4404827517327015,0.5478902229845626,0.2518474150098801,0.9563778224376402
18,bernoulli,54,none,0.7,1.0,sae,none,,21,0.4280779777933455,0.6438854143399598,0.3057526895657425,0.900792916539684
49,bernoulli,54,none,0.7,1.0,sae,none,,19,0.4599273086208738,0.5160068327974277,0.3045663470481863,0.9209115646258504
34,bernoulli,54,none,0.7,1.0,sae,none,,21,0.4293427037637881,0.62976258974808,0.291210621271403,0.9302339950939502
46,bernoulli,54,none,0.7,1.0,sae,none,,22,0.4398564670546977,0.5912182689711045,0.295825987151546,0.9235445604967516
19,bernoulli,54,none,0.7,1.0,sae,none,,22,0.4475845798820013,0.5832287675270538,0.3008409044633024,0.9151114117023416
9,bernoulli,54,none,0.7,1.0,sae,none,,20,0.4593039678294249,0.6022585893386926,0.3266795085654247,0.8913989290495314
30,bernoulli,54,none,0.7,1.0,sae,none,,21,0.4390584063084587,0.5259086534902658,0.2907034844896307,0.9221881959910913
45,bernoulli,54,none,0.7,1.0,sae,none,,19,0.4267330555314555,0.5965825383407801,0.3235902784779298,0.8937322322999866
33,bernoulli,54,none,0.7,1.0,sae,none,,19,0.4474607816485263,0.5534659090909091,0.3018513383339024,0.9091616841056304
17,bernoulli,54,none,0.7,1.0,sae,none,,20,0.4282275974941184,0.6292182446749192,0.3109914847815058,0.9042351453855876
39,bernoulli,54,none,0.7,1.0,sae,none,,23,0.4476398751291416,0.5658840947546532,0.3224894584367108,0.8842495902470577
29,bernoulli,54,none,0.7,1.0,sae,none,,19,0.4369591196468453,0.5661125514717096,0.3043724411850985,0.9101086632467386
4,bernoulli,54,none,0.7,1.0,sae,none,,24,0.4461945114311562,0.5571808510638299,0.2935057994669217,0.9246685558141888
40,bernoulli,54,none,0.7,1.0,sae,none,,20,0.4518532170259603,0.5242203389830509,0.3035679815000481,0.9183372241885684
15,bernoulli,54,none,0.7,1.0,sae,none,,23,0.4237794980047447,0.5304843304843305,0.2576018252936699,0.9503698172930268
37,bernoulli,54,none,0.7,1.0,sae,none,,20,0.4380869334358803,0.5563387228837218,0.2661403117319401,0.9354782637036716
44,bernoulli,54,none,0.7,1.0,sae,none,,19,0.4335386395871928,0.5866694969220972,0.2948449773515265,0.916420524407784
20,bernoulli,54,none,0.7,1.0,sae,none,,19,0.4155127839923114,0.5667617245955332,0.2642900778505032,0.9413515059512024
0,bernoulli,54,none,0.7,1.0,sae,none,,28,0.4487299374316767,0.5769946415594579,0.315422613105925,0.8982939200316185
32,bernoulli,54,none,0.7,1.0,sae,none,,19,0.4394800644140785,0.5756082240100505,0.2940796453279472,0.9241967322178112
22,bernoulli,54,none,0.7,1.0,sae,none,,21,0.4321244579021572,0.6414646698574443,0.2980152368314498,0.9127734770329629
26,bernoulli,54,none,0.7,1.0,sae,none,,22,0.4423920417816581,0.6158089901902121,0.3020343932705092,0.9110801861893564
24,bernoulli,54,none,0.7,1.0,sae,none,,19,0.4311410420752093,0.5728376716540275,0.3067198729919614,0.9079073138689436
27,bernoulli,54,none,0.7,1.0,sae,none,,22,0.4363708912271626,0.5878536673274464,0.3093929444513109,0.9061216871967152
13,bernoulli,54,none,0.7,1.0,sae,none,,26,0.4493608996177973,0.559423715176506,0.3289943599703027,0.8953332428821908
21,bernoulli,54,none,0.7,1.0,sae,none,,20,0.4407691070604093,0.6164767708885356,0.3093211738887176,0.8932336532939537
28,bernoulli,54,none,0.7,1.0,sae,none,,19,0.4452065124200769,0.5569332900936648,0.3261476382085097,0.8870332702299917
36,bernoulli,54,none,0.7,1.0,sae,none,,19,0.448042083155875,0.5711963329158116,0.3341172940963627,0.8687792491548194
31,bernoulli,54,none,0.7,1.0,sae,none,,23,0.4430442564053979,0.5273271215858226,0.3214386588833586,0.888806239991735
8,bernoulli,54,none,0.7,1.0,sae,none,,19,0.4330595351227931,0.5885815991237678,0.3146219570352247,0.9058004278649194
38,bernoulli,54,none,0.7,1.0,sae,none,,23,0.4312506074486476,0.6431496649292628,0.2846509558695965,0.9199798036582448
11,bernoulli,54,none,0.7,1.0,sae,none,,24,0.4392978648256496,0.6271775010621956,0.3038874171680687,0.9048846144996894
25,bernoulli,54,none,0.7,1.0,sae,none,,20,0.4279639094156617,0.5414087685364282,0.2524389418107235,0.9582394659991657
47,bernoulli,54,none,0.7,1.0,sae,none,,22,0.4481581898027443,0.5649687604830593,0.3164882082814118,0.894493023255814
42,bernoulli,54,none,0.7,1.0,sae,none,,22,0.4363221081871252,0.5822306726087032,0.3024543081998357,0.916297935103245
16,bernoulli,54,none,0.7,1.0,sae,none,,25,0.4513648640116003,0.5686141599062947,0.3201610276818486,0.8968713712219236
48,bernoulli,54,none,0.7,1.0,sae,none,,20,0.4410561211021881,0.6051667422867513,0.3216639247939669,0.8819284489095811
23,bernoulli,54,none,0.7,1.0,sae,none,,22,0.4364475465896773,0.5786615519711604,0.2911037849174968,0.9262016055278934
41,bernoulli,54,none,0.7,1.0,sae,none,,19,0.4334731578667418,0.5669535195300422,0.2926361994028081,0.9211728074727557
14,bernoulli,54,none,0.7,1.0,sae,none,,22,0.4356793257827949,0.6169079245663235,0.2865154975149817,0.9287019433149688
12,bernoulli,54,none,0.7,1.0,sae,none,,20,0.4506260431147974,0.5550833793992999,0.3316668923515402,0.8785918079357156
35,bernoulli,54,none,0.7,1.0,sae,none,,23,0.4397834892392133,0.5740962221345433,0.2960116858986684,0.9159788995726496
10,bernoulli,54,none,0.7,1.0,sae,none,,27,0.4451835679910607,0.6030635041353741,0.2945921994192054,0.9149054054054054
43,bernoulli,54,none,0.7,1.0,sae,none,,23,0.4401329885070374,0.5412578616352202,0.248368250294391,0.9570175865593904
18,bernoulli,54,none,0.7,1.0,sae,none,,22,0.428269508782613,0.6517199017199017,0.311937887563371,0.9078295746440856
49,bernoulli,54,none,0.7,1.0,sae,none,,20,0.4595765210278245,0.5019292604501607,0.3003101499030881,0.9079183673469388
34,bernoulli,54,none,0.7,1.0,sae,none,,22,0.4315607333578733,0.605477447276912,0.2911974575676139,0.92901057210472
46,bernoulli,54,none,0.7,1.0,sae,none,,23,0.440558590179338,0.5943744936537944,0.2933400662057684,0.914270844549729
30,bernoulli,54,none,0.7,1.0,sae,none,,22,0.4394137216492574,0.5581788067214449,0.2919250844954505,0.9227494791292478
19,bernoulli,54,none,0.7,1.0,sae,none,,23,0.4396459198942763,0.5802012716324898,0.2936223813074555,0.9169210521505474
9,bernoulli,54,none,0.7,1.0,sae,none,,21,0.4600161703522496,0.588429514786104,0.3318992464544035,0.8954707719767961
45,bernoulli,54,none,0.7,1.0,sae,none,,20,0.4271758452292744,0.5966791450307934,0.3285538051340756,0.8875401731771029
33,bernoulli,54,none,0.7,1.0,sae,none,,20,0.4465942841597989,0.5546915584415584,0.298821742170395,0.9135125275820342
39,bernoulli,54,none,0.7,1.0,sae,none,,24,0.4478419725844517,0.5749435984207558,0.3166608374878952,0.9026131000345344
15,bernoulli,54,none,0.7,1.0,sae,none,,24,0.4245355213724013,0.5120182935972409,0.2599171218231079,0.9511292350302172
17,bernoulli,54,none,0.7,1.0,sae,none,,21,0.429145436394507,0.605258168841307,0.3128964770051999,0.909099187897748
29,bernoulli,54,none,0.7,1.0,sae,none,,20,0.4358924384396133,0.5869871892633827,0.3026389433048762,0.912910057261522
37,bernoulli,54,none,0.7,1.0,sae,none,,21,0.4389854315999451,0.564432913415344,0.2667277530028951,0.934038773880593
4,bernoulli,54,none,0.7,1.0,sae,none,,25,0.4459979153122527,0.558932172159644,0.2947751874103133,0.920428094322437
40,bernoulli,54,none,0.7,1.0,sae,none,,21,0.452520608669778,0.5721525423728813,0.3029480825873485,0.9232572733890604
22,bernoulli,54,none,0.7,1.0,sae,none,,22,0.4315664823211634,0.6259996912150686,0.2990431417181055,0.9134570040322796
26,bernoulli,54,none,0.7,1.0,sae,none,,23,0.4433470400804254,0.5983472048450561,0.3016474500396279,0.903551567307026
27,bernoulli,54,none,0.7,1.0,sae,none,,23,0.4370816308046874,0.5688699028489982,0.3033691396426218,0.9146462147451756
13,bernoulli,54,none,0.7,1.0,sae,none,,27,0.4457513921815416,0.5849190385195616,0.3279725697091869,0.8968282959004761
11,bernoulli,54,none,0.7,1.0,sae,none,,25,0.4394765550937109,0.6221075595646632,0.3018796483465843,0.9080229160435314
21,bernoulli,54,none,0.7,1.0,sae,none,,21,0.4418952056711013,0.5985426603073661,0.3101307221868408,0.8932951841824595
44,bernoulli,54,none,0.7,1.0,sae,none,,20,0.4333873291792509,0.5942262789216728,0.2944540266598575,0.9150230715831598
31,bernoulli,54,none,0.7,1.0,sae,none,,24,0.4429786492642673,0.5801680825797022,0.3210113507838281,0.8928818637326308
20,bernoulli,54,none,0.7,1.0,sae,none,,20,0.4173585412515294,0.5733828387497529,0.2658363511224137,0.9412250016500562
38,bernoulli,54,none,0.7,1.0,sae,none,,24,0.4323994280081308,0.6388268387523786,0.2841370016333214,0.9219265644356996
42,bernoulli,54,none,0.7,1.0,sae,none,,23,0.4362614675506628,0.5986286284563896,0.30075919082801,0.9067837503186568
32,bernoulli,54,none,0.7,1.0,sae,none,,20,0.4409993752390789,0.5539610060158006,0.2935536966414997,0.920970968123148
47,bernoulli,54,none,0.7,1.0,sae,none,,23,0.4482521770752069,0.588749580677625,0.3161471801532209,0.892248062015504
25,bernoulli,54,none,0.7,1.0,sae,none,,21,0.427424645307708,0.5774258542875564,0.2522036172190706,0.9579641218189404
0,bernoulli,54,none,0.7,1.0,sae,none,,29,0.449179937925069,0.5435782563905992,0.3128529343781558,0.8952879696111367
35,bernoulli,54,none,0.7,1.0,sae,none,,24,0.4394116360894693,0.5626726178733479,0.2923041625873971,0.916499732905983
10,bernoulli,54,none,0.7,1.0,sae,none,,28,0.4449873791469366,0.621922235953988,0.2930124123144484,0.916972972972973
23,bernoulli,54,none,0.7,1.0,sae,none,,23,0.4378059883913172,0.5579678328788649,0.2888854747707005,0.9266906310334316
14,bernoulli,54,none,0.7,1.0,sae,none,,23,0.4368634361297445,0.5879527783841878,0.2888005332572668,0.921212709955268
41,bernoulli,54,none,0.7,1.0,sae,none,,20,0.4333685040720162,0.5661032670308151,0.296813017247276,0.9213907628437986
43,bernoulli,54,none,0.7,1.0,sae,none,,24,0.440665323698452,0.5360663236134934,0.2507713161414314,0.9560648943346104
24,bernoulli,54,none,0.7,1.0,sae,none,,20,0.4321847136070476,0.5346467855434858,0.3084162672516625,0.902502887947632
36,bernoulli,54,none,0.7,1.0,sae,none,,20,0.4497378294232628,0.5649001945473443,0.3345700087493034,0.8705286623263504
34,bernoulli,54,none,0.7,1.0,sae,none,,23,0.4313868989511005,0.6262852425387136,0.290789369021899,0.9325263684727604
28,bernoulli,54,none,0.7,1.0,sae,none,,20,0.4447186006512665,0.5548015108448904,0.3234172013035986,0.8834132194787933
8,bernoulli,54,none,0.7,1.0,sae,none,,20,0.4329161805556171,0.6287102957283681,0.3069569723539152,0.9079614055449214
18,bernoulli,54,none,0.7,1.0,sae,none,,23,0.4293024244982422,0.6525854366763457,0.3141063887262473,0.9063139448822326
48,bernoulli,54,none,0.7,1.0,sae,none,,21,0.441771668272422,0.5806261343012704,0.3221067672834886,0.892691742220044
16,bernoulli,54,none,0.7,1.0,sae,none,,26,0.4517244200480926,0.5397488178387054,0.3221421785603482,0.8892472048040875
49,bernoulli,54,none,0.7,1.0,sae,none,,21,0.4590431825015441,0.5370176848874598,0.303313937246084,0.913687074829932
12,bernoulli,54,none,0.7,1.0,sae,none,,21,0.4446360318764746,0.5663925741662059,0.324858333357546,0.8876009834913945
30,bernoulli,54,none,0.7,1.0,sae,none,,23,0.4405826548256125,0.5057184099489229,0.2924381027998136,0.9269029743516056
46,bernoulli,54,none,0.7,1.0,sae,none,,24,0.4398429497936822,0.620248784769106,0.2905629881462711,0.9178825239582212
19,bernoulli,54,none,0.7,1.0,sae,none,,24,0.4400959992262226,0.5944039749042065,0.2927095665458865,0.9087502513389512
45,bernoulli,54,none,0.7,1.0,sae,none,,21,0.4272104477317398,0.590894819466248,0.3235690489753361,0.8910799251939092
39,bernoulli,54,none,0.7,1.0,sae,none,,25,0.4493143726245647,0.5217498589960519,0.3271642880371914,0.8846771585346468
9,bernoulli,54,none,0.7,1.0,sae,none,,22,0.4608054375986219,0.5842138003636712,0.3249917868346686,0.8949935544647727
15,bernoulli,54,none,0.7,1.0,sae,none,,25,0.4247368067735035,0.542810016494227,0.2557209455770428,0.951843981135808
33,bernoulli,54,none,0.7,1.0,sae,none,,21,0.4470289012016556,0.5717694805194804,0.2986034346426726,0.916034949106698
17,bernoulli,54,none,0.7,1.0,sae,none,,22,0.4305637441731502,0.6016226162596187,0.3114045852141949,0.8947695472369239
29,bernoulli,54,none,0.7,1.0,sae,none,,21,0.4367499563842734,0.6026193381119415,0.3057685283534938,0.9050661540201288
37,bernoulli,54,none,0.7,1.0,sae,none,,22,0.4385985648635315,0.5551302666495674,0.262182081800817,0.9363636857457917
22,bernoulli,54,none,0.7,1.0,sae,none,,23,0.4327195608286128,0.6334414080592866,0.2985754004029795,0.9107599866473796
26,bernoulli,54,none,0.7,1.0,sae,none,,24,0.4436277174029367,0.5983970697564779,0.3012901929697881,0.9125624496803536
11,bernoulli,54,none,0.7,1.0,sae,none,,26,0.4393743317220497,0.645157204954734,0.3015090880257902,0.908220785495709
27,bernoulli,54,none,0.7,1.0,sae,none,,24,0.4368083118189361,0.5777617588754731,0.3086430956826067,0.902250058595276
21,bernoulli,54,none,0.7,1.0,sae,none,,22,0.4423930354337134,0.5897544603426956,0.3081654340665383,0.905673147920256
13,bernoulli,54,none,0.7,1.0,sae,none,,28,0.4403896440458175,0.5664839585638137,0.3225720076236145,0.8953201970443351
31,bernoulli,54,none,0.7,1.0,sae,none,,25,0.4429167668218969,0.5990499680277701,0.3228049533659822,0.8895759078464797
42,bernoulli,54,none,0.7,1.0,sae,none,,24,0.4370927788768717,0.6031195691450006,0.2986805994234868,0.9141401726209988
4,bernoulli,54,none,0.7,1.0,sae,none,,26,0.4471973383718949,0.5449476776526212,0.2952208109210622,0.9135613804270822
47,bernoulli,54,none,0.7,1.0,sae,none,,24,0.4487386044832556,0.5513512663535726,0.313233634964221,0.896768992248062
38,bernoulli,54,none,0.7,1.0,sae,none,,25,0.4336205723344847,0.6224973111607512,0.2839484830945111,0.9268819555055852
40,bernoulli,54,none,0.7,1.0,sae,none,,22,0.452433716519057,0.5551228813559322,0.3039511929305848,0.917945628435876
14,bernoulli,54,none,0.7,1.0,sae,none,,24,0.436410313227798,0.6080370787082906,0.2883589404693777,0.9275547352401042
10,bernoulli,54,none,0.7,1.0,sae,none,,29,0.4463334677076149,0.6058006147605919,0.2929074414000175,0.9123648648648648
25,bernoulli,54,none,0.7,1.0,sae,none,,22,0.4274174461072534,0.5665296582849774,0.2526552781114068,0.9573133083020442
35,bernoulli,54,none,0.7,1.0,sae,none,,25,0.4461968324547969,0.5658475537581378,0.3014454382164191,0.9088074252136752
23,bernoulli,54,none,0.7,1.0,sae,none,,24,0.4383499200508651,0.5658016360863336,0.2905622958147493,0.9264429427903668
43,bernoulli,54,none,0.7,1.0,sae,none,,25,0.4415356606697775,0.530251572327044,0.2527382910777344,0.9545002538194614
41,bernoulli,54,none,0.7,1.0,sae,none,,21,0.4323392539278267,0.5577347212202413,0.2865533699985682,0.92038920601972
44,bernoulli,54,none,0.7,1.0,sae,none,,21,0.4349017475967134,0.5819741031628105,0.2915660466042842,0.9182172494680152
20,bernoulli,54,none,0.7,1.0,sae,none,,21,0.4165742016556001,0.5325973402603269,0.2631559622844214,0.941252502585088
34,bernoulli,54,none,0.7,1.0,sae,none,,24,0.4328925158630282,0.5928751907537588,0.2904321851283041,0.9296593570232512
32,bernoulli,54,none,0.7,1.0,sae,none,,21,0.4403938397284616,0.5808670161790406,0.2942408473285609,0.9246300438126168
18,bernoulli,54,none,0.7,1.0,sae,none,,24,0.4297790949904812,0.6656243019879382,0.3104623643576478,0.9042840350037008
0,bernoulli,54,none,0.7,1.0,sae,none,,30,0.4493125485887022,0.5592103687022353,0.3170208436772452,0.9007663087631468
30,bernoulli,54,none,0.7,1.0,sae,none,,24,0.4405128755690337,0.532538492856614,0.2893507782951501,0.9162520655219484
49,bernoulli,54,none,0.7,1.0,sae,none,,22,0.4597489016075351,0.5303289121114684,0.3030451994001655,0.9123582766439908
46,bernoulli,54,none,0.7,1.0,sae,none,,25,0.4392957278349794,0.6312575951930867,0.2906865300908923,0.9224094612540829
19,bernoulli,54,none,0.7,1.0,sae,none,,25,0.439933751385783,0.5971240894353447,0.2945866226640334,0.9108797777249712
24,bernoulli,54,none,0.7,1.0,sae,none,,21,0.4318226391674041,0.5416794766687163,0.3083485945370028,0.8915309520034429
28,bernoulli,54,none,0.7,1.0,sae,none,,21,0.4511898251880613,0.5494839854256882,0.3297801167896891,0.8769484835058605
36,bernoulli,54,none,0.7,1.0,sae,none,,21,0.4504906932767064,0.5572115768995016,0.3362223393468214,0.8744556150995763
48,bernoulli,54,none,0.7,1.0,sae,none,,22,0.442389852370948,0.5845905172413793,0.3216703639390341,0.893622886547415
16,bernoulli,54,none,0.7,1.0,sae,none,,27,0.4522856963331886,0.5174178994403714,0.31748664917998,0.8816097674264292
8,bernoulli,54,none,0.7,1.0,sae,none,,21,0.4340986628398235,0.5982110259218693,0.3110803544337615,0.9058783789635968
39,bernoulli,54,none,0.7,1.0,sae,none,,26,0.4493027981623227,0.5546081852791878,0.3268537304196321,0.8822049367692283
12,bernoulli,54,none,0.7,1.0,sae,none,,22,0.4440600534327395,0.5795904735581353,0.3263140956537892,0.8795407908601853
15,bernoulli,54,none,0.7,1.0,sae,none,,26,0.4253769100840211,0.5658719448193132,0.2553594086929501,0.951205814970102
9,bernoulli,54,none,0.7,1.0,sae,none,,23,0.4602182887278291,0.62982103550579,0.3346413625443732,0.8957000842877683
45,bernoulli,54,none,0.7,1.0,sae,none,,22,0.4253732318667674,0.6198405989614779,0.3214790570918938,0.891566265060241
33,bernoulli,54,none,0.7,1.0,sae,none,,22,0.4477235207600711,0.5426948051948052,0.3008297224743906,0.9172894867962132
17,bernoulli,54,none,0.7,1.0,sae,none,,23,0.4303867892075175,0.6021467603434817,0.3095130626798295,0.8925250166063126
22,bernoulli,54,none,0.7,1.0,sae,none,,24,0.4311602236415397,0.6561319540939735,0.2972321871223936,0.9074907141002612
37,bernoulli,54,none,0.7,1.0,sae,none,,23,0.4400464270221402,0.5378370113150963,0.2640143960103623,0.9424339871695284
11,bernoulli,54,none,0.7,1.0,sae,none,,27,0.4408182261581976,0.6219645716900349,0.302640445042504,0.9067850815636288
29,bernoulli,54,none,0.7,1.0,sae,none,,22,0.4376783348103312,0.5725417492755834,0.3035131712118399,0.9192838711667164
26,bernoulli,54,none,0.7,1.0,sae,none,,25,0.4444213282100266,0.5848791455874087,0.3015886591895798,0.9108935702822164
27,bernoulli,54,none,0.7,1.0,sae,none,,25,0.4377328559540033,0.5526261898130704,0.3077340040473416,0.9065687474500204
38,bernoulli,54,none,0.7,1.0,sae,none,,26,0.433757647905892,0.5911516505336312,0.2842687880061677,0.9267414139521326
42,bernoulli,54,none,0.7,1.0,sae,none,,25,0.4370401383860975,0.5824844709809522,0.2990430296017775,0.910043155249645
13,bernoulli,54,none,0.7,1.0,sae,none,,29,0.4400978106730083,0.5968621140500855,0.322687785752691,0.8943078400267178
31,bernoulli,54,none,0.7,1.0,sae,none,,26,0.4520684783299747,0.5635014159130356,0.3274611160257811,0.8903610723694406
47,bernoulli,54,none,0.7,1.0,sae,none,,25,0.4490977414557474,0.5594074974840657,0.3169910184094769,0.8940837209302326
14,bernoulli,54,none,0.7,1.0,sae,none,,25,0.4366155608254712,0.6180918235402777,0.2877811694824954,0.9287343241880496
21,bernoulli,54,none,0.7,1.0,sae,none,,23,0.4430425747235728,0.5833730789613143,0.314527846278626,0.900037944047912
10,bernoulli,54,none,0.7,1.0,sae,none,,30,0.4463920724798505,0.6123918623443293,0.2928243408333143,0.918490990990991
43,bernoulli,54,none,0.7,1.0,sae,none,,26,0.4416092431177854,0.566169239565466,0.2481461273826599,0.95764344276545
35,bernoulli,54,none,0.7,1.0,sae,none,,26,0.4401108799559683,0.5656071217202605,0.2913183263725151,0.9127403846153846
23,bernoulli,54,none,0.7,1.0,sae,none,,25,0.4373523599282067,0.5871192864075426,0.2941101980493213,0.9227530230667615
25,bernoulli,54,none,0.7,1.0,sae,none,,23,0.4288196295593247,0.529658284977434,0.2547058280247713,0.9584146850229452
4,bernoulli,54,none,0.7,1.0,sae,none,,27,0.447425680382467,0.5556381240439439,0.2948260625356391,0.9186013561380426
34,bernoulli,54,none,0.7,1.0,sae,none,,25,0.431568087873807,0.6188302103920146,0.291187952210353,0.9271074696770288
40,bernoulli,54,none,0.7,1.0,sae,none,,23,0.4520326964707608,0.5518050847457627,0.3000906658258424,0.9162637748826468
41,bernoulli,54,none,0.7,1.0,sae,none,,22,0.4318489849132971,0.5806245491085231,0.2855213910588789,0.9316320705760248
18,bernoulli,54,none,0.7,1.0,sae,none,,25,0.4299145532144347,0.6224871565780659,0.3073786825158806,0.9044853933562628
44,bernoulli,54,none,0.7,1.0,sae,none,,22,0.4352852587312978,0.5813372956909361,0.2907267423168987,0.9311890599407444
20,bernoulli,54,none,0.7,1.0,sae,none,,22,0.4176862599858051,0.5594841460315668,0.2699690731977031,0.9375783776648406
46,bernoulli,54,none,0.7,1.0,sae,none,,26,0.4411747755925024,0.5842644477450717,0.2925948236281361,0.9219608054269408
30,bernoulli,54,none,0.7,1.0,sae,none,,25,0.4406521525031865,0.5110574431860242,0.2919572279807431,0.9230795136144838
19,bernoulli,54,none,0.7,1.0,sae,none,,26,0.4404219396209967,0.5996336687860542,0.2930063986429477,0.9088233681247372
32,bernoulli,54,none,0.7,1.0,sae,none,,22,0.4404038043145416,0.5826065247678642,0.2936878787970023,0.9214217872571376
49,bernoulli,54,none,0.7,1.0,sae,none,,23,0.4599027009611783,0.5280211682743837,0.3024080055424746,0.9145442176870748
39,bernoulli,54,none,0.7,1.0,sae,none,,27,0.4490836562321098,0.544257614213198,0.3198226812194674,0.8959748282874794
16,bernoulli,54,none,0.7,1.0,sae,none,,28,0.4513611499707766,0.5403019391783437,0.3186663452401861,0.8954779204405959
28,bernoulli,54,none,0.7,1.0,sae,none,,22,0.4536671519243017,0.5441807672497663,0.3341455907053546,0.8765708704233295
15,bernoulli,54,none,0.7,1.0,sae,none,,27,0.4254871542624344,0.5617333933123406,0.25721894921323,0.950599557112681
48,bernoulli,54,none,0.7,1.0,sae,none,,23,0.4425567386102955,0.5905342558983666,0.3212528614183931,0.8941252144082333
24,bernoulli,54,none,0.7,1.0,sae,none,,22,0.433414112717,0.5522477283596365,0.3098792571221253,0.900446216222338
9,bernoulli,54,none,0.7,1.0,sae,none,,24,0.4606670135582079,0.5820796248444827,0.3245246776710568,0.8903515295750906
8,bernoulli,54,none,0.7,1.0,sae,none,,22,0.4328040414803052,0.58614001460387,0.3033772932719601,0.9102847813471682
12,bernoulli,54,none,0.7,1.0,sae,none,,23,0.4450228401548263,0.5624539340335359,0.3299188173022749,0.8733600773975683
36,bernoulli,54,none,0.7,1.0,sae,none,,22,0.4492148689434079,0.5735548863363804,0.3351260409490176,0.8709936962073903
22,bernoulli,54,none,0.7,1.0,sae,none,,25,0.4336160533770539,0.6389995368226029,0.2985403757384652,0.9092392715403732
45,bernoulli,54,none,0.7,1.0,sae,none,,23,0.430062944939495,0.5946383287042627,0.3286486942430722,0.8921854709725292
11,bernoulli,54,none,0.7,1.0,sae,none,,28,0.4405795601485461,0.6469179984965846,0.3029641786636703,0.9040931366909783
33,bernoulli,54,none,0.7,1.0,sae,none,,23,0.4485510134162379,0.5266801948051948,0.2987604500926043,0.9112347853939784
37,bernoulli,54,none,0.7,1.0,sae,none,,24,0.4391258377329987,0.5212244374512918,0.2613542637774785,0.9358422101872425
26,bernoulli,54,none,0.7,1.0,sae,none,,26,0.4444062900391637,0.5924722116448168,0.3030168753416066,0.9110002079434392
17,bernoulli,54,none,0.7,1.0,sae,none,,24,0.4314989401151209,0.6040035686405709,0.3104775549336483,0.9030084210075212
42,bernoulli,54,none,0.7,1.0,sae,none,,26,0.437336090582325,0.6064060429822599,0.2989901309210641,0.9173563312575111
27,bernoulli,54,none,0.7,1.0,sae,none,,26,0.4371910196234904,0.6016686053179114,0.3075561826251318,0.9128058890422494
38,bernoulli,54,none,0.7,1.0,sae,none,,27,0.4343049857433341,0.6055059154463472,0.2864282014200248,0.9273608378358684
29,bernoulli,54,none,0.7,1.0,sae,none,,23,0.4381719776005579,0.5823070764068934,0.3050434649678943,0.9158450957614136
14,bernoulli,54,none,0.7,1.0,sae,none,,26,0.43730084109606,0.6001192295420578,0.2899381417038977,0.9209606017291386
31,bernoulli,54,none,0.7,1.0,sae,none,,27,0.4435076864612932,0.5738649858408696,0.3234649420812504,0.8823957849062452
13,bernoulli,54,none,0.7,1.0,sae,none,,30,0.4406852403679386,0.5785929799859197,0.3213589369091617,0.8870595725139852
47,bernoulli,54,none,0.7,1.0,sae,none,,26,0.4495770891066473,0.560995680979537,0.3183513710560429,0.8825674418604651
23,bernoulli,54,none,0.7,1.0,sae,none,,26,0.438803077568339,0.562260248648149,0.2897145160558652,0.9265953663245604
35,bernoulli,54,none,0.7,1.0,sae,none,,27,0.4399895001372397,0.5672223318208719,0.2933064358383292,0.9163394764957264
43,bernoulli,54,none,0.7,1.0,sae,none,,27,0.4422620730652501,0.5273642081189251,0.2500915210809972,0.9563986843111756
21,bernoulli,54,none,0.7,1.0,sae,none,,24,0.4434675681234399,0.5906818583289172,0.3092059449006505,0.9022479284600872
34,bernoulli,54,none,0.7,1.0,sae,none,,26,0.4328760444734262,0.5986853626197683,0.2925937796098392,0.9291094345684962
18,bernoulli,54,none,0.7,1.0,sae,none,,26,0.4303424525311657,0.6492684833593925,0.3110902698500372,0.9083656232313118
25,bernoulli,54,none,0.7,1.0,sae,none,,24,0.4293301049683951,0.5424242424242425,0.2560206771133256,0.956403838130997
30,bernoulli,54,none,0.7,1.0,sae,none,,26,0.4405679591437709,0.5529554371159967,0.2911340357392508,0.9174509663050506
4,bernoulli,54,none,0.7,1.0,sae,none,,28,0.4470829819816828,0.579226637463496,0.2933691340625168,0.9237425361805484
46,bernoulli,54,none,0.7,1.0,sae,none,,27,0.4416660624475964,0.5998430326762085,0.2911929927749189,0.912054484763648
41,bernoulli,54,none,0.7,1.0,sae,none,,23,0.4324999923926557,0.5788673606101206,0.2848258128877242,0.9294213803840166
19,bernoulli,54,none,0.7,1.0,sae,none,,27,0.4412910851324759,0.5811234157227673,0.2950941176520766,0.9160619299175607
40,bernoulli,54,none,0.7,1.0,sae,none,,24,0.4540588851070709,0.5560677966101696,0.3038651176212465,0.914953435248638
44,bernoulli,54,none,0.7,1.0,sae,none,,23,0.4355625269519383,0.578734875822543,0.2931543906469763,0.9280493282698352
20,bernoulli,54,none,0.7,1.0,sae,none,,23,0.4184933516453982,0.5484724849648474,0.2711236876741326,0.940394473412096
49,bernoulli,54,none,0.7,1.0,sae,none,,24,0.4598826120995516,0.5069198821007502,0.3062151125090296,0.9129342403628118
39,bernoulli,54,none,0.7,1.0,sae,none,,28,0.4490289204093889,0.5420632402707275,0.3155963445629135,0.9020978254315424
32,bernoulli,54,none,0.7,1.0,sae,none,,23,0.4415628779869324,0.5679092878484051,0.2977645496781966,0.9147776761367864
15,bernoulli,54,none,0.7,1.0,sae,none,,28,0.4262851043687997,0.5351027140500825,0.2568475263758653,0.9510590367519894
22,bernoulli,54,none,0.7,1.0,sae,none,,26,0.4339977650332146,0.6159693273634914,0.2992042219255529,0.9120263661267334
9,bernoulli,54,none,0.7,1.0,sae,none,,25,0.460822850856013,0.5926021628864007,0.3272327940630859,0.8902585651246964
11,bernoulli,54,none,0.7,1.0,sae,none,,29,0.4407826973378497,0.5958590711507665,0.3011609937629309,0.910990957826197
26,bernoulli,54,none,0.7,1.0,sae,none,,27,0.4449026664626543,0.5969011224138243,0.3026097441053678,0.9103497182099802
16,bernoulli,54,none,0.7,1.0,sae,none,,29,0.4528280304482542,0.5405676543316993,0.3205685638743728,0.8866460966789422
45,bernoulli,54,none,0.7,1.0,sae,none,,24,0.4317348084032899,0.6048061828281608,0.3325085855214517,0.894088213026889
28,bernoulli,54,none,0.7,1.0,sae,none,,23,0.4543391764816187,0.5507382537532668,0.3341945745205527,0.8869124340435817
24,bernoulli,54,none,0.7,1.0,sae,none,,23,0.4334352048773256,0.5770564323290293,0.312492287063783,0.8975741239892183
37,bernoulli,54,none,0.7,1.0,sae,none,,25,0.440083606698697,0.5490633231066696,0.2609336521527408,0.9375967581602778
38,bernoulli,54,none,0.7,1.0,sae,none,,28,0.434280761952348,0.6101286506163648,0.2840403841346084,0.9199693931728038
48,bernoulli,54,none,0.7,1.0,sae,none,,24,0.4428808343693058,0.5793954174228675,0.3230484788294398,0.8943334966919871
42,bernoulli,54,none,0.7,1.0,sae,none,,27,0.4374252153239429,0.6009257188086101,0.2993622040054685,0.9102024837029752
33,bernoulli,54,none,0.7,1.0,sae,none,,24,0.4497247251328789,0.5290827922077922,0.2997518362374015,0.9189711011459888
8,bernoulli,54,none,0.7,1.0,sae,none,,23,0.4360532682102352,0.6006115370573202,0.3114904786854508,0.9092389374399128
17,bernoulli,54,none,0.7,1.0,sae,none,,25,0.4309597081858265,0.6122895059663209,0.3115712550663547,0.8906233259765582
12,bernoulli,54,none,0.7,1.0,sae,none,,24,0.4455096494376757,0.5597533167495854,0.3254456229744699,0.8747434973101881
36,bernoulli,54,none,0.7,1.0,sae,none,,23,0.450472649072133,0.5455653865629081,0.3391729069626991,0.8703810325228457
29,bernoulli,54,none,0.7,1.0,sae,none,,24,0.4378416396415481,0.6315197498856184,0.3040212046073034,0.9048194257399278
27,bernoulli,54,none,0.7,1.0,sae,none,,27,0.4381105896488625,0.5832787234391127,0.3037587339809591,0.9146635763084108
14,bernoulli,54,none,0.7,1.0,sae,none,,27,0.4373269590402948,0.632714235335606,0.2888771184383876,0.9237106630215056
31,bernoulli,54,none,0.7,1.0,sae,none,,28,0.4456045297466068,0.5534986754361926,0.3224982144801666,0.885360814091637
47,bernoulli,54,none,0.7,1.0,sae,none,,27,0.4495133802079502,0.5461359443139886,0.3162504212749826,0.8921581395348839
18,bernoulli,54,none,0.7,1.0,sae,none,,27,0.4310048284072101,0.6522168863077955,0.3111126621998616,0.9051057947668596
34,bernoulli,54,none,0.7,1.0,sae,none,,27,0.4333539247969548,0.6071473244439997,0.2922104367519926,0.9327858824401728
23,bernoulli,54,none,0.7,1.0,sae,none,,27,0.4387673176502227,0.5928906502749919,0.2909561198798302,0.925814195711818
35,bernoulli,54,none,0.7,1.0,sae,none,,28,0.4400032499583469,0.5662359439731702,0.2914174780842981,0.9158119658119658
43,bernoulli,54,none,0.7,1.0,sae,none,,28,0.4420496715699766,0.5619725557461407,0.2528976361207608,0.9549870308686188
25,bernoulli,54,none,0.7,1.0,sae,none,,25,0.4299374806897236,0.5351386202450032,0.2535279757366905,0.9552857738840216
21,bernoulli,54,none,0.7,1.0,sae,none,,25,0.4432693087475748,0.6030295000883237,0.3096899890318466,0.9026068586430388
30,bernoulli,54,none,0.7,1.0,sae,none,,27,0.4409901843914085,0.5385391220667702,0.2904093013706974,0.926193512464976
46,bernoulli,54,none,0.7,1.0,sae,none,,28,0.4406036236494943,0.6198479273561976,0.2914191910475567,0.9227908187071534
41,bernoulli,54,none,0.7,1.0,sae,none,,24,0.435040337621576,0.5587241059466144,0.2941574395833591,0.9205656460819928
4,bernoulli,54,none,0.7,1.0,sae,none,,29,0.4475850959137766,0.583224690585454,0.295123227333455,0.916015585467058
19,bernoulli,54,none,0.7,1.0,sae,none,,28,0.440674572043174,0.6169649248389406,0.2930015037029335,0.918872356371214
49,bernoulli,54,none,0.7,1.0,sae,none,,25,0.4598342818316892,0.5251540728831725,0.3007128129856865,0.9146485260770976
39,bernoulli,54,none,0.7,1.0,sae,none,,29,0.4494187614662773,0.5442047377326565,0.3148841865073256,0.8959145301956399
22,bernoulli,54,none,0.7,1.0,sae,none,,27,0.4343502902131304,0.6251145077453554,0.3021939776573484,0.9070138347984124
15,bernoulli,54,none,0.7,1.0,sae,none,,29,0.4260240789792219,0.5582920977657819,0.2562455764249131,0.948251105622882
40,bernoulli,54,none,0.7,1.0,sae,none,,25,0.4526904258428072,0.5698728813559323,0.3028514758636024,0.9189296382759748
44,bernoulli,54,none,0.7,1.0,sae,none,,24,0.435153270142795,0.6144088303969433,0.2938956665494143,0.91989827632361
11,bernoulli,54,none,0.7,1.0,sae,none,,30,0.44150553911629,0.604381148478609,0.3028950664675766,0.903338471803603
9,bernoulli,54,none,0.7,1.0,sae,none,,26,0.460299065905992,0.6087998851564743,0.3266730769272098,0.8903329366850117
26,bernoulli,54,none,0.7,1.0,sae,none,,28,0.4536750841692367,0.5997116901485068,0.31359682717403,0.8993447115717857
20,bernoulli,54,none,0.7,1.0,sae,none,,24,0.4169690485303305,0.5863568342886184,0.2659713506615161,0.94008646293974
38,bernoulli,54,none,0.7,1.0,sae,none,,29,0.4337518592761643,0.6407141970712336,0.2846133799746266,0.9216454813287944
37,bernoulli,54,none,0.7,1.0,sae,none,,26,0.4408832760297163,0.4903866073454409,0.263517122419928,0.9359617150027432
45,bernoulli,54,none,0.7,1.0,sae,none,,25,0.4282318949382444,0.570697983335346,0.319917376979186,0.8910097318111397
32,bernoulli,54,none,0.7,1.0,sae,none,,24,0.4411886742367231,0.5863150604398701,0.2969381365647796,0.9106021280413878
14,bernoulli,54,none,0.7,1.0,sae,none,,28,0.4388129594249246,0.6024702345967187,0.2887271662968814,0.9291460238600776
42,bernoulli,54,none,0.7,1.0,sae,none,,28,0.4380864742444135,0.6020785656520466,0.3006218078903792,0.9064059142721876
29,bernoulli,54,none,0.7,1.0,sae,none,,25,0.4484282462730369,0.5732614000305019,0.3139113859759992,0.9040586802093078
33,bernoulli,54,none,0.7,1.0,sae,none,,25,0.4489584790765772,0.5329829545454545,0.2989244118939215,0.9120088618407004
17,bernoulli,54,none,0.7,1.0,sae,none,,26,0.4445359335386134,0.5797981487677037,0.3170950891209517,0.8944909897362275
27,bernoulli,54,none,0.7,1.0,sae,none,,28,0.4369089698409441,0.6010747227182621,0.3057116998473517,0.9094985112459524
48,bernoulli,54,none,0.7,1.0,sae,none,,25,0.4431916646486014,0.577603221415608,0.3219897968240972,0.8878032345013477
16,bernoulli,54,none,0.7,1.0,sae,none,,30,0.4598482159868537,0.544819096785389,0.3276811958971124,0.8854649812547694
28,bernoulli,54,none,0.7,1.0,sae,none,,24,0.4474943983537229,0.558497548692318,0.3254051562449966,0.8865851693720547
24,bernoulli,54,none,0.7,1.0,sae,none,,24,0.4339441138269934,0.5491050078568013,0.3098434061961303,0.9024168157829168
31,bernoulli,54,none,0.7,1.0,sae,none,,29,0.4442284254857968,0.6199826436466611,0.3222557297545688,0.8954233173201095
47,bernoulli,54,none,0.7,1.0,sae,none,,28,0.449599792749554,0.5497159090909091,0.3162984546662823,0.892384496124031
36,bernoulli,54,none,0.7,1.0,sae,none,,24,0.4502501547419713,0.5769261519601312,0.3391171064220963,0.8562676233077934
18,bernoulli,54,none,0.7,1.0,sae,none,,28,0.4432772757856629,0.6388708956890775,0.3155719566152227,0.91185402063651
8,bernoulli,54,none,0.7,1.0,sae,none,,24,0.4350108110794451,0.6302665206279664,0.3061407838430729,0.9109668534605956
34,bernoulli,54,none,0.7,1.0,sae,none,,28,0.4345671921521577,0.6079228479223475,0.2959274302967809,0.9315655489029356
12,bernoulli,54,none,0.7,1.0,sae,none,,25,0.4482943269744223,0.5513405196241017,0.3310089304762268,0.8763487573869695
23,bernoulli,54,none,0.7,1.0,sae,none,,28,0.4387968121522366,0.5817234367056431,0.2908947200647751,0.92274667208617
43,bernoulli,54,none,0.7,1.0,sae,none,,29,0.4423127782092285,0.5465294453973699,0.2523547379785297,0.957260975083969
30,bernoulli,54,none,0.7,1.0,sae,none,,28,0.4413858425858029,0.5367208897771856,0.2923436680788041,0.9192919749982038
46,bernoulli,54,none,0.7,1.0,sae,none,,29,0.4409129500499519,0.6164216513637591,0.2954927439355478,0.9208122465094576
21,bernoulli,54,none,0.7,1.0,sae,none,,26,0.4444123422516124,0.5929650238473768,0.3131031295806064,0.8920491836902124
25,bernoulli,54,none,0.7,1.0,sae,none,,26,0.4298517606786806,0.5963007736943908,0.2535295773562308,0.9561284939507718
35,bernoulli,54,none,0.7,1.0,sae,none,,29,0.4461948453921359,0.54705686525942,0.2939787177180963,0.9163327991452992
19,bernoulli,54,none,0.7,1.0,sae,none,,29,0.4420953115332,0.5857762432102404,0.2930044915331853,0.9172180890928036
41,bernoulli,54,none,0.7,1.0,sae,none,,25,0.4335546561822932,0.5984283211377925,0.2886884692304436,0.9305604566683966
39,bernoulli,54,none,0.7,1.0,sae,none,,30,0.4492346055922938,0.5802048082346305,0.3152834904825816,0.9088731382964146
15,bernoulli,54,none,0.7,1.0,sae,none,,30,0.4270427110783106,0.5370970160443844,0.2577582504531894,0.9489403250818448
22,bernoulli,54,none,0.7,1.0,sae,none,,28,0.4341415518942482,0.642159435952859,0.3003890961408463,0.9158890884717076
49,bernoulli,54,none,0.7,1.0,sae,none,,26,0.4598966581942749,0.5014770900321543,0.3016896957995614,0.9206485260770976
4,bernoulli,54,none,0.7,1.0,sae,none,,30,0.4471604502592149,0.6120584758726185,0.2938871611298186,0.9148770367371724
26,bernoulli,54,none,0.7,1.0,sae,none,,29,0.445595216518209,0.5700148688099512,0.3025650042844132,0.9052950930680188
38,bernoulli,54,none,0.7,1.0,sae,none,,30,0.4345832908492587,0.6202117977992886,0.2840704035944651,0.9208438739498424
40,bernoulli,54,none,0.7,1.0,sae,none,,26,0.4531658746107521,0.5620889830508474,0.3021610861499829,0.9201094459924192
37,bernoulli,54,none,0.7,1.0,sae,none,,27,0.4505225459012977,0.5330278487506042,0.2696161827392992,0.9415730092942154
44,bernoulli,54,none,0.7,1.0,sae,none,,25,0.4360314995931675,0.6240203778391,0.2937623909102212,0.9188433809283988
14,bernoulli,54,none,0.7,1.0,sae,none,,29,0.4387744834513458,0.5977724227107087,0.286288482711232,0.9227207334730336
9,bernoulli,54,none,0.7,1.0,sae,none,,27,0.4607616347687634,0.5948894631065174,0.329796383039415,0.8927810005453916
42,bernoulli,54,none,0.7,1.0,sae,none,,29,0.4396576130137043,0.5934107059896416,0.3028414752155603,0.9131887541425396
20,bernoulli,54,none,0.7,1.0,sae,none,,25,0.4200690787705067,0.535660840839145,0.2679534562976552,0.9394924427430532
45,bernoulli,54,none,0.7,1.0,sae,none,,26,0.442069205646523,0.5991245018717546,0.3280304477336965,0.8906136405797973
27,bernoulli,54,none,0.7,1.0,sae,none,,29,0.446711801192686,0.5960983961074068,0.313674270221691,0.9102407180742556
32,bernoulli,54,none,0.7,1.0,sae,none,,25,0.4411989923880683,0.5979480241276285,0.2945966885671948,0.913556525278698
31,bernoulli,54,none,0.7,1.0,sae,none,,30,0.4535614739635479,0.5821229560610213,0.3281258401405841,0.89413967663619
29,bernoulli,54,none,0.7,1.0,sae,none,,26,0.4385847370293882,0.6442161049260332,0.3044803355261211,0.9043516700420468
33,bernoulli,54,none,0.7,1.0,sae,none,,26,0.4486543675958625,0.5689650974025974,0.3004602354076146,0.9183794220229196
47,bernoulli,54,none,0.7,1.0,sae,none,,29,0.4507179619113676,0.5644026752767528,0.3144517389112927,0.8892651162790698
17,bernoulli,54,none,0.7,1.0,sae,none,,27,0.4316332717200123,0.6074941451990632,0.3125341873542028,0.8878029312820074
43,bernoulli,54,none,0.7,1.0,sae,none,,30,0.4427841589075118,0.5384791309319612,0.2523689682585952,0.9562109274493578
18,bernoulli,54,none,0.7,1.0,sae,none,,29,0.4317260761170923,0.644103194103194,0.3092496396404193,0.9141995733379772
35,bernoulli,54,none,0.7,1.0,sae,none,,30,0.4405658621365474,0.5453306865259421,0.2899038468442533,0.9142628205128206
23,bernoulli,54,none,0.7,1.0,sae,none,,29,0.4398125937286793,0.5928790959929751,0.2922168365071561,0.925045727060258
34,bernoulli,54,none,0.7,1.0,sae,none,,29,0.4338680293359314,0.6174480274185075,0.2891135557295351,0.9326499465524806
48,bernoulli,54,none,0.7,1.0,sae,none,,26,0.4515311721969602,0.5814825317604356,0.3304520695221394,0.8839500122518991
30,bernoulli,54,none,0.7,1.0,sae,none,,29,0.4417894101376523,0.5485232067510548,0.2918350536898287,0.919195434298441
28,bernoulli,54,none,0.7,1.0,sae,none,,25,0.4473710081727627,0.5523406650006677,0.3263555683325457,0.8778799291094374
46,bernoulli,54,none,0.7,1.0,sae,none,,30,0.4429029392287448,0.6233206184174993,0.2925612476609744,0.9130101216754604
24,bernoulli,54,none,0.7,1.0,sae,none,,25,0.4348228320985647,0.5243859739017558,0.3067561982662621,0.902294502706743
19,bernoulli,54,none,0.7,1.0,sae,none,,30,0.4423954774504684,0.586471009305655,0.2950177826209272,0.9111493958725574
36,bernoulli,54,none,0.7,1.0,sae,none,,25,0.4508396593462107,0.5456853130080217,0.3353313255535927,0.874429779883963
8,bernoulli,54,none,0.7,1.0,sae,none,,25,0.4359490628913742,0.5827719970792261,0.3160175950563038,0.9065106489862028
12,bernoulli,54,none,0.7,1.0,sae,none,,26,0.4462884281078813,0.558584392850562,0.328077369593509,0.8751656098447735
21,bernoulli,54,none,0.7,1.0,sae,none,,27,0.4437905286360621,0.5931195901784138,0.3110500553700714,0.9009301419312497
25,bernoulli,54,none,0.7,1.0,sae,none,,27,0.4305835397745804,0.5465183752417795,0.2533024283796848,0.9559032123487692
22,bernoulli,54,none,0.7,1.0,sae,none,,29,0.4347879443476163,0.6417271370490453,0.2984877873539026,0.90731585835625
27,bernoulli,54,none,0.7,1.0,sae,none,,30,0.4395566860667675,0.5373081144841823,0.3028212760976294,0.915687908539285
41,bernoulli,54,none,0.7,1.0,sae,none,,26,0.4332129034481475,0.5639029166237246,0.2925452031761825,0.9187337830825116
47,bernoulli,54,none,0.7,1.0,sae,none,,30,0.4510353344156376,0.5683390640724589,0.3144518336867835,0.9004589147286821
26,bernoulli,54,none,0.7,1.0,sae,none,,30,0.4451025752455655,0.5900832290703366,0.3031613937632056,0.8978571161977276
14,bernoulli,54,none,0.7,1.0,sae,none,,30,0.4380205497634943,0.6285412013635829,0.2871109839154271,0.9289008543924656
23,bernoulli,54,none,0.7,1.0,sae,none,,30,0.4405578291536223,0.5666450986735685,0.2930484917519051,0.922556142668428
49,bernoulli,54,none,0.7,1.0,sae,none,,27,0.4600239283360832,0.502572347266881,0.302681961444481,0.9079183673469388
42,bernoulli,54,none,0.7,1.0,sae,none,,30,0.4386245885484515,0.6064662663248275,0.3007180159844355,0.9077078553479732
37,bernoulli,54,none,0.7,1.0,sae,none,,28,0.4409103139421952,0.556757983209857,0.2663188035698355,0.9334032255436112
44,bernoulli,54,none,0.7,1.0,sae,none,,26,0.4376553532115569,0.5486138824028868,0.2917124961995892,0.927926824288456
18,bernoulli,54,none,0.7,1.0,sae,none,,30,0.4317714613697866,0.6524290819745366,0.3097784624169605,0.8997262614828682
34,bernoulli,54,none,0.7,1.0,sae,none,,30,0.4346461197815377,0.614539814374703,0.2920240939770348,0.928961140872832
40,bernoulli,54,none,0.7,1.0,sae,none,,27,0.4530141135716081,0.5621144067796611,0.3049726985414275,0.9224866330295955
9,bernoulli,54,none,0.7,1.0,sae,none,,28,0.460849365601626,0.6146281940855585,0.3339456011478302,0.8920620754623431
30,bernoulli,54,none,0.7,1.0,sae,none,,30,0.4428090448453355,0.5372205566659264,0.2932382488481673,0.9200553200660968
20,bernoulli,54,none,0.7,1.0,sae,none,,26,0.4196069823093695,0.5783804387723409,0.2690239845958257,0.941054495852859
45,bernoulli,54,none,0.7,1.0,sae,none,,27,0.4305306052683313,0.5867950730588093,0.324994067908215,0.8960837106227657
32,bernoulli,54,none,0.7,1.0,sae,none,,26,0.4421915141755807,0.5600251262351719,0.2943436594395023,0.9211985661325408
29,bernoulli,54,none,0.7,1.0,sae,none,,27,0.4410164048329056,0.6058077245691628,0.310107249850185,0.9185385461536087
33,bernoulli,54,none,0.7,1.0,sae,none,,27,0.4567895396834149,0.5556168831168832,0.3045785171051468,0.9105274396754216
22,bernoulli,54,none,0.7,1.0,sae,none,,30,0.4348599786502373,0.6502496011527972,0.2967921442557048,0.9146756955814482
17,bernoulli,54,none,0.7,1.0,sae,none,,28,0.433569417734706,0.5962975354076058,0.3137804263966235,0.8924553772311384
48,bernoulli,54,none,0.7,1.0,sae,none,,27,0.4428582741628427,0.618160163339383,0.3231474169881561,0.889206076941926
28,bernoulli,54,none,0.7,1.0,sae,none,,26,0.4473833487222772,0.5538047728963583,0.322205844305118,0.8872094896685061
24,bernoulli,54,none,0.7,1.0,sae,none,,26,0.4342689583691316,0.5613769898203184,0.3069219452907849,0.9030918027588394
36,bernoulli,54,none,0.7,1.0,sae,none,,26,0.4509797781345979,0.578152066732404,0.3367165912815649,0.8639333008547767
12,bernoulli,54,none,0.7,1.0,sae,none,,27,0.4458875289698822,0.5679703335175972,0.3245385213155801,0.8740748957043118
8,bernoulli,54,none,0.7,1.0,sae,none,,26,0.4359393724790987,0.5972343921139102,0.3092742490959904,0.9101483669244828
21,bernoulli,54,none,0.7,1.0,sae,none,,28,0.4443901280485227,0.5773626567744214,0.3098100762625476,0.9020274427762736
25,bernoulli,54,none,0.7,1.0,sae,none,,28,0.4299302715775778,0.556624758220503,0.2541200471293134,0.9574050896954526
41,bernoulli,54,none,0.7,1.0,sae,none,,27,0.4341252308687562,0.5870349376481501,0.2848518654383396,0.9297976128697456
49,bernoulli,54,none,0.7,1.0,sae,none,,28,0.459993883641671,0.533041934619507,0.3024875619199125,0.9095510204081634
37,bernoulli,54,none,0.7,1.0,sae,none,,29,0.4410965601108289,0.5550118872633646,0.2633161193441359,0.9377597192723244
44,bernoulli,54,none,0.7,1.0,sae,none,,27,0.4366836595171217,0.6002462322224581,0.294139975031607,0.9188615296663808
20,bernoulli,54,none,0.7,1.0,sae,none,,27,0.4196047627918758,0.5290256091707373,0.2667684905785814,0.9451631355466086
40,bernoulli,54,none,0.7,1.0,sae,none,,28,0.4533643254942113,0.5640762711864407,0.3028269964474341,0.9144815121620604
9,bernoulli,54,none,0.7,1.0,sae,none,,29,0.461270454542463,0.5779165470379941,0.3304361512178442,0.8942064554514354
33,bernoulli,54,none,0.7,1.0,sae,none,,28,0.4554169502705316,0.560247564935065,0.3030599258810725,0.9098779272546088
45,bernoulli,54,none,0.7,1.0,sae,none,,28,0.4302789778662234,0.6041722014249487,0.3208984505020111,0.8926442348670587
32,bernoulli,54,none,0.7,1.0,sae,none,,27,0.442028366813008,0.5608586407673166,0.2966311607830258,0.9184805206742154
29,bernoulli,54,none,0.7,1.0,sae,none,,28,0.4489815127001227,0.6022857251791978,0.3140010901807277,0.9144675295302912
17,bernoulli,54,none,0.7,1.0,sae,none,,29,0.4338041259128852,0.5828816772610683,0.3122422347328722,0.9079206753948016
48,bernoulli,54,none,0.7,1.0,sae,none,,28,0.4439129839033598,0.5776599364791288,0.3226881551785775,0.8916625827003186
28,bernoulli,54,none,0.7,1.0,sae,none,,27,0.4456861166755372,0.568374315636863,0.3231909558589655,0.8754682402223386
24,bernoulli,54,none,0.7,1.0,sae,none,,27,0.435052839555802,0.5619875999180161,0.3094936600861572,0.8993906996760969
36,bernoulli,54,none,0.7,1.0,sae,none,,27,0.4506825522496515,0.584781334115076,0.3451080588756381,0.8580096549891493
12,bernoulli,54,none,0.7,1.0,sae,none,,28,0.4463855797638984,0.5728533259627787,0.3232893433993576,0.8871881142969823
8,bernoulli,54,none,0.7,1.0,sae,none,,27,0.4344346595520932,0.6103048557867835,0.3099746710673932,0.9072641762734178
21,bernoulli,54,none,0.7,1.0,sae,none,,29,0.4445591795448862,0.5855149266913973,0.3110390248200291,0.9006071047665929
25,bernoulli,54,none,0.7,1.0,sae,none,,29,0.4303979548898044,0.5820921985815604,0.2510504112989395,0.9580725907384228
49,bernoulli,54,none,0.7,1.0,sae,none,,29,0.4604881974001085,0.5200931136120043,0.3009360521941251,0.9111768707482992
41,bernoulli,54,none,0.7,1.0,sae,none,,28,0.433648647235382,0.616257858394311,0.2892272453977025,0.9197846393357548
37,bernoulli,54,none,0.7,1.0,sae,none,,30,0.4413298650495572,0.560210715307441,0.2648325346650992,0.9365266468578382
44,bernoulli,54,none,0.7,1.0,sae,none,,28,0.4383033801252862,0.5882445340691997,0.2925431657183233,0.9154904015861997
20,bernoulli,54,none,0.7,1.0,sae,none,,28,0.420517556608693,0.5625688228816671,0.2663699251172143,0.9416870173585902
33,bernoulli,54,none,0.7,1.0,sae,none,,29,0.4506995135271889,0.5415543831168831,0.2990700608775557,0.913387963556125
9,bernoulli,54,none,0.7,1.0,sae,none,,30,0.4612101055870201,0.6247583500813474,0.3245074813432953,0.8918389607813972
40,bernoulli,54,none,0.7,1.0,sae,none,,29,0.4533867573229845,0.5614872881355932,0.3035556113906838,0.92008434370058
45,bernoulli,54,none,0.7,1.0,sae,none,,29,0.4289513611130396,0.6064847240671416,0.3215462139628343,0.8935316797777879
29,bernoulli,54,none,0.7,1.0,sae,none,,29,0.4407109886837927,0.5896370291291749,0.3099200802888825,0.9093016561635808
32,bernoulli,54,none,0.7,1.0,sae,none,,28,0.4418781425008221,0.5807381636909795,0.2951543662120667,0.9232075562539118
17,bernoulli,54,none,0.7,1.0,sae,none,,30,0.4338837075069939,0.5758949481431916,0.3099731567897185,0.905917204139793
48,bernoulli,54,none,0.7,1.0,sae,none,,29,0.444241658363747,0.5752268602540834,0.3219940312666088,0.8932737074246508
28,bernoulli,54,none,0.7,1.0,sae,none,,28,0.4471132110372487,0.5580397169073463,0.3211558799314654,0.8891076247633625
25,bernoulli,54,none,0.7,1.0,sae,none,,30,0.4324930154920004,0.5070277240490006,0.253697720507146,0.9575803087192324
24,bernoulli,54,none,0.7,1.0,sae,none,,28,0.4351146760322356,0.581663763066202,0.3085112038800557,0.8964506557339917
21,bernoulli,54,none,0.7,1.0,sae,none,,30,0.4449161472236548,0.5912294647588765,0.3106906486080029,0.903883624579539
36,bernoulli,54,none,0.7,1.0,sae,none,,28,0.4505395793506011,0.5833222290328598,0.3358261899843121,0.8792129855175164
12,bernoulli,54,none,0.7,1.0,sae,none,,29,0.446996216239532,0.5679012345679012,0.3257208807102501,0.885561286426463
8,bernoulli,54,none,0.7,1.0,sae,none,,28,0.4358287121793394,0.6092825848849945,0.310141989238367,0.9059563300622742
49,bernoulli,54,none,0.7,1.0,sae,none,,30,0.4602689096719706,0.538980439442658,0.3034269225362075,0.9173877551020408
41,bernoulli,54,none,0.7,1.0,sae,none,,29,0.4358688327756682,0.5949603215500361,0.2933972340623748,0.9204566683964712
33,bernoulli,54,none,0.7,1.0,sae,none,,30,0.4509298492861205,0.5416964285714285,0.2971293840233345,0.9211020357320806
45,bernoulli,54,none,0.7,1.0,sae,none,,30,0.4316285766024735,0.6019502475546432,0.3231463218125197,0.8921829640660018
29,bernoulli,54,none,0.7,1.0,sae,none,,30,0.4388699710148206,0.6106117508006711,0.3047697860914823,0.9187235923637598
44,bernoulli,54,none,0.7,1.0,sae,none,,29,0.4383357954167646,0.5718318828274253,0.2926352955637746,0.9252952572810468
20,bernoulli,54,none,0.7,1.0,sae,none,,29,0.4193527445736427,0.6053731258999915,0.2663339242614314,0.9402569687369372
41,bernoulli,54,none,0.7,1.0,sae,none,,30,0.4373099902207616,0.5689065237555395,0.2929833853562852,0.9295537104307212
40,bernoulli,54,none,0.7,1.0,sae,none,,30,0.4543537711073366,0.5476991525423729,0.3031870380312377,0.9144714712453248
32,bernoulli,54,none,0.7,1.0,sae,none,,29,0.4433844471030663,0.5551851046523801,0.2990813460236624,0.9225116315713452
48,bernoulli,54,none,0.7,1.0,sae,none,,30,0.4447700140847228,0.5764575771324865,0.3215043294653665,0.8967409948542024
28,bernoulli,54,none,0.7,1.0,sae,none,,29,0.4479925919286424,0.5476621964479884,0.3254464700318702,0.8835743343940065
24,bernoulli,54,none,0.7,1.0,sae,none,,29,0.4456429510259508,0.5681193208990913,0.3164157277324296,0.9000951323925797
36,bernoulli,54,none,0.7,1.0,sae,none,,29,0.4510204341756915,0.573381659248994,0.3361675672279504,0.8646013257156355
12,bernoulli,54,none,0.7,1.0,sae,none,,30,0.4464632191155566,0.5626554726368159,0.3258537980130347,0.8675860709025814
8,bernoulli,54,none,0.7,1.0,sae,none,,29,0.4370683686604148,0.5746440306681271,0.3070464394964113,0.9086023368007136
44,bernoulli,54,none,0.7,1.0,sae,none,,30,0.4376760367047563,0.6130418170239864,0.2960990376868452,0.9121691825354694
20,bernoulli,54,none,0.7,1.0,sae,none,,30,0.4189052784960764,0.5756981110766016,0.2651678386711684,0.9418410225947682
32,bernoulli,54,none,0.7,1.0,sae,none,,30,0.4433708021397016,0.5733371989079752,0.2970501107213267,0.922629807460838
28,bernoulli,54,none,0.7,1.0,sae,none,,30,0.4560401799837186,0.5526745006772096,0.333532741873189,0.887003061183389
24,bernoulli,54,none,0.7,1.0,sae,none,,30,0.4362324848047335,0.5562871490059438,0.31086516713098,0.9017010577816033
36,bernoulli,54,none,0.7,1.0,sae,none,,30,0.4511667226521955,0.5897049809450203,0.3364971179378195,0.8760278725069017
8,bernoulli,54,none,0.7,1.0,sae,none,,30,0.43680281947373517,0.5947836801752464,0.3070169678489342,0.9117853399967086
