seed,model_type,n_samples,pre_revision,j_percentage,baseline_embedding_type,mirt_dim,rmse_mirt,auc_mirt,val_rmse_mirt,val_auc_mirt
0,beta,1,max,1.0,raw,2,0.4448559914054576,0.635184544978453,0.3919740650832737,0.8050348181717696
0,beta,1,max,1.0,raw,3,0.44186671048257,0.638919599795996,0.3893037193779148,0.7992538963192218
38,beta,1,max,1.0,raw,2,0.4265280831953273,0.6535142904298589,0.4033206080696556,0.802622098220332
46,beta,1,max,1.0,raw,2,0.4273133840703809,0.6759601667815563,0.4112190645403528,0.7915070060051472
0,beta,1,max,1.0,raw,4,0.4461230714317528,0.634871350774086,0.3848605740734367,0.792207361556317
8,beta,1,max,1.0,raw,2,0.4285903100554696,0.6598753728885789,0.3684538249895698,0.8269941317104978
26,beta,1,max,1.0,raw,2,0.4422878475027312,0.6199867312533512,0.4056467749594982,0.805867380237567
14,beta,1,max,1.0,raw,2,0.4412194253308566,0.6003014433995908,0.3798346010814387,0.8280288946725447
28,beta,1,max,1.0,raw,2,0.4430000092310506,0.6472616054709268,0.4053145606077544,0.7966586216143738
44,beta,1,max,1.0,raw,2,0.4334006352001441,0.6380459684472878,0.39443904441322,0.807327001356852
20,beta,1,max,1.0,raw,2,0.4405854958214868,0.6603156381552644,0.4481475331215686,0.7643902817150957
32,beta,1,max,1.0,raw,2,0.4459092341488999,0.6229619299958165,0.3981043975266191,0.774010448061081
36,beta,1,max,1.0,raw,2,0.4594033621771279,0.6098771992818672,0.3964765764042627,0.8316749181614047
0,beta,1,max,1.0,raw,5,0.4412239508463829,0.6508791686490889,0.3800010203046653,0.8040676467337239
20,beta,1,max,1.0,raw,3,0.4169098998449635,0.6700336304414288,0.4023395093675851,0.8062821137491141
21,beta,1,max,1.0,raw,2,0.4279925468655974,0.6551046495294283,0.4004108889034247,0.8147652455477602
30,beta,1,max,1.0,raw,2,0.4568193710735236,0.6043353323338331,0.411767989947442,0.7886862448907055
1,beta,1,max,1.0,raw,2,0.4385486365132158,0.6369105711937539,0.3914741441999553,0.8121089909732773
32,beta,1,max,1.0,raw,3,0.4430009847010051,0.6342671872821085,0.3680566281876838,0.8103833188221374
18,beta,1,max,1.0,raw,2,0.4618804306464658,0.6212789822179394,0.4372929696288862,0.7762993402014122
24,beta,1,max,1.0,raw,2,0.4284688487642286,0.6509728101595571,0.3595779302101965,0.839584736251403
8,beta,1,max,1.0,raw,3,0.4372294986176057,0.6656518165000774,0.4040565144802878,0.7702227497924087
34,beta,1,max,1.0,raw,2,0.4291025167809676,0.6765798152234536,0.3757521318665799,0.8265616362631287
12,beta,1,max,1.0,raw,2,0.4310979927686552,0.6287126544551168,0.3803546985231706,0.8222044515527122
39,beta,1,max,1.0,raw,2,0.4253892931816613,0.6415491781769602,0.415039259966635,0.7808466080747046
40,beta,1,max,1.0,raw,2,0.4184593814886231,0.6718998546956256,0.3903536617116103,0.8169148405834795
16,beta,1,max,1.0,raw,2,0.4568187349953185,0.617685584639113,0.4261834580956612,0.7854060173975429
2,beta,1,max,1.0,raw,2,0.4227063852637862,0.6598202832317905,0.3809487653635939,0.835760508940401
22,beta,1,max,1.0,raw,2,0.4488158035911069,0.6189898890224175,0.4009804823470612,0.8199408284023669
45,beta,1,max,1.0,raw,2,0.4505429363525068,0.5996761131172688,0.4208221720483823,0.7888161575472753
49,beta,1,max,1.0,raw,2,0.4469509933786249,0.6579827803956354,0.3712970778931019,0.8093804459537959
13,beta,1,max,1.0,raw,2,0.4411513512486604,0.6595258220008178,0.3784474219888701,0.8166482045601403
31,beta,1,max,1.0,raw,2,0.4122290234188183,0.6930890324337889,0.4024719663595589,0.7942630508926488
14,beta,1,max,1.0,raw,3,0.4404432544183474,0.5945650092910637,0.3852600754702006,0.8006692516067349
3,beta,1,max,1.0,raw,2,0.4300432813009361,0.6729163079572008,0.367591797658504,0.8289753041935752
29,beta,1,max,1.0,raw,2,0.4257637860277586,0.6668893184616456,0.3951338141766716,0.8008269848760647
10,beta,1,max,1.0,raw,2,0.4282759282067826,0.6469560140973989,0.370270850660196,0.8379118457300274
6,beta,1,max,1.0,raw,2,0.455677570873678,0.5938308092793143,0.4380523396643204,0.7600540741713735
27,beta,1,max,1.0,raw,2,0.4530975234810328,0.6140893773157707,0.3783902262701216,0.8295538733198532
33,beta,1,max,1.0,raw,2,0.4508287851006652,0.6173439536226111,0.425760356145446,0.7776813437985165
7,beta,1,max,1.0,raw,2,0.4291693771455719,0.6528836219785448,0.4223789807527466,0.7867379802162411
26,beta,1,max,1.0,raw,3,0.442594565938833,0.6254193671968339,0.39459819036964,0.8071400600443805
42,beta,1,max,1.0,raw,2,0.4442610457468808,0.6602371929338613,0.3965127681093063,0.8038927611498338
38,beta,1,max,1.0,raw,3,0.4233100291030346,0.6618380406812686,0.365813118069073,0.8255546225316249
46,beta,1,max,1.0,raw,3,0.4308373066013684,0.6888601265701593,0.3857631629359414,0.7978038318558766
28,beta,1,max,1.0,raw,3,0.4399621516172612,0.6542791646985338,0.3939991185631066,0.7995065701260392
9,beta,1,max,1.0,raw,2,0.4278426534086834,0.6505917880278602,0.3895492044925217,0.8274899901933694
43,beta,1,max,1.0,raw,2,0.4369521116384442,0.6401435862240659,0.3962417762336183,0.8016247177397147
41,beta,1,max,1.0,raw,2,0.4372383425136255,0.6481160933979407,0.3864879111858256,0.8152791068580543
15,beta,1,max,1.0,raw,2,0.4376037338437515,0.6380436443938484,0.4101839510328057,0.7959088637499432
47,beta,1,max,1.0,raw,2,0.4239928632947559,0.6836640565011778,0.4036200935606633,0.7716160014705544
5,beta,1,max,1.0,raw,2,0.4035225792845955,0.6794428256579865,0.4050475076785917,0.8095653893044252
25,beta,1,max,1.0,raw,2,0.4406493288452532,0.6089123536327863,0.3849874718596984,0.8229678694794973
19,beta,1,max,1.0,raw,2,0.4379527610230997,0.6201470020941255,0.3897539727263616,0.8145164684836368
11,beta,1,max,1.0,raw,2,0.4590045031740113,0.6125511487352155,0.4324750645290428,0.767156406918356
35,beta,1,max,1.0,raw,2,0.4200859636366808,0.694429491245357,0.380513273606636,0.8124184812645076
4,beta,1,max,1.0,raw,2,0.4500405962169344,0.6459116437600043,0.4240867950462827,0.7798466830999268
23,beta,1,max,1.0,raw,2,0.4270913677700395,0.6388554263205527,0.4091907399580815,0.7959564143089286
17,beta,1,max,1.0,raw,2,0.4526926148107354,0.6247359396433471,0.4068832597026014,0.7889779205321396
37,beta,1,max,1.0,raw,2,0.4457477650867175,0.655456161810093,0.390944293181923,0.7993972272453287
48,beta,1,max,1.0,raw,2,0.4588135746448456,0.5863415690726577,0.383210034167175,0.83301719613152
0,beta,1,max,1.0,raw,6,0.443061426011553,0.6325003166170919,0.3781018320978023,0.8304576102575439
32,beta,1,max,1.0,raw,4,0.4463690721507607,0.6198218519035001,0.401690814375985,0.7617652311745139
4,beta,1,max,1.0,raw,3,0.4390438971871752,0.6562068775183528,0.3476538175862118,0.859674404745781
30,beta,1,max,1.0,raw,3,0.4562455621268375,0.6102776736631684,0.4396810661013281,0.7312566642971388
18,beta,1,max,1.0,raw,3,0.4305212255433507,0.6719945714985082,0.3847882026980461,0.8139425859474476
36,beta,1,max,1.0,raw,3,0.4567425623039173,0.6036764811490125,0.3838695606714601,0.8009468928387847
21,beta,1,max,1.0,raw,3,0.4272568706788126,0.6683270122208175,0.4086930834372321,0.7998704803022126
1,beta,1,max,1.0,raw,3,0.4395073073151812,0.632453898705568,0.3884526310104298,0.8231633747430511
48,beta,1,max,1.0,raw,3,0.4505933214499485,0.594461788957935,0.382845643613406,0.8281893913016365
20,beta,1,max,1.0,raw,4,0.4133568274578639,0.6815628601161778,0.3802969080378253,0.8274605776045358
44,beta,1,max,1.0,raw,3,0.4476256108741885,0.6013102101612272,0.4392621791108618,0.7583120759837176
8,beta,1,max,1.0,raw,4,0.4294091623644893,0.6666018954362313,0.3677293756135829,0.8120141106448431
39,beta,1,max,1.0,raw,3,0.4206295349307412,0.64595887306472,0.3835636088227979,0.8221527968506821
3,beta,1,max,1.0,raw,3,0.4629428689181051,0.6136496125937768,0.39707085965443,0.8095512625072758
22,beta,1,max,1.0,raw,3,0.43963026079507,0.6215689107703586,0.3669216329775787,0.8517321140398063
16,beta,1,max,1.0,raw,3,0.4321119574547408,0.6728284992607589,0.4051164621808826,0.7771500313873195
38,beta,1,max,1.0,raw,4,0.4363109745763439,0.6467451042757362,0.4124637002578753,0.7848091665086545
24,beta,1,max,1.0,raw,3,0.4300642096185153,0.6464398133072831,0.3906042093466207,0.8218013468013468
46,beta,1,max,1.0,raw,4,0.4278896171999533,0.6869853898590687,0.3689577164187982,0.8471947383471548
42,beta,1,max,1.0,raw,3,0.4336542482527135,0.6698818934931343,0.4018301231576974,0.8034713680470137
45,beta,1,max,1.0,raw,3,0.4199343834721769,0.6963183757027805,0.3879758074791056,0.7858733355712209
14,beta,1,max,1.0,raw,4,0.4397735275396136,0.5981132571278414,0.3655579913104734,0.8260795665799119
34,beta,1,max,1.0,raw,3,0.4297915419416421,0.6622256844249376,0.3861004095610842,0.8133167495854063
27,beta,1,max,1.0,raw,3,0.4573823607176441,0.5980584246246962,0.4131455795483257,0.7863226438952113
13,beta,1,max,1.0,raw,3,0.4421251064264818,0.6549634798722178,0.4037217181666747,0.7805259392596696
28,beta,1,max,1.0,raw,4,0.4392027417132089,0.6604854376128237,0.3691132348611339,0.8217323679270583
12,beta,1,max,1.0,raw,3,0.4288003606663974,0.6056330991626659,0.4026262717287621,0.7919498867119819
43,beta,1,max,1.0,raw,3,0.4387459553969582,0.6421523803756521,0.3965162255032752,0.7795560940684034
19,beta,1,max,1.0,raw,3,0.4389196930643307,0.6337450402292517,0.3812236511005475,0.8400557718615174
6,beta,1,max,1.0,raw,3,0.4470187176171376,0.6060210553566036,0.4265253756510802,0.7861005297955252
25,beta,1,max,1.0,raw,3,0.4364124643475426,0.6101728212880315,0.3579613205377278,0.8368708601266741
31,beta,1,max,1.0,raw,3,0.4184818861355771,0.663584350201232,0.4047835917149254,0.7906191327919303
35,beta,1,max,1.0,raw,3,0.4283873046864314,0.6929479542853398,0.4412627873175316,0.733237537305184
47,beta,1,max,1.0,raw,3,0.4237440175222114,0.6469948520830112,0.4144675415005337,0.7908825624411204
10,beta,1,max,1.0,raw,3,0.4282049438571562,0.6484743433586309,0.3810297267135322,0.8226887052341598
23,beta,1,max,1.0,raw,3,0.4244323677367224,0.654224945603353,0.3891079052700245,0.804849408988714
2,beta,1,max,1.0,raw,3,0.4311935560633594,0.654220551519062,0.412993851446192,0.7809793379832908
49,beta,1,max,1.0,raw,3,0.4471572678088055,0.6444966184020919,0.4179394791951129,0.7851445551633228
11,beta,1,max,1.0,raw,3,0.4513668778342914,0.6275189386451022,0.423258543732693,0.7388258632446841
33,beta,1,max,1.0,raw,3,0.4343587810589553,0.64298406366932,0.3955003902539475,0.7805114714507505
40,beta,1,max,1.0,raw,3,0.4274732933848757,0.6799601050270214,0.4041733668286489,0.7757764917528231
41,beta,1,max,1.0,raw,3,0.4405051798943524,0.6367577454213358,0.3617176121803003,0.8340085061137692
9,beta,1,max,1.0,raw,3,0.423102746938986,0.6653213433344698,0.3817643198426517,0.8158954103885268
15,beta,1,max,1.0,raw,3,0.4389305398371013,0.6369628777577502,0.4094101796067535,0.7945515878424424
29,beta,1,max,1.0,raw,3,0.4328244231747318,0.6468494468494469,0.4264053180889878,0.7787309827187128
17,beta,1,max,1.0,raw,3,0.4478501244583033,0.6290260631001372,0.3979091881586839,0.8028395209376229
26,beta,1,max,1.0,raw,4,0.4447085484544955,0.6060650336367621,0.4146901178457022,0.7958708610712264
7,beta,1,max,1.0,raw,3,0.4253101717670068,0.6852678022655948,0.3986958993486546,0.8181504485852313
37,beta,1,max,1.0,raw,3,0.4464989967655304,0.6463771818453948,0.4042644764178357,0.771451534200178
5,beta,1,max,1.0,raw,3,0.4087095814882651,0.6588505143024292,0.4119570843951055,0.8067261963601218
32,beta,1,max,1.0,raw,5,0.4459402779036186,0.6308283363547622,0.3959054149281942,0.7719900430870896
20,beta,1,max,1.0,raw,5,0.4143714651759659,0.6796950330424966,0.3902200316274209,0.8185240963855421
48,beta,1,max,1.0,raw,4,0.451634174321313,0.5915018522944551,0.3681971891763681,0.8419140765069352
36,beta,1,max,1.0,raw,4,0.4548593740292577,0.6219314183123879,0.3728338701977287,0.82800097394692
4,beta,1,max,1.0,raw,4,0.4449686596849769,0.6606992051664183,0.3989430940903095,0.7824416935287266
0,beta,1,max,1.0,raw,7,0.4426444923894173,0.6460576893455781,0.3734237205484985,0.8086603293909584
1,beta,1,max,1.0,raw,4,0.4383112504452559,0.646996674029176,0.4228233698020738,0.7660425417821075
30,beta,1,max,1.0,raw,4,0.4522176570102794,0.6181409295352324,0.4069577068291357,0.7736138261951304
21,beta,1,max,1.0,raw,4,0.4274023674857385,0.6629944514679028,0.3814484369059168,0.8196492174851592
39,beta,1,max,1.0,raw,4,0.4180129197213895,0.6794562131730242,0.3807038601015517,0.8201272544172845
16,beta,1,max,1.0,raw,4,0.4355442919462099,0.6598220073508985,0.4129871403571729,0.7731089139987446
18,beta,1,max,1.0,raw,4,0.4295450494630379,0.6749709519397907,0.3932808995690525,0.7907686074777174
45,beta,1,max,1.0,raw,4,0.4221757770268914,0.6588486556743242,0.4056008728210756,0.7985565626049009
28,beta,1,max,1.0,raw,5,0.4405180679592898,0.6527809129396798,0.3790956200945123,0.8109037275408957
22,beta,1,max,1.0,raw,4,0.4378638287392509,0.6313313433256622,0.3800088237064263,0.8237278106508874
46,beta,1,max,1.0,raw,5,0.4278175586654928,0.6898486567478553,0.392805005459543,0.815447526451244
24,beta,1,max,1.0,raw,4,0.4343974423271303,0.6349713041354609,0.3968224235311637,0.7962850729517396
12,beta,1,max,1.0,raw,4,0.4295789408096916,0.6414690816015769,0.401073859107574,0.7767615176151762
34,beta,1,max,1.0,raw,4,0.4345930457866194,0.6847856398069788,0.3770046297770583,0.8037313432835821
3,beta,1,max,1.0,raw,4,0.4308323607012593,0.6641950559586767,0.3663469596018672,0.8299065938634661
2,beta,1,max,1.0,raw,4,0.4218669996562651,0.6614680694792626,0.3653493689996624,0.8377861968530664
43,beta,1,max,1.0,raw,4,0.4376179502072438,0.6455502736818024,0.3861181045069652,0.794453929613923
8,beta,1,max,1.0,raw,5,0.4364773344063032,0.6612007617580969,0.3983486300820637,0.7725522322349099
35,beta,1,max,1.0,raw,4,0.4233156261094925,0.6926284759361419,0.405683562719656,0.7875704653476291
25,beta,1,max,1.0,raw,4,0.4370741645056158,0.6149335048949036,0.3966025378409583,0.7956238886471444
44,beta,1,max,1.0,raw,4,0.4374737902011075,0.6129953059584726,0.387666235152852,0.8227137042062417
9,beta,1,max,1.0,raw,4,0.423774979594981,0.6591133529784229,0.409820328252997,0.7809545481635595
15,beta,1,max,1.0,raw,4,0.4395603472980891,0.627766314602241,0.412244078691383,0.773368997319522
14,beta,1,max,1.0,raw,5,0.4396381073614684,0.5972982712990595,0.3729188110069695,0.8209858182397621
33,beta,1,max,1.0,raw,4,0.4324145391405402,0.6314765298988836,0.3798003707902513,0.8203219337588408
38,beta,1,max,1.0,raw,5,0.4254187344318069,0.6450605755462023,0.3842854480785536,0.8093019476122112
47,beta,1,max,1.0,raw,4,0.4184021886009756,0.6645728585846131,0.3922494869715081,0.8176110383493027
17,beta,1,max,1.0,raw,4,0.4507757156799247,0.6263539094650206,0.3907086092162212,0.7992004237070954
19,beta,1,max,1.0,raw,4,0.4257040741297851,0.6589027884933318,0.3858475939475082,0.8066137009365464
42,beta,1,max,1.0,raw,4,0.4472009870306734,0.6473254386612461,0.4081672397153629,0.7886827479385905
10,beta,1,max,1.0,raw,4,0.4289355026581029,0.6531380406345271,0.3881634976925253,0.8096969696969697
6,beta,1,max,1.0,raw,4,0.4437267277216224,0.6063388991960421,0.4044942328061973,0.7859472831560053
27,beta,1,max,1.0,raw,4,0.4528055051233042,0.6083330331087654,0.3697346141843268,0.8368064259175705
13,beta,1,max,1.0,raw,4,0.4416328962328973,0.6535330496308261,0.3945561202869052,0.7990515092772084
11,beta,1,max,1.0,raw,4,0.4442288447845547,0.6349858389363698,0.4119593451160748,0.7734951335937016
7,beta,1,max,1.0,raw,4,0.4213873906312539,0.7016159786579212,0.4108677823065543,0.7782263630089717
40,beta,1,max,1.0,raw,4,0.4320002822400425,0.6727331242989703,0.4100293826123268,0.7685371827383661
23,beta,1,max,1.0,raw,4,0.424959369428259,0.6508116521530906,0.3878600493612982,0.805456002493155
31,beta,1,max,1.0,raw,4,0.4129874470491028,0.6921047010131062,0.3770910613530884,0.8211536111450569
49,beta,1,max,1.0,raw,4,0.4510978043429841,0.6247966259863682,0.3903643692284069,0.8242995665579338
37,beta,1,max,1.0,raw,4,0.4462190735943548,0.6499163905490354,0.396484375,0.8010103619506874
29,beta,1,max,1.0,raw,4,0.4280854791652183,0.6527424590317672,0.3825584853406781,0.8210240679565832
41,beta,1,max,1.0,raw,4,0.4393762478871755,0.6333579869181916,0.3602621282816555,0.8241414141414142
5,beta,1,max,1.0,raw,4,0.4065714444723989,0.7002435215016525,0.3945216564862771,0.8076158467604644
26,beta,1,max,1.0,raw,5,0.4400644077497516,0.6199958194359875,0.3887328286993678,0.8121491972327373
20,beta,1,max,1.0,raw,6,0.4154631837469826,0.6792658333529314,0.4042240390497917,0.7878333185683911
48,beta,1,max,1.0,raw,5,0.4508632743956346,0.5746885456500956,0.3821773514916893,0.8025433021353552
36,beta,1,max,1.0,raw,5,0.4549595919943148,0.6079583482944344,0.4054458067766175,0.7655709763817873
42,beta,1,max,1.0,raw,5,0.4365738534509173,0.6625599302819491,0.3724647693806989,0.8168876133205777
21,beta,1,max,1.0,raw,5,0.4273466329808596,0.6681349206349206,0.3821716783793571,0.8282838640043173
39,beta,1,max,1.0,raw,5,0.4347446049272684,0.6489655645411389,0.4141567230981796,0.7493362629314291
32,beta,1,max,1.0,raw,6,0.4423537760588373,0.6233140426718728,0.3822079965393175,0.7896881209117496
4,beta,1,max,1.0,raw,5,0.4391907650538622,0.6530744604515096,0.3660448028105881,0.8342660562884308
0,beta,1,max,1.0,raw,8,0.4429179779773773,0.6533029152732662,0.3663379703174167,0.8189952470432187
18,beta,1,max,1.0,raw,5,0.4303771812955393,0.6697506669434624,0.391217602403062,0.7956997337654822
34,beta,1,max,1.0,raw,5,0.4309664851642187,0.6620407866340116,0.3806789264155043,0.8139414040906578
1,beta,1,max,1.0,raw,5,0.4382370632425262,0.6475170793096363,0.3776636887915822,0.8049311824112968
22,beta,1,max,1.0,raw,5,0.4381583743641433,0.6291146110498289,0.3832888850413089,0.822049488972566
16,beta,1,max,1.0,raw,5,0.4283241143081815,0.6583537436254427,0.4027596333498284,0.7984093354856067
30,beta,1,max,1.0,raw,5,0.4563831722872521,0.6066521426786606,0.4144688537661953,0.7278245512706593
28,beta,1,max,1.0,raw,6,0.4406150038917747,0.6492143527599571,0.3752157266316623,0.8347117189595067
9,beta,1,max,1.0,raw,5,0.4244419346806475,0.6640604451804588,0.3919135964777809,0.8054711246200608
14,beta,1,max,1.0,raw,6,0.4408301924044961,0.5943194999718453,0.3856774770806376,0.8171721463855102
44,beta,1,max,1.0,raw,5,0.4342791664286014,0.6307729897614449,0.3926536715112038,0.7981438263229309
2,beta,1,max,1.0,raw,5,0.4224783856319961,0.6608760905546048,0.3791281846538727,0.8241264905230654
25,beta,1,max,1.0,raw,5,0.4374415665159678,0.6093360087340436,0.3837054406616708,0.7987074731260777
38,beta,1,max,1.0,raw,6,0.424825698508321,0.6612547032830604,0.3701869325171363,0.8188693555814395
33,beta,1,max,1.0,raw,5,0.4355805901448992,0.6309029058594826,0.4008600414079514,0.7732232189063311
46,beta,1,max,1.0,raw,6,0.4403175668039103,0.6701800776462928,0.4141004832857964,0.7705404632542179
24,beta,1,max,1.0,raw,5,0.4310099451915721,0.6463651904916966,0.3806354940624584,0.8131313131313131
45,beta,1,max,1.0,raw,5,0.4193031721102477,0.6853344379707091,0.3694762666859302,0.8272686583864832
3,beta,1,max,1.0,raw,5,0.4313178430626236,0.664172918460214,0.3830295647995446,0.8103439674048616
43,beta,1,max,1.0,raw,5,0.4383284694645936,0.6313948520234286,0.3703718491972875,0.8231591121881368
12,beta,1,max,1.0,raw,5,0.4267199781044685,0.6421058935042449,0.3977139953775082,0.8030565551557154
8,beta,1,max,1.0,raw,6,0.4307398999624689,0.6559909150782581,0.3731110402791392,0.8068870201015387
47,beta,1,max,1.0,raw,5,0.4183043620949327,0.6610294659696657,0.4123489804241517,0.7814503343213622
10,beta,1,max,1.0,raw,5,0.4289688168943393,0.6441674054107297,0.3813554125594157,0.8210247933884297
23,beta,1,max,1.0,raw,5,0.4251816753956891,0.6514230082599962,0.3845450064110087,0.8137145782783874
27,beta,1,max,1.0,raw,5,0.4551918968125563,0.6143509191028736,0.384873137968539,0.810759624115016
31,beta,1,max,1.0,raw,5,0.4142566261832064,0.6978044878923118,0.379564225235474,0.8194371924055415
19,beta,1,max,1.0,raw,5,0.4291768247210819,0.636202193320842,0.3836481354922554,0.8237872250868147
37,beta,1,max,1.0,raw,5,0.4369508327926677,0.6523898368067382,0.4045364480920482,0.7867677028617355
15,beta,1,max,1.0,raw,5,0.4395853140486557,0.6257727761439459,0.4041530150470829,0.7804279678342647
11,beta,1,max,1.0,raw,5,0.443479798889044,0.6367036872870898,0.3920449959271026,0.8169518318765112
35,beta,1,max,1.0,raw,5,0.4240142835334452,0.6937132980229791,0.3758459483578996,0.8091743119266055
13,beta,1,max,1.0,raw,5,0.4409559028672892,0.6519253817179952,0.3815536821675829,0.8213733499492291
26,beta,1,max,1.0,raw,6,0.4395226487159923,0.6262072427222882,0.3791903187986686,0.8188769960405516
17,beta,1,max,1.0,raw,5,0.4536455058794851,0.6205624142661178,0.3869591938407802,0.7834196123991275
29,beta,1,max,1.0,raw,5,0.4318809703187888,0.6522744667398755,0.409987351292213,0.7898548281983865
40,beta,1,max,1.0,raw,5,0.4273008300595978,0.6567327546650352,0.3916440831261333,0.8341623859375338
5,beta,1,max,1.0,raw,5,0.4122501873966714,0.6876884304099853,0.3845783494348808,0.8009434687578944
6,beta,1,max,1.0,raw,5,0.4427796661652315,0.602394615351426,0.3984229702263693,0.8063126669293752
49,beta,1,max,1.0,raw,5,0.4515940189911158,0.646726065838112,0.4034072375896048,0.7806202243174405
7,beta,1,max,1.0,raw,5,0.4235012358385089,0.6913983326786859,0.3912775311518377,0.8061536691971475
41,beta,1,max,1.0,raw,5,0.4373284582617701,0.6407862328052177,0.3749448219076571,0.819994683678894
48,beta,1,max,1.0,raw,6,0.4506488427085834,0.5720045859225622,0.3823010862716201,0.8091536011058739
42,beta,1,max,1.0,raw,6,0.4358316183542726,0.66713223760842,0.3774894496251827,0.8210531410869664
36,beta,1,max,1.0,raw,6,0.4528414398064935,0.6160262118491922,0.3903270920590581,0.8034142250358466
39,beta,1,max,1.0,raw,6,0.4192950693869552,0.6931904387032133,0.3697828327610273,0.8340199578870274
34,beta,1,max,1.0,raw,6,0.4317975514163162,0.6640789058900555,0.4000057510618193,0.7813819789939194
32,beta,1,max,1.0,raw,7,0.4450711884777489,0.624485776042393,0.3827756163286628,0.7832697073203402
20,beta,1,max,1.0,raw,7,0.4258666871471306,0.6742179599492015,0.409289033614056,0.7724630138199857
4,beta,1,max,1.0,raw,6,0.4390083265992122,0.6565304686206326,0.3603172389278781,0.8375761844136848
0,beta,1,max,1.0,raw,9,0.4443684660354737,0.6459929967722171,0.3598594303002695,0.8268044655686968
16,beta,1,max,1.0,raw,6,0.4277935422621712,0.6723903831599921,0.3902264469170003,0.8099946193166532
22,beta,1,max,1.0,raw,6,0.438690065599508,0.619985832649048,0.3778116204414826,0.8258418504572351
9,beta,1,max,1.0,raw,6,0.4244269785559277,0.6697463591641907,0.3743286083052874,0.8222182490017285
21,beta,1,max,1.0,raw,6,0.427924057519981,0.6777145666526196,0.3828948963785555,0.8080949811117106
30,beta,1,max,1.0,raw,6,0.4527144874503218,0.6068106571714144,0.3918449425615671,0.8057468455660209
25,beta,1,max,1.0,raw,6,0.4369827005139645,0.6078142246136866,0.3771388530254163,0.8211467281234723
38,beta,1,max,1.0,raw,7,0.4362645074678325,0.6574894040403299,0.4077305956327486,0.7925616924452149
45,beta,1,max,1.0,raw,6,0.4201332092776993,0.6786522823669258,0.3863917422781543,0.7960501286785275
12,beta,1,max,1.0,raw,6,0.4255889493320118,0.6325899868941989,0.387277430788636,0.7875405393398195
18,beta,1,max,1.0,raw,6,0.4319869675800818,0.6802095178486774,0.3684513377728702,0.8140178261372846
28,beta,1,max,1.0,raw,7,0.4473249404422381,0.6339397316690734,0.4018047574238227,0.7934406006972378
10,beta,1,max,1.0,raw,6,0.4303927442741185,0.650356939509474,0.3696710116594284,0.8415206611570247
19,beta,1,max,1.0,raw,6,0.4346445941660848,0.6375888625592417,0.4043372498038504,0.7768809849521203
46,beta,1,max,1.0,raw,7,0.4291903480767482,0.6855947457107843,0.4043051308788703,0.7865541893051187
3,beta,1,max,1.0,raw,6,0.4313163402227768,0.6714211044152011,0.3770120406681788,0.8118628565093268
2,beta,1,max,1.0,raw,7,0.4229799212363984,0.6553637052206357,0.3964706380935515,0.7904945963406221
31,beta,1,max,1.0,raw,6,0.4158915840731491,0.6977396895059013,0.3878467369797526,0.8010231855398664
2,beta,1,max,1.0,raw,6,0.4223298869960858,0.6608330549300336,0.3757746959598507,0.8132972724385998
33,beta,1,max,1.0,raw,6,0.4348269444191598,0.621353752732986,0.3956905743339867,0.8052009660169053
43,beta,1,max,1.0,raw,6,0.4403160269970279,0.6379329370245893,0.3775593522762639,0.819573718125241
11,beta,1,max,1.0,raw,6,0.4439537500669686,0.6226657482611684,0.4084678959353471,0.7855474965387554
24,beta,1,max,1.0,raw,6,0.431555985657779,0.6419156355150332,0.3826154084721673,0.8104152637485971
14,beta,1,max,1.0,raw,7,0.4394677223324297,0.5978080597631248,0.3557930609242446,0.8396292558559515
47,beta,1,max,1.0,raw,6,0.4177954840494098,0.6780314224521202,0.3789477767997906,0.8326669883504514
35,beta,1,max,1.0,raw,6,0.4244114250315325,0.6883880737444968,0.3858575575963975,0.7954404775063556
13,beta,1,max,1.0,raw,6,0.4418602524418214,0.6463405615745061,0.3955598019938707,0.802132373303794
23,beta,1,max,1.0,raw,6,0.4254721473224793,0.6523296747839685,0.3938990333619354,0.7817988558199586
44,beta,1,max,1.0,raw,6,0.4332620881579513,0.6360724975348395,0.3796853579551021,0.7987028493894165
37,beta,1,max,1.0,raw,6,0.4433008398998951,0.6595782496722716,0.3683025190825517,0.8091277017135967
27,beta,1,max,1.0,raw,6,0.4541761275568845,0.6045141766040999,0.3818123071095249,0.8068826835558673
8,beta,1,max,1.0,raw,7,0.4312372523648957,0.6626841440027894,0.3704058445006448,0.8152408339324227
29,beta,1,max,1.0,raw,6,0.4285485518401106,0.6751882405970456,0.3759983601382187,0.8129339985168207
49,beta,1,max,1.0,raw,6,0.4465377081575473,0.6439861636422992,0.365319288042242,0.8251485767907413
15,beta,1,max,1.0,raw,6,0.4383890961065885,0.6292064583794497,0.3994172336293927,0.8012357457634819
26,beta,1,max,1.0,raw,7,0.4461910215239641,0.6052603799279797,0.426380243595148,0.7819964756559197
41,beta,1,max,1.0,raw,6,0.4377084133463439,0.6421967343578313,0.36655405882005,0.8207336523125995
7,beta,1,max,1.0,raw,6,0.422607933145497,0.7012600677059839,0.4010433552033518,0.7807050839659535
17,beta,1,max,1.0,raw,6,0.4505811349573978,0.6257349108367627,0.4045564859179856,0.7690910229906659
6,beta,1,max,1.0,raw,6,0.4437733200822823,0.6023899411773166,0.4340740327559454,0.7520195717851046
40,beta,1,max,1.0,raw,6,0.4224984718893282,0.6622501784439686,0.3815403254983466,0.8167685371827382
48,beta,1,max,1.0,raw,7,0.4500467051004532,0.5878913718929254,0.4265828767038653,0.7653291897706662
5,beta,1,max,1.0,raw,6,0.4096162783870266,0.69507433767324,0.3988024405373667,0.781327226597252
34,beta,1,max,1.0,raw,7,0.4325878572531793,0.6632902107228594,0.3862646307226679,0.8017247097844113
20,beta,1,max,1.0,raw,8,0.4170152179870826,0.6779760294913102,0.377437912306708,0.8196480776045358
36,beta,1,max,1.0,raw,7,0.4543607894795159,0.6176078994614004,0.3777590817534351,0.8085545004463923
4,beta,1,max,1.0,raw,7,0.4387251695035155,0.652584934039852,0.4114233698254734,0.7820028713059024
44,beta,1,max,1.0,raw,7,0.4376546892807686,0.6143995580499153,0.3918426418481958,0.7964179104477611
42,beta,1,max,1.0,raw,7,0.4479110092722518,0.6434181704629861,0.4080129664174541,0.7904651268734909
30,beta,1,max,1.0,raw,7,0.4525874336348195,0.6130188811844077,0.3978828047113631,0.7834158965701085
39,beta,1,max,1.0,raw,7,0.4204162349106405,0.6855003101219017,0.3616934089764636,0.8279147212304311
22,beta,1,max,1.0,raw,7,0.4382274064225968,0.6298818330155666,0.3826732966285376,0.8262614308768156
0,beta,1,max,1.0,raw,10,0.4497401321605109,0.6158787750170288,0.4049331707329235,0.7736680667624626
9,beta,1,max,1.0,raw,7,0.4253110476657531,0.659088086308509,0.3697360449137706,0.8293158656112349
10,beta,1,max,1.0,raw,7,0.4296514149165642,0.6540761855340699,0.3737401262784389,0.8206170798898071
19,beta,1,max,1.0,raw,7,0.4269958809736567,0.6521430342775267,0.3682599537275287,0.8203619909502263
12,beta,1,max,1.0,raw,7,0.4263106912882977,0.6444399579793113,0.3783136827068158,0.8243758052334622
45,beta,1,max,1.0,raw,7,0.4199067046508008,0.6752005907408575,0.4028458656478604,0.782801835067696
28,beta,1,max,1.0,raw,8,0.4411683074228673,0.6516347351830751,0.3713963529674777,0.8184338964869938
21,beta,1,max,1.0,raw,7,0.4294135694380367,0.6674403006040174,0.3699101294130154,0.8158985429033999
16,beta,1,max,1.0,raw,7,0.4279791945665874,0.6709939679204492,0.3746791102446019,0.8195397273787104
33,beta,1,max,1.0,raw,7,0.4370695789756146,0.6328707868444519,0.3998520555188893,0.7895193634638605
32,beta,1,max,1.0,raw,8,0.4439045415333167,0.6324016873518338,0.3740357479131295,0.7883932757350479
25,beta,1,max,1.0,raw,7,0.4362698528887874,0.6174926816393127,0.3659279709185277,0.8398470026377004
3,beta,1,max,1.0,raw,7,0.4322541998134641,0.6761333169351864,0.3763705282651967,0.810011363951329
38,beta,1,max,1.0,raw,8,0.4393726190364134,0.6238018363434568,0.4203326677780468,0.757190454262264
2,beta,1,max,1.0,raw,8,0.4235561394677574,0.6601065498307903,0.3997384877971668,0.7947430661250233
46,beta,1,max,1.0,raw,8,0.4306759821827384,0.6812038047640931,0.3693202757275851,0.8374034887046039
47,beta,1,max,1.0,raw,7,0.418485055205419,0.6814195490369919,0.3955498567062309,0.7829323774729441
23,beta,1,max,1.0,raw,7,0.4263197442157759,0.6514888929170316,0.3758759401104775,0.8146606415421943
13,beta,1,max,1.0,raw,7,0.4439506453241211,0.6546227557279853,0.4003625441217611,0.7726564663528109
37,beta,1,max,1.0,raw,7,0.4447533794990871,0.6518956636629197,0.3749221879974095,0.8097534372398749
31,beta,1,max,1.0,raw,7,0.4164994341307204,0.7086807323096287,0.3654668547478013,0.8275360225745171
11,beta,1,max,1.0,raw,7,0.4446655224846632,0.6328368810560832,0.3963958378297588,0.7963961730002274
18,beta,1,max,1.0,raw,7,0.4318212933690614,0.6642589568725387,0.3993129835497534,0.7861152911216577
8,beta,1,max,1.0,raw,9,0.4434552362133088,0.6262224813071439,0.4189336459440558,0.7499094399768167
8,beta,1,max,1.0,raw,8,0.4315279472656184,0.6446968101077019,0.3794341784642728,0.8074164479293798
29,beta,1,max,1.0,raw,7,0.4288385848571218,0.6559600194820321,0.3795934913956582,0.8201757342861637
49,beta,1,max,1.0,raw,7,0.4534956139906538,0.6284901684698557,0.4208843467814301,0.7684883149381116
35,beta,1,max,1.0,raw,7,0.4242912961072945,0.6985680816553893,0.3953497111481904,0.78662540068531
7,beta,1,max,1.0,raw,7,0.4245776742789525,0.6823233180849074,0.3900071789618749,0.8089832068092938
43,beta,1,max,1.0,raw,7,0.4422725177895557,0.6355100035997483,0.4018976645953039,0.7902076334196177
14,beta,1,max,1.0,raw,8,0.4399205413510907,0.6016870319274734,0.3761782216836968,0.8135496892760398
26,beta,1,max,1.0,raw,8,0.4386132925563297,0.6327717069494536,0.3932994459729786,0.8101042074576861
27,beta,1,max,1.0,raw,7,0.4534653503519767,0.6164671558941472,0.3766294483171536,0.8065707458097291
24,beta,1,max,1.0,raw,8,0.431877623521093,0.6417928470639314,0.3659529527484861,0.8449943883277216
15,beta,1,max,1.0,raw,7,0.4399273835211432,0.6286484520760207,0.3970614776153828,0.8000090863659078
24,beta,1,max,1.0,raw,7,0.4316025453919346,0.6434511695430369,0.3669877828076877,0.8354826038159371
48,beta,1,max,1.0,raw,8,0.4503660726347991,0.5701885157743786,0.3944258218534613,0.7935632733452167
40,beta,1,max,1.0,raw,7,0.4215647121509964,0.6682299632915265,0.3667318885767368,0.8347150876736675
6,beta,1,max,1.0,raw,7,0.4421446708722993,0.6132056205145906,0.3809533810141186,0.813307281404615
41,beta,1,max,1.0,raw,7,0.4444546719043222,0.6188556822036307,0.3849891361957955,0.8133227006911218
17,beta,1,max,1.0,raw,7,0.451104625627619,0.6207482853223594,0.3799357242558419,0.8139048823130763
5,beta,1,max,1.0,raw,7,0.4175196222159852,0.7012084516705539,0.3909111881930723,0.7883400880863729
34,beta,1,max,1.0,raw,8,0.4328377637134548,0.6646523921530589,0.3969247561526163,0.7973079049198452
4,beta,1,max,1.0,raw,8,0.4397709862535911,0.6566105039465695,0.3669653078216808,0.8399490749519192
20,beta,1,max,1.0,raw,9,0.416707587219558,0.6832219667928788,0.3880528259742641,0.8058170180722892
36,beta,1,max,1.0,raw,8,0.4523441393756673,0.6161070017953321,0.3696892309914159,0.8335308281254228
44,beta,1,max,1.0,raw,8,0.4341715665633509,0.6362698446260844,0.3711943640587314,0.8110827679782903
5,beta,1,max,1.0,raw,8,0.4137778653387487,0.7001177773668882,0.3836148669923507,0.7930080068536032
22,beta,1,max,1.0,raw,8,0.442188295963501,0.6236330444650415,0.4134435706294829,0.7829263044647661
42,beta,1,max,1.0,raw,8,0.43707452248177,0.6679756222002865,0.392582224354763,0.7902259578151337
30,beta,1,max,1.0,raw,8,0.4528507356316125,0.6134686562968515,0.3936333210956891,0.7965334547716367
39,beta,1,max,1.0,raw,8,0.4209830603974573,0.6838545766836042,0.3681573437145965,0.8192403643687631
10,beta,1,max,1.0,raw,8,0.4323770446420206,0.6507887744536297,0.3766209814159224,0.8131460055096419
12,beta,1,max,1.0,raw,8,0.4272429547875762,0.6499970914018417,0.3727917023171221,0.8114865165045092
0,beta,1,max,1.0,raw,11,0.4462636527208908,0.64424116296025,0.363630680492272,0.8190339339007405
9,beta,1,max,1.0,raw,8,0.4255381949099572,0.6639998660562076,0.3752872439803232,0.8144325428430559
33,beta,1,max,1.0,raw,8,0.4391985176879157,0.6256515104559444,0.4144616092888492,0.778080257029498
28,beta,1,max,1.0,raw,9,0.4416089056890037,0.6572669084803004,0.3715386183613909,0.8133279699651381
1,beta,1,max,1.0,raw,8,0.4388143516961112,0.6439946322169715,0.3895299439727764,0.8025348556618106
16,beta,1,max,1.0,raw,8,0.4279038777091654,0.6725126852493462,0.3953163154327457,0.7983644964577169
21,beta,1,max,1.0,raw,8,0.4295734254093435,0.668834105913752,0.3678757932811898,0.8362385321100918
25,beta,1,max,1.0,raw,8,0.4369336447422222,0.6082153847538151,0.3701218375766903,0.8232901953832187
38,beta,1,max,1.0,raw,9,0.4264432677586597,0.6550023687641199,0.3678458379061247,0.8206517322642685
47,beta,1,max,1.0,raw,8,0.4200196085905187,0.6655771949430246,0.3983366969630279,0.78933158704993
2,beta,1,max,1.0,raw,9,0.4233517936595108,0.6618072539573648,0.3923787801790752,0.7963964654483342
46,beta,1,max,1.0,raw,9,0.4313314892997463,0.6950605803844975,0.3659532581392787,0.8398913354303689
23,beta,1,max,1.0,raw,8,0.4271546881854591,0.648784946459519,0.3954818340293886,0.7830454332969748
11,beta,1,max,1.0,raw,8,0.4436659236293181,0.6326024240633339,0.3965941967632893,0.7961998636166386
19,beta,1,max,1.0,raw,8,0.4279393789150685,0.6380517744957566,0.3811010523147689,0.8083710407239818
7,beta,1,max,1.0,raw,8,0.4244107930478361,0.6967987453638668,0.3898184460395484,0.8079940188635841
37,beta,1,max,1.0,raw,8,0.4440906392523309,0.657606395606891,0.3835672217866777,0.7876058440253739
45,beta,1,max,1.0,raw,8,0.4216218648104642,0.6679577115995929,0.3737315141769392,0.8242139420387153
32,beta,1,max,1.0,raw,9,0.4448825869072742,0.6224403848835588,0.3720220899996301,0.8126046480476861
3,beta,1,max,1.0,raw,8,0.4325661209312056,0.671710429221498,0.3632434907383814,0.8212201003353752
43,beta,1,max,1.0,raw,8,0.437804831166054,0.6396904216415525,0.3806535604876877,0.8143691138403921
31,beta,1,max,1.0,raw,8,0.4174351182365065,0.6980988263254977,0.3894993776578424,0.7871585215468877
13,beta,1,max,1.0,raw,8,0.4440317978469977,0.6560293505583903,0.3787860876460064,0.8063671189882766
14,beta,1,max,1.0,raw,9,0.4395188346055866,0.6012868592450775,0.3587593319639467,0.8402400807351145
27,beta,1,max,1.0,raw,8,0.4523996927985473,0.607888931690135,0.3827632171670982,0.8139736969636202
29,beta,1,max,1.0,raw,8,0.4291045309041366,0.6736493415738698,0.3859074878220225,0.8006528236589587
49,beta,1,max,1.0,raw,8,0.4544997407673263,0.6228781338723666,0.4230126653278943,0.7886634791545645
15,beta,1,max,1.0,raw,8,0.4384142315237467,0.6258969605455944,0.4166835384131941,0.7688314933442371
35,beta,1,max,1.0,raw,8,0.4271316811092361,0.6916244011243766,0.3766003870601964,0.8081795070189013
8,beta,1,max,1.0,raw,10,0.4331644355689069,0.66034602365179,0.3729534131953207,0.8050089445438283
26,beta,1,max,1.0,raw,9,0.4396790157006541,0.6272936300927903,0.3890818058723887,0.8054975416612278
18,beta,1,max,1.0,raw,8,0.4332598182173265,0.666763441893035,0.3865058004356085,0.7941717791411044
48,beta,1,max,1.0,raw,9,0.4492671940431548,0.5798622729445506,0.3761576427013389,0.8187884236619603
24,beta,1,max,1.0,raw,9,0.4325280539008215,0.6421747802018887,0.3522625311476427,0.8506285072951739
6,beta,1,max,1.0,raw,8,0.4413371918257269,0.6167626670118365,0.3895168416846908,0.8076864135907877
17,beta,1,max,1.0,raw,8,0.453505520703949,0.6189979423868313,0.3762371200752247,0.8042689628857642
40,beta,1,max,1.0,raw,9,0.4267626310377639,0.690892028653003,0.3860393297166216,0.7886511910180549
20,beta,1,max,1.0,raw,10,0.4173318698838862,0.6752692787093436,0.3766155015676358,0.8304283309709426
40,beta,1,max,1.0,raw,8,0.4361995715968684,0.650572295299276,0.4179092792734086,0.7704499642369464
5,beta,1,max,1.0,raw,9,0.4108063405101987,0.7005458425065116,0.3850310131685606,0.803700286665129
41,beta,1,max,1.0,raw,8,0.4408152683495105,0.6406494303959961,0.357041224000208,0.8363902179691652
22,beta,1,max,1.0,raw,9,0.438766961055167,0.6283343494824688,0.3569749215931755,0.8518854222700377
39,beta,1,max,1.0,raw,9,0.4212442380414867,0.6762407858011881,0.3752764437886518,0.8200643138331959
10,beta,1,max,1.0,raw,9,0.4418131210618504,0.6341775436219361,0.4155188087815067,0.7787052341597795
42,beta,1,max,1.0,raw,9,0.4379448672481074,0.6655473801182045,0.3876546458864984,0.8017060726162818
34,beta,1,max,1.0,raw,9,0.4338906620455183,0.6652292126385219,0.3731690251753063,0.8203869541182974
36,beta,1,max,1.0,raw,9,0.4529257369105617,0.6176664272890484,0.3983374264272712,0.7966236506777047
30,beta,1,max,1.0,raw,9,0.4534178149461126,0.6074322213893053,0.3997352819387355,0.7775346543451217
9,beta,1,max,1.0,raw,9,0.4242124792376691,0.6863547805757149,0.377959513904246,0.8194388006653338
0,beta,1,max,1.0,raw,12,0.4491024032522525,0.6104839620607152,0.3935268950765501,0.8015253675251465
4,beta,1,max,1.0,raw,9,0.4390504136237674,0.6531603604349506,0.3751864565787612,0.8249695262345261
16,beta,1,max,1.0,raw,9,0.4288396272873235,0.6739359239236299,0.3783284727525143,0.8174266881894001
28,beta,1,max,1.0,raw,10,0.4410812227778939,0.6517280600621402,0.365397921577633,0.8248753016894609
33,beta,1,max,1.0,raw,9,0.4406817406448567,0.6267512568295985,0.4180487440335164,0.7705009056408487
21,beta,1,max,1.0,raw,9,0.4300356408252572,0.6667987076836634,0.379438478730293,0.8148731786292499
12,beta,1,max,1.0,raw,9,0.4295764259346681,0.6342259878112628,0.3901059134953108,0.7880792127593407
44,beta,1,max,1.0,raw,9,0.4340306392151499,0.6310703528955315,0.3805002720364414,0.7952238805970149
11,beta,1,max,1.0,raw,9,0.4444509336458103,0.624384983931372,0.4065415363346094,0.7794619056475109
38,beta,1,max,1.0,raw,10,0.4261248890458955,0.6587837047738114,0.3545917129572393,0.8383292250182843
47,beta,1,max,1.0,raw,9,0.4210493874758206,0.6678520379971205,0.4018408400699215,0.801848532892167
2,beta,1,max,1.0,raw,10,0.423843735086595,0.6566554115225812,0.3735371907496678,0.8252816801165045
7,beta,1,max,1.0,raw,9,0.4256735674278317,0.6919143320909326,0.4025297198074382,0.7918737060041408
31,beta,1,max,1.0,raw,9,0.417565784325521,0.6878897856326601,0.368870227417018,0.8304356037461255
3,beta,1,max,1.0,raw,9,0.4337141024606248,0.6617783790431682,0.3783388707341082,0.813836303666953
23,beta,1,max,1.0,raw,9,0.4283557715395708,0.6495307473995627,0.3740216446875888,0.8059179039690137
15,beta,1,max,1.0,raw,9,0.4395090025239079,0.6361989954568932,0.3855894534824398,0.7864931170778247
27,beta,1,max,1.0,raw,9,0.4524446015931626,0.6103855299148379,0.3920479606025622,0.8021980470468965
19,beta,1,max,1.0,raw,9,0.4284415473997229,0.6541879064256584,0.3777701856962122,0.8013311585815007
13,beta,1,max,1.0,raw,9,0.4447664124900484,0.6509163493195602,0.3794680491028421,0.8097133757961782
25,beta,1,max,1.0,raw,9,0.4366363959552141,0.6116162479604568,0.3674585681059085,0.8381064427576056
43,beta,1,max,1.0,raw,9,0.4453843711276123,0.6178934407202188,0.4228190350080369,0.7561601586165116
46,beta,1,max,1.0,raw,10,0.431762177626386,0.6798864626416973,0.3766471134585126,0.829190734915642
49,beta,1,max,1.0,raw,9,0.4528721893385476,0.6405234469545833,0.4152389762960808,0.7646621832968408
26,beta,1,max,1.0,raw,10,0.4405857325703161,0.639105820701342,0.3804055077161592,0.799030805377888
37,beta,1,max,1.0,raw,9,0.4385343653719716,0.6447695062913532,0.384295820594205,0.7984614943023625
14,beta,1,max,1.0,raw,10,0.4402408575682456,0.58087617546033,0.3586940325966183,0.8322834227439316
32,beta,1,max,1.0,raw,10,0.4462664575507243,0.6203653604797098,0.3929906357421233,0.7808586163016543
18,beta,1,max,1.0,raw,9,0.4348486876678578,0.6424963050867414,0.3771874485158055,0.8138441949299688
29,beta,1,max,1.0,raw,9,0.4301072411378397,0.6586608825602538,0.3920889886488087,0.7940178430975977
48,beta,1,max,1.0,raw,10,0.4496865034854496,0.5801621504541109,0.3609530177227905,0.8463729102464831
45,beta,1,max,1.0,raw,9,0.436109837611513,0.6615325042549551,0.4146001851508357,0.7829864607810226
8,beta,1,max,1.0,raw,11,0.4333487497240593,0.6527105851929336,0.3902778608895994,0.7721175441236298
6,beta,1,max,1.0,raw,9,0.4415528214427251,0.6181314809221786,0.3764028139381139,0.8125903060554315
35,beta,1,max,1.0,raw,10,0.4272705419902331,0.6920579788840024,0.3989445881513435,0.7812866143472974
24,beta,1,max,1.0,raw,10,0.4327717111144902,0.636898947139911,0.3680978609259212,0.8442424242424242
35,beta,1,max,1.0,raw,9,0.4268453931524794,0.6992008945393777,0.3809398077127405,0.8055488007074167
17,beta,1,max,1.0,raw,9,0.4521349581528007,0.6248628257887517,0.3840851357589401,0.7930384468629159
20,beta,1,max,1.0,raw,11,0.4176797848345263,0.6786047629406645,0.3757060279028059,0.8325600194897235
5,beta,1,max,1.0,raw,10,0.4121235307187705,0.6814532454769269,0.395265481436948,0.7968137335661802
34,beta,1,max,1.0,raw,10,0.4336855851254957,0.668837447561774,0.3882909470389226,0.7986843559977889
39,beta,1,max,1.0,raw,10,0.4222226653006108,0.6746958419809633,0.3575672625241353,0.8321660715920536
41,beta,1,max,1.0,raw,9,0.4379627811489231,0.6442403374709295,0.3572724035017495,0.8367410951621478
10,beta,1,max,1.0,raw,10,0.4324419170307877,0.64759325592737,0.3780171886943597,0.8086225895316804
36,beta,1,max,1.0,raw,10,0.4527020618140657,0.6155238779174147,0.4018013640792158,0.7812515217920623
40,beta,1,max,1.0,raw,10,0.4229557886804651,0.6742368333843173,0.3791490740240441,0.8186054576587122
42,beta,1,max,1.0,raw,10,0.4492272417675644,0.6300814574940046,0.4113315093072412,0.7943203043141542
22,beta,1,max,1.0,raw,10,0.4390491578596558,0.6184873357274512,0.3683402856469847,0.8509628832705757
30,beta,1,max,1.0,raw,10,0.4538552221087929,0.6003435782108945,0.3918820753477881,0.8162264528167762
9,beta,1,max,1.0,raw,10,0.4267699111166256,0.6650291023330573,0.3786581938176525,0.811062529460527
16,beta,1,max,1.0,raw,10,0.4293526992392706,0.664284277315996,0.3811086181455442,0.8217312348668281
0,beta,1,max,1.0,raw,13,0.4462602802235829,0.6339125999911005,0.372822938982359,0.802995468110976
12,beta,1,max,1.0,raw,10,0.4272933149127736,0.6365319928688018,0.369818010421632,0.8152961037807098
21,beta,1,max,1.0,raw,10,0.4306519521796786,0.6644992274195815,0.3707142143882076,0.8293362115488397
38,beta,1,max,1.0,raw,11,0.4262495003414861,0.6583944790756942,0.3683401845097767,0.8206246444727361
11,beta,1,max,1.0,raw,10,0.4448871588957298,0.6276066866024477,0.4117638282781553,0.7813320108280124
31,beta,1,max,1.0,raw,10,0.4186918652448288,0.6844258176540459,0.3664166495793327,0.8246142223900993
7,beta,1,max,1.0,raw,10,0.4440945147598421,0.6316118678149584,0.4281130990929023,0.7239935587761676
4,beta,1,max,1.0,raw,10,0.4414462349934935,0.6585834437268863,0.3587494256682899,0.8359238291302111
1,beta,1,max,1.0,raw,10,0.4396695430643208,0.6458804191493733,0.387477131137984,0.7956139958888193
3,beta,1,max,1.0,raw,10,0.4329604773830709,0.6672515680728077,0.3721127223077118,0.8127941461792179
2,beta,1,max,1.0,raw,11,0.4246895469633038,0.6616067398251032,0.3756341142548358,0.8206006985885882
47,beta,1,max,1.0,raw,10,0.4213247596214449,0.6594663676164643,0.3757379146023245,0.8252510282392409
19,beta,1,max,1.0,raw,10,0.4280583274048668,0.6551023641573901,0.3581636163686095,0.8338840366200146
23,beta,1,max,1.0,raw,10,0.4286523314022487,0.6508190098305259,0.377511673045785,0.8043318567326315
28,beta,1,max,1.0,raw,11,0.4422031568309726,0.6599659178889306,0.3578828017956307,0.8374577634754625
44,beta,1,max,1.0,raw,10,0.4340959853513697,0.6313093174005764,0.404395215886708,0.7802659430122116
27,beta,1,max,1.0,raw,10,0.4524019490489663,0.6099639453388057,0.391040828628062,0.7997136857115802
13,beta,1,max,1.0,raw,10,0.4438557975534364,0.6450650615045278,0.3819839892964154,0.8112941936674973
33,beta,1,max,1.0,raw,10,0.4339361643000752,0.6312796435209967,0.3828290818963303,0.7964248749353113
43,beta,1,max,1.0,raw,10,0.4383526055495376,0.634957930043769,0.3735245447583823,0.8249931156027979
25,beta,1,max,1.0,raw,10,0.4367484210585738,0.6125186708177368,0.3695088321265146,0.822538101607869
48,beta,1,max,1.0,raw,11,0.4499083823081771,0.5686207875239007,0.3690096708661253,0.8348308709276765
8,beta,1,max,1.0,raw,12,0.4341031939365086,0.6559548974314272,0.3630070215313273,0.8174309932623343
33,beta,1,max,1.0,raw,11,0.4359733819721637,0.6347790449995119,0.3907999028601081,0.7993196912195962
15,beta,1,max,1.0,raw,10,0.4381500761825406,0.6357849376508659,0.3980424830200956,0.7859536141020399
37,beta,1,max,1.0,raw,10,0.4428270311737469,0.6538271968125188,0.3712577658139657,0.8056718045868135
6,beta,1,max,1.0,raw,10,0.4417093131181017,0.6150177618616157,0.4027640545451065,0.7734029510924296
49,beta,1,max,1.0,raw,10,0.4463088116773197,0.6526704895815129,0.3608889410869269,0.8346329147861835
14,beta,1,max,1.0,raw,11,0.439541549263608,0.5997661279726711,0.374106275981467,0.8221224836670739
24,beta,1,max,1.0,raw,11,0.4328435473547292,0.6346524611961359,0.3643183517260954,0.8448260381593715
45,beta,1,max,1.0,raw,10,0.4226595859078637,0.6639467973020432,0.3811070346119965,0.8113293051359516
18,beta,1,max,1.0,raw,10,0.4348074962267188,0.6661939449899454,0.3883214549811555,0.7853281629818265
35,beta,1,max,1.0,raw,11,0.4298848305931713,0.6907581232928974,0.3897814224965779,0.7865922405217199
46,beta,1,max,1.0,raw,11,0.4328155579441715,0.6868956322763481,0.3636112355157633,0.842596511295396
17,beta,1,max,1.0,raw,11,0.4508558545448615,0.6260792181069958,0.3773867233163755,0.8034659696001548
29,beta,1,max,1.0,raw,10,0.4297497444152072,0.6592683347400328,0.3821454172055013,0.8120238657048473
26,beta,1,max,1.0,raw,11,0.4405994130544523,0.6264819854742878,0.3782731695939029,0.810446852021059
17,beta,1,max,1.0,raw,10,0.4527100438844771,0.6186457475994513,0.3786552817185972,0.797064803266645
5,beta,1,max,1.0,raw,11,0.4141307630589877,0.6838881632259941,0.3794432698368629,0.8164794007490637
34,beta,1,max,1.0,raw,11,0.4339312537204026,0.6681987924052474,0.3737854960181048,0.8198065229408514
32,beta,1,max,1.0,raw,12,0.4457433523601314,0.6191894435922466,0.3747404511604926,0.7997454959480276
42,beta,1,max,1.0,raw,11,0.4379660644340037,0.6647157545678978,0.380725954601482,0.8091772584392509
20,beta,1,max,1.0,raw,12,0.4249682933536469,0.6617483860915784,0.3998459437355959,0.7934753720765414
39,beta,1,max,1.0,raw,11,0.4217433900761749,0.6809549369021207,0.3730308169758441,0.8055307607800055
32,beta,1,max,1.0,raw,11,0.4467081985748593,0.6193044903081858,0.3975740876220508,0.7684459625387895
22,beta,1,max,1.0,raw,11,0.4388806322769087,0.6252224661763306,0.3568351599440014,0.8509521247982785
10,beta,1,max,1.0,raw,11,0.432084731090839,0.6425595860150343,0.3908623165223511,0.7921157024793388
36,beta,1,max,1.0,raw,11,0.4519327032145661,0.6209019748653501,0.3857170772829913,0.8062711360008659
41,beta,1,max,1.0,raw,10,0.4453467305729914,0.6187950893557106,0.3877631063306108,0.812461456671983
40,beta,1,max,1.0,raw,11,0.4238466882815487,0.6707708779443253,0.3748361507725165,0.8134252335435768
30,beta,1,max,1.0,raw,11,0.4527727599571279,0.6132652423788106,0.3865785440925505,0.7967778123333926
12,beta,1,max,1.0,raw,11,0.4270680781485422,0.6339878249502973,0.3760558998323741,0.8125305433382204
0,beta,1,max,1.0,raw,14,0.4488647392882744,0.6073557851932734,0.3833229593068781,0.8078921189344533
49,beta,1,max,1.0,raw,11,0.446845877972274,0.6450987439779198,0.358412511065908,0.8371743598909693
11,beta,1,max,1.0,raw,11,0.4444602037986896,0.6313330267357276,0.3893289618729808,0.8149370776765235
4,beta,1,max,1.0,raw,11,0.4419211195223192,0.6477600458133245,0.3576545374984706,0.8431345992361243
21,beta,1,max,1.0,raw,11,0.430031950478863,0.6690486725663717,0.3895632237158836,0.7953103076092822
9,beta,1,max,1.0,raw,11,0.4264507454720591,0.6703509327358629,0.3708415730593221,0.8237948951340692
16,beta,1,max,1.0,raw,11,0.4292824136174372,0.6771493075402591,0.3760932840265954,0.8129427854004125
3,beta,1,max,1.0,raw,11,0.4336524442519616,0.667655884885008,0.3652953846611964,0.8242800521078744
38,beta,1,max,1.0,raw,12,0.4266080440758537,0.6611999109959433,0.3619148439665508,0.8271365495571145
2,beta,1,max,1.0,raw,12,0.4259609403198661,0.6632255168737903,0.3710761216644562,0.814080173442684
47,beta,1,max,1.0,raw,11,0.4209748307222821,0.6818817590466926,0.3752764040814914,0.8191447806805909
44,beta,1,max,1.0,raw,11,0.4346458797974394,0.6273496218520958,0.3715456369550168,0.8190936227951153
28,beta,1,max,1.0,raw,12,0.4429737884665522,0.6560759213052276,0.3658994239850031,0.8257227138643068
19,beta,1,max,1.0,raw,11,0.4285673626638731,0.6478087457290863,0.3829228378410187,0.8100073660949173
23,beta,1,max,1.0,raw,11,0.4281423182360903,0.6485294343885804,0.3812806953518062,0.8080381986955456
7,beta,1,max,1.0,raw,11,0.4259993143490301,0.6965932032157198,0.3861522571258193,0.812543133195307
31,beta,1,max,1.0,raw,11,0.4194461878350147,0.6982652154024666,0.3829921184244271,0.7939242109473077
37,beta,1,max,1.0,raw,11,0.4394321690966992,0.6403861388949101,0.3855021635370857,0.7957346651740864
27,beta,1,max,1.0,raw,11,0.4534751920065706,0.6038348607835584,0.3602525114889178,0.8417862892219938
13,beta,1,max,1.0,raw,11,0.4438660872758911,0.6528253212738377,0.3771428436227946,0.8128230868642111
14,beta,1,max,1.0,raw,12,0.4394834889412386,0.5975126227077351,0.355178400029494,0.841870717586445
8,beta,1,max,1.0,raw,13,0.4341768176300982,0.6541988101464435,0.3782686197219931,0.7949888262863704
48,beta,1,max,1.0,raw,12,0.4493131289645526,0.5779173637667304,0.3620897668428636,0.830668253415581
33,beta,1,max,1.0,raw,12,0.4353226910101331,0.637340205901874,0.3884926771040838,0.787460108676902
43,beta,1,max,1.0,raw,11,0.4407495660763496,0.635615304649731,0.3841140186715151,0.8063942281213857
24,beta,1,max,1.0,raw,12,0.4329579305243409,0.639050119396505,0.3634970239520078,0.8386419753086419
25,beta,1,max,1.0,raw,11,0.4373549663744935,0.6073448297581342,0.3619469575708507,0.8399007236216538
15,beta,1,max,1.0,raw,11,0.4393772653165891,0.6291768122358199,0.4068182492268217,0.7727613465994275
29,beta,1,max,1.0,raw,11,0.4338191194181794,0.6736033591379503,0.396622713506187,0.7686914312681183
26,beta,1,max,1.0,raw,12,0.4442740931806861,0.621273058641848,0.4050439575558786,0.8001403211069051
34,beta,1,max,1.0,raw,12,0.4349832351786383,0.6623526879895245,0.3752568080851251,0.8193974571586513
6,beta,1,max,1.0,raw,11,0.442026714977249,0.6104126217083027,0.3949714131513371,0.7994822452821926
35,beta,1,max,1.0,raw,12,0.4290652190675867,0.6896481408232478,0.3884105858413082,0.7808002652813086
42,beta,1,max,1.0,raw,12,0.4390582026749862,0.6604335035998999,0.3849741956188013,0.8009771764384311
18,beta,1,max,1.0,raw,11,0.4352152121849231,0.6607614155003547,0.3835932302374338,0.7893998147933788
17,beta,1,max,1.0,raw,12,0.4506891153148185,0.6174149519890262,0.3815657886860155,0.8169118358932304
45,beta,1,max,1.0,raw,11,0.4219462899620514,0.6928186563647225,0.3786097674222745,0.8071500503524672
39,beta,1,max,1.0,raw,12,0.4234720131578962,0.6704340513848135,0.3657397685102872,0.8205106197930971
46,beta,1,max,1.0,raw,12,0.4336928864290386,0.6896443086511949,0.3812285174899292,0.81306834429511
5,beta,1,max,1.0,raw,12,0.4133463189978281,0.6990630724256489,0.3927582664348263,0.7909870726108494
20,beta,1,max,1.0,raw,13,0.4282760499835469,0.6469656169892524,0.4039086583432793,0.7949869330262225
27,beta,1,max,1.0,raw,12,0.4527332980626145,0.609696514531331,0.3678408957437002,0.8308016243044066
36,beta,1,max,1.0,raw,12,0.4529080529287285,0.622716696588869,0.3700933524234887,0.8260152043935829
10,beta,1,max,1.0,raw,12,0.4322320502510706,0.6500731536803869,0.3769562281347439,0.8204462809917356
32,beta,1,max,1.0,raw,13,0.4437725981478808,0.6119718309859155,0.3748246617483789,0.7985232067510548
22,beta,1,max,1.0,raw,12,0.4389413693678585,0.6280407822351286,0.3693516849446855,0.8340129101667564
40,beta,1,max,1.0,raw,12,0.4235364903804356,0.6688185097379422,0.3679581124292786,0.8373918980427857
0,beta,1,max,1.0,raw,15,0.4471652155614581,0.6405399947287532,0.3707571812279546,0.8140212225046977
11,beta,1,max,1.0,raw,12,0.4450010247700925,0.6268415799071745,0.4180571917075538,0.7735881222490855
16,beta,1,max,1.0,raw,12,0.4302128960903965,0.6624347376252957,0.3971407301083508,0.7862747735629091
49,beta,1,max,1.0,raw,12,0.4535880353819274,0.6074959028421251,0.4149776996802579,0.7803074310737744
9,beta,1,max,1.0,raw,12,0.4293041947133882,0.6712212629681944,0.3780725095902349,0.7970135829960612
30,beta,1,max,1.0,raw,12,0.4528081542518011,0.6122071776611694,0.3970756256453565,0.7804114092767017
3,beta,1,max,1.0,raw,12,0.4341397499184115,0.652121817734596,0.3653764907227055,0.825355469940963
12,beta,1,max,1.0,raw,12,0.4274965957874146,0.6349829077084695,0.380403333676108,0.8156515171709094
41,beta,1,max,1.0,raw,11,0.4381861075152154,0.6479792909887191,0.3550854807008923,0.8401222753854334
4,beta,1,max,1.0,raw,12,0.4411680878749754,0.6577858503063421,0.3388159655464292,0.8713871658043719
21,beta,1,max,1.0,raw,12,0.4311353220015059,0.6665521842955471,0.3691751776776907,0.8219751753912574
38,beta,1,max,1.0,raw,13,0.4277862099371057,0.6539292417749761,0.3570646157732029,0.8377062058130401
2,beta,1,max,1.0,raw,13,0.4256809186402864,0.6662692512693916,0.3672093121157651,0.8187940039637784
7,beta,1,max,1.0,raw,12,0.4268078283684655,0.6890904859999782,0.380760943090838,0.8142512077294685
28,beta,1,max,1.0,raw,13,0.4418177248135471,0.6476921801837253,0.3686185303395515,0.8239474389916869
44,beta,1,max,1.0,raw,12,0.4345670035589877,0.6363497232106358,0.3712697063700293,0.8115603799185889
47,beta,1,max,1.0,raw,12,0.4221582521462705,0.6700329385792375,0.3900784865594827,0.8042037177454561
37,beta,1,max,1.0,raw,12,0.4408599882985185,0.6412951336202892,0.3769017713283979,0.8050001435173225
1,beta,1,max,1.0,raw,12,0.4406986641687671,0.6421499383603864,0.3925182050079036,0.7818057914022701
14,beta,1,max,1.0,raw,13,0.440049610104652,0.5908057886142237,0.3656711312886162,0.8276411536622935
31,beta,1,max,1.0,raw,12,0.4320271000309272,0.6851125158083351,0.3881479306903063,0.8053781120504815
48,beta,1,max,1.0,raw,13,0.4500356626949224,0.5745361794933078,0.3645108446083038,0.8268278360105392
33,beta,1,max,1.0,raw,13,0.4375039338888689,0.6344838792316648,0.3917684603700969,0.7972011385199241
6,beta,1,max,1.0,raw,12,0.4421546802540069,0.6172074326559377,0.3748184797920927,0.8193714698541967
19,beta,1,max,1.0,raw,12,0.4294496745067575,0.64534125978177,0.3679343602335032,0.8192518152162476
23,beta,1,max,1.0,raw,12,0.4289191746110649,0.6473535437584488,0.3782905413287392,0.8058900785789016
15,beta,1,max,1.0,raw,12,0.4391643677505942,0.6318732936997333,0.3965466267239905,0.7872029894143837
42,beta,1,max,1.0,raw,13,0.4453978205810381,0.6475246890876748,0.380695268536999,0.8132602159354927
13,beta,1,max,1.0,raw,12,0.4438378864887531,0.646997868869792,0.3753533486744485,0.8161751130804025
29,beta,1,max,1.0,raw,12,0.43143693079131,0.6650109964575373,0.375021178919048,0.8205296748241533
43,beta,1,max,1.0,raw,12,0.4395209705114915,0.6300831306372228,0.3749228835286087,0.81527785427108
8,beta,1,max,1.0,raw,14,0.432498131896819,0.6481039584301875,0.376072601338655,0.8046355586020876
25,beta,1,max,1.0,raw,12,0.4377326176621883,0.6038292422497361,0.3541447010895501,0.8493126400103144
24,beta,1,max,1.0,raw,13,0.4334110012356497,0.63405480028221,0.3740974133992246,0.8187878787878787
18,beta,1,max,1.0,raw,12,0.4353607019326794,0.6497538273724133,0.3828510148272466,0.8096249565921982
35,beta,1,max,1.0,raw,13,0.4291903133575103,0.6882014188115405,0.3811312365423588,0.801497734055488
26,beta,1,max,1.0,raw,13,0.4457748756527894,0.6047318671531408,0.4169753560370091,0.7965561501979723
17,beta,1,max,1.0,raw,13,0.4516534918216088,0.6181687242798354,0.3801524913835651,0.8122761157904927
34,beta,1,max,1.0,raw,13,0.4349665346372185,0.6655714251073014,0.3877303446357133,0.7886290768380321
45,beta,1,max,1.0,raw,12,0.4240533081104219,0.6641431105748016,0.3799820209001865,0.8120118608034016
39,beta,1,max,1.0,raw,13,0.4250996760279395,0.674495753715499,0.3619933731621165,0.8191888675272361
5,beta,1,max,1.0,raw,13,0.4141837608268781,0.6889209012911515,0.3891426570696063,0.8088020472942545
46,beta,1,max,1.0,raw,13,0.4335328308474807,0.6842780019722734,0.3800478775205039,0.8129711181012296
32,beta,1,max,1.0,raw,14,0.4445650788426398,0.6156010319341794,0.372419738891442,0.7987799432947114
20,beta,1,max,1.0,raw,14,0.4180579402274001,0.6797589720373463,0.3808052024461389,0.8292212969525159
36,beta,1,max,1.0,raw,13,0.4542681644777962,0.6105701974865351,0.3972084686963068,0.7831236642047454
27,beta,1,max,1.0,raw,13,0.4524114350590082,0.6094782743646094,0.3709751541964119,0.8342162285612428
10,beta,1,max,1.0,raw,13,0.4451226616155,0.576708060358393,0.4281162316753992,0.7635482093663911
16,beta,1,max,1.0,raw,13,0.4298203176353534,0.6730255237754623,0.3827312538968132,0.8169334588826114
0,beta,1,max,1.0,raw,16,0.4478007617591284,0.6422949091394519,0.3736430492284991,0.8217143804576101
22,beta,1,max,1.0,raw,13,0.4389949359699478,0.6264732106670989,0.3503882187980782,0.8595481441635288
9,beta,1,max,1.0,raw,13,0.4269594637024195,0.6628242048609421,0.3911568263812236,0.80729158200998
49,beta,1,max,1.0,raw,13,0.4473552697311007,0.6517729069870969,0.357367360277899,0.8345379596943564
3,beta,1,max,1.0,raw,13,0.4349541501293756,0.6553628090025827,0.3610294860609204,0.8256437262673577
11,beta,1,max,1.0,raw,13,0.4451309804549446,0.6326454309673293,0.3951453726384965,0.7967474634761226
7,beta,1,max,1.0,raw,13,0.4267577601242906,0.6962201399287492,0.389388913415769,0.7911260639521509
40,beta,1,max,1.0,raw,13,0.4244123905603627,0.669392079636994,0.3814248801763821,0.8078765416043522
21,beta,1,max,1.0,raw,13,0.4308201859360115,0.6715261974996488,0.3712866231726833,0.8175984889368592
12,beta,1,max,1.0,raw,13,0.4276786489199355,0.6373262112600389,0.3802288019427517,0.8171175974054823
28,beta,1,max,1.0,raw,14,0.444556900249788,0.6407305485009733,0.3571172990339161,0.8377527487262001
4,beta,1,max,1.0,raw,13,0.4406682994210403,0.6599792322128387,0.3687585740789822,0.821599804967901
38,beta,1,max,1.0,raw,14,0.4272793130221823,0.6577032275998106,0.3669773880439655,0.8175691415878863
2,beta,1,max,1.0,raw,14,0.4253398637286474,0.6633549425299081,0.3701432754864221,0.8215806935517426
37,beta,1,max,1.0,raw,13,0.4431134184492749,0.6520134007370018,0.3711643954844048,0.8018140589569162
30,beta,1,max,1.0,raw,13,0.4528973435026471,0.6093332240129936,0.3826247358137413,0.8183034920917007
44,beta,1,max,1.0,raw,13,0.4349582269495906,0.6328958134895464,0.3653931094303946,0.8171614654002713
1,beta,1,max,1.0,raw,13,0.440473583935116,0.6327062358742552,0.3763230943808827,0.8218674591116275
14,beta,1,max,1.0,raw,14,0.4399882809205401,0.5893860390036976,0.3876943324002193,0.8061507409571361
41,beta,1,max,1.0,raw,12,0.4393768074736445,0.6376660134716017,0.3552701625914205,0.8326475279106859
6,beta,1,max,1.0,raw,13,0.4427874905745972,0.6089862795012297,0.4047296575732219,0.7684443276851001
47,beta,1,max,1.0,raw,13,0.421914469673971,0.66957529521748,0.3764335926112158,0.821304657521656
31,beta,1,max,1.0,raw,13,0.4322868446479482,0.6826790069153058,0.3938018931147191,0.7848977369935454
48,beta,1,max,1.0,raw,14,0.4489316603429348,0.5802835205544933,0.3895970552071249,0.7992277590982554
13,beta,1,max,1.0,raw,13,0.4477572841371273,0.6410549063971186,0.3675658326318174,0.8126730822486845
42,beta,1,max,1.0,raw,14,0.4522734730735283,0.6298926595489623,0.421050042200126,0.797907840189513
33,beta,1,max,1.0,raw,14,0.4339637037241902,0.6358715842179025,0.3727768125184403,0.8139878385371744
19,beta,1,max,1.0,raw,13,0.4289899018361837,0.6507191667585144,0.3664369623127232,0.8218509944228138
29,beta,1,max,1.0,raw,13,0.4321527506828487,0.6745907714461173,0.3748952600118428,0.8140014382345672
24,beta,1,max,1.0,raw,14,0.4337497980243751,0.6304532318463041,0.3617209284080344,0.8459539842873176
34,beta,1,max,1.0,raw,14,0.4398521815520054,0.6772806081621766,0.374633888500669,0.8203924820342731
23,beta,1,max,1.0,raw,13,0.4335723562375445,0.6403015443764938,0.3913626381948254,0.7713420742158804
43,beta,1,max,1.0,raw,13,0.4388267121539294,0.6362824355830078,0.3786358999482409,0.8116428925483286
17,beta,1,max,1.0,raw,14,0.4515346208301756,0.6158285322359396,0.3769027201894692,0.8119401115078618
8,beta,1,max,1.0,raw,15,0.4346637411089797,0.6516790882147838,0.3755611353960669,0.8020441487079175
25,beta,1,max,1.0,raw,13,0.4373860892094484,0.6041895365438141,0.3580385526871432,0.8356460216925334
5,beta,1,max,1.0,raw,14,0.4145575748601352,0.6940000130797681,0.4049407144705364,0.7718211473195162
15,beta,1,max,1.0,raw,13,0.444618303058156,0.6346629958152821,0.4031304750883913,0.7608752441960838
26,beta,1,max,1.0,raw,14,0.4453759231911126,0.6183592474705141,0.4118256156964488,0.8046545272592786
45,beta,1,max,1.0,raw,13,0.4231889361164344,0.6693460126492987,0.3704943986796189,0.8228152623923015
18,beta,1,max,1.0,raw,13,0.4356225636494836,0.6715161693122348,0.364494410524303,0.8193656673226067
35,beta,1,max,1.0,raw,14,0.4312958527113311,0.6933669039154237,0.3629027004306504,0.8127528462473748
39,beta,1,max,1.0,raw,14,0.4237165172255586,0.6712570672010305,0.3527470025625289,0.8460931062894809
46,beta,1,max,1.0,raw,14,0.432616601947879,0.6915417839499081,0.3651232422848725,0.8474749785530454
32,beta,1,max,1.0,raw,15,0.4470577339879324,0.613429089387812,0.3963652182737174,0.7762596834326791
16,beta,1,max,1.0,raw,14,0.4305574626863279,0.6650640728831041,0.3753143225061029,0.8202291274325173
20,beta,1,max,1.0,raw,15,0.4193347463604196,0.6656802668093413,0.3779213483023454,0.8303618887313962
22,beta,1,max,1.0,raw,14,0.4390360909118448,0.6307928430208175,0.3563036284320045,0.8489671866594943
36,beta,1,max,1.0,raw,14,0.4531910124739824,0.6119554757630161,0.384581933492563,0.7929551172794416
49,beta,1,max,1.0,raw,14,0.4478128741755922,0.644332402335957,0.3662062987987464,0.8266511014790653
27,beta,1,max,1.0,raw,14,0.4523852327659378,0.6083746026643313,0.3768906418004191,0.8119182500292441
0,beta,1,max,1.0,raw,17,0.4489709751299435,0.6248566665867993,0.3773402464646731,0.8221675693600088
3,beta,1,max,1.0,raw,14,0.4345299176933332,0.6542802238347066,0.3915654686634875,0.7869009673217106
28,beta,1,max,1.0,raw,15,0.4423159281376936,0.6531087292116305,0.3685435153418121,0.8204237060874229
10,beta,1,max,1.0,raw,14,0.432726585729921,0.6394673715366116,0.3657259972780052,0.8374600550964189
44,beta,1,max,1.0,raw,14,0.4347592403906169,0.6295207754800938,0.3633222454279245,0.8248141112618725
38,beta,1,max,1.0,raw,15,0.4277170778722485,0.6559512108093154,0.3706062930051461,0.8181108974185335
7,beta,1,max,1.0,raw,14,0.4270306899802998,0.6963021852646577,0.377589484181452,0.8235564757303888
11,beta,1,max,1.0,raw,14,0.4454377650708003,0.6307888506682371,0.3817823523656713,0.8244115884528755
2,beta,1,max,1.0,raw,15,0.4253688880263842,0.6512501370764339,0.3738705992610256,0.8303951733879356
37,beta,1,max,1.0,raw,14,0.4403476681008767,0.6454939925061158,0.3771521087578428,0.8113608312523322
9,beta,1,max,1.0,raw,14,0.4277973912471182,0.6628884369977107,0.3866175316793215,0.8000422606179802
21,beta,1,max,1.0,raw,14,0.4317209505624979,0.67118134569462,0.369387468427715,0.8239935240151106
14,beta,1,max,1.0,raw,15,0.4397151759099107,0.5954899862980273,0.358716257316143,0.843522600520529
40,beta,1,max,1.0,raw,14,0.4256365468927824,0.6661220939125115,0.379039111882152,0.8035199514489456
4,beta,1,max,1.0,raw,14,0.4407442580815723,0.6502849533587238,0.3846724150401411,0.8038573015142076
30,beta,1,max,1.0,raw,15,0.4530570373868899,0.6102827492503747,0.3844485646694248,0.8068797760796163
12,beta,1,max,1.0,raw,14,0.4271375594565812,0.6499649257280906,0.3757991619956482,0.8144242303078767
1,beta,1,max,1.0,raw,14,0.4414249179909794,0.6347300698582288,0.3783783922727041,0.8086681115381178
41,beta,1,max,1.0,raw,13,0.4389854315999451,0.6412584822178732,0.360064032575368,0.8233439659755448
6,beta,1,max,1.0,raw,14,0.4419945535162399,0.6169650947059585,0.3913374697619889,0.7910974648627347
48,beta,1,max,1.0,raw,15,0.4494173191554357,0.5803372968451243,0.3591368549606278,0.8371850104195359
31,beta,1,max,1.0,raw,14,0.4321168542248113,0.6884013084880944,0.3870144686335305,0.8068501216490951
30,beta,1,max,1.0,raw,14,0.4529376135786884,0.6115731196901549,0.3848532562382758,0.7984438866180913
47,beta,1,max,1.0,raw,14,0.4223422006627327,0.6698992010323235,0.3809613800387337,0.8145033432136211
34,beta,1,max,1.0,raw,15,0.4345946401580232,0.6729546060767719,0.3841661149280969,0.8034328358208956
13,beta,1,max,1.0,raw,14,0.4454814690707898,0.6458002922588086,0.3727129695121371,0.8142654389365827
19,beta,1,max,1.0,raw,14,0.4300925686357212,0.6321737573018846,0.3787147391936548,0.8064242870672419
23,beta,1,max,1.0,raw,14,0.4295486919570986,0.6458298356495525,0.3766345718869057,0.805895643656924
42,beta,1,max,1.0,raw,15,0.4501327338757966,0.619512038972077,0.4093252574023543,0.8004703658147693
17,beta,1,max,1.0,raw,15,0.4527146191108667,0.6108731138545953,0.3814639648002368,0.8061426138855193
33,beta,1,max,1.0,raw,15,0.4340588764069633,0.6289553359484388,0.3847782307220327,0.7962092461618078
29,beta,1,max,1.0,raw,14,0.4308733788269726,0.664522735591918,0.3876380974279986,0.8081923189285152
24,beta,1,max,1.0,raw,15,0.4334948830825045,0.6374304651036579,0.3654106449158796,0.8404938271604938
15,beta,1,max,1.0,raw,14,0.4398224359636533,0.6229563924991304,0.4016553118427752,0.7869928672027623
45,beta,1,max,1.0,raw,14,0.4232362226586073,0.6785039968061573,0.3720297403316956,0.8242698892245719
8,beta,1,max,1.0,raw,16,0.4338236190861412,0.6596871125832946,0.362111412791554,0.8197771944783464
43,beta,1,max,1.0,raw,14,0.4392971524965813,0.6265705163788551,0.3693796423476704,0.8214187365754255
21,beta,1,max,1.0,raw,15,0.4322051245074025,0.6608835510605422,0.3698305816949152,0.8268537506745818
26,beta,1,max,1.0,raw,15,0.4450352960422311,0.6176688951356551,0.4102100881936487,0.7961754340164469
32,beta,1,max,1.0,raw,16,0.4437750661513285,0.6199410821363825,0.3637914049369498,0.8100819324448015
25,beta,1,max,1.0,raw,14,0.4372503385722451,0.6028675826614838,0.347618583181717,0.8510639440871999
35,beta,1,max,1.0,raw,15,0.4305467164591866,0.6911027620249076,0.3656052119451175,0.8224273239747983
18,beta,1,max,1.0,raw,14,0.4388967764658047,0.6545040760238087,0.3789154720167315,0.7934193772427365
5,beta,1,max,1.0,raw,15,0.4141092094130595,0.6912651524655065,0.3909677146499703,0.8118444319966611
39,beta,1,max,1.0,raw,15,0.4237291774303684,0.6651440874066652,0.3680431055966264,0.8210999725350179
20,beta,1,max,1.0,raw,16,0.4195478681118059,0.675262664330566,0.3786682482577816,0.8221894932671865
22,beta,1,max,1.0,raw,15,0.4391842676643365,0.6256682795831556,0.3708126408808003,0.8343302850995159
46,beta,1,max,1.0,raw,15,0.4327301670082674,0.6835225423177083,0.366515701636751,0.8440205890763512
3,beta,1,max,1.0,raw,15,0.4344353798540276,0.6570089779854876,0.366266922803895,0.8258931788575072
27,beta,1,max,1.0,raw,15,0.4524953512353414,0.6154885392735304,0.3729307383363358,0.8248191039588242
16,beta,1,max,1.0,raw,15,0.4312206831932344,0.6734671524688736,0.3816627246154758,0.8057965653304636
28,beta,1,max,1.0,raw,16,0.4428896327065659,0.6476901587062004,0.370045214577411,0.8150710646285868
36,beta,1,max,1.0,raw,15,0.4529607080362197,0.6207633752244165,0.3766205659789538,0.8136677217758299
7,beta,1,max,1.0,raw,15,0.4286954872631943,0.6839210580932436,0.3882542575841001,0.795721187025535
0,beta,1,max,1.0,raw,18,0.4458437645069188,0.6357417910601024,0.3629486037668251,0.8146291588371837
49,beta,1,max,1.0,raw,15,0.4467497603443017,0.6435838672553823,0.3711412299048516,0.8264053353590419
11,beta,1,max,1.0,raw,15,0.4454134943694199,0.6219488509179547,0.3858389624390304,0.8199791292129027
2,beta,1,max,1.0,raw,16,0.4276410179505736,0.6625512920888408,0.3638477830120261,0.829119537486176
38,beta,1,max,1.0,raw,16,0.4280597894666029,0.6461614327782162,0.3781661050696229,0.8027873337486795
44,beta,1,max,1.0,raw,15,0.4347344592115282,0.6333129945004601,0.3807455235040901,0.7981058344640433
4,beta,1,max,1.0,raw,15,0.4406447805198775,0.6515489595407628,0.3688826492108524,0.8302245577918032
10,beta,1,max,1.0,raw,15,0.4325821735343506,0.651390580592773,0.3613654864816213,0.8383195592286501
9,beta,1,max,1.0,raw,15,0.4282980736118025,0.6677597291900054,0.379014225941902,0.8137065270982669
14,beta,1,max,1.0,raw,16,0.4400573645390825,0.592028830452165,0.3546485661047282,0.84430339406172
40,beta,1,max,1.0,raw,15,0.4242785297516478,0.6781195829509534,0.3797590156989242,0.8152567353750787
1,beta,1,max,1.0,raw,15,0.4405433863274907,0.6312204643517567,0.3718213828085895,0.8211189561176157
12,beta,1,max,1.0,raw,15,0.4273389268564588,0.635653254036963,0.3862838611759871,0.7947043404860278
6,beta,1,max,1.0,raw,15,0.4416985514515794,0.6195326544994318,0.3997904862125867,0.7823131485616709
41,beta,1,max,1.0,raw,14,0.440333201461188,0.6290415273395554,0.3597973953450716,0.8332854864433811
37,beta,1,max,1.0,raw,15,0.4434006289475935,0.6551403683976919,0.3740041742767612,0.8047016274864376
31,beta,1,max,1.0,raw,15,0.4212896560148357,0.6952246334909912,0.367478255549854,0.8213146989879239
47,beta,1,max,1.0,raw,15,0.4222995070451193,0.684802782784781,0.3914838123945534,0.8032156889777349
48,beta,1,max,1.0,raw,16,0.4494160094668686,0.5790862511950287,0.3701207304208726,0.8225664797559593
34,beta,1,max,1.0,raw,16,0.4351894126323026,0.6746714275321904,0.3770063095918134,0.8089275843007185
19,beta,1,max,1.0,raw,15,0.4316289045719019,0.6475628237628127,0.3804752270971646,0.7967589182363465
13,beta,1,max,1.0,raw,15,0.4474355383216003,0.6354428894385294,0.3730808861691774,0.8134807994092126
42,beta,1,max,1.0,raw,16,0.4402789515594308,0.660029123226263,0.3774924891400453,0.811597421529771
30,beta,1,max,1.0,raw,16,0.453511435056482,0.6060516616691654,0.3849630285135629,0.800232139683668
29,beta,1,max,1.0,raw,16,0.4326589146590913,0.6646382967137683,0.3841117492398812,0.7951920267871189
23,beta,1,max,1.0,raw,15,0.4292369214055606,0.6592365272565162,0.3726082265048112,0.8037586536963247
17,beta,1,max,1.0,raw,16,0.4514178146565777,0.6195318930041152,0.3810578049415382,0.8060628840557426
8,beta,1,max,1.0,raw,17,0.4345748043899697,0.6475010411823958,0.3646195280183,0.8179046918451396
21,beta,1,max,1.0,raw,16,0.4316748696116085,0.6677482792527041,0.3669040884804386,0.8314678899082569
24,beta,1,max,1.0,raw,16,0.4338734042820536,0.636368446760013,0.3642148358148208,0.8418125701459035
32,beta,1,max,1.0,raw,17,0.4455416073287905,0.6163411658067215,0.3731896891021026,0.8022570490924922
33,beta,1,max,1.0,raw,16,0.4342771076796216,0.6274339709918553,0.3759356389748797,0.8072979558392271
25,beta,1,max,1.0,raw,15,0.4369732205786224,0.6025402809770611,0.3563058031446809,0.8359844638914407
26,beta,1,max,1.0,raw,16,0.4414504712664722,0.627113614167498,0.3781949869126232,0.8099573597876691
15,beta,1,max,1.0,raw,15,0.4391415487516222,0.6259816167557368,0.3919328539181657,0.8075507700695107
29,beta,1,max,1.0,raw,15,0.432938105814474,0.6547124433916887,0.3820713810037512,0.8090406525989349
43,beta,1,max,1.0,raw,15,0.4392840759648865,0.6333901891718224,0.3770398055116487,0.8102825356611775
45,beta,1,max,1.0,raw,15,0.4234291519243015,0.6725785778394132,0.3904599604050485,0.7914512700011189
22,beta,1,max,1.0,raw,16,0.4393842855153317,0.6288013081892222,0.3557950712324692,0.85073695535234
35,beta,1,max,1.0,raw,16,0.4319746011358292,0.6865882286856451,0.378249710577068,0.7988338675804134
18,beta,1,max,1.0,raw,15,0.4352325879294649,0.6508903424107877,0.4128561440382447,0.7714839680518578
16,beta,1,max,1.0,raw,16,0.4307566259995918,0.6639505810147561,0.3936508666994759,0.7954835889157923
39,beta,1,max,1.0,raw,16,0.4241918418316965,0.6716125146115127,0.36626909938525,0.8164595349263022
20,beta,1,max,1.0,raw,17,0.4197030495314461,0.6803976270548671,0.3940848100232175,0.7872464121190644
27,beta,1,max,1.0,raw,16,0.4524156345311859,0.6140377617842762,0.3720903966894672,0.8271140745196994
3,beta,1,max,1.0,raw,16,0.4354315292827297,0.6530060878120774,0.3652568341045997,0.814285318329222
46,beta,1,max,1.0,raw,17,0.4334276241945854,0.680371452780331,0.381108715894313,0.8273434372319132
36,beta,1,max,1.0,raw,16,0.4525371717760071,0.6132886894075404,0.3708073966817838,0.8216378540702864
5,beta,1,max,1.0,raw,16,0.4178774546803031,0.7000734845156353,0.3899531308462371,0.7845288697046581
46,beta,1,max,1.0,raw,16,0.4347537564339659,0.6863412296070772,0.3621652545630786,0.8434372319130683
2,beta,1,max,1.0,raw,17,0.429424309321555,0.6418607201422025,0.3732671237282959,0.8211646063048168
7,beta,1,max,1.0,raw,16,0.4287190881879751,0.6922113533592562,0.3912209351929025,0.7986427421210031
44,beta,1,max,1.0,raw,16,0.435173781502377,0.6300507262574332,0.3664751447638682,0.8164179104477612
0,beta,1,max,1.0,raw,19,0.4495240873814309,0.6274922899459526,0.3964925304757944,0.7937216756936001
28,beta,1,max,1.0,raw,17,0.4438808584017333,0.641795867156583,0.3659866663531237,0.8250844730490748
4,beta,1,max,1.0,raw,16,0.4415431696446319,0.6452648065352984,0.3766165896304988,0.8124658016631903
49,beta,1,max,1.0,raw,16,0.446989348926847,0.632070936064552,0.374310256505419,0.8208141561285133
11,beta,1,max,1.0,raw,16,0.4461383523372466,0.6281473943712288,0.396211765321914,0.7922685099084578
14,beta,1,max,1.0,raw,17,0.4398987608636121,0.5966976368789534,0.3550633224910213,0.846953842885218
10,beta,1,max,1.0,raw,16,0.4334785205212108,0.6355189947314935,0.3696176383595133,0.8367493112947658
27,beta,1,max,1.0,raw,17,0.4545914171562459,0.5971608686374331,0.3886315214592128,0.8000311937746138
38,beta,1,max,1.0,raw,17,0.4284417734691197,0.6527184658694166,0.3581190137379484,0.8396402741284503
31,beta,1,max,1.0,raw,16,0.4216987100244502,0.6926272066458983,0.3726284816480754,0.8099607834423916
1,beta,1,max,1.0,raw,16,0.4412518965650653,0.6373812153277174,0.3838239852896333,0.804333497184735
40,beta,1,max,1.0,raw,16,0.4256068581231123,0.6537339400428266,0.3870072300294726,0.8121247588703209
37,beta,1,max,1.0,raw,16,0.4481674331462477,0.6342886487267623,0.4101144133529484,0.7795172077269727
41,beta,1,max,1.0,raw,15,0.4395570928717537,0.6311135528710079,0.363687759527811,0.8336310473152578
9,beta,1,max,1.0,raw,16,0.4280471529109447,0.6646985047002095,0.3658668631016044,0.8379142759618355
34,beta,1,max,1.0,raw,17,0.4363108208895445,0.6648027352748612,0.374655147775188,0.8185406301824212
47,beta,1,max,1.0,raw,16,0.4227336164026005,0.6787558885294285,0.3691091574522223,0.8210059511500196
6,beta,1,max,1.0,raw,16,0.4422871568347766,0.6148293566898217,0.3736576652337346,0.8232956784447655
10,beta,1,max,1.0,raw,17,0.4331780408333668,0.6353421165798192,0.3760804466300471,0.8194600550964187
19,beta,1,max,1.0,raw,16,0.430207821781818,0.6480615562658436,0.3687609784059944,0.8143586235925496
48,beta,1,max,1.0,raw,17,0.449154625337853,0.5795526858269598,0.3688721462580172,0.8346957547537509
42,beta,1,max,1.0,raw,17,0.4490399046106388,0.6386436729496968,0.4020446851007348,0.8076796045738235
12,beta,1,max,1.0,raw,16,0.4282603230977513,0.6366017992246019,0.3716133695964422,0.8198276245057533
21,beta,1,max,1.0,raw,17,0.4319219923606779,0.662303343166175,0.3779179179406752,0.8191527253103076
13,beta,1,max,1.0,raw,16,0.4452504231870204,0.6431759523927392,0.3840193312480426,0.7948802270839102
23,beta,1,max,1.0,raw,17,0.4309053501974874,0.6443312105319133,0.3566284545292559,0.8309329296796741
23,beta,1,max,1.0,raw,16,0.4305963268339965,0.6484535165350422,0.3634310792796977,0.8161520824521961
30,beta,1,max,1.0,raw,17,0.4535140800614044,0.6009456209395303,0.3778985772154795,0.8191198684912031
8,beta,1,max,1.0,raw,18,0.434206280771213,0.6418532320238649,0.3880525379754584,0.7850745935944807
15,beta,1,max,1.0,raw,17,0.4405829084867032,0.6239712788160516,0.3976072187492285,0.795375039752851
0,beta,1,max,1.0,raw,20,0.4453693320165023,0.6325971843327595,0.3701254207128152,0.8132861722117829
49,beta,1,max,1.0,raw,17,0.4471966219650767,0.6466957287335249,0.3540509002010935,0.8425253585951115
26,beta,1,max,1.0,raw,17,0.444538598427264,0.6173536051072791,0.39842747694386,0.8138025932210764
43,beta,1,max,1.0,raw,16,0.4435182194434827,0.6196630366400555,0.4061817331909899,0.7793357933579336
18,beta,1,max,1.0,raw,16,0.4387416420654032,0.6533396748476332,0.3723552744014824,0.8108635258710498
29,beta,1,max,1.0,raw,17,0.4326278478544685,0.6548739869494586,0.3660384318636346,0.8366817231847906
24,beta,1,max,1.0,raw,17,0.4338365682518447,0.6289383886898947,0.3539566955655748,0.8505050505050505
22,beta,1,max,1.0,raw,17,0.4393895251557864,0.6256876627747567,0.3740471814938049,0.8272243141473911
32,beta,1,max,1.0,raw,18,0.4468478121189706,0.6127367173337053,0.3819179983327379,0.7895430089522916
25,beta,1,max,1.0,raw,16,0.4376934849821355,0.6016371082877435,0.3522254309583707,0.8417702138632372
17,beta,1,max,1.0,raw,17,0.4508165223388956,0.6218055555555555,0.3805002720364414,0.8122020809485572
45,beta,1,max,1.0,raw,16,0.4254346013873365,0.6779087533506833,0.3690315771754789,0.8144064003580621
15,beta,1,max,1.0,raw,16,0.439523174213054,0.632372007715903,0.3821226248650177,0.8063354686293218
39,beta,1,max,1.0,raw,17,0.4247419113603694,0.6700347694362938,0.3720109747080458,0.8117904879611828
33,beta,1,max,1.0,raw,17,0.434834706318302,0.6133790354336512,0.3877012314813049,0.7986135069863722
35,beta,1,max,1.0,raw,17,0.4314115960972239,0.6871739389925081,0.3801302851516818,0.7974135072399691
20,beta,1,max,1.0,raw,18,0.4208793547302771,0.6641299299169822,0.3819729103211979,0.8103683114812189
16,beta,1,max,1.0,raw,17,0.4316702094662972,0.6620579322325081,0.3754299996612588,0.8196798493408662
36,beta,1,max,1.0,raw,17,0.452341026337483,0.6077842010771992,0.3739934764843912,0.8280280280280279
3,beta,1,max,1.0,raw,17,0.4355607650663166,0.6488230229984011,0.3956074718612021,0.7955375703317719
46,beta,1,max,1.0,raw,18,0.4333401875076103,0.6839755189185049,0.36972165676274,0.8308836145267371
5,beta,1,max,1.0,raw,17,0.4172789862685692,0.682784409154173,0.377910899402531,0.8131789075971751
2,beta,1,max,1.0,raw,18,0.4372374564280608,0.6372830048174396,0.4175818069338505,0.7925202842532876
44,beta,1,max,1.0,raw,17,0.4361499665128779,0.6277308910623919,0.3592788733584335,0.8251289009497965
7,beta,1,max,1.0,raw,17,0.4286380262656601,0.6839267755382546,0.3881226497769417,0.7931849551414768
14,beta,1,max,1.0,raw,18,0.4400882116130563,0.5928986241717815,0.3599254911525497,0.8304297020236893
4,beta,1,max,1.0,raw,17,0.443389269791404,0.6517907904178397,0.3530096891217605,0.8492943630305821
11,beta,1,max,1.0,raw,17,0.4457335740035182,0.6315328007413835,0.3913090248191216,0.7950116752422871
1,beta,1,max,1.0,raw,17,0.4408014255410629,0.6452165091432094,0.3719725192453578,0.8144662168200911
34,beta,1,max,1.0,raw,18,0.4378687802939409,0.6560940493222436,0.3771983520097118,0.8100552791597568
9,beta,1,max,1.0,raw,17,0.4282697523397577,0.673922970142711,0.3705031061351164,0.8250898038132082
10,beta,1,max,1.0,raw,18,0.4338428022614307,0.6411890055664065,0.3730918897062714,0.8188264462809918
37,beta,1,max,1.0,raw,17,0.44593733736074,0.6367966096883741,0.3849864461606133,0.7958322569534143
41,beta,1,max,1.0,raw,16,0.4407884781497342,0.6248528124763797,0.3446398185543793,0.8529080276448697
47,beta,1,max,1.0,raw,17,0.4242539442156649,0.6667889875937223,0.367566379922965,0.8207646883113899
19,beta,1,max,1.0,raw,17,0.4297354064591706,0.6521530227047283,0.3612547722669544,0.829527517626013
28,beta,1,max,1.0,raw,18,0.4426986375382756,0.6385796964145054,0.3613991950996167,0.8433681952266023
38,beta,1,max,1.0,raw,18,0.4286319599092723,0.6535737601073395,0.3670040443376868,0.8304683479155945
40,beta,1,max,1.0,raw,17,0.4263473911556318,0.6712963317018457,0.3843068519905581,0.7970013221492511
27,beta,1,max,1.0,raw,18,0.4525362827181075,0.6089950282811543,0.3767219981271462,0.8086429036947913
31,beta,1,max,1.0,raw,17,0.4213434685605218,0.6977509468526929,0.3895640461103192,0.785947585348783
6,beta,1,max,1.0,raw,17,0.4421849260828167,0.6122786958335131,0.405841860792557,0.7739940452734358
21,beta,1,max,1.0,raw,18,0.4326648556730657,0.6662477173760359,0.3727235641302921,0.8137075013491636
42,beta,1,max,1.0,raw,18,0.448557092756018,0.6456713334818458,0.3924835812420808,0.8113924194797504
48,beta,1,max,1.0,raw,18,0.4496719727741571,0.5755945267686424,0.3699125866796363,0.8192041657355777
12,beta,1,max,1.0,raw,17,0.4283348815082273,0.6428378336760916,0.3873329871722451,0.789317606290817
0,beta,1,max,1.0,raw,21,0.4466374746374671,0.6292612381953169,0.3621169063768412,0.8192439482701448
23,beta,1,max,1.0,raw,18,0.4296097424983013,0.6565951210572046,0.3748111845549666,0.8100527569396522
30,beta,1,max,1.0,raw,18,0.4535286190987273,0.6037364130434782,0.385630125354853,0.8120723742669272
18,beta,1,max,1.0,raw,17,0.4370435308886482,0.6385569233534011,0.3744227615802509,0.8226820233823359
49,beta,1,max,1.0,raw,18,0.4481134167375237,0.642802357061126,0.3658189634022273,0.8193786585638322
43,beta,1,max,1.0,raw,17,0.4399619992058851,0.6172323654383788,0.3910996604957463,0.7896623891612051
39,beta,1,max,1.0,raw,18,0.4251924696035674,0.6687707244924735,0.3620192850874528,0.8269763343403826
15,beta,1,max,1.0,raw,18,0.4398710171258228,0.6271437455860185,0.3853886783163264,0.8095952023988007
29,beta,1,max,1.0,raw,18,0.4329937056332828,0.6668923436219034,0.3844573436707923,0.8024000539337963
8,beta,1,max,1.0,raw,19,0.4341687522399999,0.6456033046644972,0.3888584819989916,0.7864901164183928
17,beta,1,max,1.0,raw,18,0.4514432644085869,0.6202112482853224,0.3821355907343949,0.8088932930128194
13,beta,1,max,1.0,raw,17,0.4469402912433082,0.6429754904746975,0.3761266433601318,0.8005861718822118
32,beta,1,max,1.0,raw,19,0.4472469675761967,0.6147113373309162,0.3877398755961027,0.7885662938405554
26,beta,1,max,1.0,raw,18,0.4399976450954622,0.6340216816074058,0.3838608070465144,0.8061937083931603
24,beta,1,max,1.0,raw,18,0.4340066061154372,0.6317859274937588,0.3736313241070516,0.8315432098765433
22,beta,1,max,1.0,raw,18,0.4398710510020275,0.6145948384322875,0.3790417458433971,0.8179343733189888
20,beta,1,max,1.0,raw,19,0.4199174747680067,0.6644290468239222,0.3843540953557307,0.8197311304039688
16,beta,1,max,1.0,raw,18,0.4314270354130134,0.6603830641942273,0.3832596094652445,0.8088119899560577
45,beta,1,max,1.0,raw,18,0.4258569422645204,0.6735118163180155,0.3732731317760686,0.8100593040170079
35,beta,1,max,1.0,raw,18,0.4319428296517256,0.6830847916603278,0.3850170611341626,0.790422239416381
36,beta,1,max,1.0,raw,18,0.451597434147843,0.6133651705565529,0.3694642681684689,0.8271244217190163
3,beta,1,max,1.0,raw,18,0.4356818396321406,0.655206309187062,0.3673306247081402,0.8221569333961585
46,beta,1,max,1.0,raw,19,0.4338923105123813,0.6871834549249387,0.3620660206541089,0.8432484987131827
45,beta,1,max,1.0,raw,17,0.4329139604321737,0.6698971306443818,0.3919485557309586,0.8090242810786619
25,beta,1,max,1.0,raw,17,0.4370326372819471,0.6055598545925712,0.3662703402342523,0.8201851225107039
33,beta,1,max,1.0,raw,18,0.4342197675991591,0.6328701316485189,0.3789164354980672,0.8123059341038468
5,beta,1,max,1.0,raw,18,0.4168453091881722,0.6943270072836473,0.3846578108101725,0.8089777807066679
2,beta,1,max,1.0,raw,19,0.4301042096701622,0.6569391278623473,0.369240621111906,0.8227851566349491
11,beta,1,max,1.0,raw,18,0.4462840708113297,0.6239774588330285,0.3783031658645164,0.8178868844667617
14,beta,1,max,1.0,raw,19,0.4400635781466596,0.5999425643335774,0.3632947857703857,0.8380995378977001
1,beta,1,max,1.0,raw,19,0.4414076172123893,0.635342613519622,0.375387726454009,0.8145946912145859
1,beta,1,max,1.0,raw,18,0.441751429533359,0.6300428908978837,0.3776262035735824,0.811326972919832
34,beta,1,max,1.0,raw,19,0.4373942996812269,0.6604843109677732,0.3693878919994823,0.8179049198452184
44,beta,1,max,1.0,raw,18,0.4352455636488031,0.6315724468555693,0.3664022937552938,0.8205535956580733
4,beta,1,max,1.0,raw,18,0.4420175623468483,0.6463856460782691,0.3688838812684144,0.8296069561448656
47,beta,1,max,1.0,raw,18,0.4237959185901965,0.6649743974144945,0.3863005447957095,0.804812619195331
10,beta,1,max,1.0,raw,19,0.434009318489026,0.6362286094554435,0.3678379992815818,0.8303856749311295
7,beta,1,max,1.0,raw,18,0.4297166641048239,0.6800128985559448,0.3795985945862498,0.808040027605245
37,beta,1,max,1.0,raw,19,0.4490216527690155,0.6112099242353863,0.4130386974837675,0.785849191997474
6,beta,1,max,1.0,raw,18,0.442728173054461,0.6118062446966102,0.3806369816878314,0.8176693375366697
41,beta,1,max,1.0,raw,17,0.4399051122057905,0.6308077776229988,0.3593539148862383,0.8311961722488038
27,beta,1,max,1.0,raw,19,0.4515940024927115,0.6187247291743455,0.3728383265244643,0.8165583240030525
19,beta,1,max,1.0,raw,18,0.4302301621460268,0.640232007053896,0.3695202848005219,0.822713879827423
42,beta,1,max,1.0,raw,19,0.4427630072847234,0.6552569121932768,0.3670557069648382,0.8165117762288734
37,beta,1,max,1.0,raw,18,0.4419870690670149,0.6407083836538362,0.3689522237216218,0.8112000918510864
38,beta,1,max,1.0,raw,19,0.4286866583064384,0.6461664442678916,0.3602859313247772,0.8314164206192268
9,beta,1,max,1.0,raw,18,0.4282668992330852,0.6671922945789293,0.375244895125197,0.8154944763205088
28,beta,1,max,1.0,raw,19,0.4425408121189412,0.653302117228177,0.3603676686396289,0.8401662644140521
40,beta,1,max,1.0,raw,18,0.4263989928156711,0.6779092739879677,0.3708463145066353,0.8186217135921278
12,beta,1,max,1.0,raw,18,0.4280859838931767,0.6426243083524673,0.3832383025935473,0.8029732551423875
21,beta,1,max,1.0,raw,19,0.4323342907432234,0.6645262677342323,0.3597910587296083,0.8403345925526174
31,beta,1,max,1.0,raw,18,0.4239100715417143,0.6878598575643604,0.3678256434877111,0.8156044126959439
48,beta,1,max,1.0,raw,19,0.4489934439180474,0.5817395883126195,0.3659775664288988,0.8353037775364165
0,beta,1,max,1.0,raw,22,0.4454054149934873,0.6416876889006028,0.3687578467164614,0.8183209903835525
13,beta,1,max,1.0,raw,18,0.4462715663026245,0.638461124750263,0.3836265782994692,0.7964898919966769
17,beta,1,max,1.0,raw,19,0.4521421098369327,0.6128792866941015,0.3746768433214287,0.8121508260579864
18,beta,1,max,1.0,raw,18,0.4363251989090631,0.6553270269349106,0.3683085878864509,0.8229598333140409
22,beta,1,max,1.0,raw,19,0.4394246918698852,0.6205690905054079,0.3752311748977358,0.8173157611619151
49,beta,1,max,1.0,raw,19,0.446969263098491,0.6305705683920345,0.3724123766587927,0.8291199338665713
30,beta,1,max,1.0,raw,19,0.4530857825572909,0.6119955647176412,0.3792344274687046,0.8054413986138262
29,beta,1,max,1.0,raw,19,0.4331932795982087,0.6515529660183748,0.3696301962906814,0.825659003573114
43,beta,1,max,1.0,raw,18,0.4399769014017552,0.6326877336051647,0.3712713519291593,0.8185768574103651
15,beta,1,max,1.0,raw,19,0.4394888121631524,0.6336092401100465,0.3854729014259322,0.8048589341692791
32,beta,1,max,1.0,raw,20,0.4480270667382697,0.6111358248500907,0.4014044788421008,0.7802614247761926
35,beta,1,max,1.0,raw,19,0.4311012073575596,0.6839692083724392,0.3829606606396797,0.7947164806013043
39,beta,1,max,1.0,raw,19,0.4266132135951005,0.6613954889191059,0.3533227932043169,0.8343918795202785
23,beta,1,max,1.0,raw,19,0.4305222119816081,0.6489702261549379,0.3635165980129472,0.8266422545244084
26,beta,1,max,1.0,raw,19,0.4449785720563087,0.6198381744217993,0.4074177830491532,0.8006026193273288
20,beta,1,max,1.0,raw,20,0.419990941954756,0.6796553467698314,0.3847663995570408,0.8158996279234585
36,beta,1,max,1.0,raw,19,0.4525610933633625,0.6044983842010772,0.373096063376828,0.8216703189676162
8,beta,1,max,1.0,raw,20,0.4346690890748347,0.6468248779637378,0.3839873367148782,0.7956910147738229
45,beta,1,max,1.0,raw,19,0.4248454633413758,0.6788711086296793,0.3918912391704934,0.7841781358397673
25,beta,1,max,1.0,raw,18,0.4371823963197319,0.6077876055763509,0.3620270644774527,0.8228980322003577
16,beta,1,max,1.0,raw,19,0.4318132184909238,0.6662015142467564,0.3845859049769283,0.8149605416554571
24,beta,1,max,1.0,raw,19,0.4338375471518407,0.6307147508954738,0.3674742613751453,0.8420875420875422
3,beta,1,max,1.0,raw,19,0.4461278144136273,0.6501724880088551,0.4099199249994751,0.7740901909698161
2,beta,1,max,1.0,raw,20,0.4280964090030939,0.650054703060566,0.3612127790118429,0.8335705760618437
11,beta,1,max,1.0,raw,19,0.446830054337037,0.6254445491870655,0.3900513824213452,0.8032360052073646
46,beta,1,max,1.0,raw,20,0.435410414047004,0.6716580858417585,0.3719829146296879,0.831129539605376
5,beta,1,max,1.0,raw,19,0.4174532340463275,0.6614438756066485,0.3844615296141079,0.817325117796303
33,beta,1,max,1.0,raw,19,0.4374701115071803,0.6421840694350442,0.3904974538473432,0.7914654131447301
47,beta,1,max,1.0,raw,19,0.4234694268271393,0.6807505351132822,0.3832319452956302,0.811114174766205
44,beta,1,max,1.0,raw,19,0.4372678379141199,0.6231898942179316,0.3683667421868373,0.8174762550881953
6,beta,1,max,1.0,raw,19,0.4432858141400931,0.6052401087284808,0.3800738327552432,0.808173518980691
34,beta,1,max,1.0,raw,20,0.4366349626120407,0.6582006716942701,0.3860707103318764,0.7983084577114428
1,beta,1,max,1.0,raw,20,0.4419742069809723,0.6334131651941648,0.3761056455498831,0.8132205737778175
10,beta,1,max,1.0,raw,20,0.4345499612564826,0.6436640984799891,0.3633576794693239,0.8386060606060607
14,beta,1,max,1.0,raw,20,0.4404966891258508,0.5916996077106443,0.3538989944219518,0.8416104530727146
4,beta,1,max,1.0,raw,19,0.4415095891926385,0.6528605729425401,0.3836294332405352,0.8056992713384078
19,beta,1,max,1.0,raw,19,0.4306411045036222,0.6446782348726992,0.3584096423484235,0.8349310743975586
41,beta,1,max,1.0,raw,18,0.4417608069310699,0.6249315207118222,0.3658911974937833,0.8123604465709728
9,beta,1,max,1.0,raw,19,0.4294830702941131,0.6744301300472456,0.3625674259026743,0.8325558463230555
12,beta,1,max,1.0,raw,19,0.4285694488411545,0.6477160660696626,0.3672810090491917,0.8196971211515395
40,beta,1,max,1.0,raw,19,0.4252815113648461,0.6754655475680637,0.384880571574675,0.7994451308060776
28,beta,1,max,1.0,raw,20,0.4435888360407374,0.6378378141628759,0.3634217308539784,0.8294395280235988
0,beta,1,max,1.0,raw,23,0.4485305656332736,0.6205421169189905,0.3768391412152165,0.8093843262960098
38,beta,1,max,1.0,raw,20,0.4289149014237946,0.6555917199499386,0.3628775702059265,0.822623723487824
37,beta,1,max,1.0,raw,20,0.443375860235446,0.658058957565623,0.3697060588908725,0.8117626797554465
7,beta,1,max,1.0,raw,19,0.4298214096869899,0.6761236065871827,0.3736130776505237,0.8173050379572119
21,beta,1,max,1.0,raw,20,0.4334472202456993,0.661838390223346,0.3610475223849289,0.8337884511602807
42,beta,1,max,1.0,raw,20,0.4409975168110662,0.660068320031462,0.3684286487282961,0.8291535693134711
27,beta,1,max,1.0,raw,20,0.4526766499145089,0.6136539362212166,0.3723696808423892,0.828634771032124
31,beta,1,max,1.0,raw,19,0.4221109154486202,0.6823333239979725,0.3586973767779409,0.8294024196504949
48,beta,1,max,1.0,raw,20,0.4489453188462117,0.582704947418738,0.3650142393861935,0.8392221465802615
18,beta,1,max,1.0,raw,19,0.4380414201190324,0.6586656173216294,0.3707800492927539,0.8197360805648802
13,beta,1,max,1.0,raw,19,0.44804976577957,0.6495510080850937,0.366558286605256,0.8145827563925043
22,beta,1,max,1.0,raw,20,0.4400875852120962,0.6171784416618795,0.3495785790204622,0.8542872512103281
49,beta,1,max,1.0,raw,20,0.4472764026392775,0.6416910957300525,0.3637814923054524,0.8251597479780151
32,beta,1,max,1.0,raw,21,0.4446680357983218,0.626853646632269,0.3648140676705558,0.8102214631750497
29,beta,1,max,1.0,raw,20,0.4339462600025996,0.6457746074098275,0.390548660448224,0.7989168295916763
15,beta,1,max,1.0,raw,20,0.4400317642277179,0.6360352828637384,0.377670001725378,0.8109184044341466
43,beta,1,max,1.0,raw,19,0.4403273977516839,0.633317521354582,0.376913256340418,0.8044610893870133
35,beta,1,max,1.0,raw,20,0.4320679185147615,0.682120505360917,0.3810240169599817,0.7815518956560186
36,beta,1,max,1.0,raw,20,0.4525882732057616,0.6075684021543986,0.3648878891770082,0.8272001731461189
23,beta,1,max,1.0,raw,20,0.4306125912864743,0.6498491341685858,0.3709533224933211,0.814610555839993
27,beta,1,max,1.0,raw,21,0.4534891244011134,0.6042211112373594,0.3643478609516208,0.8357313547567721
39,beta,1,max,1.0,raw,20,0.4251108578946212,0.6688345380376439,0.3618148000581125,0.8295797857731391
8,beta,1,max,1.0,raw,21,0.4364382086721733,0.6607134641833257,0.3696179608799375,0.8072213955717541
45,beta,1,max,1.0,raw,20,0.4252330680909784,0.6843783863289118,0.373799628085405,0.8077095222110329
17,beta,1,max,1.0,raw,20,0.4528201162725777,0.6112030178326474,0.3704645343735342,0.8210976519565131
20,beta,1,max,1.0,raw,21,0.4205879960639058,0.6727580195668021,0.393118832332098,0.8025724220411057
30,beta,1,max,1.0,raw,20,0.4532179901468082,0.6073432033983008,0.392860026705053,0.801642749244713
26,beta,1,max,1.0,raw,20,0.4427736084630204,0.6258321804158054,0.3784884085776308,0.8160433798894834
24,beta,1,max,1.0,raw,20,0.4353441870138653,0.6240122652773255,0.3495086119802296,0.8577665544332211
16,beta,1,max,1.0,raw,20,0.4321273372643215,0.6526454612513133,0.3657554336751766,0.8440330463635548
5,beta,1,max,1.0,raw,20,0.4171201701606239,0.6964069876877765,0.3795725283391708,0.8167814425516493
25,beta,1,max,1.0,raw,19,0.4377700789469047,0.5973270737354832,0.3628702196968631,0.8413350738932134
3,beta,1,max,1.0,raw,20,0.4354172073099287,0.6695898413479277,0.3721970870339088,0.8033703816624629
33,beta,1,max,1.0,raw,20,0.4353045657681522,0.641235345723962,0.3709261465544571,0.81951871657754
11,beta,1,max,1.0,raw,20,0.446323184789463,0.6300622420886373,0.375606582716914,0.8253311429338954
2,beta,1,max,1.0,raw,21,0.4278845327520661,0.650613847397588,0.3633513229222674,0.828730824400232
34,beta,1,max,1.0,raw,21,0.4381222897335576,0.6558688377506728,0.3736783818933149,0.8185848535102267
44,beta,1,max,1.0,raw,20,0.4356942889579749,0.6266733388778469,0.3814574998040557,0.7988005427408413
47,beta,1,max,1.0,raw,20,0.424361003819092,0.6795716875656048,0.3759937629233132,0.8050768594471635
6,beta,1,max,1.0,raw,20,0.443103430724761,0.6106704203880283,0.3813937033621584,0.8001171242173476
46,beta,1,max,1.0,raw,21,0.4355357728920218,0.6889699300130208,0.3730614344766501,0.8258964826994568
7,beta,1,max,1.0,raw,20,0.4290225692916681,0.6899103676145619,0.3881410779402519,0.7989878076834599
10,beta,1,max,1.0,raw,21,0.4342326020031669,0.6456824313448506,0.3657337181954706,0.8389972451790635
4,beta,1,max,1.0,raw,20,0.4421698961022574,0.6559488325881768,0.3618324883679704,0.8408538071890999
40,beta,1,max,1.0,raw,20,0.425292951231298,0.6786096665646987,0.3839241353124037,0.7997594121854475
41,beta,1,max,1.0,raw,19,0.4402973627557296,0.6262380149533154,0.3582462122637743,0.8357947900053164
12,beta,1,max,1.0,raw,20,0.4292808342280654,0.632728230853725,0.3714321801775332,0.8249811186636457
14,beta,1,max,1.0,raw,21,0.4405122497719386,0.5876216753946356,0.3608224371607703,0.838710362776863
0,beta,1,max,1.0,raw,24,0.4468003230621379,0.633685320262467,0.3636709809420338,0.819149994473306
37,beta,1,max,1.0,raw,21,0.4476477810256637,0.617870939522497,0.4003195536734264,0.7884726886535204
19,beta,1,max,1.0,raw,20,0.4303267319098067,0.650404014658878,0.370644850014385,0.8147690203093759
9,beta,1,max,1.0,raw,20,0.4290078423256756,0.6805090472943354,0.3655085834781644,0.8261192291229839
21,beta,1,max,1.0,raw,21,0.4323661196222144,0.6675607529147353,0.3652489399173296,0.8324932541824068
28,beta,1,max,1.0,raw,21,0.4426883711708692,0.6517540023570427,0.3599936095306319,0.8429391257709842
1,beta,1,max,1.0,raw,21,0.4416443174333677,0.6386130444832545,0.3590539244315807,0.8363236214138887
38,beta,1,max,1.0,raw,21,0.4288039573604698,0.6605784862762025,0.3614624804644541,0.8313351572446299
31,beta,1,max,1.0,raw,20,0.4236737334843552,0.6806191870218716,0.3738438944744164,0.8032228678079832
42,beta,1,max,1.0,raw,21,0.4408712943245552,0.654774464849285,0.3789422912760343,0.8097410140768074
13,beta,1,max,1.0,raw,20,0.4456590341462703,0.6379052707427665,0.3773465253202683,0.8216041262808087
22,beta,1,max,1.0,raw,21,0.4397323060675104,0.6289627173120096,0.3605747100566541,0.8475793437331899
49,beta,1,max,1.0,raw,21,0.4477443881255586,0.645143590132527,0.3653907033330096,0.8272264176236651
18,beta,1,max,1.0,raw,20,0.441829765168115,0.663927731524659,0.379455954195769,0.8090982752633408
32,beta,1,max,1.0,raw,22,0.4467714403106392,0.616742434806861,0.3736350929362153,0.8058178733284219
25,beta,1,max,1.0,raw,20,0.4376383630760233,0.5983472202226701,0.3543450546731806,0.8448108215550076
48,beta,1,max,1.0,raw,21,0.4492541921151474,0.5749559333173996,0.3667198205842042,0.8269577554085447
29,beta,1,max,1.0,raw,21,0.4336798814334454,0.65823251986774,0.3733817988716306,0.8261590148093215
27,beta,1,max,1.0,raw,22,0.4525635792919955,0.6146197355622005,0.3731061079523713,0.8210869916389543
39,beta,1,max,1.0,raw,21,0.4262440292577866,0.6551065745843174,0.3600989182324887,0.8299402636638287
30,beta,1,max,1.0,raw,22,0.4537003744589623,0.6074755590954523,0.3796344720050043,0.8101619424204727
43,beta,1,max,1.0,raw,20,0.4405310232980873,0.6130771792775608,0.3683722233882834,0.8273117805804924
45,beta,1,max,1.0,raw,21,0.4266932807509543,0.6647773765462672,0.370789011260352,0.8147085151616874
35,beta,1,max,1.0,raw,21,0.4330561630241228,0.6929134318996205,0.3769789573238087,0.7948214877860066
24,beta,1,max,1.0,raw,21,0.4340368017742046,0.6375814067079126,0.3720211086629283,0.8225869809203141
8,beta,1,max,1.0,raw,22,0.43445258099543,0.6498158559972107,0.3741684276536539,0.8078065526446312
36,beta,1,max,1.0,raw,21,0.4537246452425161,0.6145156193895871,0.3683668635427337,0.8223466709953197
30,beta,1,max,1.0,raw,21,0.4539248707246247,0.6050560657171414,0.3861161170016719,0.7967778123333926
16,beta,1,max,1.0,raw,21,0.4321758007747178,0.6675995261193197,0.3605186054558057,0.8426766657698861
26,beta,1,max,1.0,raw,21,0.4448222423053134,0.5878096710846885,0.4034833786257845,0.7968308097289302
20,beta,1,max,1.0,raw,22,0.421670281224471,0.6680750393923003,0.3727208055606008,0.8187068125442948
15,beta,1,max,1.0,raw,21,0.4407649149499702,0.6351231698447333,0.3881529214125243,0.7764583617282268
33,beta,1,max,1.0,raw,21,0.4346704946190441,0.6265304558001548,0.3839039327313203,0.8046511126444713
2,beta,1,max,1.0,raw,22,0.4282429950194647,0.6477974048562035,0.3549595004136909,0.8376767002091385
3,beta,1,max,1.0,raw,21,0.4365222939427222,0.6529725740991269,0.3579590309984964,0.8203553313561905
17,beta,1,max,1.0,raw,22,0.4530747977761235,0.6134032921810699,0.375048971952121,0.8119173315564971
23,beta,1,max,1.0,raw,21,0.4314987329141748,0.6436589863662237,0.3717540488173335,0.8129354673552524
5,beta,1,max,1.0,raw,21,0.4225449540696521,0.6888433144845948,0.3823568785689081,0.8007128186541017
17,beta,1,max,1.0,raw,21,0.4532876873644091,0.6041824417009602,0.3840147330467816,0.7958631608321516
11,beta,1,max,1.0,raw,21,0.4458703679303229,0.6294157512092223,0.3850627855406032,0.806418283636063
34,beta,1,max,1.0,raw,22,0.4399983054908721,0.6778092339775456,0.3825659249720627,0.799845218352681
44,beta,1,max,1.0,raw,21,0.436101346689536,0.6178192340919114,0.3606018189858816,0.8311967435549524
47,beta,1,max,1.0,raw,21,0.4241661973580922,0.6699239914068733,0.3760171050964557,0.8271121987086695
6,beta,1,max,1.0,raw,21,0.4428335424146827,0.6077612863327149,0.38213219820355,0.8115339988615964
7,beta,1,max,1.0,raw,21,0.4299760543177305,0.6736608171486759,0.3796946591616742,0.8080112721417069
4,beta,1,max,1.0,raw,21,0.4429124268208949,0.6448442760942761,0.3552336911223628,0.8461359265379094
46,beta,1,max,1.0,raw,22,0.4354890519834344,0.6754844515931373,0.3726265021712651,0.8233743208464398
10,beta,1,max,1.0,raw,22,0.4344742915336442,0.6487503213236372,0.383582761028315,0.7977630853994491
0,beta,1,max,1.0,raw,25,0.4472326074931863,0.6387371598933428,0.3664237662807386,0.8158450315021553
14,beta,1,max,1.0,raw,22,0.4405990241219565,0.5911624153011619,0.3605946493682238,0.8339884208848994
40,beta,1,max,1.0,raw,21,0.4270401987142447,0.6651142041399001,0.3631544404562088,0.8358855148795976
37,beta,1,max,1.0,raw,22,0.4475501875199262,0.5961347402429835,0.3953584553841634,0.8014236918396052
41,beta,1,max,1.0,raw,21,0.4397834214733117,0.6274195754877567,0.3585291320158353,0.8393673577884104
42,beta,1,max,1.0,raw,22,0.4416081802162501,0.6605275759323777,0.3631932551962397,0.8309131702428134
21,beta,1,max,1.0,raw,22,0.433491067498431,0.6627015732546706,0.3516393153724106,0.8442903399892066
1,beta,1,max,1.0,raw,22,0.4425379668397394,0.6277333316211219,0.3795491888927325,0.808388819376173
38,beta,1,max,1.0,raw,22,0.4294977115763316,0.6497900854024661,0.358962340399896,0.8287130590242977
41,beta,1,max,1.0,raw,20,0.4408486988830662,0.6295496951929883,0.3546446585304193,0.8333918128654971
12,beta,1,max,1.0,raw,21,0.4289298573929908,0.6430393824190639,0.3708066130594696,0.8186836376560487
22,beta,1,max,1.0,raw,22,0.4401614097371331,0.6170744772705647,0.3574898035089202,0.8507584722969338
19,beta,1,max,1.0,raw,21,0.4307997267132922,0.6402499173371542,0.3727777319057876,0.8164263916657897
31,beta,1,max,1.0,raw,21,0.4232301316878952,0.6866402201387894,0.3701118327938633,0.8118660637907857
13,beta,1,max,1.0,raw,21,0.4468287370650025,0.6394692404021217,0.3750008742004377,0.8149693067478999
25,beta,1,max,1.0,raw,21,0.4378486844615769,0.6065473833861215,0.357333438125697,0.837295255899907
9,beta,1,max,1.0,raw,21,0.4295173481522919,0.6714398348838342,0.3677750006514365,0.8272082527401676
49,beta,1,max,1.0,raw,22,0.447685610888483,0.6335000774915172,0.3652828816724917,0.8333984985924303
32,beta,1,max,1.0,raw,23,0.4450240790624665,0.6164021754288105,0.3679678720516414,0.8036970062286518
28,beta,1,max,1.0,raw,23,0.4434527160259845,0.6432782840081586,0.3640806979432307,0.8431322070260123
27,beta,1,max,1.0,raw,23,0.453082181288617,0.6056909414395815,0.3725544340568895,0.8213710778006161
39,beta,1,max,1.0,raw,22,0.4262797910454066,0.6643264390849017,0.3668436713221448,0.8106804449327107
35,beta,1,max,1.0,raw,22,0.4323799912483602,0.685567185243611,0.388112379535407,0.7846247374820383
24,beta,1,max,1.0,raw,22,0.4353698576021933,0.6368948768045155,0.3654091360816129,0.8355892255892255
29,beta,1,max,1.0,raw,22,0.4337861089764747,0.6533862131346407,0.367656611009932,0.8372828602889953
18,beta,1,max,1.0,raw,21,0.4419968965947909,0.6604605550580807,0.379132743862012,0.8096712582474824
28,beta,1,max,1.0,raw,22,0.4434635023272026,0.6367084820523118,0.3813647316444608,0.8069938321265756
43,beta,1,max,1.0,raw,21,0.4417555110870436,0.6386798007017827,0.3918922277858633,0.7913587046318223
30,beta,1,max,1.0,raw,23,0.4534194252833729,0.6103737193903048,0.377711467186365,0.8076572774124754
48,beta,1,max,1.0,raw,22,0.4483430869372171,0.58423607791587,0.3720693713399042,0.8276801072614549
26,beta,1,max,1.0,raw,22,0.4407117663508214,0.6264910736569239,0.3777591606458316,0.8120132271679068
16,beta,1,max,1.0,raw,22,0.4320381026043588,0.669227772473408,0.3729413267680552,0.8286924939467313
36,beta,1,max,1.0,raw,22,0.4528794609932504,0.6083874326750448,0.3637510154159373,0.8331791250710169
15,beta,1,max,1.0,raw,22,0.4400902939665961,0.627070947833328,0.401302583047637,0.7790025441824542
20,beta,1,max,1.0,raw,23,0.4234604185313837,0.6790299205098657,0.3805695041983624,0.8003853649893693
8,beta,1,max,1.0,raw,23,0.435169090341802,0.6572306485355648,0.3792133463257262,0.7952173161910174
33,beta,1,max,1.0,raw,22,0.4364783927325908,0.6272256186851397,0.3721788903753165,0.8129258668276695
31,beta,1,max,1.0,raw,22,0.4236182119298974,0.6821095499093097,0.3597014022977451,0.825752946796574
2,beta,1,max,1.0,raw,23,0.4299459720369659,0.6443003618817853,0.3651436065652652,0.8309919300973424
45,beta,1,max,1.0,raw,22,0.4269651350197644,0.6678919736688069,0.3705085155136525,0.8214949088060871
47,beta,1,max,1.0,raw,22,0.4243474670209154,0.6622063563825102,0.3843965842226736,0.805886813262563
23,beta,1,max,1.0,raw,22,0.4308022690364371,0.6497320802093861,0.3617645514803502,0.8269093782694832
3,beta,1,max,1.0,raw,22,0.4361818244205174,0.6500907022506457,0.3686036740948378,0.8196956678400178
11,beta,1,max,1.0,raw,22,0.446468575933143,0.6254407340584852,0.3901459235679799,0.8037216126299259
17,beta,1,max,1.0,raw,23,0.4523142434413781,0.6170984224965708,0.3776079725753332,0.8051972459038801
38,beta,1,max,1.0,raw,23,0.4298496460588237,0.6436984526524479,0.3557178337261641,0.8365414307771487
34,beta,1,max,1.0,raw,23,0.4375636190752383,0.6659012100196416,0.3709823240339057,0.8228026533996683
0,beta,1,max,1.0,raw,26,0.4470042335269239,0.6256949317305092,0.3649183527866937,0.8170001105338787
10,beta,1,max,1.0,raw,23,0.435500976470527,0.6303186569512813,0.363538896810624,0.8399834710743802
44,beta,1,max,1.0,raw,22,0.436256941792038,0.6240866823604592,0.3658212444825121,0.8125481682496609
4,beta,1,max,1.0,raw,22,0.443467232108635,0.6460920682232157,0.3430357578659398,0.8647831622287835
14,beta,1,max,1.0,raw,23,0.4401786748653302,0.592037464571954,0.3637491924565321,0.8300207149306846
6,beta,1,max,1.0,raw,22,0.4426915520872099,0.6174835684802462,0.3994683039985846,0.7773271596829984
5,beta,1,max,1.0,raw,22,0.4415151748619832,0.6486200547328843,0.4313195013625846,0.778658275396224
7,beta,1,max,1.0,raw,22,0.4299791386722575,0.6878515156660852,0.3834225406542236,0.802593742811134
37,beta,1,max,1.0,raw,23,0.4424421258030646,0.6594766409645021,0.365208181166123,0.822727403197566
40,beta,1,max,1.0,raw,22,0.4269263242527339,0.6669521770164167,0.3714394615451472,0.8238777987298698
42,beta,1,max,1.0,raw,23,0.4412590389028333,0.6616809419253601,0.3777977567751026,0.806162019953533
21,beta,1,max,1.0,raw,23,0.4334384021323345,0.6644704312403427,0.374322836144186,0.8110523475445224
1,beta,1,max,1.0,raw,23,0.4421031312017944,0.6343576638586398,0.3894621707397581,0.7972674054875324
13,beta,1,max,1.0,raw,22,0.4464957094797999,0.6465376620884342,0.3796155523883703,0.8111557278685498
12,beta,1,max,1.0,raw,22,0.4291076388859942,0.6437651632065755,0.3670819110424244,0.8270691723310676
46,beta,1,max,1.0,raw,23,0.4341133887311322,0.6784629073797488,0.3752218226172525,0.8306891621389763
22,beta,1,max,1.0,raw,23,0.4400812703634281,0.623413485767451,0.3749001687998581,0.8230338891877353
49,beta,1,max,1.0,raw,23,0.4471791945991751,0.6371543795897237,0.3820814041260936,0.8068054872871889
9,beta,1,max,1.0,raw,22,0.4312622517766564,0.6729853635965126,0.3689554143424355,0.8153752797056928
19,beta,1,max,1.0,raw,22,0.4316377596522719,0.6449668659759726,0.3729591865735776,0.8094970009470693
25,beta,1,max,1.0,raw,22,0.4378259160112112,0.6069571665946828,0.3527833192818526,0.8444777514544957
27,beta,1,max,1.0,raw,24,0.4519256801069801,0.6101766428981186,0.381727900916523,0.8153050027016038
18,beta,1,max,1.0,raw,22,0.4382438296902639,0.6638502700307677,0.366525560649539,0.8255295751823127
24,beta,1,max,1.0,raw,23,0.4443310244781182,0.6093342966460437,0.4183298494122993,0.7906004489337821
39,beta,1,max,1.0,raw,23,0.4262491857123777,0.6560527445788307,0.3562678692334891,0.83659479996338
16,beta,1,max,1.0,raw,23,0.4327151013345367,0.6585134069274714,0.3853131769612128,0.8029829163303739
35,beta,1,max,1.0,raw,23,0.433960321482577,0.682687784224557,0.371372981172234,0.803780258649276
41,beta,1,max,1.0,raw,22,0.4410168440796024,0.6218634612009002,0.3578123034347594,0.8290217969165338
29,beta,1,max,1.0,raw,23,0.434348008806063,0.657913667976561,0.3782518576004695,0.8096586440144722
32,beta,1,max,1.0,raw,24,0.4475289781341093,0.6117936828894157,0.3870369151458889,0.8007445359766034
15,beta,1,max,1.0,raw,23,0.4400440396951462,0.6324260295776281,0.3837536123273485,0.8104697651174413
48,beta,1,max,1.0,raw,23,0.4500604456465433,0.5680053477533461,0.3727852468130038,0.8115337244773342
26,beta,1,max,1.0,raw,23,0.4413883408145664,0.6169219164320634,0.3830495217356542,0.8094787451594657
28,beta,1,max,1.0,raw,24,0.4471480369082866,0.6340664109272989,0.3796787645567407,0.8180745508179137
8,beta,1,max,1.0,raw,24,0.4353822131724446,0.6483121949093446,0.364378839999293,0.8245197532309029
36,beta,1,max,1.0,raw,23,0.4535677982518664,0.604899461400359,0.3813928242797029,0.8021372724075426
30,beta,1,max,1.0,raw,24,0.4539761605977763,0.604055394177911,0.3821614431698572,0.7968055802381376
33,beta,1,max,1.0,raw,24,0.4357636258790268,0.6215673466071661,0.3806844652011411,0.7985488183543212
43,beta,1,max,1.0,raw,22,0.4415424103158998,0.6222619203816406,0.3770410306747209,0.8190835490444457
20,beta,1,max,1.0,raw,24,0.4224809251237617,0.669605165682839,0.3841512781062097,0.8018304836995039
2,beta,1,max,1.0,raw,24,0.4284270439291074,0.6602758232874373,0.3634445274703543,0.8254678244111817
45,beta,1,max,1.0,raw,23,0.4262552859798008,0.671165362414113,0.3662153726944968,0.831733243817836
31,beta,1,max,1.0,raw,23,0.4245002971452677,0.685668518912068,0.3486748678022114,0.8490106984546676
11,beta,1,max,1.0,raw,23,0.4454563142879821,0.6259273363674009,0.3926331780391705,0.8153245304072902
23,beta,1,max,1.0,raw,24,0.4328424457147303,0.6395437036006467,0.3804027656816151,0.787920441644592
3,beta,1,max,1.0,raw,23,0.4362615358636408,0.6662237117205756,0.376974648765412,0.8105379860860888
38,beta,1,max,1.0,raw,24,0.4297135258508882,0.6446088732767994,0.3638317694961681,0.8269956930411464
47,beta,1,max,1.0,raw,23,0.4240804703291559,0.671786531389507,0.3779731153825066,0.8318398014751498
33,beta,1,max,1.0,raw,23,0.4361257256129825,0.616206861080772,0.3690571160694936,0.8198152061411075
17,beta,1,max,1.0,raw,24,0.4519429079580784,0.6111011659807957,0.3736961067855905,0.8177489991058869
34,beta,1,max,1.0,raw,24,0.4374699071343885,0.6573859089696646,0.3743667819437818,0.814881149806523
10,beta,1,max,1.0,raw,24,0.4348603041825588,0.6395406453379845,0.3622914643458013,0.8409972451790635
40,beta,1,max,1.0,raw,23,0.4265146675818819,0.6830586570816763,0.3672986572510592,0.8274270108589635
0,beta,1,max,1.0,raw,27,0.4488638761539499,0.6287991483855951,0.3779783192969047,0.8088040234331823
37,beta,1,max,1.0,raw,24,0.4460567813125617,0.6310516856078202,0.3773811756158157,0.8019116507362438
4,beta,1,max,1.0,raw,23,0.4422872073714928,0.650443644091185,0.3663520236038958,0.8331717095105236
44,beta,1,max,1.0,raw,23,0.436209341630248,0.6140199669611434,0.3671838070298208,0.8269253731343285
23,beta,1,max,1.0,raw,23,0.4307756517258901,0.6470234515935057,0.3642004341157989,0.8178661264830933
14,beta,1,max,1.0,raw,24,0.4403055189403671,0.589803104529159,0.3569041603988481,0.8476974557815902
21,beta,1,max,1.0,raw,24,0.4332365162452181,0.6689619328557384,0.36566224764339,0.829805720453319
5,beta,1,max,1.0,raw,23,0.4231165348654321,0.6937645772529752,0.3820512169610761,0.8080661636297736
42,beta,1,max,1.0,raw,24,0.4407933799483664,0.6609005988618555,0.3748081034176185,0.8121611771673273
6,beta,1,max,1.0,raw,23,0.4433150416319767,0.6073096892033769,0.3677127814451624,0.8278711852532948
7,beta,1,max,1.0,raw,23,0.4308511582781666,0.6769008932364341,0.3797617820006959,0.8061364159190247
19,beta,1,max,1.0,raw,23,0.4308179377172965,0.6429075278298249,0.3577530790738956,0.8441492160370409
27,beta,1,max,1.0,raw,25,0.4541905633810747,0.6069085830047029,0.3690657363090774,0.839090255844655
49,beta,1,max,1.0,raw,24,0.4485593351146447,0.6370857913532657,0.3567332319878173,0.838419947271996
1,beta,1,max,1.0,raw,24,0.4427310339399574,0.6326860103760016,0.3794685988621857,0.8116788810438824
9,beta,1,max,1.0,raw,23,0.4300144858748039,0.6628878281622912,0.3688291214256992,0.827273269075522
46,beta,1,max,1.0,raw,24,0.4364746544395498,0.680471981272978,0.3678222607635777,0.8343894766943094
22,beta,1,max,1.0,raw,24,0.4397817273223765,0.6293602489506646,0.3715334846775263,0.8267670790747714
13,beta,1,max,1.0,raw,23,0.4468065596236444,0.6385249914284196,0.3695782685963182,0.8203867811317271
12,beta,1,max,1.0,raw,24,0.4295430200600914,0.6397283711508125,0.3781781230212256,0.8099315829223867
16,beta,1,max,1.0,raw,24,0.4328953384834005,0.654959301824313,0.3757970207854534,0.8210866738409112
24,beta,1,max,1.0,raw,24,0.4365890078187072,0.6287419950070553,0.3550815569519776,0.8517283950617284
39,beta,1,max,1.0,raw,25,0.4274843783061918,0.6568900737135905,0.3664975075045005,0.8222786780188592
25,beta,1,max,1.0,raw,23,0.4380076902718162,0.5930046669546022,0.34943105102999,0.8528421086560622
12,beta,1,max,1.0,raw,23,0.4290385460887197,0.6424207064813833,0.3728942558899837,0.8205939846283709
39,beta,1,max,1.0,raw,24,0.4267021160312856,0.6563792671580906,0.3587807427502321,0.8290934267142727
18,beta,1,max,1.0,raw,23,0.437649139460935,0.655517892055859,0.3721901007432498,0.8186479916657021
29,beta,1,max,1.0,raw,24,0.4340689520909048,0.6596298413908477,0.3681948216386517,0.8315692487471628
32,beta,1,max,1.0,raw,25,0.4457983745998839,0.6234625575233579,0.3747413856121921,0.7933382448150381
35,beta,1,max,1.0,raw,24,0.4341762341813736,0.6937156385237059,0.3754914361749265,0.8007737371504366
41,beta,1,max,1.0,raw,23,0.4403008993771646,0.6342928033812059,0.3640918097751696,0.8288835725677831
8,beta,1,max,1.0,raw,25,0.4357932552846422,0.6455981592863784,0.3574379047072004,0.8314413254643639
48,beta,1,max,1.0,raw,24,0.449552080628446,0.5734853011472275,0.3675293244450177,0.8289896947933502
30,beta,1,max,1.0,raw,25,0.4535304918899882,0.6114942528735633,0.3882153767943795,0.7957948285054204
15,beta,1,max,1.0,raw,24,0.4402637380506807,0.6279501206927446,0.3797169497336354,0.8084594066603062
36,beta,1,max,1.0,raw,24,0.4522521062857785,0.6066312387791741,0.3639566644231086,0.8393961529096665
43,beta,1,max,1.0,raw,23,0.4403586658130573,0.6251238885356425,0.382881352986214,0.8008922178774027
26,beta,1,max,1.0,raw,24,0.4453335138014087,0.6181795810907078,0.4056229887855171,0.8067430274550754
31,beta,1,max,1.0,raw,24,0.4253763320805589,0.6792919183781952,0.3578828850695929,0.8295079599613389
2,beta,1,max,1.0,raw,25,0.4273597609678015,0.6564175998490247,0.373530768075736,0.8204419284548929
20,beta,1,max,1.0,raw,25,0.422229758970577,0.6743616389548692,0.3857160728403097,0.8047594790928418
28,beta,1,max,1.0,raw,25,0.4443639557776472,0.6312862055047529,0.3646162381536726,0.8228747653526414
38,beta,1,max,1.0,raw,25,0.4292867699250375,0.655937846836848,0.3549410077899217,0.8382642143186065
45,beta,1,max,1.0,raw,24,0.4262761905320418,0.6750637117616866,0.3814832028869584,0.8004084144567528
47,beta,1,max,1.0,raw,24,0.42531633805583,0.6722914721763926,0.3720555139837674,0.8136933893982216
3,beta,1,max,1.0,raw,24,0.4359551299710684,0.6611865084245481,0.3584636036514504,0.8300340918539871
11,beta,1,max,1.0,raw,24,0.4463993829313152,0.6309626124335734,0.3871411030505394,0.8045378463827412
34,beta,1,max,1.0,raw,25,0.4415517584053718,0.6653501539804554,0.3702687378468506,0.823493642896628
33,beta,1,max,1.0,raw,25,0.4352120451025532,0.6218094415044347,0.3798878725788679,0.8118638951181645
17,beta,1,max,1.0,raw,25,0.4522341653119355,0.6083576817558298,0.3771679320549454,0.8192126109810757
40,beta,1,max,1.0,raw,24,0.4275805401363571,0.6741922223921688,0.3728383664912792,0.8151104319743372
0,beta,1,max,1.0,raw,28,0.4460272991705948,0.6459851241310145,0.3634176920956743,0.8163230905272466
21,beta,1,max,1.0,raw,25,0.4337526150660328,0.6643341761483356,0.3787047450093958,0.804133837021047
37,beta,1,max,1.0,raw,25,0.4447424737080121,0.6435850390693545,0.3672478605939069,0.8111254628433653
44,beta,1,max,1.0,raw,24,0.4364537774472622,0.6195752204548246,0.3805080847802347,0.7964559023066486
46,beta,1,max,1.0,raw,25,0.4352379802608631,0.6802819943895527,0.3679717191345552,0.8433342865313125
19,beta,1,max,1.0,raw,24,0.4307677820955534,0.6543301554061501,0.3598406925642987,0.8324423866147532
10,beta,1,max,1.0,raw,25,0.4349625949288467,0.6461190711284406,0.3687167281965001,0.825779614325069
23,beta,1,max,1.0,raw,25,0.4317580878842641,0.646125146066619,0.3782516606263533,0.7979876677871024
14,beta,1,max,1.0,raw,25,0.4399666053930502,0.5914364547553354,0.3664330177859311,0.8305624900408988
27,beta,1,max,1.0,raw,26,0.4535715435031149,0.609840968736923,0.3716497773059335,0.8173381683683985
49,beta,1,max,1.0,raw,25,0.4485826383707322,0.6235214783402967,0.3593759744050457,0.8422404933196301
6,beta,1,max,1.0,raw,24,0.443165707406513,0.6145165465763472,0.3801256399064603,0.8118623845177111
4,beta,1,max,1.0,raw,24,0.4432583832515486,0.6487394436164928,0.3511777998240928,0.8521656689330117
5,beta,1,max,1.0,raw,24,0.4181048091580822,0.6825688902470709,0.3837426426893607,0.8175063428778544
9,beta,1,max,1.0,raw,24,0.4297262694468182,0.6766840387706395,0.371891048630056,0.8166430982451008
9,beta,1,max,1.0,raw,25,0.4312435585038465,0.6645560372120208,0.3527390396299772,0.8456783100087231
42,beta,1,max,1.0,raw,25,0.4550244049978403,0.5892690906406522,0.4264393017219366,0.8146098127647943
22,beta,1,max,1.0,raw,25,0.440286532733499,0.6249588547705559,0.3575636785654809,0.8444324905863367
7,beta,1,max,1.0,raw,24,0.4301905548295385,0.6867586260522243,0.3697841827100909,0.8207671957671957
24,beta,1,max,1.0,raw,25,0.4354429420349042,0.6313605774449148,0.3624400171441483,0.8362008978675646
16,beta,1,max,1.0,raw,25,0.4331125045944592,0.6621055118965127,0.3782723029558536,0.8139852927988521
12,beta,1,max,1.0,raw,25,0.4294829488595906,0.6339334170553351,0.3752057782470417,0.8185114842951707
41,beta,1,max,1.0,raw,24,0.4409956583752217,0.6265203651312523,0.3603586129013132,0.8271238702817652
13,beta,1,max,1.0,raw,24,0.4469622786860965,0.6489725409953789,0.3748866148240397,0.816180882488692
8,beta,1,max,1.0,raw,26,0.4355544530098096,0.659465255985588,0.3732254439769912,0.8025568577622478
48,beta,1,max,1.0,raw,25,0.4495145238655805,0.5767163599426386,0.370519756311641,0.8345034740447027
18,beta,1,max,1.0,raw,24,0.4392993742810488,0.6602885905416417,0.3634786787181582,0.8252170390091447
39,beta,1,max,1.0,raw,26,0.427134053389711,0.6585647319831103,0.3618717125593429,0.8304723976929415
30,beta,1,max,1.0,raw,26,0.4542263720869851,0.6015746033233383,0.3777465771003115,0.8073407232983828
1,beta,1,max,1.0,raw,25,0.4423755535683856,0.633893119478118,0.3816470486306292,0.8053612923406918
14,beta,1,max,1.0,raw,26,0.4403581582323871,0.5999174127672354,0.347719133240588,0.8569076326552292
35,beta,1,max,1.0,raw,25,0.4320733330978591,0.6874948801546603,0.3881130514286754,0.7881176080468665
32,beta,1,max,1.0,raw,26,0.4469909657551061,0.6242075721656674,0.3862130490316021,0.796173509253678
25,beta,1,max,1.0,raw,24,0.4379107726717052,0.6004594970726558,0.3613443938020867,0.8385630711212106
29,beta,1,max,1.0,raw,25,0.4340940630417823,0.6665135935576187,0.3691251236824632,0.8274848873008382
15,beta,1,max,1.0,raw,25,0.4403863957479302,0.6321358267716536,0.3889566844455045,0.7969026850211258
2,beta,1,max,1.0,raw,26,0.4322126576789497,0.6575489586016419,0.3774200472889136,0.8194947824849168
36,beta,1,max,1.0,raw,25,0.4521695620255104,0.6162542190305207,0.3810398945559504,0.8006006006006006
31,beta,1,max,1.0,raw,25,0.4263875826240243,0.7012418226358337,0.3593090660314648,0.8232366435959251
43,beta,1,max,1.0,raw,24,0.4428653569465037,0.6309797034749346,0.3859207512622827,0.8119898661673185
25,beta,1,max,1.0,raw,25,0.4373770268500397,0.6079593171129667,0.3584796491284069,0.8425814007209356
38,beta,1,max,1.0,raw,26,0.4296502357276723,0.6583436959803175,0.3627916338602103,0.8337351355743965
26,beta,1,max,1.0,raw,25,0.4450900710225095,0.6131370379096062,0.3975110596491766,0.8146510464256189
20,beta,1,max,1.0,raw,26,0.4225404577240149,0.6619199924743069,0.3792110475654625,0.8259988483345144
28,beta,1,max,1.0,raw,26,0.443301512181495,0.6540140142298541,0.3727746939215722,0.8180691874497185
34,beta,1,max,1.0,raw,26,0.437932158651943,0.6611544896820971,0.3710805187878174,0.8173687119955778
11,beta,1,max,1.0,raw,25,0.446629050403275,0.6261694236173106,0.3969767289932241,0.7925474758746099
47,beta,1,max,1.0,raw,25,0.4253715503854296,0.6540137899720325,0.3728969332554836,0.829145699777119
45,beta,1,max,1.0,raw,25,0.4269079123357765,0.6742634500106561,0.3688928893019518,0.8212599306254895
3,beta,1,max,1.0,raw,25,0.4368166013768811,0.6613353216086583,0.361671058196699,0.8291804096565868
17,beta,1,max,1.0,raw,26,0.4525860343464552,0.6143371056241427,0.3749649707010179,0.8115243773954542
33,beta,1,max,1.0,raw,26,0.4360862778857572,0.6207804562915518,0.3877282116669311,0.7827378385371743
21,beta,1,max,1.0,raw,26,0.433409660369396,0.6670761342885236,0.3698847299877198,0.8235240151106313
44,beta,1,max,1.0,raw,25,0.4366706924064839,0.6308152784238545,0.3654504228802154,0.8160976933514247
46,beta,1,max,1.0,raw,26,0.4356692873418207,0.6746640672870711,0.3799301745547375,0.8137546468401488
37,beta,1,max,1.0,raw,26,0.4432816290223495,0.6540152535637238,0.373706414350951,0.8056143976577974
19,beta,1,max,1.0,raw,25,0.4319091927977589,0.6412487600573129,0.3664441599480591,0.818236346416921
49,beta,1,max,1.0,raw,26,0.4482768259398573,0.6444286896679077,0.3702643713277322,0.8181330711828052
40,beta,1,max,1.0,raw,25,0.4274137157232456,0.6689408713164067,0.3720907971607857,0.8155439235320892
23,beta,1,max,1.0,raw,26,0.4320603310867053,0.645376669607508,0.3631961681859135,0.83036529172139
6,beta,1,max,1.0,raw,25,0.4427438235549435,0.6164185758870144,0.3756096573043125,0.817691229913744
5,beta,1,max,1.0,raw,25,0.4188771759325029,0.7046020569719029,0.3871539970724675,0.7930684152141202
0,beta,1,max,1.0,raw,29,0.4458046920287288,0.6396979644088159,0.3779899687091953,0.7908588482369847
10,beta,1,max,1.0,raw,26,0.4343127569707554,0.6406109233219699,0.370258918137075,0.8427603305785124
22,beta,1,max,1.0,raw,26,0.4403267209292685,0.6153772145296403,0.3585893917442211,0.8528402366863905
42,beta,1,max,1.0,raw,26,0.4466555069690562,0.6403490606158994,0.372552694171476,0.8248485262630405
16,beta,1,max,1.0,raw,26,0.4323303442814679,0.664779233552285,0.3731580638453268,0.8313548112276926
4,beta,1,max,1.0,raw,25,0.4434161380947963,0.6455269912237126,0.3576092671757412,0.84510659045968
24,beta,1,max,1.0,raw,26,0.4359693830035852,0.6338577282101379,0.3538671821436748,0.8483501683501682
27,beta,1,max,1.0,raw,27,0.4530461176908518,0.6064211799656913,0.3716806087993644,0.8250252056839514
48,beta,1,max,1.0,raw,26,0.449021204759938,0.5829058616156788,0.3576374758637958,0.8572809429030229
13,beta,1,max,1.0,raw,25,0.4468755895437339,0.6445596285587338,0.3710731500629998,0.8060324933074864
1,beta,1,max,1.0,raw,26,0.4436909784099257,0.6271503236079721,0.3765809588834749,0.7985074626865672
9,beta,1,max,1.0,raw,26,0.4308096365004052,0.6759424772295552,0.3702256941959947,0.8256695328034502
14,beta,1,max,1.0,raw,27,0.4407870921140282,0.5858475514762468,0.3473694507736286,0.8557709672279175
12,beta,1,max,1.0,raw,26,0.4303921210733344,0.6367065087583024,0.367112030227518,0.8188169176773734
30,beta,1,max,1.0,raw,27,0.4538586202506116,0.607154625812094,0.3763320035380196,0.8180424737870979
35,beta,1,max,1.0,raw,26,0.4321761283288692,0.686109011161848,0.372273747454611,0.8072399690505139
32,beta,1,max,1.0,raw,27,0.4451705304764471,0.6095154092874076,0.3612129440243635,0.8181189025070882
18,beta,1,max,1.0,raw,25,0.4388389024842314,0.6621551026984487,0.3788603528727122,0.798958212756106
39,beta,1,max,1.0,raw,27,0.4270062280073409,0.6613251151029366,0.3662089029891402,0.8193605236656596
8,beta,1,max,1.0,raw,27,0.4375937054963768,0.6469904380714396,0.3672378383788521,0.8080350425492786
7,beta,1,max,1.0,raw,25,0.4313707327807133,0.6671372123910756,0.4034540910507969,0.7712560386473429
43,beta,1,max,1.0,raw,25,0.4404600856127749,0.6344633851764382,0.3693372818202704,0.8229553340309523
29,beta,1,max,1.0,raw,26,0.4352462141364238,0.6594223153971581,0.3705217269351891,0.8188049169644261
41,beta,1,max,1.0,raw,25,0.4441220282131225,0.621940295430737,0.3600989389228601,0.8265231259968102
31,beta,1,max,1.0,raw,26,0.425785222166239,0.6762851085070947,0.3568984613205845,0.8323353293413175
25,beta,1,max,1.0,raw,26,0.4376062706897729,0.6085700553076112,0.3734273717616072,0.806051131632527
28,beta,1,max,1.0,raw,27,0.4440272673898696,0.6454874220299273,0.3673039718307765,0.8238401716277822
2,beta,1,max,1.0,raw,27,0.429801873677449,0.6546336935149457,0.3777796918319539,0.8102915895627799
15,beta,1,max,1.0,raw,26,0.4408212853565898,0.6280495999747019,0.3855489512409861,0.7865158329925948
36,beta,1,max,1.0,raw,26,0.4520998077935981,0.6124470377019748,0.3611359574968582,0.8376538700863025
47,beta,1,max,1.0,raw,26,0.4272186096070632,0.6442476871559112,0.3739362968745539,0.812018910411066
38,beta,1,max,1.0,raw,27,0.4301419715714771,0.641831505698732,0.3636020146681845,0.8255004469485602
26,beta,1,max,1.0,raw,26,0.4418016704970259,0.6233822161043994,0.3695966336108865,0.8236522647173998
34,beta,1,max,1.0,raw,27,0.4375457228882548,0.6699722956424744,0.3833464771415372,0.8057048092868987
11,beta,1,max,1.0,raw,26,0.4464140368547871,0.6284383846329396,0.3872412417525296,0.8002913644535365
45,beta,1,max,1.0,raw,26,0.4272426583288221,0.6683155180539171,0.3760316882654408,0.8126328745664093
33,beta,1,max,1.0,raw,27,0.4358548499619648,0.6195018414281699,0.3824405225312348,0.8087642314990512
3,beta,1,max,1.0,raw,26,0.436935503403297,0.6614524658713564,0.361521591767103,0.8278832561878101
46,beta,1,max,1.0,raw,27,0.4358843706084775,0.6739005294500613,0.3749016593098137,0.8246840148698886
17,beta,1,max,1.0,raw,27,0.4532567687657501,0.6029060356652949,0.3747527380201342,0.809929780799918
21,beta,1,max,1.0,raw,27,0.4331032151912992,0.6727626773423234,0.3742273039029325,0.810545062061522
26,beta,1,max,1.0,raw,27,0.4426030501293746,0.6149745985295321,0.3742508557908053,0.8158367053909411
20,beta,1,max,1.0,raw,27,0.4224979428517749,0.6729976070647444,0.3737794762728688,0.8293597182849043
40,beta,1,max,1.0,raw,26,0.4263998839510157,0.6715856658509228,0.3877874884582012,0.7918915404122504
5,beta,1,max,1.0,raw,26,0.4200420828580931,0.6769624259878346,0.3832771828548773,0.8155018836425143
19,beta,1,max,1.0,raw,26,0.4320770404961946,0.633851124214703,0.364180017094932,0.8353467326107544
6,beta,1,max,1.0,raw,26,0.4429315359640706,0.6153916957903669,0.3850188995032593,0.7956072945400411
42,beta,1,max,1.0,raw,27,0.4520640943391781,0.6297551440907223,0.4133378110951994,0.8022299667441118
44,beta,1,max,1.0,raw,26,0.4362856667538708,0.6259896721688915,0.3597932123630692,0.828336499321574
0,beta,1,max,1.0,raw,30,0.4491057544070327,0.615760343110241,0.3639224556655447,0.8250635569802145
37,beta,1,max,1.0,raw,27,0.4460088071103235,0.6315158599902972,0.3677781609684163,0.816010792502655
22,beta,1,max,1.0,raw,27,0.440714792476852,0.6164196778161134,0.3612777056184019,0.8394566971490048
49,beta,1,max,1.0,raw,27,0.4487070901486111,0.6326463517982979,0.3657332700200211,0.8242660529961124
24,beta,1,max,1.0,raw,27,0.436269306395082,0.6208329941387171,0.3522946257930365,0.8541750841750843
4,beta,1,max,1.0,raw,26,0.4442194859421115,0.6448170226858752,0.3469955617149484,0.8581845762115016
10,beta,1,max,1.0,raw,27,0.4354236924670842,0.6365391222038838,0.3614944487603199,0.834374655647383
48,beta,1,max,1.0,raw,27,0.4491539784050682,0.5776671546367114,0.3576628284507632,0.8512838634910902
16,beta,1,max,1.0,raw,27,0.4337239113033395,0.6558578868881303,0.3814257982519582,0.8094117119540847
13,beta,1,max,1.0,raw,26,0.4470832319546904,0.6408516942393478,0.3678951343673966,0.8158289485830335
1,beta,1,max,1.0,raw,27,0.4429213927451358,0.6223860951304705,0.3703991462646186,0.8287436321387076
23,beta,1,max,1.0,raw,27,0.4325812779112394,0.6432967879724716,0.3666453518777177,0.8134641497673797
14,beta,1,max,1.0,raw,28,0.4405746221488679,0.5901188129962271,0.3485051089497936,0.8538322621766611
30,beta,1,max,1.0,raw,28,0.454154374527896,0.6067762993503248,0.3787924998897382,0.8056357739470411
9,beta,1,max,1.0,raw,27,0.4307966655287805,0.6597830719399932,0.3704594662523536,0.819390038413818
12,beta,1,max,1.0,raw,27,0.4294869908759611,0.6445025783867203,0.3771366206431188,0.8223155182371497
27,beta,1,max,1.0,raw,28,0.4537683720718163,0.6047417699208238,0.3754110269232264,0.8217275780819171
18,beta,1,max,1.0,raw,26,0.4379120657280188,0.6490278582516631,0.3919450580450335,0.7891480495427712
7,beta,1,max,1.0,raw,26,0.4315696416287428,0.6848707257095777,0.3792952870454558,0.8103692201518288
39,beta,1,max,1.0,raw,28,0.4284312524207849,0.6488993654428781,0.3614481958438976,0.8156012542341847
41,beta,1,max,1.0,raw,26,0.4415710445422349,0.626886108558646,0.3482912458009653,0.8399149388623073
29,beta,1,max,1.0,raw,28,0.4370789204505924,0.6656626159770813,0.3782282199740961,0.8040236859255264
35,beta,1,max,1.0,raw,27,0.4332192324231385,0.6878746263975715,0.3730752344985671,0.8149276003094948
29,beta,1,max,1.0,raw,27,0.4361295352305284,0.6460393089323907,0.3618732155540098,0.8300973055574283
8,beta,1,max,1.0,raw,28,0.4370275739638626,0.6428211684487836,0.3677427881792733,0.8149176043112143
32,beta,1,max,1.0,raw,28,0.4455836959358444,0.6274588620833914,0.3687952232108896,0.8027872658674347
15,beta,1,max,1.0,raw,27,0.4414444122021727,0.6286056298685555,0.3915099229395493,0.7826654854390986
31,beta,1,max,1.0,raw,27,0.4257198779470553,0.6771725169175956,0.3721408126400693,0.8078444224723096
43,beta,1,max,1.0,raw,26,0.4410147323126328,0.6323196845678452,0.3691778820148282,0.8257972131960126
25,beta,1,max,1.0,raw,27,0.4376638480319895,0.6081452754582973,0.359227087845842,0.8412974692044459
2,beta,1,max,1.0,raw,28,0.4289594203879002,0.644892340806443,0.3632436343171522,0.8304718210386851
28,beta,1,max,1.0,raw,28,0.4436391880134523,0.6502816928930915,0.363872395763297,0.8338428533118798
36,beta,1,max,1.0,raw,27,0.4523297434534122,0.6071770197486536,0.3881350504914569,0.7947785623461298
47,beta,1,max,1.0,raw,27,0.425792151495288,0.6627876254278786,0.3745635791268439,0.8186163001769261
46,beta,1,max,1.0,raw,28,0.4354189013312762,0.6810799392999387,0.3628407751034849,0.8432084643980555
11,beta,1,max,1.0,raw,27,0.4459571021141818,0.6256061719069191,0.3831587023947854,0.812602029219102
38,beta,1,max,1.0,raw,28,0.4303366872157905,0.6488950333464523,0.3480998006497376,0.8455237424492781
17,beta,1,max,1.0,raw,28,0.4516643627073967,0.616499657064472,0.3649770472769297,0.8343897535778759
34,beta,1,max,1.0,raw,28,0.4394141794537397,0.6615191323746938,0.3640106630872572,0.8297622996130458
3,beta,1,max,1.0,raw,27,0.437370638795899,0.6501143770753905,0.3585416211570225,0.8361761689625543
45,beta,1,max,1.0,raw,28,0.4267407551374707,0.6728484335461562,0.3664450342274679,0.8345473872664205
40,beta,1,max,1.0,raw,27,0.4297222470192606,0.6633367747527277,0.3646531605836057,0.8293181177796562
42,beta,1,max,1.0,raw,28,0.4490443844947334,0.6319981812682388,0.3849572029106806,0.8207997357751355
45,beta,1,max,1.0,raw,27,0.4271983615914815,0.6762214797938411,0.3801834760230631,0.800665771511693
20,beta,1,max,1.0,raw,28,0.4226212612202223,0.6731093165729874,0.3758497742731254,0.827172661233168
19,beta,1,max,1.0,raw,27,0.4323542637678847,0.6506709467651273,0.3580398636792549,0.8338366831526887
26,beta,1,max,1.0,raw,28,0.4411005294878784,0.6209570695225,0.3751120598571772,0.8189205064612975
16,beta,1,max,1.0,raw,28,0.4333054898865714,0.6640862948214805,0.3623111035377817,0.8388205093713568
49,beta,1,max,1.0,raw,28,0.4490178695671991,0.6390537461377899,0.3651198549296649,0.81965235265204
22,beta,1,max,1.0,raw,28,0.4403117967306224,0.6210022167322758,0.3519427256683121,0.8562829478214093
6,beta,1,max,1.0,raw,27,0.4433198986880087,0.6087324358919044,0.3953271335411311,0.7788869915495424
48,beta,1,max,1.0,raw,28,0.4489011222103009,0.5820984703632888,0.3606984812681535,0.8379541332557281
21,beta,1,max,1.0,raw,28,0.4338104977865857,0.6602156201713723,0.367518600362947,0.8241392336751214
5,beta,1,max,1.0,raw,27,0.4237999093644305,0.6799139945790307,0.3822056573093282,0.7978955923863499
10,beta,1,max,1.0,raw,28,0.4347913544231342,0.6480040696990008,0.362393329809448,0.8344793388429753
33,beta,1,max,1.0,raw,28,0.4400066873464877,0.6100784859208221,0.4018819807167141,0.7809049939623943
37,beta,1,max,1.0,raw,28,0.4480387573038936,0.6016199976259045,0.395016909521053,0.8104997273170872
44,beta,1,max,1.0,raw,27,0.4364393865923399,0.6272912232230539,0.3591989625091161,0.8267028493894165
1,beta,1,max,1.0,raw,28,0.4433889505209752,0.6265759836655024,0.3641468523397803,0.8307712932344267
24,beta,1,max,1.0,raw,28,0.4352925845517746,0.641930220883534,0.3562137008042762,0.8461279461279461
13,beta,1,max,1.0,raw,27,0.4485175921860947,0.6293019097053516,0.370456147802114,0.8154077817779009
9,beta,1,max,1.0,raw,28,0.4313606113442788,0.6703685889630314,0.3646495849722087,0.8344142299085979
30,beta,1,max,1.0,raw,29,0.4540961644661939,0.6017542010244877,0.376404575614958,0.8142938066465257
4,beta,1,max,1.0,raw,27,0.4442031997443902,0.6396595738808853,0.34601779130028,0.858617980876019
18,beta,1,max,1.0,raw,27,0.4414767487528298,0.6535596654902847,0.3755997788630719,0.8034726241463133
7,beta,1,max,1.0,raw,27,0.4317035542870864,0.6754826810014447,0.3805058721648161,0.8098573729008511
14,beta,1,max,1.0,raw,29,0.4404284187518536,0.5939685042325956,0.3563791291965383,0.8476868327402136
33,beta,1,max,1.0,raw,29,0.4361374106124205,0.6170494430506971,0.3798539216889456,0.805977229601518
27,beta,1,max,1.0,raw,29,0.4524871348559639,0.6136941201249304,0.3685102176168446,0.8349737916590075
29,beta,1,max,1.0,raw,29,0.4357116455974147,0.648965848965849,0.3755504025983424,0.8250803388840199
39,beta,1,max,1.0,raw,29,0.4278015711010497,0.6650167585104606,0.3649425870995203,0.8212086880893528
23,beta,1,max,1.0,raw,28,0.4329263172536487,0.6447011010429843,0.3666493144408813,0.8158905237851436
15,beta,1,max,1.0,raw,28,0.4408658863961086,0.6300997955074893,0.3810664665399886,0.8014912998046432
12,beta,1,max,1.0,raw,28,0.4301456609739679,0.6313030177561363,0.3707010500239835,0.8205662179572615
31,beta,1,max,1.0,raw,28,0.4250545599921805,0.6851962594856875,0.3609803871998202,0.82850254963172
28,beta,1,max,1.0,raw,29,0.4443295321160049,0.6401786851366822,0.3590386724243529,0.8354894073478144
35,beta,1,max,1.0,raw,28,0.4331408704462027,0.679296106108941,0.3838013508700361,0.7975074610368078
2,beta,1,max,1.0,raw,29,0.4285484475264014,0.6588884822642223,0.368673887318048,0.8212960022775301
46,beta,1,max,1.0,raw,29,0.435258247982056,0.6851950252757353,0.3759293960116381,0.8244323706033743
43,beta,1,max,1.0,raw,27,0.4408360063956162,0.6275010681496284,0.3778535041613279,0.8136641515668889
8,beta,1,max,1.0,raw,29,0.4360295174673017,0.6469740939291801,0.3832086731861948,0.8021611801224928
47,beta,1,max,1.0,raw,28,0.4264141418632522,0.6473034270083302,0.3745557617391064,0.8192711564532065
41,beta,1,max,1.0,raw,28,0.4416770948072641,0.6245439138856944,0.3646989661721151,0.8263583200425306
34,beta,1,max,1.0,raw,29,0.4396098217810216,0.6662613060452485,0.3616444620591041,0.8316749585406303
41,beta,1,max,1.0,raw,27,0.440780905608834,0.6255293285000647,0.3561850446745944,0.8380489101541733
36,beta,1,max,1.0,raw,28,0.45198529062242,0.6159870736086176,0.3718649830791406,0.8239266293320348
32,beta,1,max,1.0,raw,29,0.4470103672380676,0.6035434388509273,0.3741359093385424,0.800002232491684
17,beta,1,max,1.0,raw,29,0.4524767447918688,0.60580658436214,0.3788053830574471,0.8113933926751067
11,beta,1,max,1.0,raw,28,0.4473477916954658,0.6224836625789297,0.3898783605344506,0.7922116835079454
25,beta,1,max,1.0,raw,28,0.4375033208176057,0.6139144831557731,0.3590656898230686,0.8424470982610518
38,beta,1,max,1.0,raw,29,0.4302717571598026,0.6512130143709478,0.3687080593827311,0.8206138093561232
20,beta,1,max,1.0,raw,29,0.423068072632437,0.67397984231321,0.3873353916141976,0.7958562189936215
42,beta,1,max,1.0,raw,29,0.443525879637053,0.649274826439813,0.3608239238773448,0.8286012026786935
22,beta,1,max,1.0,raw,29,0.4414711963507205,0.6110117673594102,0.3569161636542861,0.8476008606777837
3,beta,1,max,1.0,raw,28,0.4371404703242725,0.6550673348911572,0.3624911175659046,0.829817899609191
40,beta,1,max,1.0,raw,28,0.4271503101337481,0.6677233098806975,0.3814986317173829,0.8161833235797733
26,beta,1,max,1.0,raw,29,0.4415615281285351,0.6274170196493499,0.3859421030920636,0.7997976765435322
6,beta,1,max,1.0,raw,28,0.4432553072556248,0.6140707022766824,0.3836210043056768,0.8037567319059503
19,beta,1,max,1.0,raw,28,0.4328290536792793,0.6388350049597709,0.3601422826412789,0.8285041565821318
49,beta,1,max,1.0,raw,29,0.4478822813216722,0.6379543558476418,0.3626672621948831,0.8343648062916127
44,beta,1,max,1.0,raw,28,0.4392872476107944,0.624265570114938,0.3859034913248872,0.7975630936227951
21,beta,1,max,1.0,raw,29,0.4342084084920022,0.6595884253406378,0.37343866435871,0.8141932002158662
10,beta,1,max,1.0,raw,29,0.4360144803569227,0.6359778568974671,0.3641161809482519,0.8335812672176309
32,beta,1,max,1.0,raw,30,0.4472250774277923,0.6079058011434947,0.3830205974555653,0.7894871966601925
16,beta,1,max,1.0,raw,29,0.4335441560993033,0.6604178707940696,0.3693028451829581,0.8301441574746659
24,beta,1,max,1.0,raw,29,0.4357988458352038,0.6248945104743299,0.3515933341173963,0.8553647586980919
30,beta,1,max,1.0,raw,30,0.4539589934966475,0.607561844077961,0.3720726353530263,0.823573840412298
37,beta,1,max,1.0,raw,29,0.4472898451731455,0.608305205462484,0.3847819097335588,0.8101782485145956
45,beta,1,max,1.0,raw,29,0.42813088489581,0.6596828369969472,0.3868243140818643,0.7986740516951997
5,beta,1,max,1.0,raw,28,0.4231792704207806,0.6852252722524015,0.3770373749344154,0.8089667973683922
13,beta,1,max,1.0,raw,28,0.4471622997356959,0.641811527904849,0.3682808728675384,0.8256023262254224
48,beta,1,max,1.0,raw,29,0.4493059322510204,0.5754597125956022,0.3657437816268565,0.8389415206805697
4,beta,1,max,1.0,raw,28,0.4440334925616733,0.6403043412264724,0.3528601117102966,0.8450144919684699
1,beta,1,max,1.0,raw,29,0.4431349904934318,0.6380586089993836,0.3786084489413157,0.8057802305836088
1,beta,1,max,1.0,raw,6,0.4385377972840643,0.6440903020341072,0.3955862650357157,0.804551345071052
27,beta,1,max,1.0,raw,30,0.4534458142812452,0.609821223198029,0.3667350781986467,0.8317597188104032
39,beta,1,max,1.0,raw,30,0.4284263483066671,0.6572004938094897,0.3632596327389876,0.8223587842167902
14,beta,1,max,1.0,raw,30,0.4406456597537221,0.5921061621337538,0.3663250554615755,0.8246082753492324
18,beta,1,max,1.0,raw,28,0.4386776163705479,0.6571650332619655,0.3718719354070481,0.8076744993633522
9,beta,1,max,1.0,raw,29,0.4316496524470916,0.6647581705713311,0.3525207810667993,0.8449252041242029
29,beta,1,max,1.0,raw,30,0.4362267802543458,0.6580364894830303,0.363968926384589,0.8282658037259263
2,beta,1,max,1.0,raw,30,0.4292737702945964,0.6504506308066216,0.3747886022124753,0.8103244385559583
33,beta,1,max,1.0,raw,30,0.4353851394403582,0.6302332956158875,0.3767476880901864,0.8194486372261515
7,beta,1,max,1.0,raw,28,0.4313486760347423,0.6730367580257205,0.3664654267112349,0.8292385553255118
28,beta,1,max,1.0,raw,30,0.444876005171058,0.6411621339525344,0.3569450324400443,0.8368892464467685
31,beta,1,max,1.0,raw,29,0.4244112670356966,0.6762494144806821,0.3575845983751498,0.8389677046648818
8,beta,1,max,1.0,raw,30,0.4359562579258725,0.6490295211529522,0.3800027456937275,0.7967275787314909
46,beta,1,max,1.0,raw,30,0.4380912872273529,0.6700271905637255,0.3701776339407545,0.8334744066342579
34,beta,1,max,1.0,raw,30,0.4404065111241114,0.6499208879943743,0.3719191156394025,0.8163128800442233
3,beta,1,max,1.0,raw,29,0.4376038189730511,0.6564598450375108,0.3666408812422215,0.8174672247013499
43,beta,1,max,1.0,raw,28,0.4415537157420083,0.627538411333488,0.3734795622500174,0.8134273283031338
12,beta,1,max,1.0,raw,29,0.4300438876820805,0.6396602757351054,0.3825010472950279,0.8005853214269847
36,beta,1,max,1.0,raw,29,0.4524823268052474,0.6187881508078995,0.3713863022726945,0.822384546708871
47,beta,1,max,1.0,raw,29,0.4264076594647086,0.6536422605429223,0.3701279771988468,0.8251189081133248
11,beta,1,max,1.0,raw,29,0.4468052422823427,0.6228374290472792,0.3821117643922339,0.8193023784431633
15,beta,1,max,1.0,raw,29,0.4415401660700142,0.6310280492046927,0.3877581682347101,0.786953114351915
35,beta,1,max,1.0,raw,29,0.4340645064602115,0.6778423625950536,0.3837074018189479,0.7988504476622084
23,beta,1,max,1.0,raw,29,0.4326104536027572,0.6442131532530633,0.3699380244724882,0.8124568706453263
41,beta,1,max,1.0,raw,29,0.4426638150738498,0.6179471018190973,0.3566564692208547,0.8308718766613503
17,beta,1,max,1.0,raw,30,0.4522535230816735,0.6094334705075446,0.3824502242805441,0.8017859481870007
38,beta,1,max,1.0,raw,30,0.4302872373746303,0.6552606275320552,0.3542212930326375,0.8382317089687679
22,beta,1,max,1.0,raw,30,0.4415341082365745,0.6177528889766027,0.3785424796735857,0.8234857450242066
44,beta,1,max,1.0,raw,29,0.437297825420834,0.6395233866371854,0.3681846228406027,0.8098724559023067
6,beta,1,max,1.0,raw,29,0.4432448016441165,0.6188347643497145,0.3763533054675946,0.8125684136783573
25,beta,1,max,1.0,raw,29,0.4381371354668509,0.5975805169642,0.3597945997931828,0.8325194604264371
49,beta,1,max,1.0,raw,30,0.4478464145422754,0.6439340629626822,0.3683091340738969,0.8284831761919657
42,beta,1,max,1.0,raw,30,0.4433677269237173,0.6501443422351456,0.3664157752321973,0.8232142043642658
1,beta,1,max,1.0,raw,7,0.4393567127855421,0.6452094462708033,0.3744947088922063,0.8184321655197069
24,beta,1,max,1.0,raw,30,0.4360600001999011,0.6257014544665147,0.3676433979581437,0.8300785634118969
26,beta,1,max,1.0,raw,30,0.4427581777748993,0.6245350171172424,0.3742970195619499,0.8097887569072794
19,beta,1,max,1.0,raw,29,0.4321166990463294,0.6486508734707374,0.3791421372300745,0.7973955592970641
40,beta,1,max,1.0,raw,29,0.4285479433431156,0.6611052691954725,0.3838502480847341,0.792135379413486
16,beta,1,max,1.0,raw,30,0.4336199194081848,0.6705667089242207,0.3698447440117523,0.8241413326159088
20,beta,1,max,1.0,raw,30,0.4234000122536561,0.6672357482185273,0.3753548969331494,0.8300739723600283
21,beta,1,max,1.0,raw,30,0.4333211024404485,0.6705850540806293,0.3706246070795405,0.8293793847814355
5,beta,1,max,1.0,raw,29,0.4200746125409088,0.6914185424738717,0.3809803892718061,0.8082144386964975
10,beta,1,max,1.0,raw,30,0.4346356460665156,0.6517134057422637,0.3505398924616533,0.851741046831956
37,beta,1,max,1.0,raw,30,0.4450765453094309,0.6374246482725875,0.3729464810279155,0.798949453199001
13,beta,1,max,1.0,raw,29,0.4484740677654441,0.641220837527449,0.3729393689297502,0.8062863472722237
1,beta,1,max,1.0,raw,30,0.4427417873383385,0.6350764716457777,0.3764014877265104,0.8051434444543748
48,beta,1,max,1.0,raw,30,0.4487569176451506,0.5814109554254302,0.3560528201139512,0.8480774527483148
1,beta,1,max,1.0,raw,9,0.4391450437830073,0.6390002183069653,0.3873421624425413,0.8097070783805524
4,beta,1,max,1.0,raw,29,0.4441685791075844,0.6440008003532594,0.3694764683383565,0.8195248801365226
45,beta,1,max,1.0,raw,30,0.4275842167904597,0.6750745179968842,0.3751979146665603,0.8124034911043976
18,beta,1,max,1.0,raw,30,0.4388197509499066,0.6581782296020647,0.3692120477921267,0.827317976617664
9,beta,1,max,1.0,raw,30,0.431050687148247,0.6616196239832448,0.3744679690275442,0.8217252084586253
7,beta,1,max,1.0,raw,29,0.4317733595083565,0.6672515612912964,0.376559669832223,0.8151828847481022
18,beta,1,max,1.0,raw,29,0.4404537422733122,0.6500196752194484,0.3629573485562132,0.8254138210441023
31,beta,1,max,1.0,raw,30,0.4293264085574504,0.6870441117761183,0.362256172818651,0.818231810960639
3,beta,1,max,1.0,raw,30,0.4371406918949799,0.6655122371172058,0.3676048301538735,0.8140746694753179
36,beta,1,max,1.0,raw,30,0.4529568261442052,0.608937881508079,0.3576258093202427,0.8358791223656088
12,beta,1,max,1.0,raw,30,0.4308646982509156,0.63245995544712,0.3773186843160521,0.8057665822559865
43,beta,1,max,1.0,raw,29,0.4425822602067906,0.6282065515420043,0.3770896980458049,0.8182298837913753
47,beta,1,max,1.0,raw,30,0.426169891772389,0.6672143382307371,0.3901405000085648,0.793622618965557
6,beta,1,max,1.0,raw,30,0.4439947138570443,0.6060908084163898,0.3733206139076631,0.8178116379876527
23,beta,1,max,1.0,raw,30,0.4326891354909181,0.6489815971109745,0.3727978379403296,0.810008236315473
11,beta,1,max,1.0,raw,30,0.4464308265220361,0.6311391488378771,0.3880313790784954,0.8018566734858348
44,beta,1,max,1.0,raw,30,0.4377495871192819,0.6039230453743922,0.3642422465662332,0.8140407055630936
40,beta,1,max,1.0,raw,30,0.4283206005591221,0.6652477184664016,0.3653873388482344,0.8343628757829941
41,beta,1,max,1.0,raw,30,0.4423185390239645,0.6259366123850532,0.3633232092467602,0.8245720361509836
35,beta,1,max,1.0,raw,30,0.436227463437965,0.6845089863525402,0.369982470954182,0.8047363766994584
25,beta,1,max,1.0,raw,30,0.4379987428366242,0.6021627405461176,0.3608084162962213,0.8333199030873449
1,beta,1,max,1.0,raw,11,0.4391279076833692,0.6429303857612492,0.3842207056207518,0.8147566806685137
19,beta,1,max,1.0,raw,30,0.4332855951013608,0.6408657555384107,0.3583916187937014,0.83807744922656
4,beta,1,max,1.0,raw,30,0.4443000359755644,0.6433743169398907,0.3485056113485055,0.857052306525449
13,beta,1,max,1.0,raw,30,0.4492630812290652,0.6407074594446593,0.3643097623132236,0.8213675805409397
5,beta,1,max,1.0,raw,30,0.4219078651625041,0.7023297445224012,0.3801349891396284,0.8050073039199535
7,beta,1,max,1.0,raw,30,0.4323260531096817,0.6651341055314565,0.3862290219594524,0.7870140326662066
15,beta,1,max,1.0,raw,30,0.4418886468822214,0.6228536192012143,0.3844042596302645,0.8087263186588525
43,beta,1,max,1.0,raw,30,0.4418023619239395,0.6323748582809351,0.37639279795576097,0.8153053918598887
