n_samples,model_type,seed,lambda_tau,rmse_naive,rmse_rasch,rmse_amortized,auc_naive,auc_rasch,auc_amortized,active_dims,active_indices,tau_values,embedding_type
54.0,beta,0.0,0.054,0.281572739545136,0.2897992539503829,0.2639209277518988,0.5,0.5996241954759471,0.737843947531353,0.0,[],"[0.0, 0.0, 0.0, 0.0, 0.0, 0.0, 0.0, 0.0, 0.0, 0.0, 0.0, 0.0, 0.0, 0.0, 0.0, 0.0, 0.0, 0.0, 0.0, 0.0, 0.0, 0.0, 0.0, 0.0, 0.0, 0.0, 0.0, 0.0, 0.0, 0.0]",pca
54.0,beta,1.0,0.054,0.2785951027486996,0.2902501426716141,0.2659984795958943,0.5,0.5665864533937292,0.7054497841319272,17.0,"[0, 1, 2, 3, 4, 5, 6, 7, 12, 14, 15, 17, 19, 21, 22, 25, 27]","[0.12695953249931335, 0.0328713096678257, 0.13002033531665802, 0.0046788728795945644, 0.07551129162311554, 0.0013636101502925158, 0.09709195047616959, 0.15940478444099426, 0.0, 0.0, 0.0, 0.0, 0.023716747760772705, 0.0, 0.0720948800444603, 0.02407391369342804, 0.0, 0.0583680123090744, 0.0, 0.06327606737613678, 0.0, 0.1697491854429245, 0.034930817782878876, 0.0, 0.0, 0.011525152251124382, 0.0, 0.11646465957164764, 0.0, 0.0]",pca
54.0,beta,2.0,0.054,0.2495620960358432,0.2434427663431785,0.2250090401873167,0.5,0.6279682750759878,0.756902228976697,3.0,"[20, 25, 27]","[0.0, 0.0, 0.0, 0.0, 0.0, 0.0, 0.0, 0.0, 0.0, 0.0, 0.0, 0.0, 0.0, 0.0, 0.0, 0.0, 0.0, 0.0, 0.0, 0.0, 0.014856623485684395, 0.0, 0.0, 0.0, 0.0, 0.005214952863752842, 0.0, 0.0075510963797569275, 0.0, 0.0]",pca
54.0,beta,3.0,0.054,0.2600613681646652,0.2699348220259572,0.2605780752966194,0.5,0.5614374557665376,0.6555737927088195,5.0,"[3, 4, 6, 19, 21]","[0.0, 0.0, 0.0, 0.019592322409152985, 0.009164134971797466, 0.0, 0.006206643767654896, 0.0, 0.0, 0.0, 0.0, 0.0, 0.0, 0.0, 0.0, 0.0, 0.0, 0.0, 0.0, 0.0014988112961873412, 0.0, 0.05168250948190689, 0.0, 0.0, 0.0, 0.0, 0.0, 0.0, 0.0, 0.0]",pca
54.0,beta,4.0,0.054,0.2610414052572765,0.2678962264611476,0.2499853219253323,0.5,0.569220712518093,0.679934942646807,2.0,"[20, 23]","[0.0, 0.0, 0.0, 0.0, 0.0, 0.0, 0.0, 0.0, 0.0, 0.0, 0.0, 0.0, 0.0, 0.0, 0.0, 0.0, 0.0, 0.0, 0.0, 0.0, 0.006437893025577068, 0.0, 0.0, 0.01897447556257248, 0.0, 0.0, 0.0, 0.0, 0.0, 0.0]",pca
54.0,beta,5.0,0.054,0.2616193070017826,0.2684446490871227,0.2583890738776609,0.5,0.6163379080064133,0.6739846726387478,14.0,"[2, 3, 5, 6, 8, 11, 15, 17, 18, 19, 20, 23, 27, 28]","[0.0, 0.0, 0.03000469319522381, 0.09024378657341003, 0.0, 0.04443908855319023, 0.02996564656496048, 0.0, 0.05631302669644356, 0.0, 0.0, 0.019830405712127686, 0.0, 0.0, 0.0, 0.051722828298807144, 0.0, 0.03461112082004547, 0.06323226541280746, 0.0022576518822461367, 0.05066276714205742, 0.0, 0.0, 0.031182127073407173, 0.0, 0.0, 0.0, 0.025068923830986023, 0.014078892767429352, 0.0]",pca
54.0,beta,10.0,0.054,0.2711055500199741,0.2819676250852603,0.2600557098629864,0.5,0.5443998811645869,0.7193998811645871,6.0,"[1, 2, 5, 9, 25, 26]","[0.0, 0.017185989767313004, 0.0062110391445457935, 0.0, 0.0, 0.01949416659772396, 0.0, 0.0, 0.0, 0.03164029121398926, 0.0, 0.0, 0.0, 0.0, 0.0, 0.0, 0.0, 0.0, 0.0, 0.0, 0.0, 0.0, 0.0, 0.0, 0.0, 0.05200851336121559, 0.021407410502433777, 0.0, 0.0, 0.0]",pca
54.0,beta,9.0,0.054,0.2573521289492059,0.2608492913457901,0.259113065756694,0.5,0.6115793918918919,0.6633445945945946,3.0,"[3, 27, 28]","[0.0, 0.0, 0.0, 0.009276262484490871, 0.0, 0.0, 0.0, 0.0, 0.0, 0.0, 0.0, 0.0, 0.0, 0.0, 0.0, 0.0, 0.0, 0.0, 0.0, 0.0, 0.0, 0.0, 0.0, 0.0, 0.0, 0.0, 0.0, 0.007133892271667719, 0.004201385658234358, 0.0]",pca
54.0,beta,7.0,0.054,0.2606414142992545,0.2660151309374284,0.2307748701211958,0.5,0.5319323841144171,0.7681889286170349,7.0,"[3, 5, 8, 10, 17, 24, 27]","[0.0, 0.0, 0.0, 0.004798864480108023, 0.0, 0.033849239349365234, 0.0, 0.0, 0.013182621449232101, 0.0, 0.0379515141248703, 0.0, 0.0, 0.0, 0.0, 0.0, 0.0, 0.09375905245542526, 0.0, 0.0, 0.0, 0.0, 0.0, 0.0, 0.010563687421381474, 0.0, 0.0, 0.015824036672711372, 0.0, 0.0]",pca
54.0,beta,6.0,0.054,0.2747260658349709,0.2769866175233411,0.252044173356898,0.5,0.6008714811891608,0.7228624046303604,16.0,"[1, 5, 7, 8, 11, 12, 13, 14, 16, 19, 20, 23, 24, 26, 27, 28]","[0.0, 0.0032839507330209017, 0.0, 0.0, 0.0, 0.002411270746961236, 0.0, 0.17277859151363373, 0.1789265125989914, 0.0, 0.0, 0.07386170327663422, 0.13687552511692047, 0.01988532394170761, 0.04006357118487358, 0.0, 0.05779846012592316, 0.0, 0.0, 0.024099113419651985, 0.010054448619484901, 0.0, 0.0, 0.1403730809688568, 0.09162406623363495, 0.0, 0.23963519930839539, 0.0018459800630807877, 0.044085316359996796, 0.0]",pca
54.0,beta,8.0,0.054,0.2638855809846538,0.2725429616536821,0.2732684430261664,0.5,0.5986706122024119,0.6049829737245164,5.0,"[1, 7, 10, 21, 26]","[0.0, 0.05760259926319122, 0.0, 0.0, 0.0, 0.0, 0.0, 0.031154604628682137, 0.0, 0.0, 0.014733865857124329, 0.0, 0.0, 0.0, 0.0, 0.0, 0.0, 0.0, 0.0, 0.0, 0.0, 0.03475586697459221, 0.0, 0.0, 0.0, 0.0, 0.027368946000933647, 0.0, 0.0, 0.0]",pca
54.0,beta,11.0,0.054,0.2601588292036993,0.261959193222247,0.2540285989447279,0.5,0.640718342060624,0.7082085699535364,7.0,"[5, 7, 10, 12, 15, 23, 28]","[0.0, 0.0, 0.0, 0.0, 0.0, 0.07256991416215897, 0.0, 0.0014569690683856606, 0.0, 0.0, 0.04710761457681656, 0.0, 0.021972905844449997, 0.0, 0.0, 0.04581205174326897, 0.0, 0.0, 0.0, 0.0, 0.0, 0.0, 0.0, 0.05715658888220787, 0.0, 0.0, 0.0, 0.0, 0.042786139994859695, 0.0]",pca
54.0,beta,12.0,0.054,0.2597641048530327,0.2622171893718359,0.262179026893041,0.5,0.5787281399046105,0.649268680445151,0.0,[],"[0.0, 0.0, 0.0, 0.0, 0.0, 0.0, 0.0, 0.0, 0.0, 0.0, 0.0, 0.0, 0.0, 0.0, 0.0, 0.0, 0.0, 0.0, 0.0, 0.0, 0.0, 0.0, 0.0, 0.0, 0.0, 0.0, 0.0, 0.0, 0.0, 0.0]",pca
54.0,beta,13.0,0.054,0.2576909067500987,0.2529829403700694,0.22642803312439,0.5,0.6561267547367551,0.7659270801731983,3.0,"[3, 18, 25]","[0.0, 0.0, 0.0, 0.017875388264656067, 0.0, 0.0, 0.0, 0.0, 0.0, 0.0, 0.0, 0.0, 0.0, 0.0, 0.0, 0.0, 0.0, 0.0, 0.014472104609012604, 0.0, 0.0, 0.0, 0.0, 0.0, 0.0, 0.046093910932540894, 0.0, 0.0, 0.0, 0.0]",pca
54.0,beta,15.0,0.054,0.2717116111576571,0.2729533950950198,0.2540636161835986,0.5,0.5854673108863053,0.7225426543862298,0.0,[],"[0.0, 0.0, 0.0, 0.0, 0.0, 0.0, 0.0, 0.0, 0.0, 0.0, 0.0, 0.0, 0.0, 0.0, 0.0, 0.0, 0.0, 0.0, 0.0, 0.0, 0.0, 0.0, 0.0, 0.0, 0.0, 0.0, 0.0, 0.0, 0.0, 0.0]",pca
54.0,beta,16.0,0.054,0.2756864568525844,0.2806376440135098,0.2471320938246059,0.5,0.5937119113573407,0.7830332409972299,1.0,[7],"[0.0, 0.0, 0.0, 0.0, 0.0, 0.0, 0.0, 0.009219609200954437, 0.0, 0.0, 0.0, 0.0, 0.0, 0.0, 0.0, 0.0, 0.0, 0.0, 0.0, 0.0, 0.0, 0.0, 0.0, 0.0, 0.0, 0.0, 0.0, 0.0, 0.0, 0.0]",pca
54.0,beta,18.0,0.054,0.252771114290939,0.255262114573614,0.2411550851012485,0.5,0.6159530341629107,0.6953507740544778,3.0,"[0, 7, 26]","[0.0030419158283621073, 0.0, 0.0, 0.0, 0.0, 0.0, 0.0, 0.05327656492590904, 0.0, 0.0, 0.0, 0.0, 0.0, 0.0, 0.0, 0.0, 0.0, 0.0, 0.0, 0.0, 0.0, 0.0, 0.0, 0.0, 0.0, 0.0, 0.01779027096927166, 0.0, 0.0, 0.0]",pca
54.0,beta,19.0,0.054,0.2603054890140719,0.2585797741158689,0.2445493557354293,0.5,0.619239997177334,0.7404117564039235,0.0,[],"[0.0, 0.0, 0.0, 0.0, 0.0, 0.0, 0.0, 0.0, 0.0, 0.0, 0.0, 0.0, 0.0, 0.0, 0.0, 0.0, 0.0, 0.0, 0.0, 0.0, 0.0, 0.0, 0.0, 0.0, 0.0, 0.0, 0.0, 0.0, 0.0, 0.0]",pca
54.0,beta,20.0,0.054,0.2628800830739616,0.2615029455907067,0.2323294784508527,0.5,0.5906329035839862,0.7876596138424526,3.0,"[3, 10, 28]","[0.0, 0.0, 0.0, 0.00484790513291955, 0.0, 0.0, 0.0, 0.0, 0.0, 0.0, 0.015029954724013805, 0.0, 0.0, 0.0, 0.0, 0.0, 0.0, 0.0, 0.0, 0.0, 0.0, 0.0, 0.0, 0.0, 0.0, 0.0, 0.0, 0.0, 0.01622433215379715, 0.0]",pca
54.0,beta,21.0,0.054,0.257452525628104,0.2566803725771483,0.2380867774203774,0.5,0.6018066427273588,0.7089135170976604,3.0,"[5, 15, 27]","[0.0, 0.0, 0.0, 0.0, 0.0, 0.036606740206480026, 0.0, 0.0, 0.0, 0.0, 0.0, 0.0, 0.0, 0.0, 0.0, 0.039609622210264206, 0.0, 0.0, 0.0, 0.0, 0.0, 0.0, 0.0, 0.0, 0.0, 0.0, 0.0, 0.024867914617061615, 0.0, 0.0]",pca
54.0,beta,22.0,0.054,0.2837419185874003,0.3046494117796562,0.2749774755660054,0.5,0.4992868004252284,0.693452020507852,0.0,[],"[0.0, 0.0, 0.0, 0.0, 0.0, 0.0, 0.0, 0.0, 0.0, 0.0, 0.0, 0.0, 0.0, 0.0, 0.0, 0.0, 0.0, 0.0, 0.0, 0.0, 0.0, 0.0, 0.0, 0.0, 0.0, 0.0, 0.0, 0.0, 0.0, 0.0]",pca
54.0,beta,23.0,0.054,0.2748753888481758,0.2788819919583407,0.2496776738101272,0.5,0.5886102268490637,0.7494909518483467,22.0,"[0, 1, 3, 4, 5, 6, 9, 10, 11, 13, 15, 16, 17, 18, 19, 20, 21, 22, 23, 26, 27, 29]","[0.07513498514890671, 0.20732887089252472, 0.0, 0.020176192745566368, 0.07484506815671921, 0.03321611508727074, 0.02197897806763649, 0.0, 0.0, 0.024302277714014053, 0.10312177240848541, 0.039318669587373734, 0.0, 0.08435134589672089, 0.0, 0.09357502311468124, 0.18761253356933594, 0.006266820710152388, 0.168699711561203, 0.0161320511251688, 0.04544345661997795, 0.040533095598220825, 0.0850658267736435, 0.041794855147600174, 0.0, 0.0, 0.12626615166664124, 0.07030373811721802, 0.0, 0.10159819573163986]",pca
54.0,beta,24.0,0.054,0.2900763593641032,0.2991071781878257,0.267648075177116,0.5,0.5854136776661885,0.7563785270205644,2.0,"[20, 28]","[0.0, 0.0, 0.0, 0.0, 0.0, 0.0, 0.0, 0.0, 0.0, 0.0, 0.0, 0.0, 0.0, 0.0, 0.0, 0.0, 0.0, 0.0, 0.0, 0.0, 0.02806299366056919, 0.0, 0.0, 0.0, 0.0, 0.0, 0.0, 0.0, 0.0416659377515316, 0.0]",pca
54.0,beta,25.0,0.054,0.2845510566600645,0.2913358577766932,0.2565600432720882,0.5,0.5862418006859121,0.7822595145340124,1.0,[24],"[0.0, 0.0, 0.0, 0.0, 0.0, 0.0, 0.0, 0.0, 0.0, 0.0, 0.0, 0.0, 0.0, 0.0, 0.0, 0.0, 0.0, 0.0, 0.0, 0.0, 0.0, 0.0, 0.0, 0.0, 0.005680957809090614, 0.0, 0.0, 0.0, 0.0, 0.0]",pca
54.0,beta,26.0,0.054,0.270311608064977,0.2778689690088576,0.2654970926980505,0.5,0.5710270822687787,0.6886951026006509,0.0,[],"[0.0, 0.0, 0.0, 0.0, 0.0, 0.0, 0.0, 0.0, 0.0, 0.0, 0.0, 0.0, 0.0, 0.0, 0.0, 0.0, 0.0, 0.0, 0.0, 0.0, 0.0, 0.0, 0.0, 0.0, 0.0, 0.0, 0.0, 0.0, 0.0, 0.0]",pca
54.0,beta,27.0,0.054,0.2628555518187883,0.2615293557691809,0.24719511054147,0.5,0.6090891541933952,0.7288028629128059,1.0,[29],"[0.0, 0.0, 0.0, 0.0, 0.0, 0.0, 0.0, 0.0, 0.0, 0.0, 0.0, 0.0, 0.0, 0.0, 0.0, 0.0, 0.0, 0.0, 0.0, 0.0, 0.0, 0.0, 0.0, 0.0, 0.0, 0.0, 0.0, 0.0, 0.0, 0.009326423518359661]",pca
54.0,beta,28.0,0.054,0.2926307635963882,0.3070679499505309,0.2773417351877877,0.5,0.5681177211205539,0.7159017941454202,0.0,[],"[0.0, 0.0, 0.0, 0.0, 0.0, 0.0, 0.0, 0.0, 0.0, 0.0, 0.0, 0.0, 0.0, 0.0, 0.0, 0.0, 0.0, 0.0, 0.0, 0.0, 0.0, 0.0, 0.0, 0.0, 0.0, 0.0, 0.0, 0.0, 0.0, 0.0]",pca
54.0,beta,29.0,0.054,0.2810209321620384,0.2988276637453995,0.2746945505463359,0.5,0.5077633516262883,0.6764823986079507,3.0,"[7, 9, 20]","[0.0, 0.0, 0.0, 0.0, 0.0, 0.0, 0.0, 0.011378337629139423, 0.0, 0.027006518095731735, 0.0, 0.0, 0.0, 0.0, 0.0, 0.0, 0.0, 0.0, 0.0, 0.0, 0.0012519304873421788, 0.0, 0.0, 0.0, 0.0, 0.0, 0.0, 0.0, 0.0, 0.0]",pca
54.0,beta,30.0,0.054,0.2555378502535331,0.2554948845890617,0.2473419264571346,0.5,0.5473332739016622,0.6866546182460633,9.0,"[1, 2, 3, 4, 6, 12, 19, 21, 25]","[0.0, 0.11264946311712265, 0.04688035324215889, 0.07996252179145813, 0.03277019411325455, 0.0, 0.05640343204140663, 0.0, 0.0, 0.0, 0.0, 0.0, 0.04838009923696518, 0.0, 0.0, 0.0, 0.0, 0.0, 0.0, 0.03929300978779793, 0.0, 0.014123540371656418, 0.0, 0.0, 0.0, 0.03935713693499565, 0.0, 0.0, 0.0, 0.0]",pca
54.0,beta,31.0,0.054,0.2531002750801421,0.2573536054418309,0.237421548585206,0.5,0.4806025140875595,0.7418996532293021,1.0,[20],"[0.0, 0.0, 0.0, 0.0, 0.0, 0.0, 0.0, 0.0, 0.0, 0.0, 0.0, 0.0, 0.0, 0.0, 0.0, 0.0, 0.0, 0.0, 0.0, 0.0, 0.041545357555150986, 0.0, 0.0, 0.0, 0.0, 0.0, 0.0, 0.0, 0.0, 0.0]",pca
54.0,beta,32.0,0.054,0.2565291715759179,0.2501939974533648,0.2348503299560365,0.5,0.5481308097587168,0.7341185945837108,0.0,[],"[0.0, 0.0, 0.0, 0.0, 0.0, 0.0, 0.0, 0.0, 0.0, 0.0, 0.0, 0.0, 0.0, 0.0, 0.0, 0.0, 0.0, 0.0, 0.0, 0.0, 0.0, 0.0, 0.0, 0.0, 0.0, 0.0, 0.0, 0.0, 0.0, 0.0]",pca
54.0,beta,33.0,0.054,0.2870289956026625,0.3096909152707764,0.2774727615313928,0.5,0.516122060857538,0.677004091747349,9.0,"[0, 4, 10, 14, 18, 20, 22, 23, 27]","[0.025007469579577446, 0.0, 0.0, 0.0, 0.051225919276475906, 0.0, 0.0, 0.0, 0.0, 0.0, 0.062490351498126984, 0.0, 0.0, 0.0, 0.05868065729737282, 0.0, 0.0, 0.0, 0.008473622612655163, 0.0, 0.013678187504410744, 0.0, 0.045037105679512024, 0.006717050448060036, 0.0, 0.0, 0.0, 0.010576806031167507, 0.0, 0.0]",pca
54.0,beta,34.0,0.054,0.2561244901463063,0.2600009540622886,0.2420038634555372,0.5,0.5232020943483394,0.7144910425542839,8.0,"[1, 2, 7, 10, 11, 14, 18, 22]","[0.0, 0.015691015869379044, 0.013255895115435123, 0.0, 0.0, 0.0, 0.0, 0.010212864726781845, 0.0, 0.0, 0.013559822924435139, 0.029247263446450233, 0.0, 0.0, 0.042264971882104874, 0.0, 0.0, 0.0, 0.0063416603952646255, 0.0, 0.0, 0.0, 0.02225201018154621, 0.0, 0.0, 0.0, 0.0, 0.0, 0.0, 0.0]",pca
54.0,beta,35.0,0.054,0.2641395659539723,0.277191254505418,0.262764776185502,0.5,0.5484035589873306,0.688307558040634,6.0,"[8, 9, 13, 14, 24, 26]","[0.0, 0.0, 0.0, 0.0, 0.0, 0.0, 0.0, 0.0, 0.006394521798938513, 0.0045672268606722355, 0.0, 0.0, 0.0, 0.03061133250594139, 0.03770142421126366, 0.0, 0.0, 2.9637161787832156e-05, 0.0, 0.0, 0.0, 0.0, 0.0, 0.0, 0.06035451591014862, 0.0, 0.04215298965573311, 0.0, 0.0, 0.0]",pca
54.0,beta,36.0,0.054,0.2630909489506219,0.267453714671273,0.2434711967842777,0.5,0.5659757516830924,0.7597928728215554,12.0,"[0, 1, 4, 8, 9, 10, 13, 16, 18, 19, 24, 25]","[0.020273776724934578, 0.025552766397595406, 0.0, 0.0, 0.048860546201467514, 0.0, 0.0, 0.0, 0.09463222324848175, 0.0742352232336998, 0.10717596113681793, 0.0, 0.0, 0.06916504353284836, 0.0, 0.0, 0.05039229243993759, 0.0, 0.11919198930263519, 0.040291931480169296, 0.0, 0.0, 0.0, 0.0, 0.006192110478878021, 0.09530172497034073, 0.0, 0.0, 0.0, 0.0]",pca
54.0,beta,37.0,0.054,0.2671380845044079,0.2698477255390873,0.2568269880352834,0.5,0.590795238817067,0.681160989482954,19.0,"[0, 1, 3, 5, 6, 7, 8, 9, 10, 11, 15, 17, 18, 23, 25, 26, 27, 28, 29]","[0.03412416949868202, 0.04699763283133507, 0.0, 0.01955105923116207, 0.0, 0.12300077080726624, 0.018538745120167732, 0.03248397633433342, 0.06623848527669907, 0.017344577237963676, 0.049995340406894684, 0.1134825125336647, 0.0, 0.0, 0.0, 0.138227179646492, 0.0, 0.030078012496232986, 0.043661363422870636, 0.0, 0.0, 0.0, 0.0, 0.059808969497680664, 0.0, 0.037714049220085144, 0.016354607418179512, 0.01519804634153843, 0.005114730913192034, 0.023412242531776428]",pca
54.0,beta,38.0,0.054,0.2764934480530646,0.2874560306968496,0.2747568860262788,0.5,0.562104915026195,0.6435760404687276,0.0,[],"[0.0, 0.0, 0.0, 0.0, 0.0, 0.0, 0.0, 0.0, 0.0, 0.0, 0.0, 0.0, 0.0, 0.0, 0.0, 0.0, 0.0, 0.0, 0.0, 0.0, 0.0, 0.0, 0.0, 0.0, 0.0, 0.0, 0.0, 0.0, 0.0, 0.0]",pca
54.0,beta,40.0,0.054,0.2685871728842996,0.2855364342279729,0.2597349765451411,0.5,0.4751374965190754,0.6987085769980507,9.0,"[1, 2, 9, 11, 16, 21, 22, 24, 25]","[0.0, 0.09276594966650009, 0.09665020555257797, 0.0, 0.0, 0.0, 0.0, 0.0, 0.0, 0.04307747632265091, 0.0, 0.033738210797309875, 0.0, 0.0, 0.0, 0.0, 0.013903073966503143, 0.0, 0.0, 0.0, 0.0, 0.008326931856572628, 0.09489995241165161, 0.0, 0.00172857113648206, 0.08990214765071869, 0.0, 0.0, 0.0, 0.0]",pca
54.0,beta,39.0,0.054,0.2836646824132109,0.2990913353893162,0.2724014135169649,0.5,0.5256794024307432,0.7303385579068445,0.0,[],"[0.0, 0.0, 0.0, 0.0, 0.0, 0.0, 0.0, 0.0, 0.0, 0.0, 0.0, 0.0, 0.0, 0.0, 0.0, 0.0, 0.0, 0.0, 0.0, 0.0, 0.0, 0.0, 0.0, 0.0, 0.0, 0.0, 0.0, 0.0, 0.0, 0.0]",pca
54.0,beta,41.0,0.054,0.2522182548186293,0.2566719547001531,0.2449699658844111,0.5,0.4964099216710183,0.6253065907112905,0.0,[],"[0.0, 0.0, 0.0, 0.0, 0.0, 0.0, 0.0, 0.0, 0.0, 0.0, 0.0, 0.0, 0.0, 0.0, 0.0, 0.0, 0.0, 0.0, 0.0, 0.0, 0.0, 0.0, 0.0, 0.0, 0.0, 0.0, 0.0, 0.0, 0.0, 0.0]",pca
54.0,beta,42.0,0.054,0.2542277574731195,0.2544966362822702,0.2277410290303788,0.5,0.6170359040909652,0.7795003707823508,6.0,"[3, 13, 16, 20, 27, 28]","[0.0, 0.0, 0.0, 0.029564857482910156, 0.0, 0.0, 0.0, 0.0, 0.0, 0.0, 0.0, 0.0, 0.0, 0.01795467548072338, 0.0, 0.0, 0.04769088327884674, 0.0, 0.0, 0.0, 0.005135959479957819, 0.0, 0.0, 0.0, 0.0, 0.0, 0.0, 0.010509305633604527, 0.02458423748612404, 0.0]",pca
54.0,beta,43.0,0.054,0.2788020331952037,0.2885110466452057,0.256117523072123,0.5,0.5885302371357513,0.7644336272593064,5.0,"[7, 11, 18, 22, 29]","[0.0, 0.0, 0.0, 0.0, 0.0, 0.0, 0.0, 0.008680426515638828, 0.0, 0.0, 0.0, 0.09699876606464386, 0.0, 0.0, 0.0, 0.0, 0.0, 0.0, 0.05641673877835274, 0.0, 0.0, 0.0, 0.050557296723127365, 0.0, 0.0, 0.0, 0.0, 0.0, 0.0, 0.03357939422130585]",pca
54.0,beta,44.0,0.054,0.2454320928907148,0.2443068358168985,0.2350719896595392,0.5,0.573564636064636,0.6797779922779923,0.0,[],"[0.0, 0.0, 0.0, 0.0, 0.0, 0.0, 0.0, 0.0, 0.0, 0.0, 0.0, 0.0, 0.0, 0.0, 0.0, 0.0, 0.0, 0.0, 0.0, 0.0, 0.0, 0.0, 0.0, 0.0, 0.0, 0.0, 0.0, 0.0, 0.0, 0.0]",pca
54.0,beta,45.0,0.054,0.2788619810388606,0.2856205074282529,0.2737298220335241,0.5,0.6329047748131511,0.6163045863506693,7.0,"[0, 1, 2, 3, 16, 20, 25]","[0.01835627853870392, 0.10951827466487885, 0.028828511014580727, 0.02515082247555256, 0.0, 0.0, 0.0, 0.0, 0.0, 0.0, 0.0, 0.0, 0.0, 0.0, 0.0, 0.0, 0.029658986255526543, 0.0, 0.0, 0.0, 0.0038770611863583326, 0.0, 0.0, 0.0, 0.0, 0.06480347365140915, 0.0, 0.0005216462886892259, 0.0, 0.0]",pca
54.0,beta,46.0,0.054,0.2624517538374725,0.2723697249893927,0.2470014951256239,0.5,0.5228409090909091,0.7055984848484849,0.0,[],"[0.0, 0.0, 0.0, 0.0, 0.0, 0.0, 0.0, 0.0, 0.0, 0.0, 0.0, 0.0, 0.0, 0.0, 0.0, 0.0, 0.0, 0.0, 0.0, 0.0, 0.0, 0.0, 0.0, 0.0, 0.0, 0.0, 0.0, 0.0, 0.0, 0.0]",pca
54.0,beta,47.0,0.054,0.244301186216428,0.2471959695438087,0.2412045589947304,0.5,0.5301834775168742,0.6532940393573533,1.0,[16],"[0.0, 0.0, 0.0, 0.0, 0.0, 0.0, 0.0, 0.0, 0.0, 0.0, 0.0, 0.0, 0.0, 0.0, 0.0, 0.0, 0.04990141838788986, 0.0, 0.0, 0.0, 0.0, 0.0, 0.0, 0.0, 0.0, 0.0, 0.0, 0.0, 0.0, 0.0]",pca
54.0,beta,48.0,0.054,0.2498031228428828,0.2530513014469549,0.2442190578358687,0.5,0.5629727580403544,0.6496088476262691,5.0,"[10, 16, 17, 28, 29]","[0.0, 0.0, 0.0, 0.0, 0.0, 0.0, 0.0, 0.0, 0.0, 0.0, 0.02032812498509884, 0.0, 0.0, 0.0, 0.0, 0.0, 0.02808712050318718, 0.0023265620693564415, 0.0, 0.0, 0.0, 0.0, 0.0, 0.0, 0.0, 0.0, 0.0, 0.0, 0.04007261246442795, 0.002587453695014119]",pca
54.0,beta,49.0,0.054,0.2582229900942229,0.2597201314684466,0.2293184556179876,0.5,0.5452803030303031,0.7621363636363635,0.0,[],"[0.0, 0.0, 0.0, 0.0, 0.0, 0.0, 0.0, 0.0, 0.0, 0.0, 0.0, 0.0, 0.0, 0.0, 0.0, 0.0, 0.0, 0.0, 0.0, 0.0, 0.0, 0.0, 0.0, 0.0, 0.0, 0.0, 0.0, 0.0, 0.0, 0.0]",pca
54.0,beta,50.0,0.054,0.2806971732872111,0.2937165317340022,0.2709308717614273,0.5,0.5547957063711911,0.6974982686980608,0.0,[],"[0.0, 0.0, 0.0, 0.0, 0.0, 0.0, 0.0, 0.0, 0.0, 0.0, 0.0, 0.0, 0.0, 0.0, 0.0, 0.0, 0.0, 0.0, 0.0, 0.0, 0.0, 0.0, 0.0, 0.0, 0.0, 0.0, 0.0, 0.0, 0.0, 0.0]",pca
54.0,beta,51.0,0.054,0.2653632416970451,0.2803790860314156,0.262178927430329,0.5,0.4510293560137797,0.643656562659678,8.0,"[1, 3, 11, 13, 14, 19, 23, 25]","[0.0, 0.03212834522128105, 0.0, 0.0015330363530665636, 0.0, 0.0, 0.0, 0.0, 0.0, 0.0, 0.0, 0.036320701241493225, 0.0, 0.08286652714014053, 0.0893959254026413, 0.0, 0.0, 0.0, 0.0, 0.08154391497373581, 0.0, 0.0, 0.0, 0.007822097279131413, 0.0, 0.14192131161689758, 0.0, 0.0, 0.0, 0.0]",pca
54.0,beta,52.0,0.054,0.2660503348001611,0.2747881230267292,0.2662698967309331,0.5,0.5309645923041058,0.6631263541866651,1.0,[6],"[0.0, 0.0, 0.0, 0.0, 0.0, 0.0, 0.041836854070425034, 0.0, 0.0, 0.0, 0.0, 0.0, 0.0, 0.0, 0.0, 0.0, 0.0, 0.0, 0.0, 0.0, 0.0, 0.0, 0.0, 0.0, 0.0, 0.0, 0.0, 0.0, 0.0, 0.0]",pca
54.0,beta,53.0,0.054,0.2828400882942902,0.2988441562715645,0.2773426351390513,0.5,0.5557471073832179,0.6507310280807611,8.0,"[4, 5, 11, 15, 16, 19, 23, 25]","[0.0, 0.0, 0.0, 0.0, 0.10750143229961395, 0.08869600296020508, 0.0, 0.0, 0.0, 0.0, 6.0834092437289655e-05, 0.0688486397266388, 0.0, 0.0, 0.0, 0.021054349839687347, 0.09951729327440262, 0.0, 0.0, 0.11853669583797455, 0.0, 0.0, 0.0, 0.06546678394079208, 0.0, 0.043983157724142075, 0.0, 0.0, 0.0, 0.0]",pca
54.0,beta,55.0,0.054,0.2890981446017616,0.3079935103187905,0.2947285125647685,0.5,0.5393158424270568,0.6210432629053478,19.0,"[0, 1, 2, 3, 4, 5, 6, 7, 9, 11, 12, 13, 15, 17, 18, 19, 20, 24, 27]","[0.025815946981310844, 0.003502926556393504, 0.04895193874835968, 0.08398604393005371, 0.04962943121790886, 0.06789908558130264, 0.010497858747839928, 0.057109106332063675, 0.0, 0.059259768575429916, 0.0, 0.08671741932630539, 0.027564533054828644, 0.05652330443263054, 0.0, 0.02596716396510601, 0.0, 0.037131417542696, 0.0484519861638546, 0.04343903437256813, 0.006650787312537432, 0.0, 0.0, 0.0, 0.017002549022436142, 0.0, 0.0, 0.12715959548950195, 0.0, 0.0]",pca
54.0,beta,56.0,0.054,0.2385518382470563,0.2368415661847172,0.2419780163621978,0.5,0.5571996235490955,0.596988392763777,17.0,"[0, 7, 9, 10, 11, 12, 13, 15, 17, 20, 21, 22, 23, 24, 26, 28, 29]","[0.045765604823827744, 0.0, 0.0, 0.0, 0.0, 0.0, 0.0, 0.034350838512182236, 0.0, 0.15783639252185822, 0.0664214938879013, 0.1083914265036583, 0.07437826693058014, 0.04108503833413124, 0.00020484473498072475, 0.056570593267679214, 0.0, 0.006603354122489691, 0.0, 0.0, 0.027722137048840523, 0.087775819003582, 0.03289810195565224, 0.054368097335100174, 0.06162726506590843, 0.0, 0.004146351478993893, 0.0, 0.06967306137084961, 0.12577243149280548]",pca
54.0,beta,57.0,0.054,0.2716365086065577,0.2774155886385541,0.2529933216067312,0.5,0.5939208069242827,0.7432631363729298,13.0,"[0, 1, 7, 9, 11, 12, 13, 16, 19, 22, 23, 25, 27]","[0.0021794454660266638, 0.010873754508793354, 0.0, 0.0, 0.0, 0.0, 0.0, 0.04749210178852081, 0.0, 0.16675430536270142, 0.0, 0.1201314777135849, 0.02151983231306076, 0.12368594855070114, 0.0, 0.0, 0.12150079756975174, 0.0, 0.0, 0.11354606598615646, 0.0, 0.0, 0.015471609309315681, 0.049001820385456085, 0.0, 0.0774788111448288, 0.0, 0.004386532120406628, 0.0, 0.0]",pca
54.0,beta,58.0,0.054,0.2776984109677508,0.2902583182972239,0.2728187781635123,0.5,0.5409589155719187,0.6939098541265724,23.0,"[0, 1, 2, 3, 5, 7, 8, 9, 10, 11, 13, 14, 15, 16, 17, 19, 21, 22, 23, 25, 26, 27, 29]","[0.00882771797478199, 0.15676188468933105, 0.06826775521039963, 0.12576182186603546, 0.0, 0.14977598190307617, 0.0, 0.10223440080881119, 0.08713851869106293, 0.0213656947016716, 0.07843011617660522, 0.0884329155087471, 0.0, 0.034839779138565063, 0.19013164937496185, 0.08243006467819214, 0.05994877219200134, 0.10297985374927521, 0.0, 0.06600018590688705, 0.0, 0.03966553509235382, 0.03721978887915611, 0.10853902995586395, 0.0, 0.04143260419368744, 0.05926372855901718, 0.10803863406181335, 0.0, 0.16387689113616943]",pca
54.0,beta,60.0,0.054,0.2702979227225785,0.2784063908829987,0.2589606669810055,0.5,0.5827444134078212,0.723449720670391,24.0,"[1, 2, 3, 4, 5, 6, 7, 8, 9, 12, 13, 14, 15, 16, 17, 18, 19, 20, 21, 22, 23, 24, 25, 27]","[0.0, 0.019105685874819756, 0.07452214509248734, 0.04536277800798416, 0.023099996149539948, 0.04880475997924805, 0.03944617509841919, 0.112602598965168, 0.061514049768447876, 0.06068742275238037, 0.0, 0.0, 0.0698673203587532, 0.030684897676110268, 0.005957266315817833, 0.00579637847840786, 0.05486970767378807, 0.06427458673715591, 0.1125582605600357, 0.03539631515741348, 0.10516492277383804, 0.013864757493138313, 0.0078775305300951, 0.031020211055874825, 0.07220381498336792, 0.02181650511920452, 0.0, 0.11462437361478806, 0.0, 0.0]",pca
54.0,beta,59.0,0.054,0.2913336328429276,0.3077924683147598,0.2871812873101925,0.5,0.5769395054093855,0.7034751397769943,0.0,[],"[0.0, 0.0, 0.0, 0.0, 0.0, 0.0, 0.0, 0.0, 0.0, 0.0, 0.0, 0.0, 0.0, 0.0, 0.0, 0.0, 0.0, 0.0, 0.0, 0.0, 0.0, 0.0, 0.0, 0.0, 0.0, 0.0, 0.0, 0.0, 0.0, 0.0]",pca
54.0,beta,61.0,0.054,0.2666808908116042,0.2787953789513775,0.2570149628137127,0.5,0.5541045766503622,0.6701171652826754,7.0,"[4, 5, 7, 19, 20, 25, 29]","[0.0, 0.0, 0.0, 0.0, 0.00510178878903389, 0.09113828837871552, 0.0, 0.052635349333286285, 0.0, 0.0, 0.0, 0.0, 0.0, 0.0, 0.0, 0.0, 0.0, 0.0, 0.0, 0.02829643525183201, 0.06336725503206253, 0.0, 0.0, 0.0, 0.0, 0.05341526120901108, 0.0, 0.0, 0.0, 0.014100042171776295]",pca
54.0,beta,63.0,0.054,0.2736141996295413,0.2849278515125376,0.2544385319180273,0.5,0.544439061721114,0.7226235861575078,22.0,"[1, 2, 3, 4, 5, 6, 7, 8, 9, 10, 11, 15, 16, 17, 18, 20, 21, 22, 23, 25, 26, 29]","[0.0, 0.0468064546585083, 0.034264836460351944, 0.1540108621120453, 0.08806047588586807, 0.05694580078125, 0.16222798824310303, 0.1789395809173584, 0.174113929271698, 0.012764975428581238, 0.050905101001262665, 0.013980037532746792, 0.0, 0.0, 0.0, 0.1647302210330963, 0.1735433042049408, 0.07025977969169617, 0.11162347346544266, 0.0, 0.12710799276828766, 0.1350528597831726, 0.06950875371694565, 0.11534987390041351, 0.0, 0.08803541958332062, 0.0446728952229023, 0.0, 0.0, 0.08116000890731812]",pca
54.0,beta,62.0,0.054,0.2614724580336114,0.2607418017438114,0.2446871857501042,0.5,0.5706354300385109,0.6991896662387677,2.0,"[3, 8]","[0.0, 0.0, 0.0, 0.006140079349279404, 0.0, 0.0, 0.0, 0.0, 0.00666429940611124, 0.0, 0.0, 0.0, 0.0, 0.0, 0.0, 0.0, 0.0, 0.0, 0.0, 0.0, 0.0, 0.0, 0.0, 0.0, 0.0, 0.0, 0.0, 0.0, 0.0, 0.0]",pca
54.0,beta,64.0,0.054,0.2608413222087862,0.266630541445648,0.2570661521103127,0.5,0.5822053714344726,0.6863737285072546,6.0,"[5, 13, 14, 17, 24, 29]","[0.0, 0.0, 0.0, 0.0, 0.0, 0.09094756841659546, 0.0, 0.0, 0.0, 0.0, 0.0, 0.0, 0.0, 0.05353010073304176, 0.03645618259906769, 0.0, 0.0, 0.007586673833429813, 0.0, 0.0, 0.0, 0.0, 0.0, 0.0, 0.03317037597298622, 0.0, 0.0, 0.0, 0.0, 0.007862674072384834]",pca
54.0,beta,66.0,0.054,0.2964394033951187,0.3224954190409393,0.2978405434493187,0.5,0.5102017212640746,0.6493723849372385,16.0,"[2, 4, 6, 8, 11, 12, 13, 14, 16, 19, 20, 23, 24, 27, 28, 29]","[0.0, 0.0, 0.006467918399721384, 0.0, 0.19468161463737488, 0.0, 0.1741141527891159, 0.0, 0.10204503685235977, 0.0, 0.0, 0.02458682470023632, 0.05383260175585747, 0.008484391495585442, 0.09263759106397629, 0.0, 0.18679945170879364, 0.0, 0.0, 0.0066527388989925385, 0.0415160097181797, 0.0, 0.0, 0.125372052192688, 0.06108403578400612, 0.0, 0.0, 0.14711689949035645, 0.017448535189032555, 0.23631320893764496]",pca
54.0,beta,65.0,0.054,0.2811275984066043,0.2936760819548088,0.2698054784506646,0.5,0.558298706124793,0.6987061247930813,6.0,"[6, 7, 17, 18, 21, 22]","[0.0, 0.0, 0.0, 0.0, 0.0, 0.0, 0.1443612426519394, 0.0013115896144881845, 0.0, 0.0, 0.0, 0.0, 0.0, 0.0, 0.0, 0.0, 0.0, 0.02528458833694458, 0.010271626524627209, 0.0, 0.0, 0.17954087257385254, 0.009853547438979149, 0.0, 0.0, 0.0, 0.0, 0.0, 0.0, 0.0]",pca
54.0,beta,67.0,0.054,0.2464821566014883,0.245145309780352,0.2280899468363706,0.5,0.5837266287947431,0.7348466344676526,4.0,"[0, 22, 23, 26]","[0.035216737538576126, 0.0, 0.0, 0.0, 0.0, 0.0, 0.0, 0.0, 0.0, 0.0, 0.0, 0.0, 0.0, 0.0, 0.0, 0.0, 0.0, 0.0, 0.0, 0.0, 0.0, 0.0, 0.0010400020983070135, 0.0070228492841124535, 0.0, 0.0, 0.059382908046245575, 0.0, 0.0, 0.0]",pca
54.0,beta,68.0,0.054,0.2666116929138221,0.2716700927224827,0.2498914289159228,0.5,0.5379961634941715,0.7031756016868201,10.0,"[3, 4, 5, 8, 9, 15, 19, 20, 23, 26]","[0.0, 0.0, 0.0, 0.012176602147519588, 0.01344228908419609, 0.16370652616024017, 0.0, 0.0, 0.01064298301935196, 0.012417659163475037, 0.0, 0.0, 0.0, 0.0, 0.0, 0.054458122700452805, 0.0, 0.0, 0.0, 0.01232136134058237, 0.05914304405450821, 0.0, 0.0, 0.02188582345843315, 0.0, 0.0, 0.04833202064037323, 0.0, 0.0, 0.0]",pca
54.0,beta,69.0,0.054,0.2828113872021442,0.2933967642697681,0.2632300171399966,0.5,0.5851696375426836,0.7327402023746123,9.0,"[0, 2, 4, 6, 9, 10, 14, 20, 21]","[0.048340462148189545, 0.0, 0.027607448399066925, 0.0, 0.0341944582760334, 0.0, 0.0842379778623581, 0.0, 0.0, 0.010825679637491703, 0.04403628408908844, 0.0, 0.0, 0.0, 0.05192133039236069, 0.0, 0.0, 0.0, 0.0, 0.0, 0.041073027998209, 0.01531648077070713, 0.0, 0.0, 0.0, 0.0, 0.0, 0.0, 0.0, 0.0]",pca
54.0,beta,70.0,0.054,0.2652010620051332,0.2652523568396527,0.2548925317540848,0.5,0.5881964243288191,0.7049106082204799,8.0,"[1, 7, 13, 16, 17, 20, 21, 24]","[0.0, 0.022075334563851357, 0.0, 0.0, 0.0, 0.0, 0.0, 0.01728014275431633, 0.0, 0.0, 0.0, 0.0, 0.0, 0.06326664984226227, 0.0, 0.0, 0.011562910862267017, 0.007251802831888199, 0.0, 0.0, 0.04400171712040901, 0.020935626700520515, 0.0, 0.0, 0.032029278576374054, 0.0, 0.0, 0.0, 0.0, 0.0]",pca
54.0,beta,71.0,0.054,0.2826573604985781,0.2815187150694883,0.2699477115747839,0.5,0.6232638888888888,0.6923466435185185,4.0,"[9, 15, 24, 25]","[0.0, 0.0, 0.0, 0.0, 0.0, 0.0, 0.0, 0.0, 0.0, 0.012765436433255672, 0.0, 0.0, 0.0, 0.0, 0.0, 0.02268540859222412, 0.0, 0.0, 0.0, 0.0, 0.0, 0.0, 0.0, 0.0, 0.008829464204609394, 0.0019068189430981874, 0.0, 0.0, 0.0, 0.0]",pca
54.0,beta,72.0,0.054,0.2747818731992664,0.2886924695010278,0.2617746976579077,0.5,0.5651110050131296,0.740696533248455,0.0,[],"[0.0, 0.0, 0.0, 0.0, 0.0, 0.0, 0.0, 0.0, 0.0, 0.0, 0.0, 0.0, 0.0, 0.0, 0.0, 0.0, 0.0, 0.0, 0.0, 0.0, 0.0, 0.0, 0.0, 0.0, 0.0, 0.0, 0.0, 0.0, 0.0, 0.0]",pca
54.0,beta,73.0,0.054,0.2588080057372539,0.2605700263814213,0.238746134854032,0.5,0.5798933627505056,0.7193013421584851,12.0,"[1, 3, 4, 5, 8, 10, 13, 15, 17, 18, 22, 27]","[0.0, 0.15503163635730743, 0.0, 0.053254880011081696, 0.036267418414354324, 0.05811052396893501, 0.0, 0.0, 0.05872267857193947, 0.0, 0.11475318670272827, 0.0, 0.0, 0.041613541543483734, 0.0, 0.010357208549976349, 0.0, 0.056623686105012894, 0.06101079285144806, 0.0, 0.0, 0.0, 0.16042006015777588, 0.0, 0.0, 0.0, 0.0, 0.06515851616859436, 0.0, 0.0]",pca
54.0,beta,74.0,0.054,0.2749523706804635,0.2887671869496925,0.2688020711178263,0.5,0.5277091228648323,0.6775965288076016,11.0,"[1, 2, 3, 9, 13, 14, 18, 25, 26, 27, 28]","[0.0, 0.07504977285861969, 0.059724196791648865, 0.021251453086733818, 0.0, 0.0, 0.0, 0.0, 0.0, 0.14408962428569794, 0.0, 0.0, 0.0, 0.009185184724628925, 0.16466112434864044, 0.0, 0.0, 0.0, 0.013526766560971737, 0.0, 0.0, 0.0, 0.0, 0.0, 0.0, 0.10312946140766144, 0.1298520565032959, 0.08423158526420593, 0.06704261898994446, 0.0]",pca
54.0,beta,75.0,0.054,0.2529070486887824,0.2442235271843282,0.2206793915807417,0.5,0.6132189939004394,0.7877205351872498,0.0,[],"[0.0, 0.0, 0.0, 0.0, 0.0, 0.0, 0.0, 0.0, 0.0, 0.0, 0.0, 0.0, 0.0, 0.0, 0.0, 0.0, 0.0, 0.0, 0.0, 0.0, 0.0, 0.0, 0.0, 0.0, 0.0, 0.0, 0.0, 0.0, 0.0, 0.0]",pca
54.0,beta,76.0,0.054,0.2473275424999337,0.2360383535033644,0.2263194292983491,0.5,0.6374848059841047,0.7668723702664797,11.0,"[1, 2, 4, 10, 13, 18, 24, 25, 26, 27, 28]","[0.0, 0.12886358797550201, 0.10132616013288498, 0.0, 0.09998192638158798, 0.0, 0.0, 0.0, 0.0, 0.0, 0.031513556838035583, 0.0, 0.0, 0.042362432926893234, 0.0, 0.0, 0.0, 0.0, 0.004684219136834145, 0.0, 0.0, 0.0, 0.0, 0.0, 0.05205255746841431, 0.03800671175122261, 0.051814354956150055, 0.00832251738756895, 0.01894223690032959, 0.0]",pca
54.0,beta,77.0,0.054,0.2575431052026183,0.2575154471625063,0.2352981427614061,0.5,0.5790750580072708,0.7418430818299309,0.0,[],"[0.0, 0.0, 0.0, 0.0, 0.0, 0.0, 0.0, 0.0, 0.0, 0.0, 0.0, 0.0, 0.0, 0.0, 0.0, 0.0, 0.0, 0.0, 0.0, 0.0, 0.0, 0.0, 0.0, 0.0, 0.0, 0.0, 0.0, 0.0, 0.0, 0.0]",pca
54.0,beta,78.0,0.054,0.2773358384199397,0.2887072442135551,0.2635300148711408,0.5,0.5240661440147573,0.7265103102971211,13.0,"[1, 3, 5, 7, 8, 9, 11, 12, 14, 20, 21, 22, 26]","[0.0, 0.004341914318501949, 0.0, 0.1259276270866394, 0.0, 0.0043379515409469604, 0.0, 0.04617469385266304, 0.1100020483136177, 0.06329316645860672, 0.0, 0.02685868926346302, 0.0024461105931550264, 0.0, 0.07590561360120773, 0.0, 0.0, 0.0, 0.0, 0.0, 0.010958674363791943, 0.00787992775440216, 0.025647126138210297, 0.0, 0.0, 0.0, 0.03943164646625519, 0.0, 0.0, 0.0]",pca
54.0,beta,79.0,0.054,0.2614380484129981,0.2686225943974654,0.2520379359901009,0.5,0.5362808174950793,0.7131765456398447,5.0,"[4, 17, 18, 19, 23]","[0.0, 0.0, 0.0, 0.0, 0.050240255892276764, 0.0, 0.0, 0.0, 0.0, 0.0, 0.0, 0.0, 0.0, 0.0, 0.0, 0.0, 0.0, 0.016048641875386238, 0.0862225890159607, 0.0038547180593013763, 0.0, 0.0, 0.0, 0.051010292023420334, 0.0, 0.0, 0.0, 0.0, 0.0, 0.0]",pca
54.0,beta,80.0,0.054,0.2894505653834459,0.2995603603371783,0.2730703750342674,0.5,0.5564765291182359,0.7205964084023068,2.0,"[18, 22]","[0.0, 0.0, 0.0, 0.0, 0.0, 0.0, 0.0, 0.0, 0.0, 0.0, 0.0, 0.0, 0.0, 0.0, 0.0, 0.0, 0.0, 0.0, 0.013756298460066319, 0.0, 0.0, 0.0, 0.06194857135415077, 0.0, 0.0, 0.0, 0.0, 0.0, 0.0, 0.0]",pca
54.0,beta,81.0,0.054,0.2479528338967687,0.252182922250828,0.2385871362175443,0.5,0.5274895789338377,0.6336375488917863,17.0,"[0, 4, 5, 6, 8, 9, 10, 12, 15, 16, 17, 18, 20, 21, 23, 24, 26]","[0.15198104083538055, 0.0, 0.0, 0.0, 0.013444256037473679, 0.13654866814613342, 0.06985002756118774, 0.0, 0.0900052934885025, 0.056893184781074524, 0.084451824426651, 0.0, 0.0026352654676884413, 0.0, 0.0, 0.0669647753238678, 0.013626927509903908, 0.03066941164433956, 0.09871456772089005, 0.0, 0.1239030584692955, 0.1472567468881607, 0.0, 0.057810913771390915, 0.1461469531059265, 0.0, 0.047057315707206726, 0.0, 0.00030300073558464646, 0.0]",pca
54.0,beta,82.0,0.054,0.2676561896061871,0.2828164453389342,0.2555625737405411,0.5,0.5578031891414699,0.6954176782167291,12.0,"[3, 4, 5, 6, 8, 11, 14, 16, 17, 23, 26, 28]","[0.0, 0.0, 0.0, 0.093468576669693, 0.0037662715185433626, 0.0045506577007472515, 0.09939675033092499, 0.0, 0.04538067802786827, 0.0, 0.0, 0.12332312762737274, 0.0, 0.0, 0.006822387222200632, 0.0, 0.12126732617616653, 0.148224338889122, 0.0, 0.0, 0.0, 0.0, 0.0, 0.00981214176863432, 0.0, 0.0, 0.030745748430490494, 0.0, 0.037369873374700546, 0.0]",pca
54.0,beta,83.0,0.054,0.2792181290810143,0.2848799948093335,0.2577100463513179,0.5,0.614604656240618,0.7716436038101475,2.0,"[20, 22]","[0.0, 0.0, 0.0, 0.0, 0.0, 0.0, 0.0, 0.0, 0.0, 0.0, 0.0, 0.0, 0.0, 0.0, 0.0, 0.0, 0.0, 0.0, 0.0, 0.0, 0.0036564862821251154, 0.0, 0.0019823757465928793, 0.0, 0.0, 0.0, 0.0, 0.0, 0.0, 0.0]",pca
54.0,beta,32.0,0.027,0.2565291715759179,0.2501939974533648,0.2341068561807739,0.5,0.5481308097587168,0.728598275109903,30.0,"[0, 1, 2, 3, 4, 5, 6, 7, 8, 9, 10, 11, 12, 13, 14, 15, 16, 17, 18, 19, 20, 21, 22, 23, 24, 25, 26, 27, 28, 29]","[0.7416887283325195, 0.7322278618812561, 0.7570541501045227, 0.7824721932411194, 0.7210257649421692, 0.6995081305503845, 0.7367750406265259, 0.72275310754776, 0.7947483658790588, 0.7586584091186523, 0.7550227642059326, 0.694328248500824, 0.7179094552993774, 0.7830491662025452, 0.7620315551757812, 0.6747352480888367, 0.73749840259552, 0.7886120080947876, 0.7193714380264282, 0.6729033589363098, 0.763136625289917, 0.7262911200523376, 0.770758867263794, 0.6338701844215393, 0.6931877732276917, 0.6630738973617554, 0.6880176067352295, 0.7885040044784546, 0.6720888018608093, 0.6812191605567932]",pca
54.0,beta,23.0,0.027,0.2748753888481758,0.2788819919583407,0.245388557099887,0.5,0.5886102268490637,0.7748788322005219,30.0,"[0, 1, 2, 3, 4, 5, 6, 7, 8, 9, 10, 11, 12, 13, 14, 15, 16, 17, 18, 19, 20, 21, 22, 23, 24, 25, 26, 27, 28, 29]","[0.9023275971412659, 0.9684457182884216, 0.8390293121337891, 0.8757948875427246, 0.916725218296051, 0.8797891736030579, 0.8761826157569885, 0.8402343988418579, 0.8239752054214478, 0.8793167471885681, 0.9200056791305542, 0.8836190700531006, 0.8654943704605103, 0.9156839847564697, 0.8587976098060608, 0.8976513147354126, 0.9790844321250916, 0.8776787519454956, 0.9670388102531433, 0.8714949488639832, 0.8868914246559143, 0.884148359298706, 0.9381213188171387, 0.9050071835517883, 0.8262138366699219, 0.8586218953132629, 0.9189814925193787, 0.8893448710441589, 0.8697133660316467, 0.9202386140823364]",pca
54.0,beta,13.0,0.027,0.2576909067500987,0.2529829403700694,0.2184677858054462,0.5,0.6561267547367551,0.7878733555806834,30.0,"[0, 1, 2, 3, 4, 5, 6, 7, 8, 9, 10, 11, 12, 13, 14, 15, 16, 17, 18, 19, 20, 21, 22, 23, 24, 25, 26, 27, 28, 29]","[0.8044271469116211, 0.8115588426589966, 0.7260076403617859, 0.8546726703643799, 0.7926265001296997, 0.804377019405365, 0.8139083981513977, 0.8299766182899475, 0.7571918964385986, 0.7074353694915771, 0.8176020383834839, 0.8209963440895081, 0.8212777972221375, 0.7913647890090942, 0.7386462092399597, 0.7542233467102051, 0.7302245497703552, 0.7372287511825562, 0.8597776293754578, 0.7651172876358032, 0.7886198163032532, 0.7299520373344421, 0.8136544227600098, 0.7869663238525391, 0.7652677893638611, 0.871104896068573, 0.7646932601928711, 0.7986738681793213, 0.7531182169914246, 0.8121379613876343]",pca
54.0,beta,30.0,0.027,0.2555378502535331,0.2554948845890617,0.2420630673722705,0.5,0.5473332739016622,0.6918170693162385,30.0,"[0, 1, 2, 3, 4, 5, 6, 7, 8, 9, 10, 11, 12, 13, 14, 15, 16, 17, 18, 19, 20, 21, 22, 23, 24, 25, 26, 27, 28, 29]","[0.8451324701309204, 0.9176514744758606, 0.8794989585876465, 0.9007460474967957, 0.8873538970947266, 0.8038927912712097, 0.8871209025382996, 0.8699728846549988, 0.8232604265213013, 0.8756716251373291, 0.7873806953430176, 0.8679278492927551, 0.8908066749572754, 0.8097302317619324, 0.8083917498588562, 0.7527372241020203, 0.838763415813446, 0.7303858995437622, 0.8455892205238342, 0.8825816512107849, 0.8664453029632568, 0.8617594838142395, 0.7866614460945129, 0.8462230563163757, 0.8687636852264404, 0.8981893658638, 0.7567541003227234, 0.8594740629196167, 0.7275243401527405, 0.7680737972259521]",pca
54.0,beta,16.0,0.027,0.2756864568525844,0.2806376440135098,0.2380503489407035,0.5,0.5937119113573407,0.782742382271468,30.0,"[0, 1, 2, 3, 4, 5, 6, 7, 8, 9, 10, 11, 12, 13, 14, 15, 16, 17, 18, 19, 20, 21, 22, 23, 24, 25, 26, 27, 28, 29]","[0.6268030405044556, 0.782651424407959, 0.7886950969696045, 0.7379586696624756, 0.7565065622329712, 0.7783207893371582, 0.7687951922416687, 0.8025764226913452, 0.7763690948486328, 0.7919866442680359, 0.7191622257232666, 0.7047651410102844, 0.7672597169876099, 0.8006497025489807, 0.7562267780303955, 0.641609251499176, 0.7785760760307312, 0.713605523109436, 0.7921735644340515, 0.8013167381286621, 0.7397496104240417, 0.7753675580024719, 0.7093084454536438, 0.7676809430122375, 0.8115520477294922, 0.7082297205924988, 0.6813288331031799, 0.8185399174690247, 0.7743773460388184, 0.8102899789810181]",pca
54.0,beta,41.0,0.027,0.2522182548186293,0.2566719547001531,0.2460658950784609,0.5,0.4964099216710183,0.6256428514914154,30.0,"[0, 1, 2, 3, 4, 5, 6, 7, 8, 9, 10, 11, 12, 13, 14, 15, 16, 17, 18, 19, 20, 21, 22, 23, 24, 25, 26, 27, 28, 29]","[0.6106511950492859, 0.5606500506401062, 0.573617160320282, 0.6216027140617371, 0.6349079608917236, 0.6436067819595337, 0.6418333649635315, 0.5396991968154907, 0.6488907933235168, 0.6022716760635376, 0.6331506967544556, 0.6231002807617188, 0.6221822500228882, 0.5342935919761658, 0.6268700361251831, 0.542683482170105, 0.545814037322998, 0.5299633145332336, 0.6200291514396667, 0.5235637426376343, 0.6801581978797913, 0.5537503957748413, 0.6157515645027161, 0.5451719164848328, 0.629921555519104, 0.5405703186988831, 0.5330578088760376, 0.6636785268783569, 0.5305421948432922, 0.603236734867096]",pca
54.0,beta,25.0,0.027,0.2845510566600645,0.2913358577766932,0.2510172592000661,0.5,0.5862418006859121,0.7915692737988214,30.0,"[0, 1, 2, 3, 4, 5, 6, 7, 8, 9, 10, 11, 12, 13, 14, 15, 16, 17, 18, 19, 20, 21, 22, 23, 24, 25, 26, 27, 28, 29]","[0.8133593797683716, 0.7355115413665771, 0.7670726776123047, 0.7433728575706482, 0.7003364562988281, 0.7824790477752686, 0.792732298374176, 0.7464527487754822, 0.8101603388786316, 0.7442817687988281, 0.6716439723968506, 0.6220241785049438, 0.8220148086547852, 0.6463853716850281, 0.7191557288169861, 0.7722705602645874, 0.6560772061347961, 0.8078997135162354, 0.7467086315155029, 0.600085437297821, 0.7443832159042358, 0.8190267086029053, 0.7757136225700378, 0.8272703886032104, 0.838699996471405, 0.7036238312721252, 0.6438613533973694, 0.8270066976547241, 0.8200592398643494, 0.7942556142807007]",pca
54.0,beta,27.0,0.027,0.2628555518187883,0.2615293557691809,0.2417503302891436,0.5,0.6090891541933952,0.7502153124257543,30.0,"[0, 1, 2, 3, 4, 5, 6, 7, 8, 9, 10, 11, 12, 13, 14, 15, 16, 17, 18, 19, 20, 21, 22, 23, 24, 25, 26, 27, 28, 29]","[0.8211141228675842, 0.7826051115989685, 0.7249388098716736, 0.7026711702346802, 0.7922092080116272, 0.8290455937385559, 0.7828088402748108, 0.8026639819145203, 0.7856753468513489, 0.7978472113609314, 0.7267228364944458, 0.6801213026046753, 0.7629985809326172, 0.7262095808982849, 0.764496386051178, 0.8038823008537292, 0.7762653231620789, 0.8285139203071594, 0.8397901058197021, 0.7945569753646851, 0.7833171486854553, 0.7278535962104797, 0.8180009126663208, 0.6803182363510132, 0.7733802199363708, 0.8062297105789185, 0.7690600752830505, 0.6956630945205688, 0.6193337440490723, 0.8361084461212158]",pca
54.0,beta,42.0,0.027,0.2542277574731195,0.2544966362822702,0.2277749684635132,0.5,0.6170359040909652,0.7756998516870597,30.0,"[0, 1, 2, 3, 4, 5, 6, 7, 8, 9, 10, 11, 12, 13, 14, 15, 16, 17, 18, 19, 20, 21, 22, 23, 24, 25, 26, 27, 28, 29]","[0.8349351286888123, 0.8024320006370544, 0.8021543025970459, 0.8634639382362366, 0.7441974878311157, 0.8346048593521118, 0.833808183670044, 0.8267521262168884, 0.8281130790710449, 0.829461395740509, 0.7406046390533447, 0.8309798836708069, 0.8113544583320618, 0.863416314125061, 0.826809823513031, 0.8182449340820312, 0.872568666934967, 0.8225238919258118, 0.7985921502113342, 0.7994312644004822, 0.8427702784538269, 0.7521824836730957, 0.7854578495025635, 0.7453061938285828, 0.7540077567100525, 0.7470954060554504, 0.7789027690887451, 0.8552190065383911, 0.8459895253181458, 0.8413263559341431]",pca
54.0,beta,33.0,0.027,0.2870289956026625,0.3096909152707764,0.2770936267895961,0.5,0.516122060857538,0.5515214384508991,30.0,"[0, 1, 2, 3, 4, 5, 6, 7, 8, 9, 10, 11, 12, 13, 14, 15, 16, 17, 18, 19, 20, 21, 22, 23, 24, 25, 26, 27, 28, 29]","[1.0707592964172363, 1.0489909648895264, 1.0369657278060913, 0.9908091425895691, 1.0707436800003052, 1.0456653833389282, 1.0465986728668213, 1.0520859956741333, 1.0626221895217896, 1.046500325202942, 1.023125171661377, 0.9880479574203491, 1.0221929550170898, 1.0449517965316772, 1.0387039184570312, 1.0517208576202393, 0.9831827878952026, 0.9842449426651001, 1.0454258918762207, 0.9852391481399536, 1.0348303318023682, 1.0680797100067139, 1.0694063901901245, 1.0075472593307495, 1.0555404424667358, 1.0353955030441284, 1.054620623588562, 1.0232207775115967, 1.047115445137024, 1.0619784593582153]",pca
54.0,beta,8.0,0.027,0.2638855809846538,0.2725429616536821,0.2616794186545308,0.5,0.5986706122024119,0.6338755966631474,30.0,"[0, 1, 2, 3, 4, 5, 6, 7, 8, 9, 10, 11, 12, 13, 14, 15, 16, 17, 18, 19, 20, 21, 22, 23, 24, 25, 26, 27, 28, 29]","[0.8260803818702698, 0.861151397228241, 0.7107224464416504, 0.8181869983673096, 0.7249126434326172, 0.8261369466781616, 0.8099866509437561, 0.8697460293769836, 0.8260828256607056, 0.8440912365913391, 0.8430560827255249, 0.8288734555244446, 0.8476765155792236, 0.8322409987449646, 0.7867724299430847, 0.8186987042427063, 0.8134321570396423, 0.8204807043075562, 0.6990330219268799, 0.8093207478523254, 0.7502835392951965, 0.8613205552101135, 0.8136009573936462, 0.8146780729293823, 0.7581585049629211, 0.8128840923309326, 0.8636694550514221, 0.6973108053207397, 0.8300276398658752, 0.8209534287452698]",pca
54.0,beta,38.0,0.027,0.2764934480530646,0.2874560306968496,0.2657701152014239,0.5,0.562104915026195,0.6538435519877331,30.0,"[0, 1, 2, 3, 4, 5, 6, 7, 8, 9, 10, 11, 12, 13, 14, 15, 16, 17, 18, 19, 20, 21, 22, 23, 24, 25, 26, 27, 28, 29]","[0.7966021299362183, 0.7795755863189697, 0.6614956855773926, 0.7580317258834839, 0.769288957118988, 0.7571250200271606, 0.7669300436973572, 0.7973343133926392, 0.6470736861228943, 0.8180961608886719, 0.7859219312667847, 0.7479651570320129, 0.6566663980484009, 0.7982814908027649, 0.7343397736549377, 0.7476539611816406, 0.7368894219398499, 0.7622373700141907, 0.785656213760376, 0.7564041614532471, 0.8467252850532532, 0.8278509378433228, 0.6693715453147888, 0.8091620802879333, 0.6553544402122498, 0.7728514075279236, 0.7855591177940369, 0.6534217596054077, 0.7695582509040833, 0.7838111519813538]",pca
54.0,beta,43.0,0.027,0.2788020331952037,0.2885110466452057,0.2520390445381329,0.5,0.5885302371357513,0.7748673343175198,30.0,"[0, 1, 2, 3, 4, 5, 6, 7, 8, 9, 10, 11, 12, 13, 14, 15, 16, 17, 18, 19, 20, 21, 22, 23, 24, 25, 26, 27, 28, 29]","[0.7361145615577698, 0.7162451148033142, 0.7160047292709351, 0.7851424217224121, 0.7123578190803528, 0.757485568523407, 0.7922926545143127, 0.8744008541107178, 0.7060284614562988, 0.8283580541610718, 0.7103188037872314, 0.9212169051170349, 0.8041497468948364, 0.8139824271202087, 0.712232768535614, 0.7505794167518616, 0.7059276103973389, 0.7445656061172485, 0.8751303553581238, 0.7397966384887695, 0.7669641971588135, 0.7807244062423706, 0.8886557221412659, 0.7748858332633972, 0.7732529640197754, 0.7093238830566406, 0.7439002990722656, 0.8179891109466553, 0.7391678094863892, 0.8771952390670776]",pca
54.0,beta,18.0,0.027,0.252771114290939,0.255262114573614,0.235543382596621,0.5,0.6159530341629107,0.6956202233980012,30.0,"[0, 1, 2, 3, 4, 5, 6, 7, 8, 9, 10, 11, 12, 13, 14, 15, 16, 17, 18, 19, 20, 21, 22, 23, 24, 25, 26, 27, 28, 29]","[0.8540462255477905, 0.8296725749969482, 0.7903764247894287, 0.8168907165527344, 0.7799863815307617, 0.76107257604599, 0.7056105136871338, 0.8704926371574402, 0.7982447743415833, 0.8125710487365723, 0.7800250053405762, 0.8496657013893127, 0.7420017123222351, 0.800889253616333, 0.8247822523117065, 0.7566893696784973, 0.7820883989334106, 0.809747040271759, 0.8290321826934814, 0.8204218149185181, 0.7079979181289673, 0.7954822778701782, 0.774278998374939, 0.8039340376853943, 0.7041516304016113, 0.6607475876808167, 0.8334876894950867, 0.7659696936607361, 0.7872298359870911, 0.7826946377754211]",pca
54.0,beta,3.0,0.027,0.2600613681646652,0.2699348220259572,0.2612448144699244,0.5,0.5614374557665376,0.6605429986899366,30.0,"[0, 1, 2, 3, 4, 5, 6, 7, 8, 9, 10, 11, 12, 13, 14, 15, 16, 17, 18, 19, 20, 21, 22, 23, 24, 25, 26, 27, 28, 29]","[0.7782918810844421, 0.7309508919715881, 0.781577467918396, 0.8491135835647583, 0.841097354888916, 0.778721809387207, 0.8428817987442017, 0.8464786410331726, 0.8337571620941162, 0.8280590176582336, 0.8016332387924194, 0.8074524402618408, 0.7983598113059998, 0.7933971881866455, 0.7757546901702881, 0.7595643997192383, 0.6864777207374573, 0.798589289188385, 0.781810998916626, 0.8506506681442261, 0.8221703767776489, 0.865406334400177, 0.7667151689529419, 0.7566697001457214, 0.7492896914482117, 0.7946131825447083, 0.8104678392410278, 0.7911715507507324, 0.765598475933075, 0.773112416267395]",pca
54.0,beta,0.0,0.027,0.281572739545136,0.2897992539503829,0.2614474812316085,0.5,0.5996241954759471,0.7380455285021095,30.0,"[0, 1, 2, 3, 4, 5, 6, 7, 8, 9, 10, 11, 12, 13, 14, 15, 16, 17, 18, 19, 20, 21, 22, 23, 24, 25, 26, 27, 28, 29]","[0.8165481090545654, 0.7786709666252136, 0.7226135730743408, 0.7686505913734436, 0.7504835724830627, 0.6648092269897461, 0.7486752867698669, 0.8103266954421997, 0.7449656128883362, 0.727108359336853, 0.5588995218276978, 0.6840112805366516, 0.7842742204666138, 0.7796753644943237, 0.7768633365631104, 0.8101021647453308, 0.7953511476516724, 0.8362866640090942, 0.7382801175117493, 0.7086127400398254, 0.7006559371948242, 0.6143361926078796, 0.7328215837478638, 0.7224937081336975, 0.7200501561164856, 0.7403602004051208, 0.7396166324615479, 0.6868558526039124, 0.6789990663528442, 0.7568890452384949]",pca
54.0,beta,4.0,0.027,0.2610414052572765,0.2678962264611476,0.2471039262907178,0.5,0.569220712518093,0.6772968514108729,30.0,"[0, 1, 2, 3, 4, 5, 6, 7, 8, 9, 10, 11, 12, 13, 14, 15, 16, 17, 18, 19, 20, 21, 22, 23, 24, 25, 26, 27, 28, 29]","[0.8264255523681641, 0.8335263729095459, 0.802838146686554, 0.8596881031990051, 0.7861207127571106, 0.7887808084487915, 0.7798002362251282, 0.7638351917266846, 0.7679116129875183, 0.7492855191230774, 0.8310666680335999, 0.7589702606201172, 0.7755855917930603, 0.8131603598594666, 0.8173856735229492, 0.8105711340904236, 0.8416435718536377, 0.8000569343566895, 0.8177075386047363, 0.7916705012321472, 0.8594856858253479, 0.8381739854812622, 0.7693138718605042, 0.8633856177330017, 0.839397668838501, 0.7025930881500244, 0.7475112676620483, 0.7443339228630066, 0.790196418762207, 0.7630530595779419]",pca
54.0,beta,5.0,0.027,0.2616193070017826,0.2684446490871227,0.2512380225140227,0.5,0.6163379080064133,0.6834282099936748,30.0,"[0, 1, 2, 3, 4, 5, 6, 7, 8, 9, 10, 11, 12, 13, 14, 15, 16, 17, 18, 19, 20, 21, 22, 23, 24, 25, 26, 27, 28, 29]","[0.8164871335029602, 0.6386566758155823, 0.842190682888031, 0.8682259917259216, 0.7848800420761108, 0.8515646457672119, 0.8195304870605469, 0.8148158192634583, 0.8386708498001099, 0.6623778343200684, 0.7888060808181763, 0.8162386417388916, 0.7346596717834473, 0.676526665687561, 0.8253452777862549, 0.8358433842658997, 0.8146229982376099, 0.860551655292511, 0.8593212366104126, 0.8435440063476562, 0.8460511565208435, 0.8034185171127319, 0.6611230373382568, 0.8176254630088806, 0.8024879693984985, 0.8224645256996155, 0.8122351169586182, 0.8403445482254028, 0.8380653262138367, 0.8010661005973816]",pca
54.0,beta,10.0,0.027,0.2711055500199741,0.2819676250852603,0.2530272159554009,0.5,0.5443998811645869,0.7319592988710636,30.0,"[0, 1, 2, 3, 4, 5, 6, 7, 8, 9, 10, 11, 12, 13, 14, 15, 16, 17, 18, 19, 20, 21, 22, 23, 24, 25, 26, 27, 28, 29]","[0.7251017689704895, 0.8492971658706665, 0.8005272746086121, 0.8020314574241638, 0.7414852380752563, 0.8458046317100525, 0.8220223188400269, 0.7848781943321228, 0.7543334364891052, 0.8540180325508118, 0.7581358551979065, 0.7582796216011047, 0.6837480068206787, 0.7842801213264465, 0.7744928598403931, 0.7759469151496887, 0.7617331147193909, 0.7681088447570801, 0.7044042944908142, 0.816962480545044, 0.7292472720146179, 0.7834164500236511, 0.7939202785491943, 0.7693933844566345, 0.7772029042243958, 0.8538117408752441, 0.8488196134567261, 0.7969386577606201, 0.7344695925712585, 0.7815259099006653]",pca
54.0,beta,53.0,0.027,0.2828400882942902,0.2988441562715645,0.2681683066991472,0.5,0.5557471073832179,0.6706958856877632,30.0,"[0, 1, 2, 3, 4, 5, 6, 7, 8, 9, 10, 11, 12, 13, 14, 15, 16, 17, 18, 19, 20, 21, 22, 23, 24, 25, 26, 27, 28, 29]","[0.8044577836990356, 0.7768098711967468, 0.7328348159790039, 0.7420561909675598, 0.9012887477874756, 0.8813697695732117, 0.8496473431587219, 0.7651661038398743, 0.7453827261924744, 0.7463321089744568, 0.8248732686042786, 0.8607599139213562, 0.7262404561042786, 0.783012866973877, 0.8253738284111023, 0.8513901233673096, 0.8824506402015686, 0.7367159128189087, 0.7426242828369141, 0.9002970457077026, 0.7330418825149536, 0.772463858127594, 0.7164121866226196, 0.8672471642494202, 0.7679560780525208, 0.8702604174613953, 0.7726801633834839, 0.7178892493247986, 0.7517752647399902, 0.7906927466392517]",pca
54.0,beta,9.0,0.027,0.2573521289492059,0.2608492913457901,0.2532839558555093,0.5,0.6115793918918919,0.6658445945945946,30.0,"[0, 1, 2, 3, 4, 5, 6, 7, 8, 9, 10, 11, 12, 13, 14, 15, 16, 17, 18, 19, 20, 21, 22, 23, 24, 25, 26, 27, 28, 29]","[0.8166000247001648, 0.84501051902771, 0.8389531970024109, 0.8477686047554016, 0.8319595456123352, 0.7736210227012634, 0.8190855979919434, 0.8261969089508057, 0.7703457474708557, 0.8165799379348755, 0.7798200845718384, 0.8223156332969666, 0.8477712273597717, 0.8229968547821045, 0.8298357129096985, 0.808868408203125, 0.7125217318534851, 0.7554152607917786, 0.8214880228042603, 0.8004566431045532, 0.8266700506210327, 0.7859443426132202, 0.7601725459098816, 0.7869489192962646, 0.7863380312919617, 0.8275576233863831, 0.7764996290206909, 0.837670087814331, 0.8391274809837341, 0.7635282874107361]",pca
54.0,beta,1.0,0.027,0.2785951027486996,0.2902501426716141,0.2598116697647304,0.5,0.5665864533937292,0.6681647674994692,30.0,"[0, 1, 2, 3, 4, 5, 6, 7, 8, 9, 10, 11, 12, 13, 14, 15, 16, 17, 18, 19, 20, 21, 22, 23, 24, 25, 26, 27, 28, 29]","[1.0798100233078003, 1.0595518350601196, 1.103784441947937, 1.0406947135925293, 1.0742857456207275, 1.0514311790466309, 1.0161105394363403, 1.0399729013442993, 0.9996153712272644, 1.03971529006958, 0.9981784820556641, 1.0609276294708252, 1.0856482982635498, 1.0493149757385254, 1.0440713167190552, 1.0558146238327026, 1.0586625337600708, 1.0581716299057007, 1.0529743432998657, 1.0779956579208374, 0.994500994682312, 1.0601894855499268, 1.0565402507781982, 1.0506705045700073, 1.0452731847763062, 1.0338351726531982, 1.0623061656951904, 1.0960932970046997, 1.0433478355407715, 1.011568546295166]",pca
54.0,beta,46.0,0.027,0.2624517538374725,0.2723697249893927,0.2405893370593648,0.5,0.5228409090909091,0.7323863636363637,30.0,"[0, 1, 2, 3, 4, 5, 6, 7, 8, 9, 10, 11, 12, 13, 14, 15, 16, 17, 18, 19, 20, 21, 22, 23, 24, 25, 26, 27, 28, 29]","[0.7395325899124146, 0.7469521760940552, 0.7570316195487976, 0.7805719971656799, 0.7820432186126709, 0.8284059166908264, 0.6976767182350159, 0.706395149230957, 0.7519652247428894, 0.7560651898384094, 0.7031957507133484, 0.8003265261650085, 0.7676559090614319, 0.752234935760498, 0.704660952091217, 0.690282940864563, 0.7231904864311218, 0.8342667818069458, 0.76735919713974, 0.7201465964317322, 0.7321624159812927, 0.7114105820655823, 0.702826201915741, 0.7386071681976318, 0.7028201222419739, 0.714840292930603, 0.6935573816299438, 0.741557776927948, 0.693547248840332, 0.7531925439834595]",pca
54.0,beta,40.0,0.027,0.2685871728842996,0.2855364342279729,0.2545159868191766,0.5,0.4751374965190754,0.7078808131439711,30.0,"[0, 1, 2, 3, 4, 5, 6, 7, 8, 9, 10, 11, 12, 13, 14, 15, 16, 17, 18, 19, 20, 21, 22, 23, 24, 25, 26, 27, 28, 29]","[0.7998719215393066, 0.8415994644165039, 0.8824011087417603, 0.8143100738525391, 0.7934554815292358, 0.7913190126419067, 0.7019041180610657, 0.7326754927635193, 0.8112836480140686, 0.8471158742904663, 0.7820496559143066, 0.839623212814331, 0.7715159058570862, 0.804597795009613, 0.7975190877914429, 0.8019742965698242, 0.8355086445808411, 0.7212759852409363, 0.7375183701515198, 0.8054483532905579, 0.7861624956130981, 0.835292398929596, 0.8628332018852234, 0.7526769638061523, 0.8237806558609009, 0.8564148545265198, 0.7127223014831543, 0.7450812458992004, 0.7381477355957031, 0.8092411756515503]",pca
54.0,beta,47.0,0.027,0.244301186216428,0.2471959695438087,0.2325563762876567,0.5,0.5301834775168742,0.6913394809392529,30.0,"[0, 1, 2, 3, 4, 5, 6, 7, 8, 9, 10, 11, 12, 13, 14, 15, 16, 17, 18, 19, 20, 21, 22, 23, 24, 25, 26, 27, 28, 29]","[0.7294716835021973, 0.7499025464057922, 0.7525497674942017, 0.7742437124252319, 0.7334510684013367, 0.7406279444694519, 0.7458318471908569, 0.7623382210731506, 0.8339095711708069, 0.7558318972587585, 0.8236400485038757, 0.7780662775039673, 0.8090993165969849, 0.7662835717201233, 0.7752093076705933, 0.7538630962371826, 0.8640082478523254, 0.8017371892929077, 0.7924512624740601, 0.829756498336792, 0.7385603189468384, 0.8080374598503113, 0.7453634738922119, 0.7166650891304016, 0.7650724053382874, 0.7378160953521729, 0.7108823657035828, 0.7375635504722595, 0.7481977939605713, 0.6963279843330383]",pca
54.0,beta,48.0,0.027,0.2498031228428828,0.2530513014469549,0.2433955993756248,0.5,0.5629727580403544,0.6455956057775889,30.0,"[0, 1, 2, 3, 4, 5, 6, 7, 8, 9, 10, 11, 12, 13, 14, 15, 16, 17, 18, 19, 20, 21, 22, 23, 24, 25, 26, 27, 28, 29]","[0.8316872119903564, 0.7691658735275269, 0.7360990047454834, 0.8182475566864014, 0.7450619339942932, 0.7981200218200684, 0.8030190467834473, 0.7350193858146667, 0.8573585748672485, 0.7835329174995422, 0.8677998185157776, 0.8306146264076233, 0.7369145154953003, 0.757445216178894, 0.8376414179801941, 0.7548032402992249, 0.8701351284980774, 0.8601397275924683, 0.8382578492164612, 0.7660634517669678, 0.7579852342605591, 0.7780776619911194, 0.7554186582565308, 0.7943463325500488, 0.7971051335334778, 0.768927276134491, 0.8396870493888855, 0.7816809415817261, 0.8819301724433899, 0.8524237871170044]",pca
54.0,beta,35.0,0.027,0.2641395659539723,0.277191254505418,0.2580715525206469,0.5,0.5484035589873306,0.6888030945143373,30.0,"[0, 1, 2, 3, 4, 5, 6, 7, 8, 9, 10, 11, 12, 13, 14, 15, 16, 17, 18, 19, 20, 21, 22, 23, 24, 25, 26, 27, 28, 29]","[0.7640433311462402, 0.6830672025680542, 0.7644370198249817, 0.7701677680015564, 0.8169481158256531, 0.8077199459075928, 0.7626876831054688, 0.7629455327987671, 0.8569818139076233, 0.8609308004379272, 0.7332010269165039, 0.8111799955368042, 0.8308866024017334, 0.8558891415596008, 0.8550859689712524, 0.7603855133056641, 0.7634342312812805, 0.8590157628059387, 0.7061233520507812, 0.7674817442893982, 0.7617310285568237, 0.8314254879951477, 0.7221071720123291, 0.7201745510101318, 0.8727160096168518, 0.7861300706863403, 0.8750973343849182, 0.787795901298523, 0.8162590265274048, 0.7794367074966431]",pca
54.0,beta,45.0,0.027,0.2788619810388606,0.2856205074282529,0.2649076536608731,0.5,0.6329047748131511,0.6473815332584647,30.0,"[0, 1, 2, 3, 4, 5, 6, 7, 8, 9, 10, 11, 12, 13, 14, 15, 16, 17, 18, 19, 20, 21, 22, 23, 24, 25, 26, 27, 28, 29]","[0.838796079158783, 0.9097113609313965, 0.8577880263328552, 0.8665454387664795, 0.8243265151977539, 0.7251074314117432, 0.8193435668945312, 0.8074932098388672, 0.6671004891395569, 0.8007592558860779, 0.7815359830856323, 0.8146759271621704, 0.7852965593338013, 0.7047021389007568, 0.6845138669013977, 0.8334734439849854, 0.8784092664718628, 0.7591267228126526, 0.8117052316665649, 0.8351216912269592, 0.8500708937644958, 0.8031567335128784, 0.8001875877380371, 0.8061158061027527, 0.7404091358184814, 0.893207848072052, 0.7991106510162354, 0.8474277853965759, 0.7738482356071472, 0.8046772480010986]",pca
54.0,beta,17.0,0.027,0.2637836925627149,0.2674946480732597,0.235032502435168,0.5,0.5986029254475581,0.754257979331558,30.0,"[0, 1, 2, 3, 4, 5, 6, 7, 8, 9, 10, 11, 12, 13, 14, 15, 16, 17, 18, 19, 20, 21, 22, 23, 24, 25, 26, 27, 28, 29]","[0.5453789830207825, 0.6179998517036438, 0.6621391177177429, 0.5582599639892578, 0.5736373066902161, 0.6711642742156982, 0.5922598242759705, 0.6364057064056396, 0.6275795102119446, 0.6154127717018127, 0.6182042956352234, 0.6120104789733887, 0.686427891254425, 0.5464046597480774, 0.6699707508087158, 0.5168758630752563, 0.5460350513458252, 0.5327177047729492, 0.6650844216346741, 0.5646225810050964, 0.5978261828422546, 0.6110227704048157, 0.5135258436203003, 0.6508086919784546, 0.6385078430175781, 0.6467164158821106, 0.5469228029251099, 0.5853144526481628, 0.5991266369819641, 0.6270641088485718]",pca
54.0,beta,2.0,0.027,0.2495620960358432,0.2434427663431785,0.2174789935688472,0.5,0.6279682750759878,0.7747672872340424,30.0,"[0, 1, 2, 3, 4, 5, 6, 7, 8, 9, 10, 11, 12, 13, 14, 15, 16, 17, 18, 19, 20, 21, 22, 23, 24, 25, 26, 27, 28, 29]","[0.7216553092002869, 0.6781094670295715, 0.7879180312156677, 0.7401326894760132, 0.816887378692627, 0.821068525314331, 0.8173471093177795, 0.7738025784492493, 0.8009024858474731, 0.7660274505615234, 0.7811096906661987, 0.7785991430282593, 0.79285728931427, 0.814583957195282, 0.7503276467323303, 0.8398882746696472, 0.7320808172225952, 0.6606520414352417, 0.7588912844657898, 0.7152020335197449, 0.8411443829536438, 0.8372865319252014, 0.7480895519256592, 0.7981116771697998, 0.823769748210907, 0.8385594487190247, 0.7959293127059937, 0.8528298735618591, 0.7411966919898987, 0.7480304837226868]",pca
54.0,beta,22.0,0.081,0.2837419185874003,0.3046494117796562,0.2753121284456376,0.5,0.4992868004252284,0.6935058468908536,0.0,[],"[0.0, 0.0, 0.0, 0.0, 0.0, 0.0, 0.0, 0.0, 0.0, 0.0, 0.0, 0.0, 0.0, 0.0, 0.0, 0.0, 0.0, 0.0, 0.0, 0.0, 0.0, 0.0, 0.0, 0.0, 0.0, 0.0, 0.0, 0.0, 0.0, 0.0]",pca
54.0,beta,21.0,0.081,0.257452525628104,0.2566803725771483,0.2375038316066252,0.5,0.6018066427273588,0.7127713623877305,0.0,[],"[0.0, 0.0, 0.0, 0.0, 0.0, 0.0, 0.0, 0.0, 0.0, 0.0, 0.0, 0.0, 0.0, 0.0, 0.0, 0.0, 0.0, 0.0, 0.0, 0.0, 0.0, 0.0, 0.0, 0.0, 0.0, 0.0, 0.0, 0.0, 0.0, 0.0]",pca
54.0,beta,27.0,0.081,0.2628555518187883,0.2615293557691809,0.2465691969146975,0.5,0.6090891541933952,0.7347870634354954,0.0,[],"[0.0, 0.0, 0.0, 0.0, 0.0, 0.0, 0.0, 0.0, 0.0, 0.0, 0.0, 0.0, 0.0, 0.0, 0.0, 0.0, 0.0, 0.0, 0.0, 0.0, 0.0, 0.0, 0.0, 0.0, 0.0, 0.0, 0.0, 0.0, 0.0, 0.0]",pca
54.0,beta,45.0,0.081,0.2788619810388606,0.2856205074282529,0.2753081773208579,0.5,0.6329047748131511,0.6125611534936555,0.0,[],"[0.0, 0.0, 0.0, 0.0, 0.0, 0.0, 0.0, 0.0, 0.0, 0.0, 0.0, 0.0, 0.0, 0.0, 0.0, 0.0, 0.0, 0.0, 0.0, 0.0, 0.0, 0.0, 0.0, 0.0, 0.0, 0.0, 0.0, 0.0, 0.0, 0.0]",pca
54.0,beta,41.0,0.081,0.2522182548186293,0.2566719547001531,0.2458302964747618,0.5,0.4964099216710183,0.6230219954110293,0.0,[],"[0.0, 0.0, 0.0, 0.0, 0.0, 0.0, 0.0, 0.0, 0.0, 0.0, 0.0, 0.0, 0.0, 0.0, 0.0, 0.0, 0.0, 0.0, 0.0, 0.0, 0.0, 0.0, 0.0, 0.0, 0.0, 0.0, 0.0, 0.0, 0.0, 0.0]",pca
54.0,beta,29.0,0.081,0.2810209321620384,0.2988276637453995,0.2759394216416562,0.5,0.5077633516262883,0.6718050536147177,0.0,[],"[0.0, 0.0, 0.0, 0.0, 0.0, 0.0, 0.0, 0.0, 0.0, 0.0, 0.0, 0.0, 0.0, 0.0, 0.0, 0.0, 0.0, 0.0, 0.0, 0.0, 0.0, 0.0, 0.0, 0.0, 0.0, 0.0, 0.0, 0.0, 0.0, 0.0]",pca
54.0,beta,28.0,0.081,0.2926307635963882,0.3070679499505309,0.2777981192703999,0.5,0.5681177211205539,0.7170853005980484,0.0,[],"[0.0, 0.0, 0.0, 0.0, 0.0, 0.0, 0.0, 0.0, 0.0, 0.0, 0.0, 0.0, 0.0, 0.0, 0.0, 0.0, 0.0, 0.0, 0.0, 0.0, 0.0, 0.0, 0.0, 0.0, 0.0, 0.0, 0.0, 0.0, 0.0, 0.0]",pca
54.0,beta,30.0,0.081,0.2555378502535331,0.2554948845890617,0.2476204939580996,0.5,0.5473332739016622,0.689863928487491,0.0,[],"[0.0, 0.0, 0.0, 0.0, 0.0, 0.0, 0.0, 0.0, 0.0, 0.0, 0.0, 0.0, 0.0, 0.0, 0.0, 0.0, 0.0, 0.0, 0.0, 0.0, 0.0, 0.0, 0.0, 0.0, 0.0, 0.0, 0.0, 0.0, 0.0, 0.0]",pca
54.0,beta,46.0,0.081,0.2624517538374725,0.2723697249893927,0.248031578193035,0.5,0.5228409090909091,0.7004772727272727,0.0,[],"[0.0, 0.0, 0.0, 0.0, 0.0, 0.0, 0.0, 0.0, 0.0, 0.0, 0.0, 0.0, 0.0, 0.0, 0.0, 0.0, 0.0, 0.0, 0.0, 0.0, 0.0, 0.0, 0.0, 0.0, 0.0, 0.0, 0.0, 0.0, 0.0, 0.0]",pca
54.0,beta,47.0,0.081,0.244301186216428,0.2471959695438087,0.2405005430405765,0.5,0.5301834775168742,0.658427607186995,0.0,[],"[0.0, 0.0, 0.0, 0.0, 0.0, 0.0, 0.0, 0.0, 0.0, 0.0, 0.0, 0.0, 0.0, 0.0, 0.0, 0.0, 0.0, 0.0, 0.0, 0.0, 0.0, 0.0, 0.0, 0.0, 0.0, 0.0, 0.0, 0.0, 0.0, 0.0]",pca
54.0,beta,48.0,0.081,0.2498031228428828,0.2530513014469549,0.2438525598511899,0.5,0.5629727580403544,0.6533169351408332,0.0,[],"[0.0, 0.0, 0.0, 0.0, 0.0, 0.0, 0.0, 0.0, 0.0, 0.0, 0.0, 0.0, 0.0, 0.0, 0.0, 0.0, 0.0, 0.0, 0.0, 0.0, 0.0, 0.0, 0.0, 0.0, 0.0, 0.0, 0.0, 0.0, 0.0, 0.0]",pca
54.0,beta,53.0,0.081,0.2828400882942902,0.2988441562715645,0.2795893065207246,0.5,0.5557471073832179,0.6456055432151974,0.0,[],"[0.0, 0.0, 0.0, 0.0, 0.0, 0.0, 0.0, 0.0, 0.0, 0.0, 0.0, 0.0, 0.0, 0.0, 0.0, 0.0, 0.0, 0.0, 0.0, 0.0, 0.0, 0.0, 0.0, 0.0, 0.0, 0.0, 0.0, 0.0, 0.0, 0.0]",pca
54.0,beta,51.0,0.081,0.2653632416970451,0.2803790860314156,0.2629861037613579,0.5,0.4510293560137797,0.6393298059964727,0.0,[],"[0.0, 0.0, 0.0, 0.0, 0.0, 0.0, 0.0, 0.0, 0.0, 0.0, 0.0, 0.0, 0.0, 0.0, 0.0, 0.0, 0.0, 0.0, 0.0, 0.0, 0.0, 0.0, 0.0, 0.0, 0.0, 0.0, 0.0, 0.0, 0.0, 0.0]",pca
54.0,beta,52.0,0.081,0.2660503348001611,0.2747881230267292,0.2645358025417656,0.5,0.5309645923041058,0.6681042758015414,0.0,[],"[0.0, 0.0, 0.0, 0.0, 0.0, 0.0, 0.0, 0.0, 0.0, 0.0, 0.0, 0.0, 0.0, 0.0, 0.0, 0.0, 0.0, 0.0, 0.0, 0.0, 0.0, 0.0, 0.0, 0.0, 0.0, 0.0, 0.0, 0.0, 0.0, 0.0]",pca
54.0,beta,50.0,0.081,0.2806971732872111,0.2937165317340022,0.2717407443164501,0.5,0.5547957063711911,0.6960699445983379,0.0,[],"[0.0, 0.0, 0.0, 0.0, 0.0, 0.0, 0.0, 0.0, 0.0, 0.0, 0.0, 0.0, 0.0, 0.0, 0.0, 0.0, 0.0, 0.0, 0.0, 0.0, 0.0, 0.0, 0.0, 0.0, 0.0, 0.0, 0.0, 0.0, 0.0, 0.0]",pca
54.0,beta,49.0,0.081,0.2582229900942229,0.2597201314684466,0.2273798946605607,0.5,0.5452803030303031,0.7686060606060606,0.0,[],"[0.0, 0.0, 0.0, 0.0, 0.0, 0.0, 0.0, 0.0, 0.0, 0.0, 0.0, 0.0, 0.0, 0.0, 0.0, 0.0, 0.0, 0.0, 0.0, 0.0, 0.0, 0.0, 0.0, 0.0, 0.0, 0.0, 0.0, 0.0, 0.0, 0.0]",pca
54.0,beta,54.0,0.081,0.2668239239096532,0.261450216970319,0.2285027052006552,0.5,0.5889085008255992,0.7860914991744006,0.0,[],"[0.0, 0.0, 0.0, 0.0, 0.0, 0.0, 0.0, 0.0, 0.0, 0.0, 0.0, 0.0, 0.0, 0.0, 0.0, 0.0, 0.0, 0.0, 0.0, 0.0, 0.0, 0.0, 0.0, 0.0, 0.0, 0.0, 0.0, 0.0, 0.0, 0.0]",pca
54.0,beta,56.0,0.081,0.2385518382470563,0.2368415661847172,0.2417940666516331,0.5,0.5571996235490955,0.6027745825926314,0.0,[],"[0.0, 0.0, 0.0, 0.0, 0.0, 0.0, 0.0, 0.0, 0.0, 0.0, 0.0, 0.0, 0.0, 0.0, 0.0, 0.0, 0.0, 0.0, 0.0, 0.0, 0.0, 0.0, 0.0, 0.0, 0.0, 0.0, 0.0, 0.0, 0.0, 0.0]",pca
54.0,beta,55.0,0.081,0.2890981446017616,0.3079935103187905,0.2961046111195842,0.5,0.5393158424270568,0.6213528364677657,0.0,[],"[0.0, 0.0, 0.0, 0.0, 0.0, 0.0, 0.0, 0.0, 0.0, 0.0, 0.0, 0.0, 0.0, 0.0, 0.0, 0.0, 0.0, 0.0, 0.0, 0.0, 0.0, 0.0, 0.0, 0.0, 0.0, 0.0, 0.0, 0.0, 0.0, 0.0]",pca
54.0,beta,57.0,0.081,0.2716365086065577,0.2774155886385541,0.2544686032050851,0.5,0.5939208069242827,0.739821440741498,0.0,[],"[0.0, 0.0, 0.0, 0.0, 0.0, 0.0, 0.0, 0.0, 0.0, 0.0, 0.0, 0.0, 0.0, 0.0, 0.0, 0.0, 0.0, 0.0, 0.0, 0.0, 0.0, 0.0, 0.0, 0.0, 0.0, 0.0, 0.0, 0.0, 0.0, 0.0]",pca
54.0,beta,59.0,0.081,0.2913336328429276,0.3077924683147598,0.2886123502940513,0.5,0.5769395054093855,0.6986618384898347,0.0,[],"[0.0, 0.0, 0.0, 0.0, 0.0, 0.0, 0.0, 0.0, 0.0, 0.0, 0.0, 0.0, 0.0, 0.0, 0.0, 0.0, 0.0, 0.0, 0.0, 0.0, 0.0, 0.0, 0.0, 0.0, 0.0, 0.0, 0.0, 0.0, 0.0, 0.0]",pca
54.0,beta,58.0,0.081,0.2776984109677508,0.2902583182972239,0.2745489555950026,0.5,0.5409589155719187,0.6951091958831896,0.0,[],"[0.0, 0.0, 0.0, 0.0, 0.0, 0.0, 0.0, 0.0, 0.0, 0.0, 0.0, 0.0, 0.0, 0.0, 0.0, 0.0, 0.0, 0.0, 0.0, 0.0, 0.0, 0.0, 0.0, 0.0, 0.0, 0.0, 0.0, 0.0, 0.0, 0.0]",pca
54.0,beta,63.0,0.081,0.2736141996295413,0.2849278515125376,0.2551112558016683,0.5,0.544439061721114,0.7217951148275304,0.0,[],"[0.0, 0.0, 0.0, 0.0, 0.0, 0.0, 0.0, 0.0, 0.0, 0.0, 0.0, 0.0, 0.0, 0.0, 0.0, 0.0, 0.0, 0.0, 0.0, 0.0, 0.0, 0.0, 0.0, 0.0, 0.0, 0.0, 0.0, 0.0, 0.0, 0.0]",pca
54.0,beta,61.0,0.081,0.2666808908116042,0.2787953789513775,0.2577105089222741,0.5,0.5541045766503622,0.6667349182876426,0.0,[],"[0.0, 0.0, 0.0, 0.0, 0.0, 0.0, 0.0, 0.0, 0.0, 0.0, 0.0, 0.0, 0.0, 0.0, 0.0, 0.0, 0.0, 0.0, 0.0, 0.0, 0.0, 0.0, 0.0, 0.0, 0.0, 0.0, 0.0, 0.0, 0.0, 0.0]",pca
54.0,beta,66.0,0.081,0.2964394033951187,0.3224954190409393,0.3002720026900271,0.5,0.5102017212640746,0.6433581657992313,0.0,[],"[0.0, 0.0, 0.0, 0.0, 0.0, 0.0, 0.0, 0.0, 0.0, 0.0, 0.0, 0.0, 0.0, 0.0, 0.0, 0.0, 0.0, 0.0, 0.0, 0.0, 0.0, 0.0, 0.0, 0.0, 0.0, 0.0, 0.0, 0.0, 0.0, 0.0]",pca
54.0,beta,68.0,0.081,0.2666116929138221,0.2716700927224827,0.250905201188391,0.5,0.5379961634941715,0.6986789683371776,0.0,[],"[0.0, 0.0, 0.0, 0.0, 0.0, 0.0, 0.0, 0.0, 0.0, 0.0, 0.0, 0.0, 0.0, 0.0, 0.0, 0.0, 0.0, 0.0, 0.0, 0.0, 0.0, 0.0, 0.0, 0.0, 0.0, 0.0, 0.0, 0.0, 0.0, 0.0]",pca
54.0,beta,60.0,0.081,0.2702979227225785,0.2784063908829987,0.2587718310107466,0.5,0.5827444134078212,0.7293994413407822,0.0,[],"[0.0, 0.0, 0.0, 0.0, 0.0, 0.0, 0.0, 0.0, 0.0, 0.0, 0.0, 0.0, 0.0, 0.0, 0.0, 0.0, 0.0, 0.0, 0.0, 0.0, 0.0, 0.0, 0.0, 0.0, 0.0, 0.0, 0.0, 0.0, 0.0, 0.0]",pca
54.0,beta,62.0,0.081,0.2614724580336114,0.2607418017438114,0.2440928069015762,0.5,0.5706354300385109,0.7014040436456996,0.0,[],"[0.0, 0.0, 0.0, 0.0, 0.0, 0.0, 0.0, 0.0, 0.0, 0.0, 0.0, 0.0, 0.0, 0.0, 0.0, 0.0, 0.0, 0.0, 0.0, 0.0, 0.0, 0.0, 0.0, 0.0, 0.0, 0.0, 0.0, 0.0, 0.0, 0.0]",pca
54.0,beta,64.0,0.081,0.2608413222087862,0.266630541445648,0.256295727511005,0.5,0.5822053714344726,0.69169942981065,0.0,[],"[0.0, 0.0, 0.0, 0.0, 0.0, 0.0, 0.0, 0.0, 0.0, 0.0, 0.0, 0.0, 0.0, 0.0, 0.0, 0.0, 0.0, 0.0, 0.0, 0.0, 0.0, 0.0, 0.0, 0.0, 0.0, 0.0, 0.0, 0.0, 0.0, 0.0]",pca
54.0,beta,65.0,0.081,0.2811275984066043,0.2936760819548088,0.2708593762543279,0.5,0.558298706124793,0.7002398567615958,0.0,[],"[0.0, 0.0, 0.0, 0.0, 0.0, 0.0, 0.0, 0.0, 0.0, 0.0, 0.0, 0.0, 0.0, 0.0, 0.0, 0.0, 0.0, 0.0, 0.0, 0.0, 0.0, 0.0, 0.0, 0.0, 0.0, 0.0, 0.0, 0.0, 0.0, 0.0]",pca
54.0,beta,70.0,0.081,0.2652010620051332,0.2652523568396527,0.2545494881659078,0.5,0.5881964243288191,0.7109245070087907,0.0,[],"[0.0, 0.0, 0.0, 0.0, 0.0, 0.0, 0.0, 0.0, 0.0, 0.0, 0.0, 0.0, 0.0, 0.0, 0.0, 0.0, 0.0, 0.0, 0.0, 0.0, 0.0, 0.0, 0.0, 0.0, 0.0, 0.0, 0.0, 0.0, 0.0, 0.0]",pca
54.0,beta,67.0,0.081,0.2464821566014883,0.245145309780352,0.2284219582459217,0.5,0.5837266287947431,0.7330817292919106,0.0,[],"[0.0, 0.0, 0.0, 0.0, 0.0, 0.0, 0.0, 0.0, 0.0, 0.0, 0.0, 0.0, 0.0, 0.0, 0.0, 0.0, 0.0, 0.0, 0.0, 0.0, 0.0, 0.0, 0.0, 0.0, 0.0, 0.0, 0.0, 0.0, 0.0, 0.0]",pca
54.0,beta,71.0,0.081,0.2826573604985781,0.2815187150694883,0.2700972074565211,0.5,0.6232638888888888,0.6919454966329965,0.0,[],"[0.0, 0.0, 0.0, 0.0, 0.0, 0.0, 0.0, 0.0, 0.0, 0.0, 0.0, 0.0, 0.0, 0.0, 0.0, 0.0, 0.0, 0.0, 0.0, 0.0, 0.0, 0.0, 0.0, 0.0, 0.0, 0.0, 0.0, 0.0, 0.0, 0.0]",pca
54.0,beta,72.0,0.081,0.2747818731992664,0.2886924695010278,0.2622023995841073,0.5,0.5651110050131296,0.7391581125169093,0.0,[],"[0.0, 0.0, 0.0, 0.0, 0.0, 0.0, 0.0, 0.0, 0.0, 0.0, 0.0, 0.0, 0.0, 0.0, 0.0, 0.0, 0.0, 0.0, 0.0, 0.0, 0.0, 0.0, 0.0, 0.0, 0.0, 0.0, 0.0, 0.0, 0.0, 0.0]",pca
54.0,beta,73.0,0.081,0.2588080057372539,0.2605700263814213,0.2384426633343276,0.5,0.5798933627505056,0.7314579886008458,0.0,[],"[0.0, 0.0, 0.0, 0.0, 0.0, 0.0, 0.0, 0.0, 0.0, 0.0, 0.0, 0.0, 0.0, 0.0, 0.0, 0.0, 0.0, 0.0, 0.0, 0.0, 0.0, 0.0, 0.0, 0.0, 0.0, 0.0, 0.0, 0.0, 0.0, 0.0]",pca
54.0,beta,80.0,0.081,0.2894505653834459,0.2995603603371783,0.2717816214408148,0.5,0.5564765291182359,0.7275883706337587,0.0,[],"[0.0, 0.0, 0.0, 0.0, 0.0, 0.0, 0.0, 0.0, 0.0, 0.0, 0.0, 0.0, 0.0, 0.0, 0.0, 0.0, 0.0, 0.0, 0.0, 0.0, 0.0, 0.0, 0.0, 0.0, 0.0, 0.0, 0.0, 0.0, 0.0, 0.0]",pca
54.0,beta,81.0,0.081,0.2479528338967687,0.252182922250828,0.2393328646286233,0.5,0.5274895789338377,0.6362083845970216,0.0,[],"[0.0, 0.0, 0.0, 0.0, 0.0, 0.0, 0.0, 0.0, 0.0, 0.0, 0.0, 0.0, 0.0, 0.0, 0.0, 0.0, 0.0, 0.0, 0.0, 0.0, 0.0, 0.0, 0.0, 0.0, 0.0, 0.0, 0.0, 0.0, 0.0, 0.0]",pca
54.0,beta,74.0,0.081,0.2749523706804635,0.2887671869496925,0.2687428872697547,0.5,0.5277091228648323,0.6821071565881254,0.0,[],"[0.0, 0.0, 0.0, 0.0, 0.0, 0.0, 0.0, 0.0, 0.0, 0.0, 0.0, 0.0, 0.0, 0.0, 0.0, 0.0, 0.0, 0.0, 0.0, 0.0, 0.0, 0.0, 0.0, 0.0, 0.0, 0.0, 0.0, 0.0, 0.0, 0.0]",pca
54.0,beta,76.0,0.081,0.2473275424999337,0.2360383535033644,0.2254412711509947,0.5,0.6374848059841047,0.7717251051893408,0.0,[],"[0.0, 0.0, 0.0, 0.0, 0.0, 0.0, 0.0, 0.0, 0.0, 0.0, 0.0, 0.0, 0.0, 0.0, 0.0, 0.0, 0.0, 0.0, 0.0, 0.0, 0.0, 0.0, 0.0, 0.0, 0.0, 0.0, 0.0, 0.0, 0.0, 0.0]",pca
54.0,beta,88.0,0.081,0.278952940337224,0.2900466018878506,0.2796311012603432,0.5,0.5941158749503609,0.6581332931655416,0.0,[],"[0.0, 0.0, 0.0, 0.0, 0.0, 0.0, 0.0, 0.0, 0.0, 0.0, 0.0, 0.0, 0.0, 0.0, 0.0, 0.0, 0.0, 0.0, 0.0, 0.0, 0.0, 0.0, 0.0, 0.0, 0.0, 0.0, 0.0, 0.0, 0.0, 0.0]",pca
54.0,beta,77.0,0.081,0.2575431052026183,0.2575154471625063,0.2345984823954684,0.5,0.5790750580072708,0.7471941108449032,0.0,[],"[0.0, 0.0, 0.0, 0.0, 0.0, 0.0, 0.0, 0.0, 0.0, 0.0, 0.0, 0.0, 0.0, 0.0, 0.0, 0.0, 0.0, 0.0, 0.0, 0.0, 0.0, 0.0, 0.0, 0.0, 0.0, 0.0, 0.0, 0.0, 0.0, 0.0]",pca
54.0,beta,82.0,0.081,0.2676561896061871,0.2828164453389342,0.2576206533851035,0.5,0.5578031891414699,0.6893759655705142,0.0,[],"[0.0, 0.0, 0.0, 0.0, 0.0, 0.0, 0.0, 0.0, 0.0, 0.0, 0.0, 0.0, 0.0, 0.0, 0.0, 0.0, 0.0, 0.0, 0.0, 0.0, 0.0, 0.0, 0.0, 0.0, 0.0, 0.0, 0.0, 0.0, 0.0, 0.0]",pca
54.0,beta,86.0,0.081,0.2621396651297328,0.2603117858767016,0.252540863927566,0.5,0.6487404248598279,0.658970658970659,0.0,[],"[0.0, 0.0, 0.0, 0.0, 0.0, 0.0, 0.0, 0.0, 0.0, 0.0, 0.0, 0.0, 0.0, 0.0, 0.0, 0.0, 0.0, 0.0, 0.0, 0.0, 0.0, 0.0, 0.0, 0.0, 0.0, 0.0, 0.0, 0.0, 0.0, 0.0]",pca
54.0,beta,90.0,0.081,0.2848047938573605,0.3048086414620909,0.27848682441912,0.5,0.5194359323572807,0.7029281579843377,0.0,[],"[0.0, 0.0, 0.0, 0.0, 0.0, 0.0, 0.0, 0.0, 0.0, 0.0, 0.0, 0.0, 0.0, 0.0, 0.0, 0.0, 0.0, 0.0, 0.0, 0.0, 0.0, 0.0, 0.0, 0.0, 0.0, 0.0, 0.0, 0.0, 0.0, 0.0]",pca
54.0,beta,78.0,0.081,0.2773358384199397,0.2887072442135551,0.2634035511247424,0.5,0.5240661440147573,0.7278015679557283,0.0,[],"[0.0, 0.0, 0.0, 0.0, 0.0, 0.0, 0.0, 0.0, 0.0, 0.0, 0.0, 0.0, 0.0, 0.0, 0.0, 0.0, 0.0, 0.0, 0.0, 0.0, 0.0, 0.0, 0.0, 0.0, 0.0, 0.0, 0.0, 0.0, 0.0, 0.0]",pca
54.0,beta,87.0,0.081,0.2697926649544018,0.2727671717317829,0.2597460488421832,0.5,0.5929841235218047,0.6957527694249256,0.0,[],"[0.0, 0.0, 0.0, 0.0, 0.0, 0.0, 0.0, 0.0, 0.0, 0.0, 0.0, 0.0, 0.0, 0.0, 0.0, 0.0, 0.0, 0.0, 0.0, 0.0, 0.0, 0.0, 0.0, 0.0, 0.0, 0.0, 0.0, 0.0, 0.0, 0.0]",pca
54.0,beta,83.0,0.081,0.2792181290810143,0.2848799948093335,0.2596841411855362,0.5,0.614604656240618,0.7641652337672972,0.0,[],"[0.0, 0.0, 0.0, 0.0, 0.0, 0.0, 0.0, 0.0, 0.0, 0.0, 0.0, 0.0, 0.0, 0.0, 0.0, 0.0, 0.0, 0.0, 0.0, 0.0, 0.0, 0.0, 0.0, 0.0, 0.0, 0.0, 0.0, 0.0, 0.0, 0.0]",pca
54.0,beta,94.0,0.081,0.2619885292554274,0.2654857551018414,0.2590727061388313,0.5,0.5838802296964725,0.6889722254775579,0.0,[],"[0.0, 0.0, 0.0, 0.0, 0.0, 0.0, 0.0, 0.0, 0.0, 0.0, 0.0, 0.0, 0.0, 0.0, 0.0, 0.0, 0.0, 0.0, 0.0, 0.0, 0.0, 0.0, 0.0, 0.0, 0.0, 0.0, 0.0, 0.0, 0.0, 0.0]",pca
54.0,beta,91.0,0.081,0.2613877580512725,0.2581458826138646,0.2421084551872218,0.5,0.5638727238595833,0.7229835429572617,0.0,[],"[0.0, 0.0, 0.0, 0.0, 0.0, 0.0, 0.0, 0.0, 0.0, 0.0, 0.0, 0.0, 0.0, 0.0, 0.0, 0.0, 0.0, 0.0, 0.0, 0.0, 0.0, 0.0, 0.0, 0.0, 0.0, 0.0, 0.0, 0.0, 0.0, 0.0]",pca
54.0,beta,79.0,0.081,0.2614380484129981,0.2686225943974654,0.2516385857808277,0.5,0.5362808174950793,0.7170586359003881,0.0,[],"[0.0, 0.0, 0.0, 0.0, 0.0, 0.0, 0.0, 0.0, 0.0, 0.0, 0.0, 0.0, 0.0, 0.0, 0.0, 0.0, 0.0, 0.0, 0.0, 0.0, 0.0, 0.0, 0.0, 0.0, 0.0, 0.0, 0.0, 0.0, 0.0, 0.0]",pca
54.0,beta,85.0,0.081,0.2484045978567504,0.2465677162774161,0.2235719439698311,0.5,0.5385326311938617,0.7572420166934621,0.0,[],"[0.0, 0.0, 0.0, 0.0, 0.0, 0.0, 0.0, 0.0, 0.0, 0.0, 0.0, 0.0, 0.0, 0.0, 0.0, 0.0, 0.0, 0.0, 0.0, 0.0, 0.0, 0.0, 0.0, 0.0, 0.0, 0.0, 0.0, 0.0, 0.0, 0.0]",pca
54.0,beta,92.0,0.081,0.2864095892037767,0.3057068864847854,0.2786857882342539,0.5,0.5511115205109309,0.7194178334561534,0.0,[],"[0.0, 0.0, 0.0, 0.0, 0.0, 0.0, 0.0, 0.0, 0.0, 0.0, 0.0, 0.0, 0.0, 0.0, 0.0, 0.0, 0.0, 0.0, 0.0, 0.0, 0.0, 0.0, 0.0, 0.0, 0.0, 0.0, 0.0, 0.0, 0.0, 0.0]",pca
54.0,beta,96.0,0.081,0.2629617523966815,0.2619525804294986,0.2395175613776967,0.5,0.5824397684956705,0.7593356962328205,0.0,[],"[0.0, 0.0, 0.0, 0.0, 0.0, 0.0, 0.0, 0.0, 0.0, 0.0, 0.0, 0.0, 0.0, 0.0, 0.0, 0.0, 0.0, 0.0, 0.0, 0.0, 0.0, 0.0, 0.0, 0.0, 0.0, 0.0, 0.0, 0.0, 0.0, 0.0]",pca
54.0,beta,84.0,0.081,0.2634244110774574,0.2655807626576091,0.2525267465985537,0.5,0.5758402903811253,0.7050381125226861,0.0,[],"[0.0, 0.0, 0.0, 0.0, 0.0, 0.0, 0.0, 0.0, 0.0, 0.0, 0.0, 0.0, 0.0, 0.0, 0.0, 0.0, 0.0, 0.0, 0.0, 0.0, 0.0, 0.0, 0.0, 0.0, 0.0, 0.0, 0.0, 0.0, 0.0, 0.0]",pca
a,,,,,,,,,,,,,
54,beta,95.0,0.081,0.2575904294361886,0.2557878175799961,0.2410287052852589,0.5,0.5849950396825396,0.7417245370370371,0.0,[],"[0.0, 0.0, 0.0, 0.0, 0.0, 0.0, 0.0, 0.0, 0.0, 0.0, 0.0, 0.0, 0.0, 0.0, 0.0, 0.0, 0.0, 0.0, 0.0, 0.0, 0.0, 0.0, 0.0, 0.0, 0.0, 0.0, 0.0, 0.0, 0.0, 0.0]",pca
54,beta,25.0,0.027,0.2845510566600645,0.2913358577766932,0.2510172592000661,0.5,0.5862418006859121,0.7915692737988214,30.0,"[0, 1, 2, 3, 4, 5, 6, 7, 8, 9, 10, 11, 12, 13, 14, 15, 16, 17, 18, 19, 20, 21, 22, 23, 24, 25, 26, 27, 28, 29]","[0.8133593797683716, 0.7355115413665771, 0.7670726776123047, 0.7433728575706482, 0.7003364562988281, 0.7824790477752686, 0.792732298374176, 0.7464527487754822, 0.8101603388786316, 0.7442817687988281, 0.6716439723968506, 0.6220241785049438, 0.8220148086547852, 0.6463853716850281, 0.7191557288169861, 0.7722705602645874, 0.6560772061347961, 0.8078997135162354, 0.7467086315155029, 0.600085437297821, 0.7443832159042358, 0.8190267086029053, 0.7757136225700378, 0.8272703886032104, 0.838699996471405, 0.7036238312721252, 0.6438613533973694, 0.8270066976547241, 0.8200592398643494, 0.7942556142807007]",pca
54,beta,19.0,0.027,0.2603054890140719,0.2585797741158689,0.232181986259413,0.5,0.619239997177334,0.7735163361795215,30.0,"[0, 1, 2, 3, 4, 5, 6, 7, 8, 9, 10, 11, 12, 13, 14, 15, 16, 17, 18, 19, 20, 21, 22, 23, 24, 25, 26, 27, 28, 29]","[0.7124020457267761, 0.7133604884147644, 0.7535530924797058, 0.7628118991851807, 0.71885085105896, 0.6092116832733154, 0.62388676404953, 0.671112596988678, 0.6875024437904358, 0.7246061563491821, 0.6783978939056396, 0.7612967491149902, 0.7604285478591919, 0.6972631812095642, 0.7132744789123535, 0.6969785094261169, 0.6059598326683044, 0.7164422273635864, 0.7653473019599915, 0.6952369809150696, 0.7397967576980591, 0.6430308818817139, 0.7043063044548035, 0.6936201453208923, 0.6987774968147278, 0.673589825630188, 0.6825273036956787, 0.7258802056312561, 0.6256318092346191, 0.7159647345542908]",pca
54,beta,13.0,0.027,0.2576909067500987,0.2529829403700694,0.2184677858054462,0.5,0.6561267547367551,0.7878733555806834,30.0,"[0, 1, 2, 3, 4, 5, 6, 7, 8, 9, 10, 11, 12, 13, 14, 15, 16, 17, 18, 19, 20, 21, 22, 23, 24, 25, 26, 27, 28, 29]","[0.8044271469116211, 0.8115588426589966, 0.7260076403617859, 0.8546726703643799, 0.7926265001296997, 0.804377019405365, 0.8139083981513977, 0.8299766182899475, 0.7571918964385986, 0.7074353694915771, 0.8176020383834839, 0.8209963440895081, 0.8212777972221375, 0.7913647890090942, 0.7386462092399597, 0.7542233467102051, 0.7302245497703552, 0.7372287511825562, 0.8597776293754578, 0.7651172876358032, 0.7886198163032532, 0.7299520373344421, 0.8136544227600098, 0.7869663238525391, 0.7652677893638611, 0.871104896068573, 0.7646932601928711, 0.7986738681793213, 0.7531182169914246, 0.8121379613876343]",pca
54,beta,1.0,0.027,0.2785951027486996,0.2902501426716141,0.2598116697647304,0.5,0.5665864533937292,0.6681647674994692,30.0,"[0, 1, 2, 3, 4, 5, 6, 7, 8, 9, 10, 11, 12, 13, 14, 15, 16, 17, 18, 19, 20, 21, 22, 23, 24, 25, 26, 27, 28, 29]","[1.0798100233078003, 1.0595518350601196, 1.103784441947937, 1.0406947135925293, 1.0742857456207275, 1.0514311790466309, 1.0161105394363403, 1.0399729013442993, 0.9996153712272644, 1.03971529006958, 0.9981784820556641, 1.0609276294708252, 1.0856482982635498, 1.0493149757385254, 1.0440713167190552, 1.0558146238327026, 1.0586625337600708, 1.0581716299057007, 1.0529743432998657, 1.0779956579208374, 0.994500994682312, 1.0601894855499268, 1.0565402507781982, 1.0506705045700073, 1.0452731847763062, 1.0338351726531982, 1.0623061656951904, 1.0960932970046997, 1.0433478355407715, 1.011568546295166]",pca
54,beta,28.0,0.027,0.2926307635963882,0.3070679499505309,0.2694793319455881,0.5,0.5681177211205539,0.7475857727415801,30.0,"[0, 1, 2, 3, 4, 5, 6, 7, 8, 9, 10, 11, 12, 13, 14, 15, 16, 17, 18, 19, 20, 21, 22, 23, 24, 25, 26, 27, 28, 29]","[0.682207465171814, 0.643303394317627, 0.7455269694328308, 0.6337851285934448, 0.6376031041145325, 0.7465848922729492, 0.7738957405090332, 0.8107286691665649, 0.7551539540290833, 0.6130120158195496, 0.7404099106788635, 0.7247850298881531, 0.6284252405166626, 0.7434898614883423, 0.7218160629272461, 0.6370791792869568, 0.6937667727470398, 0.6360236406326294, 0.6218522191047668, 0.7682647705078125, 0.6673305034637451, 0.791986882686615, 0.7652615904808044, 0.6196811199188232, 0.7462361454963684, 0.7043842077255249, 0.6159788370132446, 0.762636661529541, 0.7288834452629089, 0.6397136449813843]",pca
54,beta,16.0,0.027,0.2756864568525844,0.2806376440135098,0.2380503489407035,0.5,0.5937119113573407,0.782742382271468,30.0,"[0, 1, 2, 3, 4, 5, 6, 7, 8, 9, 10, 11, 12, 13, 14, 15, 16, 17, 18, 19, 20, 21, 22, 23, 24, 25, 26, 27, 28, 29]","[0.6268030405044556, 0.782651424407959, 0.7886950969696045, 0.7379586696624756, 0.7565065622329712, 0.7783207893371582, 0.7687951922416687, 0.8025764226913452, 0.7763690948486328, 0.7919866442680359, 0.7191622257232666, 0.7047651410102844, 0.7672597169876099, 0.8006497025489807, 0.7562267780303955, 0.641609251499176, 0.7785760760307312, 0.713605523109436, 0.7921735644340515, 0.8013167381286621, 0.7397496104240417, 0.7753675580024719, 0.7093084454536438, 0.7676809430122375, 0.8115520477294922, 0.7082297205924988, 0.6813288331031799, 0.8185399174690247, 0.7743773460388184, 0.8102899789810181]",pca
54,beta,31.0,0.027,0.2531002750801421,0.2573536054418309,0.2272566733461075,0.5,0.4806025140875595,0.7771727351538795,30.0,"[0, 1, 2, 3, 4, 5, 6, 7, 8, 9, 10, 11, 12, 13, 14, 15, 16, 17, 18, 19, 20, 21, 22, 23, 24, 25, 26, 27, 28, 29]","[0.7584835886955261, 0.7783945798873901, 0.7461255788803101, 0.7327338457107544, 0.8181670308113098, 0.8103256225585938, 0.7627540230751038, 0.6764657497406006, 0.7409064173698425, 0.7608895301818848, 0.7753209471702576, 0.7650408148765564, 0.7574902176856995, 0.7399353981018066, 0.6740267872810364, 0.7518599629402161, 0.7629005312919617, 0.7827531099319458, 0.7128976583480835, 0.7611139416694641, 0.8361214995384216, 0.7565560340881348, 0.7738965749740601, 0.7509166598320007, 0.7942944169044495, 0.7820420861244202, 0.750397801399231, 0.7998963594436646, 0.794741690158844, 0.7691644430160522]",pca
54,beta,2.0,0.027,0.2495620960358432,0.2434427663431785,0.2174789935688472,0.5,0.6279682750759878,0.7747672872340424,30.0,"[0, 1, 2, 3, 4, 5, 6, 7, 8, 9, 10, 11, 12, 13, 14, 15, 16, 17, 18, 19, 20, 21, 22, 23, 24, 25, 26, 27, 28, 29]","[0.7216553092002869, 0.6781094670295715, 0.7879180312156677, 0.7401326894760132, 0.816887378692627, 0.821068525314331, 0.8173471093177795, 0.7738025784492493, 0.8009024858474731, 0.7660274505615234, 0.7811096906661987, 0.7785991430282593, 0.79285728931427, 0.814583957195282, 0.7503276467323303, 0.8398882746696472, 0.7320808172225952, 0.6606520414352417, 0.7588912844657898, 0.7152020335197449, 0.8411443829536438, 0.8372865319252014, 0.7480895519256592, 0.7981116771697998, 0.823769748210907, 0.8385594487190247, 0.7959293127059937, 0.8528298735618591, 0.7411966919898987, 0.7480304837226868]",pca
54,beta,22.0,0.027,0.2837419185874003,0.3046494117796562,0.2759821875688044,0.5,0.4992868004252284,0.6469662104880707,30.0,"[0, 1, 2, 3, 4, 5, 6, 7, 8, 9, 10, 11, 12, 13, 14, 15, 16, 17, 18, 19, 20, 21, 22, 23, 24, 25, 26, 27, 28, 29]","[0.9690241813659668, 0.9658050537109375, 0.9937835931777954, 0.9578575491905212, 0.9957083463668823, 0.9820247292518616, 0.9202615022659302, 0.945398211479187, 0.9553461074829102, 0.962870180606842, 0.9869399666786194, 0.9905878901481628, 0.8867301344871521, 0.9839593172073364, 0.9849402904510498, 0.9643371105194092, 0.919409990310669, 0.9620532393455505, 0.962139368057251, 0.97517329454422, 0.9872477054595947, 0.9252015352249146, 0.9690616130828857, 0.9196433424949646, 0.9374749064445496, 0.9585024118423462, 0.9767440557479858, 0.9688350558280945, 0.988201379776001, 0.91982501745224]",pca
54,beta,23.0,0.027,0.2748753888481758,0.2788819919583407,0.245388557099887,0.5,0.5886102268490637,0.7748788322005219,30.0,"[0, 1, 2, 3, 4, 5, 6, 7, 8, 9, 10, 11, 12, 13, 14, 15, 16, 17, 18, 19, 20, 21, 22, 23, 24, 25, 26, 27, 28, 29]","[0.9023275971412659, 0.9684457182884216, 0.8390293121337891, 0.8757948875427246, 0.916725218296051, 0.8797891736030579, 0.8761826157569885, 0.8402343988418579, 0.8239752054214478, 0.8793167471885681, 0.9200056791305542, 0.8836190700531006, 0.8654943704605103, 0.9156839847564697, 0.8587976098060608, 0.8976513147354126, 0.9790844321250916, 0.8776787519454956, 0.9670388102531433, 0.8714949488639832, 0.8868914246559143, 0.884148359298706, 0.9381213188171387, 0.9050071835517883, 0.8262138366699219, 0.8586218953132629, 0.9189814925193787, 0.8893448710441589, 0.8697133660316467, 0.9202386140823364]",pca
54,beta,40.0,0.027,0.2685871728842996,0.2855364342279729,0.2545159868191766,0.5,0.4751374965190754,0.7078808131439711,30.0,"[0, 1, 2, 3, 4, 5, 6, 7, 8, 9, 10, 11, 12, 13, 14, 15, 16, 17, 18, 19, 20, 21, 22, 23, 24, 25, 26, 27, 28, 29]","[0.7998719215393066, 0.8415994644165039, 0.8824011087417603, 0.8143100738525391, 0.7934554815292358, 0.7913190126419067, 0.7019041180610657, 0.7326754927635193, 0.8112836480140686, 0.8471158742904663, 0.7820496559143066, 0.839623212814331, 0.7715159058570862, 0.804597795009613, 0.7975190877914429, 0.8019742965698242, 0.8355086445808411, 0.7212759852409363, 0.7375183701515198, 0.8054483532905579, 0.7861624956130981, 0.835292398929596, 0.8628332018852234, 0.7526769638061523, 0.8237806558609009, 0.8564148545265198, 0.7127223014831543, 0.7450812458992004, 0.7381477355957031, 0.8092411756515503]",pca
54,beta,10.0,0.027,0.2711055500199741,0.2819676250852603,0.2530272159554009,0.5,0.5443998811645869,0.7319592988710636,30.0,"[0, 1, 2, 3, 4, 5, 6, 7, 8, 9, 10, 11, 12, 13, 14, 15, 16, 17, 18, 19, 20, 21, 22, 23, 24, 25, 26, 27, 28, 29]","[0.7251017689704895, 0.8492971658706665, 0.8005272746086121, 0.8020314574241638, 0.7414852380752563, 0.8458046317100525, 0.8220223188400269, 0.7848781943321228, 0.7543334364891052, 0.8540180325508118, 0.7581358551979065, 0.7582796216011047, 0.6837480068206787, 0.7842801213264465, 0.7744928598403931, 0.7759469151496887, 0.7617331147193909, 0.7681088447570801, 0.7044042944908142, 0.816962480545044, 0.7292472720146179, 0.7834164500236511, 0.7939202785491943, 0.7693933844566345, 0.7772029042243958, 0.8538117408752441, 0.8488196134567261, 0.7969386577606201, 0.7344695925712585, 0.7815259099006653]",pca
54,beta,35.0,0.027,0.2641395659539723,0.277191254505418,0.2580715525206469,0.5,0.5484035589873306,0.6888030945143373,30.0,"[0, 1, 2, 3, 4, 5, 6, 7, 8, 9, 10, 11, 12, 13, 14, 15, 16, 17, 18, 19, 20, 21, 22, 23, 24, 25, 26, 27, 28, 29]","[0.7640433311462402, 0.6830672025680542, 0.7644370198249817, 0.7701677680015564, 0.8169481158256531, 0.8077199459075928, 0.7626876831054688, 0.7629455327987671, 0.8569818139076233, 0.8609308004379272, 0.7332010269165039, 0.8111799955368042, 0.8308866024017334, 0.8558891415596008, 0.8550859689712524, 0.7603855133056641, 0.7634342312812805, 0.8590157628059387, 0.7061233520507812, 0.7674817442893982, 0.7617310285568237, 0.8314254879951477, 0.7221071720123291, 0.7201745510101318, 0.8727160096168518, 0.7861300706863403, 0.8750973343849182, 0.787795901298523, 0.8162590265274048, 0.7794367074966431]",pca
54,beta,17.0,0.027,0.2637836925627149,0.2674946480732597,0.235032502435168,0.5,0.5986029254475581,0.754257979331558,30.0,"[0, 1, 2, 3, 4, 5, 6, 7, 8, 9, 10, 11, 12, 13, 14, 15, 16, 17, 18, 19, 20, 21, 22, 23, 24, 25, 26, 27, 28, 29]","[0.5453789830207825, 0.6179998517036438, 0.6621391177177429, 0.5582599639892578, 0.5736373066902161, 0.6711642742156982, 0.5922598242759705, 0.6364057064056396, 0.6275795102119446, 0.6154127717018127, 0.6182042956352234, 0.6120104789733887, 0.686427891254425, 0.5464046597480774, 0.6699707508087158, 0.5168758630752563, 0.5460350513458252, 0.5327177047729492, 0.6650844216346741, 0.5646225810050964, 0.5978261828422546, 0.6110227704048157, 0.5135258436203003, 0.6508086919784546, 0.6385078430175781, 0.6467164158821106, 0.5469228029251099, 0.5853144526481628, 0.5991266369819641, 0.6270641088485718]",pca
54,beta,57.0,0.027,0.2716365086065577,0.2774155886385541,0.2460877251265997,0.5,0.5939208069242827,0.7702174061200846,30.0,"[0, 1, 2, 3, 4, 5, 6, 7, 8, 9, 10, 11, 12, 13, 14, 15, 16, 17, 18, 19, 20, 21, 22, 23, 24, 25, 26, 27, 28, 29]","[0.8631905913352966, 0.8849665522575378, 0.8237771987915039, 0.7990217804908752, 0.7528221011161804, 0.8218637108802795, 0.882767915725708, 0.8461567163467407, 0.7835239768028259, 0.9728422164916992, 0.8730759024620056, 0.9398509860038757, 0.8740591406822205, 0.94732266664505, 0.8381205201148987, 0.7696627974510193, 0.9412595629692078, 0.8283886313438416, 0.8452593684196472, 0.9328992962837219, 0.8775235414505005, 0.8015815019607544, 0.8357106447219849, 0.8944867849349976, 0.8077868223190308, 0.9194062948226929, 0.8664836883544922, 0.8857051134109497, 0.733555257320404, 0.8201117515563965]",pca
54,beta,7.0,0.027,0.2606414142992545,0.2660151309374284,0.2247284697874927,0.5,0.5319323841144171,0.7053776656876516,30.0,"[0, 1, 2, 3, 4, 5, 6, 7, 8, 9, 10, 11, 12, 13, 14, 15, 16, 17, 18, 19, 20, 21, 22, 23, 24, 25, 26, 27, 28, 29]","[1.1223424673080444, 1.1063222885131836, 1.1291054487228394, 1.1462644338607788, 1.1216644048690796, 1.1161617040634155, 1.0389564037322998, 1.1105616092681885, 1.128960132598877, 1.1143831014633179, 1.1370712518692017, 1.1067540645599365, 1.0601340532302856, 1.0469049215316772, 1.1200295686721802, 1.1248801946640015, 1.1419013738632202, 1.027356743812561, 1.1049479246139526, 1.0317699909210205, 1.1246650218963623, 1.105600357055664, 1.124025583267212, 1.030189037322998, 1.1502163410186768, 1.1230602264404297, 1.1460089683532715, 1.1134538650512695, 1.1149508953094482, 1.1186081171035767]",pca
54,beta,55.0,0.027,0.2890981446017616,0.3079935103187905,0.2927966947778405,0.5,0.5393158424270568,0.6233328173773961,30.0,"[0, 1, 2, 3, 4, 5, 6, 7, 8, 9, 10, 11, 12, 13, 14, 15, 16, 17, 18, 19, 20, 21, 22, 23, 24, 25, 26, 27, 28, 29]","[0.8872759938240051, 0.8509958386421204, 0.8713616728782654, 0.9320279359817505, 0.8766431212425232, 0.9041875004768372, 0.8920226693153381, 0.8952367901802063, 0.8701664805412292, 0.8735682964324951, 0.8567134141921997, 0.9153973460197449, 0.8916120529174805, 0.8966425061225891, 0.805865466594696, 0.8951072096824646, 0.8667870163917542, 0.8937011957168579, 0.8912674784660339, 0.894145131111145, 0.8800124526023865, 0.742836058139801, 0.8629692792892456, 0.7440764904022217, 0.9079656600952148, 0.7906067967414856, 0.7974338531494141, 0.9175980687141418, 0.8800042271614075, 0.7521241307258606]",pca
54,beta,42.0,0.027,0.2542277574731195,0.2544966362822702,0.2277749684635132,0.5,0.6170359040909652,0.7756998516870597,30.0,"[0, 1, 2, 3, 4, 5, 6, 7, 8, 9, 10, 11, 12, 13, 14, 15, 16, 17, 18, 19, 20, 21, 22, 23, 24, 25, 26, 27, 28, 29]","[0.8349351286888123, 0.8024320006370544, 0.8021543025970459, 0.8634639382362366, 0.7441974878311157, 0.8346048593521118, 0.833808183670044, 0.8267521262168884, 0.8281130790710449, 0.829461395740509, 0.7406046390533447, 0.8309798836708069, 0.8113544583320618, 0.863416314125061, 0.826809823513031, 0.8182449340820312, 0.872568666934967, 0.8225238919258118, 0.7985921502113342, 0.7994312644004822, 0.8427702784538269, 0.7521824836730957, 0.7854578495025635, 0.7453061938285828, 0.7540077567100525, 0.7470954060554504, 0.7789027690887451, 0.8552190065383911, 0.8459895253181458, 0.8413263559341431]",pca
54,beta,21.0,0.027,0.257452525628104,0.2566803725771483,0.2387538896987781,0.5,0.6018066427273588,0.6899170735487873,30.0,"[0, 1, 2, 3, 4, 5, 6, 7, 8, 9, 10, 11, 12, 13, 14, 15, 16, 17, 18, 19, 20, 21, 22, 23, 24, 25, 26, 27, 28, 29]","[0.7809518575668335, 0.8184634447097778, 0.756790816783905, 0.7878372669219971, 0.8010271787643433, 0.8701106905937195, 0.7894603610038757, 0.8283143639564514, 0.8067865371704102, 0.7834122180938721, 0.7283492088317871, 0.834824800491333, 0.7798423171043396, 0.7813442349433899, 0.8190949559211731, 0.8635289669036865, 0.7891854643821716, 0.7693197727203369, 0.8025529980659485, 0.7872725129127502, 0.8089680671691895, 0.7933552265167236, 0.8187387585639954, 0.8181121349334717, 0.8157665133476257, 0.8005388975143433, 0.7834295630455017, 0.8484095335006714, 0.7827022671699524, 0.7463924288749695]",pca
54,beta,15.0,0.027,0.2717116111576571,0.2729533950950198,0.2506403619381863,0.5,0.5854673108863053,0.7219311490261211,30.0,"[0, 1, 2, 3, 4, 5, 6, 7, 8, 9, 10, 11, 12, 13, 14, 15, 16, 17, 18, 19, 20, 21, 22, 23, 24, 25, 26, 27, 28, 29]","[0.7724438905715942, 0.7840889096260071, 0.7341021299362183, 0.7890437245368958, 0.7290825843811035, 0.7168515920639038, 0.7958698868751526, 0.7541943192481995, 0.6947804689407349, 0.8149755597114563, 0.6889905333518982, 0.7568841576576233, 0.6888716816902161, 0.7305723428726196, 0.6775569915771484, 0.7324058413505554, 0.6810267567634583, 0.7401466369628906, 0.8302320837974548, 0.6766136288642883, 0.7273080348968506, 0.7645536065101624, 0.7459714412689209, 0.7424495816230774, 0.7508976459503174, 0.7346466779708862, 0.6875996589660645, 0.7884967923164368, 0.7108737230300903, 0.7155203223228455]",pca
54,beta,63.0,0.027,0.2736141996295413,0.2849278515125376,0.2507061373445552,0.5,0.544439061721114,0.7367848291453405,30.0,"[0, 1, 2, 3, 4, 5, 6, 7, 8, 9, 10, 11, 12, 13, 14, 15, 16, 17, 18, 19, 20, 21, 22, 23, 24, 25, 26, 27, 28, 29]","[0.8281351923942566, 0.8850188851356506, 0.8910367488861084, 0.9595441818237305, 0.9145144820213318, 0.8987475037574768, 0.9555128216743469, 0.9687380194664001, 0.9448210597038269, 0.8384525775909424, 0.8864838480949402, 0.8397842645645142, 0.768906831741333, 0.8176329135894775, 0.7676188945770264, 0.9451394081115723, 0.9676715135574341, 0.9037192463874817, 0.9403278827667236, 0.8135878443717957, 0.9396886825561523, 0.9446551203727722, 0.8583245873451233, 0.934171199798584, 0.7692535519599915, 0.9071973562240601, 0.8503601551055908, 0.7999678254127502, 0.8273358941078186, 0.9164911508560181]",pca
54,beta,45.0,0.027,0.2788619810388606,0.2856205074282529,0.2649076536608731,0.5,0.6329047748131511,0.6473815332584647,30.0,"[0, 1, 2, 3, 4, 5, 6, 7, 8, 9, 10, 11, 12, 13, 14, 15, 16, 17, 18, 19, 20, 21, 22, 23, 24, 25, 26, 27, 28, 29]","[0.838796079158783, 0.9097113609313965, 0.8577880263328552, 0.8665454387664795, 0.8243265151977539, 0.7251074314117432, 0.8193435668945312, 0.8074932098388672, 0.6671004891395569, 0.8007592558860779, 0.7815359830856323, 0.8146759271621704, 0.7852965593338013, 0.7047021389007568, 0.6845138669013977, 0.8334734439849854, 0.8784092664718628, 0.7591267228126526, 0.8117052316665649, 0.8351216912269592, 0.8500708937644958, 0.8031567335128784, 0.8001875877380371, 0.8061158061027527, 0.7404091358184814, 0.893207848072052, 0.7991106510162354, 0.8474277853965759, 0.7738482356071472, 0.8046772480010986]",pca
54,beta,0.0,0.027,0.281572739545136,0.2897992539503829,0.2614474812316085,0.5,0.5996241954759471,0.7380455285021095,30.0,"[0, 1, 2, 3, 4, 5, 6, 7, 8, 9, 10, 11, 12, 13, 14, 15, 16, 17, 18, 19, 20, 21, 22, 23, 24, 25, 26, 27, 28, 29]","[0.8165481090545654, 0.7786709666252136, 0.7226135730743408, 0.7686505913734436, 0.7504835724830627, 0.6648092269897461, 0.7486752867698669, 0.8103266954421997, 0.7449656128883362, 0.727108359336853, 0.5588995218276978, 0.6840112805366516, 0.7842742204666138, 0.7796753644943237, 0.7768633365631104, 0.8101021647453308, 0.7953511476516724, 0.8362866640090942, 0.7382801175117493, 0.7086127400398254, 0.7006559371948242, 0.6143361926078796, 0.7328215837478638, 0.7224937081336975, 0.7200501561164856, 0.7403602004051208, 0.7396166324615479, 0.6868558526039124, 0.6789990663528442, 0.7568890452384949]",pca
54,beta,47.0,0.027,0.244301186216428,0.2471959695438087,0.2325563762876567,0.5,0.5301834775168742,0.6913394809392529,30.0,"[0, 1, 2, 3, 4, 5, 6, 7, 8, 9, 10, 11, 12, 13, 14, 15, 16, 17, 18, 19, 20, 21, 22, 23, 24, 25, 26, 27, 28, 29]","[0.7294716835021973, 0.7499025464057922, 0.7525497674942017, 0.7742437124252319, 0.7334510684013367, 0.7406279444694519, 0.7458318471908569, 0.7623382210731506, 0.8339095711708069, 0.7558318972587585, 0.8236400485038757, 0.7780662775039673, 0.8090993165969849, 0.7662835717201233, 0.7752093076705933, 0.7538630962371826, 0.8640082478523254, 0.8017371892929077, 0.7924512624740601, 0.829756498336792, 0.7385603189468384, 0.8080374598503113, 0.7453634738922119, 0.7166650891304016, 0.7650724053382874, 0.7378160953521729, 0.7108823657035828, 0.7375635504722595, 0.7481977939605713, 0.6963279843330383]",pca
54,beta,36.0,0.027,0.2630909489506219,0.267453714671273,0.2356049926191374,0.5,0.5659757516830924,0.7728009310410866,30.0,"[0, 1, 2, 3, 4, 5, 6, 7, 8, 9, 10, 11, 12, 13, 14, 15, 16, 17, 18, 19, 20, 21, 22, 23, 24, 25, 26, 27, 28, 29]","[0.8533843159675598, 0.8415484428405762, 0.7794305086135864, 0.7765480279922485, 0.8576925992965698, 0.8497717380523682, 0.8178220391273499, 0.742451548576355, 0.8924788236618042, 0.8853808641433716, 0.9419676065444946, 0.7408924698829651, 0.8049142360687256, 0.8675732612609863, 0.8046780228614807, 0.8055855631828308, 0.8567988872528076, 0.8394888043403625, 0.9164575338363647, 0.849904477596283, 0.7891615629196167, 0.7778818011283875, 0.78187096118927, 0.7556413412094116, 0.8350100517272949, 0.9017995595932007, 0.7906860709190369, 0.7569379210472107, 0.7818151712417603, 0.8027079105377197]",pca
54,beta,32.0,0.027,0.2565291715759179,0.2501939974533648,0.2341068561807739,0.5,0.5481308097587168,0.728598275109903,30.0,"[0, 1, 2, 3, 4, 5, 6, 7, 8, 9, 10, 11, 12, 13, 14, 15, 16, 17, 18, 19, 20, 21, 22, 23, 24, 25, 26, 27, 28, 29]","[0.7416887283325195, 0.7322278618812561, 0.7570541501045227, 0.7824721932411194, 0.7210257649421692, 0.6995081305503845, 0.7367750406265259, 0.72275310754776, 0.7947483658790588, 0.7586584091186523, 0.7550227642059326, 0.694328248500824, 0.7179094552993774, 0.7830491662025452, 0.7620315551757812, 0.6747352480888367, 0.73749840259552, 0.7886120080947876, 0.7193714380264282, 0.6729033589363098, 0.763136625289917, 0.7262911200523376, 0.770758867263794, 0.6338701844215393, 0.6931877732276917, 0.6630738973617554, 0.6880176067352295, 0.7885040044784546, 0.6720888018608093, 0.6812191605567932]",pca
54,beta,29.0,0.027,0.2810209321620384,0.2988276637453995,0.2678403335360518,0.5,0.5077633516262883,0.7025833221790925,30.0,"[0, 1, 2, 3, 4, 5, 6, 7, 8, 9, 10, 11, 12, 13, 14, 15, 16, 17, 18, 19, 20, 21, 22, 23, 24, 25, 26, 27, 28, 29]","[0.7740927338600159, 0.7051773071289062, 0.7436783313751221, 0.7532811164855957, 0.7156824469566345, 0.781349778175354, 0.6044783592224121, 0.7913762927055359, 0.7021134495735168, 0.8058956265449524, 0.7369488477706909, 0.5743821859359741, 0.778529167175293, 0.7295271158218384, 0.7206476926803589, 0.7054253816604614, 0.7980374097824097, 0.6825278401374817, 0.7600470781326294, 0.7100571990013123, 0.8042952418327332, 0.6626267433166504, 0.699627697467804, 0.7671449184417725, 0.6701377630233765, 0.5608502626419067, 0.6146517395973206, 0.5997015237808228, 0.6974023580551147, 0.6561635732650757]",pca
54,beta,27.0,0.027,0.2628555518187883,0.2615293557691809,0.2417503302891436,0.5,0.6090891541933952,0.7502153124257543,30.0,"[0, 1, 2, 3, 4, 5, 6, 7, 8, 9, 10, 11, 12, 13, 14, 15, 16, 17, 18, 19, 20, 21, 22, 23, 24, 25, 26, 27, 28, 29]","[0.8211141228675842, 0.7826051115989685, 0.7249388098716736, 0.7026711702346802, 0.7922092080116272, 0.8290455937385559, 0.7828088402748108, 0.8026639819145203, 0.7856753468513489, 0.7978472113609314, 0.7267228364944458, 0.6801213026046753, 0.7629985809326172, 0.7262095808982849, 0.764496386051178, 0.8038823008537292, 0.7762653231620789, 0.8285139203071594, 0.8397901058197021, 0.7945569753646851, 0.7833171486854553, 0.7278535962104797, 0.8180009126663208, 0.6803182363510132, 0.7733802199363708, 0.8062297105789185, 0.7690600752830505, 0.6956630945205688, 0.6193337440490723, 0.8361084461212158]",pca
54,beta,48.0,0.027,0.2498031228428828,0.2530513014469549,0.2433955993756248,0.5,0.5629727580403544,0.6455956057775889,30.0,"[0, 1, 2, 3, 4, 5, 6, 7, 8, 9, 10, 11, 12, 13, 14, 15, 16, 17, 18, 19, 20, 21, 22, 23, 24, 25, 26, 27, 28, 29]","[0.8316872119903564, 0.7691658735275269, 0.7360990047454834, 0.8182475566864014, 0.7450619339942932, 0.7981200218200684, 0.8030190467834473, 0.7350193858146667, 0.8573585748672485, 0.7835329174995422, 0.8677998185157776, 0.8306146264076233, 0.7369145154953003, 0.757445216178894, 0.8376414179801941, 0.7548032402992249, 0.8701351284980774, 0.8601397275924683, 0.8382578492164612, 0.7660634517669678, 0.7579852342605591, 0.7780776619911194, 0.7554186582565308, 0.7943463325500488, 0.7971051335334778, 0.768927276134491, 0.8396870493888855, 0.7816809415817261, 0.8819301724433899, 0.8524237871170044]",pca
54,beta,8.0,0.027,0.2638855809846538,0.2725429616536821,0.2616794186545308,0.5,0.5986706122024119,0.6338755966631474,30.0,"[0, 1, 2, 3, 4, 5, 6, 7, 8, 9, 10, 11, 12, 13, 14, 15, 16, 17, 18, 19, 20, 21, 22, 23, 24, 25, 26, 27, 28, 29]","[0.8260803818702698, 0.861151397228241, 0.7107224464416504, 0.8181869983673096, 0.7249126434326172, 0.8261369466781616, 0.8099866509437561, 0.8697460293769836, 0.8260828256607056, 0.8440912365913391, 0.8430560827255249, 0.8288734555244446, 0.8476765155792236, 0.8322409987449646, 0.7867724299430847, 0.8186987042427063, 0.8134321570396423, 0.8204807043075562, 0.6990330219268799, 0.8093207478523254, 0.7502835392951965, 0.8613205552101135, 0.8136009573936462, 0.8146780729293823, 0.7581585049629211, 0.8128840923309326, 0.8636694550514221, 0.6973108053207397, 0.8300276398658752, 0.8209534287452698]",pca
54,beta,18.0,0.027,0.252771114290939,0.255262114573614,0.235543382596621,0.5,0.6159530341629107,0.6956202233980012,30.0,"[0, 1, 2, 3, 4, 5, 6, 7, 8, 9, 10, 11, 12, 13, 14, 15, 16, 17, 18, 19, 20, 21, 22, 23, 24, 25, 26, 27, 28, 29]","[0.8540462255477905, 0.8296725749969482, 0.7903764247894287, 0.8168907165527344, 0.7799863815307617, 0.76107257604599, 0.7056105136871338, 0.8704926371574402, 0.7982447743415833, 0.8125710487365723, 0.7800250053405762, 0.8496657013893127, 0.7420017123222351, 0.800889253616333, 0.8247822523117065, 0.7566893696784973, 0.7820883989334106, 0.809747040271759, 0.8290321826934814, 0.8204218149185181, 0.7079979181289673, 0.7954822778701782, 0.774278998374939, 0.8039340376853943, 0.7041516304016113, 0.6607475876808167, 0.8334876894950867, 0.7659696936607361, 0.7872298359870911, 0.7826946377754211]",pca
54,beta,12.0,0.027,0.2597641048530327,0.2622171893718359,0.2519993702638417,0.5,0.5787281399046105,0.686597774244833,30.0,"[0, 1, 2, 3, 4, 5, 6, 7, 8, 9, 10, 11, 12, 13, 14, 15, 16, 17, 18, 19, 20, 21, 22, 23, 24, 25, 26, 27, 28, 29]","[0.7616263031959534, 0.7545015215873718, 0.6902853846549988, 0.7599539756774902, 0.7690396904945374, 0.7634189128875732, 0.7553569078445435, 0.774305522441864, 0.8066498041152954, 0.7441354393959045, 0.7685706615447998, 0.7491070032119751, 0.6992529630661011, 0.7526438236236572, 0.7677002549171448, 0.7055514454841614, 0.7218117117881775, 0.6835393905639648, 0.7764811515808105, 0.6884369254112244, 0.7976605296134949, 0.7400995492935181, 0.758337140083313, 0.6910362839698792, 0.7195582389831543, 0.7002461552619934, 0.7711203098297119, 0.7613336443901062, 0.6694872975349426, 0.6990038156509399]",pca
54,beta,65.0,0.027,0.2811275984066043,0.2936760819548088,0.265472915531413,0.5,0.558298706124793,0.6762339110165198,30.0,"[0, 1, 2, 3, 4, 5, 6, 7, 8, 9, 10, 11, 12, 13, 14, 15, 16, 17, 18, 19, 20, 21, 22, 23, 24, 25, 26, 27, 28, 29]","[0.7508176565170288, 0.7863413691520691, 0.733485996723175, 0.6407082080841064, 0.7401272654533386, 0.7745246887207031, 0.869623064994812, 0.8276592493057251, 0.7880280017852783, 0.7787542939186096, 0.7806372046470642, 0.8108723759651184, 0.8070482611656189, 0.7780952453613281, 0.8017987608909607, 0.7576749324798584, 0.7857808470726013, 0.8055329918861389, 0.8023288249969482, 0.7494728565216064, 0.7911292910575867, 0.8862926959991455, 0.8001994490623474, 0.6967936754226685, 0.6693928837776184, 0.8059454560279846, 0.7611798644065857, 0.7782865166664124, 0.7845808863639832, 0.7713498473167419]",pca
54,beta,46.0,0.027,0.2624517538374725,0.2723697249893927,0.2405893370593648,0.5,0.5228409090909091,0.7323863636363637,30.0,"[0, 1, 2, 3, 4, 5, 6, 7, 8, 9, 10, 11, 12, 13, 14, 15, 16, 17, 18, 19, 20, 21, 22, 23, 24, 25, 26, 27, 28, 29]","[0.7395325899124146, 0.7469521760940552, 0.7570316195487976, 0.7805719971656799, 0.7820432186126709, 0.8284059166908264, 0.6976767182350159, 0.706395149230957, 0.7519652247428894, 0.7560651898384094, 0.7031957507133484, 0.8003265261650085, 0.7676559090614319, 0.752234935760498, 0.704660952091217, 0.690282940864563, 0.7231904864311218, 0.8342667818069458, 0.76735919713974, 0.7201465964317322, 0.7321624159812927, 0.7114105820655823, 0.702826201915741, 0.7386071681976318, 0.7028201222419739, 0.714840292930603, 0.6935573816299438, 0.741557776927948, 0.693547248840332, 0.7531925439834595]",pca
54,beta,67.0,0.027,0.2464821566014883,0.245145309780352,0.2274690037220345,0.5,0.5837266287947431,0.7228941293265784,30.0,"[0, 1, 2, 3, 4, 5, 6, 7, 8, 9, 10, 11, 12, 13, 14, 15, 16, 17, 18, 19, 20, 21, 22, 23, 24, 25, 26, 27, 28, 29]","[0.8657524585723877, 0.8094432950019836, 0.7905405759811401, 0.7285942435264587, 0.749856173992157, 0.7548092007637024, 0.7473911643028259, 0.7568637728691101, 0.7330801486968994, 0.8007233142852783, 0.8305410146713257, 0.7843011021614075, 0.8458305597305298, 0.8350393772125244, 0.8536683917045593, 0.7955603003501892, 0.7140032052993774, 0.7648544907569885, 0.7188421487808228, 0.7548379302024841, 0.7725208401679993, 0.7731992602348328, 0.8502394556999207, 0.8507524728775024, 0.8558099269866943, 0.8525577187538147, 0.8753148317337036, 0.7808623909950256, 0.8391602635383606, 0.7452811002731323]",pca
54,beta,33.0,0.027,0.2870289956026625,0.3096909152707764,0.2770936267895961,0.5,0.516122060857538,0.5515214384508991,30.0,"[0, 1, 2, 3, 4, 5, 6, 7, 8, 9, 10, 11, 12, 13, 14, 15, 16, 17, 18, 19, 20, 21, 22, 23, 24, 25, 26, 27, 28, 29]","[1.0707592964172363, 1.0489909648895264, 1.0369657278060913, 0.9908091425895691, 1.0707436800003052, 1.0456653833389282, 1.0465986728668213, 1.0520859956741333, 1.0626221895217896, 1.046500325202942, 1.023125171661377, 0.9880479574203491, 1.0221929550170898, 1.0449517965316772, 1.0387039184570312, 1.0517208576202393, 0.9831827878952026, 0.9842449426651001, 1.0454258918762207, 0.9852391481399536, 1.0348303318023682, 1.0680797100067139, 1.0694063901901245, 1.0075472593307495, 1.0555404424667358, 1.0353955030441284, 1.054620623588562, 1.0232207775115967, 1.047115445137024, 1.0619784593582153]",pca
54,beta,9.0,0.027,0.2573521289492059,0.2608492913457901,0.2532839558555093,0.5,0.6115793918918919,0.6658445945945946,30.0,"[0, 1, 2, 3, 4, 5, 6, 7, 8, 9, 10, 11, 12, 13, 14, 15, 16, 17, 18, 19, 20, 21, 22, 23, 24, 25, 26, 27, 28, 29]","[0.8166000247001648, 0.84501051902771, 0.8389531970024109, 0.8477686047554016, 0.8319595456123352, 0.7736210227012634, 0.8190855979919434, 0.8261969089508057, 0.7703457474708557, 0.8165799379348755, 0.7798200845718384, 0.8223156332969666, 0.8477712273597717, 0.8229968547821045, 0.8298357129096985, 0.808868408203125, 0.7125217318534851, 0.7554152607917786, 0.8214880228042603, 0.8004566431045532, 0.8266700506210327, 0.7859443426132202, 0.7601725459098816, 0.7869489192962646, 0.7863380312919617, 0.8275576233863831, 0.7764996290206909, 0.837670087814331, 0.8391274809837341, 0.7635282874107361]",pca
54,beta,6.0,0.027,0.2747260658349709,0.2769866175233411,0.2501134317078253,0.5,0.6008714811891608,0.7269928966061563,30.0,"[0, 1, 2, 3, 4, 5, 6, 7, 8, 9, 10, 11, 12, 13, 14, 15, 16, 17, 18, 19, 20, 21, 22, 23, 24, 25, 26, 27, 28, 29]","[0.8168678879737854, 0.868636965751648, 0.8010437488555908, 0.849259078502655, 0.7795453071594238, 0.8683827519416809, 0.7924598455429077, 0.9673898816108704, 0.947253406047821, 0.8186749815940857, 0.7514930367469788, 0.8908726572990417, 0.9205982685089111, 0.8759511113166809, 0.8782930374145508, 0.8502119779586792, 0.898827314376831, 0.8222367763519287, 0.7682530283927917, 0.8735907077789307, 0.8621593713760376, 0.8161314725875854, 0.8352661728858948, 0.9318903088569641, 0.9190651774406433, 0.7761321067810059, 0.978914201259613, 0.8648720383644104, 0.8840178847312927, 0.7986884713172913]",pca
54,beta,3.0,0.027,0.2600613681646652,0.2699348220259572,0.2612448144699244,0.5,0.5614374557665376,0.6605429986899366,30.0,"[0, 1, 2, 3, 4, 5, 6, 7, 8, 9, 10, 11, 12, 13, 14, 15, 16, 17, 18, 19, 20, 21, 22, 23, 24, 25, 26, 27, 28, 29]","[0.7782918810844421, 0.7309508919715881, 0.781577467918396, 0.8491135835647583, 0.841097354888916, 0.778721809387207, 0.8428817987442017, 0.8464786410331726, 0.8337571620941162, 0.8280590176582336, 0.8016332387924194, 0.8074524402618408, 0.7983598113059998, 0.7933971881866455, 0.7757546901702881, 0.7595643997192383, 0.6864777207374573, 0.798589289188385, 0.781810998916626, 0.8506506681442261, 0.8221703767776489, 0.865406334400177, 0.7667151689529419, 0.7566697001457214, 0.7492896914482117, 0.7946131825447083, 0.8104678392410278, 0.7911715507507324, 0.765598475933075, 0.773112416267395]",pca
54,beta,37.0,0.027,0.2671380845044079,0.2698477255390873,0.2494124571555145,0.5,0.590795238817067,0.7070890808953565,30.0,"[0, 1, 2, 3, 4, 5, 6, 7, 8, 9, 10, 11, 12, 13, 14, 15, 16, 17, 18, 19, 20, 21, 22, 23, 24, 25, 26, 27, 28, 29]","[0.8603472113609314, 0.8765368461608887, 0.7482106685638428, 0.8617820143699646, 0.8049567341804504, 0.9203763008117676, 0.852689802646637, 0.8745918273925781, 0.87569260597229, 0.8666412234306335, 0.8735411167144775, 0.9044721722602844, 0.7490718960762024, 0.7490953207015991, 0.8481893539428711, 0.9142968654632568, 0.7466748952865601, 0.8722739815711975, 0.8744133710861206, 0.751706600189209, 0.8062323927879333, 0.7459524273872375, 0.837799072265625, 0.8942517042160034, 0.7652218341827393, 0.8800438642501831, 0.8550984859466553, 0.8698112964630127, 0.8243514895439148, 0.863339364528656]",pca
54,beta,39.0,0.027,0.2836646824132109,0.2990913353893162,0.2680297159402557,0.5,0.5256794024307432,0.7143738133843318,30.0,"[0, 1, 2, 3, 4, 5, 6, 7, 8, 9, 10, 11, 12, 13, 14, 15, 16, 17, 18, 19, 20, 21, 22, 23, 24, 25, 26, 27, 28, 29]","[0.9676691293716431, 1.0520638227462769, 1.042849063873291, 1.0978353023529053, 1.0341191291809082, 1.0742340087890625, 1.0462299585342407, 1.052582859992981, 1.030610203742981, 1.0423169136047363, 1.0544981956481934, 1.0745222568511963, 1.0450072288513184, 1.049743413925171, 1.0575904846191406, 1.0572686195373535, 1.0711238384246826, 1.0662025213241577, 1.0759919881820679, 1.055526614189148, 1.059049129486084, 0.9662514925003052, 0.9634373188018799, 1.046623945236206, 0.9750930666923523, 0.9625049829483032, 1.0589704513549805, 1.0582243204116821, 1.057090401649475, 1.030883550643921]",pca
54,beta,52.0,0.027,0.2660503348001611,0.2747881230267292,0.2550650197469939,0.5,0.5309645923041058,0.6980060886975124,30.0,"[0, 1, 2, 3, 4, 5, 6, 7, 8, 9, 10, 11, 12, 13, 14, 15, 16, 17, 18, 19, 20, 21, 22, 23, 24, 25, 26, 27, 28, 29]","[0.822147011756897, 0.7253345251083374, 0.7173559069633484, 0.6609243750572205, 0.7520691156387329, 0.84266197681427, 0.8767803311347961, 0.8524414300918579, 0.7512193918228149, 0.7465941309928894, 0.7409932613372803, 0.7611013054847717, 0.7445101737976074, 0.7789612412452698, 0.7940900325775146, 0.7319302558898926, 0.7271076440811157, 0.7555087208747864, 0.7501233816146851, 0.7459717392921448, 0.752236545085907, 0.6999351978302002, 0.7543601393699646, 0.7115469574928284, 0.7640323042869568, 0.7449705600738525, 0.7320219278335571, 0.8199726939201355, 0.7744709849357605, 0.7271730899810791]",pca
54,beta,53.0,0.027,0.2828400882942902,0.2988441562715645,0.2681683066991472,0.5,0.5557471073832179,0.6706958856877632,30.0,"[0, 1, 2, 3, 4, 5, 6, 7, 8, 9, 10, 11, 12, 13, 14, 15, 16, 17, 18, 19, 20, 21, 22, 23, 24, 25, 26, 27, 28, 29]","[0.8044577836990356, 0.7768098711967468, 0.7328348159790039, 0.7420561909675598, 0.9012887477874756, 0.8813697695732117, 0.8496473431587219, 0.7651661038398743, 0.7453827261924744, 0.7463321089744568, 0.8248732686042786, 0.8607599139213562, 0.7262404561042786, 0.783012866973877, 0.8253738284111023, 0.8513901233673096, 0.8824506402015686, 0.7367159128189087, 0.7426242828369141, 0.9002970457077026, 0.7330418825149536, 0.772463858127594, 0.7164121866226196, 0.8672471642494202, 0.7679560780525208, 0.8702604174613953, 0.7726801633834839, 0.7178892493247986, 0.7517752647399902, 0.7906927466392517]",pca
54,beta,51.0,0.027,0.2653632416970451,0.2803790860314156,0.2627255447178772,0.5,0.4510293560137797,0.6231765811205063,30.0,"[0, 1, 2, 3, 4, 5, 6, 7, 8, 9, 10, 11, 12, 13, 14, 15, 16, 17, 18, 19, 20, 21, 22, 23, 24, 25, 26, 27, 28, 29]","[0.8175594210624695, 0.8890763521194458, 0.7939721345901489, 0.8435122966766357, 0.8096608519554138, 0.8276351094245911, 0.8213480710983276, 0.8668674230575562, 0.8078946471214294, 0.7857837080955505, 0.7474255561828613, 0.9002765417098999, 0.8066474795341492, 0.9065378308296204, 0.9210425615310669, 0.8716554641723633, 0.7675857543945312, 0.7745295763015747, 0.7722516655921936, 0.9224620461463928, 0.8276641964912415, 0.779987096786499, 0.797773540019989, 0.8823298215866089, 0.7755630612373352, 0.9406944513320923, 0.7971632480621338, 0.7839330434799194, 0.8253056406974792, 0.8755258321762085]",pca
54,beta,30.0,0.027,0.2555378502535331,0.2554948845890617,0.2420630673722705,0.5,0.5473332739016622,0.6918170693162385,30.0,"[0, 1, 2, 3, 4, 5, 6, 7, 8, 9, 10, 11, 12, 13, 14, 15, 16, 17, 18, 19, 20, 21, 22, 23, 24, 25, 26, 27, 28, 29]","[0.8451324701309204, 0.9176514744758606, 0.8794989585876465, 0.9007460474967957, 0.8873538970947266, 0.8038927912712097, 0.8871209025382996, 0.8699728846549988, 0.8232604265213013, 0.8756716251373291, 0.7873806953430176, 0.8679278492927551, 0.8908066749572754, 0.8097302317619324, 0.8083917498588562, 0.7527372241020203, 0.838763415813446, 0.7303858995437622, 0.8455892205238342, 0.8825816512107849, 0.8664453029632568, 0.8617594838142395, 0.7866614460945129, 0.8462230563163757, 0.8687636852264404, 0.8981893658638, 0.7567541003227234, 0.8594740629196167, 0.7275243401527405, 0.7680737972259521]",pca
54,beta,44.0,0.027,0.2454320928907148,0.2443068358168985,0.2331981997073647,0.5,0.573564636064636,0.6806449306449307,30.0,"[0, 1, 2, 3, 4, 5, 6, 7, 8, 9, 10, 11, 12, 13, 14, 15, 16, 17, 18, 19, 20, 21, 22, 23, 24, 25, 26, 27, 28, 29]","[0.7521886825561523, 0.6987891793251038, 0.6981854438781738, 0.7738564610481262, 0.7073342800140381, 0.7182748913764954, 0.7046911120414734, 0.7891510725021362, 0.7131192088127136, 0.7402468919754028, 0.7860231399536133, 0.8167850971221924, 0.7257024049758911, 0.7058984637260437, 0.7660092115402222, 0.7639508247375488, 0.6626323461532593, 0.7695814967155457, 0.7338609099388123, 0.819045901298523, 0.7622721791267395, 0.816528856754303, 0.7708615660667419, 0.740548312664032, 0.7232856750488281, 0.7596461772918701, 0.7193692922592163, 0.7743411660194397, 0.7751760482788086, 0.8012407422065735]",pca
54,beta,11.0,0.027,0.2601588292036993,0.261959193222247,0.2475688262570299,0.5,0.640718342060624,0.7284903016446641,30.0,"[0, 1, 2, 3, 4, 5, 6, 7, 8, 9, 10, 11, 12, 13, 14, 15, 16, 17, 18, 19, 20, 21, 22, 23, 24, 25, 26, 27, 28, 29]","[0.7860106229782104, 0.8116335868835449, 0.8475102782249451, 0.7579843401908875, 0.7857272028923035, 0.8326064348220825, 0.7659267783164978, 0.8175581097602844, 0.7368149161338806, 0.7686873078346252, 0.8306233882904053, 0.8051978945732117, 0.8533995151519775, 0.7440866231918335, 0.7809212803840637, 0.8620730042457581, 0.7280332446098328, 0.7773704528808594, 0.8089897036552429, 0.7122644186019897, 0.8196743130683899, 0.7905650734901428, 0.7438716292381287, 0.8523368239402771, 0.7990071773529053, 0.8049231767654419, 0.7263137698173523, 0.7890594005584717, 0.848815381526947, 0.7593780755996704]",pca
54,beta,62.0,0.027,0.2614724580336114,0.2607418017438114,0.2410055204774214,0.5,0.5706354300385109,0.7035622593068036,30.0,"[0, 1, 2, 3, 4, 5, 6, 7, 8, 9, 10, 11, 12, 13, 14, 15, 16, 17, 18, 19, 20, 21, 22, 23, 24, 25, 26, 27, 28, 29]","[0.722122073173523, 0.7630296349525452, 0.7239683270454407, 0.8417719006538391, 0.8261397480964661, 0.7997285723686218, 0.794843316078186, 0.8112015128135681, 0.8556784987449646, 0.7611008286476135, 0.7731439471244812, 0.779699981212616, 0.8024449348449707, 0.7803585529327393, 0.7884159684181213, 0.7510992288589478, 0.7654141187667847, 0.773896336555481, 0.755404531955719, 0.7903359532356262, 0.7761038541793823, 0.788297176361084, 0.7697599530220032, 0.8253613114356995, 0.7314890027046204, 0.7786149382591248, 0.8184903860092163, 0.7710921168327332, 0.7617989778518677, 0.780235230922699]",pca
54,beta,64.0,0.027,0.2608413222087862,0.266630541445648,0.2476433753629222,0.5,0.5822053714344726,0.72575588814552,30.0,"[0, 1, 2, 3, 4, 5, 6, 7, 8, 9, 10, 11, 12, 13, 14, 15, 16, 17, 18, 19, 20, 21, 22, 23, 24, 25, 26, 27, 28, 29]","[0.7259248495101929, 0.8155479431152344, 0.7968379259109497, 0.7874310612678528, 0.7975208163261414, 0.9036138653755188, 0.8148335814476013, 0.7459637522697449, 0.7453166842460632, 0.7399793863296509, 0.814561128616333, 0.7552229762077332, 0.7868289947509766, 0.8389406800270081, 0.8579481840133667, 0.7733526229858398, 0.8365654945373535, 0.8163692355155945, 0.7363027334213257, 0.6589843034744263, 0.8338664770126343, 0.6764467358589172, 0.7439767718315125, 0.7876174449920654, 0.8609165549278259, 0.7524202466011047, 0.7347784042358398, 0.6642005443572998, 0.6744418144226074, 0.8204193115234375]",pca
54,beta,4.0,0.027,0.2610414052572765,0.2678962264611476,0.2471039262907178,0.5,0.569220712518093,0.6772968514108729,30.0,"[0, 1, 2, 3, 4, 5, 6, 7, 8, 9, 10, 11, 12, 13, 14, 15, 16, 17, 18, 19, 20, 21, 22, 23, 24, 25, 26, 27, 28, 29]","[0.8264255523681641, 0.8335263729095459, 0.802838146686554, 0.8596881031990051, 0.7861207127571106, 0.7887808084487915, 0.7798002362251282, 0.7638351917266846, 0.7679116129875183, 0.7492855191230774, 0.8310666680335999, 0.7589702606201172, 0.7755855917930603, 0.8131603598594666, 0.8173856735229492, 0.8105711340904236, 0.8416435718536377, 0.8000569343566895, 0.8177075386047363, 0.7916705012321472, 0.8594856858253479, 0.8381739854812622, 0.7693138718605042, 0.8633856177330017, 0.839397668838501, 0.7025930881500244, 0.7475112676620483, 0.7443339228630066, 0.790196418762207, 0.7630530595779419]",pca
54,beta,56.0,0.027,0.2385518382470563,0.2368415661847172,0.2367945788834423,0.5,0.5571996235490955,0.6170134894907456,30.0,"[0, 1, 2, 3, 4, 5, 6, 7, 8, 9, 10, 11, 12, 13, 14, 15, 16, 17, 18, 19, 20, 21, 22, 23, 24, 25, 26, 27, 28, 29]","[0.8579451441764832, 0.84431391954422, 0.8113179206848145, 0.8226354122161865, 0.8457194566726685, 0.8304160833358765, 0.8211863040924072, 0.8792202472686768, 0.8199241161346436, 0.9436282515525818, 0.867901623249054, 0.9265385270118713, 0.9028958678245544, 0.8833754658699036, 0.8292052149772644, 0.9083107709884644, 0.8209700584411621, 0.8674332499504089, 0.8350080847740173, 0.8273259401321411, 0.8448408246040344, 0.9139624834060669, 0.8741127848625183, 0.8598475456237793, 0.907383918762207, 0.7878680229187012, 0.8348836302757263, 0.7998764514923096, 0.8974297046661377, 0.909457266330719]",pca
54,beta,69.0,0.027,0.2828113872021442,0.2933967642697681,0.2575634128764507,0.5,0.5851696375426836,0.750390025375145,30.0,"[0, 1, 2, 3, 4, 5, 6, 7, 8, 9, 10, 11, 12, 13, 14, 15, 16, 17, 18, 19, 20, 21, 22, 23, 24, 25, 26, 27, 28, 29]","[0.8917235136032104, 0.8670864701271057, 0.8897314667701721, 0.8507378697395325, 0.8710917234420776, 0.8403009176254272, 0.8744851350784302, 0.8353210687637329, 0.7746402025222778, 0.8558270335197449, 0.8838930726051331, 0.8674768805503845, 0.8544691205024719, 0.8360426425933838, 0.9016732573509216, 0.8316707015037537, 0.8491766452789307, 0.8480269312858582, 0.8112434148788452, 0.8464791774749756, 0.8686606287956238, 0.8755385279655457, 0.8624293804168701, 0.8514219522476196, 0.8641598224639893, 0.7450995445251465, 0.8414428234100342, 0.7384670376777649, 0.874423623085022, 0.8053140640258789]",pca
54,beta,14.0,0.027,0.2685810422970259,0.2767156150162104,0.2549639167220002,0.5,0.5706202867497511,0.6681453334114517,30.0,"[0, 1, 2, 3, 4, 5, 6, 7, 8, 9, 10, 11, 12, 13, 14, 15, 16, 17, 18, 19, 20, 21, 22, 23, 24, 25, 26, 27, 28, 29]","[0.7763509154319763, 0.7373197674751282, 0.714553952217102, 0.7222084403038025, 0.759986162185669, 0.6704382300376892, 0.752802848815918, 0.712681770324707, 0.6347103118896484, 0.6720849275588989, 0.5699991583824158, 0.8063418865203857, 0.6901328563690186, 0.6335963010787964, 0.7375915050506592, 0.7291914224624634, 0.7356536388397217, 0.6863726377487183, 0.6601694226264954, 0.7531790137290955, 0.6938986778259277, 0.7702364921569824, 0.6837926506996155, 0.6980075836181641, 0.6799578070640564, 0.7870425581932068, 0.6804735660552979, 0.714448869228363, 0.7824017405509949, 0.6640203595161438]",pca
54,beta,59.0,0.027,0.2913336328429276,0.3077924683147598,0.2781243152824288,0.5,0.5769395054093855,0.7239906411572323,30.0,"[0, 1, 2, 3, 4, 5, 6, 7, 8, 9, 10, 11, 12, 13, 14, 15, 16, 17, 18, 19, 20, 21, 22, 23, 24, 25, 26, 27, 28, 29]","[0.7547202706336975, 0.7343288660049438, 0.79779452085495, 0.7954570055007935, 0.8007325530052185, 0.7809482216835022, 0.7733784914016724, 0.7712031602859497, 0.6408818364143372, 0.8090713024139404, 0.7621502876281738, 0.7415062189102173, 0.7020742893218994, 0.7368664741516113, 0.6763848066329956, 0.7464312314987183, 0.6277362108230591, 0.7762731909751892, 0.7325897812843323, 0.767415463924408, 0.7302972674369812, 0.761479377746582, 0.7305761575698853, 0.795940101146698, 0.8189892768859863, 0.6303701996803284, 0.7476696968078613, 0.8282269835472107, 0.7781429886817932, 0.7651462554931641]",pca
54,beta,50.0,0.027,0.2806971732872111,0.2937165317340022,0.2633907656321026,0.5,0.5547957063711911,0.6123182132963988,30.0,"[0, 1, 2, 3, 4, 5, 6, 7, 8, 9, 10, 11, 12, 13, 14, 15, 16, 17, 18, 19, 20, 21, 22, 23, 24, 25, 26, 27, 28, 29]","[0.9712743163108826, 0.9259361624717712, 0.9853479266166687, 0.9778139591217041, 1.0046414136886597, 1.0092177391052246, 0.9493263959884644, 1.0274605751037598, 0.9298149347305298, 0.9717328548431396, 0.9812113642692566, 0.9911713004112244, 1.0042465925216675, 0.9473267197608948, 0.9755515456199646, 0.9741814732551575, 0.9811990261077881, 0.9829021692276001, 0.9343736171722412, 0.9918807148933411, 1.003716230392456, 1.0289127826690674, 1.0345216989517212, 0.9769527316093445, 0.9937716126441956, 0.9895078539848328, 0.9945772886276245, 0.9231593608856201, 1.0270806550979614, 1.003135323524475]",pca
54,beta,66.0,0.027,0.2964394033951187,0.3224954190409393,0.2939432340529456,0.5,0.5102017212640746,0.5740653808211722,30.0,"[0, 1, 2, 3, 4, 5, 6, 7, 8, 9, 10, 11, 12, 13, 14, 15, 16, 17, 18, 19, 20, 21, 22, 23, 24, 25, 26, 27, 28, 29]","[1.1444960832595825, 1.0618733167648315, 1.1245101690292358, 1.1370900869369507, 1.196437120437622, 1.1597142219543457, 1.1170629262924194, 1.078923225402832, 1.117462396621704, 1.0813595056533813, 1.1383209228515625, 1.157055139541626, 1.1532092094421387, 1.1535753011703491, 1.1366522312164307, 1.136846899986267, 1.1895737648010254, 1.1470028162002563, 1.0787599086761475, 1.1343225240707397, 1.1547937393188477, 1.079108476638794, 1.1694560050964355, 1.122214913368225, 1.1389820575714111, 1.1507444381713867, 1.0817517042160034, 1.1670910120010376, 1.166458010673523, 1.1836289167404175]",pca
54,beta,54.0,0.027,0.2668239239096532,0.261450216970319,0.2254667917009249,0.5,0.5889085008255992,0.7854509480157149,30.0,"[0, 1, 2, 3, 4, 5, 6, 7, 8, 9, 10, 11, 12, 13, 14, 15, 16, 17, 18, 19, 20, 21, 22, 23, 24, 25, 26, 27, 28, 29]","[0.8129218220710754, 0.9402174353599548, 0.8144879937171936, 0.8372796773910522, 0.8659089207649231, 0.8605546951293945, 0.7638919353485107, 0.7726046442985535, 0.8662376999855042, 0.8891486525535583, 0.8646354675292969, 0.8608411550521851, 0.9493348002433777, 0.8141701221466064, 0.827740490436554, 0.9085032343864441, 0.8526893258094788, 0.823958158493042, 0.9227665662765503, 0.9103353023529053, 0.9454649090766907, 0.829983651638031, 0.8488563299179077, 0.8575382828712463, 0.889407753944397, 0.8883159160614014, 0.832531750202179, 0.9003121256828308, 0.9296116232872009, 0.9401170015335083]",pca
54,beta,20.0,0.027,0.2628800830739616,0.2615029455907067,0.22663843592389,0.5,0.5906329035839862,0.8046002714206404,30.0,"[0, 1, 2, 3, 4, 5, 6, 7, 8, 9, 10, 11, 12, 13, 14, 15, 16, 17, 18, 19, 20, 21, 22, 23, 24, 25, 26, 27, 28, 29]","[0.870971143245697, 0.8551489114761353, 0.8665218949317932, 0.8829861283302307, 0.7654228806495667, 0.8577035069465637, 0.8336941599845886, 0.8492116332054138, 0.8301185369491577, 0.7782599329948425, 0.8598299026489258, 0.8422491550445557, 0.8593614101409912, 0.8146108984947205, 0.856655478477478, 0.8558068871498108, 0.8322405815124512, 0.8039203882217407, 0.7809579968452454, 0.8399121761322021, 0.8542818427085876, 0.8815746903419495, 0.7891828417778015, 0.8587577939033508, 0.8044360876083374, 0.8332077860832214, 0.8656687140464783, 0.8531500697135925, 0.8885886073112488, 0.862177848815918]",pca
54,beta,26.0,0.027,0.270311608064977,0.2778689690088576,0.2576624983011985,0.5,0.5710270822687787,0.7024782830863567,30.0,"[0, 1, 2, 3, 4, 5, 6, 7, 8, 9, 10, 11, 12, 13, 14, 15, 16, 17, 18, 19, 20, 21, 22, 23, 24, 25, 26, 27, 28, 29]","[0.6823077201843262, 0.6924926042556763, 0.6403253674507141, 0.6559911370277405, 0.7388765215873718, 0.7061371207237244, 0.6748698353767395, 0.7002325654029846, 0.6571491360664368, 0.6494359970092773, 0.6503911018371582, 0.746618390083313, 0.6572732925415039, 0.6703236103057861, 0.6880746483802795, 0.7040268182754517, 0.7263883352279663, 0.6511973738670349, 0.7003575563430786, 0.6646173596382141, 0.7364841103553772, 0.7433565258979797, 0.6233065724372864, 0.6949378252029419, 0.6291555762290955, 0.625963032245636, 0.6722562909126282, 0.6264201402664185, 0.6678983569145203, 0.6067018508911133]",pca
54,beta,58.0,0.027,0.2776984109677508,0.2902583182972239,0.2667080174115318,0.5,0.5409589155719187,0.7110353387443171,30.0,"[0, 1, 2, 3, 4, 5, 6, 7, 8, 9, 10, 11, 12, 13, 14, 15, 16, 17, 18, 19, 20, 21, 22, 23, 24, 25, 26, 27, 28, 29]","[0.8655069470405579, 0.942986786365509, 0.8623861074447632, 0.9024551510810852, 0.7863381505012512, 0.9413523077964783, 0.8616936802864075, 0.9100047945976257, 0.9132407903671265, 0.8907726407051086, 0.9002447128295898, 0.8929101228713989, 0.8416948318481445, 0.8772913217544556, 0.9537463784217834, 0.8970261812210083, 0.8922851085662842, 0.8846815824508667, 0.8458823561668396, 0.8940336108207703, 0.8324643969535828, 0.8705355525016785, 0.8717060685157776, 0.9042977690696716, 0.8001908659934998, 0.8575156927108765, 0.8872619867324829, 0.9104976058006287, 0.8524499535560608, 0.9357230067253113]",pca
54,beta,38.0,0.027,0.2764934480530646,0.2874560306968496,0.2657701152014239,0.5,0.562104915026195,0.6538435519877331,30.0,"[0, 1, 2, 3, 4, 5, 6, 7, 8, 9, 10, 11, 12, 13, 14, 15, 16, 17, 18, 19, 20, 21, 22, 23, 24, 25, 26, 27, 28, 29]","[0.7966021299362183, 0.7795755863189697, 0.6614956855773926, 0.7580317258834839, 0.769288957118988, 0.7571250200271606, 0.7669300436973572, 0.7973343133926392, 0.6470736861228943, 0.8180961608886719, 0.7859219312667847, 0.7479651570320129, 0.6566663980484009, 0.7982814908027649, 0.7343397736549377, 0.7476539611816406, 0.7368894219398499, 0.7622373700141907, 0.785656213760376, 0.7564041614532471, 0.8467252850532532, 0.8278509378433228, 0.6693715453147888, 0.8091620802879333, 0.6553544402122498, 0.7728514075279236, 0.7855591177940369, 0.6534217596054077, 0.7695582509040833, 0.7838111519813538]",pca
54,beta,43.0,0.027,0.2788020331952037,0.2885110466452057,0.2520390445381329,0.5,0.5885302371357513,0.7748673343175198,30.0,"[0, 1, 2, 3, 4, 5, 6, 7, 8, 9, 10, 11, 12, 13, 14, 15, 16, 17, 18, 19, 20, 21, 22, 23, 24, 25, 26, 27, 28, 29]","[0.7361145615577698, 0.7162451148033142, 0.7160047292709351, 0.7851424217224121, 0.7123578190803528, 0.757485568523407, 0.7922926545143127, 0.8744008541107178, 0.7060284614562988, 0.8283580541610718, 0.7103188037872314, 0.9212169051170349, 0.8041497468948364, 0.8139824271202087, 0.712232768535614, 0.7505794167518616, 0.7059276103973389, 0.7445656061172485, 0.8751303553581238, 0.7397966384887695, 0.7669641971588135, 0.7807244062423706, 0.8886557221412659, 0.7748858332633972, 0.7732529640197754, 0.7093238830566406, 0.7439002990722656, 0.8179891109466553, 0.7391678094863892, 0.8771952390670776]",pca
54,beta,41.0,0.027,0.2522182548186293,0.2566719547001531,0.2460658950784609,0.5,0.4964099216710183,0.6256428514914154,30.0,"[0, 1, 2, 3, 4, 5, 6, 7, 8, 9, 10, 11, 12, 13, 14, 15, 16, 17, 18, 19, 20, 21, 22, 23, 24, 25, 26, 27, 28, 29]","[0.6106511950492859, 0.5606500506401062, 0.573617160320282, 0.6216027140617371, 0.6349079608917236, 0.6436067819595337, 0.6418333649635315, 0.5396991968154907, 0.6488907933235168, 0.6022716760635376, 0.6331506967544556, 0.6231002807617188, 0.6221822500228882, 0.5342935919761658, 0.6268700361251831, 0.542683482170105, 0.545814037322998, 0.5299633145332336, 0.6200291514396667, 0.5235637426376343, 0.6801581978797913, 0.5537503957748413, 0.6157515645027161, 0.5451719164848328, 0.629921555519104, 0.5405703186988831, 0.5330578088760376, 0.6636785268783569, 0.5305421948432922, 0.603236734867096]",pca
54,beta,5.0,0.027,0.2616193070017826,0.2684446490871227,0.2512380225140227,0.5,0.6163379080064133,0.6834282099936748,30.0,"[0, 1, 2, 3, 4, 5, 6, 7, 8, 9, 10, 11, 12, 13, 14, 15, 16, 17, 18, 19, 20, 21, 22, 23, 24, 25, 26, 27, 28, 29]","[0.8164871335029602, 0.6386566758155823, 0.842190682888031, 0.8682259917259216, 0.7848800420761108, 0.8515646457672119, 0.8195304870605469, 0.8148158192634583, 0.8386708498001099, 0.6623778343200684, 0.7888060808181763, 0.8162386417388916, 0.7346596717834473, 0.676526665687561, 0.8253452777862549, 0.8358433842658997, 0.8146229982376099, 0.860551655292511, 0.8593212366104126, 0.8435440063476562, 0.8460511565208435, 0.8034185171127319, 0.6611230373382568, 0.8176254630088806, 0.8024879693984985, 0.8224645256996155, 0.8122351169586182, 0.8403445482254028, 0.8380653262138367, 0.8010661005973816]",pca
54,beta,49.0,0.027,0.2582229900942229,0.2597201314684466,0.2256411860464113,0.5,0.5452803030303031,0.7695,30.0,"[0, 1, 2, 3, 4, 5, 6, 7, 8, 9, 10, 11, 12, 13, 14, 15, 16, 17, 18, 19, 20, 21, 22, 23, 24, 25, 26, 27, 28, 29]","[0.7442427277565002, 0.776443362236023, 0.7364455461502075, 0.8225117921829224, 0.7941490411758423, 0.7809188365936279, 0.7270828485488892, 0.797231912612915, 0.8059180378913879, 0.7304663062095642, 0.7570998668670654, 0.7568072080612183, 0.7884292006492615, 0.7507348656654358, 0.7240517735481262, 0.6993517875671387, 0.7780656218528748, 0.7640835046768188, 0.7827818393707275, 0.8336141705513, 0.7707049250602722, 0.7158623933792114, 0.7499916553497314, 0.7230697870254517, 0.7003093361854553, 0.768172562122345, 0.7581188678741455, 0.7654014825820923, 0.7773500680923462, 0.7526534199714661]",pca
54,beta,34.0,0.027,0.2561244901463063,0.2600009540622886,0.2433517757962137,0.5,0.5232020943483394,0.7152952449395138,30.0,"[0, 1, 2, 3, 4, 5, 6, 7, 8, 9, 10, 11, 12, 13, 14, 15, 16, 17, 18, 19, 20, 21, 22, 23, 24, 25, 26, 27, 28, 29]","[0.763214647769928, 0.8718433380126953, 0.8550441861152649, 0.7301940321922302, 0.6206166744232178, 0.7520174980163574, 0.7392163872718811, 0.8665543794631958, 0.8057530522346497, 0.7262999415397644, 0.8431187868118286, 0.8737993836402893, 0.8141769766807556, 0.8293752074241638, 0.8802849650382996, 0.7110361456871033, 0.8582637906074524, 0.8188096880912781, 0.84996497631073, 0.8375716805458069, 0.7626888155937195, 0.8299585580825806, 0.8687586784362793, 0.8134779930114746, 0.8527817726135254, 0.8339136838912964, 0.7380102872848511, 0.7443156242370605, 0.8148552179336548, 0.7510426640510559]",pca
54,beta,61.0,0.027,0.2666808908116042,0.2787953789513775,0.2509378781915573,0.5,0.5541045766503622,0.7094073484245251,30.0,"[0, 1, 2, 3, 4, 5, 6, 7, 8, 9, 10, 11, 12, 13, 14, 15, 16, 17, 18, 19, 20, 21, 22, 23, 24, 25, 26, 27, 28, 29]","[0.8076134324073792, 0.854963481426239, 0.7729507088661194, 0.7770774960517883, 0.8501183390617371, 0.9028021097183228, 0.7347322106361389, 0.8891275525093079, 0.7756523489952087, 0.8019302487373352, 0.8286649584770203, 0.7495731115341187, 0.7866681218147278, 0.8239212036132812, 0.7598071694374084, 0.8113958835601807, 0.7811912298202515, 0.767004668712616, 0.7861195206642151, 0.8509884476661682, 0.86985182762146, 0.8044567704200745, 0.8362511992454529, 0.7924432754516602, 0.816655158996582, 0.8748025298118591, 0.7521811127662659, 0.7698376178741455, 0.8022114634513855, 0.8298592567443848]",pca
54,beta,24.0,0.027,0.2900763593641032,0.2991071781878257,0.2651677403295405,0.5,0.5854136776661885,0.7567730750836921,30.0,"[0, 1, 2, 3, 4, 5, 6, 7, 8, 9, 10, 11, 12, 13, 14, 15, 16, 17, 18, 19, 20, 21, 22, 23, 24, 25, 26, 27, 28, 29]","[0.7412737607955933, 0.7761583924293518, 0.7211700081825256, 0.7155266404151917, 0.7160720229148865, 0.8213292360305786, 0.7361095547676086, 0.7829698324203491, 0.6979572772979736, 0.8101593852043152, 0.8217431306838989, 0.6750331521034241, 0.8046426177024841, 0.8208382725715637, 0.7909494638442993, 0.7399265766143799, 0.840061604976654, 0.7325164079666138, 0.7334229946136475, 0.6830556392669678, 0.8332180976867676, 0.8024846315383911, 0.7885540723800659, 0.7916187047958374, 0.800491988658905, 0.7959083318710327, 0.6823816299438477, 0.7025462985038757, 0.8400705456733704, 0.7799676060676575]",pca
54,beta,60.0,0.027,0.2702979227225785,0.2784063908829987,0.2542297942816975,0.5,0.5827444134078212,0.7347905027932962,30.0,"[0, 1, 2, 3, 4, 5, 6, 7, 8, 9, 10, 11, 12, 13, 14, 15, 16, 17, 18, 19, 20, 21, 22, 23, 24, 25, 26, 27, 28, 29]","[0.8792377710342407, 0.9003043174743652, 0.9328212738037109, 0.9158077836036682, 0.8896507620811462, 0.8961269855499268, 0.9121451377868652, 0.9353504180908203, 0.9274675250053406, 0.9228717684745789, 0.8660504817962646, 0.8143332004547119, 0.9301074147224426, 0.9069785475730896, 0.8986663222312927, 0.8841068148612976, 0.9179386496543884, 0.9087066054344177, 0.939230740070343, 0.9018819332122803, 0.9582910537719727, 0.9050338864326477, 0.8960438966751099, 0.9081516265869141, 0.9218850135803223, 0.8969864845275879, 0.8896679282188416, 0.9500712156295776, 0.7965065836906433, 0.85233473777771]",pca
54,beta,75.0,0.027,0.2529070486887824,0.2442235271843282,0.2149652744266786,0.5,0.6132189939004394,0.8081917754312323,30.0,"[0, 1, 2, 3, 4, 5, 6, 7, 8, 9, 10, 11, 12, 13, 14, 15, 16, 17, 18, 19, 20, 21, 22, 23, 24, 25, 26, 27, 28, 29]","[0.7022926211357117, 0.7235307097434998, 0.7419560551643372, 0.7100609540939331, 0.6961124539375305, 0.7343007922172546, 0.6903477311134338, 0.6937514543533325, 0.747763454914093, 0.7391722798347473, 0.7282539010047913, 0.7401183843612671, 0.7021245956420898, 0.7344653606414795, 0.7238337993621826, 0.7131659984588623, 0.6543356776237488, 0.7822828888893127, 0.7873088121414185, 0.7271592617034912, 0.7314907908439636, 0.751512348651886, 0.752729594707489, 0.7812402248382568, 0.6681380271911621, 0.8080474734306335, 0.7480127215385437, 0.7065976858139038, 0.6751254200935364, 0.7189458608627319]",pca
54,beta,78.0,0.027,0.2773358384199397,0.2887072442135551,0.255534366032114,0.5,0.5240661440147573,0.7367744910731933,30.0,"[0, 1, 2, 3, 4, 5, 6, 7, 8, 9, 10, 11, 12, 13, 14, 15, 16, 17, 18, 19, 20, 21, 22, 23, 24, 25, 26, 27, 28, 29]","[0.8175141215324402, 0.8779279589653015, 0.7966293096542358, 0.9368137717247009, 0.8491360545158386, 0.8532021641731262, 0.79155433177948, 0.8776304125785828, 0.9389058351516724, 0.8892456889152527, 0.7723449468612671, 0.8860373497009277, 0.8789281249046326, 0.7926104664802551, 0.9252268075942993, 0.8634578585624695, 0.8517312407493591, 0.7972135543823242, 0.8416550159454346, 0.7732731699943542, 0.8673352003097534, 0.8678290843963623, 0.8778190612792969, 0.7622129321098328, 0.8513777256011963, 0.7810220718383789, 0.8859540224075317, 0.8135940432548523, 0.7638719081878662, 0.8265106081962585]",pca
54,beta,68.0,0.027,0.2666116929138221,0.2716700927224827,0.2462826488243623,0.5,0.5379961634941715,0.7080372467246026,30.0,"[0, 1, 2, 3, 4, 5, 6, 7, 8, 9, 10, 11, 12, 13, 14, 15, 16, 17, 18, 19, 20, 21, 22, 23, 24, 25, 26, 27, 28, 29]","[0.8535161018371582, 0.7417997121810913, 0.8251213431358337, 0.8722870349884033, 0.8600384593009949, 0.930902898311615, 0.8233914971351624, 0.8394442796707153, 0.8353855013847351, 0.8558754920959473, 0.8414921164512634, 0.8423768877983093, 0.841123640537262, 0.7923396825790405, 0.7845426797866821, 0.8734064698219299, 0.8423644304275513, 0.815799355506897, 0.8506021499633789, 0.8717783689498901, 0.8612629771232605, 0.8098503351211548, 0.8545739054679871, 0.8341404795646667, 0.8471470475196838, 0.8415614366531372, 0.8923559188842773, 0.8361319899559021, 0.853608250617981, 0.8232837319374084]",pca
54,beta,79.0,0.027,0.2614380484129981,0.2686225943974654,0.2455566008775049,0.5,0.5362808174950793,0.728222562801951,30.0,"[0, 1, 2, 3, 4, 5, 6, 7, 8, 9, 10, 11, 12, 13, 14, 15, 16, 17, 18, 19, 20, 21, 22, 23, 24, 25, 26, 27, 28, 29]","[0.8330296874046326, 0.7235531806945801, 0.8323895931243896, 0.8662961721420288, 0.8882381916046143, 0.745932400226593, 0.8150157332420349, 0.8331423997879028, 0.8136665225028992, 0.8581497669219971, 0.8410927653312683, 0.6968494057655334, 0.8543586730957031, 0.8324332237243652, 0.732424259185791, 0.7411961555480957, 0.8551473617553711, 0.8825504183769226, 0.9011072516441345, 0.8765652775764465, 0.8402681350708008, 0.836876392364502, 0.8490206599235535, 0.8480309247970581, 0.7493326663970947, 0.8473322987556458, 0.838361382484436, 0.8007189631462097, 0.8512543439865112, 0.833559513092041]",pca
54,beta,72.0,0.027,0.2747818731992664,0.2886924695010278,0.2602652570528712,0.5,0.5651110050131296,0.6580462056709371,30.0,"[0, 1, 2, 3, 4, 5, 6, 7, 8, 9, 10, 11, 12, 13, 14, 15, 16, 17, 18, 19, 20, 21, 22, 23, 24, 25, 26, 27, 28, 29]","[1.0149731636047363, 0.9227895140647888, 0.9699454307556152, 1.0391647815704346, 1.0269749164581299, 0.9707831144332886, 0.982963502407074, 1.0370362997055054, 1.0295840501785278, 1.0118956565856934, 1.0348310470581055, 1.0099537372589111, 0.9947368502616882, 1.0086357593536377, 1.0239421129226685, 1.0243463516235352, 1.024932622909546, 1.0016412734985352, 1.002906084060669, 0.9773632287979126, 1.048101544380188, 0.9951059818267822, 1.008625864982605, 1.039091944694519, 0.9977506995201111, 1.0111117362976074, 0.9888123869895935, 1.0025981664657593, 1.0213673114776611, 0.9562475085258484]",pca
54,beta,76.0,0.027,0.2473275424999337,0.2360383535033644,0.2224315379394958,0.5,0.6374848059841047,0.7691912108461899,30.0,"[0, 1, 2, 3, 4, 5, 6, 7, 8, 9, 10, 11, 12, 13, 14, 15, 16, 17, 18, 19, 20, 21, 22, 23, 24, 25, 26, 27, 28, 29]","[0.7882530689239502, 0.9289814233779907, 0.9062207341194153, 0.8190560936927795, 0.9126153588294983, 0.8299151062965393, 0.8190621137619019, 0.8537572026252747, 0.7985391020774841, 0.8118252754211426, 0.8568615913391113, 0.8013747334480286, 0.8274104595184326, 0.8799278140068054, 0.7873244881629944, 0.8046361207962036, 0.8367465734481812, 0.8285732865333557, 0.8344311118125916, 0.799784243106842, 0.8377074599266052, 0.8335070610046387, 0.838075578212738, 0.8301450610160828, 0.8741655945777893, 0.8742222189903259, 0.8689699769020081, 0.8706006407737732, 0.8608566522598267, 0.832624077796936]",pca
54,beta,74.0,0.027,0.2749523706804635,0.2887671869496925,0.2626695584857687,0.5,0.5277091228648323,0.7037883780963367,30.0,"[0, 1, 2, 3, 4, 5, 6, 7, 8, 9, 10, 11, 12, 13, 14, 15, 16, 17, 18, 19, 20, 21, 22, 23, 24, 25, 26, 27, 28, 29]","[0.8420112729072571, 0.8859418630599976, 0.8830428719520569, 0.8539488911628723, 0.818817138671875, 0.8618921041488647, 0.7754605412483215, 0.7103241086006165, 0.837306797504425, 0.9356691837310791, 0.8213375210762024, 0.8467140793800354, 0.8430032730102539, 0.8597819209098816, 0.9481679201126099, 0.8202421069145203, 0.8043720722198486, 0.7795604467391968, 0.8522078990936279, 0.8479897379875183, 0.7983101010322571, 0.8051510453224182, 0.7962414026260376, 0.7882607579231262, 0.8192331194877625, 0.91536945104599, 0.9207121729850769, 0.8907803893089294, 0.8866615891456604, 0.808687686920166]",pca
54,beta,70.0,0.027,0.2652010620051332,0.2652523568396527,0.2455255594568779,0.5,0.5881964243288191,0.7399842599192208,30.0,"[0, 1, 2, 3, 4, 5, 6, 7, 8, 9, 10, 11, 12, 13, 14, 15, 16, 17, 18, 19, 20, 21, 22, 23, 24, 25, 26, 27, 28, 29]","[0.8279355764389038, 0.8621471524238586, 0.7810389995574951, 0.8028152585029602, 0.8590561747550964, 0.8569232225418091, 0.8154613971710205, 0.8718556761741638, 0.7751923203468323, 0.8296070098876953, 0.8416343331336975, 0.8271768093109131, 0.826923668384552, 0.8604263067245483, 0.8246914148330688, 0.8493819236755371, 0.841276228427887, 0.8613746762275696, 0.8211288452148438, 0.8404805660247803, 0.8638579249382019, 0.8509538769721985, 0.8365054130554199, 0.826577365398407, 0.8606777191162109, 0.8081809282302856, 0.813448429107666, 0.8350094556808472, 0.828669548034668, 0.8367959856987]",pca
54,beta,81.0,0.027,0.2479528338967687,0.252182922250828,0.236657693120812,0.5,0.5274895789338377,0.6510274161264852,30.0,"[0, 1, 2, 3, 4, 5, 6, 7, 8, 9, 10, 11, 12, 13, 14, 15, 16, 17, 18, 19, 20, 21, 22, 23, 24, 25, 26, 27, 28, 29]","[0.9349991083145142, 0.7833835482597351, 0.8295403122901917, 0.8081576824188232, 0.8316230773925781, 0.9357655048370361, 0.8941570520401001, 0.8617787957191467, 0.9176309108734131, 0.8797654509544373, 0.9089828729629517, 0.7637330293655396, 0.844083309173584, 0.8325905203819275, 0.8245342969894409, 0.8937812447547913, 0.8469873666763306, 0.8899549841880798, 0.9060043692588806, 0.8369885683059692, 0.9242593050003052, 0.9332783222198486, 0.8239437937736511, 0.8775402307510376, 0.9431196451187134, 0.847476065158844, 0.8974963426589966, 0.7673380970954895, 0.8745100498199463, 0.8587144613265991]",pca
54,beta,71.0,0.027,0.2826573604985781,0.2815187150694883,0.2622842799220429,0.5,0.6232638888888888,0.7044665404040404,30.0,"[0, 1, 2, 3, 4, 5, 6, 7, 8, 9, 10, 11, 12, 13, 14, 15, 16, 17, 18, 19, 20, 21, 22, 23, 24, 25, 26, 27, 28, 29]","[0.8418697118759155, 0.8014519214630127, 0.792308509349823, 0.6841720938682556, 0.6785673499107361, 0.7983611226081848, 0.8376733064651489, 0.7394250631332397, 0.8201327919960022, 0.8453688025474548, 0.7288359999656677, 0.7344935536384583, 0.8023247718811035, 0.7559426426887512, 0.7474662661552429, 0.8571441769599915, 0.725752055644989, 0.7300581336021423, 0.7954592704772949, 0.7256628274917603, 0.7575317621231079, 0.7710286974906921, 0.7874488830566406, 0.8146831393241882, 0.8406610488891602, 0.836466908454895, 0.7299399375915527, 0.7977626919746399, 0.8061656355857849, 0.8464504480361938]",pca
54,beta,73.0,0.027,0.2588080057372539,0.2605700263814213,0.2353045705520601,0.5,0.5798933627505056,0.7218238646810075,30.0,"[0, 1, 2, 3, 4, 5, 6, 7, 8, 9, 10, 11, 12, 13, 14, 15, 16, 17, 18, 19, 20, 21, 22, 23, 24, 25, 26, 27, 28, 29]","[0.8014085292816162, 0.9299660325050354, 0.8074134588241577, 0.891255795955658, 0.8485782146453857, 0.8554404377937317, 0.8297171592712402, 0.7985674142837524, 0.8714369535446167, 0.7854340076446533, 0.8982869982719421, 0.7771936058998108, 0.7937488555908203, 0.8688650727272034, 0.8504481911659241, 0.8596842885017395, 0.8179912567138672, 0.8872535824775696, 0.885010302066803, 0.8111798167228699, 0.8017479181289673, 0.7988187670707703, 0.9271465539932251, 0.8083564043045044, 0.8339759707450867, 0.8183884620666504, 0.8311715126037598, 0.8920408487319946, 0.7935817241668701, 0.812429666519165]",pca
54,beta,87.0,0.027,0.2697926649544018,0.2727671717317829,0.2515984189708186,0.5,0.5929841235218047,0.7106320988423727,30.0,"[0, 1, 2, 3, 4, 5, 6, 7, 8, 9, 10, 11, 12, 13, 14, 15, 16, 17, 18, 19, 20, 21, 22, 23, 24, 25, 26, 27, 28, 29]","[0.8496063351631165, 0.7807630896568298, 0.7910318970680237, 0.816990315914154, 0.7916780114173889, 0.8133794665336609, 0.8924281001091003, 0.8141723275184631, 0.8554099202156067, 0.7839516997337341, 0.8326496481895447, 0.7961987257003784, 0.8253766894340515, 0.7442220449447632, 0.7443139553070068, 0.7880841493606567, 0.8716159462928772, 0.7050758004188538, 0.783789336681366, 0.8454598188400269, 0.8250835537910461, 0.7931653261184692, 0.7830674648284912, 0.8335146903991699, 0.8032004237174988, 0.8349866271018982, 0.6892146468162537, 0.8158814907073975, 0.7263143062591553, 0.8368741273880005]",pca
54,beta,93.0,0.027,0.2544727022289703,0.2617454088212829,0.2361510062327725,0.5,0.5254037800687286,0.720807560137457,30.0,"[0, 1, 2, 3, 4, 5, 6, 7, 8, 9, 10, 11, 12, 13, 14, 15, 16, 17, 18, 19, 20, 21, 22, 23, 24, 25, 26, 27, 28, 29]","[0.8397525548934937, 0.8375462889671326, 0.8826199173927307, 0.8931049704551697, 0.6543897390365601, 0.8776873350143433, 0.8321130275726318, 0.857013463973999, 0.823986828327179, 0.8083645701408386, 0.7877775430679321, 0.9205489754676819, 0.7807276844978333, 0.827131986618042, 0.9271841049194336, 0.8226481676101685, 0.8405267596244812, 0.7360153198242188, 0.8289443254470825, 0.8398841619491577, 0.9222713708877563, 0.8296698331832886, 0.6821482181549072, 0.8311573266983032, 0.8787002563476562, 0.905768632888794, 0.8451860547065735, 0.8728109002113342, 0.8490904569625854, 0.7551302313804626]",pca
54,beta,95.0,0.027,0.2575904294361886,0.2557878175799961,0.2368314443316505,0.5,0.5849950396825396,0.7511574074074074,30.0,"[0, 1, 2, 3, 4, 5, 6, 7, 8, 9, 10, 11, 12, 13, 14, 15, 16, 17, 18, 19, 20, 21, 22, 23, 24, 25, 26, 27, 28, 29]","[0.8197161555290222, 0.6928092241287231, 0.7727311849594116, 0.8381262421607971, 0.7352055907249451, 0.8085099458694458, 0.7381098866462708, 0.7286773920059204, 0.6740719676017761, 0.8202937841415405, 0.806978702545166, 0.7459083199501038, 0.6967902183532715, 0.7370672225952148, 0.7598041892051697, 0.8324898481369019, 0.777126669883728, 0.7429129481315613, 0.7274308204650879, 0.7536633014678955, 0.7977958917617798, 0.7544479370117188, 0.7524330019950867, 0.7033674716949463, 0.7864706516265869, 0.7537407279014587, 0.7295594215393066, 0.7325823307037354, 0.7299138903617859, 0.7901872992515564]",pca
54,beta,85.0,0.027,0.2484045978567504,0.2465677162774161,0.2185214841573348,0.5,0.5385326311938617,0.7744168359438929,30.0,"[0, 1, 2, 3, 4, 5, 6, 7, 8, 9, 10, 11, 12, 13, 14, 15, 16, 17, 18, 19, 20, 21, 22, 23, 24, 25, 26, 27, 28, 29]","[0.7930391430854797, 0.7984499931335449, 0.7473670840263367, 0.7706551551818848, 0.785258412361145, 0.7696123719215393, 0.7774657607078552, 0.7712512612342834, 0.772279679775238, 0.7758394479751587, 0.7630511522293091, 0.7911032438278198, 0.7514992952346802, 0.7815914750099182, 0.8091239333152771, 0.7367644906044006, 0.7659110426902771, 0.6934310793876648, 0.7000929117202759, 0.7969792485237122, 0.786129891872406, 0.7835431098937988, 0.7610520720481873, 0.8238177299499512, 0.7941206097602844, 0.6688364148139954, 0.7905537486076355, 0.7869560122489929, 0.7795445919036865, 0.8046532869338989]",pca
54,beta,80.0,0.027,0.2894505653834459,0.2995603603371783,0.263964525928934,0.5,0.5564765291182359,0.7549227597334688,30.0,"[0, 1, 2, 3, 4, 5, 6, 7, 8, 9, 10, 11, 12, 13, 14, 15, 16, 17, 18, 19, 20, 21, 22, 23, 24, 25, 26, 27, 28, 29]","[0.7357601523399353, 0.772522509098053, 0.8324663639068604, 0.8154906034469604, 0.8506816625595093, 0.7748517990112305, 0.7929669618606567, 0.7645127773284912, 0.7223227620124817, 0.8402917981147766, 0.7616075873374939, 0.8387387990951538, 0.7591529488563538, 0.7311648726463318, 0.8432018160820007, 0.8023037910461426, 0.7553839087486267, 0.7874099612236023, 0.8697754144668579, 0.8049769997596741, 0.8265997767448425, 0.8427716493606567, 0.8956602215766907, 0.8034446835517883, 0.765588104724884, 0.809374988079071, 0.8441548943519592, 0.7480552792549133, 0.7820976376533508, 0.7770823240280151]",pca
54,beta,82.0,0.027,0.2676561896061871,0.2828164453389342,0.2538651799951535,0.5,0.5578031891414699,0.6529394725226219,30.0,"[0, 1, 2, 3, 4, 5, 6, 7, 8, 9, 10, 11, 12, 13, 14, 15, 16, 17, 18, 19, 20, 21, 22, 23, 24, 25, 26, 27, 28, 29]","[1.1003814935684204, 1.1090707778930664, 1.0314406156539917, 1.139414668083191, 1.1047722101211548, 1.1388771533966064, 1.1574803590774536, 1.0504872798919678, 1.1529438495635986, 1.0690263509750366, 1.1092778444290161, 1.1023465394973755, 1.1245505809783936, 1.1011608839035034, 1.050493597984314, 1.1119283437728882, 1.08884596824646, 1.153937816619873, 1.0482171773910522, 1.1136707067489624, 1.129476547241211, 1.0507335662841797, 1.1191108226776123, 1.1339157819747925, 1.1020690202713013, 1.1100997924804688, 1.1222355365753174, 1.0410393476486206, 1.1587938070297241, 1.1172791719436646]",pca
54,beta,86.0,0.027,0.2621396651297328,0.2603117858767016,0.2463301628118031,0.5,0.6487404248598279,0.683645265734818,30.0,"[0, 1, 2, 3, 4, 5, 6, 7, 8, 9, 10, 11, 12, 13, 14, 15, 16, 17, 18, 19, 20, 21, 22, 23, 24, 25, 26, 27, 28, 29]","[0.7732886075973511, 0.8386870622634888, 0.8088003993034363, 0.8240114450454712, 0.7831795811653137, 0.8587918877601624, 0.8877112865447998, 0.8256616592407227, 0.8299947381019592, 0.8391793966293335, 0.9158062934875488, 0.8852278590202332, 0.7559406757354736, 0.8735343813896179, 0.8253863453865051, 0.8838210105895996, 0.8295686841011047, 0.8228612542152405, 0.8533523678779602, 0.9125548005104065, 0.8225051760673523, 0.8703077435493469, 0.7999978065490723, 0.9138690233230591, 0.849570631980896, 0.8008635640144348, 0.839836597442627, 0.7392275929450989, 0.861933171749115, 0.7967112064361572]",pca
54,beta,91.0,0.027,0.2613877580512725,0.2581458826138646,0.23693821713936,0.5,0.5638727238595833,0.7417401914773795,30.0,"[0, 1, 2, 3, 4, 5, 6, 7, 8, 9, 10, 11, 12, 13, 14, 15, 16, 17, 18, 19, 20, 21, 22, 23, 24, 25, 26, 27, 28, 29]","[0.8114833235740662, 0.8273274302482605, 0.7738508582115173, 0.835921049118042, 0.8396307826042175, 0.898418128490448, 0.8627588152885437, 0.8914634585380554, 0.7853444814682007, 0.8297906517982483, 0.8433524370193481, 0.8709920644760132, 0.8126150965690613, 0.8174219727516174, 0.8980827331542969, 0.8132893443107605, 0.810778021812439, 0.7881734371185303, 0.8678816556930542, 0.8218173980712891, 0.8521203994750977, 0.8126107454299927, 0.8019310832023621, 0.8411941528320312, 0.7947786450386047, 0.7899799346923828, 0.7840479612350464, 0.861178457736969, 0.8198204636573792, 0.8558627367019653]",pca
54,beta,90.0,0.027,0.2848047938573605,0.3048086414620909,0.27007117993267,0.5,0.5194359323572807,0.6423433775961866,30.0,"[0, 1, 2, 3, 4, 5, 6, 7, 8, 9, 10, 11, 12, 13, 14, 15, 16, 17, 18, 19, 20, 21, 22, 23, 24, 25, 26, 27, 28, 29]","[1.045613169670105, 0.9629406332969666, 1.045350193977356, 1.1198533773422241, 1.1269497871398926, 1.1068649291992188, 1.1332634687423706, 1.115045428276062, 1.1350423097610474, 1.1064438819885254, 1.1519166231155396, 1.123571515083313, 1.0947799682617188, 1.1438769102096558, 1.1292418241500854, 1.051871657371521, 1.1524264812469482, 1.1124449968338013, 1.121361494064331, 1.122498631477356, 1.1286722421646118, 1.0564817190170288, 1.1371047496795654, 1.1487559080123901, 1.1326347589492798, 1.117907166481018, 1.129787564277649, 1.148785948753357, 1.131541132926941, 1.153401494026184]",pca
54,beta,94.0,0.027,0.2619885292554274,0.2654857551018414,0.2582965266376694,0.5,0.5838802296964725,0.6672257705379117,30.0,"[0, 1, 2, 3, 4, 5, 6, 7, 8, 9, 10, 11, 12, 13, 14, 15, 16, 17, 18, 19, 20, 21, 22, 23, 24, 25, 26, 27, 28, 29]","[0.8102015256881714, 0.8376473784446716, 0.6777389645576477, 0.8102276921272278, 0.8316546082496643, 0.8785020709037781, 0.8005793690681458, 0.8413755893707275, 0.8016114234924316, 0.7476951479911804, 0.8763834238052368, 0.8760129809379578, 0.8386054635047913, 0.7936263084411621, 0.885208010673523, 0.8148599863052368, 0.8636155724525452, 0.8249180316925049, 0.8553245067596436, 0.8221650719642639, 0.7854719161987305, 0.8273194432258606, 0.8648182153701782, 0.7716803550720215, 0.8489739298820496, 0.740570068359375, 0.7106142640113831, 0.7578659057617188, 0.8079345226287842, 0.7721701860427856]",pca
54,beta,77.0,0.027,0.2575431052026183,0.2575154471625063,0.2312357392295663,0.5,0.5790750580072708,0.7564223685105544,30.0,"[0, 1, 2, 3, 4, 5, 6, 7, 8, 9, 10, 11, 12, 13, 14, 15, 16, 17, 18, 19, 20, 21, 22, 23, 24, 25, 26, 27, 28, 29]","[0.7784884572029114, 0.7595975399017334, 0.7688001394271851, 0.7066802382469177, 0.7344731688499451, 0.8203908801078796, 0.7529047131538391, 0.7594001889228821, 0.780149519443512, 0.8463078737258911, 0.7975364923477173, 0.7572311758995056, 0.7455981969833374, 0.8290589451789856, 0.7424478530883789, 0.7183274626731873, 0.7921907305717468, 0.8061825633049011, 0.8081081509590149, 0.8280254602432251, 0.7500496506690979, 0.7941998243331909, 0.6937484741210938, 0.692794680595398, 0.7625716328620911, 0.6649343371391296, 0.7646009922027588, 0.7779735922813416, 0.7353092432022095, 0.7675390243530273]",pca
54,beta,97.0,0.027,0.2473490428177531,0.2437460954059964,0.2201997197745339,0.5,0.566830171393671,0.7357903576745429,30.0,"[0, 1, 2, 3, 4, 5, 6, 7, 8, 9, 10, 11, 12, 13, 14, 15, 16, 17, 18, 19, 20, 21, 22, 23, 24, 25, 26, 27, 28, 29]","[0.6752499938011169, 0.6437645554542542, 0.7342225313186646, 0.6652629971504211, 0.7088942527770996, 0.7788230776786804, 0.5978002548217773, 0.7210358381271362, 0.6295270919799805, 0.6783113479614258, 0.6532740592956543, 0.7201694846153259, 0.7562575340270996, 0.6582711338996887, 0.716907262802124, 0.7706090807914734, 0.6868125200271606, 0.6960957646369934, 0.7044095396995544, 0.7030735611915588, 0.61944979429245, 0.609673798084259, 0.6593513488769531, 0.6262173652648926, 0.6303485035896301, 0.7267277836799622, 0.6306313276290894, 0.6447107195854187, 0.7051210403442383, 0.6282604932785034]",pca
54,beta,88.0,0.027,0.278952940337224,0.2900466018878506,0.2790194781120081,0.5,0.5941158749503609,0.6417215550412861,30.0,"[0, 1, 2, 3, 4, 5, 6, 7, 8, 9, 10, 11, 12, 13, 14, 15, 16, 17, 18, 19, 20, 21, 22, 23, 24, 25, 26, 27, 28, 29]","[0.9800620079040527, 0.8785709738731384, 0.8930752277374268, 0.956404983997345, 0.8271957635879517, 0.8945119976997375, 0.8853451609611511, 0.9536272883415222, 0.83784419298172, 0.9973647594451904, 0.8633415699005127, 0.9021963477134705, 0.8356857299804688, 0.8821489214897156, 0.8565703630447388, 0.9055894017219543, 0.8929910063743591, 0.8480543494224548, 0.9138546586036682, 0.9380060434341431, 0.876529335975647, 0.8379496335983276, 0.8224217295646667, 1.0038784742355347, 0.8948693871498108, 0.9232279658317566, 0.9860751628875732, 0.8753365874290466, 0.9048536419868469, 0.9309226274490356]",pca
54,beta,83.0,0.027,0.2792181290810143,0.2848799948093335,0.2491803217352213,0.5,0.614604656240618,0.6677447528589753,30.0,"[0, 1, 2, 3, 4, 5, 6, 7, 8, 9, 10, 11, 12, 13, 14, 15, 16, 17, 18, 19, 20, 21, 22, 23, 24, 25, 26, 27, 28, 29]","[1.0392673015594482, 1.0109421014785767, 1.0011844635009766, 1.0460333824157715, 1.0230190753936768, 1.0239202976226807, 1.0216410160064697, 1.0221927165985107, 1.035827398300171, 1.0639498233795166, 1.0297863483428955, 1.02818763256073, 0.9662209749221802, 0.9613457918167114, 0.9495725035667419, 1.022196650505066, 1.0239745378494263, 1.0540599822998047, 1.0352860689163208, 1.0083239078521729, 1.0575408935546875, 1.0267654657363892, 1.018047571182251, 0.9503951668739319, 1.0235143899917603, 1.011688232421875, 0.9772154688835144, 0.967448353767395, 1.0155562162399292, 1.0044243335723877]",pca
54,beta,92.0,0.027,0.2864095892037767,0.3057068864847854,0.2750468983541031,0.5,0.5511115205109309,0.6559444853844264,30.0,"[0, 1, 2, 3, 4, 5, 6, 7, 8, 9, 10, 11, 12, 13, 14, 15, 16, 17, 18, 19, 20, 21, 22, 23, 24, 25, 26, 27, 28, 29]","[1.0600920915603638, 1.0383518934249878, 1.023832082748413, 1.059882640838623, 1.0253840684890747, 1.0536903142929077, 1.0589693784713745, 1.0311148166656494, 1.0344998836517334, 1.0579630136489868, 1.0641942024230957, 0.9910549521446228, 1.0194141864776611, 1.0576566457748413, 1.0301111936569214, 1.0192781686782837, 1.051432490348816, 1.0109541416168213, 1.0491143465042114, 1.0534032583236694, 1.04319167137146, 1.0417332649230957, 1.052882194519043, 1.026456594467163, 1.0270596742630005, 0.9990658760070801, 1.0455986261367798, 1.0573644638061523, 1.0474886894226074, 1.0460093021392822]",pca
54,beta,3.0,0.0324,0.2600613681646652,0.2699348220259572,0.261094673013568,0.5,0.5614374557665376,0.660068665391739,30.0,"[0, 1, 2, 3, 4, 5, 6, 7, 8, 9, 10, 11, 12, 13, 14, 15, 16, 17, 18, 19, 20, 21, 22, 23, 24, 25, 26, 27, 28, 29]","[0.6184086203575134, 0.5640594363212585, 0.6255857944488525, 0.6954218149185181, 0.6886004209518433, 0.6242812275886536, 0.6881517767906189, 0.6945890188217163, 0.6797529458999634, 0.6785064935684204, 0.6437737345695496, 0.6572687029838562, 0.643261194229126, 0.6344780325889587, 0.6147363781929016, 0.6058071851730347, 0.5199660062789917, 0.6416777968406677, 0.6247442960739136, 0.6976282596588135, 0.6699914336204529, 0.7157485485076904, 0.6043141484260559, 0.6036889553070068, 0.5913025140762329, 0.637871503829956, 0.6509067416191101, 0.6363716721534729, 0.6006983518600464, 0.6094725728034973]",pca
54,beta,84.0,0.027,0.2634244110774574,0.2655807626576091,0.2475325516164582,0.5,0.5758402903811253,0.7162976406533575,30.0,"[0, 1, 2, 3, 4, 5, 6, 7, 8, 9, 10, 11, 12, 13, 14, 15, 16, 17, 18, 19, 20, 21, 22, 23, 24, 25, 26, 27, 28, 29]","[0.7272284030914307, 0.7570655941963196, 0.7686126828193665, 0.7749872207641602, 0.8250805139541626, 0.7876697778701782, 0.827245831489563, 0.7404754757881165, 0.7550567984580994, 0.8032657504081726, 0.754066526889801, 0.7237216234207153, 0.8188707828521729, 0.7640877366065979, 0.7714431285858154, 0.8556647896766663, 0.7528023719787598, 0.7727038860321045, 0.7756683230400085, 0.7681175470352173, 0.8762087225914001, 0.722592830657959, 0.7364842891693115, 0.8128610253334045, 0.792960524559021, 0.8498838543891907, 0.7557388544082642, 0.890336275100708, 0.7419642210006714, 0.7368685603141785]",pca
54,beta,0.0,0.0324,0.281572739545136,0.2897992539503829,0.2616940671754089,0.5,0.5996241954759471,0.7395213891808613,30.0,"[0, 1, 2, 3, 4, 5, 6, 7, 8, 9, 10, 11, 12, 13, 14, 15, 16, 17, 18, 19, 20, 21, 22, 23, 24, 25, 26, 27, 28, 29]","[0.6631982922554016, 0.6267248392105103, 0.5664871335029602, 0.617561399936676, 0.5931249260902405, 0.5021277070045471, 0.5890701413154602, 0.6571304202079773, 0.5876055955886841, 0.5596907734870911, 0.38878968358039856, 0.5188777446746826, 0.6319808959960938, 0.6254528164863586, 0.6192229390144348, 0.6612336039543152, 0.6430202126502991, 0.6854303479194641, 0.5864428877830505, 0.5464444160461426, 0.5448063611984253, 0.4430445730686188, 0.572258710861206, 0.5608882904052734, 0.5596698522567749, 0.582554280757904, 0.5815231800079346, 0.527992844581604, 0.5189387202262878, 0.6021612882614136]",pca
54,beta,96.0,0.027,0.2629617523966815,0.2619525804294986,0.2336751821443977,0.5,0.5824397684956705,0.7742982338074088,30.0,"[0, 1, 2, 3, 4, 5, 6, 7, 8, 9, 10, 11, 12, 13, 14, 15, 16, 17, 18, 19, 20, 21, 22, 23, 24, 25, 26, 27, 28, 29]","[0.8058170080184937, 0.8128699660301208, 0.7995314598083496, 0.8293964266777039, 0.8428671360015869, 0.8396312594413757, 0.8140689134597778, 0.7780488729476929, 0.8303806781768799, 0.722859799861908, 0.8577065467834473, 0.8249249458312988, 0.7983062267303467, 0.8013098239898682, 0.8491429090499878, 0.8513646125793457, 0.8162153959274292, 0.7400351166725159, 0.7792797684669495, 0.813941478729248, 0.7547128796577454, 0.7382943630218506, 0.8068361282348633, 0.7380666732788086, 0.7795939445495605, 0.8572522401809692, 0.8772415518760681, 0.7759928703308105, 0.7663208842277527, 0.8489230275154114]",pca
54,beta,2.0,0.0324,0.2495620960358432,0.2434427663431785,0.2184629685912825,0.5,0.6279682750759878,0.7732396149949341,30.0,"[0, 1, 2, 3, 4, 5, 6, 7, 8, 9, 10, 11, 12, 13, 14, 15, 16, 17, 18, 19, 20, 21, 22, 23, 24, 25, 26, 27, 28, 29]","[0.563855767250061, 0.5134010910987854, 0.6302651166915894, 0.5768550038337708, 0.6603135466575623, 0.6694256067276001, 0.6651656031608582, 0.6175171732902527, 0.6539701223373413, 0.6045679450035095, 0.6328362226486206, 0.6198031306266785, 0.633019208908081, 0.6574435830116272, 0.5883377194404602, 0.6886324286460876, 0.5676612257957458, 0.503335177898407, 0.6075146198272705, 0.5562153458595276, 0.6955379247665405, 0.6859535574913025, 0.5884721279144287, 0.6453852653503418, 0.6747016310691833, 0.6864978671073914, 0.637119710445404, 0.7019240260124207, 0.5846452116966248, 0.5840862989425659]",pca
54,beta,6.0,0.0324,0.2747260658349709,0.2769866175233411,0.2503817593913832,0.5,0.6008714811891608,0.7261575901078663,30.0,"[0, 1, 2, 3, 4, 5, 6, 7, 8, 9, 10, 11, 12, 13, 14, 15, 16, 17, 18, 19, 20, 21, 22, 23, 24, 25, 26, 27, 28, 29]","[0.6559312343597412, 0.7065194249153137, 0.6364307999610901, 0.6873884201049805, 0.6307004690170288, 0.7065986394882202, 0.6315914392471313, 0.8138372302055359, 0.793910026550293, 0.6584582328796387, 0.5832056999206543, 0.7336905598640442, 0.7678341865539551, 0.7151266932487488, 0.7187806963920593, 0.6872170567512512, 0.7397124767303467, 0.6674061417579651, 0.6026473045349121, 0.7166598439216614, 0.7046205997467041, 0.6606748700141907, 0.6794003844261169, 0.7768698930740356, 0.7598931193351746, 0.6114346385002136, 0.8300806283950806, 0.7023970484733582, 0.723834216594696, 0.644161581993103]",pca
54,beta,9.0,0.0324,0.2573521289492059,0.2608492913457901,0.2541842186188155,0.5,0.6115793918918919,0.6631841216216217,30.0,"[0, 1, 2, 3, 4, 5, 6, 7, 8, 9, 10, 11, 12, 13, 14, 15, 16, 17, 18, 19, 20, 21, 22, 23, 24, 25, 26, 27, 28, 29]","[0.6597207188606262, 0.6831676959991455, 0.6766757965087891, 0.6924409866333008, 0.6767727136611938, 0.618466854095459, 0.6586738228797913, 0.6686268448829651, 0.6112730503082275, 0.6567639112472534, 0.6279312372207642, 0.6641680598258972, 0.6911179423332214, 0.6670114398002625, 0.6704777479171753, 0.6490077376365662, 0.5455714464187622, 0.5956456065177917, 0.6624787449836731, 0.647590160369873, 0.6655022501945496, 0.631365954875946, 0.6052545309066772, 0.6251291036605835, 0.6265631318092346, 0.6682374477386475, 0.6134895086288452, 0.679891049861908, 0.6818384528160095, 0.5963513255119324]",pca
54,beta,15.0,0.0324,0.2717116111576571,0.2729533950950198,0.2516869906298833,0.5,0.5854673108863053,0.7184508530877246,30.0,"[0, 1, 2, 3, 4, 5, 6, 7, 8, 9, 10, 11, 12, 13, 14, 15, 16, 17, 18, 19, 20, 21, 22, 23, 24, 25, 26, 27, 28, 29]","[0.6139180660247803, 0.6299147605895996, 0.5759451389312744, 0.6330589652061462, 0.5655278563499451, 0.5520679950714111, 0.6395654082298279, 0.5969801545143127, 0.5418381094932556, 0.6608293056488037, 0.5317362546920776, 0.5969347357749939, 0.5271797776222229, 0.5696254968643188, 0.51213139295578, 0.5755919814109802, 0.5196658968925476, 0.5770200490951538, 0.6786242723464966, 0.51458340883255, 0.5653650164604187, 0.6088892221450806, 0.588952362537384, 0.5778694748878479, 0.5892383456230164, 0.5756592750549316, 0.5393269062042236, 0.6312958598136902, 0.5460831522941589, 0.5485566854476929]",pca
54,beta,89.0,0.027,0.2596992895569409,0.2578659291246081,0.2335473547188075,0.5,0.61148291913919,0.7462707654783682,30.0,"[0, 1, 2, 3, 4, 5, 6, 7, 8, 9, 10, 11, 12, 13, 14, 15, 16, 17, 18, 19, 20, 21, 22, 23, 24, 25, 26, 27, 28, 29]","[0.7942347526550293, 0.7424839735031128, 0.7743863463401794, 0.8175163269042969, 0.7597087025642395, 0.8035076856613159, 0.8278608322143555, 0.7540897130966187, 0.8139503002166748, 0.8176968097686768, 0.7492642998695374, 0.8457217216491699, 0.7368317246437073, 0.7886645793914795, 0.7607023119926453, 0.861029863357544, 0.7750416398048401, 0.6781507730484009, 0.7184618711471558, 0.6810344457626343, 0.7973204851150513, 0.7323893308639526, 0.843966543674469, 0.8278787732124329, 0.7612777948379517, 0.7380337119102478, 0.7812355756759644, 0.787179708480835, 0.717007040977478, 0.7769460678100586]",pca
54,beta,99.0,0.027,0.2754971048104321,0.2805070202785323,0.2541755715097452,0.5,0.5871627967226918,0.7671686259270053,30.0,"[0, 1, 2, 3, 4, 5, 6, 7, 8, 9, 10, 11, 12, 13, 14, 15, 16, 17, 18, 19, 20, 21, 22, 23, 24, 25, 26, 27, 28, 29]","[0.7945272922515869, 0.9119508266448975, 0.8515763878822327, 0.843841016292572, 0.8945896625518799, 0.8762035965919495, 0.8251792788505554, 0.8608367443084717, 0.7971928715705872, 0.8874948024749756, 0.8238827586174011, 0.8574506044387817, 0.8142269849777222, 0.8786536455154419, 0.880449116230011, 0.8138679265975952, 0.8528092503547668, 0.8590198755264282, 0.8640910983085632, 0.7877074480056763, 0.8563597202301025, 0.9305583834648132, 0.812084436416626, 0.8568029403686523, 0.8840488195419312, 0.9007090330123901, 0.9091621041297913, 0.8484272360801697, 0.8904373645782471, 0.8136988878250122]",pca
54,beta,10.0,0.0324,0.2711055500199741,0.2819676250852603,0.2557370279169519,0.5,0.5443998811645869,0.7251039809863339,30.0,"[0, 1, 2, 3, 4, 5, 6, 7, 8, 9, 10, 11, 12, 13, 14, 15, 16, 17, 18, 19, 20, 21, 22, 23, 24, 25, 26, 27, 28, 29]","[0.5374549031257629, 0.675687849521637, 0.6304308176040649, 0.6202311515808105, 0.5657491087913513, 0.670715868473053, 0.6467778086662292, 0.6042215824127197, 0.577913761138916, 0.6822881698608398, 0.5731006860733032, 0.585454523563385, 0.4963430166244507, 0.6036884188652039, 0.5904934406280518, 0.6053741574287415, 0.592727780342102, 0.5863884687423706, 0.5277799367904663, 0.6374452710151672, 0.5433921813964844, 0.6065881252288818, 0.6106202602386475, 0.5851988792419434, 0.5955022573471069, 0.6797314882278442, 0.6735109090805054, 0.6154469847679138, 0.552107036113739, 0.6067672967910767]",pca
54,beta,5.0,0.0324,0.2616193070017826,0.2684446490871227,0.2536628436756244,0.5,0.6163379080064133,0.6830825353397173,30.0,"[0, 1, 2, 3, 4, 5, 6, 7, 8, 9, 10, 11, 12, 13, 14, 15, 16, 17, 18, 19, 20, 21, 22, 23, 24, 25, 26, 27, 28, 29]","[0.6347730755805969, 0.45305150747299194, 0.6680260300636292, 0.6963185667991638, 0.6007612347602844, 0.67998868227005, 0.6520676016807556, 0.6395833492279053, 0.6695082783699036, 0.47875577211380005, 0.6074844002723694, 0.6467080116271973, 0.5536078810691833, 0.4845210611820221, 0.6475014090538025, 0.6676744818687439, 0.6341089010238647, 0.6829873919487, 0.6861772537231445, 0.6646906137466431, 0.6739568114280701, 0.6198896169662476, 0.4745608866214752, 0.6488298177719116, 0.6294068694114685, 0.6470072269439697, 0.6290087103843689, 0.6673110127449036, 0.6658316850662231, 0.6165805459022522]",pca
54,beta,16.0,0.0324,0.2756864568525844,0.2806376440135098,0.2411334728069401,0.5,0.5937119113573407,0.7864958448753462,30.0,"[0, 1, 2, 3, 4, 5, 6, 7, 8, 9, 10, 11, 12, 13, 14, 15, 16, 17, 18, 19, 20, 21, 22, 23, 24, 25, 26, 27, 28, 29]","[0.44337549805641174, 0.6138814091682434, 0.6212051510810852, 0.5537395477294922, 0.5799770951271057, 0.6164503693580627, 0.599030077457428, 0.6386364698410034, 0.6027764081954956, 0.6250935196876526, 0.5361374616622925, 0.518203616142273, 0.6004961729049683, 0.6227746605873108, 0.5755168795585632, 0.4698132276535034, 0.6131866574287415, 0.5238332152366638, 0.623242199420929, 0.6330499649047852, 0.5566758513450623, 0.6052849888801575, 0.5269748568534851, 0.5928722023963928, 0.6384113430976868, 0.5246573090553284, 0.4954110383987427, 0.64311683177948, 0.6047578454017639, 0.6401206851005554]",pca
54,beta,1.0,0.0324,0.2785951027486996,0.2902501426716141,0.2606884761738066,0.5,0.5665864533937292,0.668171845141199,30.0,"[0, 1, 2, 3, 4, 5, 6, 7, 8, 9, 10, 11, 12, 13, 14, 15, 16, 17, 18, 19, 20, 21, 22, 23, 24, 25, 26, 27, 28, 29]","[1.079266905784607, 1.059003472328186, 1.1032379865646362, 1.0401488542556763, 1.0737401247024536, 1.0508817434310913, 1.015568733215332, 1.0394322872161865, 0.9990614652633667, 1.0391666889190674, 0.997623860836029, 1.0603808164596558, 1.0851008892059326, 1.048768401145935, 1.0435246229171753, 1.055263638496399, 1.0581122636795044, 1.057623028755188, 1.0524239540100098, 1.0774487257003784, 0.9939479231834412, 1.059650182723999, 1.0559900999069214, 1.0501208305358887, 1.044723391532898, 1.033288598060608, 1.0617551803588867, 1.095548152923584, 1.0427992343902588, 1.0110169649124146]",pca
54,beta,19.0,0.0324,0.2603054890140719,0.2585797741158689,0.2361768758725755,0.5,0.619239997177334,0.7628343095053277,30.0,"[0, 1, 2, 3, 4, 5, 6, 7, 8, 9, 10, 11, 12, 13, 14, 15, 16, 17, 18, 19, 20, 21, 22, 23, 24, 25, 26, 27, 28, 29]","[0.5365597009658813, 0.5404887199401855, 0.5867698192596436, 0.5983098745346069, 0.5506246089935303, 0.4230950176715851, 0.4434894621372223, 0.5049532055854797, 0.5177870392799377, 0.5493807792663574, 0.5134532451629639, 0.5963847041130066, 0.5927956700325012, 0.5214146375656128, 0.5399996638298035, 0.5268660187721252, 0.4306333363056183, 0.5570739507675171, 0.5977595448493958, 0.5319488644599915, 0.5712521076202393, 0.46885302662849426, 0.5239640474319458, 0.5218575596809387, 0.5331023931503296, 0.5066526532173157, 0.517280101776123, 0.5542870759963989, 0.4483267366886139, 0.5433476567268372]",pca
54,beta,8.0,0.0324,0.2638855809846538,0.2725429616536821,0.2639163402798867,0.5,0.5986706122024119,0.6290799863194991,30.0,"[0, 1, 2, 3, 4, 5, 6, 7, 8, 9, 10, 11, 12, 13, 14, 15, 16, 17, 18, 19, 20, 21, 22, 23, 24, 25, 26, 27, 28, 29]","[0.6662516593933105, 0.703580379486084, 0.5448475480079651, 0.6483109593391418, 0.5648965835571289, 0.6593574285507202, 0.6483684778213501, 0.7083143591880798, 0.6599386930465698, 0.6851616501808167, 0.6844055652618408, 0.6679285168647766, 0.6869264841079712, 0.6663512587547302, 0.6302248239517212, 0.6527877449989319, 0.6522746682167053, 0.657091498374939, 0.5263112783432007, 0.6493517160415649, 0.5928860902786255, 0.7019636631011963, 0.6450737714767456, 0.6570783257484436, 0.5982110500335693, 0.6446893215179443, 0.7038031220436096, 0.5265493392944336, 0.6701563596725464, 0.6604498624801636]",pca
54,beta,24.0,0.0324,0.2900763593641032,0.2991071781878257,0.2660723593509044,0.5,0.5854136776661885,0.754208512673362,30.0,"[0, 1, 2, 3, 4, 5, 6, 7, 8, 9, 10, 11, 12, 13, 14, 15, 16, 17, 18, 19, 20, 21, 22, 23, 24, 25, 26, 27, 28, 29]","[0.58403080701828, 0.6197815537452698, 0.5670049786567688, 0.5543557405471802, 0.5578067898750305, 0.6760843396186829, 0.5833033919334412, 0.6320669054985046, 0.5346816182136536, 0.6630492806434631, 0.67501300573349, 0.5144311785697937, 0.6547343730926514, 0.6729706525802612, 0.6444840431213379, 0.5863153338432312, 0.6905187368392944, 0.5729355216026306, 0.5726759433746338, 0.5184530019760132, 0.6883334517478943, 0.6500119566917419, 0.6399248242378235, 0.6402063965797424, 0.6511681079864502, 0.6459855437278748, 0.5196036696434021, 0.5441721677780151, 0.696341872215271, 0.6269289255142212]",pca
54,beta,25.0,0.0324,0.2845510566600645,0.2913358577766932,0.2520298212700284,0.5,0.5862418006859121,0.7895847900642625,30.0,"[0, 1, 2, 3, 4, 5, 6, 7, 8, 9, 10, 11, 12, 13, 14, 15, 16, 17, 18, 19, 20, 21, 22, 23, 24, 25, 26, 27, 28, 29]","[0.6578894853591919, 0.5793712139129639, 0.6066147089004517, 0.5855370163917542, 0.5397557616233826, 0.6205236911773682, 0.6347172856330872, 0.5805454850196838, 0.657827615737915, 0.5805017352104187, 0.5055584907531738, 0.45298242568969727, 0.6681780815124512, 0.48032069206237793, 0.561972975730896, 0.6083179116249084, 0.4898841977119446, 0.6502292156219482, 0.5841494798660278, 0.42851564288139343, 0.5802229642868042, 0.6640332937240601, 0.615056037902832, 0.6735142469406128, 0.6856037378311157, 0.5468229055404663, 0.47458773851394653, 0.6734961867332458, 0.6662489175796509, 0.6383481621742249]",pca
54,beta,31.0,0.0324,0.2531002750801421,0.2573536054418309,0.2295483459587555,0.5,0.4806025140875595,0.6532925155324374,30.0,"[0, 1, 2, 3, 4, 5, 6, 7, 8, 9, 10, 11, 12, 13, 14, 15, 16, 17, 18, 19, 20, 21, 22, 23, 24, 25, 26, 27, 28, 29]","[1.0535563230514526, 1.0567547082901, 1.0649772882461548, 0.9791780114173889, 1.0335841178894043, 1.0673271417617798, 1.0446006059646606, 0.9882961511611938, 1.047747254371643, 0.9913135170936584, 1.0595343112945557, 1.068356990814209, 1.0645662546157837, 1.0502879619598389, 0.9856348037719727, 1.0498932600021362, 1.0464589595794678, 1.0499546527862549, 0.9912686944007874, 1.0694221258163452, 1.0416826009750366, 1.0631728172302246, 1.0487229824066162, 0.9942420721054077, 1.067402720451355, 1.0641694068908691, 1.0709149837493896, 1.0662676095962524, 1.068451166152954, 1.0496882200241089]",pca
54,beta,12.0,0.0324,0.2597641048530327,0.2622171893718359,0.2541985663084317,0.5,0.5787281399046105,0.6782273449920508,30.0,"[0, 1, 2, 3, 4, 5, 6, 7, 8, 9, 10, 11, 12, 13, 14, 15, 16, 17, 18, 19, 20, 21, 22, 23, 24, 25, 26, 27, 28, 29]","[0.6058405637741089, 0.5921891927719116, 0.5259696841239929, 0.6029965877532959, 0.6103448867797852, 0.5975973606109619, 0.5949447751045227, 0.617963433265686, 0.6471455693244934, 0.583265483379364, 0.6062636971473694, 0.5859174728393555, 0.5288035869598389, 0.5903823971748352, 0.6096502542495728, 0.5381473898887634, 0.5612851977348328, 0.5135824680328369, 0.6175802946090698, 0.5216310024261475, 0.6393985748291016, 0.579084038734436, 0.596450686454773, 0.5213367342948914, 0.5557517409324646, 0.5328857898712158, 0.6146249771118164, 0.6017237901687622, 0.4988400936126709, 0.5293698906898499]",pca
54,beta,98.0,0.027,0.258827379377024,0.2494272212154708,0.2299486612082524,0.5,0.5913145973929925,0.7538981849557794,30.0,"[0, 1, 2, 3, 4, 5, 6, 7, 8, 9, 10, 11, 12, 13, 14, 15, 16, 17, 18, 19, 20, 21, 22, 23, 24, 25, 26, 27, 28, 29]","[0.751867413520813, 0.7365987300872803, 0.7928558588027954, 0.629014253616333, 0.7288190126419067, 0.7723621726036072, 0.745134174823761, 0.7585621476173401, 0.8225153684616089, 0.8029782176017761, 0.7110857963562012, 0.846863865852356, 0.7434477806091309, 0.7414907813072205, 0.841812014579773, 0.7771382331848145, 0.7669191360473633, 0.7716753482818604, 0.6994001269340515, 0.7596513628959656, 0.8359493613243103, 0.8227946162223816, 0.7112631797790527, 0.68376225233078, 0.865781307220459, 0.7668067216873169, 0.7775747179985046, 0.7610569596290588, 0.7914473414421082, 0.7161166071891785]",pca
54,beta,7.0,0.0324,0.2606414142992545,0.2660151309374284,0.2283876011539903,0.5,0.5319323841144171,0.6990167283871791,30.0,"[0, 1, 2, 3, 4, 5, 6, 7, 8, 9, 10, 11, 12, 13, 14, 15, 16, 17, 18, 19, 20, 21, 22, 23, 24, 25, 26, 27, 28, 29]","[1.0752516984939575, 1.055850625038147, 1.0754244327545166, 1.0931859016418457, 1.068816065788269, 1.0558806657791138, 0.9932131767272949, 1.0612150430679321, 1.0735763311386108, 1.0654759407043457, 1.0802593231201172, 1.0533719062805176, 1.0109012126922607, 0.998257577419281, 1.0608874559402466, 1.0765023231506348, 1.0932365655899048, 0.9525968432426453, 1.0591517686843872, 0.9859197735786438, 1.0786439180374146, 1.049914002418518, 1.070237159729004, 0.9805769324302673, 1.097563624382019, 1.0743266344070435, 1.0946269035339355, 1.0522286891937256, 1.0649867057800293, 1.069186806678772]",pca
54,beta,17.0,0.0324,0.2637836925627149,0.2674946480732597,0.2403089283577306,0.5,0.5986029254475581,0.7471103275822644,30.0,"[0, 1, 2, 3, 4, 5, 6, 7, 8, 9, 10, 11, 12, 13, 14, 15, 16, 17, 18, 19, 20, 21, 22, 23, 24, 25, 26, 27, 28, 29]","[0.36970236897468567, 0.4477161467075348, 0.48520010709762573, 0.38039150834083557, 0.4080095589160919, 0.5024418830871582, 0.42407548427581787, 0.47035229206085205, 0.45688217878341675, 0.43868714570999146, 0.45558813214302063, 0.439064621925354, 0.5155355334281921, 0.3606380820274353, 0.49225544929504395, 0.3437877297401428, 0.3640432357788086, 0.3577985465526581, 0.48808667063713074, 0.3808840811252594, 0.4119569659233093, 0.4428878426551819, 0.31626972556114197, 0.4774876534938812, 0.47507601976394653, 0.48092183470726013, 0.3669518530368805, 0.42098113894462585, 0.42695844173431396, 0.45212918519973755]",pca
54,beta,4.0,0.0324,0.2610414052572765,0.2678962264611476,0.2476434580992086,0.5,0.569220712518093,0.6764252696456086,30.0,"[0, 1, 2, 3, 4, 5, 6, 7, 8, 9, 10, 11, 12, 13, 14, 15, 16, 17, 18, 19, 20, 21, 22, 23, 24, 25, 26, 27, 28, 29]","[0.6743323802947998, 0.679456889629364, 0.6405438184738159, 0.7088005542755127, 0.6295923590660095, 0.6291120648384094, 0.6239216327667236, 0.6016424298286438, 0.6085904836654663, 0.584559440612793, 0.6782895922660828, 0.5976054668426514, 0.6158173680305481, 0.6564257144927979, 0.6608515977859497, 0.6537052392959595, 0.6882537007331848, 0.6416980624198914, 0.663240373134613, 0.6346691250801086, 0.7095098495483398, 0.6845666170120239, 0.6081127524375916, 0.7115606665611267, 0.6913163065910339, 0.5398768782615662, 0.5827780961990356, 0.5801719427108765, 0.6304596066474915, 0.602557897567749]",pca
54,beta,14.0,0.0324,0.2685810422970259,0.2767156150162104,0.2558873867396732,0.5,0.5706202867497511,0.6648978464474334,30.0,"[0, 1, 2, 3, 4, 5, 6, 7, 8, 9, 10, 11, 12, 13, 14, 15, 16, 17, 18, 19, 20, 21, 22, 23, 24, 25, 26, 27, 28, 29]","[0.6205856204032898, 0.5735506415367126, 0.5583255290985107, 0.5535110235214233, 0.6000312566757202, 0.49644920229911804, 0.5961261987686157, 0.5487352013587952, 0.46799004077911377, 0.506750762462616, 0.4040925204753876, 0.6509096622467041, 0.522278904914856, 0.4645442068576813, 0.5750880837440491, 0.5669569969177246, 0.5731849074363708, 0.5181029438972473, 0.480541855096817, 0.5894076824188232, 0.5311007499694824, 0.6141040325164795, 0.5106961727142334, 0.5310899019241333, 0.5057711005210876, 0.6276564002037048, 0.5083923935890198, 0.5505165457725525, 0.624345600605011, 0.49166858196258545]",pca
54,beta,13.0,0.0324,0.2576909067500987,0.2529829403700694,0.2196943132258344,0.5,0.6561267547367551,0.7859772746076835,30.0,"[0, 1, 2, 3, 4, 5, 6, 7, 8, 9, 10, 11, 12, 13, 14, 15, 16, 17, 18, 19, 20, 21, 22, 23, 24, 25, 26, 27, 28, 29]","[0.6506010890007019, 0.6631476879119873, 0.5638259649276733, 0.7040224671363831, 0.6413455605506897, 0.6505091190338135, 0.6592292785644531, 0.6817960739135742, 0.5985350012779236, 0.5447405576705933, 0.6634792685508728, 0.667940080165863, 0.6695556044578552, 0.6346592307090759, 0.5801266431808472, 0.6008111238479614, 0.5669193863868713, 0.5760720372200012, 0.7117434144020081, 0.6094645857810974, 0.6349558234214783, 0.5661418437957764, 0.6708573698997498, 0.632626473903656, 0.6108270883560181, 0.7223970293998718, 0.6043046712875366, 0.642055332660675, 0.5975714325904846, 0.6611361503601074]",pca
54,beta,37.0,0.0324,0.2671380845044079,0.2698477255390873,0.250929341902133,0.5,0.590795238817067,0.6997047720103655,30.0,"[0, 1, 2, 3, 4, 5, 6, 7, 8, 9, 10, 11, 12, 13, 14, 15, 16, 17, 18, 19, 20, 21, 22, 23, 24, 25, 26, 27, 28, 29]","[0.7040843367576599, 0.7208687663078308, 0.5849506855010986, 0.7018705606460571, 0.6468462347984314, 0.7680313587188721, 0.6957504749298096, 0.7151240706443787, 0.7212640643119812, 0.7076480984687805, 0.7170816659927368, 0.751747190952301, 0.5841858983039856, 0.5830773115158081, 0.6892570853233337, 0.7654544115066528, 0.5889458060264587, 0.7128025889396667, 0.717240571975708, 0.5948882699012756, 0.6466045379638672, 0.5805127620697021, 0.67879718542099, 0.7364767789840698, 0.6057987213134766, 0.7208967804908752, 0.6995128989219666, 0.7093355655670166, 0.6711550354957581, 0.7039056420326233]",pca
54,beta,39.0,0.0324,0.2836646824132109,0.2990913353893162,0.2695985102004974,0.5,0.5256794024307432,0.712360897462548,30.0,"[0, 1, 2, 3, 4, 5, 6, 7, 8, 9, 10, 11, 12, 13, 14, 15, 16, 17, 18, 19, 20, 21, 22, 23, 24, 25, 26, 27, 28, 29]","[0.9243025183677673, 0.9975054264068604, 0.9861385226249695, 1.0346606969833374, 0.97892826795578, 1.0196659564971924, 0.9890485405921936, 0.9847372770309448, 0.9686049818992615, 0.9864869713783264, 0.997963011264801, 1.0136326551437378, 0.987575113773346, 0.9835881590843201, 1.0015785694122314, 0.9991571307182312, 1.012368083000183, 1.0008049011230469, 1.0222480297088623, 0.9937694668769836, 1.0016107559204102, 0.9202025532722473, 0.9152848720550537, 0.9907247424125671, 0.9289546012878418, 0.9182209372520447, 0.9965072870254517, 0.9967631697654724, 0.9972872734069824, 0.9719114303588867]",pca
54,beta,20.0,0.0324,0.2628800830739616,0.2615029455907067,0.2276616400746275,0.5,0.5906329035839862,0.801238356671396,30.0,"[0, 1, 2, 3, 4, 5, 6, 7, 8, 9, 10, 11, 12, 13, 14, 15, 16, 17, 18, 19, 20, 21, 22, 23, 24, 25, 26, 27, 28, 29]","[0.6938002109527588, 0.6735092401504517, 0.6847870945930481, 0.70337975025177, 0.5786839127540588, 0.6794419884681702, 0.6509146094322205, 0.6628239154815674, 0.6505140662193298, 0.5924685597419739, 0.6875061988830566, 0.6601499319076538, 0.6786251664161682, 0.6368464827537537, 0.6734899878501892, 0.6710996031761169, 0.6489459872245789, 0.6192994117736816, 0.5929613709449768, 0.6554693579673767, 0.6710743308067322, 0.7011673450469971, 0.6029045581817627, 0.6755140423774719, 0.6275135278701782, 0.6470433473587036, 0.6856780648231506, 0.6728735566139221, 0.7086438536643982, 0.6785914301872253]",pca
54,beta,23.0,0.0324,0.2748753888481758,0.2788819919583407,0.2461340053876343,0.5,0.5886102268490637,0.7695660902234076,30.0,"[0, 1, 2, 3, 4, 5, 6, 7, 8, 9, 10, 11, 12, 13, 14, 15, 16, 17, 18, 19, 20, 21, 22, 23, 24, 25, 26, 27, 28, 29]","[0.7296603322029114, 0.8043224811553955, 0.6617652177810669, 0.7029759287834167, 0.7382045388221741, 0.7072067856788635, 0.7017728090286255, 0.6627364754676819, 0.6487465500831604, 0.7038018703460693, 0.7490335702896118, 0.7112950682640076, 0.6909576654434204, 0.7487961053848267, 0.6828308701515198, 0.7277047634124756, 0.8155228495597839, 0.7076171636581421, 0.802023708820343, 0.6975958943367004, 0.7171069979667664, 0.7117828130722046, 0.7701067328453064, 0.7345147728919983, 0.6476356983184814, 0.6856138110160828, 0.7522447109222412, 0.7154616713523865, 0.6935260891914368, 0.7556381821632385]",pca
54,beta,11.0,0.0324,0.2601588292036993,0.261959193222247,0.2488990098842554,0.5,0.640718342060624,0.7223762814366841,30.0,"[0, 1, 2, 3, 4, 5, 6, 7, 8, 9, 10, 11, 12, 13, 14, 15, 16, 17, 18, 19, 20, 21, 22, 23, 24, 25, 26, 27, 28, 29]","[0.619090735912323, 0.6489986181259155, 0.686546802520752, 0.5866442322731018, 0.6221328973770142, 0.6790978908538818, 0.6049432158470154, 0.6556950211524963, 0.5666784048080444, 0.5987988710403442, 0.6742376685142517, 0.639354944229126, 0.6938032507896423, 0.5736252665519714, 0.613405168056488, 0.7044991850852966, 0.5547111630439758, 0.6113328337669373, 0.6467360258102417, 0.538779616355896, 0.6569624543190002, 0.6235020160675049, 0.5728656649589539, 0.6920764446258545, 0.6407090425491333, 0.6388002038002014, 0.5528778433799744, 0.6288540363311768, 0.6870152950286865, 0.5865999460220337]",pca
54,beta,44.0,0.0324,0.2454320928907148,0.2443068358168985,0.233661901936495,0.5,0.573564636064636,0.6790093665093664,30.0,"[0, 1, 2, 3, 4, 5, 6, 7, 8, 9, 10, 11, 12, 13, 14, 15, 16, 17, 18, 19, 20, 21, 22, 23, 24, 25, 26, 27, 28, 29]","[0.5924306511878967, 0.5373998284339905, 0.5362831354141235, 0.6166197657585144, 0.5424527525901794, 0.5613489151000977, 0.5490153431892395, 0.6364295482635498, 0.5548271536827087, 0.5794381499290466, 0.6327048540115356, 0.664598822593689, 0.5630171298980713, 0.5418485403060913, 0.6119178533554077, 0.6077882647514343, 0.5032702684402466, 0.6133004426956177, 0.5715714693069458, 0.6706100106239319, 0.6050164699554443, 0.6650731563568115, 0.6137732267379761, 0.5811174511909485, 0.5598198771476746, 0.6031447649002075, 0.5585753917694092, 0.6173993349075317, 0.6210967302322388, 0.6483524441719055]",pca
54,beta,18.0,0.0324,0.252771114290939,0.255262114573614,0.2360734828755402,0.5,0.6159530341629107,0.6966326997191193,30.0,"[0, 1, 2, 3, 4, 5, 6, 7, 8, 9, 10, 11, 12, 13, 14, 15, 16, 17, 18, 19, 20, 21, 22, 23, 24, 25, 26, 27, 28, 29]","[0.6999834775924683, 0.6718964576721191, 0.6273362040519714, 0.6577799916267395, 0.6141571998596191, 0.5908116102218628, 0.5333759784698486, 0.707401692867279, 0.6398059129714966, 0.6474404335021973, 0.6129724979400635, 0.6920781135559082, 0.5732011795043945, 0.6342726945877075, 0.6651500463485718, 0.5882795453071594, 0.614199697971344, 0.6453993916511536, 0.6678991317749023, 0.6570844650268555, 0.5368503332138062, 0.6305286288261414, 0.6062508821487427, 0.6404487490653992, 0.5323559641838074, 0.49164122343063354, 0.6775836944580078, 0.5968169569969177, 0.6201679110527039, 0.624990701675415]",pca
54,beta,26.0,0.0324,0.270311608064977,0.2778689690088576,0.2594855670351433,0.5,0.5710270822687787,0.699956969582874,30.0,"[0, 1, 2, 3, 4, 5, 6, 7, 8, 9, 10, 11, 12, 13, 14, 15, 16, 17, 18, 19, 20, 21, 22, 23, 24, 25, 26, 27, 28, 29]","[0.5228800773620605, 0.5267584323883057, 0.46758580207824707, 0.48729416728019714, 0.5748004913330078, 0.5457429885864258, 0.503654420375824, 0.5386355519294739, 0.49009186029434204, 0.4746878445148468, 0.47974106669425964, 0.5874507427215576, 0.4841324985027313, 0.4978867471218109, 0.5206682085990906, 0.5390587449073792, 0.5654274225234985, 0.4803663492202759, 0.5360541343688965, 0.5026042461395264, 0.578346848487854, 0.5834771394729614, 0.4480867385864258, 0.5279969573020935, 0.4531247615814209, 0.4507783055305481, 0.5023047924041748, 0.4543188512325287, 0.4975985586643219, 0.4306926727294922]",pca
54,beta,29.0,0.0324,0.2810209321620384,0.2988276637453995,0.2694363910879642,0.5,0.5077633516262883,0.7007242820386979,30.0,"[0, 1, 2, 3, 4, 5, 6, 7, 8, 9, 10, 11, 12, 13, 14, 15, 16, 17, 18, 19, 20, 21, 22, 23, 24, 25, 26, 27, 28, 29]","[0.614515483379364, 0.5331528186798096, 0.5842084884643555, 0.587277889251709, 0.5570482015609741, 0.6200940012931824, 0.4267478883266449, 0.6336535215377808, 0.5387124419212341, 0.6472468376159668, 0.5719262361526489, 0.40125152468681335, 0.6162333488464355, 0.560798168182373, 0.5578504800796509, 0.5333287119865417, 0.6396718621253967, 0.5185635685920715, 0.6003302931785583, 0.5399188995361328, 0.6463143229484558, 0.4914834797382355, 0.5266917943954468, 0.6061445474624634, 0.4995270371437073, 0.38178691267967224, 0.44201263785362244, 0.4272768497467041, 0.5222088098526001, 0.4840221107006073]",pca
54,beta,28.0,0.0324,0.2926307635963882,0.3070679499505309,0.2713549737802365,0.5,0.5681177211205539,0.7403966005665723,30.0,"[0, 1, 2, 3, 4, 5, 6, 7, 8, 9, 10, 11, 12, 13, 14, 15, 16, 17, 18, 19, 20, 21, 22, 23, 24, 25, 26, 27, 28, 29]","[0.5080671906471252, 0.467713326215744, 0.5779178738594055, 0.45350325107574463, 0.458391398191452, 0.5812124013900757, 0.6078646779060364, 0.6497558951377869, 0.589677095413208, 0.4358515441417694, 0.5719166398048401, 0.5590553283691406, 0.4499795138835907, 0.573887288570404, 0.55181884765625, 0.46032342314720154, 0.5203567743301392, 0.45873624086380005, 0.4444771707057953, 0.603654146194458, 0.4942891001701355, 0.6294378638267517, 0.5987778306007385, 0.43888217210769653, 0.5803818702697754, 0.5338934659957886, 0.43718451261520386, 0.5967665314674377, 0.5638283491134644, 0.4604205787181854]",pca
54,beta,27.0,0.0324,0.2628555518187883,0.2615293557691809,0.2428162013082317,0.5,0.6090891541933952,0.7448547754811119,30.0,"[0, 1, 2, 3, 4, 5, 6, 7, 8, 9, 10, 11, 12, 13, 14, 15, 16, 17, 18, 19, 20, 21, 22, 23, 24, 25, 26, 27, 28, 29]","[0.6649214625358582, 0.62591153383255, 0.5662219524383545, 0.5411467552185059, 0.6337047815322876, 0.6757083535194397, 0.6250355839729309, 0.6438198685646057, 0.6293395757675171, 0.6378918886184692, 0.5637332201004028, 0.5183604955673218, 0.6081509590148926, 0.5740394592285156, 0.6036267280578613, 0.6541516780853271, 0.6188708543777466, 0.6749305129051208, 0.6873086094856262, 0.6438887715339661, 0.6212707757949829, 0.5691351294517517, 0.6686176657676697, 0.5240423679351807, 0.6173909306526184, 0.6542479991912842, 0.6077651977539062, 0.5309927463531494, 0.4541710913181305, 0.6830521821975708]",pca
54,beta,21.0,0.0324,0.257452525628104,0.2566803725771483,0.2389616398193183,0.5,0.6018066427273588,0.6916048808631929,30.0,"[0, 1, 2, 3, 4, 5, 6, 7, 8, 9, 10, 11, 12, 13, 14, 15, 16, 17, 18, 19, 20, 21, 22, 23, 24, 25, 26, 27, 28, 29]","[0.6112623810768127, 0.6589472889900208, 0.5887446999549866, 0.6217368841171265, 0.63661789894104, 0.716987669467926, 0.6260969638824463, 0.675493061542511, 0.6443337202072144, 0.6252803206443787, 0.5574378371238708, 0.678585946559906, 0.6112895607948303, 0.6149564385414124, 0.6611013412475586, 0.7113521099090576, 0.6222878694534302, 0.5990040898323059, 0.6406548619270325, 0.6204450130462646, 0.6466047167778015, 0.6290786266326904, 0.6540844440460205, 0.6579501032829285, 0.652464747428894, 0.634170413017273, 0.6143151521682739, 0.6919447779655457, 0.6189692616462708, 0.5754640102386475]",pca
54,beta,46.0,0.0324,0.2624517538374725,0.2723697249893927,0.2420454762478532,0.5,0.5228409090909091,0.6449242424242424,30.0,"[0, 1, 2, 3, 4, 5, 6, 7, 8, 9, 10, 11, 12, 13, 14, 15, 16, 17, 18, 19, 20, 21, 22, 23, 24, 25, 26, 27, 28, 29]","[0.958376944065094, 0.9623790979385376, 0.9672161340713501, 1.0017789602279663, 0.9791721701622009, 1.0116558074951172, 0.9613774418830872, 0.9330347776412964, 0.9609811902046204, 0.9801095128059387, 0.9624170660972595, 1.0217573642730713, 0.9801142811775208, 0.8827270269393921, 0.9464010000228882, 0.9349435567855835, 0.9748667478561401, 1.0043474435806274, 0.8765003085136414, 0.9356371760368347, 0.9611513614654541, 0.9619731903076172, 0.9639400243759155, 0.9702621102333069, 0.9706262350082397, 0.9688147902488708, 0.9643308520317078, 0.9656134843826294, 0.9702436327934265, 0.8947098851203918]",pca
54,beta,33.0,0.0324,0.2870289956026625,0.3096909152707764,0.2793393802977447,0.5,0.516122060857538,0.5454774665744583,30.0,"[0, 1, 2, 3, 4, 5, 6, 7, 8, 9, 10, 11, 12, 13, 14, 15, 16, 17, 18, 19, 20, 21, 22, 23, 24, 25, 26, 27, 28, 29]","[1.044313669204712, 1.0276610851287842, 1.0161652565002441, 0.9707446694374084, 1.0476387739181519, 1.0238860845565796, 1.024275541305542, 1.0295430421829224, 1.0403460264205933, 1.0209044218063354, 0.9959073066711426, 0.9668405652046204, 0.9973688721656799, 1.0227689743041992, 1.0152424573898315, 1.0265593528747559, 0.9630146622657776, 0.9624060988426208, 1.021613597869873, 0.9643847942352295, 1.0092939138412476, 1.0430071353912354, 1.0466010570526123, 0.9867656230926514, 1.0329930782318115, 1.0113824605941772, 1.0313172340393066, 0.995020866394043, 1.025553584098816, 1.0396852493286133]",pca
54,beta,42.0,0.0324,0.2542277574731195,0.2544966362822702,0.2280835688867027,0.5,0.6170359040909652,0.7754835619824496,30.0,"[0, 1, 2, 3, 4, 5, 6, 7, 8, 9, 10, 11, 12, 13, 14, 15, 16, 17, 18, 19, 20, 21, 22, 23, 24, 25, 26, 27, 28, 29]","[0.6764039397239685, 0.6400589942932129, 0.6531693339347839, 0.7122300267219543, 0.57990562915802, 0.6787292957305908, 0.6753199100494385, 0.6737833023071289, 0.6717439889907837, 0.6719846725463867, 0.5876044631004333, 0.6718814969062805, 0.655546247959137, 0.7113363146781921, 0.6706745028495789, 0.6574992537498474, 0.7222012281417847, 0.6658984422683716, 0.6358660459518433, 0.6369483470916748, 0.6851704716682434, 0.5903913378715515, 0.621062695980072, 0.5841197967529297, 0.5997437834739685, 0.5868579745292664, 0.6171792149543762, 0.7025562524795532, 0.692579984664917, 0.6853442788124084]",pca
54,beta,48.0,0.0324,0.2498031228428828,0.2530513014469549,0.2435180584513946,0.5,0.5629727580403544,0.6465018216789036,30.0,"[0, 1, 2, 3, 4, 5, 6, 7, 8, 9, 10, 11, 12, 13, 14, 15, 16, 17, 18, 19, 20, 21, 22, 23, 24, 25, 26, 27, 28, 29]","[0.6764214038848877, 0.6048675775527954, 0.5788764357566833, 0.6607249975204468, 0.581599235534668, 0.6356402635574341, 0.6423213481903076, 0.5769035220146179, 0.7040031552314758, 0.6260471940040588, 0.7129928469657898, 0.671652615070343, 0.5791488289833069, 0.5973645448684692, 0.6805111169815063, 0.5933906435966492, 0.7183622121810913, 0.7066957950592041, 0.6796233654022217, 0.6072452664375305, 0.5909903645515442, 0.6170579195022583, 0.5953877568244934, 0.6402257680892944, 0.6377369165420532, 0.6038671135902405, 0.6827837228775024, 0.6211951375007629, 0.7301861643791199, 0.6970119476318359]",pca
54,beta,54.0,0.0324,0.2668239239096532,0.261450216970319,0.2260551444590056,0.5,0.5889085008255992,0.7854794169561009,30.0,"[0, 1, 2, 3, 4, 5, 6, 7, 8, 9, 10, 11, 12, 13, 14, 15, 16, 17, 18, 19, 20, 21, 22, 23, 24, 25, 26, 27, 28, 29]","[0.6641244292259216, 0.7900351285934448, 0.6523103713989258, 0.675820529460907, 0.7079105377197266, 0.7004940509796143, 0.5948005318641663, 0.6093242168426514, 0.7072656750679016, 0.7313550710678101, 0.7158703804016113, 0.7050984501838684, 0.7958326935768127, 0.6554123759269714, 0.6639990210533142, 0.75297611951828, 0.7019650936126709, 0.6607919931411743, 0.7669938802719116, 0.7568347454071045, 0.7954770922660828, 0.667552649974823, 0.6982640624046326, 0.697551429271698, 0.7325217127799988, 0.7309874296188354, 0.6701427102088928, 0.7473248839378357, 0.775303065776825, 0.7843958735466003]",pca
54,beta,53.0,0.0324,0.2828400882942902,0.2988441562715645,0.2704220164058336,0.5,0.5557471073832179,0.6657693200278487,30.0,"[0, 1, 2, 3, 4, 5, 6, 7, 8, 9, 10, 11, 12, 13, 14, 15, 16, 17, 18, 19, 20, 21, 22, 23, 24, 25, 26, 27, 28, 29]","[0.6295899152755737, 0.598863422870636, 0.5505716800689697, 0.5584111213684082, 0.7343481183052063, 0.713710367679596, 0.6740548610687256, 0.5889903903007507, 0.566007137298584, 0.5649784207344055, 0.653038740158081, 0.6955113410949707, 0.5429610013961792, 0.607225775718689, 0.653470516204834, 0.6816766858100891, 0.7171930074691772, 0.5467187166213989, 0.5602426528930664, 0.7338246703147888, 0.5473911762237549, 0.5938090682029724, 0.5324659943580627, 0.6983530521392822, 0.589357852935791, 0.7014654278755188, 0.5927985906600952, 0.5411480665206909, 0.5691201686859131, 0.6097432374954224]",pca
54,beta,47.0,0.0324,0.244301186216428,0.2471959695438087,0.234342072081164,0.5,0.5301834775168742,0.6849890674018442,30.0,"[0, 1, 2, 3, 4, 5, 6, 7, 8, 9, 10, 11, 12, 13, 14, 15, 16, 17, 18, 19, 20, 21, 22, 23, 24, 25, 26, 27, 28, 29]","[0.5655339360237122, 0.589440107345581, 0.588154673576355, 0.6161983013153076, 0.5690764784812927, 0.5779737830162048, 0.5888564586639404, 0.6077386140823364, 0.6810789704322815, 0.592319130897522, 0.6713786125183105, 0.6276043057441711, 0.652515172958374, 0.6073140501976013, 0.6226285696029663, 0.5946916937828064, 0.713703453540802, 0.6460430026054382, 0.6375453472137451, 0.6785809397697449, 0.575193464756012, 0.6500185132026672, 0.5783531069755554, 0.5508934855461121, 0.6050279140472412, 0.5744073390960693, 0.5412309169769287, 0.5753122568130493, 0.5916410684585571, 0.5277777910232544]",pca
54,beta,30.0,0.0324,0.2555378502535331,0.2554948845890617,0.2426621185693527,0.5,0.5473332739016622,0.6913146015511666,30.0,"[0, 1, 2, 3, 4, 5, 6, 7, 8, 9, 10, 11, 12, 13, 14, 15, 16, 17, 18, 19, 20, 21, 22, 23, 24, 25, 26, 27, 28, 29]","[0.6803451776504517, 0.7622674703598022, 0.7169227004051208, 0.7404614090919495, 0.726696789264679, 0.6384657025337219, 0.7268127202987671, 0.7022520303726196, 0.6654006242752075, 0.7124118208885193, 0.62489253282547, 0.7016831636428833, 0.729972243309021, 0.649152398109436, 0.6465269923210144, 0.587512195110321, 0.679118812084198, 0.5712517499923706, 0.6840762495994568, 0.7197703719139099, 0.7051870822906494, 0.6986598968505859, 0.6285607814788818, 0.6812387108802795, 0.7026630640029907, 0.7383167147636414, 0.59233158826828, 0.691299557685852, 0.5580386519432068, 0.6011860370635986]",pca
54,beta,50.0,0.0324,0.2806971732872111,0.2937165317340022,0.2672010535433194,0.5,0.5547957063711911,0.710194482917821,30.0,"[0, 1, 2, 3, 4, 5, 6, 7, 8, 9, 10, 11, 12, 13, 14, 15, 16, 17, 18, 19, 20, 21, 22, 23, 24, 25, 26, 27, 28, 29]","[0.4010702073574066, 0.3722609281539917, 0.47365182638168335, 0.4110602140426636, 0.513222336769104, 0.5168059468269348, 0.39694324135780334, 0.5054301619529724, 0.3787365257740021, 0.44832170009613037, 0.4063040018081665, 0.4593299627304077, 0.5527200102806091, 0.3766863942146301, 0.4386778175830841, 0.4243469834327698, 0.4630170464515686, 0.4542771577835083, 0.4559321999549866, 0.5201073884963989, 0.5364648103713989, 0.5832918882369995, 0.496882826089859, 0.5272290110588074, 0.4651350677013397, 0.4434110224246979, 0.4608454406261444, 0.4371192157268524, 0.5165937542915344, 0.5137848854064941]",pca
54,beta,52.0,0.0324,0.2660503348001611,0.2747881230267292,0.2574786712553648,0.5,0.5309645923041058,0.6900386714571733,30.0,"[0, 1, 2, 3, 4, 5, 6, 7, 8, 9, 10, 11, 12, 13, 14, 15, 16, 17, 18, 19, 20, 21, 22, 23, 24, 25, 26, 27, 28, 29]","[0.6676157116889954, 0.5685998797416687, 0.55739426612854, 0.5042873620986938, 0.5891589522361755, 0.6909099817276001, 0.7285767197608948, 0.7008793354034424, 0.5899800062179565, 0.5840117335319519, 0.5851935744285583, 0.608452558517456, 0.5796924233436584, 0.619073212146759, 0.6356655955314636, 0.5791794061660767, 0.5664941072463989, 0.6024556756019592, 0.5889458060264587, 0.5897833108901978, 0.5892003774642944, 0.5438328981399536, 0.6012868881225586, 0.5575345158576965, 0.6012676954269409, 0.5892378091812134, 0.5794121623039246, 0.6658852100372314, 0.6142224073410034, 0.572704553604126]",pca
54,beta,32.0,0.0324,0.2565291715759179,0.2501939974533648,0.2338850463297705,0.5,0.5481308097587168,0.7280571495687773,30.0,"[0, 1, 2, 3, 4, 5, 6, 7, 8, 9, 10, 11, 12, 13, 14, 15, 16, 17, 18, 19, 20, 21, 22, 23, 24, 25, 26, 27, 28, 29]","[0.5887432098388672, 0.5777787566184998, 0.6053963303565979, 0.6324966549873352, 0.5638381838798523, 0.5362741351127625, 0.5775302648544312, 0.5650873184204102, 0.6449292302131653, 0.6125645041465759, 0.6023179888725281, 0.5399914383888245, 0.562690258026123, 0.6326091289520264, 0.6115320920944214, 0.5101823210716248, 0.5859320163726807, 0.6393266320228577, 0.5663241744041443, 0.5152373313903809, 0.6115950345993042, 0.5716128945350647, 0.6246424317359924, 0.47074103355407715, 0.5315307974815369, 0.5061553120613098, 0.5341910123825073, 0.6433480978012085, 0.512416660785675, 0.5168042778968811]",pca
54,beta,57.0,0.0324,0.2716365086065577,0.2774155886385541,0.2468877351469938,0.5,0.5939208069242827,0.7660601104068697,30.0,"[0, 1, 2, 3, 4, 5, 6, 7, 8, 9, 10, 11, 12, 13, 14, 15, 16, 17, 18, 19, 20, 21, 22, 23, 24, 25, 26, 27, 28, 29]","[0.7070306539535522, 0.7254443764686584, 0.6650713682174683, 0.6450231075286865, 0.5893759727478027, 0.6667532920837402, 0.7226151823997498, 0.6969569325447083, 0.632175087928772, 0.8239863514900208, 0.7119848132133484, 0.7878756523132324, 0.717343270778656, 0.7946905493736267, 0.6744948029518127, 0.6037942171096802, 0.7888152003288269, 0.6794686913490295, 0.6823310852050781, 0.7794706225395203, 0.7171372175216675, 0.6406069993972778, 0.6841504573822021, 0.737747311592102, 0.6546837091445923, 0.7648553848266602, 0.7089499831199646, 0.7252448797225952, 0.5635693669319153, 0.6598252058029175]",pca
54,beta,36.0,0.0324,0.2630909489506219,0.267453714671273,0.237744477201871,0.5,0.5659757516830924,0.7665915351865764,30.0,"[0, 1, 2, 3, 4, 5, 6, 7, 8, 9, 10, 11, 12, 13, 14, 15, 16, 17, 18, 19, 20, 21, 22, 23, 24, 25, 26, 27, 28, 29]","[0.6867182850837708, 0.6782119870185852, 0.6076313853263855, 0.6021357774734497, 0.6940967440605164, 0.6780713200569153, 0.6468353271484375, 0.5651959776878357, 0.7305318117141724, 0.7199233174324036, 0.7767174243927002, 0.5643405914306641, 0.6314924359321594, 0.7062484622001648, 0.6318228840827942, 0.6341751217842102, 0.6937938928604126, 0.6744610667228699, 0.7528170943260193, 0.687436044216156, 0.6152121424674988, 0.5996987223625183, 0.6090448498725891, 0.5776891112327576, 0.6684845685958862, 0.7378347516059875, 0.6145029067993164, 0.5822181105613708, 0.60564124584198, 0.6307632327079773]",pca
54,beta,51.0,0.0324,0.2653632416970451,0.2803790860314156,0.2623871339252138,0.5,0.4510293560137797,0.6262918459180142,30.0,"[0, 1, 2, 3, 4, 5, 6, 7, 8, 9, 10, 11, 12, 13, 14, 15, 16, 17, 18, 19, 20, 21, 22, 23, 24, 25, 26, 27, 28, 29]","[0.6442568302154541, 0.7168196439743042, 0.6120927929878235, 0.669999361038208, 0.6343053579330444, 0.6561457514762878, 0.6422485709190369, 0.6976776123046875, 0.6325925588607788, 0.6041235327720642, 0.5592373609542847, 0.7263188362121582, 0.624183714389801, 0.7373491525650024, 0.7555537223815918, 0.6974416375160217, 0.5815598964691162, 0.593923807144165, 0.5848670601844788, 0.753424346446991, 0.654335618019104, 0.5948053002357483, 0.6273960471153259, 0.7090251445770264, 0.5909493565559387, 0.7779389023780823, 0.6169302463531494, 0.6047824025154114, 0.6525872349739075, 0.70257169008255]",pca
54,beta,60.0,0.0324,0.2702979227225785,0.2784063908829987,0.2547198099575984,0.5,0.5827444134078212,0.7344413407821231,30.0,"[0, 1, 2, 3, 4, 5, 6, 7, 8, 9, 10, 11, 12, 13, 14, 15, 16, 17, 18, 19, 20, 21, 22, 23, 24, 25, 26, 27, 28, 29]","[0.6918184757232666, 0.7154349088668823, 0.756489634513855, 0.7327446937561035, 0.7014114856719971, 0.7166504859924316, 0.7286932468414307, 0.7575541734695435, 0.7482895851135254, 0.7421018481254578, 0.6802089214324951, 0.6257495284080505, 0.7493141293525696, 0.7218905687332153, 0.711365818977356, 0.6956053972244263, 0.7246028184890747, 0.7166572213172913, 0.7601495981216431, 0.7158180475234985, 0.7815450429916382, 0.7168959975242615, 0.7117851972579956, 0.7213805317878723, 0.7429134249687195, 0.7112483382225037, 0.7108604311943054, 0.7729986310005188, 0.6007709503173828, 0.6644479036331177]",pca
54,beta,49.0,0.0324,0.2582229900942229,0.2597201314684466,0.2266084772352731,0.5,0.5452803030303031,0.7698257575757577,30.0,"[0, 1, 2, 3, 4, 5, 6, 7, 8, 9, 10, 11, 12, 13, 14, 15, 16, 17, 18, 19, 20, 21, 22, 23, 24, 25, 26, 27, 28, 29]","[0.5825532078742981, 0.6195899844169617, 0.5729076862335205, 0.6684168577194214, 0.6384979486465454, 0.6189954876899719, 0.5653027892112732, 0.6454620957374573, 0.650911271572113, 0.5679909586906433, 0.5966702103614807, 0.601487934589386, 0.6290955543518066, 0.5890548229217529, 0.5605919361114502, 0.530526876449585, 0.6207815408706665, 0.6038863658905029, 0.6255495548248291, 0.6848958134651184, 0.6160268783569336, 0.5521522164344788, 0.5919049382209778, 0.5625962615013123, 0.53256756067276, 0.6084986925125122, 0.5941482186317444, 0.6071553230285645, 0.6179131269454956, 0.5931918025016785]",pca
54,beta,22.0,0.0324,0.2837419185874003,0.3046494117796562,0.2755502008508328,0.5,0.4992868004252284,0.6855933685896142,30.0,"[0, 1, 2, 3, 4, 5, 6, 7, 8, 9, 10, 11, 12, 13, 14, 15, 16, 17, 18, 19, 20, 21, 22, 23, 24, 25, 26, 27, 28, 29]","[0.47102007269859314, 0.4804007411003113, 0.5157833099365234, 0.36083918809890747, 0.44647014141082764, 0.5110622644424438, 0.33510780334472656, 0.4302697479724884, 0.38483670353889465, 0.4693490266799927, 0.4971967041492462, 0.47443750500679016, 0.49473458528518677, 0.5067243576049805, 0.4779067039489746, 0.3931001126766205, 0.38102394342422485, 0.3797699511051178, 0.39002153277397156, 0.5033520460128784, 0.47758716344833374, 0.34287428855895996, 0.48604777455329895, 0.3452524244785309, 0.4024409055709839, 0.3588614761829376, 0.46015775203704834, 0.43664002418518066, 0.4403160512447357, 0.3633404076099396]",pca
54,beta,61.0,0.0324,0.2666808908116042,0.2787953789513775,0.2521810314053196,0.5,0.5541045766503622,0.6994046941948204,30.0,"[0, 1, 2, 3, 4, 5, 6, 7, 8, 9, 10, 11, 12, 13, 14, 15, 16, 17, 18, 19, 20, 21, 22, 23, 24, 25, 26, 27, 28, 29]","[0.6512039303779602, 0.7002081871032715, 0.6081520915031433, 0.6143432259559631, 0.6965349912643433, 0.7517262697219849, 0.5706141591072083, 0.7359563708305359, 0.61346834897995, 0.6445456743240356, 0.67168128490448, 0.5857353806495667, 0.6247214674949646, 0.6661226749420166, 0.5963017344474792, 0.6516733765602112, 0.6230131387710571, 0.6059367656707764, 0.6247121095657349, 0.6960335373878479, 0.7164230346679688, 0.6433424949645996, 0.6811702847480774, 0.6333343982696533, 0.6595425009727478, 0.7238304615020752, 0.5870510935783386, 0.6051504611968994, 0.6434937119483948, 0.6770651340484619]",pca
54,beta,35.0,0.0324,0.2641395659539723,0.277191254505418,0.2584848162961997,0.5,0.5484035589873306,0.6881078642377984,30.0,"[0, 1, 2, 3, 4, 5, 6, 7, 8, 9, 10, 11, 12, 13, 14, 15, 16, 17, 18, 19, 20, 21, 22, 23, 24, 25, 26, 27, 28, 29]","[0.6002252697944641, 0.5192390084266663, 0.6002219915390015, 0.6077935099601746, 0.6584481000900269, 0.6557045578956604, 0.6034926772117615, 0.6041723489761353, 0.7011843919754028, 0.7046048641204834, 0.5657119154930115, 0.6564875841140747, 0.6730316877365112, 0.7028921842575073, 0.7023163437843323, 0.600405752658844, 0.6067529320716858, 0.7034025192260742, 0.5418667197227478, 0.6042986512184143, 0.6066465973854065, 0.6784992218017578, 0.5579482913017273, 0.5486468076705933, 0.7210161089897156, 0.622414767742157, 0.7221062183380127, 0.6260700821876526, 0.6629632711410522, 0.6264611482620239]",pca
54,beta,70.0,0.0324,0.2652010620051332,0.2652523568396527,0.2469988105051264,0.5,0.5881964243288191,0.7333763958184842,30.0,"[0, 1, 2, 3, 4, 5, 6, 7, 8, 9, 10, 11, 12, 13, 14, 15, 16, 17, 18, 19, 20, 21, 22, 23, 24, 25, 26, 27, 28, 29]","[0.6702437996864319, 0.7098537087440491, 0.6158064007759094, 0.6445344090461731, 0.7003252506256104, 0.6973863244056702, 0.654242992401123, 0.7180055975914001, 0.6213482022285461, 0.6711535453796387, 0.6819177865982056, 0.670688271522522, 0.6764823794364929, 0.7086973190307617, 0.6686177849769592, 0.6934022903442383, 0.6931921243667603, 0.707345724105835, 0.6582699418067932, 0.6849479675292969, 0.7097948789596558, 0.6988731622695923, 0.6765076518058777, 0.6686276197433472, 0.7083045840263367, 0.6540232300758362, 0.654572069644928, 0.6774013042449951, 0.6685057878494263, 0.6795247197151184]",pca
54,beta,78.0,0.0324,0.2773358384199397,0.2887072442135551,0.256850891258137,0.5,0.5240661440147573,0.7340206864747348,30.0,"[0, 1, 2, 3, 4, 5, 6, 7, 8, 9, 10, 11, 12, 13, 14, 15, 16, 17, 18, 19, 20, 21, 22, 23, 24, 25, 26, 27, 28, 29]","[0.662245512008667, 0.7253629565238953, 0.6398059725761414, 0.7909790873527527, 0.6932122707366943, 0.6982256174087524, 0.633097231388092, 0.7253779768943787, 0.7894517779350281, 0.7375425100326538, 0.6112086176872253, 0.7344159483909607, 0.7266051173210144, 0.6327593922615051, 0.7729020118713379, 0.710715115070343, 0.6971560120582581, 0.6375377178192139, 0.6842355728149414, 0.6134577989578247, 0.7131462097167969, 0.713988184928894, 0.7230436205863953, 0.6013860702514648, 0.6926686763763428, 0.6209329962730408, 0.7365278005599976, 0.6567674875259399, 0.6014602184295654, 0.671363115310669]",pca
54,beta,80.0,0.0324,0.2894505653834459,0.2995603603371783,0.2651470596797858,0.5,0.5564765291182359,0.7476260196611587,30.0,"[0, 1, 2, 3, 4, 5, 6, 7, 8, 9, 10, 11, 12, 13, 14, 15, 16, 17, 18, 19, 20, 21, 22, 23, 24, 25, 26, 27, 28, 29]","[0.5695628523826599, 0.6148025393486023, 0.6805341839790344, 0.6580145955085754, 0.6955587863922119, 0.6139192581176758, 0.6297407150268555, 0.6032581329345703, 0.5573413372039795, 0.6844431757926941, 0.5993586778640747, 0.6837556958198547, 0.6029871702194214, 0.5662741661071777, 0.6892576217651367, 0.6434645652770996, 0.5904447436332703, 0.6249890327453613, 0.7183915972709656, 0.6454920172691345, 0.6705082058906555, 0.6899372935295105, 0.7476792335510254, 0.6477743983268738, 0.6077845692634583, 0.6552625894546509, 0.6896578669548035, 0.5888981223106384, 0.6210330724716187, 0.615857720375061]",pca
54,beta,40.0,0.0324,0.2685871728842996,0.2855364342279729,0.2559112612696793,0.5,0.4751374965190754,0.7089163881927041,30.0,"[0, 1, 2, 3, 4, 5, 6, 7, 8, 9, 10, 11, 12, 13, 14, 15, 16, 17, 18, 19, 20, 21, 22, 23, 24, 25, 26, 27, 28, 29]","[0.6363416910171509, 0.6888540983200073, 0.7269099354743958, 0.6550119519233704, 0.6351732015609741, 0.6274691820144653, 0.5292349457740784, 0.5600093007087708, 0.6488386988639832, 0.6887379884719849, 0.6212373375892639, 0.6818994283676147, 0.6050615310668945, 0.6432082056999207, 0.6317353248596191, 0.6392456293106079, 0.6754150390625, 0.5472233295440674, 0.5691978931427002, 0.6426039338111877, 0.6254673600196838, 0.6753205060958862, 0.7089486122131348, 0.5841214060783386, 0.6630426645278931, 0.7028786540031433, 0.5416941046714783, 0.5754253268241882, 0.5662674307823181, 0.6513585448265076]",pca
54,beta,72.0,0.0324,0.2747818731992664,0.2886924695010278,0.2607109965552701,0.5,0.5651110050131296,0.6407522346887351,30.0,"[0, 1, 2, 3, 4, 5, 6, 7, 8, 9, 10, 11, 12, 13, 14, 15, 16, 17, 18, 19, 20, 21, 22, 23, 24, 25, 26, 27, 28, 29]","[0.9395042061805725, 0.8009095788002014, 0.8799718022346497, 0.9502450227737427, 0.9379847645759583, 0.8937975168228149, 0.90343177318573, 0.9517689347267151, 0.9473103880882263, 0.9241352677345276, 0.9517333507537842, 0.9301963448524475, 0.919214129447937, 0.9323652386665344, 0.9346363544464111, 0.9414059519767761, 0.9363764524459839, 0.9235789179801941, 0.9050145745277405, 0.9007837772369385, 0.9543793797492981, 0.9157562255859375, 0.9197397232055664, 0.9459251761436462, 0.9072718024253845, 0.9120131134986877, 0.9018931984901428, 0.8935072422027588, 0.9225226044654846, 0.8828882575035095]",pca
54,beta,38.0,0.0324,0.2764934480530646,0.2874560306968496,0.2666877774857802,0.5,0.562104915026195,0.6609917243556498,30.0,"[0, 1, 2, 3, 4, 5, 6, 7, 8, 9, 10, 11, 12, 13, 14, 15, 16, 17, 18, 19, 20, 21, 22, 23, 24, 25, 26, 27, 28, 29]","[0.6334254145622253, 0.6065737009048462, 0.4854532778263092, 0.5828441381454468, 0.600319504737854, 0.5865560173988342, 0.5938377976417542, 0.6324310898780823, 0.4712226688861847, 0.6549243927001953, 0.6171954274177551, 0.5736497640609741, 0.477791965007782, 0.6260548830032349, 0.5679510831832886, 0.575340986251831, 0.5751173496246338, 0.5917885899543762, 0.6191652417182922, 0.5816057920455933, 0.6852169036865234, 0.6654136180877686, 0.4997394382953644, 0.6431336402893066, 0.47707509994506836, 0.5971555709838867, 0.6125802993774414, 0.47351759672164917, 0.5952764749526978, 0.6171914935112]",pca
54,beta,34.0,0.0324,0.2561244901463063,0.2600009540622886,0.2429525535557639,0.5,0.5232020943483394,0.7144653765207124,30.0,"[0, 1, 2, 3, 4, 5, 6, 7, 8, 9, 10, 11, 12, 13, 14, 15, 16, 17, 18, 19, 20, 21, 22, 23, 24, 25, 26, 27, 28, 29]","[0.6021853089332581, 0.7170136570930481, 0.7038842439651489, 0.567848265171051, 0.4450056850910187, 0.5950005650520325, 0.5725933909416199, 0.7115116715431213, 0.6444884538650513, 0.5681565403938293, 0.6862570643424988, 0.7187602519989014, 0.6561504006385803, 0.6665149331092834, 0.7252662181854248, 0.5407301783561707, 0.6999331712722778, 0.6561376452445984, 0.6913468241691589, 0.6758758425712585, 0.6072587370872498, 0.6714545488357544, 0.7162838578224182, 0.6491643786430359, 0.6926718950271606, 0.6750213503837585, 0.5766212344169617, 0.585938572883606, 0.6559411287307739, 0.5934582948684692]",pca
54,beta,55.0,0.0324,0.2890981446017616,0.3079935103187905,0.2931152486094189,0.5,0.5393158424270568,0.6195276423393441,30.0,"[0, 1, 2, 3, 4, 5, 6, 7, 8, 9, 10, 11, 12, 13, 14, 15, 16, 17, 18, 19, 20, 21, 22, 23, 24, 25, 26, 27, 28, 29]","[0.7318936586380005, 0.7002412676811218, 0.7246644496917725, 0.780666172504425, 0.7256352305412292, 0.7522230744361877, 0.7343262434005737, 0.7429978251457214, 0.7131771445274353, 0.7281787395477295, 0.6992438435554504, 0.7630041241645813, 0.7381229996681213, 0.7432116270065308, 0.647163450717926, 0.7420573830604553, 0.7120276689529419, 0.7403874397277832, 0.7381836175918579, 0.7410803437232971, 0.7243529558181763, 0.5838327407836914, 0.7027882933616638, 0.583189070224762, 0.7526764273643494, 0.6298204660415649, 0.6387804746627808, 0.7692126035690308, 0.7203933596611023, 0.5888787508010864]",pca
54,beta,68.0,0.0324,0.2666116929138221,0.2716700927224827,0.2465263303787354,0.5,0.5379961634941715,0.7088216335437976,30.0,"[0, 1, 2, 3, 4, 5, 6, 7, 8, 9, 10, 11, 12, 13, 14, 15, 16, 17, 18, 19, 20, 21, 22, 23, 24, 25, 26, 27, 28, 29]","[0.6911864280700684, 0.5833295583724976, 0.6701163053512573, 0.7108929753303528, 0.7061705589294434, 0.7805581092834473, 0.6641127467155457, 0.6797810792922974, 0.6809068322181702, 0.7012951970100403, 0.6843956708908081, 0.6840164661407471, 0.6833439469337463, 0.6271407008171082, 0.6290332078933716, 0.7241418957710266, 0.6858044862747192, 0.6559706330299377, 0.6937055587768555, 0.716288149356842, 0.7079399228096008, 0.6495845317840576, 0.6927345991134644, 0.6801071166992188, 0.6831863522529602, 0.6841552257537842, 0.7353355884552002, 0.6736838221549988, 0.6932353973388672, 0.6609538793563843]",pca
54,beta,69.0,0.0324,0.2828113872021442,0.2933967642697681,0.2583918419974398,0.5,0.5851696375426836,0.7473011497133549,30.0,"[0, 1, 2, 3, 4, 5, 6, 7, 8, 9, 10, 11, 12, 13, 14, 15, 16, 17, 18, 19, 20, 21, 22, 23, 24, 25, 26, 27, 28, 29]","[0.7369803190231323, 0.7091320157051086, 0.7361679077148438, 0.6917798519134521, 0.7185262441635132, 0.6807228326797485, 0.7269840836524963, 0.68089759349823, 0.6121063828468323, 0.7015239000320435, 0.7296239137649536, 0.712559700012207, 0.7008005976676941, 0.6755675077438354, 0.7496764063835144, 0.6805136799812317, 0.6901455521583557, 0.689372181892395, 0.6479400396347046, 0.687344491481781, 0.7143406271934509, 0.7206001281738281, 0.7058602571487427, 0.6934484839439392, 0.7078220248222351, 0.5823948383331299, 0.6818862557411194, 0.5869500041007996, 0.718777060508728, 0.6505223512649536]",pca
54,beta,58.0,0.0324,0.2776984109677508,0.2902583182972239,0.2675343637809907,0.5,0.5409589155719187,0.7086296823138929,30.0,"[0, 1, 2, 3, 4, 5, 6, 7, 8, 9, 10, 11, 12, 13, 14, 15, 16, 17, 18, 19, 20, 21, 22, 23, 24, 25, 26, 27, 28, 29]","[0.7030420303344727, 0.7907991409301758, 0.7102501392364502, 0.7523568868637085, 0.6196691393852234, 0.7869946360588074, 0.698844850063324, 0.7541726231575012, 0.7576606273651123, 0.7294872403144836, 0.7431398034095764, 0.7338668704032898, 0.6793497204780579, 0.717149555683136, 0.8037635087966919, 0.738868772983551, 0.7325136065483093, 0.7317932844161987, 0.6827991008758545, 0.7355287671089172, 0.671107292175293, 0.7110548615455627, 0.7134349346160889, 0.7485128045082092, 0.6309537291526794, 0.7013552188873291, 0.7273760437965393, 0.7586343884468079, 0.690679132938385, 0.7838522791862488]",pca
54,beta,65.0,0.0324,0.2811275984066043,0.2936760819548088,0.2675943021687293,0.5,0.558298706124793,0.6097969663187055,30.0,"[0, 1, 2, 3, 4, 5, 6, 7, 8, 9, 10, 11, 12, 13, 14, 15, 16, 17, 18, 19, 20, 21, 22, 23, 24, 25, 26, 27, 28, 29]","[1.0921767950057983, 1.0828118324279785, 1.0025321245193481, 1.0096124410629272, 1.0235432386398315, 1.0827081203460693, 1.1251689195632935, 1.1030141115188599, 1.0843733549118042, 1.0818127393722534, 1.0847842693328857, 1.0926133394241333, 1.1042262315750122, 1.0887898206710815, 1.093044400215149, 1.0699403285980225, 1.0805015563964844, 1.099901556968689, 1.059478759765625, 1.0919294357299805, 1.0955922603607178, 1.1132395267486572, 1.0866636037826538, 1.0053123235702515, 0.992928683757782, 1.0937201976776123, 1.0118722915649414, 1.0797879695892334, 1.0999749898910522, 1.087022304534912]",pca
54,beta,88.0,0.0324,0.278952940337224,0.2900466018878506,0.2789670423829547,0.5,0.5941158749503609,0.6424610075725417,30.0,"[0, 1, 2, 3, 4, 5, 6, 7, 8, 9, 10, 11, 12, 13, 14, 15, 16, 17, 18, 19, 20, 21, 22, 23, 24, 25, 26, 27, 28, 29]","[0.8250405192375183, 0.7206498384475708, 0.7363618612289429, 0.800666332244873, 0.667433500289917, 0.7322942614555359, 0.730964183807373, 0.7999721169471741, 0.6806445717811584, 0.8460325002670288, 0.705578625202179, 0.7414370775222778, 0.6793854236602783, 0.7164936065673828, 0.7030672430992126, 0.7453048229217529, 0.7323601841926575, 0.6857728958129883, 0.754115104675293, 0.7800301313400269, 0.7207716107368469, 0.6842403411865234, 0.6626368761062622, 0.8524979948997498, 0.7384998202323914, 0.7641031742095947, 0.8317434191703796, 0.7175408601760864, 0.7437366247177124, 0.7736966609954834]",pca
54,beta,64.0,0.0324,0.2608413222087862,0.266630541445648,0.2498751567021423,0.5,0.5822053714344726,0.7155618172296025,30.0,"[0, 1, 2, 3, 4, 5, 6, 7, 8, 9, 10, 11, 12, 13, 14, 15, 16, 17, 18, 19, 20, 21, 22, 23, 24, 25, 26, 27, 28, 29]","[0.5600078701972961, 0.6424916386604309, 0.6220729351043701, 0.6280978918075562, 0.6230247020721436, 0.7462812662124634, 0.653292715549469, 0.5749975442886353, 0.577292263507843, 0.5727617144584656, 0.6451537609100342, 0.5782371163368225, 0.6140937805175781, 0.6833259463310242, 0.7024427652359009, 0.6079534888267517, 0.6703704595565796, 0.6571382880210876, 0.5631369352340698, 0.4808126986026764, 0.6647561192512512, 0.5017589926719666, 0.5765727162361145, 0.62514728307724, 0.6976227760314941, 0.5886049866676331, 0.566810667514801, 0.48984208703041077, 0.5040920972824097, 0.6587591171264648]",pca
54,beta,45.0,0.0324,0.2788619810388606,0.2856205074282529,0.2665158088461146,0.5,0.6329047748131511,0.6424505285985361,30.0,"[0, 1, 2, 3, 4, 5, 6, 7, 8, 9, 10, 11, 12, 13, 14, 15, 16, 17, 18, 19, 20, 21, 22, 23, 24, 25, 26, 27, 28, 29]","[0.6794988512992859, 0.7515109777450562, 0.6976422071456909, 0.7068471312522888, 0.6614589095115662, 0.5614417791366577, 0.6542035341262817, 0.640936017036438, 0.5033486485481262, 0.6276690363883972, 0.6197318434715271, 0.6447712779045105, 0.6166093945503235, 0.5297560691833496, 0.5136986374855042, 0.6687195301055908, 0.715526819229126, 0.6024942398071289, 0.6495118141174316, 0.673019289970398, 0.6865515112876892, 0.6357858180999756, 0.6308261156082153, 0.6399600505828857, 0.5698374509811401, 0.7311844229698181, 0.6334974765777588, 0.6829797029495239, 0.6034852862358093, 0.637829601764679]",pca
54,beta,63.0,0.0324,0.2736141996295413,0.2849278515125376,0.2510759475986778,0.5,0.544439061721114,0.7359633787588377,30.0,"[0, 1, 2, 3, 4, 5, 6, 7, 8, 9, 10, 11, 12, 13, 14, 15, 16, 17, 18, 19, 20, 21, 22, 23, 24, 25, 26, 27, 28, 29]","[0.6687923669815063, 0.7286326885223389, 0.7304810285568237, 0.8040920495986938, 0.7546617388725281, 0.7382234334945679, 0.8025026917457581, 0.8152623772621155, 0.7955793142318726, 0.6793830990791321, 0.7270937561988831, 0.6794540286064148, 0.6053004264831543, 0.6571429371833801, 0.6002580523490906, 0.7914267182350159, 0.815933108329773, 0.7440126538276672, 0.7823358178138733, 0.6549322009086609, 0.7840597629547119, 0.7889843583106995, 0.7044055461883545, 0.7782727479934692, 0.6039748787879944, 0.7495800256729126, 0.6973420977592468, 0.6388096213340759, 0.6728760600090027, 0.7569242715835571]",pca
54,beta,67.0,0.0324,0.2464821566014883,0.245145309780352,0.2271026634088053,0.5,0.5837266287947431,0.7263372702274679,30.0,"[0, 1, 2, 3, 4, 5, 6, 7, 8, 9, 10, 11, 12, 13, 14, 15, 16, 17, 18, 19, 20, 21, 22, 23, 24, 25, 26, 27, 28, 29]","[0.7178447246551514, 0.6567996740341187, 0.6325352191925049, 0.5666557550430298, 0.5867407917976379, 0.5926888585090637, 0.5948858857154846, 0.5957500338554382, 0.5731298327445984, 0.6440154910087585, 0.677121102809906, 0.633447527885437, 0.6895793080329895, 0.6803505420684814, 0.7034160494804382, 0.6398876309394836, 0.5628265738487244, 0.6128392219543457, 0.5523855686187744, 0.594802737236023, 0.6140259504318237, 0.6221257448196411, 0.6984474658966064, 0.7009716629981995, 0.7002530097961426, 0.7009967565536499, 0.7272744178771973, 0.6222267746925354, 0.6840652227401733, 0.5850774049758911]",pca
54,beta,43.0,0.0324,0.2788020331952037,0.2885110466452057,0.252687124348752,0.5,0.5885302371357513,0.773989546343215,30.0,"[0, 1, 2, 3, 4, 5, 6, 7, 8, 9, 10, 11, 12, 13, 14, 15, 16, 17, 18, 19, 20, 21, 22, 23, 24, 25, 26, 27, 28, 29]","[0.5720328092575073, 0.5548137426376343, 0.562472939491272, 0.6272318959236145, 0.5502103567123413, 0.5954253077507019, 0.6320827007293701, 0.7209792137145996, 0.5432271957397461, 0.673173189163208, 0.5469193458557129, 0.771869957447052, 0.6440858840942383, 0.6561064124107361, 0.5504013299942017, 0.586953341960907, 0.5439291596412659, 0.5790174007415771, 0.7236766219139099, 0.585699737071991, 0.6027193665504456, 0.6197552680969238, 0.738030195236206, 0.6121993064880371, 0.6167013645172119, 0.5521422624588013, 0.5913135409355164, 0.659019410610199, 0.5772026181221008, 0.7232593894004822]",pca
54,beta,83.0,0.0324,0.2792181290810143,0.2848799948093335,0.2499905301327045,0.5,0.614604656240618,0.6677174595376512,30.0,"[0, 1, 2, 3, 4, 5, 6, 7, 8, 9, 10, 11, 12, 13, 14, 15, 16, 17, 18, 19, 20, 21, 22, 23, 24, 25, 26, 27, 28, 29]","[1.0381641387939453, 1.0098164081573486, 1.0000559091567993, 1.0449225902557373, 1.021904706954956, 1.022809624671936, 1.0205254554748535, 1.0210744142532349, 1.0347261428833008, 1.0628364086151123, 1.028664469718933, 1.0270718336105347, 0.9650939106941223, 0.9602187871932983, 0.9484385251998901, 1.021084189414978, 1.0228623151779175, 1.052952527999878, 1.0341675281524658, 1.0072218179702759, 1.0564333200454712, 1.0256460905075073, 1.0169497728347778, 0.9492653608322144, 1.0224000215530396, 1.0105814933776855, 0.9761090278625488, 0.9663206338882446, 1.0144374370574951, 1.0033032894134521]",pca
54,beta,94.0,0.0324,0.2619885292554274,0.2654857551018414,0.2583377429498645,0.5,0.5838802296964725,0.6701775459978905,30.0,"[0, 1, 2, 3, 4, 5, 6, 7, 8, 9, 10, 11, 12, 13, 14, 15, 16, 17, 18, 19, 20, 21, 22, 23, 24, 25, 26, 27, 28, 29]","[0.6532539129257202, 0.6822676658630371, 0.5133737325668335, 0.6502478122711182, 0.6781409382820129, 0.7272946238517761, 0.6413808465003967, 0.6853500008583069, 0.6411185264587402, 0.5851307511329651, 0.7247276306152344, 0.7227895259857178, 0.6815354228019714, 0.6353241205215454, 0.7345823049545288, 0.6621158719062805, 0.7115020751953125, 0.6694842576980591, 0.7041255235671997, 0.6658716797828674, 0.6339802145957947, 0.6711667776107788, 0.7112640738487244, 0.6193881034851074, 0.6945655345916748, 0.5793660283088684, 0.5474959015846252, 0.5994336009025574, 0.648383378982544, 0.6156819462776184]",pca
54,beta,85.0,0.0324,0.2484045978567504,0.2465677162774161,0.2197075729641512,0.5,0.5385326311938617,0.7728187305652094,30.0,"[0, 1, 2, 3, 4, 5, 6, 7, 8, 9, 10, 11, 12, 13, 14, 15, 16, 17, 18, 19, 20, 21, 22, 23, 24, 25, 26, 27, 28, 29]","[0.609015166759491, 0.622217059135437, 0.5578122735023499, 0.5846677422523499, 0.6004821062088013, 0.5833610892295837, 0.5972656607627869, 0.5884087681770325, 0.5969265699386597, 0.5988824367523193, 0.5751673579216003, 0.6141007542610168, 0.5635614395141602, 0.6015334129333496, 0.631725549697876, 0.5619442462921143, 0.5829607248306274, 0.5077924728393555, 0.5114853978157043, 0.6177971363067627, 0.6072602272033691, 0.6023685932159424, 0.5755665898323059, 0.6490417122840881, 0.6110811233520508, 0.47645336389541626, 0.6132241487503052, 0.606920599937439, 0.5964528322219849, 0.6255766153335571]",pca
54,beta,95.0,0.0324,0.2575904294361886,0.2557878175799961,0.2370527523499737,0.5,0.5849950396825396,0.7501653439153438,30.0,"[0, 1, 2, 3, 4, 5, 6, 7, 8, 9, 10, 11, 12, 13, 14, 15, 16, 17, 18, 19, 20, 21, 22, 23, 24, 25, 26, 27, 28, 29]","[0.6658860445022583, 0.528457760810852, 0.6155200600624084, 0.6888766288757324, 0.5717121958732605, 0.652888298034668, 0.5770971179008484, 0.5703028440475464, 0.5057002902030945, 0.6660765409469604, 0.6552952527999878, 0.5871394276618958, 0.5304169654846191, 0.5779634714126587, 0.6016327738761902, 0.6820231080055237, 0.6214644908905029, 0.582254946231842, 0.5687466263771057, 0.597233772277832, 0.6453344225883484, 0.5963996648788452, 0.5889691710472107, 0.5372917652130127, 0.6300225257873535, 0.5968165993690491, 0.5669095516204834, 0.5724111795425415, 0.5689405202865601, 0.6333735585212708]",pca
54,beta,41.0,0.0324,0.2522182548186293,0.2566719547001531,0.2457032208222655,0.5,0.4964099216710183,0.6248219795869926,30.0,"[0, 1, 2, 3, 4, 5, 6, 7, 8, 9, 10, 11, 12, 13, 14, 15, 16, 17, 18, 19, 20, 21, 22, 23, 24, 25, 26, 27, 28, 29]","[0.45394450426101685, 0.399912029504776, 0.41438576579093933, 0.46445363759994507, 0.48187577724456787, 0.48976749181747437, 0.4874474108219147, 0.3795493543148041, 0.497567743062973, 0.44263941049575806, 0.4777028262615204, 0.4687155783176422, 0.46387261152267456, 0.37099212408065796, 0.47348159551620483, 0.38081735372543335, 0.38313060998916626, 0.3648369312286377, 0.46369072794914246, 0.3572755455970764, 0.5345535278320312, 0.3926360607147217, 0.46137142181396484, 0.38257360458374023, 0.47454023361206055, 0.3749598264694214, 0.37082639336586, 0.5133145451545715, 0.36940038204193115, 0.4474835991859436]",pca
54,beta,2.0,0.0378,0.2495620960358432,0.2434427663431785,0.2198160201331256,0.5,0.6279682750759878,0.7707383485309017,30.0,"[0, 1, 2, 3, 4, 5, 6, 7, 8, 9, 10, 11, 12, 13, 14, 15, 16, 17, 18, 19, 20, 21, 22, 23, 24, 25, 26, 27, 28, 29]","[0.4019370377063751, 0.34100571274757385, 0.4723963737487793, 0.4108133018016815, 0.5025411248207092, 0.5169187188148499, 0.5119855403900146, 0.459858775138855, 0.5062786936759949, 0.43999212980270386, 0.4830271601676941, 0.45937830209732056, 0.4719369113445282, 0.4997484087944031, 0.42401668429374695, 0.5369177460670471, 0.39986348152160645, 0.33890628814697266, 0.45687180757522583, 0.3925360143184662, 0.5498982667922974, 0.5345178246498108, 0.42642462253570557, 0.4910017251968384, 0.5245588421821594, 0.5351049304008484, 0.47693735361099243, 0.550589382648468, 0.42215654253959656, 0.41670024394989014]",pca
54,beta,91.0,0.0324,0.2613877580512725,0.2581458826138646,0.2374890713937938,0.5,0.5638727238595833,0.7391981102559289,30.0,"[0, 1, 2, 3, 4, 5, 6, 7, 8, 9, 10, 11, 12, 13, 14, 15, 16, 17, 18, 19, 20, 21, 22, 23, 24, 25, 26, 27, 28, 29]","[0.6455864906311035, 0.6641392707824707, 0.6067892909049988, 0.6734113693237305, 0.6856225728988647, 0.7471097707748413, 0.7041530609130859, 0.7374249696731567, 0.6191033720970154, 0.6777752637863159, 0.6909189820289612, 0.7146328687667847, 0.6526298522949219, 0.6539738178253174, 0.7442153096199036, 0.6573415994644165, 0.6494803428649902, 0.6301292181015015, 0.7125625014305115, 0.6606988310813904, 0.6940339207649231, 0.6476211547851562, 0.6394651532173157, 0.6818780899047852, 0.630285918712616, 0.6251617670059204, 0.6232421398162842, 0.7038393616676331, 0.6620606184005737, 0.697518527507782]",pca
54,beta,5.0,0.0378,0.2616193070017826,0.2684446490871227,0.2559955321998691,0.5,0.6163379080064133,0.6793463071650266,30.0,"[0, 1, 2, 3, 4, 5, 6, 7, 8, 9, 10, 11, 12, 13, 14, 15, 16, 17, 18, 19, 20, 21, 22, 23, 24, 25, 26, 27, 28, 29]","[0.46825727820396423, 0.27653107047080994, 0.5076125860214233, 0.5373385548591614, 0.43138688802719116, 0.5199726819992065, 0.49631771445274353, 0.47727084159851074, 0.5139861106872559, 0.30547845363616943, 0.44058045744895935, 0.4913579225540161, 0.3845711052417755, 0.3019152879714966, 0.48318371176719666, 0.5139852166175842, 0.4678173065185547, 0.518751859664917, 0.5262919664382935, 0.4978969097137451, 0.5169859528541565, 0.4511890113353729, 0.2960820198059082, 0.49414220452308655, 0.4697000980377197, 0.48252344131469727, 0.4591542184352875, 0.5053447484970093, 0.5047912001609802, 0.447527676820755]",pca
54,beta,56.0,0.0324,0.2385518382470563,0.2368415661847172,0.2378289745729912,0.5,0.5571996235490955,0.6127261319669559,30.0,"[0, 1, 2, 3, 4, 5, 6, 7, 8, 9, 10, 11, 12, 13, 14, 15, 16, 17, 18, 19, 20, 21, 22, 23, 24, 25, 26, 27, 28, 29]","[0.6978251934051514, 0.6779459714889526, 0.6423355340957642, 0.6583511829376221, 0.6774858236312866, 0.662666380405426, 0.6521698236465454, 0.720607578754425, 0.6497762203216553, 0.7890588641166687, 0.7101069092750549, 0.76826411485672, 0.7436414361000061, 0.7197494506835938, 0.6691346168518066, 0.7471807599067688, 0.651171088218689, 0.7035836577415466, 0.66736900806427, 0.6587221026420593, 0.6849900484085083, 0.7553409337997437, 0.7099380493164062, 0.7024964690208435, 0.7463157176971436, 0.6150246858596802, 0.6775442361831665, 0.6294332146644592, 0.7346102595329285, 0.7520260214805603]",pca
54,beta,82.0,0.0324,0.2676561896061871,0.2828164453389342,0.2540580442490653,0.5,0.5578031891414699,0.6529463694548664,30.0,"[0, 1, 2, 3, 4, 5, 6, 7, 8, 9, 10, 11, 12, 13, 14, 15, 16, 17, 18, 19, 20, 21, 22, 23, 24, 25, 26, 27, 28, 29]","[1.0983597040176392, 1.107068419456482, 1.02939772605896, 1.1374256610870361, 1.1027629375457764, 1.1368683576583862, 1.1554880142211914, 1.0484592914581299, 1.150948405265808, 1.0670058727264404, 1.1072497367858887, 1.1003649234771729, 1.1225403547286987, 1.099161148071289, 1.0484787225723267, 1.1099117994308472, 1.0868780612945557, 1.1519694328308105, 1.0462064743041992, 1.1116594076156616, 1.127475619316101, 1.048707365989685, 1.1171010732650757, 1.1319061517715454, 1.1000598669052124, 1.1080776453018188, 1.1202263832092285, 1.0390028953552246, 1.1567866802215576, 1.1152572631835938]",pca
54,beta,89.0,0.0324,0.2596992895569409,0.2578659291246081,0.2345770283038611,0.5,0.61148291913919,0.7416975267329973,30.0,"[0, 1, 2, 3, 4, 5, 6, 7, 8, 9, 10, 11, 12, 13, 14, 15, 16, 17, 18, 19, 20, 21, 22, 23, 24, 25, 26, 27, 28, 29]","[0.623638391494751, 0.5705086588859558, 0.6009023189544678, 0.651557207107544, 0.585365891456604, 0.6317798495292664, 0.6619046330451965, 0.5764829516410828, 0.6465083956718445, 0.6452324986457825, 0.5799163579940796, 0.6783671379089355, 0.559481680393219, 0.6186981797218323, 0.5884504914283752, 0.6992861032485962, 0.6034901142120361, 0.4959946572780609, 0.5386511087417603, 0.4959951341152191, 0.623504638671875, 0.5514506101608276, 0.6794435381889343, 0.6621729135513306, 0.5925032496452332, 0.5575211644172668, 0.610083281993866, 0.6148461103439331, 0.53687584400177, 0.6002227067947388]",pca
54,beta,10.0,0.0378,0.2711055500199741,0.2819676250852603,0.2578825133075577,0.5,0.5443998811645869,0.7206996434937613,30.0,"[0, 1, 2, 3, 4, 5, 6, 7, 8, 9, 10, 11, 12, 13, 14, 15, 16, 17, 18, 19, 20, 21, 22, 23, 24, 25, 26, 27, 28, 29]","[0.3641141355037689, 0.5158091187477112, 0.4754605293273926, 0.4533870220184326, 0.4040440022945404, 0.5100119709968567, 0.485628604888916, 0.4384712278842926, 0.4116731882095337, 0.523850679397583, 0.40354445576667786, 0.42655715346336365, 0.3166549801826477, 0.43725430965423584, 0.421865850687027, 0.4492304027080536, 0.432343065738678, 0.4155188500881195, 0.3637547791004181, 0.4723966717720032, 0.3784376382827759, 0.4424517750740051, 0.44176656007766724, 0.415090948343277, 0.42836904525756836, 0.5221600532531738, 0.5133299231529236, 0.4481023848056793, 0.3784032464027405, 0.447578489780426]",pca
54,beta,99.0,0.0324,0.2754971048104321,0.2805070202785323,0.2551561548778312,0.5,0.5871627967226918,0.7635156578904758,30.0,"[0, 1, 2, 3, 4, 5, 6, 7, 8, 9, 10, 11, 12, 13, 14, 15, 16, 17, 18, 19, 20, 21, 22, 23, 24, 25, 26, 27, 28, 29]","[0.6266542673110962, 0.7577710747718811, 0.6904471516609192, 0.6798890233039856, 0.7362743616104126, 0.71708083152771, 0.6593809127807617, 0.7032164931297302, 0.6324007511138916, 0.7320361137390137, 0.660679042339325, 0.6969364881515503, 0.6498688459396362, 0.7206339240074158, 0.7237764596939087, 0.6503645181655884, 0.6913822889328003, 0.700199544429779, 0.7080334424972534, 0.6183637976646423, 0.695250391960144, 0.7791010737419128, 0.6498997211456299, 0.6940780282020569, 0.7322257161140442, 0.7450525760650635, 0.7547289729118347, 0.6874305605888367, 0.7347941398620605, 0.6591008305549622]",pca
54,beta,1.0,0.0378,0.2785951027486996,0.2902501426716141,0.2618690599983278,0.5,0.5665864533937292,0.6681506122160097,30.0,"[0, 1, 2, 3, 4, 5, 6, 7, 8, 9, 10, 11, 12, 13, 14, 15, 16, 17, 18, 19, 20, 21, 22, 23, 24, 25, 26, 27, 28, 29]","[1.0787245035171509, 1.058453917503357, 1.102691650390625, 1.0396021604537964, 1.0731943845748901, 1.05033278465271, 1.0150268077850342, 1.0388916730880737, 0.9985078573226929, 1.0386184453964233, 0.9970694780349731, 1.0598341226577759, 1.0845532417297363, 1.0482207536697388, 1.0429775714874268, 1.0547122955322266, 1.0575613975524902, 1.0570749044418335, 1.051874041557312, 1.0769017934799194, 0.9933951497077942, 1.0591099262237549, 1.0554395914077759, 1.0495716333389282, 1.0441737174987793, 1.0327421426773071, 1.061204195022583, 1.0950037240982056, 1.042250156402588, 1.0104657411575317]",pca
54,beta,93.0,0.0324,0.2544727022289703,0.2617454088212829,0.2369644017213612,0.5,0.5254037800687286,0.7154553264604812,30.0,"[0, 1, 2, 3, 4, 5, 6, 7, 8, 9, 10, 11, 12, 13, 14, 15, 16, 17, 18, 19, 20, 21, 22, 23, 24, 25, 26, 27, 28, 29]","[0.6834132075309753, 0.6752201914787292, 0.7254639267921448, 0.7362653017044067, 0.47743457555770874, 0.7207716107368469, 0.6674786806106567, 0.7061325907707214, 0.6712556481361389, 0.6512048244476318, 0.6308928728103638, 0.7668080925941467, 0.6254237294197083, 0.6676633954048157, 0.7767614126205444, 0.6605028510093689, 0.6769330501556396, 0.5724785923957825, 0.6650288701057434, 0.6856688261032104, 0.7716415524482727, 0.6675186157226562, 0.5081735849380493, 0.6707671284675598, 0.7231969833374023, 0.7488331198692322, 0.6917588710784912, 0.7215335369110107, 0.6961312294006348, 0.5880640745162964]",pca
54,beta,97.0,0.0324,0.2473490428177531,0.2437460954059964,0.2219760359151439,0.5,0.566830171393671,0.7309138450967668,30.0,"[0, 1, 2, 3, 4, 5, 6, 7, 8, 9, 10, 11, 12, 13, 14, 15, 16, 17, 18, 19, 20, 21, 22, 23, 24, 25, 26, 27, 28, 29]","[0.4968890845775604, 0.4630345404148102, 0.5669158697128296, 0.4870128035545349, 0.545807421207428, 0.6177359223365784, 0.4120914936065674, 0.5533024072647095, 0.44619348645210266, 0.5037481188774109, 0.4723753333091736, 0.555128812789917, 0.5855181217193604, 0.48133718967437744, 0.5580606460571289, 0.6104515194892883, 0.5103278160095215, 0.5330391526222229, 0.5377824306488037, 0.5337948203086853, 0.4423049986362457, 0.42945265769958496, 0.4800569713115692, 0.4394746422767639, 0.452028751373291, 0.562338650226593, 0.44708457589149475, 0.4645426273345947, 0.5355696678161621, 0.44923344254493713]",pca
54,beta,92.0,0.0324,0.2864095892037767,0.3057068864847854,0.2753702656680497,0.5,0.5511115205109309,0.6559014984033407,30.0,"[0, 1, 2, 3, 4, 5, 6, 7, 8, 9, 10, 11, 12, 13, 14, 15, 16, 17, 18, 19, 20, 21, 22, 23, 24, 25, 26, 27, 28, 29]","[1.0589804649353027, 1.0372446775436401, 1.022714376449585, 1.0587741136550903, 1.0242631435394287, 1.052575707435608, 1.057856798171997, 1.029990553855896, 1.0334070920944214, 1.0568510293960571, 1.0630837678909302, 0.989928662776947, 1.0183000564575195, 1.0565438270568848, 1.0289874076843262, 1.0181635618209839, 1.0503289699554443, 1.009833812713623, 1.04800546169281, 1.0522841215133667, 1.0420798063278198, 1.0406138896942139, 1.0517785549163818, 1.0253454446792603, 1.0259441137313843, 0.9979400634765625, 1.044481635093689, 1.056248426437378, 1.0463696718215942, 1.0448973178863525]",pca
54,beta,98.0,0.0324,0.258827379377024,0.2494272212154708,0.2319780166647717,0.5,0.5913145973929925,0.7420957751687158,30.0,"[0, 1, 2, 3, 4, 5, 6, 7, 8, 9, 10, 11, 12, 13, 14, 15, 16, 17, 18, 19, 20, 21, 22, 23, 24, 25, 26, 27, 28, 29]","[0.5889291763305664, 0.5680026412010193, 0.6400243639945984, 0.45827001333236694, 0.5711383819580078, 0.6108284592628479, 0.5823479890823364, 0.6019377708435059, 0.6637250185012817, 0.6444946527481079, 0.5432459712028503, 0.6938987374305725, 0.5756984353065491, 0.5780770778656006, 0.6875988245010376, 0.6198659539222717, 0.6023123860359192, 0.6121289134025574, 0.5365182757377625, 0.5972418785095215, 0.6790913939476013, 0.6716471314430237, 0.5448718667030334, 0.5141441226005554, 0.7139209508895874, 0.6027172207832336, 0.6228939294815063, 0.5957785844802856, 0.6284437775611877, 0.5504787564277649]",pca
54,beta,9.0,0.0378,0.2573521289492059,0.2608492913457901,0.2554480325540207,0.5,0.6115793918918919,0.6622128378378378,30.0,"[0, 1, 2, 3, 4, 5, 6, 7, 8, 9, 10, 11, 12, 13, 14, 15, 16, 17, 18, 19, 20, 21, 22, 23, 24, 25, 26, 27, 28, 29]","[0.49932846426963806, 0.5191144347190857, 0.5121762156486511, 0.5364827513694763, 0.5202092528343201, 0.46145543456077576, 0.4970189332962036, 0.5101497769355774, 0.4489021599292755, 0.49553918838500977, 0.4775559604167938, 0.5045427680015564, 0.5332865118980408, 0.5099563002586365, 0.5097541213035583, 0.48696279525756836, 0.37443065643310547, 0.43201568722724915, 0.5012101531028748, 0.49419859051704407, 0.5024319291114807, 0.47600865364074707, 0.450918972492218, 0.4605659544467926, 0.4646279513835907, 0.5072061419487, 0.4480946362018585, 0.5217194557189941, 0.5237860679626465, 0.4243474006652832]",pca
54,beta,4.0,0.0378,0.2610414052572765,0.2678962264611476,0.2483699301834344,0.5,0.569220712518093,0.6762229381643865,30.0,"[0, 1, 2, 3, 4, 5, 6, 7, 8, 9, 10, 11, 12, 13, 14, 15, 16, 17, 18, 19, 20, 21, 22, 23, 24, 25, 26, 27, 28, 29]","[0.520466685295105, 0.5226870775222778, 0.47192662954330444, 0.5556408762931824, 0.4679461121559143, 0.46437299251556396, 0.4626519978046417, 0.4326183497905731, 0.4449608027935028, 0.41376933455467224, 0.5219749212265015, 0.4310018718242645, 0.45228901505470276, 0.49503293633461, 0.50217205286026, 0.4993552565574646, 0.532645583152771, 0.4804064631462097, 0.5045103430747986, 0.47765254974365234, 0.5584924221038818, 0.5287272334098816, 0.44145938754081726, 0.5579978823661804, 0.540740966796875, 0.37272098660469055, 0.4135500490665436, 0.4117153286933899, 0.46777501702308655, 0.44003599882125854]",pca
54,beta,11.0,0.0378,0.2601588292036993,0.261959193222247,0.2507669040700316,0.5,0.640718342060624,0.7158345010694005,30.0,"[0, 1, 2, 3, 4, 5, 6, 7, 8, 9, 10, 11, 12, 13, 14, 15, 16, 17, 18, 19, 20, 21, 22, 23, 24, 25, 26, 27, 28, 29]","[0.4468061923980713, 0.4818856120109558, 0.522760808467865, 0.4077802300453186, 0.45809823274612427, 0.5259904265403748, 0.44238585233688354, 0.493912935256958, 0.39350539445877075, 0.4222922921180725, 0.5179709196090698, 0.47025060653686523, 0.5323195457458496, 0.3967684209346771, 0.44377419352531433, 0.5461429357528687, 0.3761546015739441, 0.4397917687892914, 0.47981953620910645, 0.35994982719421387, 0.49081891775131226, 0.4545367360115051, 0.39744049310684204, 0.5303887128829956, 0.48339706659317017, 0.4688096046447754, 0.3752976059913635, 0.46699705719947815, 0.5245991945266724, 0.4082530736923218]",pca
54,beta,8.0,0.0378,0.2638855809846538,0.2725429616536821,0.2665124122321766,0.5,0.5986706122024119,0.6202768814406162,30.0,"[0, 1, 2, 3, 4, 5, 6, 7, 8, 9, 10, 11, 12, 13, 14, 15, 16, 17, 18, 19, 20, 21, 22, 23, 24, 25, 26, 27, 28, 29]","[0.5064904689788818, 0.5485538840293884, 0.3785586655139923, 0.4760361611843109, 0.40390604734420776, 0.4920802712440491, 0.48730742931365967, 0.546559751033783, 0.4935196340084076, 0.5256092548370361, 0.5260583162307739, 0.5072210431098938, 0.5253682732582092, 0.5002046227455139, 0.4758199453353882, 0.48954275250434875, 0.4924553632736206, 0.49429965019226074, 0.3515147864818573, 0.4913374185562134, 0.434998095035553, 0.5426164865493774, 0.476472944021225, 0.49866795539855957, 0.4402104616165161, 0.47602471709251404, 0.544163703918457, 0.350375771522522, 0.5091134309768677, 0.5016919374465942]",pca
54,beta,12.0,0.0378,0.2597641048530327,0.2622171893718359,0.2568621603919564,0.5,0.5787281399046105,0.6686883942766295,30.0,"[0, 1, 2, 3, 4, 5, 6, 7, 8, 9, 10, 11, 12, 13, 14, 15, 16, 17, 18, 19, 20, 21, 22, 23, 24, 25, 26, 27, 28, 29]","[0.4474512040615082, 0.42450153827667236, 0.35713449120521545, 0.4434123933315277, 0.4481196105480194, 0.42838987708091736, 0.4307606518268585, 0.45996296405792236, 0.48322954773902893, 0.4165518283843994, 0.4423520863056183, 0.41639775037765503, 0.35065963864326477, 0.4219532012939453, 0.4480985701084137, 0.36576545238494873, 0.39751431345939636, 0.3344452381134033, 0.4557901620864868, 0.3480762541294098, 0.47757601737976074, 0.41512531042099, 0.4287450909614563, 0.3453706204891205, 0.3892901837825775, 0.35893139243125916, 0.4557957649230957, 0.4402838945388794, 0.3213624656200409, 0.35075244307518005]",pca
54,beta,14.0,0.0378,0.2685810422970259,0.2767156150162104,0.257210708280193,0.5,0.5706202867497511,0.6607045707542037,30.0,"[0, 1, 2, 3, 4, 5, 6, 7, 8, 9, 10, 11, 12, 13, 14, 15, 16, 17, 18, 19, 20, 21, 22, 23, 24, 25, 26, 27, 28, 29]","[0.4572128355503082, 0.4008192718029022, 0.3952442705631256, 0.3739728331565857, 0.42798733711242676, 0.3098210096359253, 0.43104758858680725, 0.37528327107429504, 0.2879382073879242, 0.33331918716430664, 0.23083774745464325, 0.48858144879341125, 0.3401225209236145, 0.27896538376808167, 0.40284907817840576, 0.3968507945537567, 0.401930570602417, 0.33579087257385254, 0.2760773003101349, 0.4111301302909851, 0.35910937190055847, 0.44991663098335266, 0.3258172869682312, 0.3588365614414215, 0.31767165660858154, 0.4604937434196472, 0.3368520736694336, 0.3791183531284332, 0.4589247703552246, 0.30890873074531555]",pca
54,beta,15.0,0.0378,0.2717116111576571,0.2729533950950198,0.2528891807140157,0.5,0.5854673108863053,0.7162162162162162,30.0,"[0, 1, 2, 3, 4, 5, 6, 7, 8, 9, 10, 11, 12, 13, 14, 15, 16, 17, 18, 19, 20, 21, 22, 23, 24, 25, 26, 27, 28, 29]","[0.4532194435596466, 0.47478631138801575, 0.41484642028808594, 0.47577911615371704, 0.3993733823299408, 0.3835803270339966, 0.48260053992271423, 0.4370645582675934, 0.3857179284095764, 0.5067018866539001, 0.37346506118774414, 0.4340677261352539, 0.3601626753807068, 0.40529119968414307, 0.3409711718559265, 0.4160666763782501, 0.3555634915828705, 0.41120263934135437, 0.5271328091621399, 0.347350537776947, 0.40105682611465454, 0.45154643058776855, 0.4293215572834015, 0.41023531556129456, 0.42497849464416504, 0.4114576578140259, 0.3821128308773041, 0.47227925062179565, 0.3768375813961029, 0.37717780470848083]",pca
54,beta,59.0,0.0324,0.2913336328429276,0.3077924683147598,0.281186189300372,0.5,0.5769395054093855,0.7208731519791912,30.0,"[0, 1, 2, 3, 4, 5, 6, 7, 8, 9, 10, 11, 12, 13, 14, 15, 16, 17, 18, 19, 20, 21, 22, 23, 24, 25, 26, 27, 28, 29]","[0.5873931050300598, 0.556220293045044, 0.6226560473442078, 0.6238085031509399, 0.6269303560256958, 0.6149226427078247, 0.5915772914886475, 0.5966489315032959, 0.45609307289123535, 0.6412063241004944, 0.5861255526542664, 0.569651186466217, 0.5187376141548157, 0.5534298419952393, 0.4893922209739685, 0.5663669109344482, 0.4419747292995453, 0.6010774970054626, 0.5496899485588074, 0.5926672220230103, 0.5466969609260559, 0.5935511589050293, 0.5510725975036621, 0.6225026845932007, 0.6502984762191772, 0.44934824109077454, 0.5703351497650146, 0.661226749420166, 0.6124022603034973, 0.5932237505912781]",pca
54,beta,19.0,0.0378,0.2603054890140719,0.2585797741158689,0.2402498891519574,0.5,0.619239997177334,0.7505468915390586,30.0,"[0, 1, 2, 3, 4, 5, 6, 7, 8, 9, 10, 11, 12, 13, 14, 15, 16, 17, 18, 19, 20, 21, 22, 23, 24, 25, 26, 27, 28, 29]","[0.3522477447986603, 0.36286574602127075, 0.4173617959022522, 0.4332529306411743, 0.3750308156013489, 0.2171173393726349, 0.25100287795066833, 0.33368682861328125, 0.34303542971611023, 0.3666607141494751, 0.3442177176475525, 0.42556798458099365, 0.4191736876964569, 0.33914780616760254, 0.35984569787979126, 0.3509785830974579, 0.24408546090126038, 0.3953462243080139, 0.423430472612381, 0.3643883466720581, 0.3942069709300995, 0.29456180334091187, 0.33495527505874634, 0.3422622084617615, 0.35934755206108093, 0.3367580771446228, 0.34810343384742737, 0.3756754696369171, 0.2637253999710083, 0.36456531286239624]",pca
54,beta,24.0,0.0378,0.2900763593641032,0.2991071781878257,0.267087026298768,0.5,0.5854136776661885,0.7517276422764227,30.0,"[0, 1, 2, 3, 4, 5, 6, 7, 8, 9, 10, 11, 12, 13, 14, 15, 16, 17, 18, 19, 20, 21, 22, 23, 24, 25, 26, 27, 28, 29]","[0.40012651681900024, 0.43991246819496155, 0.3867592513561249, 0.3610069453716278, 0.37192732095718384, 0.5118277668952942, 0.40479469299316406, 0.45803219079971313, 0.33990320563316345, 0.4953301250934601, 0.5080766081809998, 0.3239173889160156, 0.4822600483894348, 0.5046783089637756, 0.4782830476760864, 0.40690404176712036, 0.5191246271133423, 0.3854779303073883, 0.38385701179504395, 0.3240007758140564, 0.5223067998886108, 0.4751451015472412, 0.4723881185054779, 0.4644210636615753, 0.48053061962127686, 0.47179555892944336, 0.3278311789035797, 0.35822758078575134, 0.5327439904212952, 0.45005473494529724]",pca
54,beta,62.0,0.0324,0.2614724580336114,0.2607418017438114,0.2416872349089753,0.5,0.5706354300385109,0.7038992297817716,30.0,"[0, 1, 2, 3, 4, 5, 6, 7, 8, 9, 10, 11, 12, 13, 14, 15, 16, 17, 18, 19, 20, 21, 22, 23, 24, 25, 26, 27, 28, 29]","[0.5666810870170593, 0.608251690864563, 0.5674809813499451, 0.6919617652893066, 0.6724144220352173, 0.6474870443344116, 0.6420896053314209, 0.6608001589775085, 0.7037568688392639, 0.6035317182540894, 0.6177140474319458, 0.6269629001617432, 0.6551971435546875, 0.6202451586723328, 0.6319880485534668, 0.5899830460548401, 0.6058672070503235, 0.6155096292495728, 0.6012264490127563, 0.6307407021522522, 0.6164312362670898, 0.634667158126831, 0.6114698052406311, 0.6758296489715576, 0.5718584656715393, 0.6200335025787354, 0.6688907146453857, 0.612357497215271, 0.6003391146659851, 0.6270950436592102]",pca
54,beta,33.0,0.0378,0.2870289956026625,0.3096909152707764,0.2793775055280124,0.5,0.516122060857538,0.6609972913785154,30.0,"[0, 1, 2, 3, 4, 5, 6, 7, 8, 9, 10, 11, 12, 13, 14, 15, 16, 17, 18, 19, 20, 21, 22, 23, 24, 25, 26, 27, 28, 29]","[0.49617406725883484, 0.4199802875518799, 0.3868864178657532, 0.3582972586154938, 0.49844712018966675, 0.42616796493530273, 0.3946376144886017, 0.4699274003505707, 0.4084496796131134, 0.4638589322566986, 0.5036947727203369, 0.34135279059410095, 0.45971813797950745, 0.4337754249572754, 0.5084848999977112, 0.41409435868263245, 0.4180942177772522, 0.36107003688812256, 0.4645586609840393, 0.3644561767578125, 0.46791693568229675, 0.44816720485687256, 0.4938756227493286, 0.468890517950058, 0.4420353174209595, 0.418644517660141, 0.44121259450912476, 0.47594010829925537, 0.3829905390739441, 0.4729398787021637]",pca
54,beta,35.0,0.0378,0.2641395659539723,0.277191254505418,0.2593048138622902,0.5,0.5484035589873306,0.6879303586352778,30.0,"[0, 1, 2, 3, 4, 5, 6, 7, 8, 9, 10, 11, 12, 13, 14, 15, 16, 17, 18, 19, 20, 21, 22, 23, 24, 25, 26, 27, 28, 29]","[0.4321589767932892, 0.3490350544452667, 0.43235182762145996, 0.442534863948822, 0.4978368580341339, 0.500970721244812, 0.440416544675827, 0.44162866473197937, 0.5435744524002075, 0.5463643074035645, 0.39400526881217957, 0.499332457780838, 0.5132136940956116, 0.5489864945411682, 0.5485566258430481, 0.43786558508872986, 0.44742441177368164, 0.5459503531455994, 0.37085023522377014, 0.43748804926872253, 0.44822415709495544, 0.5239028930664062, 0.3882485032081604, 0.38133853673934937, 0.5690638422966003, 0.45485958456993103, 0.5675627589225769, 0.4611142873764038, 0.5076935291290283, 0.470745712518692]",pca
54,beta,37.0,0.0378,0.2671380845044079,0.2698477255390873,0.2528065120096331,0.5,0.590795238817067,0.6933454600576019,30.0,"[0, 1, 2, 3, 4, 5, 6, 7, 8, 9, 10, 11, 12, 13, 14, 15, 16, 17, 18, 19, 20, 21, 22, 23, 24, 25, 26, 27, 28, 29]","[0.5416649580001831, 0.5585254430770874, 0.41016530990600586, 0.5351791977882385, 0.47899678349494934, 0.6102630496025085, 0.5314429998397827, 0.5492256879806519, 0.5614467263221741, 0.5408069491386414, 0.5537958741188049, 0.5943219065666199, 0.4080633819103241, 0.4074844717979431, 0.5224112272262573, 0.6122204661369324, 0.4217069149017334, 0.5463158488273621, 0.5530210137367249, 0.4298117160797119, 0.483577698469162, 0.4027900695800781, 0.5118138194084167, 0.5717412233352661, 0.4364013373851776, 0.5546649098396301, 0.5369518995285034, 0.5411945581436157, 0.5113858580589294, 0.5376512408256531]",pca
54,beta,17.0,0.0378,0.2637836925627149,0.2674946480732597,0.242683993839555,0.5,0.5986029254475581,0.7404642654294122,30.0,"[0, 1, 2, 3, 4, 5, 6, 7, 8, 9, 10, 11, 12, 13, 14, 15, 16, 17, 18, 19, 20, 21, 22, 23, 24, 25, 26, 27, 28, 29]","[0.20497892796993256, 0.28921663761138916, 0.31989234685897827, 0.21117658913135529, 0.249649778008461, 0.34477561712265015, 0.2647846043109894, 0.3168726861476898, 0.2953124940395355, 0.2705576419830322, 0.30470213294029236, 0.2682701647281647, 0.35802045464515686, 0.18087245523929596, 0.3321961760520935, 0.17821979522705078, 0.19745191931724548, 0.19279471039772034, 0.3290814757347107, 0.21208082139492035, 0.2376404106616974, 0.28666186332702637, 0.14986197650432587, 0.3149617910385132, 0.3239029347896576, 0.3276216983795166, 0.2011595517396927, 0.26599183678627014, 0.2675101161003113, 0.2879959046840668]",pca
54,beta,40.0,0.0378,0.2685871728842996,0.2855364342279729,0.2576642043422515,0.5,0.4751374965190754,0.707088902812587,30.0,"[0, 1, 2, 3, 4, 5, 6, 7, 8, 9, 10, 11, 12, 13, 14, 15, 16, 17, 18, 19, 20, 21, 22, 23, 24, 25, 26, 27, 28, 29]","[0.47061461210250854, 0.5369813442230225, 0.5694867968559265, 0.49494749307632446, 0.4759475290775299, 0.4627447724342346, 0.35074886679649353, 0.3833308219909668, 0.48318716883659363, 0.5293803215026855, 0.45936185121536255, 0.5224090814590454, 0.43640390038490295, 0.48006299138069153, 0.46233972907066345, 0.47360092401504517, 0.513053834438324, 0.36938929557800293, 0.3986194133758545, 0.47636616230010986, 0.4630759060382843, 0.5121392607688904, 0.5549492835998535, 0.41106677055358887, 0.5007003545761108, 0.5493158102035522, 0.36747926473617554, 0.4023362696170807, 0.3902297914028168, 0.4909333288669586]",pca
54,beta,71.0,0.0324,0.2826573604985781,0.2815187150694883,0.2640776302585128,0.5,0.6232638888888888,0.7006589330808082,30.0,"[0, 1, 2, 3, 4, 5, 6, 7, 8, 9, 10, 11, 12, 13, 14, 15, 16, 17, 18, 19, 20, 21, 22, 23, 24, 25, 26, 27, 28, 29]","[0.6860207319259644, 0.6380348801612854, 0.6321275234222412, 0.5239390730857849, 0.5095786452293396, 0.6432064175605774, 0.67718905210495, 0.5895438194274902, 0.6582922339439392, 0.6891980767250061, 0.5689835548400879, 0.5736144781112671, 0.6376389265060425, 0.5941919088363647, 0.5883415937423706, 0.7019521594047546, 0.566260814666748, 0.5676169991493225, 0.6373552083969116, 0.5725615620613098, 0.6042007207870483, 0.6119477152824402, 0.6244130730628967, 0.6561877727508545, 0.6844303011894226, 0.6807618737220764, 0.5716190338134766, 0.633908212184906, 0.6500690579414368, 0.6902059316635132]",pca
54,beta,16.0,0.0378,0.2756864568525844,0.2806376440135098,0.2439555802028402,0.5,0.5937119113573407,0.7861634349030471,30.0,"[0, 1, 2, 3, 4, 5, 6, 7, 8, 9, 10, 11, 12, 13, 14, 15, 16, 17, 18, 19, 20, 21, 22, 23, 24, 25, 26, 27, 28, 29]","[0.2501034140586853, 0.44463682174682617, 0.4503558874130249, 0.3663853108882904, 0.40341246128082275, 0.45183509588241577, 0.426726758480072, 0.4746718108654022, 0.4243958592414856, 0.4556977450847626, 0.34989774227142334, 0.3295869529247284, 0.4364423453807831, 0.439840167760849, 0.3954398036003113, 0.2907628118991852, 0.4454116225242615, 0.33312341570854187, 0.45042717456817627, 0.46703052520751953, 0.3722391724586487, 0.433015376329422, 0.3425302803516388, 0.42427313327789307, 0.4646325707435608, 0.3389957845211029, 0.30669835209846497, 0.46536368131637573, 0.4301151633262634, 0.4677519202232361]",pca
54,beta,45.0,0.0378,0.2788619810388606,0.2856205074282529,0.2690513595684943,0.5,0.6329047748131511,0.6354670900618311,30.0,"[0, 1, 2, 3, 4, 5, 6, 7, 8, 9, 10, 11, 12, 13, 14, 15, 16, 17, 18, 19, 20, 21, 22, 23, 24, 25, 26, 27, 28, 29]","[0.5141850113868713, 0.5867343544960022, 0.5313485860824585, 0.5392305850982666, 0.4917128086090088, 0.387783944606781, 0.4816674590110779, 0.46662619709968567, 0.32086318731307983, 0.44295570254325867, 0.44892042875289917, 0.46515920758247375, 0.4407867193222046, 0.34524500370025635, 0.3304150402545929, 0.4952378273010254, 0.5429601669311523, 0.43525075912475586, 0.47851935029029846, 0.5038298964500427, 0.515331506729126, 0.4606369137763977, 0.4506969153881073, 0.46550092101097107, 0.38717418909072876, 0.5617209672927856, 0.4601399004459381, 0.5119558572769165, 0.4237082600593567, 0.46958374977111816]",pca
54,beta,18.0,0.0378,0.252771114290939,0.255262114573614,0.2371804339847813,0.5,0.6159530341629107,0.6980534326213339,30.0,"[0, 1, 2, 3, 4, 5, 6, 7, 8, 9, 10, 11, 12, 13, 14, 15, 16, 17, 18, 19, 20, 21, 22, 23, 24, 25, 26, 27, 28, 29]","[0.5421323180198669, 0.5075958371162415, 0.45912379026412964, 0.4931345582008362, 0.4449410140514374, 0.41491615772247314, 0.35189586877822876, 0.5437738299369812, 0.4828978180885315, 0.47864100337028503, 0.43956130743026733, 0.5305843949317932, 0.3973187208175659, 0.460796058177948, 0.5026853680610657, 0.41454756259918213, 0.44045671820640564, 0.47500723600387573, 0.5015506744384766, 0.4870019853115082, 0.35517463088035583, 0.459679514169693, 0.4329982101917267, 0.47331133484840393, 0.3511405885219574, 0.31716427206993103, 0.5205966830253601, 0.41991424560546875, 0.4466609060764313, 0.4643852412700653]",pca
54,beta,23.0,0.0378,0.2748753888481758,0.2788819919583407,0.2471588036606254,0.5,0.5886102268490637,0.7641458028621411,30.0,"[0, 1, 2, 3, 4, 5, 6, 7, 8, 9, 10, 11, 12, 13, 14, 15, 16, 17, 18, 19, 20, 21, 22, 23, 24, 25, 26, 27, 28, 29]","[0.5735429525375366, 0.6572023034095764, 0.4989646077156067, 0.5447692275047302, 0.5692278742790222, 0.5489801168441772, 0.5420097708702087, 0.4985083043575287, 0.4822853207588196, 0.5440578460693359, 0.5934759974479675, 0.5533085465431213, 0.5281035900115967, 0.5950451493263245, 0.521389365196228, 0.5778406262397766, 0.6664097905158997, 0.5489233732223511, 0.6517760157585144, 0.5381888151168823, 0.5603733062744141, 0.5541834235191345, 0.6140619516372681, 0.5767865777015686, 0.48357927799224854, 0.524760365486145, 0.6010470390319824, 0.56303870677948, 0.5310234427452087, 0.6037009358406067]",pca
54,beta,28.0,0.0378,0.2926307635963882,0.3070679499505309,0.2733923193525937,0.5,0.5681177211205539,0.731432168712622,30.0,"[0, 1, 2, 3, 4, 5, 6, 7, 8, 9, 10, 11, 12, 13, 14, 15, 16, 17, 18, 19, 20, 21, 22, 23, 24, 25, 26, 27, 28, 29]","[0.3334343135356903, 0.28968507051467896, 0.41567665338516235, 0.2715614438056946, 0.28153419494628906, 0.41965538263320923, 0.44822365045547485, 0.49259209632873535, 0.43065276741981506, 0.2597176432609558, 0.4065972566604614, 0.3953222334384918, 0.27015888690948486, 0.41013914346694946, 0.3837774097919464, 0.2843533456325531, 0.3548160791397095, 0.28316500782966614, 0.26651322841644287, 0.4434026777744293, 0.32020318508148193, 0.4722505211830139, 0.4359790086746216, 0.25781068205833435, 0.4192856252193451, 0.3685707151889801, 0.2586999833583832, 0.43427714705467224, 0.4029026925563812, 0.28352677822113037]",pca
54,beta,27.0,0.0378,0.2628555518187883,0.2615293557691809,0.2441773577713087,0.5,0.6090891541933952,0.7379350795913519,30.0,"[0, 1, 2, 3, 4, 5, 6, 7, 8, 9, 10, 11, 12, 13, 14, 15, 16, 17, 18, 19, 20, 21, 22, 23, 24, 25, 26, 27, 28, 29]","[0.5078547596931458, 0.46823573112487793, 0.4006326198577881, 0.3833366632461548, 0.47314879298210144, 0.5199875831604004, 0.4654664993286133, 0.48143473267555237, 0.4702923893928528, 0.47476959228515625, 0.3954826295375824, 0.34997570514678955, 0.44978585839271545, 0.4169229567050934, 0.43969839811325073, 0.5023043155670166, 0.4587588608264923, 0.5202276110649109, 0.5331072211265564, 0.4929385781288147, 0.45537522435188293, 0.4040002226829529, 0.5185737609863281, 0.3702441453933716, 0.45730581879615784, 0.5015134811401367, 0.44270822405815125, 0.3586065173149109, 0.2840265929698944, 0.5291427969932556]",pca
54,beta,26.0,0.0378,0.270311608064977,0.2778689690088576,0.2619131135176635,0.5,0.5710270822687787,0.6949143425759083,30.0,"[0, 1, 2, 3, 4, 5, 6, 7, 8, 9, 10, 11, 12, 13, 14, 15, 16, 17, 18, 19, 20, 21, 22, 23, 24, 25, 26, 27, 28, 29]","[0.35705187916755676, 0.3531130850315094, 0.2861167788505554, 0.308721125125885, 0.4035724401473999, 0.38114067912101746, 0.3209521174430847, 0.3721776604652405, 0.31678876280784607, 0.28566938638687134, 0.30042535066604614, 0.41887035965919495, 0.29957151412963867, 0.31495681405067444, 0.3443593382835388, 0.36557015776634216, 0.3974981904029846, 0.29987141489982605, 0.36295413970947266, 0.33457785844802856, 0.4168068766593933, 0.4174715280532837, 0.2626781761646271, 0.35730621218681335, 0.2659117877483368, 0.2654806673526764, 0.32107433676719666, 0.2721715569496155, 0.31742942333221436, 0.24555222690105438]",pca
54,beta,21.0,0.0378,0.257452525628104,0.2566803725771483,0.2392433784957732,0.5,0.6018066427273588,0.6959105117672892,30.0,"[0, 1, 2, 3, 4, 5, 6, 7, 8, 9, 10, 11, 12, 13, 14, 15, 16, 17, 18, 19, 20, 21, 22, 23, 24, 25, 26, 27, 28, 29]","[0.45655420422554016, 0.5013548135757446, 0.4177793264389038, 0.4536839723587036, 0.46928462386131287, 0.5650036334991455, 0.46435385942459106, 0.5171897411346436, 0.4809119403362274, 0.4635164141654968, 0.3820468783378601, 0.5215806365013123, 0.4411664307117462, 0.44707587361335754, 0.5047031044960022, 0.560052752494812, 0.4546952247619629, 0.42717960476875305, 0.4790411591529846, 0.45185011625289917, 0.48083606362342834, 0.46383267641067505, 0.48803868889808655, 0.4979754090309143, 0.48625269532203674, 0.4662672281265259, 0.4409118890762329, 0.5357463359832764, 0.454314649105072, 0.40000152587890625]",pca
54,beta,76.0,0.0324,0.2473275424999337,0.2360383535033644,0.2230286579074989,0.5,0.6374848059841047,0.7699859747545581,30.0,"[0, 1, 2, 3, 4, 5, 6, 7, 8, 9, 10, 11, 12, 13, 14, 15, 16, 17, 18, 19, 20, 21, 22, 23, 24, 25, 26, 27, 28, 29]","[0.6262107491493225, 0.7804185152053833, 0.7574757933616638, 0.6649966239929199, 0.7620174288749695, 0.6721652150154114, 0.6625824570655823, 0.6970893144607544, 0.6414555907249451, 0.6551294326782227, 0.7015824317932129, 0.6396253108978271, 0.6715794801712036, 0.726146936416626, 0.6260169148445129, 0.6447252035140991, 0.6784467697143555, 0.6666424870491028, 0.6840609312057495, 0.6433104872703552, 0.6783142685890198, 0.6777679324150085, 0.6834122538566589, 0.6751223206520081, 0.7195896506309509, 0.7181394100189209, 0.7192025780677795, 0.7146571278572083, 0.7041067481040955, 0.6758132576942444]",pca
54,beta,31.0,0.0378,0.2531002750801421,0.2573536054418309,0.2324483439656463,0.5,0.4806025140875595,0.7643133217743101,30.0,"[0, 1, 2, 3, 4, 5, 6, 7, 8, 9, 10, 11, 12, 13, 14, 15, 16, 17, 18, 19, 20, 21, 22, 23, 24, 25, 26, 27, 28, 29]","[0.419267475605011, 0.44144728779792786, 0.40877172350883484, 0.40123847126960754, 0.496634840965271, 0.4807908535003662, 0.4222773611545563, 0.3212607502937317, 0.4149545729160309, 0.4321882724761963, 0.4305602014064789, 0.4346908628940582, 0.43704813718795776, 0.38964787125587463, 0.33816757798194885, 0.4198102355003357, 0.44618019461631775, 0.45285946130752563, 0.354670912027359, 0.43223413825035095, 0.5247188210487366, 0.4277225434780121, 0.42915549874305725, 0.41823333501815796, 0.47020381689071655, 0.43960240483283997, 0.41747114062309265, 0.4748484492301941, 0.4722423553466797, 0.4514109790325165]",pca
54,beta,44.0,0.0378,0.2454320928907148,0.2443068358168985,0.2343168186452164,0.5,0.573564636064636,0.6773023023023023,30.0,"[0, 1, 2, 3, 4, 5, 6, 7, 8, 9, 10, 11, 12, 13, 14, 15, 16, 17, 18, 19, 20, 21, 22, 23, 24, 25, 26, 27, 28, 29]","[0.4277135729789734, 0.36749014258384705, 0.3649582266807556, 0.4536558985710144, 0.3752540051937103, 0.3950977623462677, 0.3921225368976593, 0.4783225357532501, 0.3885919749736786, 0.41301703453063965, 0.47549644112586975, 0.5091423988342285, 0.3939122259616852, 0.37048089504241943, 0.45051300525665283, 0.4451352655887604, 0.33346617221832275, 0.45118439197540283, 0.4019940495491028, 0.5193229913711548, 0.4443207085132599, 0.5107258558273315, 0.4513159394264221, 0.4167657792568207, 0.3886008560657501, 0.4402583837509155, 0.39129117131233215, 0.4553545415401459, 0.46176958084106445, 0.4911627769470215]",pca
54,beta,43.0,0.0378,0.2788020331952037,0.2885110466452057,0.2537173962670315,0.5,0.5885302371357513,0.7701591988189761,30.0,"[0, 1, 2, 3, 4, 5, 6, 7, 8, 9, 10, 11, 12, 13, 14, 15, 16, 17, 18, 19, 20, 21, 22, 23, 24, 25, 26, 27, 28, 29]","[0.3974643051624298, 0.3808102607727051, 0.3989262878894806, 0.45931756496429443, 0.3740496039390564, 0.4213292598724365, 0.4616897702217102, 0.5595771074295044, 0.36912301182746887, 0.5102161765098572, 0.36926352977752686, 0.6164135336875916, 0.4718380868434906, 0.48894739151000977, 0.37516260147094727, 0.4101901948451996, 0.36698704957962036, 0.4019325375556946, 0.5657706260681152, 0.4231424927711487, 0.4270913302898407, 0.44828125834465027, 0.5800316333770752, 0.4375770092010498, 0.4494762420654297, 0.3853907883167267, 0.42765676975250244, 0.4906902313232422, 0.4050247073173523, 0.5614737272262573]",pca
54,beta,48.0,0.0378,0.2498031228428828,0.2530513014469549,0.2437169327680991,0.5,0.5629727580403544,0.6469271883264597,30.0,"[0, 1, 2, 3, 4, 5, 6, 7, 8, 9, 10, 11, 12, 13, 14, 15, 16, 17, 18, 19, 20, 21, 22, 23, 24, 25, 26, 27, 28, 29]","[0.5171415209770203, 0.43417879939079285, 0.4152524769306183, 0.49963897466659546, 0.40854668617248535, 0.4671451449394226, 0.47637560963630676, 0.4159192740917206, 0.5478916764259338, 0.46312132477760315, 0.5556608438491821, 0.5076697468757629, 0.4184362292289734, 0.43009212613105774, 0.5202717781066895, 0.4254770576953888, 0.5636520385742188, 0.5502763986587524, 0.5162019729614258, 0.44610273838043213, 0.4168921411037445, 0.4499136805534363, 0.4362035095691681, 0.4840502440929413, 0.47239890694618225, 0.43285539746284485, 0.5219056010246277, 0.4562186300754547, 0.5757558345794678, 0.5375906825065613]",pca
54,beta,74.0,0.0324,0.2749523706804635,0.2887671869496925,0.2636526453988717,0.5,0.5277091228648323,0.6981106167957379,30.0,"[0, 1, 2, 3, 4, 5, 6, 7, 8, 9, 10, 11, 12, 13, 14, 15, 16, 17, 18, 19, 20, 21, 22, 23, 24, 25, 26, 27, 28, 29]","[0.6790193915367126, 0.7364875674247742, 0.7307388186454773, 0.698334276676178, 0.6637927889823914, 0.7013821005821228, 0.610859751701355, 0.5460085272789001, 0.6856771111488342, 0.7835308313369751, 0.6581172943115234, 0.685214102268219, 0.6896827220916748, 0.7053576111793518, 0.7965807914733887, 0.6563159227371216, 0.6400262117385864, 0.6213756799697876, 0.6977522969245911, 0.6848911046981812, 0.6389802694320679, 0.6531136631965637, 0.6411120295524597, 0.6332158446311951, 0.6533629298210144, 0.7595785856246948, 0.7665573358535767, 0.7404789328575134, 0.7307494878768921, 0.6444465517997742]",pca
54,beta,50.0,0.0378,0.2806971732872111,0.2937165317340022,0.2690209796871343,0.5,0.5547957063711911,0.7025911819021238,30.0,"[0, 1, 2, 3, 4, 5, 6, 7, 8, 9, 10, 11, 12, 13, 14, 15, 16, 17, 18, 19, 20, 21, 22, 23, 24, 25, 26, 27, 28, 29]","[0.23013615608215332, 0.2073778510093689, 0.3030173182487488, 0.24600596725940704, 0.3626292943954468, 0.36542606353759766, 0.2342328429222107, 0.3496346175670624, 0.20688019692897797, 0.2808300852775574, 0.23145456612110138, 0.2913900911808014, 0.3971625566482544, 0.21335116028785706, 0.2748797535896301, 0.2565278708934784, 0.2971210479736328, 0.28791090846061707, 0.29886677861213684, 0.3585187792778015, 0.3788636028766632, 0.4314457178115845, 0.3388310372829437, 0.37798771262168884, 0.30264532566070557, 0.27504920959472656, 0.2972165048122406, 0.2812283933162689, 0.36272019147872925, 0.3574204742908478]",pca
54,beta,66.0,0.0324,0.2964394033951187,0.3224954190409393,0.2956648808166977,0.5,0.5102017212640746,0.5682348538966561,30.0,"[0, 1, 2, 3, 4, 5, 6, 7, 8, 9, 10, 11, 12, 13, 14, 15, 16, 17, 18, 19, 20, 21, 22, 23, 24, 25, 26, 27, 28, 29]","[1.0715450048446655, 0.9949783086776733, 1.0412077903747559, 1.0617612600326538, 1.105966329574585, 1.0878632068634033, 1.0275253057479858, 1.014979600906372, 1.034067153930664, 1.012532114982605, 1.0674552917480469, 1.0827687978744507, 1.0780445337295532, 1.074689269065857, 1.048054575920105, 1.0622258186340332, 1.0981309413909912, 1.07461678981781, 1.0085431337356567, 1.0608117580413818, 1.0758178234100342, 1.0125669240951538, 1.0938518047332764, 1.0315850973129272, 1.054998755455017, 1.080288052558899, 1.0143256187438965, 1.0905817747116089, 1.0903675556182861, 1.0906707048416138]",pca
54,beta,54.0,0.0378,0.2668239239096532,0.261450216970319,0.2269824099400177,0.5,0.5889085008255992,0.7843050731651768,30.0,"[0, 1, 2, 3, 4, 5, 6, 7, 8, 9, 10, 11, 12, 13, 14, 15, 16, 17, 18, 19, 20, 21, 22, 23, 24, 25, 26, 27, 28, 29]","[0.5145134329795837, 0.640446126461029, 0.4846252501010895, 0.5132566690444946, 0.5476266145706177, 0.5388996601104736, 0.4183361828327179, 0.44177040457725525, 0.5472354292869568, 0.5731998682022095, 0.5713359713554382, 0.5474051833152771, 0.6431426405906677, 0.49713134765625, 0.4977739453315735, 0.5976871848106384, 0.5505807399749756, 0.49182718992233276, 0.6116732954978943, 0.603871762752533, 0.6454371809959412, 0.5035155415534973, 0.5472658276557922, 0.5353996753692627, 0.5753888487815857, 0.5727814435958862, 0.5019077658653259, 0.5933216214179993, 0.6199305653572083, 0.6280183792114258]",pca
54,beta,79.0,0.0324,0.2614380484129981,0.2686225943974654,0.246415934000473,0.5,0.5362808174950793,0.7239281463213499,30.0,"[0, 1, 2, 3, 4, 5, 6, 7, 8, 9, 10, 11, 12, 13, 14, 15, 16, 17, 18, 19, 20, 21, 22, 23, 24, 25, 26, 27, 28, 29]","[0.6617710590362549, 0.5483811497688293, 0.6659842729568481, 0.6980928182601929, 0.7263236045837402, 0.5709954500198364, 0.6515517830848694, 0.6575522422790527, 0.6455464959144592, 0.6869766116142273, 0.6687344312667847, 0.5146524310112, 0.6814973950386047, 0.6620797514915466, 0.560721218585968, 0.5679758191108704, 0.6892974376678467, 0.7128667235374451, 0.7376753091812134, 0.7072082161903381, 0.6696533560752869, 0.6633580923080444, 0.6747424602508545, 0.6834255456924438, 0.574924647808075, 0.6783194541931152, 0.6635217070579529, 0.6329458355903625, 0.6766111254692078, 0.6637549996376038]",pca
54,beta,53.0,0.0378,0.2828400882942902,0.2988441562715645,0.2732630036654925,0.5,0.5557471073832179,0.6577992905214998,30.0,"[0, 1, 2, 3, 4, 5, 6, 7, 8, 9, 10, 11, 12, 13, 14, 15, 16, 17, 18, 19, 20, 21, 22, 23, 24, 25, 26, 27, 28, 29]","[0.4615607261657715, 0.4263516664505005, 0.37461385130882263, 0.3766183853149414, 0.572532594203949, 0.5510761737823486, 0.5026610493659973, 0.4192916452884674, 0.38867542147636414, 0.3886581063270569, 0.4904596209526062, 0.5373189449310303, 0.3624652922153473, 0.4368962347507477, 0.4893929362297058, 0.514901340007782, 0.5603864192962646, 0.3584146201610565, 0.38259220123291016, 0.5727851986885071, 0.36840733885765076, 0.42088690400123596, 0.35402676463127136, 0.538004457950592, 0.41551101207733154, 0.5346671938896179, 0.4163370132446289, 0.3670029938220978, 0.39240702986717224, 0.43185150623321533]",pca
54,beta,87.0,0.0324,0.2697926649544018,0.2727671717317829,0.2531393941860299,0.5,0.5929841235218047,0.7037922814452425,30.0,"[0, 1, 2, 3, 4, 5, 6, 7, 8, 9, 10, 11, 12, 13, 14, 15, 16, 17, 18, 19, 20, 21, 22, 23, 24, 25, 26, 27, 28, 29]","[0.6971247792243958, 0.6240788698196411, 0.6349617838859558, 0.656234622001648, 0.62831711769104, 0.6529145240783691, 0.7404752969741821, 0.653947651386261, 0.6985673308372498, 0.6269308924674988, 0.6727398633956909, 0.6315418481826782, 0.6641643047332764, 0.5796123743057251, 0.5827465057373047, 0.6306268572807312, 0.7180953621864319, 0.5395686626434326, 0.6178229451179504, 0.6927183270454407, 0.6702529788017273, 0.632457971572876, 0.620720624923706, 0.6780557632446289, 0.6419881582260132, 0.6746671199798584, 0.5282177329063416, 0.6555320620536804, 0.5606816411018372, 0.6806827187538147]",pca
54,beta,81.0,0.0324,0.2479528338967687,0.252182922250828,0.2367576998276246,0.5,0.5274895789338377,0.6468957158859283,30.0,"[0, 1, 2, 3, 4, 5, 6, 7, 8, 9, 10, 11, 12, 13, 14, 15, 16, 17, 18, 19, 20, 21, 22, 23, 24, 25, 26, 27, 28, 29]","[0.7819429039955139, 0.6279531717300415, 0.6668869256973267, 0.6473988890647888, 0.6772635579109192, 0.7805597186088562, 0.7393547296524048, 0.7013402581214905, 0.76237553358078, 0.725612998008728, 0.7530880570411682, 0.5965623259544373, 0.6919237375259399, 0.6693756580352783, 0.666976809501648, 0.7390610575675964, 0.6885520219802856, 0.7308024168014526, 0.7504851222038269, 0.6811769604682922, 0.7704682350158691, 0.7808886766433716, 0.6581905484199524, 0.7202781438827515, 0.7912942171096802, 0.6838638186454773, 0.7399817109107971, 0.6031404137611389, 0.7130053639411926, 0.6987497806549072]",pca
54,beta,86.0,0.0324,0.2621396651297328,0.2603117858767016,0.2470953781621381,0.5,0.6487404248598279,0.6808813077469793,30.0,"[0, 1, 2, 3, 4, 5, 6, 7, 8, 9, 10, 11, 12, 13, 14, 15, 16, 17, 18, 19, 20, 21, 22, 23, 24, 25, 26, 27, 28, 29]","[0.6086271405220032, 0.6775349378585815, 0.6536186933517456, 0.6600635647773743, 0.6203142404556274, 0.6982017159461975, 0.7313883304595947, 0.6636676788330078, 0.6668699383735657, 0.6762338876724243, 0.7608901262283325, 0.7279852628707886, 0.5910870432853699, 0.7134997844696045, 0.6637374758720398, 0.726911187171936, 0.6654935479164124, 0.6678445935249329, 0.6930368542671204, 0.7586585879325867, 0.658939003944397, 0.7103025317192078, 0.6435338854789734, 0.7597312927246094, 0.6873404383659363, 0.6415513157844543, 0.6789365410804749, 0.5598351359367371, 0.7017974257469177, 0.6418095827102661]",pca
54,beta,34.0,0.0378,0.2561244901463063,0.2600009540622886,0.2425442191245617,0.5,0.5232020943483394,0.7152096914942765,30.0,"[0, 1, 2, 3, 4, 5, 6, 7, 8, 9, 10, 11, 12, 13, 14, 15, 16, 17, 18, 19, 20, 21, 22, 23, 24, 25, 26, 27, 28, 29]","[0.43877241015434265, 0.5618985891342163, 0.5527306795120239, 0.40109753608703613, 0.25492072105407715, 0.4366835355758667, 0.4117346405982971, 0.5550311207771301, 0.48459604382514954, 0.4090246260166168, 0.5294402241706848, 0.563480019569397, 0.4970765709877014, 0.5026895403862, 0.5708373188972473, 0.36165791749954224, 0.5412538647651672, 0.49252212047576904, 0.5325307250022888, 0.5130862593650818, 0.45320355892181396, 0.5119834542274475, 0.5637301206588745, 0.48301783204078674, 0.5316037535667419, 0.5155411958694458, 0.41041234135627747, 0.4248584508895874, 0.4966062605381012, 0.4330965280532837]",pca
54,beta,57.0,0.0378,0.2716365086065577,0.2774155886385541,0.2482423912905885,0.5,0.5939208069242827,0.7607714850405507,30.0,"[0, 1, 2, 3, 4, 5, 6, 7, 8, 9, 10, 11, 12, 13, 14, 15, 16, 17, 18, 19, 20, 21, 22, 23, 24, 25, 26, 27, 28, 29]","[0.5413292050361633, 0.5564558506011963, 0.49581366777420044, 0.4820755422115326, 0.4156046509742737, 0.5022523999214172, 0.5522674322128296, 0.5423305630683899, 0.47033414244651794, 0.6688403487205505, 0.5417512655258179, 0.629441499710083, 0.5510942339897156, 0.6357799768447876, 0.5011199712753296, 0.423347145318985, 0.6304022669792175, 0.5205792188644409, 0.5088172554969788, 0.6176348924636841, 0.5464335680007935, 0.4678827226161957, 0.5257493853569031, 0.5713111162185669, 0.4931771755218506, 0.6023105978965759, 0.5418757796287537, 0.555117130279541, 0.3778288960456848, 0.4892236590385437]",pca
54,beta,36.0,0.0378,0.2630909489506219,0.267453714671273,0.2398134436083003,0.5,0.5659757516830924,0.7653982705027916,30.0,"[0, 1, 2, 3, 4, 5, 6, 7, 8, 9, 10, 11, 12, 13, 14, 15, 16, 17, 18, 19, 20, 21, 22, 23, 24, 25, 26, 27, 28, 29]","[0.519900381565094, 0.5152201056480408, 0.43265455961227417, 0.4241640865802765, 0.531950056552887, 0.5065277814865112, 0.4723288118839264, 0.38228338956832886, 0.5676156878471375, 0.5552354454994202, 0.6084029674530029, 0.38481730222702026, 0.4555233418941498, 0.5452467203140259, 0.4587402939796448, 0.4631522297859192, 0.5314183235168457, 0.5062422156333923, 0.5882226228713989, 0.5304466485977173, 0.4389636516571045, 0.41140463948249817, 0.43258920311927795, 0.39390531182289124, 0.5053260326385498, 0.5738991498947144, 0.4357549548149109, 0.4057992994785309, 0.427290678024292, 0.45683202147483826]",pca
54,beta,90.0,0.0324,0.2848047938573605,0.3048086414620909,0.2733047026641382,0.5,0.5194359323572807,0.6362146748382703,30.0,"[0, 1, 2, 3, 4, 5, 6, 7, 8, 9, 10, 11, 12, 13, 14, 15, 16, 17, 18, 19, 20, 21, 22, 23, 24, 25, 26, 27, 28, 29]","[1.0026665925979614, 0.9015383720397949, 0.9982773065567017, 1.063463807106018, 1.0689923763275146, 1.0512337684631348, 1.078894853591919, 1.0543147325515747, 1.0821969509124756, 1.0520821809768677, 1.095882773399353, 1.0719399452209473, 1.0421608686447144, 1.088996171951294, 1.0765928030014038, 1.0077327489852905, 1.0893021821975708, 1.0598416328430176, 1.0694546699523926, 1.0669453144073486, 1.0650333166122437, 1.0126346349716187, 1.0743554830551147, 1.0920636653900146, 1.0781538486480713, 1.065581202507019, 1.079750657081604, 1.0930688381195068, 1.0806611776351929, 1.0954036712646484]",pca
54,beta,39.0,0.0378,0.2836646824132109,0.2990913353893162,0.2702502597971681,0.5,0.5256794024307432,0.7333111600770521,30.0,"[0, 1, 2, 3, 4, 5, 6, 7, 8, 9, 10, 11, 12, 13, 14, 15, 16, 17, 18, 19, 20, 21, 22, 23, 24, 25, 26, 27, 28, 29]","[0.24198737740516663, 0.37489771842956543, 0.370597243309021, 0.4140287935733795, 0.33870357275009155, 0.3637431561946869, 0.3826255202293396, 0.4270252287387848, 0.40236976742744446, 0.36985599994659424, 0.3323671817779541, 0.40515923500061035, 0.39019933342933655, 0.419466495513916, 0.3597516119480133, 0.4051688611507416, 0.4141210615634918, 0.41280749440193176, 0.36933889985084534, 0.41611725091934204, 0.3595661520957947, 0.24313533306121826, 0.26984575390815735, 0.37575310468673706, 0.1441606879234314, 0.1713675707578659, 0.4035851061344147, 0.393463134765625, 0.356462687253952, 0.34862565994262695]",pca
54,beta,46.0,0.0378,0.2624517538374725,0.2723697249893927,0.2439627418980291,0.5,0.5228409090909091,0.7226212121212122,30.0,"[0, 1, 2, 3, 4, 5, 6, 7, 8, 9, 10, 11, 12, 13, 14, 15, 16, 17, 18, 19, 20, 21, 22, 23, 24, 25, 26, 27, 28, 29]","[0.37669289112091064, 0.3955754339694977, 0.4079568088054657, 0.4433717727661133, 0.4450591504573822, 0.49685344099998474, 0.32769277691841125, 0.34436890482902527, 0.4148668348789215, 0.3998033404350281, 0.3332762122154236, 0.4664204716682434, 0.4320210814476013, 0.4142473042011261, 0.3588722050189972, 0.35002294182777405, 0.38405945897102356, 0.5075441002845764, 0.43397805094718933, 0.3646198511123657, 0.3698035478591919, 0.37220096588134766, 0.3379036784172058, 0.3911973237991333, 0.36811861395835876, 0.35714295506477356, 0.3543643653392792, 0.38008517026901245, 0.3582732379436493, 0.4215019643306732]",pca
54,beta,77.0,0.0324,0.2575431052026183,0.2575154471625063,0.2319388298648258,0.5,0.5790750580072708,0.7522957274905336,30.0,"[0, 1, 2, 3, 4, 5, 6, 7, 8, 9, 10, 11, 12, 13, 14, 15, 16, 17, 18, 19, 20, 21, 22, 23, 24, 25, 26, 27, 28, 29]","[0.6304013729095459, 0.5955056548118591, 0.609398365020752, 0.5557942986488342, 0.5759493708610535, 0.6662946343421936, 0.5890796184539795, 0.5966828465461731, 0.6214669346809387, 0.6976042985916138, 0.6406139135360718, 0.5950151681900024, 0.5858306288719177, 0.6771867871284485, 0.5873209238052368, 0.5624060034751892, 0.6357961893081665, 0.6506749391555786, 0.6561122536659241, 0.6752590537071228, 0.5936906337738037, 0.6381505131721497, 0.5298641324043274, 0.5300570130348206, 0.6068044304847717, 0.4958985447883606, 0.6062555313110352, 0.6195829510688782, 0.5807868838310242, 0.6058875322341919]",pca
54,beta,73.0,0.0324,0.2588080057372539,0.2605700263814213,0.235679271680813,0.5,0.5798933627505056,0.7186688729545873,30.0,"[0, 1, 2, 3, 4, 5, 6, 7, 8, 9, 10, 11, 12, 13, 14, 15, 16, 17, 18, 19, 20, 21, 22, 23, 24, 25, 26, 27, 28, 29]","[0.6356549263000488, 0.780072808265686, 0.6407190561294556, 0.7343909740447998, 0.6924115419387817, 0.7013174891471863, 0.6681525707244873, 0.633620023727417, 0.7158198952674866, 0.6196219325065613, 0.7475592494010925, 0.6119794249534607, 0.6269651055335999, 0.7149314880371094, 0.6902843117713928, 0.7016915678977966, 0.6550753116607666, 0.7314245700836182, 0.7280499339103699, 0.6500934958457947, 0.6374191045761108, 0.6316946148872375, 0.7786893844604492, 0.6414322257041931, 0.6710584759712219, 0.6562588810920715, 0.6707167625427246, 0.7358164191246033, 0.6260793805122375, 0.649259090423584]",pca
54,beta,41.0,0.0378,0.2522182548186293,0.2566719547001531,0.2451401354013893,0.5,0.4964099216710183,0.6246241791280955,30.0,"[0, 1, 2, 3, 4, 5, 6, 7, 8, 9, 10, 11, 12, 13, 14, 15, 16, 17, 18, 19, 20, 21, 22, 23, 24, 25, 26, 27, 28, 29]","[0.2993359863758087, 0.23854781687259674, 0.25396326184272766, 0.30587220191955566, 0.332305908203125, 0.33876168727874756, 0.33444398641586304, 0.21614186465740204, 0.3505299389362335, 0.2786423861980438, 0.32183200120925903, 0.31637561321258545, 0.3048662841320038, 0.2056928128004074, 0.32333508133888245, 0.21704156696796417, 0.2197502851486206, 0.1965208798646927, 0.30621540546417236, 0.18829308450222015, 0.39386433362960815, 0.23029527068138123, 0.30877140164375305, 0.2190905511379242, 0.32191407680511475, 0.20643049478530884, 0.20835837721824646, 0.3675827383995056, 0.20610454678535461, 0.2936742901802063]",pca
54,beta,0.0,0.0378,0.281572739545136,0.2897992539503829,0.2621681568162413,0.5,0.5996241954759471,0.738902247627824,30.0,"[0, 1, 2, 3, 4, 5, 6, 7, 8, 9, 10, 11, 12, 13, 14, 15, 16, 17, 18, 19, 20, 21, 22, 23, 24, 25, 26, 27, 28, 29]","[0.5059413313865662, 0.46975424885749817, 0.4003356993198395, 0.46386829018592834, 0.4299629032611847, 0.3268626034259796, 0.4252048432826996, 0.5007728934288025, 0.42427244782447815, 0.38530808687210083, 0.20607362687587738, 0.3437739610671997, 0.47492483258247375, 0.467827171087265, 0.45727530121803284, 0.5077188014984131, 0.48833855986595154, 0.531642735004425, 0.43110087513923645, 0.3784056007862091, 0.38204866647720337, 0.2580145597457886, 0.40486428141593933, 0.3906936049461365, 0.39216965436935425, 0.42026400566101074, 0.4167376756668091, 0.3590075373649597, 0.3472796082496643, 0.441636860370636]",pca
54,beta,61.0,0.0378,0.2666808908116042,0.2787953789513775,0.2537391406117431,0.5,0.5541045766503622,0.6894551245592082,30.0,"[0, 1, 2, 3, 4, 5, 6, 7, 8, 9, 10, 11, 12, 13, 14, 15, 16, 17, 18, 19, 20, 21, 22, 23, 24, 25, 26, 27, 28, 29]","[0.484304815530777, 0.5353246927261353, 0.4296362102031708, 0.4381280839443207, 0.5316740274429321, 0.5925981402397156, 0.39190512895584106, 0.5734012126922607, 0.4380996525287628, 0.4746839106082916, 0.5037009119987488, 0.4083280861377716, 0.4488970935344696, 0.4969866871833801, 0.4187878370285034, 0.4796409010887146, 0.4517059624195099, 0.4323040843009949, 0.4507732093334198, 0.5313258171081543, 0.5535869598388672, 0.46847960352897644, 0.5165321230888367, 0.46247315406799316, 0.491382360458374, 0.5639748573303223, 0.4067828357219696, 0.4254578649997711, 0.4706183671951294, 0.5145885348320007]",pca
54,beta,59.0,0.0378,0.2913336328429276,0.3077924683147598,0.2836159558180273,0.5,0.5769395054093855,0.715677336682456,30.0,"[0, 1, 2, 3, 4, 5, 6, 7, 8, 9, 10, 11, 12, 13, 14, 15, 16, 17, 18, 19, 20, 21, 22, 23, 24, 25, 26, 27, 28, 29]","[0.4297698736190796, 0.3874081075191498, 0.4554556906223297, 0.46016034483909607, 0.4619280695915222, 0.4599185883998871, 0.41475531458854675, 0.43298670649528503, 0.27893874049186707, 0.48361214995384216, 0.4167996942996979, 0.4078671336174011, 0.34559962153434753, 0.37740451097488403, 0.3054260015487671, 0.3950529992580414, 0.25846031308174133, 0.43584367632865906, 0.37539735436439514, 0.42231711745262146, 0.3696303069591522, 0.43580010533332825, 0.3792763650417328, 0.4598751366138458, 0.4898262917995453, 0.27943554520606995, 0.40112367272377014, 0.5021699666976929, 0.4522108733654022, 0.4306291937828064]",pca
54,beta,75.0,0.0324,0.2529070486887824,0.2442235271843282,0.2158936682268029,0.5,0.6132189939004394,0.8054043418377386,30.0,"[0, 1, 2, 3, 4, 5, 6, 7, 8, 9, 10, 11, 12, 13, 14, 15, 16, 17, 18, 19, 20, 21, 22, 23, 24, 25, 26, 27, 28, 29]","[0.5437028408050537, 0.5624176263809204, 0.586439311504364, 0.5523566007614136, 0.5346214175224304, 0.5795789361000061, 0.5252811312675476, 0.5339481234550476, 0.5915688872337341, 0.5821013450622559, 0.5674811005592346, 0.5838858485221863, 0.5419647693634033, 0.583371639251709, 0.5637686252593994, 0.5541913509368896, 0.4826327860355377, 0.6290510892868042, 0.6381126642227173, 0.5715749263763428, 0.5739086270332336, 0.5953840017318726, 0.5957219004631042, 0.6337400674819946, 0.5043805837631226, 0.6561712622642517, 0.5922146439552307, 0.5478343963623047, 0.5083132982254028, 0.5606387853622437]",pca
54,beta,60.0,0.0378,0.2702979227225785,0.2784063908829987,0.2554516054519257,0.5,0.5827444134078212,0.7330027932960894,30.0,"[0, 1, 2, 3, 4, 5, 6, 7, 8, 9, 10, 11, 12, 13, 14, 15, 16, 17, 18, 19, 20, 21, 22, 23, 24, 25, 26, 27, 28, 29]","[0.531209409236908, 0.5572023987770081, 0.603123128414154, 0.576145589351654, 0.5435928106307983, 0.564923107624054, 0.5737797617912292, 0.6071017384529114, 0.5929823517799377, 0.5872043371200562, 0.5170425176620483, 0.4594475030899048, 0.5950145125389099, 0.5636067986488342, 0.5506410002708435, 0.53575599193573, 0.5574966073036194, 0.5579851865768433, 0.6086412072181702, 0.5576421022415161, 0.6285918354988098, 0.5568881034851074, 0.5531668066978455, 0.5619724988937378, 0.5906080007553101, 0.5528743863105774, 0.553199291229248, 0.6219767332077026, 0.4252861738204956, 0.5023737549781799]",pca
54,beta,84.0,0.0324,0.2634244110774574,0.2655807626576091,0.2481326533105337,0.5,0.5758402903811253,0.7135753176043557,30.0,"[0, 1, 2, 3, 4, 5, 6, 7, 8, 9, 10, 11, 12, 13, 14, 15, 16, 17, 18, 19, 20, 21, 22, 23, 24, 25, 26, 27, 28, 29]","[0.5579763650894165, 0.5936360359191895, 0.6024103760719299, 0.6171168088912964, 0.667344868183136, 0.627120316028595, 0.6702225804328918, 0.5760168433189392, 0.5957293510437012, 0.6430464386940002, 0.5919602513313293, 0.5544144511222839, 0.66286301612854, 0.5999546647071838, 0.6085221767425537, 0.7024179697036743, 0.5944743156433105, 0.6121951341629028, 0.6237574219703674, 0.6079238057136536, 0.7236812114715576, 0.5513114929199219, 0.5741236805915833, 0.6537358164787292, 0.6325812935829163, 0.6949580907821655, 0.5982479453086853, 0.7385532855987549, 0.5743836164474487, 0.5681337118148804]",pca
54,beta,66.0,0.0378,0.2964394033951187,0.3224954190409393,0.2970645324626266,0.5,0.5102017212640746,0.6492567268768923,30.0,"[0, 1, 2, 3, 4, 5, 6, 7, 8, 9, 10, 11, 12, 13, 14, 15, 16, 17, 18, 19, 20, 21, 22, 23, 24, 25, 26, 27, 28, 29]","[0.45829200744628906, 0.34126636385917664, 0.4908542335033417, 0.463775634765625, 0.623969316482544, 0.4626201093196869, 0.5965404510498047, 0.3816530406475067, 0.5451434850692749, 0.37602201104164124, 0.46952489018440247, 0.4962450861930847, 0.5240591168403625, 0.49055004119873047, 0.5400754809379578, 0.4771692752838135, 0.618112325668335, 0.46421945095062256, 0.3927549719810486, 0.48277050256729126, 0.5120283961296082, 0.3269510567188263, 0.48457005620002747, 0.5639596581459045, 0.5283626317977905, 0.4588760733604431, 0.35619765520095825, 0.5903386473655701, 0.49731528759002686, 0.6520562171936035]",pca
54,beta,3.0,0.0378,0.2600613681646652,0.2699348220259572,0.2609312250901874,0.5,0.5614374557665376,0.6598954960923971,30.0,"[0, 1, 2, 3, 4, 5, 6, 7, 8, 9, 10, 11, 12, 13, 14, 15, 16, 17, 18, 19, 20, 21, 22, 23, 24, 25, 26, 27, 28, 29]","[0.4548583924770355, 0.39343950152397156, 0.46693557500839233, 0.5417255163192749, 0.5363742113113403, 0.4673781991004944, 0.5330811738967896, 0.5422619581222534, 0.525245726108551, 0.5281396508216858, 0.48471692204475403, 0.5057998299598694, 0.48724669218063354, 0.47391435503959656, 0.4511764645576477, 0.4538452625274658, 0.3409685492515564, 0.4832077622413635, 0.46487897634506226, 0.544423520565033, 0.517143189907074, 0.5667146444320679, 0.4404256045818329, 0.449503630399704, 0.4301871657371521, 0.47914987802505493, 0.4896749258041382, 0.47998693585395813, 0.4292301535606384, 0.4429374039173126]",pca
54,beta,64.0,0.0378,0.2608413222087862,0.266630541445648,0.2522958450197134,0.5,0.5822053714344726,0.7049989304339487,30.0,"[0, 1, 2, 3, 4, 5, 6, 7, 8, 9, 10, 11, 12, 13, 14, 15, 16, 17, 18, 19, 20, 21, 22, 23, 24, 25, 26, 27, 28, 29]","[0.39704978466033936, 0.4779450595378876, 0.45274224877357483, 0.472520649433136, 0.4550687074661255, 0.5970836877822876, 0.497915118932724, 0.4050755798816681, 0.4153124988079071, 0.4175790846347809, 0.4837343692779541, 0.41571497917175293, 0.4476943910121918, 0.5374519228935242, 0.5520635843276978, 0.4488310217857361, 0.5107775330543518, 0.5065815448760986, 0.40138301253318787, 0.30191686749458313, 0.5040773153305054, 0.32969745993614197, 0.4125242531299591, 0.4692060649394989, 0.5439145565032959, 0.4280620217323303, 0.40660539269447327, 0.3149903118610382, 0.33378294110298157, 0.5059286952018738]",pca
54,beta,6.0,0.0378,0.2747260658349709,0.2769866175233411,0.2508464728417088,0.5,0.6008714811891608,0.723342541436464,30.0,"[0, 1, 2, 3, 4, 5, 6, 7, 8, 9, 10, 11, 12, 13, 14, 15, 16, 17, 18, 19, 20, 21, 22, 23, 24, 25, 26, 27, 28, 29]","[0.49196624755859375, 0.5424031019210815, 0.47104087471961975, 0.5243446230888367, 0.4783773124217987, 0.5425916314125061, 0.4664592742919922, 0.6605894565582275, 0.6419869661331177, 0.494245707988739, 0.4080182909965515, 0.5760990977287292, 0.615402102470398, 0.5523340702056885, 0.5582818388938904, 0.5224711298942566, 0.5795562863349915, 0.5104864835739136, 0.4302888512611389, 0.557831883430481, 0.5438345670700073, 0.5028748512268066, 0.5205731391906738, 0.6223393678665161, 0.5998934507369995, 0.44067883491516113, 0.6830631494522095, 0.5383216738700867, 0.5626173615455627, 0.48892974853515625]",pca
54,beta,96.0,0.0324,0.2629617523966815,0.2619525804294986,0.2343937071645964,0.5,0.5824397684956705,0.7720549748007238,30.0,"[0, 1, 2, 3, 4, 5, 6, 7, 8, 9, 10, 11, 12, 13, 14, 15, 16, 17, 18, 19, 20, 21, 22, 23, 24, 25, 26, 27, 28, 29]","[0.651044487953186, 0.6602663993835449, 0.6406570076942444, 0.6762455105781555, 0.6896870136260986, 0.6868993043899536, 0.6537870764732361, 0.6165618300437927, 0.6756243109703064, 0.5556460618972778, 0.7041513323783875, 0.6704241037368774, 0.6397636532783508, 0.6418803930282593, 0.6977220773696899, 0.6980662941932678, 0.6604475975036621, 0.5749527215957642, 0.618224561214447, 0.6583096385002136, 0.5889175534248352, 0.5721782445907593, 0.6483601331710815, 0.5741133093833923, 0.6191622614860535, 0.7043470144271851, 0.7311570644378662, 0.6120060682296753, 0.6052436828613281, 0.6968123912811279]",pca
54,beta,70.0,0.0378,0.2652010620051332,0.2652523568396527,0.248925530129355,0.5,0.5881964243288191,0.7247861724875267,30.0,"[0, 1, 2, 3, 4, 5, 6, 7, 8, 9, 10, 11, 12, 13, 14, 15, 16, 17, 18, 19, 20, 21, 22, 23, 24, 25, 26, 27, 28, 29]","[0.49810612201690674, 0.545150101184845, 0.4306171238422394, 0.470689058303833, 0.5273498892784119, 0.5227997899055481, 0.47813984751701355, 0.5520331263542175, 0.45345303416252136, 0.49928441643714905, 0.5068255066871643, 0.49948516488075256, 0.5128651261329651, 0.5475075244903564, 0.4981618821620941, 0.5232157707214355, 0.5317881107330322, 0.5403334498405457, 0.4801260530948639, 0.5157278776168823, 0.5430141091346741, 0.5345427989959717, 0.5024388432502747, 0.49724552035331726, 0.5436347126960754, 0.4854670763015747, 0.48114463686943054, 0.5051947236061096, 0.49393022060394287, 0.5072814226150513]",pca
54,beta,71.0,0.0378,0.2826573604985781,0.2815187150694883,0.2660690410832408,0.5,0.6232638888888888,0.6956150042087543,30.0,"[0, 1, 2, 3, 4, 5, 6, 7, 8, 9, 10, 11, 12, 13, 14, 15, 16, 17, 18, 19, 20, 21, 22, 23, 24, 25, 26, 27, 28, 29]","[0.5282650589942932, 0.4714868366718292, 0.47059333324432373, 0.35326945781707764, 0.3397664427757263, 0.4859962463378906, 0.5136573314666748, 0.4380916655063629, 0.49283987283706665, 0.5319961309432983, 0.4047262370586395, 0.40828314423561096, 0.46958115696907043, 0.4272941052913666, 0.42758241295814514, 0.5450470447540283, 0.4038815498352051, 0.3984832763671875, 0.4775492250919342, 0.41705459356307983, 0.4509684145450592, 0.4488438069820404, 0.45845603942871094, 0.4955640733242035, 0.5275834798812866, 0.5236643552780151, 0.41141775250434875, 0.46699875593185425, 0.490302711725235, 0.5319845080375671]",pca
54,beta,72.0,0.0378,0.2747818731992664,0.2886924695010278,0.2607566743748095,0.5,0.5651110050131296,0.7389459165539376,30.0,"[0, 1, 2, 3, 4, 5, 6, 7, 8, 9, 10, 11, 12, 13, 14, 15, 16, 17, 18, 19, 20, 21, 22, 23, 24, 25, 26, 27, 28, 29]","[0.3188336491584778, 0.4208817183971405, 0.34473273158073425, 0.40240609645843506, 0.37258920073509216, 0.27059945464134216, 0.2812724709510803, 0.36541035771369934, 0.37858065962791443, 0.3757540285587311, 0.33642271161079407, 0.3225477635860443, 0.30928581953048706, 0.29023945331573486, 0.38734501600265503, 0.3569035530090332, 0.42131659388542175, 0.29848068952560425, 0.40727075934410095, 0.33944034576416016, 0.4217182993888855, 0.3114076852798462, 0.3583393692970276, 0.39225059747695923, 0.3591316044330597, 0.4053260385990143, 0.3454391360282898, 0.4310382902622223, 0.43810686469078064, 0.226784810423851]",pca
54,beta,73.0,0.0378,0.2588080057372539,0.2605700263814213,0.2363120459769386,0.5,0.5798933627505056,0.718220261077404,30.0,"[0, 1, 2, 3, 4, 5, 6, 7, 8, 9, 10, 11, 12, 13, 14, 15, 16, 17, 18, 19, 20, 21, 22, 23, 24, 25, 26, 27, 28, 29]","[0.46690234541893005, 0.6316635012626648, 0.47136881947517395, 0.5770324468612671, 0.5409056544303894, 0.5491956472396851, 0.5066484808921814, 0.4647466540336609, 0.5609524846076965, 0.45144301652908325, 0.5967867374420166, 0.4455130100250244, 0.4561827778816223, 0.5603912472724915, 0.5281757116317749, 0.5428608059883118, 0.4946330785751343, 0.5753598213195801, 0.5704110264778137, 0.4872530698776245, 0.46958261728286743, 0.4623474180698395, 0.6314916014671326, 0.47080016136169434, 0.5067293047904968, 0.4949348568916321, 0.5091186761856079, 0.5799139738082886, 0.45567992329597473, 0.48616698384284973]",pca
54,beta,81.0,0.0378,0.2479528338967687,0.252182922250828,0.2369761056318064,0.5,0.5274895789338377,0.642718107864921,30.0,"[0, 1, 2, 3, 4, 5, 6, 7, 8, 9, 10, 11, 12, 13, 14, 15, 16, 17, 18, 19, 20, 21, 22, 23, 24, 25, 26, 27, 28, 29]","[0.6279998421669006, 0.47115638852119446, 0.5011345744132996, 0.4809897541999817, 0.5245382189750671, 0.6243846416473389, 0.5831090211868286, 0.5369033217430115, 0.6052195429801941, 0.5695352554321289, 0.5952914953231812, 0.42203855514526367, 0.5355161428451538, 0.5030696988105774, 0.5054371356964111, 0.5818458795547485, 0.528606653213501, 0.5683763027191162, 0.5936232209205627, 0.5215611457824707, 0.6159635782241821, 0.6277838945388794, 0.48756974935531616, 0.5616744756698608, 0.638576328754425, 0.5164798498153687, 0.5796379446983337, 0.4335439205169678, 0.5472666621208191, 0.5356214642524719]",pca
54,beta,75.0,0.0378,0.2529070486887824,0.2442235271843282,0.2173011945313125,0.5,0.6132189939004394,0.8013543647930741,30.0,"[0, 1, 2, 3, 4, 5, 6, 7, 8, 9, 10, 11, 12, 13, 14, 15, 16, 17, 18, 19, 20, 21, 22, 23, 24, 25, 26, 27, 28, 29]","[0.3819500505924225, 0.39331305027008057, 0.4284396469593048, 0.3890416920185089, 0.36670324206352234, 0.4217461049556732, 0.35326501727104187, 0.3683589696884155, 0.43211960792541504, 0.42171603441238403, 0.4026220142841339, 0.4247591495513916, 0.37699249386787415, 0.43011733889579773, 0.399638831615448, 0.39272651076316833, 0.3045143485069275, 0.47312256693840027, 0.4880181550979614, 0.4120616912841797, 0.41257238388061523, 0.435975044965744, 0.43486905097961426, 0.48557451367378235, 0.3343515992164612, 0.5023570656776428, 0.43426451086997986, 0.3834700286388397, 0.3350884020328522, 0.3991040885448456]",pca
54,beta,74.0,0.0378,0.2749523706804635,0.2887671869496925,0.2649065567758234,0.5,0.5277091228648323,0.6926250892513868,30.0,"[0, 1, 2, 3, 4, 5, 6, 7, 8, 9, 10, 11, 12, 13, 14, 15, 16, 17, 18, 19, 20, 21, 22, 23, 24, 25, 26, 27, 28, 29]","[0.5133459568023682, 0.586613655090332, 0.5776534676551819, 0.5418274998664856, 0.5076618790626526, 0.5393223166465759, 0.4427602291107178, 0.3766605854034424, 0.5326833724975586, 0.6319627165794373, 0.4914974868297577, 0.5224153995513916, 0.5342060923576355, 0.5497549772262573, 0.6459597945213318, 0.49045881628990173, 0.47245344519615173, 0.460144966840744, 0.5421370267868042, 0.5194094181060791, 0.4763336777687073, 0.4996258616447449, 0.48356273770332336, 0.47656625509262085, 0.4838777184486389, 0.6038114428520203, 0.6130425333976746, 0.5899234414100647, 0.5749813318252563, 0.47967150807380676]",pca
54,beta,7.0,0.0378,0.2606414142992545,0.2660151309374284,0.2297955557256889,0.5,0.5319323841144171,0.7702959392159366,30.0,"[0, 1, 2, 3, 4, 5, 6, 7, 8, 9, 10, 11, 12, 13, 14, 15, 16, 17, 18, 19, 20, 21, 22, 23, 24, 25, 26, 27, 28, 29]","[0.41164541244506836, 0.38385623693466187, 0.47307685017585754, 0.47274407744407654, 0.41623935103416443, 0.4830857217311859, 0.27656227350234985, 0.4232085049152374, 0.4802865982055664, 0.4282778203487396, 0.4889400601387024, 0.45272982120513916, 0.45414620637893677, 0.33634066581726074, 0.44232121109962463, 0.4590323567390442, 0.43600302934646606, 0.4991026818752289, 0.3766080141067505, 0.31091681122779846, 0.3983961045742035, 0.45399293303489685, 0.44494637846946716, 0.41874900460243225, 0.4761105477809906, 0.4232253134250641, 0.4515158534049988, 0.47409480810165405, 0.41627079248428345, 0.4068204462528229]",pca
54,beta,87.0,0.0378,0.2697926649544018,0.2727671717317829,0.2551018807534767,0.5,0.5929841235218047,0.6972952339404515,30.0,"[0, 1, 2, 3, 4, 5, 6, 7, 8, 9, 10, 11, 12, 13, 14, 15, 16, 17, 18, 19, 20, 21, 22, 23, 24, 25, 26, 27, 28, 29]","[0.5440218448638916, 0.4652356505393982, 0.47550544142723083, 0.4932388663291931, 0.46222659945487976, 0.4898868799209595, 0.5884742140769958, 0.4918186664581299, 0.5400789976119995, 0.4666230380535126, 0.5101240873336792, 0.46342137455940247, 0.5009084343910217, 0.4184539020061493, 0.4154515564441681, 0.4695577919483185, 0.5635053515434265, 0.36736804246902466, 0.45034879446029663, 0.5393248796463013, 0.5139867067337036, 0.4688476026058197, 0.4558742046356201, 0.5206503868103027, 0.47934699058532715, 0.5130115151405334, 0.3598167896270752, 0.4928826689720154, 0.3879423141479492, 0.5233275294303894]",pca
54,beta,13.0,0.0378,0.2576909067500987,0.2529829403700694,0.2215972108378364,0.5,0.6561267547367551,0.7803235058881933,30.0,"[0, 1, 2, 3, 4, 5, 6, 7, 8, 9, 10, 11, 12, 13, 14, 15, 16, 17, 18, 19, 20, 21, 22, 23, 24, 25, 26, 27, 28, 29]","[0.4829407036304474, 0.5057247877120972, 0.38396793603897095, 0.5422887206077576, 0.47554728388786316, 0.4824907183647156, 0.4922230839729309, 0.5197234153747559, 0.42279016971588135, 0.3642439544200897, 0.49610593914985657, 0.5023437142372131, 0.5049477219581604, 0.46346935629844666, 0.4049840569496155, 0.43494197726249695, 0.38641658425331116, 0.39797648787498474, 0.5536131262779236, 0.43846559524536133, 0.4662259817123413, 0.3843258023262024, 0.5117499828338623, 0.4630650579929352, 0.4437052607536316, 0.5626834630966187, 0.4259962737560272, 0.47073835134506226, 0.4263901710510254, 0.49986085295677185]",pca
54,beta,90.0,0.0378,0.2848047938573605,0.3048086414620909,0.2749301632073291,0.5,0.5194359323572807,0.7071061741005562,30.0,"[0, 1, 2, 3, 4, 5, 6, 7, 8, 9, 10, 11, 12, 13, 14, 15, 16, 17, 18, 19, 20, 21, 22, 23, 24, 25, 26, 27, 28, 29]","[0.30862587690353394, 0.46395382285118103, 0.35512077808380127, 0.4710548222064972, 0.46784666180610657, 0.45342665910720825, 0.5013200044631958, 0.5059302449226379, 0.4582369923591614, 0.45408087968826294, 0.528302788734436, 0.46346694231033325, 0.41829434037208557, 0.5072169303894043, 0.4488394856452942, 0.32932305335998535, 0.5464233160018921, 0.4554431140422821, 0.4603748321533203, 0.4634133279323578, 0.5595213174819946, 0.28069859743118286, 0.5350182056427002, 0.4830300211906433, 0.45262742042541504, 0.4281250536441803, 0.4433850646018982, 0.5028991103172302, 0.4564839005470276, 0.5219000577926636]",pca
54,beta,80.0,0.0378,0.2894505653834459,0.2995603603371783,0.2669421664682839,0.5,0.5564765291182359,0.7409029790539935,30.0,"[0, 1, 2, 3, 4, 5, 6, 7, 8, 9, 10, 11, 12, 13, 14, 15, 16, 17, 18, 19, 20, 21, 22, 23, 24, 25, 26, 27, 28, 29]","[0.39832258224487305, 0.45720750093460083, 0.5244055390357971, 0.5055355429649353, 0.5383520722389221, 0.44884902238845825, 0.4609152376651764, 0.4381404221057892, 0.3833666145801544, 0.526508092880249, 0.4319385886192322, 0.5260222554206848, 0.44685783982276917, 0.3933486342430115, 0.5337985754013062, 0.48083439469337463, 0.42071521282196045, 0.4586053788661957, 0.5654828548431396, 0.48133039474487305, 0.5120899081230164, 0.5348681211471558, 0.5987660884857178, 0.4892045557498932, 0.4444173574447632, 0.49886325001716614, 0.5334849953651428, 0.42716285586357117, 0.45526909828186035, 0.451598584651947]",pca
54,beta,93.0,0.0378,0.2544727022289703,0.2617454088212829,0.238105521519295,0.5,0.5254037800687286,0.7075085910652922,30.0,"[0, 1, 2, 3, 4, 5, 6, 7, 8, 9, 10, 11, 12, 13, 14, 15, 16, 17, 18, 19, 20, 21, 22, 23, 24, 25, 26, 27, 28, 29]","[0.5268521904945374, 0.5101113319396973, 0.5682374835014343, 0.5775977373123169, 0.285931259393692, 0.5630760192871094, 0.4999304711818695, 0.5554552674293518, 0.5215926170349121, 0.4921186864376068, 0.4727000892162323, 0.6127906441688538, 0.4675533175468445, 0.5074682235717773, 0.6269259452819824, 0.49523717164993286, 0.5107382535934448, 0.4035106897354126, 0.4982147812843323, 0.5312304496765137, 0.621444582939148, 0.5036132335662842, 0.32523733377456665, 0.508001446723938, 0.5654991865158081, 0.5901408791542053, 0.5366673469543457, 0.5693699717521667, 0.5410357713699341, 0.41356411576271057]",pca
54,beta,95.0,0.0378,0.2575904294361886,0.2557878175799961,0.2375830912800089,0.5,0.5849950396825396,0.750760582010582,30.0,"[0, 1, 2, 3, 4, 5, 6, 7, 8, 9, 10, 11, 12, 13, 14, 15, 16, 17, 18, 19, 20, 21, 22, 23, 24, 25, 26, 27, 28, 29]","[0.5101408362388611, 0.35360825061798096, 0.4542611241340637, 0.5382816195487976, 0.4055960476398468, 0.4952605366706848, 0.41171395778656006, 0.40919172763824463, 0.3299279808998108, 0.5106229186058044, 0.502813994884491, 0.4249653220176697, 0.3577033281326294, 0.41499003767967224, 0.4399830102920532, 0.5308029651641846, 0.4630948007106781, 0.41741278767585754, 0.40546250343322754, 0.4367779493331909, 0.49211645126342773, 0.435295432806015, 0.4209824800491333, 0.366050660610199, 0.4721931219100952, 0.4368990659713745, 0.3993193209171295, 0.40619516372680664, 0.41094547510147095, 0.4745500087738037]",pca
54,beta,97.0,0.0378,0.2473490428177531,0.2437460954059964,0.2246446167208533,0.5,0.566830171393671,0.7159693858075351,30.0,"[0, 1, 2, 3, 4, 5, 6, 7, 8, 9, 10, 11, 12, 13, 14, 15, 16, 17, 18, 19, 20, 21, 22, 23, 24, 25, 26, 27, 28, 29]","[0.3023553490638733, 0.2613319158554077, 0.38357213139533997, 0.29493144154548645, 0.37170469760894775, 0.444609671831131, 0.21369045972824097, 0.37156257033348083, 0.24339604377746582, 0.3130166828632355, 0.2776282727718353, 0.37996453046798706, 0.40027594566345215, 0.28598612546920776, 0.38880565762519836, 0.43932828307151794, 0.3159126043319702, 0.3570191562175751, 0.35881251096725464, 0.35442331433296204, 0.24958722293376923, 0.23401372134685516, 0.2833910584449768, 0.23369482159614563, 0.2560936212539673, 0.38277047872543335, 0.24502220749855042, 0.26491209864616394, 0.3544074296951294, 0.2506389915943146]",pca
54,beta,89.0,0.0378,0.2596992895569409,0.2578659291246081,0.2360090829244973,0.5,0.61148291913919,0.7369458201341482,30.0,"[0, 1, 2, 3, 4, 5, 6, 7, 8, 9, 10, 11, 12, 13, 14, 15, 16, 17, 18, 19, 20, 21, 22, 23, 24, 25, 26, 27, 28, 29]","[0.46427494287490845, 0.41224411129951477, 0.4367097020149231, 0.494002103805542, 0.4199347198009491, 0.4729595184326172, 0.508689820766449, 0.40953201055526733, 0.48658937215805054, 0.4842819273471832, 0.42210614681243896, 0.520723283290863, 0.3911369740962982, 0.456524133682251, 0.43039441108703613, 0.5480419993400574, 0.44432514905929565, 0.31555020809173584, 0.36641058325767517, 0.3166996240615845, 0.4601579010486603, 0.38061678409576416, 0.5284175276756287, 0.5069931149482727, 0.4371758699417114, 0.38870716094970703, 0.44965246319770813, 0.4532040059566498, 0.3622460663318634, 0.4321920573711395]",pca
54,beta,1.0,0.0432,0.2785951027486996,0.2902501426716141,0.2638828987283845,0.5,0.5665864533937292,0.7137518578809541,30.0,"[0, 1, 2, 3, 4, 5, 6, 7, 8, 9, 10, 11, 12, 13, 14, 15, 16, 17, 18, 19, 20, 21, 22, 23, 24, 25, 26, 27, 28, 29]","[0.4508330523967743, 0.3876897990703583, 0.45867541432380676, 0.35070765018463135, 0.4072675406932831, 0.3525172770023346, 0.41460996866226196, 0.46302807331085205, 0.22087432444095612, 0.30101197957992554, 0.1905275285243988, 0.3497875928878784, 0.372565895318985, 0.3181215226650238, 0.3880614638328552, 0.3597465455532074, 0.3131938576698303, 0.38118425011634827, 0.2851790487766266, 0.3936082422733307, 0.28170713782310486, 0.4658051133155823, 0.3857312500476837, 0.27628058195114136, 0.3324918746948242, 0.3645711839199066, 0.3273533284664154, 0.43298617005348206, 0.2955750823020935, 0.2130022943019867]",pca
54,beta,20.0,0.0378,0.2628800830739616,0.2615029455907067,0.2288853596733961,0.5,0.5906329035839862,0.7972981308987724,30.0,"[0, 1, 2, 3, 4, 5, 6, 7, 8, 9, 10, 11, 12, 13, 14, 15, 16, 17, 18, 19, 20, 21, 22, 23, 24, 25, 26, 27, 28, 29]","[0.5347985029220581, 0.5113127827644348, 0.5215311646461487, 0.5433210134506226, 0.4036795198917389, 0.519771158695221, 0.4847784638404846, 0.5021166801452637, 0.4865941107273102, 0.42031824588775635, 0.5337537527084351, 0.493823379278183, 0.5143252015113831, 0.4844822883605957, 0.5095569491386414, 0.5052446722984314, 0.48541101813316345, 0.461190789937973, 0.41694068908691406, 0.48793870210647583, 0.5106367468833923, 0.5399355888366699, 0.4349636137485504, 0.5115241408348083, 0.47043576836586, 0.47828394174575806, 0.5239298939704895, 0.5117278099060059, 0.5484018921852112, 0.5167061686515808]",pca
54,beta,98.0,0.0378,0.258827379377024,0.2494272212154708,0.2347916793329618,0.5,0.5913145973929925,0.7268574157961234,30.0,"[0, 1, 2, 3, 4, 5, 6, 7, 8, 9, 10, 11, 12, 13, 14, 15, 16, 17, 18, 19, 20, 21, 22, 23, 24, 25, 26, 27, 28, 29]","[0.4159877598285675, 0.38803350925445557, 0.4787052273750305, 0.26972970366477966, 0.40503039956092834, 0.4403877258300781, 0.41302689909935, 0.4378744065761566, 0.49846258759498596, 0.4781906306743622, 0.3642103970050812, 0.5343568325042725, 0.39652445912361145, 0.40223580598831177, 0.5264318585395813, 0.45363909006118774, 0.42943233251571655, 0.4439336657524109, 0.36204853653907776, 0.42587810754776, 0.5158848166465759, 0.5124345421791077, 0.3717863857746124, 0.32924050092697144, 0.5565285086631775, 0.42803463339805603, 0.4591628313064575, 0.42039206624031067, 0.4545634388923645, 0.3688216507434845]",pca
54,beta,77.0,0.0378,0.2575431052026183,0.2575154471625063,0.2328880107595987,0.5,0.5790750580072708,0.7467935394638389,30.0,"[0, 1, 2, 3, 4, 5, 6, 7, 8, 9, 10, 11, 12, 13, 14, 15, 16, 17, 18, 19, 20, 21, 22, 23, 24, 25, 26, 27, 28, 29]","[0.4795123040676117, 0.4272022843360901, 0.44769272208213806, 0.3955908417701721, 0.4189637005329132, 0.5096278190612793, 0.42120257019996643, 0.42924460768699646, 0.45947250723838806, 0.5481864213943481, 0.4807035028934479, 0.4282870292663574, 0.42228591442108154, 0.5239672064781189, 0.42831552028656006, 0.40276843309402466, 0.47673678398132324, 0.491786926984787, 0.5035764575004578, 0.5213194489479065, 0.4366668462753296, 0.47908711433410645, 0.35760393738746643, 0.35965853929519653, 0.4463174641132355, 0.3184981048107147, 0.44500967860221863, 0.4589185118675232, 0.4234603941440582, 0.44117027521133423]",pca
54,beta,0.0,0.0432,0.281572739545136,0.2897992539503829,0.2628512717234204,0.5,0.5996241954759471,0.7383119033563231,29.0,"[0, 1, 2, 3, 4, 5, 6, 7, 8, 9, 11, 12, 13, 14, 15, 16, 17, 18, 19, 20, 21, 22, 23, 24, 25, 26, 27, 28, 29]","[0.32842010259628296, 0.2882337272167206, 0.20031507313251495, 0.2935633957386017, 0.24130041897296906, 0.11149826645851135, 0.24437974393367767, 0.32518067955970764, 0.23594115674495697, 0.20761051774024963, 0.0, 0.13705895841121674, 0.2965454161167145, 0.29071709513664246, 0.2769112288951874, 0.33221226930618286, 0.31434011459350586, 0.35987389087677, 0.25549450516700745, 0.18528513610363007, 0.19600753486156464, 0.03470655158162117, 0.2101946473121643, 0.19051136076450348, 0.19759325683116913, 0.2383958250284195, 0.22515805065631866, 0.15436618030071259, 0.13660234212875366, 0.25524383783340454]",pca
54,beta,92.0,0.0378,0.2864095892037767,0.3057068864847854,0.2756437531620219,0.5,0.5511115205109309,0.7157762220584624,30.0,"[0, 1, 2, 3, 4, 5, 6, 7, 8, 9, 10, 11, 12, 13, 14, 15, 16, 17, 18, 19, 20, 21, 22, 23, 24, 25, 26, 27, 28, 29]","[0.44991883635520935, 0.451534628868103, 0.3433506190776825, 0.4453805685043335, 0.3245862126350403, 0.43029430508613586, 0.41216588020324707, 0.3982384502887726, 0.48278379440307617, 0.4989323914051056, 0.4499218463897705, 0.32596123218536377, 0.36587411165237427, 0.4415636658668518, 0.3225212097167969, 0.36849039793014526, 0.50883948802948, 0.36309191584587097, 0.4623195230960846, 0.43671804666519165, 0.4206656515598297, 0.3447878360748291, 0.4606616199016571, 0.3633768558502197, 0.36559027433395386, 0.3396787941455841, 0.46042999625205994, 0.48061707615852356, 0.3842366635799408, 0.4690830111503601]",pca
54,beta,78.0,0.0378,0.2773358384199397,0.2887072442135551,0.2587720181592325,0.5,0.5240661440147573,0.7321299163317742,30.0,"[0, 1, 2, 3, 4, 5, 6, 7, 8, 9, 10, 11, 12, 13, 14, 15, 16, 17, 18, 19, 20, 21, 22, 23, 24, 25, 26, 27, 28, 29]","[0.48239952325820923, 0.5488468408584595, 0.4582587480545044, 0.6272087097167969, 0.5123807191848755, 0.520106315612793, 0.4480891823768616, 0.5513281226158142, 0.6214582324028015, 0.5649350881576538, 0.4204832911491394, 0.5612757802009583, 0.5512737035751343, 0.44578486680984497, 0.5987308025360107, 0.5348578095436096, 0.5189655423164368, 0.45077142119407654, 0.5023781061172485, 0.4267154633998871, 0.5344811677932739, 0.5373896360397339, 0.5451521277427673, 0.4127596616744995, 0.5114923119544983, 0.4345010221004486, 0.5652756094932556, 0.47371843457221985, 0.4110932946205139, 0.49225860834121704]",pca
54,beta,25.0,0.0378,0.2845510566600645,0.2913358577766932,0.2534040619961157,0.5,0.5862418006859121,0.7865747677554689,30.0,"[0, 1, 2, 3, 4, 5, 6, 7, 8, 9, 10, 11, 12, 13, 14, 15, 16, 17, 18, 19, 20, 21, 22, 23, 24, 25, 26, 27, 28, 29]","[0.5015116930007935, 0.42249631881713867, 0.440956711769104, 0.42407429218292236, 0.3731006681919098, 0.45558446645736694, 0.47494491934776306, 0.4100346863269806, 0.5040095448493958, 0.41335928440093994, 0.3298526406288147, 0.2744932770729065, 0.5144587159156799, 0.30634745955467224, 0.40443480014801025, 0.4389888346195221, 0.31344595551490784, 0.49091118574142456, 0.41849708557128906, 0.25186944007873535, 0.413526713848114, 0.5079086422920227, 0.45052093267440796, 0.5193830132484436, 0.532549262046814, 0.38658761978149414, 0.29492300748825073, 0.5187636613845825, 0.5113362669944763, 0.47988608479499817]",pca
54,beta,6.0,0.0432,0.2747260658349709,0.2769866175233411,0.2514432286722412,0.5,0.6008714811891608,0.7212904498816102,30.0,"[0, 1, 2, 3, 4, 5, 6, 7, 8, 9, 10, 11, 12, 13, 14, 15, 16, 17, 18, 19, 20, 21, 22, 23, 24, 25, 26, 27, 28, 29]","[0.3200995922088623, 0.3723685145378113, 0.3045690953731537, 0.35659676790237427, 0.3182738721370697, 0.3725871443748474, 0.2896707057952881, 0.5042042136192322, 0.48922786116600037, 0.32000812888145447, 0.2169273942708969, 0.41468021273612976, 0.46020540595054626, 0.38367173075675964, 0.39388564229011536, 0.3527284562587738, 0.41467711329460144, 0.3458046615123749, 0.24290093779563904, 0.39215537905693054, 0.375563383102417, 0.3369550108909607, 0.35229361057281494, 0.4657137989997864, 0.43579208850860596, 0.2562960386276245, 0.5360530614852905, 0.3691790997982025, 0.39698824286460876, 0.32909756898880005]",pca
54,beta,86.0,0.0378,0.2621396651297328,0.2603117858767016,0.2481374800399719,0.5,0.6487404248598279,0.6759995118204073,30.0,"[0, 1, 2, 3, 4, 5, 6, 7, 8, 9, 10, 11, 12, 13, 14, 15, 16, 17, 18, 19, 20, 21, 22, 23, 24, 25, 26, 27, 28, 29]","[0.4368918836116791, 0.513195812702179, 0.49658629298210144, 0.5001778602600098, 0.45091068744659424, 0.5336606502532959, 0.5734966397285461, 0.4978802502155304, 0.4999549090862274, 0.5098320245742798, 0.6031785607337952, 0.5693299770355225, 0.41789475083351135, 0.5498907566070557, 0.49723532795906067, 0.5673436522483826, 0.49834200739860535, 0.509942352771759, 0.5312054753303528, 0.6031599640846252, 0.4908561110496521, 0.5471540689468384, 0.4850638210773468, 0.6025419235229492, 0.5212632417678833, 0.47928160429000854, 0.5159322619438171, 0.3771596848964691, 0.538746178150177, 0.481647253036499]",pca
54,beta,88.0,0.0378,0.278952940337224,0.2900466018878506,0.278881925168608,0.5,0.5941158749503609,0.6441727032467444,30.0,"[0, 1, 2, 3, 4, 5, 6, 7, 8, 9, 10, 11, 12, 13, 14, 15, 16, 17, 18, 19, 20, 21, 22, 23, 24, 25, 26, 27, 28, 29]","[0.6697455644607544, 0.5596254467964172, 0.5767340064048767, 0.643783688545227, 0.5027056336402893, 0.567777693271637, 0.5756705403327942, 0.6448203325271606, 0.5224093794822693, 0.6956340074539185, 0.5471320152282715, 0.5777946710586548, 0.5227512121200562, 0.5485137701034546, 0.5491394996643066, 0.5820735096931458, 0.5698688626289368, 0.518206000328064, 0.592390775680542, 0.6201701164245605, 0.5630475282669067, 0.5294443964958191, 0.5036636590957642, 0.7011809349060059, 0.5793368220329285, 0.6031090021133423, 0.6781940460205078, 0.559752345085144, 0.5792449712753296, 0.6147446036338806]",pca
54,beta,2.0,0.0432,0.2495620960358432,0.2434427663431785,0.2217221492482564,0.5,0.6279682750759878,0.765498353596758,30.0,"[0, 1, 2, 3, 4, 5, 6, 7, 8, 9, 10, 11, 12, 13, 14, 15, 16, 17, 18, 19, 20, 21, 22, 23, 24, 25, 26, 27, 28, 29]","[0.22721551358699799, 0.1496143639087677, 0.3095244765281677, 0.23645900189876556, 0.33958739042282104, 0.35810592770576477, 0.3523058593273163, 0.295672744512558, 0.3518565893173218, 0.2684668302536011, 0.32536596059799194, 0.29316893219947815, 0.3044167160987854, 0.3379072844982147, 0.251802921295166, 0.3799284100532532, 0.2234916239976883, 0.15641698241233826, 0.3012399971485138, 0.21534551680088043, 0.3991823196411133, 0.378439337015152, 0.25604331493377686, 0.328727662563324, 0.36798280477523804, 0.38027846813201904, 0.3104759752750397, 0.3940199911594391, 0.24224968254566193, 0.24088065326213837]",pca
54,beta,30.0,0.0378,0.2555378502535331,0.2554948845890617,0.2435814060462724,0.5,0.5473332739016622,0.6901637882827758,30.0,"[0, 1, 2, 3, 4, 5, 6, 7, 8, 9, 10, 11, 12, 13, 14, 15, 16, 17, 18, 19, 20, 21, 22, 23, 24, 25, 26, 27, 28, 29]","[0.514798104763031, 0.6091899871826172, 0.5570864081382751, 0.5828239321708679, 0.5679804682731628, 0.4741373062133789, 0.5686617493629456, 0.5350252985954285, 0.5055277347564697, 0.5494892001152039, 0.46838846802711487, 0.5370007157325745, 0.5707622170448303, 0.4879390299320221, 0.48648181557655334, 0.4158908724784851, 0.5186477899551392, 0.41308456659317017, 0.521975576877594, 0.5585615038871765, 0.5431468486785889, 0.5374435782432556, 0.4728783965110779, 0.5176178812980652, 0.53733891248703, 0.5795397162437439, 0.4285552203655243, 0.5230568051338196, 0.38391029834747314, 0.4287848174571991]",pca
54,beta,3.0,0.0432,0.2600613681646652,0.2699348220259572,0.2607404301616298,0.5,0.5614374557665376,0.6609119245885346,30.0,"[0, 1, 2, 3, 4, 5, 6, 7, 8, 9, 10, 11, 12, 13, 14, 15, 16, 17, 18, 19, 20, 21, 22, 23, 24, 25, 26, 27, 28, 29]","[0.2752992808818817, 0.20740766823291779, 0.2948042154312134, 0.37983429431915283, 0.3759476840496063, 0.2971005141735077, 0.3695548474788666, 0.38037818670272827, 0.3615494668483734, 0.3678159713745117, 0.31501299142837524, 0.34347566962242126, 0.3203939199447632, 0.30030450224876404, 0.27339208126068115, 0.2906074821949005, 0.12822990119457245, 0.3129782974720001, 0.29178309440612793, 0.38217946887016296, 0.3545416593551636, 0.4103309214115143, 0.2633519172668457, 0.2819892168045044, 0.2536681890487671, 0.3088303506374359, 0.3175641894340515, 0.3118399977684021, 0.23902402818202972, 0.2623903751373291]",pca
54,beta,83.0,0.0378,0.2792181290810143,0.2848799948093335,0.2517915695677785,0.5,0.614604656240618,0.7787671606757827,30.0,"[0, 1, 2, 3, 4, 5, 6, 7, 8, 9, 10, 11, 12, 13, 14, 15, 16, 17, 18, 19, 20, 21, 22, 23, 24, 25, 26, 27, 28, 29]","[0.49682021141052246, 0.38678500056266785, 0.3464934229850769, 0.4597730338573456, 0.4304175078868866, 0.41945508122444153, 0.42452049255371094, 0.4314682185649872, 0.5289883017539978, 0.47647327184677124, 0.4063531756401062, 0.40853968262672424, 0.3860223591327667, 0.3435947597026825, 0.2960290014743805, 0.41123855113983154, 0.41909751296043396, 0.5011767148971558, 0.39361870288848877, 0.4625922739505768, 0.5321460962295532, 0.4253372550010681, 0.5127363801002502, 0.34779396653175354, 0.4031136631965637, 0.46200037002563477, 0.4438243508338928, 0.25198420882225037, 0.4529326856136322, 0.3972891569137573]",pca
54,beta,82.0,0.0378,0.2676561896061871,0.2828164453389342,0.2548968139544353,0.5,0.5578031891414699,0.6936589604943721,30.0,"[0, 1, 2, 3, 4, 5, 6, 7, 8, 9, 10, 11, 12, 13, 14, 15, 16, 17, 18, 19, 20, 21, 22, 23, 24, 25, 26, 27, 28, 29]","[0.395565003156662, 0.38655322790145874, 0.2463085800409317, 0.5338027477264404, 0.47372469305992126, 0.4755334258079529, 0.5387314558029175, 0.3671492338180542, 0.5050004124641418, 0.3368978798389435, 0.41405385732650757, 0.5430399775505066, 0.46708816289901733, 0.42943018674850464, 0.46133244037628174, 0.3883841335773468, 0.5301989912986755, 0.5604900121688843, 0.4605657160282135, 0.3988218903541565, 0.4744238257408142, 0.34369856119155884, 0.4222325086593628, 0.4768540561199188, 0.46608766913414, 0.38218197226524353, 0.4867517352104187, 0.3195212185382843, 0.499784380197525, 0.4084742069244385]",pca
54,beta,11.0,0.0432,0.2601588292036993,0.261959193222247,0.2526456939671926,0.5,0.640718342060624,0.7082675713548197,30.0,"[0, 1, 2, 3, 4, 5, 6, 7, 8, 9, 10, 11, 12, 13, 14, 15, 16, 17, 18, 19, 20, 21, 22, 23, 24, 25, 26, 27, 28, 29]","[0.26877498626708984, 0.3093191087245941, 0.3568701148033142, 0.22277052700519562, 0.29504984617233276, 0.37651270627975464, 0.2796688377857208, 0.3347734808921814, 0.21781466901302338, 0.2392168492078781, 0.36505618691444397, 0.30061325430870056, 0.3679537773132324, 0.21416659653186798, 0.27478596568107605, 0.38786453008651733, 0.19406212866306305, 0.2621152698993683, 0.3078685700893402, 0.17493630945682526, 0.3202166259288788, 0.286712646484375, 0.21811212599277496, 0.37151244282722473, 0.32777950167655945, 0.2932824194431305, 0.19254499673843384, 0.3052601218223572, 0.3654588758945465, 0.22636763751506805]",pca
54,beta,29.0,0.0378,0.2810209321620384,0.2988276637453995,0.2711635862428325,0.5,0.5077633516262883,0.6938235250375527,30.0,"[0, 1, 2, 3, 4, 5, 6, 7, 8, 9, 10, 11, 12, 13, 14, 15, 16, 17, 18, 19, 20, 21, 22, 23, 24, 25, 26, 27, 28, 29]","[0.4553365111351013, 0.35812774300575256, 0.42490559816360474, 0.4224945306777954, 0.40085744857788086, 0.45972102880477905, 0.24246267974376678, 0.4796951115131378, 0.3762156069278717, 0.49169307947158813, 0.4065353572368622, 0.22421416640281677, 0.45389649271965027, 0.3908177614212036, 0.39459365606307983, 0.3583569824695587, 0.48297780752182007, 0.3551158010959625, 0.4402494728565216, 0.36773011088371277, 0.48970118165016174, 0.3151712119579315, 0.3527891933917999, 0.44519081711769104, 0.3232736587524414, 0.21269133687019348, 0.264173686504364, 0.2536584734916687, 0.34591254591941833, 0.30705803632736206]",pca
54,beta,84.0,0.0378,0.2634244110774574,0.2655807626576091,0.2490905147792732,0.5,0.5758402903811253,0.7080217785843921,30.0,"[0, 1, 2, 3, 4, 5, 6, 7, 8, 9, 10, 11, 12, 13, 14, 15, 16, 17, 18, 19, 20, 21, 22, 23, 24, 25, 26, 27, 28, 29]","[0.3821982741355896, 0.4239276945590973, 0.43041902780532837, 0.45483750104904175, 0.506445050239563, 0.4605824947357178, 0.5106895565986633, 0.40608838200569153, 0.4363776743412018, 0.47974106669425964, 0.42568033933639526, 0.37802854180336, 0.502966582775116, 0.4305477738380432, 0.44187721610069275, 0.5479418635368347, 0.4330425560474396, 0.44775834679603577, 0.47108030319213867, 0.44274085760116577, 0.5690513253211975, 0.37268975377082825, 0.40609607100486755, 0.4903120696544647, 0.46867135167121887, 0.53830486536026, 0.4413277804851532, 0.584500789642334, 0.3987676203250885, 0.3926992118358612]",pca
54,beta,32.0,0.0378,0.2565291715759179,0.2501939974533648,0.2338686878365846,0.5,0.5481308097587168,0.730913789053324,30.0,"[0, 1, 2, 3, 4, 5, 6, 7, 8, 9, 10, 11, 12, 13, 14, 15, 16, 17, 18, 19, 20, 21, 22, 23, 24, 25, 26, 27, 28, 29]","[0.423623651266098, 0.4104923605918884, 0.4416205585002899, 0.47151240706443787, 0.392584890127182, 0.3545682430267334, 0.4054357707500458, 0.3932698965072632, 0.48525094985961914, 0.45634257793426514, 0.437347412109375, 0.3710568845272064, 0.3938644826412201, 0.47103002667427063, 0.44997307658195496, 0.3255508542060852, 0.42121851444244385, 0.4801419973373413, 0.39932847023010254, 0.34715932607650757, 0.44837209582328796, 0.4037926495075226, 0.46760639548301697, 0.28729048371315, 0.3508892059326172, 0.3327145278453827, 0.36587053537368774, 0.4888363480567932, 0.3366113007068634, 0.3380560576915741]",pca
54,beta,96.0,0.0378,0.2629617523966815,0.2619525804294986,0.2353319104485839,0.5,0.5824397684956705,0.7697444180238383,30.0,"[0, 1, 2, 3, 4, 5, 6, 7, 8, 9, 10, 11, 12, 13, 14, 15, 16, 17, 18, 19, 20, 21, 22, 23, 24, 25, 26, 27, 28, 29]","[0.485901802778244, 0.49750804901123047, 0.47229626774787903, 0.5179516673088074, 0.5261375904083252, 0.5252896547317505, 0.4801960587501526, 0.44377362728118896, 0.5112918615341187, 0.3727429509162903, 0.5408124327659607, 0.5050827860832214, 0.4701186418533325, 0.4718029201030731, 0.5386372804641724, 0.5355690121650696, 0.4929565191268921, 0.39431530237197876, 0.4442201554775238, 0.4913118779659271, 0.4067695736885071, 0.3918186128139496, 0.4794694781303406, 0.394619345664978, 0.4449511170387268, 0.5408840775489807, 0.5747528076171875, 0.4332391917705536, 0.43197715282440186, 0.5355138182640076]",pca
54,beta,5.0,0.0432,0.2616193070017826,0.2684446490871227,0.2571170704193326,0.5,0.6163379080064133,0.6759483988644219,30.0,"[0, 1, 2, 3, 4, 5, 6, 7, 8, 9, 10, 11, 12, 13, 14, 15, 16, 17, 18, 19, 20, 21, 22, 23, 24, 25, 26, 27, 28, 29]","[0.3120415508747101, 0.0941912904381752, 0.3536461293697357, 0.38860955834388733, 0.27047237753868103, 0.36533206701278687, 0.3471369445323944, 0.3198179304599762, 0.36593493819236755, 0.12967373430728912, 0.2800788879394531, 0.3414708375930786, 0.21942298114299774, 0.11553750932216644, 0.3262670040130615, 0.3667762577533722, 0.3089636564254761, 0.3616241216659546, 0.3742677867412567, 0.33801865577697754, 0.36683744192123413, 0.29077520966529846, 0.11620479822158813, 0.3466765880584717, 0.3149612843990326, 0.3236209750175476, 0.2977151870727539, 0.34882429242134094, 0.34736859798431396, 0.2862597405910492]",pca
54,beta,22.0,0.0378,0.2837419185874003,0.3046494117796562,0.2749133472036013,0.5,0.4992868004252284,0.6889171477399647,30.0,"[0, 1, 2, 3, 4, 5, 6, 7, 8, 9, 10, 11, 12, 13, 14, 15, 16, 17, 18, 19, 20, 21, 22, 23, 24, 25, 26, 27, 28, 29]","[0.32347971200942993, 0.3378012180328369, 0.375221312046051, 0.19708068668842316, 0.2927332818508148, 0.36519309878349304, 0.17309260368347168, 0.2757143974304199, 0.22317983210086823, 0.31836530566215515, 0.35446006059646606, 0.3261395990848541, 0.3569287359714508, 0.3603191375732422, 0.3312734067440033, 0.23332616686820984, 0.2260981798171997, 0.2183992564678192, 0.2324107587337494, 0.35752710700035095, 0.326698899269104, 0.18175874650478363, 0.3429763913154602, 0.18068039417266846, 0.2464379519224167, 0.1971341073513031, 0.3106600344181061, 0.2795824408531189, 0.28640836477279663, 0.2041112631559372]",pca
54,beta,94.0,0.0378,0.2619885292554274,0.2654857551018414,0.2584153121547594,0.5,0.5838802296964725,0.6734442751669987,30.0,"[0, 1, 2, 3, 4, 5, 6, 7, 8, 9, 10, 11, 12, 13, 14, 15, 16, 17, 18, 19, 20, 21, 22, 23, 24, 25, 26, 27, 28, 29]","[0.48972150683403015, 0.5203391313552856, 0.337637335062027, 0.48302510380744934, 0.5186819434165955, 0.5717153549194336, 0.47485479712486267, 0.5236595273017883, 0.4741606116294861, 0.41777917742729187, 0.5682117938995361, 0.5649396181106567, 0.5182334184646606, 0.47041478753089905, 0.579833984375, 0.5062159299850464, 0.5539799928665161, 0.5085355043411255, 0.5485119223594666, 0.5015673637390137, 0.47656285762786865, 0.5082877278327942, 0.5506632924079895, 0.45991140604019165, 0.5338281393051147, 0.408403217792511, 0.37069904804229736, 0.43184736371040344, 0.4808916747570038, 0.4504900574684143]",pca
54,beta,42.0,0.0378,0.2542277574731195,0.2544966362822702,0.228319972799161,0.5,0.6170359040909652,0.7753908663947595,30.0,"[0, 1, 2, 3, 4, 5, 6, 7, 8, 9, 10, 11, 12, 13, 14, 15, 16, 17, 18, 19, 20, 21, 22, 23, 24, 25, 26, 27, 28, 29]","[0.5145206451416016, 0.47369104623794556, 0.5030412077903748, 0.5596028566360474, 0.40566983819007874, 0.5199737548828125, 0.5133092403411865, 0.5181149244308472, 0.5121289491653442, 0.5111181735992432, 0.43235939741134644, 0.5093387365341187, 0.496972918510437, 0.5574039816856384, 0.5111212134361267, 0.492361456155777, 0.5707253217697144, 0.5064742565155029, 0.4688851833343506, 0.47106117010116577, 0.5279853940010071, 0.4236728549003601, 0.45319414138793945, 0.417014479637146, 0.44667431712150574, 0.419651061296463, 0.45750394463539124, 0.5482975244522095, 0.5381271243095398, 0.5263577103614807]",pca
54,beta,10.0,0.0432,0.2711055500199741,0.2819676250852603,0.2588363028540394,0.5,0.5443998811645869,0.719333036244801,30.0,"[0, 1, 2, 3, 4, 5, 6, 7, 8, 9, 10, 11, 12, 13, 14, 15, 16, 17, 18, 19, 20, 21, 22, 23, 24, 25, 26, 27, 28, 29]","[0.19517652690410614, 0.35646748542785645, 0.3268597424030304, 0.2915446162223816, 0.24297404289245605, 0.3520234525203705, 0.3270949125289917, 0.27688753604888916, 0.24871812760829926, 0.366783082485199, 0.23598365485668182, 0.2708018720149994, 0.13085171580314636, 0.27292048931121826, 0.257082998752594, 0.29783540964126587, 0.2698472738265991, 0.2562084496021271, 0.19813990592956543, 0.31097012758255005, 0.21319980919361115, 0.27685901522636414, 0.27807968854904175, 0.24818892776966095, 0.2656533122062683, 0.3706871569156647, 0.35583433508872986, 0.28505614399909973, 0.2005617320537567, 0.2946212887763977]",pca
54,beta,99.0,0.0378,0.2754971048104321,0.2805070202785323,0.2562874132849561,0.5,0.5871627967226918,0.7611192072282134,30.0,"[0, 1, 2, 3, 4, 5, 6, 7, 8, 9, 10, 11, 12, 13, 14, 15, 16, 17, 18, 19, 20, 21, 22, 23, 24, 25, 26, 27, 28, 29]","[0.45138460397720337, 0.6002029180526733, 0.5261821150779724, 0.5125517845153809, 0.5757192373275757, 0.5538804531097412, 0.48978284001350403, 0.5437633395195007, 0.46089106798171997, 0.5767877101898193, 0.4940112233161926, 0.5305115580558777, 0.4762730002403259, 0.5579666495323181, 0.5679609179496765, 0.48122286796569824, 0.5246424078941345, 0.5367915630340576, 0.5506005883216858, 0.44940170645713806, 0.531723141670227, 0.6260914206504822, 0.4826190173625946, 0.5266315340995789, 0.5786232948303223, 0.5977675318717957, 0.5965747237205505, 0.5244128108024597, 0.5763400793075562, 0.49959179759025574]",pca
54,beta,9.0,0.0432,0.2573521289492059,0.2608492913457901,0.2570092519373163,0.5,0.6115793918918919,0.6602322635135134,30.0,"[0, 1, 2, 3, 4, 5, 6, 7, 8, 9, 10, 11, 12, 13, 14, 15, 16, 17, 18, 19, 20, 21, 22, 23, 24, 25, 26, 27, 28, 29]","[0.3317566514015198, 0.34947657585144043, 0.3422600328922272, 0.37611275911331177, 0.35830721259117126, 0.2980020344257355, 0.3308883309364319, 0.3478472828865051, 0.2770407795906067, 0.33005282282829285, 0.3236668109893799, 0.33997729420661926, 0.37030228972435, 0.34788018465042114, 0.34415364265441895, 0.3182207942008972, 0.19219370186328888, 0.25923585891723633, 0.33327606320381165, 0.33696070313453674, 0.3347666561603546, 0.3158559203147888, 0.29074132442474365, 0.2887192368507385, 0.295388787984848, 0.34031012654304504, 0.27674147486686707, 0.36089715361595154, 0.36250802874565125, 0.24438047409057617]",pca
54,beta,51.0,0.0378,0.2653632416970451,0.2803790860314156,0.2621582809962531,0.5,0.4510293560137797,0.6298439071024741,30.0,"[0, 1, 2, 3, 4, 5, 6, 7, 8, 9, 10, 11, 12, 13, 14, 15, 16, 17, 18, 19, 20, 21, 22, 23, 24, 25, 26, 27, 28, 29]","[0.48169469833374023, 0.5599836707115173, 0.44396793842315674, 0.5137110352516174, 0.47242307662963867, 0.501596987247467, 0.4776327610015869, 0.5416742563247681, 0.4767211973667145, 0.43455252051353455, 0.3834597170352936, 0.5693564414978027, 0.4584785997867584, 0.5819728970527649, 0.6030991077423096, 0.5381177067756653, 0.40607625246047974, 0.42297396063804626, 0.4121849238872528, 0.5998544692993164, 0.49983078241348267, 0.422703355550766, 0.4703221619129181, 0.550983726978302, 0.4215700924396515, 0.6301879286766052, 0.4470192492008209, 0.4359830319881439, 0.49705782532691956, 0.5413159728050232]",pca
54,beta,47.0,0.0378,0.244301186216428,0.2471959695438087,0.236683050932267,0.5,0.5301834775168742,0.672592451753969,30.0,"[0, 1, 2, 3, 4, 5, 6, 7, 8, 9, 10, 11, 12, 13, 14, 15, 16, 17, 18, 19, 20, 21, 22, 23, 24, 25, 26, 27, 28, 29]","[0.3975880742073059, 0.4266199767589569, 0.4177171587944031, 0.45701900124549866, 0.39943408966064453, 0.41005513072013855, 0.4267502725124359, 0.4508001208305359, 0.5272836089134216, 0.4245087802410126, 0.517889678478241, 0.4765728712081909, 0.4933030903339386, 0.446271151304245, 0.46906834840774536, 0.4324789345264435, 0.5634055733680725, 0.4874269962310791, 0.4811597168445587, 0.5262289643287659, 0.4092260003089905, 0.48934879899024963, 0.4060329496860504, 0.38134506344795227, 0.44183409214019775, 0.4057503938674927, 0.3662678003311157, 0.41109246015548706, 0.4342220723628998, 0.3509984612464905]",pca
54,beta,38.0,0.0378,0.2764934480530646,0.2874560306968496,0.2696578516305273,0.5,0.562104915026195,0.6631489540818243,30.0,"[0, 1, 2, 3, 4, 5, 6, 7, 8, 9, 10, 11, 12, 13, 14, 15, 16, 17, 18, 19, 20, 21, 22, 23, 24, 25, 26, 27, 28, 29]","[0.44926682114601135, 0.4089355766773224, 0.27550792694091797, 0.3793313503265381, 0.4176461398601532, 0.3928089439868927, 0.39064547419548035, 0.43976977467536926, 0.26583021879196167, 0.46463876962661743, 0.42037180066108704, 0.3684787154197693, 0.2592162489891052, 0.42644861340522766, 0.377524733543396, 0.37273070216178894, 0.3886162042617798, 0.3969292938709259, 0.4256614148616791, 0.3745396137237549, 0.4991251826286316, 0.47788166999816895, 0.3004818558692932, 0.45022261142730713, 0.26129353046417236, 0.39491328597068787, 0.41330087184906006, 0.25617745518684387, 0.3921456038951874, 0.4291859567165375]",pca
54,beta,7.0,0.0432,0.2606414142992545,0.2660151309374284,0.2303639755669365,0.5,0.5319323841144171,0.7679654577959392,30.0,"[0, 1, 2, 3, 4, 5, 6, 7, 8, 9, 10, 11, 12, 13, 14, 15, 16, 17, 18, 19, 20, 21, 22, 23, 24, 25, 26, 27, 28, 29]","[0.25412094593048096, 0.227092444896698, 0.3206367790699005, 0.3245772123336792, 0.25927048921585083, 0.34104543924331665, 0.09281820803880692, 0.26546818017959595, 0.3296423852443695, 0.27070778608322144, 0.34382182359695435, 0.304928719997406, 0.3063907027244568, 0.1674005091190338, 0.28577712178230286, 0.31239742040634155, 0.2815139591693878, 0.36716195940971375, 0.21703381836414337, 0.13859492540359497, 0.23885680735111237, 0.3003058135509491, 0.28769323229789734, 0.2696939706802368, 0.3271411061286926, 0.26315364241600037, 0.29813703894615173, 0.32918110489845276, 0.25245460867881775, 0.2459280639886856]",pca
54,beta,52.0,0.0378,0.2660503348001611,0.2747881230267292,0.2605039386744385,0.5,0.5309645923041058,0.6795411535613395,30.0,"[0, 1, 2, 3, 4, 5, 6, 7, 8, 9, 10, 11, 12, 13, 14, 15, 16, 17, 18, 19, 20, 21, 22, 23, 24, 25, 26, 27, 28, 29]","[0.4935413897037506, 0.3899785578250885, 0.37286126613616943, 0.32376277446746826, 0.4022895097732544, 0.5212790369987488, 0.5643962025642395, 0.5310412049293518, 0.4051167368888855, 0.3974791467189789, 0.4076195955276489, 0.43637993931770325, 0.3887498378753662, 0.435134619474411, 0.45510387420654297, 0.40494683384895325, 0.38185063004493713, 0.4282722473144531, 0.4052872955799103, 0.4123113453388214, 0.4021385610103607, 0.3652023375034332, 0.4281834661960602, 0.38193103671073914, 0.41265416145324707, 0.41038888692855835, 0.40452495217323303, 0.49162667989730835, 0.4312722086906433, 0.3955185115337372]",pca
54,beta,56.0,0.0378,0.2385518382470563,0.2368415661847172,0.2390694791734983,0.5,0.5571996235490955,0.6095193279654223,30.0,"[0, 1, 2, 3, 4, 5, 6, 7, 8, 9, 10, 11, 12, 13, 14, 15, 16, 17, 18, 19, 20, 21, 22, 23, 24, 25, 26, 27, 28, 29]","[0.5432678461074829, 0.5127046704292297, 0.47331860661506653, 0.5006358623504639, 0.5083627104759216, 0.49506640434265137, 0.48251381516456604, 0.5633578300476074, 0.4790474772453308, 0.6380806565284729, 0.5559438467025757, 0.6127764582633972, 0.5875070691108704, 0.5578948259353638, 0.5124592185020447, 0.5869747996330261, 0.4810810387134552, 0.5408375859260559, 0.4989960193634033, 0.49199068546295166, 0.5291650891304016, 0.5991865396499634, 0.5482902526855469, 0.5476315021514893, 0.5867404937744141, 0.4419107139110565, 0.5216352939605713, 0.45888829231262207, 0.5745394825935364, 0.5987235903739929]",pca
54,beta,13.0,0.0432,0.2576909067500987,0.2529829403700694,0.22411919054873,0.5,0.6561267547367551,0.7731804517499103,30.0,"[0, 1, 2, 3, 4, 5, 6, 7, 8, 9, 10, 11, 12, 13, 14, 15, 16, 17, 18, 19, 20, 21, 22, 23, 24, 25, 26, 27, 28, 29]","[0.309543251991272, 0.3472062945365906, 0.19997872412204742, 0.3808123469352722, 0.31252679228782654, 0.3140275478363037, 0.32744312286376953, 0.35363703966140747, 0.24430137872695923, 0.17617565393447876, 0.32490605115890503, 0.3345145881175995, 0.33695539832115173, 0.2839221954345703, 0.22102966904640198, 0.2680489122867584, 0.20065131783485413, 0.21451899409294128, 0.394546777009964, 0.25943341851234436, 0.29008498787879944, 0.19418106973171234, 0.3475044369697571, 0.2891538739204407, 0.2776029407978058, 0.40317127108573914, 0.23953138291835785, 0.29469063878059387, 0.24699358642101288, 0.3386264443397522]",pca
54,beta,19.0,0.0432,0.2603054890140719,0.2585797741158689,0.2424366730535515,0.5,0.619239997177334,0.7448398137040434,29.0,"[0, 1, 2, 3, 4, 6, 7, 8, 9, 10, 11, 12, 13, 14, 15, 16, 17, 18, 19, 20, 21, 22, 23, 24, 25, 26, 27, 28, 29]","[0.1706331968307495, 0.19303621351718903, 0.2589445114135742, 0.2788619101047516, 0.19716407358646393, 0.0, 0.052051566541194916, 0.16645972430706024, 0.17347240447998047, 0.18992598354816437, 0.17965766787528992, 0.2563658356666565, 0.254440575838089, 0.16315878927707672, 0.1855286955833435, 0.18312273919582367, 0.05678153038024902, 0.24160794913768768, 0.25581952929496765, 0.2022649347782135, 0.21715272963047028, 0.12214071303606033, 0.15237845480442047, 0.17219291627407074, 0.18789969384670258, 0.17296986281871796, 0.18499499559402466, 0.20492130517959595, 0.08033612370491028, 0.19069986045360565]",pca
54,beta,15.0,0.0432,0.2717116111576571,0.2729533950950198,0.2539825178188174,0.5,0.5854673108863053,0.7157632492828022,30.0,"[0, 1, 2, 3, 4, 5, 6, 7, 8, 9, 10, 11, 12, 13, 14, 15, 16, 17, 18, 19, 20, 21, 22, 23, 24, 25, 26, 27, 28, 29]","[0.283367782831192, 0.31243211030960083, 0.2426215261220932, 0.31126320362091064, 0.22451213002204895, 0.2038906067609787, 0.31847360730171204, 0.26634281873703003, 0.21916308999061584, 0.34671249985694885, 0.20517165958881378, 0.2601858675479889, 0.17743073403835297, 0.23081018030643463, 0.15399415791034698, 0.24506346881389618, 0.18189293146133423, 0.2375371754169464, 0.37029188871383667, 0.16368283331394196, 0.2269730269908905, 0.2858799397945404, 0.25935599207878113, 0.23371441662311554, 0.2512444257736206, 0.23201733827590942, 0.20784436166286469, 0.30479052662849426, 0.19505101442337036, 0.19463245570659637]",pca
54,beta,8.0,0.0432,0.2638855809846538,0.2725429616536821,0.2691360838663377,0.5,0.5986706122024119,0.6108269267944504,30.0,"[0, 1, 2, 3, 4, 5, 6, 7, 8, 9, 10, 11, 12, 13, 14, 15, 16, 17, 18, 19, 20, 21, 22, 23, 24, 25, 26, 27, 28, 29]","[0.3441285192966461, 0.3941197395324707, 0.20840851962566376, 0.3011293113231659, 0.23917624354362488, 0.32376155257225037, 0.32613688707351685, 0.3838692605495453, 0.32628333568573, 0.36311957240104675, 0.36616531014442444, 0.34482845664024353, 0.36083877086639404, 0.3331262469291687, 0.3216899037361145, 0.3288053274154663, 0.3302443027496338, 0.3310331404209137, 0.17142722010612488, 0.33452412486076355, 0.2740723788738251, 0.38169366121292114, 0.30766284465789795, 0.3361491858959198, 0.2808196246623993, 0.3062591254711151, 0.3834988474845886, 0.16428737342357635, 0.34369364380836487, 0.3445851504802704]",pca
54,beta,16.0,0.0432,0.2756864568525844,0.2806376440135098,0.2454012861975157,0.5,0.5937119113573407,0.7840304709141275,30.0,"[0, 1, 2, 3, 4, 5, 6, 7, 8, 9, 10, 11, 12, 13, 14, 15, 16, 17, 18, 19, 20, 21, 22, 23, 24, 25, 26, 27, 28, 29]","[0.059589650481939316, 0.2909161448478699, 0.2910672128200531, 0.19529122114181519, 0.24374714493751526, 0.3037011921405792, 0.2699962556362152, 0.3282812237739563, 0.2590821087360382, 0.3025692403316498, 0.17930220067501068, 0.15484316647052765, 0.28630977869033813, 0.2884584069252014, 0.23274008929729462, 0.11881595849990845, 0.29388633370399475, 0.1596652865409851, 0.29603782296180725, 0.3188079297542572, 0.20440788567066193, 0.2771568298339844, 0.17313891649246216, 0.27008405327796936, 0.30734390020370483, 0.16807937622070312, 0.13003559410572052, 0.31147921085357666, 0.26920434832572937, 0.3053453862667084]",pca
54,beta,18.0,0.0432,0.252771114290939,0.255262114573614,0.2386856555862464,0.5,0.6159530341629107,0.6977431576197007,30.0,"[0, 1, 2, 3, 4, 5, 6, 7, 8, 9, 10, 11, 12, 13, 14, 15, 16, 17, 18, 19, 20, 21, 22, 23, 24, 25, 26, 27, 28, 29]","[0.3764817714691162, 0.3319540023803711, 0.28213292360305786, 0.3192821443080902, 0.27317190170288086, 0.23226718604564667, 0.15682071447372437, 0.3839951455593109, 0.32416728138923645, 0.3088631331920624, 0.2590261399745941, 0.36317333579063416, 0.21288910508155823, 0.28001052141189575, 0.33830976486206055, 0.2347061187028885, 0.2602454423904419, 0.2968728542327881, 0.3329939842224121, 0.30947941541671753, 0.1580614447593689, 0.28106459975242615, 0.2561850845813751, 0.3026762306690216, 0.15642154216766357, 0.13265252113342285, 0.3615781366825104, 0.23445121943950653, 0.2650885581970215, 0.30050286650657654]",pca
54,beta,49.0,0.0378,0.2582229900942229,0.2597201314684466,0.2277710350196462,0.5,0.5452803030303031,0.7674696969696969,30.0,"[0, 1, 2, 3, 4, 5, 6, 7, 8, 9, 10, 11, 12, 13, 14, 15, 16, 17, 18, 19, 20, 21, 22, 23, 24, 25, 26, 27, 28, 29]","[0.41289880871772766, 0.45934420824050903, 0.40647000074386597, 0.5125314593315125, 0.47998178005218506, 0.45390084385871887, 0.3973829746246338, 0.49086230993270874, 0.4937620460987091, 0.40025630593299866, 0.43049561977386475, 0.4422262907028198, 0.4638309180736542, 0.4206177592277527, 0.3918994963169098, 0.3551437556743622, 0.45869606733322144, 0.43887895345687866, 0.4649668037891388, 0.5357403755187988, 0.46335282921791077, 0.38373395800590515, 0.4276048243045807, 0.40149757266044617, 0.35904818773269653, 0.44297635555267334, 0.42529723048210144, 0.44632628560066223, 0.4544307291507721, 0.4362456202507019]",pca
54,beta,25.0,0.0432,0.2845510566600645,0.2913358577766932,0.2549854963282514,0.5,0.5862418006859121,0.7822661738754036,30.0,"[0, 1, 2, 3, 4, 5, 6, 7, 8, 9, 10, 11, 12, 13, 14, 15, 16, 17, 18, 19, 20, 21, 22, 23, 24, 25, 26, 27, 28, 29]","[0.33993518352508545, 0.26025086641311646, 0.26492783427238464, 0.2533824145793915, 0.19404290616512299, 0.28340426087379456, 0.308395117521286, 0.2303803414106369, 0.34349700808525085, 0.2384510040283203, 0.13448840379714966, 0.07780410349369049, 0.35721179842948914, 0.11479546129703522, 0.23874971270561218, 0.2602120041847229, 0.11454115808010101, 0.32531315088272095, 0.24724581837654114, 0.0585453175008297, 0.24119488894939423, 0.3466784656047821, 0.27600136399269104, 0.36118391156196594, 0.3755215108394623, 0.2185358852148056, 0.09582573175430298, 0.3587135374546051, 0.35086143016815186, 0.3137587308883667]",pca
54,beta,63.0,0.0378,0.2736141996295413,0.2849278515125376,0.2517388785783788,0.5,0.544439061721114,0.7341309125120234,30.0,"[0, 1, 2, 3, 4, 5, 6, 7, 8, 9, 10, 11, 12, 13, 14, 15, 16, 17, 18, 19, 20, 21, 22, 23, 24, 25, 26, 27, 28, 29]","[0.5084816217422485, 0.5711727142333984, 0.5681867599487305, 0.6481059193611145, 0.5941866636276245, 0.576390266418457, 0.6492343544960022, 0.6620192527770996, 0.6465914249420166, 0.52096027135849, 0.566355288028717, 0.5212509036064148, 0.43832215666770935, 0.49383771419525146, 0.4243704676628113, 0.6380733847618103, 0.6642570495605469, 0.5835628509521484, 0.6231178641319275, 0.49253422021865845, 0.6278708577156067, 0.6326521039009094, 0.5531303882598877, 0.6213894486427307, 0.43296054005622864, 0.5911751389503479, 0.543971598148346, 0.47336333990097046, 0.5166052579879761, 0.5963051319122314]",pca
54,beta,20.0,0.0432,0.2628800830739616,0.2615029455907067,0.2304631733623759,0.5,0.5906329035839862,0.7928798346801554,30.0,"[0, 1, 2, 3, 4, 5, 6, 7, 8, 9, 10, 11, 12, 13, 14, 15, 16, 17, 18, 19, 20, 21, 22, 23, 24, 25, 26, 27, 28, 29]","[0.3696957230567932, 0.3449908494949341, 0.35214197635650635, 0.37701892852783203, 0.21517962217330933, 0.35662126541137695, 0.30955055356025696, 0.3386104106903076, 0.31264039874076843, 0.2349158227443695, 0.3738884925842285, 0.3158675730228424, 0.3425378203392029, 0.32571086287498474, 0.33955198526382446, 0.3321245014667511, 0.3171478509902954, 0.2988514006137848, 0.22662657499313354, 0.3133477568626404, 0.34681832790374756, 0.3718280494213104, 0.25847703218460083, 0.3407406806945801, 0.30659064650535583, 0.3020303249359131, 0.3555830121040344, 0.3440501391887665, 0.38293012976646423, 0.35119253396987915]",pca
54,beta,24.0,0.0432,0.2900763593641032,0.2991071781878257,0.2679261081899733,0.5,0.5854136776661885,0.7508727881396461,30.0,"[0, 1, 2, 3, 4, 5, 6, 7, 8, 9, 10, 11, 12, 13, 14, 15, 16, 17, 18, 19, 20, 21, 22, 23, 24, 25, 26, 27, 28, 29]","[0.22253277897834778, 0.2710070013999939, 0.21110838651657104, 0.17674149572849274, 0.19182290136814117, 0.3570594787597656, 0.22649358212947845, 0.29792481660842896, 0.15435300767421722, 0.3367522656917572, 0.35160031914711, 0.13402855396270752, 0.32173144817352295, 0.34869083762168884, 0.31935611367225647, 0.23293069005012512, 0.35944199562072754, 0.2092827409505844, 0.20480819046497345, 0.1397274285554886, 0.3725375831127167, 0.30662307143211365, 0.31501710414886475, 0.30343058705329895, 0.32025018334388733, 0.3137229084968567, 0.14448583126068115, 0.1799539178609848, 0.3833821415901184, 0.2838623523712158]",pca
54,beta,23.0,0.0432,0.2748753888481758,0.2788819919583407,0.2483853486342899,0.5,0.5886102268490637,0.7579296796581491,30.0,"[0, 1, 2, 3, 4, 5, 6, 7, 8, 9, 10, 11, 12, 13, 14, 15, 16, 17, 18, 19, 20, 21, 22, 23, 24, 25, 26, 27, 28, 29]","[0.41517654061317444, 0.5104111433029175, 0.33002373576164246, 0.38222527503967285, 0.40106400847435, 0.3868662714958191, 0.37828055024147034, 0.32932233810424805, 0.30487531423568726, 0.3805866837501526, 0.4361930787563324, 0.39194759726524353, 0.3584434688091278, 0.4364011883735657, 0.35600510239601135, 0.42603185772895813, 0.5151310563087463, 0.383548378944397, 0.4989103078842163, 0.3748874068260193, 0.39966288208961487, 0.3931385576725006, 0.4525713622570038, 0.41266414523124695, 0.3128746747970581, 0.3577035963535309, 0.4489465653896332, 0.40979164838790894, 0.3632364571094513, 0.4477347433567047]",pca
54,beta,14.0,0.0432,0.2685810422970259,0.2767156150162104,0.2585341151413139,0.5,0.5706202867497511,0.6576746988960218,30.0,"[0, 1, 2, 3, 4, 5, 6, 7, 8, 9, 10, 11, 12, 13, 14, 15, 16, 17, 18, 19, 20, 21, 22, 23, 24, 25, 26, 27, 28, 29]","[0.28123006224632263, 0.21645580232143402, 0.2289852350950241, 0.18411774933338165, 0.23836536705493927, 0.10794689506292343, 0.253928005695343, 0.19290995597839355, 0.09276900440454483, 0.15066593885421753, 0.029041949659585953, 0.3174530565738678, 0.1361883282661438, 0.06633640080690384, 0.22614318132400513, 0.22205492854118347, 0.21600432693958282, 0.13260330259799957, 0.055397335439920425, 0.2144024819135666, 0.17798647284507751, 0.27438050508499146, 0.1277512162923813, 0.18131816387176514, 0.11609480530023575, 0.29072311520576477, 0.16386640071868896, 0.20255757868289948, 0.28323620557785034, 0.1140996441245079]",pca
54,beta,22.0,0.0432,0.2837419185874003,0.3046494117796562,0.274491092282867,0.5,0.4992868004252284,0.6922072854009392,28.0,"[0, 1, 2, 3, 4, 5, 7, 8, 9, 10, 11, 12, 13, 14, 15, 16, 17, 18, 19, 20, 22, 23, 24, 25, 26, 27, 28, 29]","[0.16942712664604187, 0.195367693901062, 0.23211659491062164, 0.018210986629128456, 0.13216611742973328, 0.2103138566017151, 0.0, 0.11019916087388992, 0.04510168731212616, 0.15461109578609467, 0.20880557596683502, 0.17332202196121216, 0.21484294533729553, 0.20253565907478333, 0.17922940850257874, 0.061517976224422455, 0.058235883712768555, 0.04185483604669571, 0.06485588848590851, 0.2030368149280548, 0.1646016538143158, 0.0, 0.19757038354873657, 0.0025640595704317093, 0.07897983491420746, 0.0204094797372818, 0.1566544473171234, 0.10788828134536743, 0.1263943612575531, 0.026935331523418427]",pca
54,beta,17.0,0.0432,0.2637836925627149,0.2674946480732597,0.2444797525627766,0.5,0.5986029254475581,0.7386939492066771,27.0,"[0, 1, 2, 3, 4, 5, 6, 7, 8, 9, 10, 11, 12, 14, 16, 17, 18, 19, 20, 21, 23, 24, 25, 26, 27, 28, 29]","[0.031613655388355255, 0.128409743309021, 0.1450883448123932, 0.03149334713816643, 0.08446773141622543, 0.1828163117170334, 0.09806762635707855, 0.16406188905239105, 0.1278211623430252, 0.09234893321990967, 0.15298672020435333, 0.10309294611215591, 0.19320741295814514, 0.0, 0.16804149746894836, 0.0, 0.022610345855355263, 0.014213892631232738, 0.16515059769153595, 0.03619522228837013, 0.05674520507454872, 0.126123309135437, 0.0, 0.14613015949726105, 0.1725466102361679, 0.176497220993042, 0.027153203263878822, 0.10400640964508057, 0.10561879724264145, 0.11478273570537567]",pca
54,beta,69.0,0.0378,0.2828113872021442,0.2933967642697681,0.2594761059653402,0.5,0.5851696375426836,0.7438300805112621,30.0,"[0, 1, 2, 3, 4, 5, 6, 7, 8, 9, 10, 11, 12, 13, 14, 15, 16, 17, 18, 19, 20, 21, 22, 23, 24, 25, 26, 27, 28, 29]","[0.5671128630638123, 0.5353385210037231, 0.5687103271484375, 0.5141919255256653, 0.5513448119163513, 0.5030834674835205, 0.5672557950019836, 0.5103540420532227, 0.4308170974254608, 0.5312885642051697, 0.5588290095329285, 0.5412233471870422, 0.5317169427871704, 0.4977690577507019, 0.5829741358757019, 0.5123974680900574, 0.514191746711731, 0.5141111016273499, 0.46497857570648193, 0.510582685470581, 0.5444265007972717, 0.5504156351089478, 0.5325505137443542, 0.5183243155479431, 0.534152090549469, 0.3987453281879425, 0.5055215954780579, 0.41209498047828674, 0.5462753772735596, 0.47807878255844116]",pca
54,beta,67.0,0.0378,0.2464821566014883,0.245145309780352,0.2269111285854797,0.5,0.5837266287947431,0.728456732246551,30.0,"[0, 1, 2, 3, 4, 5, 6, 7, 8, 9, 10, 11, 12, 13, 14, 15, 16, 17, 18, 19, 20, 21, 22, 23, 24, 25, 26, 27, 28, 29]","[0.5618522763252258, 0.4926784634590149, 0.4624072015285492, 0.3874242603778839, 0.4088056683540344, 0.41737550497055054, 0.4266468286514282, 0.41996386647224426, 0.39643505215644836, 0.4755004346370697, 0.5124280452728271, 0.47080832719802856, 0.5199882984161377, 0.5149044990539551, 0.5439772009849548, 0.47337430715560913, 0.3948942720890045, 0.4511447846889496, 0.36613941192626953, 0.41934460401535034, 0.441057950258255, 0.4596089720726013, 0.5363840460777283, 0.5415654182434082, 0.5331838130950928, 0.538632333278656, 0.5711777210235596, 0.44959765672683716, 0.517267107963562, 0.4081588685512543]",pca
54,beta,26.0,0.0432,0.270311608064977,0.2778689690088576,0.2637487652600571,0.5,0.5710270822687787,0.6918551488583493,30.0,"[0, 1, 2, 3, 4, 5, 6, 7, 8, 9, 10, 11, 12, 13, 14, 15, 16, 17, 18, 19, 20, 21, 22, 23, 24, 25, 26, 27, 28, 29]","[0.1877649426460266, 0.16938157379627228, 0.0971008837223053, 0.11864832043647766, 0.22704167664051056, 0.21676117181777954, 0.12627382576465607, 0.20400187373161316, 0.13947820663452148, 0.0863930955529213, 0.11169666796922684, 0.24398215115070343, 0.10393420606851578, 0.12202805280685425, 0.1604585349559784, 0.18418903648853302, 0.22372180223464966, 0.10867487639188766, 0.1749003827571869, 0.16295750439167023, 0.2572588622570038, 0.24591879546642303, 0.07066654413938522, 0.18864530324935913, 0.06863577663898468, 0.07261774688959122, 0.13331764936447144, 0.07700256258249283, 0.12635588645935059, 0.04979102686047554]",pca
54,beta,58.0,0.0378,0.2776984109677508,0.2902583182972239,0.2687098107118157,0.5,0.5409589155719187,0.7053803029035226,30.0,"[0, 1, 2, 3, 4, 5, 6, 7, 8, 9, 10, 11, 12, 13, 14, 15, 16, 17, 18, 19, 20, 21, 22, 23, 24, 25, 26, 27, 28, 29]","[0.5390685796737671, 0.6391658782958984, 0.5584465265274048, 0.6020072102546692, 0.44982779026031494, 0.6329942941665649, 0.5344558358192444, 0.5978529453277588, 0.6006666421890259, 0.5655742883682251, 0.5851179361343384, 0.5772732496261597, 0.5150997042655945, 0.55608069896698, 0.6550275683403015, 0.5803658366203308, 0.571929395198822, 0.5805055499076843, 0.519141674041748, 0.5761746168136597, 0.5075004696846008, 0.5509538054466248, 0.5527085661888123, 0.5931415557861328, 0.45423030853271484, 0.5449861288070679, 0.567176878452301, 0.606670081615448, 0.526857852935791, 0.6322900652885437]",pca
54,beta,31.0,0.0432,0.2531002750801421,0.2573536054418309,0.2348100359987686,0.5,0.4806025140875595,0.7523930790348214,30.0,"[0, 1, 2, 3, 4, 5, 6, 7, 8, 9, 10, 11, 12, 13, 14, 15, 16, 17, 18, 19, 20, 21, 22, 23, 24, 25, 26, 27, 28, 29]","[0.24637337028980255, 0.27309373021125793, 0.241172656416893, 0.22716180980205536, 0.33449238538742065, 0.30999013781547546, 0.25218167901039124, 0.1396123319864273, 0.254008948802948, 0.2603476941585541, 0.258757084608078, 0.27062854170799255, 0.2801305055618286, 0.21451684832572937, 0.1636342704296112, 0.2541464567184448, 0.2898809313774109, 0.2897152602672577, 0.16388924419879913, 0.2684747278690338, 0.3701976537704468, 0.2654746174812317, 0.2578715682029724, 0.25062018632888794, 0.3109619617462158, 0.2677009403705597, 0.25051945447921753, 0.31055036187171936, 0.3149871528148651, 0.29639503359794617]",pca
54,beta,65.0,0.0378,0.2811275984066043,0.2936760819548088,0.2692937633975401,0.5,0.558298706124793,0.6868416607547041,30.0,"[0, 1, 2, 3, 4, 5, 6, 7, 8, 9, 10, 11, 12, 13, 14, 15, 16, 17, 18, 19, 20, 21, 22, 23, 24, 25, 26, 27, 28, 29]","[0.4234399199485779, 0.4548255205154419, 0.41609567403793335, 0.29236549139022827, 0.38514941930770874, 0.43348169326782227, 0.5640993118286133, 0.49842578172683716, 0.44977328181266785, 0.43085652589797974, 0.4414062798023224, 0.46541422605514526, 0.47308510541915894, 0.4487515985965729, 0.470369815826416, 0.4171140491962433, 0.45141667127609253, 0.48978105187416077, 0.48197275400161743, 0.41851577162742615, 0.46796050667762756, 0.5818021297454834, 0.48106372356414795, 0.35153114795684814, 0.3166978657245636, 0.47127726674079895, 0.4458504319190979, 0.4407561421394348, 0.4613637626171112, 0.4259476065635681]",pca
54,beta,21.0,0.0432,0.257452525628104,0.2566803725771483,0.2392832684112308,0.5,0.6018066427273588,0.698580002927829,30.0,"[0, 1, 2, 3, 4, 5, 6, 7, 8, 9, 10, 11, 12, 13, 14, 15, 16, 17, 18, 19, 20, 21, 22, 23, 24, 25, 26, 27, 28, 29]","[0.3047214448451996, 0.3428952097892761, 0.23648804426193237, 0.27957841753959656, 0.28973811864852905, 0.4085347652435303, 0.30052632093429565, 0.34920403361320496, 0.31465157866477966, 0.29341498017311096, 0.19331222772598267, 0.36251533031463623, 0.26603883504867554, 0.27325665950775146, 0.34730264544487, 0.4048590362071991, 0.2844107151031494, 0.24979248642921448, 0.31558430194854736, 0.27923572063446045, 0.30339667201042175, 0.29259780049324036, 0.3165655732154846, 0.33265557885169983, 0.31431519985198975, 0.2927771806716919, 0.2585320770740509, 0.3788844347000122, 0.28616735339164734, 0.2162603735923767]",pca
54,beta,29.0,0.0432,0.2810209321620384,0.2988276637453995,0.2725652406183397,0.5,0.5077633516262883,0.6861345350168802,30.0,"[0, 1, 2, 3, 4, 5, 6, 7, 8, 9, 10, 11, 12, 13, 14, 15, 16, 17, 18, 19, 20, 21, 22, 23, 24, 25, 26, 27, 28, 29]","[0.30228203535079956, 0.1805746853351593, 0.2678968608379364, 0.26013538241386414, 0.2473873347043991, 0.30365458130836487, 0.048252515494823456, 0.33206847310066223, 0.2154596447944641, 0.3432270884513855, 0.23994779586791992, 0.031643010675907135, 0.2896374762058258, 0.22103045880794525, 0.227351576089859, 0.18087467551231384, 0.3283287584781647, 0.19069518148899078, 0.2781210243701935, 0.194599449634552, 0.33461809158325195, 0.13177195191383362, 0.1788385957479477, 0.28721076250076294, 0.14402811229228973, 0.03247777372598648, 0.07658940553665161, 0.07275616377592087, 0.1703234612941742, 0.12271016836166382]",pca
54,beta,55.0,0.0378,0.2890981446017616,0.3079935103187905,0.293683566027927,0.5,0.5393158424270568,0.6180765162655109,30.0,"[0, 1, 2, 3, 4, 5, 6, 7, 8, 9, 10, 11, 12, 13, 14, 15, 16, 17, 18, 19, 20, 21, 22, 23, 24, 25, 26, 27, 28, 29]","[0.5556231141090393, 0.5286891460418701, 0.5563832521438599, 0.6104766726493835, 0.5566758513450623, 0.5810565948486328, 0.5542649030685425, 0.5704964995384216, 0.5347306728363037, 0.563185453414917, 0.5194261074066162, 0.5911384224891663, 0.5652216672897339, 0.5696076154708862, 0.4647866189479828, 0.5698040723800659, 0.5362833738327026, 0.5664077997207642, 0.5654679536819458, 0.5683791637420654, 0.5471616983413696, 0.401020884513855, 0.5194363594055176, 0.3967847228050232, 0.5762038826942444, 0.4435000717639923, 0.45619601011276245, 0.6044303774833679, 0.5382708311080933, 0.3988863229751587]",pca
54,beta,62.0,0.0378,0.2614724580336114,0.2607418017438114,0.2425745132963701,0.5,0.5706354300385109,0.701444159178434,30.0,"[0, 1, 2, 3, 4, 5, 6, 7, 8, 9, 10, 11, 12, 13, 14, 15, 16, 17, 18, 19, 20, 21, 22, 23, 24, 25, 26, 27, 28, 29]","[0.4046683609485626, 0.4447619318962097, 0.40355658531188965, 0.5371255874633789, 0.5133149027824402, 0.4888177514076233, 0.48354166746139526, 0.5044928789138794, 0.5475556254386902, 0.4384300410747528, 0.4548775553703308, 0.4677525460720062, 0.5051423907279968, 0.4513143301010132, 0.4706107974052429, 0.42203134298324585, 0.4386226236820221, 0.44920220971107483, 0.44236379861831665, 0.4631546139717102, 0.4485791027545929, 0.4744095504283905, 0.44339293241500854, 0.5219641327857971, 0.4058498740196228, 0.4540976881980896, 0.5139674544334412, 0.44913190603256226, 0.43050312995910645, 0.4747043251991272]",pca
54,beta,76.0,0.0378,0.2473275424999337,0.2360383535033644,0.2238595887150705,0.5,0.6374848059841047,0.7688733052828424,30.0,"[0, 1, 2, 3, 4, 5, 6, 7, 8, 9, 10, 11, 12, 13, 14, 15, 16, 17, 18, 19, 20, 21, 22, 23, 24, 25, 26, 27, 28, 29]","[0.4646018147468567, 0.6348034143447876, 0.6117645502090454, 0.5190187692642212, 0.6145250797271729, 0.5169700384140015, 0.508071780204773, 0.5424915552139282, 0.4842227101325989, 0.49961331486701965, 0.5496655702590942, 0.4786030352115631, 0.5171880125999451, 0.5744848847389221, 0.4666791558265686, 0.4845801293849945, 0.5217544436454773, 0.5054008364677429, 0.5353255867958069, 0.49214377999305725, 0.521324872970581, 0.522300660610199, 0.5319375395774841, 0.5216650366783142, 0.5677481293678284, 0.5642406344413757, 0.5715054273605347, 0.5610397458076477, 0.5499172210693359, 0.5209575295448303]",pca
54,beta,85.0,0.0378,0.2484045978567504,0.2465677162774161,0.2212064961050361,0.5,0.5385326311938617,0.7694299769911334,30.0,"[0, 1, 2, 3, 4, 5, 6, 7, 8, 9, 10, 11, 12, 13, 14, 15, 16, 17, 18, 19, 20, 21, 22, 23, 24, 25, 26, 27, 28, 29]","[0.43651318550109863, 0.4576660990715027, 0.3803671896457672, 0.4126951992511749, 0.42595377564430237, 0.4052499234676361, 0.42683425545692444, 0.4181174635887146, 0.43922537565231323, 0.4312363862991333, 0.3983980715274811, 0.44752591848373413, 0.3866319954395294, 0.4361862540245056, 0.4666714370250702, 0.3940082788467407, 0.41292059421539307, 0.33162134885787964, 0.329117089509964, 0.4508611559867859, 0.44200971722602844, 0.43690094351768494, 0.3993335962295532, 0.4853094816207886, 0.4375779926776886, 0.29184815287590027, 0.452384352684021, 0.44117334485054016, 0.42593663930892944, 0.46164199709892273]",pca
54,beta,68.0,0.0378,0.2666116929138221,0.2716700927224827,0.2470265225290478,0.5,0.5379961634941715,0.7095594231262086,30.0,"[0, 1, 2, 3, 4, 5, 6, 7, 8, 9, 10, 11, 12, 13, 14, 15, 16, 17, 18, 19, 20, 21, 22, 23, 24, 25, 26, 27, 28, 29]","[0.5268120169639587, 0.4206673800945282, 0.5147895812988281, 0.5480405688285828, 0.5512771606445312, 0.631511390209198, 0.5022678375244141, 0.5174924731254578, 0.5261833071708679, 0.5455830097198486, 0.5250856876373291, 0.5229063630104065, 0.5245795845985413, 0.4563992917537689, 0.4707241356372833, 0.5735692977905273, 0.5273963809013367, 0.49453067779541016, 0.5346238613128662, 0.5589026212692261, 0.554961085319519, 0.48576414585113525, 0.5286917686462402, 0.5296724438667297, 0.5172560811042786, 0.5242024064064026, 0.5773967504501343, 0.5104066133499146, 0.531671404838562, 0.49290889501571655]",pca
54,beta,79.0,0.0378,0.2614380484129981,0.2686225943974654,0.2476304230324845,0.5,0.5362808174950793,0.7195870514007422,30.0,"[0, 1, 2, 3, 4, 5, 6, 7, 8, 9, 10, 11, 12, 13, 14, 15, 16, 17, 18, 19, 20, 21, 22, 23, 24, 25, 26, 27, 28, 29]","[0.5023199915885925, 0.3779298961162567, 0.510918140411377, 0.5408080220222473, 0.5755788087844849, 0.4039855897426605, 0.4942954480648041, 0.49435850977897644, 0.4895218014717102, 0.5274254679679871, 0.509003221988678, 0.3345264494419098, 0.5197990536689758, 0.5009921789169312, 0.3968060314655304, 0.40057647228240967, 0.5330882668495178, 0.5536327362060547, 0.5855393409729004, 0.5485610365867615, 0.5101121068000793, 0.5003033876419067, 0.5136120319366455, 0.535523533821106, 0.40774717926979065, 0.5227607488632202, 0.5006811618804932, 0.4784204065799713, 0.5137448906898499, 0.5054357051849365]",pca
54,beta,91.0,0.0378,0.2613877580512725,0.2581458826138646,0.2383374945126138,0.5,0.5638727238595833,0.7372191977973844,30.0,"[0, 1, 2, 3, 4, 5, 6, 7, 8, 9, 10, 11, 12, 13, 14, 15, 16, 17, 18, 19, 20, 21, 22, 23, 24, 25, 26, 27, 28, 29]","[0.47657841444015503, 0.4985283315181732, 0.436364084482193, 0.5080766677856445, 0.5293020009994507, 0.5960266590118408, 0.5422868728637695, 0.5810293555259705, 0.4457881450653076, 0.5243179202079773, 0.5363616347312927, 0.5556232929229736, 0.49092137813568115, 0.48790252208709717, 0.5887078046798706, 0.49900346994400024, 0.485886812210083, 0.46888768672943115, 0.5549578666687012, 0.4956282675266266, 0.534730851650238, 0.4774830639362335, 0.4745417833328247, 0.5206159353256226, 0.4621984362602234, 0.4548700749874115, 0.4608299434185028, 0.5441951155662537, 0.501297652721405, 0.5377629995346069]",pca
54,beta,38.0,0.0432,0.2764934480530646,0.2874560306968496,0.2719862573260153,0.5,0.562104915026195,0.6539638156658474,30.0,"[0, 1, 2, 3, 4, 5, 6, 7, 8, 9, 10, 11, 12, 13, 14, 15, 16, 17, 18, 19, 20, 21, 22, 23, 24, 25, 26, 27, 28, 29]","[0.2895050346851349, 0.23574431240558624, 0.08474066853523254, 0.2002793401479721, 0.2544761598110199, 0.22291570901870728, 0.21422281861305237, 0.26440244913101196, 0.07530704885721207, 0.2916162610054016, 0.24646468460559845, 0.1875740885734558, 0.05282186344265938, 0.2548896074295044, 0.2084580957889557, 0.19038508832454681, 0.22439007461071014, 0.22774763405323029, 0.24915678799152374, 0.19428138434886932, 0.33306410908699036, 0.3092847764492035, 0.11007940024137497, 0.28090158104896545, 0.056480638682842255, 0.22060948610305786, 0.23853512108325958, 0.05253160744905472, 0.2150851935148239, 0.265667587518692]",pca
54,beta,44.0,0.0432,0.2454320928907148,0.2443068358168985,0.2350840096388465,0.5,0.573564636064636,0.676122551122551,30.0,"[0, 1, 2, 3, 4, 5, 6, 7, 8, 9, 10, 11, 12, 13, 14, 15, 16, 17, 18, 19, 20, 21, 22, 23, 24, 25, 26, 27, 28, 29]","[0.2495841383934021, 0.185927152633667, 0.17179086804389954, 0.27633410692214966, 0.21056795120239258, 0.20730644464492798, 0.2239338904619217, 0.3066377639770508, 0.2025977075099945, 0.2351868599653244, 0.30577242374420166, 0.34465211629867554, 0.21030420064926147, 0.18180543184280396, 0.27275341749191284, 0.26629194617271423, 0.14351817965507507, 0.2748260498046875, 0.21703018248081207, 0.3578570485115051, 0.2729533016681671, 0.34731462597846985, 0.27722811698913574, 0.23859842121601105, 0.20037180185317993, 0.26290106773376465, 0.2081717997789383, 0.28185778856277466, 0.2880604863166809, 0.3226231038570404]",pca
54,beta,43.0,0.0432,0.2788020331952037,0.2885110466452057,0.2549387552539534,0.5,0.5885302371357513,0.7662091529346049,30.0,"[0, 1, 2, 3, 4, 5, 6, 7, 8, 9, 10, 11, 12, 13, 14, 15, 16, 17, 18, 19, 20, 21, 22, 23, 24, 25, 26, 27, 28, 29]","[0.2196924090385437, 0.19485749304294586, 0.23066924512386322, 0.28862297534942627, 0.1870349794626236, 0.24039533734321594, 0.28696107864379883, 0.3975219130516052, 0.1907011717557907, 0.3473280966281891, 0.17916110157966614, 0.46107354760169983, 0.2955487370491028, 0.32289716601371765, 0.18926239013671875, 0.2280775010585785, 0.1730141043663025, 0.22174523770809174, 0.40930649638175964, 0.2587718963623047, 0.24874259531497955, 0.2720877528190613, 0.4210844039916992, 0.26182201504707336, 0.27761712670326233, 0.21615701913833618, 0.26009878516197205, 0.3197268545627594, 0.2319602519273758, 0.3994862735271454]",pca
54,beta,33.0,0.0432,0.2870289956026625,0.3096909152707764,0.2785255746013911,0.5,0.516122060857538,0.6662776625172891,30.0,"[0, 1, 2, 3, 4, 5, 6, 7, 8, 9, 10, 11, 12, 13, 14, 15, 16, 17, 18, 19, 20, 21, 22, 23, 24, 25, 26, 27, 28, 29]","[0.3405313789844513, 0.2620907127857208, 0.221159890294075, 0.18998593091964722, 0.35382071137428284, 0.2683126926422119, 0.2337760478258133, 0.31615835428237915, 0.24826417863368988, 0.3100891709327698, 0.3604310154914856, 0.17389392852783203, 0.3060815632343292, 0.27754682302474976, 0.3603332042694092, 0.247879296541214, 0.26441270112991333, 0.19300664961338043, 0.31805554032325745, 0.19905312359333038, 0.322604775428772, 0.2900295853614807, 0.34877079725265503, 0.32399624586105347, 0.2897253632545471, 0.2565615475177765, 0.2885710299015045, 0.32696694135665894, 0.21891003847122192, 0.3172162175178528]",pca
54,beta,34.0,0.0432,0.2561244901463063,0.2600009540622886,0.2421769939728014,0.5,0.5232020943483394,0.7147434252177336,30.0,"[0, 1, 2, 3, 4, 5, 6, 7, 8, 9, 10, 11, 12, 13, 14, 15, 16, 17, 18, 19, 20, 21, 22, 23, 24, 25, 26, 27, 28, 29]","[0.26226872205734253, 0.398887038230896, 0.3933519423007965, 0.21643948554992676, 0.031557079404592514, 0.26987424492836, 0.24928444623947144, 0.38976553082466125, 0.31900978088378906, 0.23945066332817078, 0.3666575253009796, 0.40099385380744934, 0.32878145575523376, 0.32976487278938293, 0.40961652994155884, 0.16153587400913239, 0.37393316626548767, 0.31925731897354126, 0.3669883608818054, 0.3406705856323242, 0.2912733554840088, 0.3433602452278137, 0.40269458293914795, 0.3063007891178131, 0.3612968325614929, 0.34631550312042236, 0.22650976479053497, 0.2505277097225189, 0.3282802999019623, 0.2616118788719177]",pca
54,beta,37.0,0.0432,0.2671380845044079,0.2698477255390873,0.2547673661851852,0.5,0.590795238817067,0.6859178414430802,30.0,"[0, 1, 2, 3, 4, 5, 6, 7, 8, 9, 10, 11, 12, 13, 14, 15, 16, 17, 18, 19, 20, 21, 22, 23, 24, 25, 26, 27, 28, 29]","[0.3805203437805176, 0.39751651883125305, 0.2284725159406662, 0.37123987078666687, 0.3087385594844818, 0.45409733057022095, 0.36847636103630066, 0.38521599769592285, 0.40459170937538147, 0.3752221465110779, 0.3933129608631134, 0.44020479917526245, 0.22501903772354126, 0.22879645228385925, 0.3569960296154022, 0.46198442578315735, 0.2528115510940552, 0.38210901618003845, 0.3904084265232086, 0.2632697820663452, 0.3234668970108032, 0.21832993626594543, 0.3441930413246155, 0.40878644585609436, 0.2622084319591522, 0.39042338728904724, 0.37479767203330994, 0.37487009167671204, 0.3541274666786194, 0.37403157353401184]",pca
54,beta,58.0,0.0432,0.2776984109677508,0.2902583182972239,0.2702380877259343,0.5,0.5409589155719187,0.6999274816612279,30.0,"[0, 1, 2, 3, 4, 5, 6, 7, 8, 9, 10, 11, 12, 13, 14, 15, 16, 17, 18, 19, 20, 21, 22, 23, 24, 25, 26, 27, 28, 29]","[0.371722936630249, 0.4856705367565155, 0.4039584696292877, 0.44933950901031494, 0.27332624793052673, 0.4773262143135071, 0.366347998380661, 0.4388311803340912, 0.43880221247673035, 0.39594537019729614, 0.4236657917499542, 0.42194661498069763, 0.3467245399951935, 0.39194032549858093, 0.5053414702415466, 0.41987669467926025, 0.4085630476474762, 0.4281494617462158, 0.3524613082408905, 0.4137749969959259, 0.3372308015823364, 0.38834279775619507, 0.3874197006225586, 0.43678566813468933, 0.26080185174942017, 0.386133074760437, 0.40489479899406433, 0.45149415731430054, 0.3576938509941101, 0.4797431528568268]",pca
54,beta,42.0,0.0432,0.2542277574731195,0.2544966362822702,0.2283250959954184,0.5,0.6170359040909652,0.7758388950685947,30.0,"[0, 1, 2, 3, 4, 5, 6, 7, 8, 9, 10, 11, 12, 13, 14, 15, 16, 17, 18, 19, 20, 21, 22, 23, 24, 25, 26, 27, 28, 29]","[0.34265515208244324, 0.29631999135017395, 0.34734806418418884, 0.3998638689517975, 0.20730239152908325, 0.35066843032836914, 0.3404388725757599, 0.35260307788848877, 0.3431040346622467, 0.3399723470211029, 0.2662244439125061, 0.33583760261535645, 0.32856830954551697, 0.3954101800918579, 0.3408738672733307, 0.31675827503204346, 0.412325918674469, 0.33645808696746826, 0.290562242269516, 0.2953629195690155, 0.3666931688785553, 0.24415206909179688, 0.2765135169029236, 0.23443058133125305, 0.2848442494869232, 0.2345554083585739, 0.2955630123615265, 0.386622816324234, 0.3782331347465515, 0.35700106620788574]",pca
54,beta,39.0,0.0432,0.2836646824132109,0.2990913353893162,0.2707524209323759,0.5,0.5256794024307432,0.7338724206266718,28.0,"[0, 1, 2, 3, 4, 5, 6, 7, 8, 9, 10, 11, 12, 13, 14, 15, 16, 17, 18, 19, 20, 21, 22, 23, 26, 27, 28, 29]","[0.06947729736566544, 0.22927886247634888, 0.22359153628349304, 0.2667924165725708, 0.18815988302230835, 0.2105458825826645, 0.23773974180221558, 0.2846389710903168, 0.26345741748809814, 0.22151747345924377, 0.17561258375644684, 0.25041136145591736, 0.23798047006130219, 0.27235424518585205, 0.20776662230491638, 0.2533590495586395, 0.2684139907360077, 0.27056822180747986, 0.2140708565711975, 0.2685514986515045, 0.1992761343717575, 0.07760916650295258, 0.09812518954277039, 0.21758857369422913, 0.0, 0.0, 0.2613859176635742, 0.2405904084444046, 0.1940750628709793, 0.1953652948141098]",pca
54,beta,48.0,0.0432,0.2498031228428828,0.2530513014469549,0.2439424702438301,0.5,0.5629727580403544,0.6485639252094468,30.0,"[0, 1, 2, 3, 4, 5, 6, 7, 8, 9, 10, 11, 12, 13, 14, 15, 16, 17, 18, 19, 20, 21, 22, 23, 24, 25, 26, 27, 28, 29]","[0.34975454211235046, 0.25265470147132874, 0.24154366552829742, 0.3319852352142334, 0.21790458261966705, 0.2906348407268524, 0.30165308713912964, 0.24765844643115997, 0.38657206296920776, 0.289957731962204, 0.3939891755580902, 0.3344303071498871, 0.25227221846580505, 0.24868963658809662, 0.35657739639282227, 0.2453257441520691, 0.40368711948394775, 0.3882119357585907, 0.3456197679042816, 0.28242218494415283, 0.23224447667598724, 0.27230143547058105, 0.2722502648830414, 0.32493719458580017, 0.29648634791374207, 0.25249627232551575, 0.35390031337738037, 0.2848799228668213, 0.4155658781528473, 0.3727172017097473]",pca
54,beta,36.0,0.0432,0.2630909489506219,0.267453714671273,0.2413515538222519,0.5,0.5659757516830924,0.763589958898661,30.0,"[0, 1, 2, 3, 4, 5, 6, 7, 8, 9, 10, 11, 12, 13, 14, 15, 16, 17, 18, 19, 20, 21, 22, 23, 24, 25, 26, 27, 28, 29]","[0.3619055449962616, 0.3613661825656891, 0.2644687592983246, 0.2523066997528076, 0.37890273332595825, 0.34528979659080505, 0.3058021366596222, 0.2040739804506302, 0.41382354497909546, 0.4011084735393524, 0.44594404101371765, 0.2079690396785736, 0.28870755434036255, 0.39395245909690857, 0.2944670021533966, 0.301030695438385, 0.37870126962661743, 0.3445182740688324, 0.4326882064342499, 0.3781401515007019, 0.26993879675865173, 0.21904253959655762, 0.2596593499183655, 0.21194255352020264, 0.34997543692588806, 0.4203404188156128, 0.26582270860671997, 0.23474310338497162, 0.25679704546928406, 0.2913665473461151]",pca
54,beta,46.0,0.0432,0.2624517538374725,0.2723697249893927,0.2454407824264505,0.5,0.5228409090909091,0.7160454545454545,30.0,"[0, 1, 2, 3, 4, 5, 6, 7, 8, 9, 10, 11, 12, 13, 14, 15, 16, 17, 18, 19, 20, 21, 22, 23, 24, 25, 26, 27, 28, 29]","[0.19217514991760254, 0.21475699543952942, 0.22547520697116852, 0.2751132547855377, 0.27518385648727417, 0.3303516209125519, 0.13796742260456085, 0.15996725857257843, 0.24051833152770996, 0.21480096876621246, 0.15925797820091248, 0.29750755429267883, 0.2688308656215668, 0.23683162033557892, 0.18032710254192352, 0.17524079978466034, 0.20664116740226746, 0.34356775879859924, 0.26634907722473145, 0.17444759607315063, 0.18060526251792908, 0.1922423094511032, 0.15066492557525635, 0.21005474030971527, 0.20273326337337494, 0.17282235622406006, 0.18603216111660004, 0.19376245141029358, 0.19319367408752441, 0.25468307733535767]",pca
54,beta,45.0,0.0432,0.2788619810388606,0.2856205074282529,0.2716819401091617,0.5,0.6329047748131511,0.6251274703429759,30.0,"[0, 1, 2, 3, 4, 5, 6, 7, 8, 9, 10, 11, 12, 13, 14, 15, 16, 17, 18, 19, 20, 21, 22, 23, 24, 25, 26, 27, 28, 29]","[0.34907859563827515, 0.42133480310440063, 0.3643260896205902, 0.36485618352890015, 0.32021886110305786, 0.20412777364253998, 0.3075830638408661, 0.29089123010635376, 0.12181059271097183, 0.2662354111671448, 0.26976102590560913, 0.2847738265991211, 0.26343607902526855, 0.14932221174240112, 0.13807062804698944, 0.3168095052242279, 0.3677842915058136, 0.25880861282348633, 0.30124330520629883, 0.3332655429840088, 0.34362438321113586, 0.28312379121780396, 0.2660662829875946, 0.28853148221969604, 0.20065875351428986, 0.3912932574748993, 0.2814238667488098, 0.34067291021347046, 0.2403266280889511, 0.3007556200027466]",pca
54,beta,51.0,0.0432,0.2653632416970451,0.2803790860314156,0.262014136941267,0.5,0.4510293560137797,0.6360744366974896,30.0,"[0, 1, 2, 3, 4, 5, 6, 7, 8, 9, 10, 11, 12, 13, 14, 15, 16, 17, 18, 19, 20, 21, 22, 23, 24, 25, 26, 27, 28, 29]","[0.3072071373462677, 0.39609000086784363, 0.2651502788066864, 0.35289499163627625, 0.2995993494987488, 0.3401627540588379, 0.30657193064689636, 0.37767013907432556, 0.3157658874988556, 0.25176435708999634, 0.19383366405963898, 0.4062575399875641, 0.2863590121269226, 0.422216534614563, 0.44565075635910034, 0.37177616357803345, 0.21687543392181396, 0.23772946000099182, 0.22982171177864075, 0.44185954332351685, 0.34079238772392273, 0.23891638219356537, 0.30487966537475586, 0.38605478405952454, 0.24267035722732544, 0.47918426990509033, 0.26322701573371887, 0.2563666105270386, 0.33729180693626404, 0.37242525815963745]",pca
54,beta,47.0,0.0432,0.244301186216428,0.2471959695438087,0.239313049168329,0.5,0.5301834775168742,0.659768038786957,30.0,"[0, 1, 2, 3, 4, 5, 6, 7, 8, 9, 10, 11, 12, 13, 14, 15, 16, 17, 18, 19, 20, 21, 22, 23, 24, 25, 26, 27, 28, 29]","[0.2187528759241104, 0.2575937509536743, 0.23365668952465057, 0.29427865147590637, 0.21736571192741394, 0.228824183344841, 0.2525622546672821, 0.2880118787288666, 0.36879679560661316, 0.24597282707691193, 0.3580647110939026, 0.3204183280467987, 0.32703259587287903, 0.2784370481967926, 0.31136974692344666, 0.26215070486068726, 0.40736642479896545, 0.32129305601119995, 0.3189450204372406, 0.36833950877189636, 0.23534104228019714, 0.3211417496204376, 0.22297927737236023, 0.20393522083759308, 0.2704852521419525, 0.22447113692760468, 0.18169505894184113, 0.23982246220111847, 0.2718822658061981, 0.15646354854106903]",pca
54,beta,4.0,0.0432,0.2610414052572765,0.2678962264611476,0.2494632651504868,0.5,0.569220712518093,0.677569220712518,30.0,"[0, 1, 2, 3, 4, 5, 6, 7, 8, 9, 10, 11, 12, 13, 14, 15, 16, 17, 18, 19, 20, 21, 22, 23, 24, 25, 26, 27, 28, 29]","[0.34488368034362793, 0.3435952663421631, 0.278472900390625, 0.3819141685962677, 0.2793613076210022, 0.2715328633785248, 0.2737232446670532, 0.23287563025951385, 0.25335386395454407, 0.21269091963768005, 0.3425074517726898, 0.23460443317890167, 0.26200103759765625, 0.30616703629493713, 0.32106348872184753, 0.32682186365127563, 0.35496172308921814, 0.2957310974597931, 0.3199242055416107, 0.3012138605117798, 0.3881760239601135, 0.3513921797275543, 0.24593974649906158, 0.38433656096458435, 0.3684936761856079, 0.1773863434791565, 0.21748700737953186, 0.2161949723958969, 0.2815723121166229, 0.2552049458026886]",pca
54,beta,12.0,0.0432,0.2597641048530327,0.2622171893718359,0.2594707651180657,0.5,0.5787281399046105,0.6587440381558027,30.0,"[0, 1, 2, 3, 4, 5, 6, 7, 8, 9, 10, 11, 12, 13, 14, 15, 16, 17, 18, 19, 20, 21, 22, 23, 24, 25, 26, 27, 28, 29]","[0.28523868322372437, 0.24615207314491272, 0.18021734058856964, 0.2784242630004883, 0.2773604393005371, 0.2563894987106323, 0.2587663233280182, 0.29960280656814575, 0.31159883737564087, 0.2385408580303192, 0.27613210678100586, 0.23603948950767517, 0.15929792821407318, 0.24269095063209534, 0.277398943901062, 0.18434321880340576, 0.22764502465724945, 0.14036040008068085, 0.2869707942008972, 0.16151170432567596, 0.3064080774784088, 0.24589192867279053, 0.24916993081569672, 0.1586209386587143, 0.218348890542984, 0.17254365980625153, 0.29241758584976196, 0.27603575587272644, 0.130716934800148, 0.15779003500938416]",pca
54,beta,41.0,0.0432,0.2522182548186293,0.2566719547001531,0.2445290565392345,0.5,0.4964099216710183,0.6260384524092096,30.0,"[0, 1, 2, 3, 4, 5, 6, 7, 8, 9, 10, 11, 12, 13, 14, 15, 16, 17, 18, 19, 20, 21, 22, 23, 24, 25, 26, 27, 28, 29]","[0.1436263918876648, 0.07071996480226517, 0.08775926381349564, 0.14455579221248627, 0.18465155363082886, 0.18738164007663727, 0.18321317434310913, 0.04221856966614723, 0.2049369364976883, 0.1067720502614975, 0.1585468351840973, 0.16198089718818665, 0.1464986503124237, 0.03147746995091438, 0.1732313334941864, 0.04506444185972214, 0.04991104081273079, 0.018199678510427475, 0.1404513418674469, 0.009854479692876339, 0.25496914982795715, 0.06106013432145119, 0.1538325399160385, 0.0484134666621685, 0.16863709688186646, 0.029723959043622017, 0.039764054119586945, 0.22331242263317108, 0.031735967844724655, 0.1384873390197754]",pca
54,beta,52.0,0.0432,0.2660503348001611,0.2747881230267292,0.263909578906532,0.5,0.5309645923041058,0.6682002687803406,30.0,"[0, 1, 2, 3, 4, 5, 6, 7, 8, 9, 10, 11, 12, 13, 14, 15, 16, 17, 18, 19, 20, 21, 22, 23, 24, 25, 26, 27, 28, 29]","[0.3277814984321594, 0.21287482976913452, 0.18863791227340698, 0.14019300043582916, 0.22309716045856476, 0.35983243584632874, 0.40846171975135803, 0.36887702345848083, 0.2263367921113968, 0.21651960909366608, 0.2326768934726715, 0.26437437534332275, 0.2049054205417633, 0.2561569809913635, 0.28375139832496643, 0.23730923235416412, 0.1888481229543686, 0.2567411959171295, 0.228499636054039, 0.23823532462120056, 0.2204478681087494, 0.19317834079265594, 0.26353833079338074, 0.21453270316123962, 0.22935867309570312, 0.23594781756401062, 0.22985485196113586, 0.32523804903030396, 0.2518536448478699, 0.22345997393131256]",pca
54,beta,49.0,0.0432,0.2582229900942229,0.2597201314684466,0.2290075338438277,0.5,0.5452803030303031,0.7637121212121212,30.0,"[0, 1, 2, 3, 4, 5, 6, 7, 8, 9, 10, 11, 12, 13, 14, 15, 16, 17, 18, 19, 20, 21, 22, 23, 24, 25, 26, 27, 28, 29]","[0.21685463190078735, 0.2794312536716461, 0.222853422164917, 0.34285813570022583, 0.3042776584625244, 0.2742428481578827, 0.2046831250190735, 0.31901630759239197, 0.3201524019241333, 0.20876416563987732, 0.24067337810993195, 0.26218464970588684, 0.27610498666763306, 0.225907102227211, 0.19956962764263153, 0.15611183643341064, 0.27566808462142944, 0.25317803025245667, 0.28603801131248474, 0.3733535706996918, 0.29735302925109863, 0.1919129639863968, 0.24035653471946716, 0.22269098460674286, 0.16253793239593506, 0.2559105455875397, 0.24030755460262299, 0.26854267716407776, 0.2702030539512634, 0.26360443234443665]",pca
54,beta,53.0,0.0432,0.2828400882942902,0.2988441562715645,0.275366153035537,0.5,0.5557471073832179,0.6525544541325465,30.0,"[0, 1, 2, 3, 4, 5, 6, 7, 8, 9, 10, 11, 12, 13, 14, 15, 16, 17, 18, 19, 20, 21, 22, 23, 24, 25, 26, 27, 28, 29]","[0.29684874415397644, 0.25817441940307617, 0.20049238204956055, 0.1996813863515854, 0.41677507758140564, 0.3957757353782654, 0.33716246485710144, 0.2537335157394409, 0.21188268065452576, 0.2135632038116455, 0.33181577920913696, 0.38431963324546814, 0.18152205646038055, 0.2685440480709076, 0.32837945222854614, 0.35271960496902466, 0.4094013273715973, 0.1700322926044464, 0.206441268324852, 0.41893336176872253, 0.19381341338157654, 0.2535683214664459, 0.17658016085624695, 0.38321903347969055, 0.2462683469057083, 0.3701222836971283, 0.244038924574852, 0.1915382593870163, 0.21889320015907288, 0.258902907371521]",pca
54,beta,56.0,0.0432,0.2385518382470563,0.2368415661847172,0.2404817687458422,0.5,0.5571996235490955,0.6047614068109728,30.0,"[0, 1, 2, 3, 4, 5, 6, 7, 8, 9, 10, 11, 12, 13, 14, 15, 16, 17, 18, 19, 20, 21, 22, 23, 24, 25, 26, 27, 28, 29]","[0.38742220401763916, 0.3413252830505371, 0.2973851263523102, 0.34218931198120117, 0.3321063220500946, 0.3210964500904083, 0.3049992024898529, 0.40172988176345825, 0.3013480305671692, 0.48564887046813965, 0.4009356200695038, 0.4544844925403595, 0.4285338521003723, 0.39265647530555725, 0.3537018299102783, 0.4218291938304901, 0.3037000894546509, 0.3729444742202759, 0.3247929811477661, 0.3200441300868988, 0.37192413210868835, 0.4400922954082489, 0.384245902299881, 0.39120981097221375, 0.4225597083568573, 0.26180723309516907, 0.3615875542163849, 0.2811708450317383, 0.41261357069015503, 0.44509565830230713]",pca
54,beta,66.0,0.0432,0.2964394033951187,0.3224954190409393,0.2975343359438694,0.5,0.5102017212640746,0.6480457189509133,30.0,"[0, 1, 2, 3, 4, 5, 6, 7, 8, 9, 10, 11, 12, 13, 14, 15, 16, 17, 18, 19, 20, 21, 22, 23, 24, 25, 26, 27, 28, 29]","[0.29855820536613464, 0.16236890852451324, 0.3381851613521576, 0.3039490580558777, 0.48102742433547974, 0.30314701795578003, 0.45638373494148254, 0.21084824204444885, 0.40024933218955994, 0.2164459377527237, 0.31092455983161926, 0.34441855549812317, 0.3726077675819397, 0.3351813554763794, 0.3928312361240387, 0.3221075236797333, 0.47412142157554626, 0.30856987833976746, 0.22701816260814667, 0.3306253254413605, 0.3620510399341583, 0.15840400755405426, 0.32829079031944275, 0.4173000156879425, 0.37105727195739746, 0.30255937576293945, 0.1919356882572174, 0.44678795337677, 0.3416995108127594, 0.5093689560890198]",pca
54,beta,50.0,0.0432,0.2806971732872111,0.2937165317340022,0.2698339752520873,0.5,0.5547957063711911,0.7002034279778393,30.0,"[0, 1, 2, 3, 4, 5, 6, 7, 8, 9, 10, 11, 12, 13, 14, 15, 16, 17, 18, 19, 20, 21, 22, 23, 24, 25, 26, 27, 28, 29]","[0.05333945155143738, 0.03207232803106308, 0.13592204451560974, 0.07497811317443848, 0.2129395455121994, 0.2161177694797516, 0.06308446079492569, 0.19410352408885956, 0.02549091726541519, 0.10979560017585754, 0.052265603095293045, 0.11737869679927826, 0.24103614687919617, 0.040037330240011215, 0.10736752301454544, 0.08386221528053284, 0.12727408111095428, 0.11991831660270691, 0.13730138540267944, 0.1929064244031906, 0.20958350598812103, 0.28284862637519836, 0.18026740849018097, 0.23241488635540009, 0.13968466222286224, 0.10300302505493164, 0.1317673623561859, 0.11843026429414749, 0.2120569348335266, 0.20318253338336945]",pca
54,beta,57.0,0.0432,0.2716365086065577,0.2774155886385541,0.2500251518948596,0.5,0.5939208069242827,0.7540857357050365,30.0,"[0, 1, 2, 3, 4, 5, 6, 7, 8, 9, 10, 11, 12, 13, 14, 15, 16, 17, 18, 19, 20, 21, 22, 23, 24, 25, 26, 27, 28, 29]","[0.3745511770248413, 0.38611748814582825, 0.3225916028022766, 0.3190716505050659, 0.2329447716474533, 0.33220547437667847, 0.38052186369895935, 0.38920554518699646, 0.30658650398254395, 0.5139269828796387, 0.37158623337745667, 0.47152382135391235, 0.3847053050994873, 0.4780137538909912, 0.32801735401153564, 0.2348763793706894, 0.4726734757423401, 0.3609398901462555, 0.3352065980434418, 0.4571879208087921, 0.37452682852745056, 0.28703662753105164, 0.36915701627731323, 0.4055447280406952, 0.3310663402080536, 0.4409619867801666, 0.37034088373184204, 0.38336995244026184, 0.17812655866146088, 0.31266769766807556]",pca
54,beta,27.0,0.0432,0.2628555518187883,0.2615293557691809,0.2457077162394009,0.5,0.6090891541933952,0.7293597053932049,30.0,"[0, 1, 2, 3, 4, 5, 6, 7, 8, 9, 10, 11, 12, 13, 14, 15, 16, 17, 18, 19, 20, 21, 22, 23, 24, 25, 26, 27, 28, 29]","[0.34577125310897827, 0.30780673027038574, 0.21839460730552673, 0.22364170849323273, 0.30586954951286316, 0.3569301962852478, 0.3018738925457001, 0.3123265504837036, 0.3032971918582916, 0.3041669428348541, 0.21838337182998657, 0.16432493925094604, 0.2815583646297455, 0.24801406264305115, 0.26679083704948425, 0.34284284710884094, 0.29107946157455444, 0.3607206642627716, 0.3726871609687805, 0.33978471159935, 0.2812744975090027, 0.22364985942840576, 0.3633435070514679, 0.20444558560848236, 0.2870338559150696, 0.345814973115921, 0.26836034655570984, 0.17131605744361877, 0.1008550152182579, 0.3727701008319855]",pca
54,beta,30.0,0.0432,0.2555378502535331,0.2554948845890617,0.2448870197542618,0.5,0.5473332739016622,0.687051729866846,30.0,"[0, 1, 2, 3, 4, 5, 6, 7, 8, 9, 10, 11, 12, 13, 14, 15, 16, 17, 18, 19, 20, 21, 22, 23, 24, 25, 26, 27, 28, 29]","[0.34126317501068115, 0.453022837638855, 0.3942527770996094, 0.4224168658256531, 0.40408581495285034, 0.3047856092453003, 0.4068900942802429, 0.3626208007335663, 0.33537089824676514, 0.37852174043655396, 0.30838853120803833, 0.3669086992740631, 0.4066814184188843, 0.319200336933136, 0.32084420323371887, 0.22249433398246765, 0.3503621816635132, 0.2450616955757141, 0.3518681824207306, 0.39399486780166626, 0.37220844626426697, 0.37234702706336975, 0.31342822313308716, 0.3493584990501404, 0.36567795276641846, 0.41521045565605164, 0.2571708858013153, 0.34837982058525085, 0.193983256816864, 0.2505337595939636]",pca
54,beta,28.0,0.0432,0.2926307635963882,0.3070679499505309,0.2754139315435207,0.5,0.5681177211205539,0.7199181617878502,30.0,"[0, 1, 2, 3, 4, 5, 6, 7, 8, 9, 10, 11, 12, 13, 14, 15, 16, 17, 18, 19, 20, 21, 22, 23, 24, 25, 26, 27, 28, 29]","[0.13839611411094666, 0.0902366042137146, 0.24487492442131042, 0.07091410458087921, 0.09155229479074478, 0.24493135511875153, 0.28219541907310486, 0.3241327702999115, 0.26523900032043457, 0.0651136040687561, 0.2279384285211563, 0.21529513597488403, 0.07210825383663177, 0.23813246190547943, 0.20072908699512482, 0.09010425209999084, 0.18271301686763763, 0.09443607926368713, 0.07087478786706924, 0.27131766080856323, 0.12680837512016296, 0.3060382008552551, 0.26138073205947876, 0.058169834315776825, 0.24563495814800262, 0.1918988972902298, 0.06171765550971031, 0.2588607370853424, 0.23217618465423584, 0.09383073449134827]",pca
54,beta,35.0,0.0432,0.2641395659539723,0.277191254505418,0.2605566729257516,0.5,0.5484035589873306,0.6875309710296064,30.0,"[0, 1, 2, 3, 4, 5, 6, 7, 8, 9, 10, 11, 12, 13, 14, 15, 16, 17, 18, 19, 20, 21, 22, 23, 24, 25, 26, 27, 28, 29]","[0.25470367074012756, 0.1654178649187088, 0.25695347785949707, 0.27059903740882874, 0.33289697766304016, 0.33810535073280334, 0.26895561814308167, 0.2697897255420685, 0.3810175657272339, 0.38274890184402466, 0.21452145278453827, 0.3352251350879669, 0.34837806224823, 0.3904357850551605, 0.3910506069660187, 0.26857542991638184, 0.28239816427230835, 0.3828926384449005, 0.1851622313261032, 0.26358047127723694, 0.2830057740211487, 0.3640258312225342, 0.2088291496038437, 0.21388652920722961, 0.41418200731277466, 0.27974486351013184, 0.40820109844207764, 0.28888049721717834, 0.34586790204048157, 0.309678316116333]",pca
54,beta,40.0,0.0432,0.2685871728842996,0.2855364342279729,0.2592055514092887,0.5,0.4751374965190754,0.7030858395989975,30.0,"[0, 1, 2, 3, 4, 5, 6, 7, 8, 9, 10, 11, 12, 13, 14, 15, 16, 17, 18, 19, 20, 21, 22, 23, 24, 25, 26, 27, 28, 29]","[0.30212894082069397, 0.3878839910030365, 0.4098808467388153, 0.33391818404197693, 0.3153388500213623, 0.2970241904258728, 0.16145864129066467, 0.2009110152721405, 0.31124597787857056, 0.36998897790908813, 0.2949855923652649, 0.36174866557121277, 0.2643059194087982, 0.31483161449432373, 0.28925999999046326, 0.30110758543014526, 0.34936022758483887, 0.18624815344810486, 0.22424624860286713, 0.3045268952846527, 0.2973741292953491, 0.34525418281555176, 0.4011014401912689, 0.23264151811599731, 0.33700424432754517, 0.3966042995452881, 0.1871221363544464, 0.22421400249004364, 0.20946170389652252, 0.3262866139411926]",pca
54,beta,32.0,0.0432,0.2565291715759179,0.2501939974533648,0.2342039676325087,0.5,0.5481308097587168,0.7325581395348837,30.0,"[0, 1, 2, 3, 4, 5, 6, 7, 8, 9, 10, 11, 12, 13, 14, 15, 16, 17, 18, 19, 20, 21, 22, 23, 24, 25, 26, 27, 28, 29]","[0.25353628396987915, 0.23728474974632263, 0.27391400933265686, 0.30871644616127014, 0.2152957171201706, 0.1766739785671234, 0.22922201454639435, 0.2193479835987091, 0.3248123228549957, 0.295758992433548, 0.2693607211112976, 0.1955646574497223, 0.21893922984600067, 0.30901190638542175, 0.28657951951026917, 0.12542223930358887, 0.24975906312465668, 0.3196195065975189, 0.22118142247200012, 0.17558161914348602, 0.2822359502315521, 0.23005685210227966, 0.30490392446517944, 0.08515239506959915, 0.16933293640613556, 0.1422271728515625, 0.18638616800308228, 0.33280253410339355, 0.15150296688079834, 0.15385454893112183]",pca
54,beta,54.0,0.0432,0.2668239239096532,0.261450216970319,0.2282305430860174,0.5,0.5889085008255992,0.7823549507487332,30.0,"[0, 1, 2, 3, 4, 5, 6, 7, 8, 9, 10, 11, 12, 13, 14, 15, 16, 17, 18, 19, 20, 21, 22, 23, 24, 25, 26, 27, 28, 29]","[0.35764381289482117, 0.4893677234649658, 0.3045595586299896, 0.34651613235473633, 0.38077419996261597, 0.3733743727207184, 0.2266596555709839, 0.2642824947834015, 0.38384947180747986, 0.4131573438644409, 0.42796894907951355, 0.38347306847572327, 0.4896695911884308, 0.3371714651584625, 0.32577452063560486, 0.44060611724853516, 0.3953230679035187, 0.3097269833087921, 0.45508089661598206, 0.44964128732681274, 0.49297186732292175, 0.33526918292045593, 0.39149072766304016, 0.3666853606700897, 0.4158793091773987, 0.4102811813354492, 0.327487587928772, 0.4344097077846527, 0.4601310193538666, 0.46806254982948303]",pca
54,beta,59.0,0.0432,0.2913336328429276,0.3077924683147598,0.2851592808392548,0.5,0.5769395054093855,0.7111445456689851,30.0,"[0, 1, 2, 3, 4, 5, 6, 7, 8, 9, 10, 11, 12, 13, 14, 15, 16, 17, 18, 19, 20, 21, 22, 23, 24, 25, 26, 27, 28, 29]","[0.2736058831214905, 0.2206469178199768, 0.291625440120697, 0.2957296073436737, 0.29970017075538635, 0.3086545169353485, 0.24104607105255127, 0.27178269624710083, 0.09460005164146423, 0.3303558826446533, 0.24477410316467285, 0.24718226492404938, 0.17284145951271057, 0.2036050707101822, 0.11463174968957901, 0.22747278213500977, 0.06679675728082657, 0.2739870250225067, 0.20102232694625854, 0.24761909246444702, 0.19361639022827148, 0.28083914518356323, 0.20556138455867767, 0.30199113488197327, 0.3300475478172302, 0.09945094585418701, 0.231714129447937, 0.3455401659011841, 0.2907959818840027, 0.2699053883552551]",pca
54,beta,60.0,0.0432,0.2702979227225785,0.2784063908829987,0.2564763790467982,0.5,0.5827444134078212,0.731627094972067,30.0,"[0, 1, 2, 3, 4, 5, 6, 7, 8, 9, 10, 11, 12, 13, 14, 15, 16, 17, 18, 19, 20, 21, 22, 23, 24, 25, 26, 27, 28, 29]","[0.36686810851097107, 0.3944951593875885, 0.4451911151409149, 0.4154602885246277, 0.38253799080848694, 0.4085882902145386, 0.41468265652656555, 0.45414164662361145, 0.43352892994880676, 0.4285070598125458, 0.3462292551994324, 0.2826918065547943, 0.4364716708660126, 0.4009895324707031, 0.3854466676712036, 0.3720453381538391, 0.3928862512111664, 0.4023571014404297, 0.4547966420650482, 0.39615726470947266, 0.4713115096092224, 0.3925837278366089, 0.38930177688598633, 0.39890190958976746, 0.43403318524360657, 0.39065635204315186, 0.3874334394931793, 0.46814048290252686, 0.23774737119674683, 0.333832323551178]",pca
54,beta,68.0,0.0432,0.2666116929138221,0.2716700927224827,0.2478497014377905,0.5,0.5379961634941715,0.7103360437392728,30.0,"[0, 1, 2, 3, 4, 5, 6, 7, 8, 9, 10, 11, 12, 13, 14, 15, 16, 17, 18, 19, 20, 21, 22, 23, 24, 25, 26, 27, 28, 29]","[0.3576180934906006, 0.2485332489013672, 0.3567732274532318, 0.381251722574234, 0.39115002751350403, 0.48196712136268616, 0.3333633542060852, 0.34996718168258667, 0.36809998750686646, 0.3848910629749298, 0.3589971959590912, 0.3547661602497101, 0.36222919821739197, 0.2739976942539215, 0.30509495735168457, 0.4183200001716614, 0.3630684018135071, 0.3287954032421112, 0.36909931898117065, 0.39557212591171265, 0.4003496766090393, 0.3131420910358429, 0.3592097759246826, 0.37525132298469543, 0.3479275405406952, 0.35746413469314575, 0.4153384566307068, 0.3446410000324249, 0.3657868206501007, 0.3134097158908844]",pca
54,beta,64.0,0.0432,0.2608413222087862,0.266630541445648,0.2550024869741449,0.5,0.5822053714344726,0.6938238092779323,30.0,"[0, 1, 2, 3, 4, 5, 6, 7, 8, 9, 10, 11, 12, 13, 14, 15, 16, 17, 18, 19, 20, 21, 22, 23, 24, 25, 26, 27, 28, 29]","[0.2221890389919281, 0.3094692528247833, 0.2739686369895935, 0.3063497841358185, 0.2802966833114624, 0.4452793300151825, 0.3348374664783478, 0.223276749253273, 0.24340543150901794, 0.25840452313423157, 0.3158012926578522, 0.2514268755912781, 0.2738022804260254, 0.38994136452674866, 0.3961588442325592, 0.2830517292022705, 0.3460378050804138, 0.35378003120422363, 0.23762720823287964, 0.10586270689964294, 0.3395173251628876, 0.14342516660690308, 0.2358309030532837, 0.30628085136413574, 0.3868364691734314, 0.25579530000686646, 0.23849532008171082, 0.12026791274547577, 0.14543206989765167, 0.35137468576431274]",pca
54,beta,70.0,0.0432,0.2652010620051332,0.2652523568396527,0.2512666235828548,0.5,0.5881964243288191,0.7145105725825611,30.0,"[0, 1, 2, 3, 4, 5, 6, 7, 8, 9, 10, 11, 12, 13, 14, 15, 16, 17, 18, 19, 20, 21, 22, 23, 24, 25, 26, 27, 28, 29]","[0.3298579454421997, 0.38569122552871704, 0.24212104082107544, 0.29971548914909363, 0.3599843680858612, 0.3539343774318695, 0.3063052296638489, 0.3895628750324249, 0.29049742221832275, 0.33083465695381165, 0.33838239312171936, 0.3352122902870178, 0.35599881410598755, 0.3977054953575134, 0.33062100410461426, 0.3555263876914978, 0.3743911385536194, 0.3780857026576996, 0.3058525621891022, 0.3507346212863922, 0.3850034177303314, 0.3754030764102936, 0.3324838876724243, 0.33225080370903015, 0.3844244182109833, 0.3236773610115051, 0.3126935660839081, 0.33706536889076233, 0.32358479499816895, 0.33760157227516174]",pca
54,beta,71.0,0.0432,0.2826573604985781,0.2815187150694883,0.2683493366612807,0.5,0.6232638888888888,0.6924189814814815,30.0,"[0, 1, 2, 3, 4, 5, 6, 7, 8, 9, 10, 11, 12, 13, 14, 15, 16, 17, 18, 19, 20, 21, 22, 23, 24, 25, 26, 27, 28, 29]","[0.35607650876045227, 0.2897499203681946, 0.2959229350090027, 0.1521945595741272, 0.13882333040237427, 0.3148587644100189, 0.3350434899330139, 0.27152320742607117, 0.310519278049469, 0.3637091815471649, 0.22143925726413727, 0.22510677576065063, 0.2857099771499634, 0.24028180539608002, 0.25218334794044495, 0.3760322332382202, 0.22471657395362854, 0.2055104374885559, 0.3047010600566864, 0.24508018791675568, 0.2852118909358978, 0.2664203643798828, 0.2774973213672638, 0.31886231899261475, 0.3601403534412384, 0.3556651771068573, 0.23592427372932434, 0.28545448184013367, 0.3145582973957062, 0.35969308018684387]",pca
54,beta,85.0,0.0432,0.2484045978567504,0.2465677162774161,0.222412377366743,0.5,0.5385326311938617,0.7631915897297662,30.0,"[0, 1, 2, 3, 4, 5, 6, 7, 8, 9, 10, 11, 12, 13, 14, 15, 16, 17, 18, 19, 20, 21, 22, 23, 24, 25, 26, 27, 28, 29]","[0.2636913061141968, 0.28882867097854614, 0.2012966424226761, 0.24138471484184265, 0.2500021457672119, 0.22287552058696747, 0.2523656189441681, 0.24618589878082275, 0.2817153036594391, 0.25939688086509705, 0.2191246598958969, 0.27853330969810486, 0.20647582411766052, 0.27211877703666687, 0.29875531792640686, 0.22041957080364227, 0.2429894208908081, 0.14904649555683136, 0.1355302631855011, 0.280414342880249, 0.2758583724498749, 0.2734445333480835, 0.22020994126796722, 0.3190954923629761, 0.26228082180023193, 0.09660191833972931, 0.29333075881004333, 0.27744144201278687, 0.25419095158576965, 0.30018335580825806]",pca
54,beta,77.0,0.0432,0.2575431052026183,0.2575154471625063,0.2341592749575001,0.5,0.5790750580072708,0.7408152005502188,30.0,"[0, 1, 2, 3, 4, 5, 6, 7, 8, 9, 10, 11, 12, 13, 14, 15, 16, 17, 18, 19, 20, 21, 22, 23, 24, 25, 26, 27, 28, 29]","[0.32179975509643555, 0.24953815340995789, 0.2776968479156494, 0.2171649932861328, 0.2575126886367798, 0.34494540095329285, 0.24416349828243256, 0.2506343424320221, 0.29007694125175476, 0.39353257417678833, 0.31188300251960754, 0.2501903474330902, 0.2481907457113266, 0.36471399664878845, 0.25707513093948364, 0.23552832007408142, 0.31006303429603577, 0.3219124972820282, 0.3450013995170593, 0.3622596561908722, 0.2756260931491852, 0.3103255331516266, 0.1663234978914261, 0.17070278525352478, 0.2743932902812958, 0.12669268250465393, 0.275183767080307, 0.28995588421821594, 0.2589789628982544, 0.26944810152053833]",pca
54,beta,82.0,0.0432,0.2676561896061871,0.2828164453389342,0.2551173742220909,0.5,0.5578031891414699,0.6937279298168175,30.0,"[0, 1, 2, 3, 4, 5, 6, 7, 8, 9, 10, 11, 12, 13, 14, 15, 16, 17, 18, 19, 20, 21, 22, 23, 24, 25, 26, 27, 28, 29]","[0.23411531746387482, 0.2268678992986679, 0.06004811450839043, 0.3902190625667572, 0.3253147304058075, 0.3256792426109314, 0.3951861560344696, 0.20806090533733368, 0.3563990890979767, 0.1721215397119522, 0.2521812617778778, 0.40539807081222534, 0.3158194124698639, 0.2734636068344116, 0.3181270956993103, 0.22598722577095032, 0.3956599831581116, 0.4223102331161499, 0.313801646232605, 0.24408486485481262, 0.3207116723060608, 0.17875967919826508, 0.26656872034072876, 0.328219473361969, 0.31782135367393494, 0.22391968965530396, 0.3408724069595337, 0.14909008145332336, 0.3510482907295227, 0.24929410219192505]",pca
54,beta,55.0,0.0432,0.2890981446017616,0.3079935103187905,0.2942562802972557,0.5,0.5393158424270568,0.6170188065939168,30.0,"[0, 1, 2, 3, 4, 5, 6, 7, 8, 9, 10, 11, 12, 13, 14, 15, 16, 17, 18, 19, 20, 21, 22, 23, 24, 25, 26, 27, 28, 29]","[0.3756761848926544, 0.35535410046577454, 0.38619470596313477, 0.4367850422859192, 0.38698744773864746, 0.4068630635738373, 0.37160152196884155, 0.3961580693721771, 0.3505580723285675, 0.39432698488235474, 0.3356817662715912, 0.41840288043022156, 0.3880903124809265, 0.39334627985954285, 0.2733434736728668, 0.39218613505363464, 0.3542565405368805, 0.38858434557914734, 0.3901020288467407, 0.392739862203598, 0.36575356125831604, 0.2071790248155594, 0.32953378558158875, 0.19593411684036255, 0.39365631341934204, 0.2404649257659912, 0.268049031496048, 0.44001638889312744, 0.35075831413269043, 0.19192413985729218]",pca
54,beta,86.0,0.0432,0.2621396651297328,0.2603117858767016,0.2499198188947578,0.5,0.6487404248598279,0.6691075646299527,30.0,"[0, 1, 2, 3, 4, 5, 6, 7, 8, 9, 10, 11, 12, 13, 14, 15, 16, 17, 18, 19, 20, 21, 22, 23, 24, 25, 26, 27, 28, 29]","[0.24862085282802582, 0.33834901452064514, 0.3313333988189697, 0.3362940549850464, 0.2673057019710541, 0.3590849041938782, 0.40896955132484436, 0.32163864374160767, 0.3227362036705017, 0.3339039385318756, 0.4363280236721039, 0.40416261553764343, 0.2263345569372177, 0.3761948347091675, 0.31743085384368896, 0.398627907037735, 0.32227104902267456, 0.3424139618873596, 0.3630875051021576, 0.44212469458580017, 0.3117188811302185, 0.37508583068847656, 0.31782034039497375, 0.43551257252693176, 0.34536901116371155, 0.3073124289512634, 0.3455135226249695, 0.18295489251613617, 0.3667391538619995, 0.3090541958808899]",pca
54,beta,74.0,0.0432,0.2749523706804635,0.2887671869496925,0.2665603102742778,0.5,0.5277091228648323,0.6844345581369803,30.0,"[0, 1, 2, 3, 4, 5, 6, 7, 8, 9, 10, 11, 12, 13, 14, 15, 16, 17, 18, 19, 20, 21, 22, 23, 24, 25, 26, 27, 28, 29]","[0.3407159447669983, 0.4311235547065735, 0.418364942073822, 0.37964412569999695, 0.345904678106308, 0.3709735572338104, 0.26389774680137634, 0.19331948459148407, 0.37216511368751526, 0.47676172852516174, 0.3164840340614319, 0.35342660546302795, 0.3705345094203949, 0.3875190317630768, 0.4923011362552643, 0.317734956741333, 0.2954981327056885, 0.28902244567871094, 0.3797474503517151, 0.3475039005279541, 0.3024488091468811, 0.33959805965423584, 0.31788578629493713, 0.3127773404121399, 0.3055708110332489, 0.4444090723991394, 0.45749345421791077, 0.43401020765304565, 0.4150415062904358, 0.30991294980049133]",pca
54,beta,93.0,0.0432,0.2544727022289703,0.2617454088212829,0.2394023692119374,0.5,0.5254037800687286,0.6964690721649484,30.0,"[0, 1, 2, 3, 4, 5, 6, 7, 8, 9, 10, 11, 12, 13, 14, 15, 16, 17, 18, 19, 20, 21, 22, 23, 24, 25, 26, 27, 28, 29]","[0.36203694343566895, 0.33203092217445374, 0.4026471972465515, 0.4067283868789673, 0.06284750998020172, 0.3957899808883667, 0.32113802433013916, 0.3980458974838257, 0.3638860285282135, 0.32042208313941956, 0.3024943172931671, 0.44967371225357056, 0.2969052493572235, 0.33734560012817383, 0.4694579243659973, 0.3158892095088959, 0.3332943022251129, 0.21584291756153107, 0.3190983235836029, 0.3678953945636749, 0.4647831320762634, 0.3281593918800354, 0.11607792228460312, 0.3330887258052826, 0.39618659019470215, 0.41945236921310425, 0.370922327041626, 0.40674421191215515, 0.3735100030899048, 0.21863292157649994]",pca
54,beta,69.0,0.0432,0.2828113872021442,0.2933967642697681,0.2608588025777134,0.5,0.5851696375426836,0.7382224867641992,30.0,"[0, 1, 2, 3, 4, 5, 6, 7, 8, 9, 10, 11, 12, 13, 14, 15, 16, 17, 18, 19, 20, 21, 22, 23, 24, 25, 26, 27, 28, 29]","[0.40221646428108215, 0.3626359701156616, 0.4034137427806854, 0.33703961968421936, 0.38931041955947876, 0.33029890060424805, 0.4144197404384613, 0.3459273874759674, 0.24496151506900787, 0.3674125373363495, 0.39483821392059326, 0.37340784072875977, 0.3597557842731476, 0.32460615038871765, 0.41930821537971497, 0.34560856223106384, 0.3384402096271515, 0.3431423604488373, 0.2833961844444275, 0.3366074562072754, 0.382976233959198, 0.38345858454704285, 0.36237913370132446, 0.345180481672287, 0.36552414298057556, 0.2118307203054428, 0.331575870513916, 0.23057763278484344, 0.37515461444854736, 0.30370891094207764]",pca
54,beta,65.0,0.0432,0.2811275984066043,0.2936760819548088,0.2697106054890893,0.5,0.558298706124793,0.6903685686294381,30.0,"[0, 1, 2, 3, 4, 5, 6, 7, 8, 9, 10, 11, 12, 13, 14, 15, 16, 17, 18, 19, 20, 21, 22, 23, 24, 25, 26, 27, 28, 29]","[0.2666524648666382, 0.2950570583343506, 0.2630990147590637, 0.11424941569566727, 0.21574975550174713, 0.2783498764038086, 0.42657995223999023, 0.3444937765598297, 0.29350021481513977, 0.27144739031791687, 0.28396451473236084, 0.3068605065345764, 0.32132038474082947, 0.2940819263458252, 0.31251731514930725, 0.25605255365371704, 0.28971385955810547, 0.3426160514354706, 0.331145703792572, 0.25906601548194885, 0.31564807891845703, 0.4475567638874054, 0.33370086550712585, 0.17611771821975708, 0.14261138439178467, 0.31126895546913147, 0.29757508635520935, 0.282213419675827, 0.30853044986724854, 0.26690301299095154]",pca
54,beta,81.0,0.0432,0.2479528338967687,0.252182922250828,0.2373842255219322,0.5,0.5274895789338377,0.6362726554896524,30.0,"[0, 1, 2, 3, 4, 5, 6, 7, 8, 9, 10, 11, 12, 13, 14, 15, 16, 17, 18, 19, 20, 21, 22, 23, 24, 25, 26, 27, 28, 29]","[0.47403472661972046, 0.3110085427761078, 0.3375052511692047, 0.3062776029109955, 0.3680803179740906, 0.4678773283958435, 0.42454591393470764, 0.3670971989631653, 0.44517505168914795, 0.41044312715530396, 0.43540677428245544, 0.2361161708831787, 0.37377214431762695, 0.3322333097457886, 0.3373280465602875, 0.4213290214538574, 0.3676334321498871, 0.40196341276168823, 0.43572646379470825, 0.3555541932582855, 0.460627019405365, 0.47377097606658936, 0.3105877935886383, 0.4019835591316223, 0.48446449637413025, 0.34481164813041687, 0.41490286588668823, 0.2552659511566162, 0.3768463730812073, 0.36840641498565674]",pca
54,beta,62.0,0.0432,0.2614724580336114,0.2607418017438114,0.2436666312453061,0.5,0.5706354300385109,0.7008424261874198,30.0,"[0, 1, 2, 3, 4, 5, 6, 7, 8, 9, 10, 11, 12, 13, 14, 15, 16, 17, 18, 19, 20, 21, 22, 23, 24, 25, 26, 27, 28, 29]","[0.22406527400016785, 0.25908318161964417, 0.21782922744750977, 0.36787453293800354, 0.33789995312690735, 0.31313008069992065, 0.30982574820518494, 0.33165332674980164, 0.37727347016334534, 0.25167229771614075, 0.2724955976009369, 0.2912300229072571, 0.34233883023262024, 0.2607022523880005, 0.2935451865196228, 0.23449210822582245, 0.24961991608142853, 0.26152101159095764, 0.2694639563560486, 0.2769709825515747, 0.2604861259460449, 0.2958606779575348, 0.25204381346702576, 0.3539876639842987, 0.22198647260665894, 0.26747000217437744, 0.3434724807739258, 0.2734684646129608, 0.24057675898075104, 0.3092113733291626]",pca
54,beta,95.0,0.0432,0.2575904294361886,0.2557878175799961,0.2385780409117557,0.5,0.5849950396825396,0.7474289021164021,30.0,"[0, 1, 2, 3, 4, 5, 6, 7, 8, 9, 10, 11, 12, 13, 14, 15, 16, 17, 18, 19, 20, 21, 22, 23, 24, 25, 26, 27, 28, 29]","[0.3467925488948822, 0.15582989156246185, 0.28305917978286743, 0.3791017234325409, 0.2303859144449234, 0.33023905754089355, 0.2327146828174591, 0.24113143980503082, 0.13975204527378082, 0.34883376955986023, 0.3431241512298584, 0.2510718107223511, 0.17117871344089508, 0.23956970870494843, 0.2678678035736084, 0.37345531582832336, 0.29419392347335815, 0.24004831910133362, 0.2317422479391098, 0.26301470398902893, 0.3330758213996887, 0.2672279179096222, 0.25179794430732727, 0.18275263905525208, 0.3084425628185272, 0.26607757806777954, 0.21971048414707184, 0.22410498559474945, 0.2480747550725937, 0.3081410825252533]",pca
54,beta,73.0,0.0432,0.2588080057372539,0.2605700263814213,0.2371834653327765,0.5,0.5798933627505056,0.718779187350616,30.0,"[0, 1, 2, 3, 4, 5, 6, 7, 8, 9, 10, 11, 12, 13, 14, 15, 16, 17, 18, 19, 20, 21, 22, 23, 24, 25, 26, 27, 28, 29]","[0.2910126745700836, 0.482587069272995, 0.29651039838790894, 0.4163122773170471, 0.3876156806945801, 0.3965114653110504, 0.34395891427993774, 0.28768855333328247, 0.40395388007164, 0.2774205207824707, 0.4437798857688904, 0.2747546434402466, 0.27688056230545044, 0.40217652916908264, 0.3606782853603363, 0.3791772425174713, 0.3328689932823181, 0.41551491618156433, 0.4098672568798065, 0.3185555636882782, 0.2940194010734558, 0.287680059671402, 0.48297685384750366, 0.29501885175704956, 0.33679690957069397, 0.33298197388648987, 0.34431198239326477, 0.42141658067703247, 0.27991071343421936, 0.3202735185623169]",pca
54,beta,61.0,0.0432,0.2666808908116042,0.2787953789513775,0.2553035581136466,0.5,0.5541045766503622,0.6786334508777916,30.0,"[0, 1, 2, 3, 4, 5, 6, 7, 8, 9, 10, 11, 12, 13, 14, 15, 16, 17, 18, 19, 20, 21, 22, 23, 24, 25, 26, 27, 28, 29]","[0.32267552614212036, 0.3717731237411499, 0.2521224319934845, 0.2634910047054291, 0.36672765016555786, 0.436772882938385, 0.21152907609939575, 0.4142591059207916, 0.2626253068447113, 0.30242976546287537, 0.3407995402812958, 0.2299070954322815, 0.2731536626815796, 0.3325568437576294, 0.23907741904258728, 0.3103739321231842, 0.2788732349872589, 0.2576583921909332, 0.27728036046028137, 0.37248721718788147, 0.3973202109336853, 0.29285332560539246, 0.3551581799983978, 0.29034948348999023, 0.32724833488464355, 0.407377153635025, 0.22461062669754028, 0.24524962902069092, 0.2950211763381958, 0.3581085205078125]",pca
54,beta,78.0,0.0432,0.2773358384199397,0.2887072442135551,0.2608030155394428,0.5,0.5240661440147573,0.7288754199881416,30.0,"[0, 1, 2, 3, 4, 5, 6, 7, 8, 9, 10, 11, 12, 13, 14, 15, 16, 17, 18, 19, 20, 21, 22, 23, 24, 25, 26, 27, 28, 29]","[0.3118654191493988, 0.3841306269168854, 0.283422589302063, 0.4747662842273712, 0.3471550941467285, 0.35993534326553345, 0.2713456451892853, 0.3932128846645355, 0.46145108342170715, 0.4079902470111847, 0.23986315727233887, 0.3986093997955322, 0.3861142098903656, 0.26632124185562134, 0.43275976181030273, 0.3682618737220764, 0.35436633229255676, 0.27149561047554016, 0.3274705708026886, 0.2492399364709854, 0.37078261375427246, 0.3731117844581604, 0.38229605555534363, 0.2320847511291504, 0.3515148460865021, 0.2560727000236511, 0.4051254987716675, 0.2991916835308075, 0.2279321849346161, 0.32017579674720764]",pca
54,beta,63.0,0.0432,0.2736141996295413,0.2849278515125376,0.2525750402326494,0.5,0.544439061721114,0.7298411160491747,30.0,"[0, 1, 2, 3, 4, 5, 6, 7, 8, 9, 10, 11, 12, 13, 14, 15, 16, 17, 18, 19, 20, 21, 22, 23, 24, 25, 26, 27, 28, 29]","[0.34618422389030457, 0.409781813621521, 0.4016036093235016, 0.4898841977119446, 0.43200838565826416, 0.4114876389503479, 0.4937487244606018, 0.5072124600410461, 0.49580562114715576, 0.3633551001548767, 0.40253114700317383, 0.36424583196640015, 0.2634299397468567, 0.32392480969429016, 0.23161178827285767, 0.4842725396156311, 0.5105331540107727, 0.42044711112976074, 0.4606698155403137, 0.32160916924476624, 0.468778520822525, 0.473794549703598, 0.40150928497314453, 0.4611925780773163, 0.2500976324081421, 0.4305112063884735, 0.38797080516815186, 0.2980489134788513, 0.3565307855606079, 0.4327804148197174]",pca
54,beta,1.0,0.0486,0.2785951027486996,0.2902501426716141,0.2650543703228049,0.5,0.5665864533937292,0.7083516172411354,29.0,"[0, 1, 2, 3, 4, 5, 6, 7, 8, 9, 11, 12, 13, 14, 15, 16, 17, 18, 19, 20, 21, 22, 23, 24, 25, 26, 27, 28, 29]","[0.2919972240924835, 0.21644407510757446, 0.3000469505786896, 0.18505537509918213, 0.24564887583255768, 0.18444673717021942, 0.25906237959861755, 0.31203725934028625, 0.03169449046254158, 0.1283891797065735, 0.0, 0.18034988641738892, 0.20392635464668274, 0.13909567892551422, 0.2383519411087036, 0.2012086808681488, 0.14551909267902374, 0.2273113876581192, 0.10439975559711456, 0.23381774127483368, 0.10958860069513321, 0.32132792472839355, 0.21379515528678894, 0.0936538577079773, 0.1708316057920456, 0.1949768215417862, 0.16090461611747742, 0.2779237926006317, 0.12274480611085892, 0.02883639931678772]",pca
54,beta,72.0,0.0432,0.2747818731992664,0.2886924695010278,0.2608008158059612,0.5,0.5651110050131296,0.7417309885679425,30.0,"[0, 1, 2, 3, 4, 5, 6, 7, 8, 9, 10, 11, 12, 13, 14, 15, 16, 17, 18, 19, 20, 21, 22, 23, 24, 25, 26, 27, 28, 29]","[0.16112752258777618, 0.28890132904052734, 0.19339966773986816, 0.2535232603549957, 0.21455247700214386, 0.10139867663383484, 0.12243254482746124, 0.21359968185424805, 0.22281329333782196, 0.22538317739963531, 0.17840419709682465, 0.17108936607837677, 0.1453656554222107, 0.1284402459859848, 0.24089154601097107, 0.20665830373764038, 0.28204628825187683, 0.13740183413028717, 0.26382026076316833, 0.18572787940502167, 0.27329498529434204, 0.15472836792469025, 0.2072424441576004, 0.24722549319267273, 0.20979315042495728, 0.25235727429389954, 0.1898811310529709, 0.2938510775566101, 0.2939232289791107, 0.05400719493627548]",pca
54,beta,88.0,0.0432,0.278952940337224,0.2900466018878506,0.2787406157081454,0.5,0.5941158749503609,0.6446040505566433,30.0,"[0, 1, 2, 3, 4, 5, 6, 7, 8, 9, 10, 11, 12, 13, 14, 15, 16, 17, 18, 19, 20, 21, 22, 23, 24, 25, 26, 27, 28, 29]","[0.500237762928009, 0.37761521339416504, 0.39678654074668884, 0.4705924987792969, 0.31313449144363403, 0.384779691696167, 0.40396150946617126, 0.47443926334381104, 0.34584903717041016, 0.5331544876098633, 0.37119048833847046, 0.3950468599796295, 0.3473285138607025, 0.36949387192726135, 0.3781202733516693, 0.398285835981369, 0.38967806100845337, 0.3259902596473694, 0.4131104648113251, 0.44295650720596313, 0.38967642188072205, 0.35500210523605347, 0.32789841294288635, 0.5359837412834167, 0.3996405601501465, 0.42438408732414246, 0.5117559432983398, 0.3861137628555298, 0.3938809037208557, 0.43775635957717896]",pca
54,beta,87.0,0.0432,0.2697926649544018,0.2727671717317829,0.2573804413904372,0.5,0.5929841235218047,0.6915772089182494,30.0,"[0, 1, 2, 3, 4, 5, 6, 7, 8, 9, 10, 11, 12, 13, 14, 15, 16, 17, 18, 19, 20, 21, 22, 23, 24, 25, 26, 27, 28, 29]","[0.3865497410297394, 0.30108642578125, 0.30665457248687744, 0.32431644201278687, 0.2904805541038513, 0.31981733441352844, 0.432506799697876, 0.322579562664032, 0.37534305453300476, 0.29769933223724365, 0.3408728837966919, 0.28797340393066406, 0.33179211616516113, 0.25395068526268005, 0.23391379415988922, 0.2977086305618286, 0.4032633900642395, 0.17976243793964386, 0.28749987483024597, 0.38156387209892273, 0.3512271046638489, 0.2963423728942871, 0.2830812931060791, 0.35627076029777527, 0.3100218176841736, 0.3483418822288513, 0.17759402096271515, 0.3225686550140381, 0.19893920421600342, 0.36066344380378723]",pca
54,beta,90.0,0.0432,0.2848047938573605,0.3048086414620909,0.2756505240302015,0.5,0.5194359323572807,0.7047086028827603,30.0,"[0, 1, 2, 3, 4, 5, 6, 7, 8, 9, 10, 11, 12, 13, 14, 15, 16, 17, 18, 19, 20, 21, 22, 23, 24, 25, 26, 27, 28, 29]","[0.1327737718820572, 0.3285975754261017, 0.19577419757843018, 0.3246293067932129, 0.3171924948692322, 0.30536556243896484, 0.3570507764816284, 0.35877883434295654, 0.303430438041687, 0.3065372705459595, 0.3831057548522949, 0.31005892157554626, 0.26545554399490356, 0.36030176281929016, 0.295324444770813, 0.15739065408706665, 0.40548378229141235, 0.3004789650440216, 0.30967333912849426, 0.3158993721008301, 0.4216393828392029, 0.0994587242603302, 0.39256301522254944, 0.33002617955207825, 0.29863446950912476, 0.2678726613521576, 0.2874143719673157, 0.3536762595176697, 0.3031560778617859, 0.3756062090396881]",pca
54,beta,84.0,0.0432,0.2634244110774574,0.2655807626576091,0.2504513213197242,0.5,0.5758402903811253,0.7017350272232306,30.0,"[0, 1, 2, 3, 4, 5, 6, 7, 8, 9, 10, 11, 12, 13, 14, 15, 16, 17, 18, 19, 20, 21, 22, 23, 24, 25, 26, 27, 28, 29]","[0.1911723017692566, 0.23736703395843506, 0.2451617419719696, 0.2786540687084198, 0.33490365743637085, 0.2771470844745636, 0.34103649854660034, 0.22069795429706573, 0.26926055550575256, 0.3059985339641571, 0.24534402787685394, 0.18643604218959808, 0.33020949363708496, 0.24689051508903503, 0.26180145144462585, 0.3856223523616791, 0.261634886264801, 0.27284377813339233, 0.3101806342601776, 0.2625603973865509, 0.4049391448497772, 0.17880034446716309, 0.22158204019069672, 0.31573259830474854, 0.2923654019832611, 0.37313082814216614, 0.2784404456615448, 0.4211064577102661, 0.20542186498641968, 0.2026984542608261]",pca
54,beta,67.0,0.0432,0.2464821566014883,0.245145309780352,0.2270718800575777,0.5,0.5837266287947431,0.7330265760051687,30.0,"[0, 1, 2, 3, 4, 5, 6, 7, 8, 9, 10, 11, 12, 13, 14, 15, 16, 17, 18, 19, 20, 21, 22, 23, 24, 25, 26, 27, 28, 29]","[0.40769535303115845, 0.3270570933818817, 0.29015088081359863, 0.19591952860355377, 0.23477737605571747, 0.23983733355998993, 0.25418075919151306, 0.24168601632118225, 0.2098667323589325, 0.303297221660614, 0.34442538022994995, 0.3052636682987213, 0.348720520734787, 0.35143789649009705, 0.38318267464637756, 0.30479317903518677, 0.22015917301177979, 0.29020893573760986, 0.16981983184814453, 0.23827120661735535, 0.265458345413208, 0.28880783915519714, 0.37672296166419983, 0.38431063294410706, 0.36779746413230896, 0.3746461570262909, 0.4177851974964142, 0.27431172132492065, 0.3531721234321594, 0.22034692764282227]",pca
54,beta,91.0,0.0432,0.2613877580512725,0.2581458826138646,0.2395485026845634,0.5,0.5638727238595833,0.73401226456417,30.0,"[0, 1, 2, 3, 4, 5, 6, 7, 8, 9, 10, 11, 12, 13, 14, 15, 16, 17, 18, 19, 20, 21, 22, 23, 24, 25, 26, 27, 28, 29]","[0.29574039578437805, 0.32226401567459106, 0.25264307856559753, 0.33127444982528687, 0.3605548143386841, 0.4384475350379944, 0.3671068549156189, 0.41271543502807617, 0.25296837091445923, 0.36109861731529236, 0.3692552149295807, 0.38452884554862976, 0.3185172975063324, 0.30953043699264526, 0.4239746332168579, 0.3285359740257263, 0.31117862462997437, 0.292836993932724, 0.38519346714019775, 0.3158072531223297, 0.3658444881439209, 0.292704701423645, 0.2977565824985504, 0.34896206855773926, 0.28110605478286743, 0.26722028851509094, 0.2855314612388611, 0.3732813596725464, 0.32687267661094666, 0.36884260177612305]",pca
54,beta,89.0,0.0432,0.2596992895569409,0.2578659291246081,0.2379374760186093,0.5,0.61148291913919,0.7315769122086884,30.0,"[0, 1, 2, 3, 4, 5, 6, 7, 8, 9, 10, 11, 12, 13, 14, 15, 16, 17, 18, 19, 20, 21, 22, 23, 24, 25, 26, 27, 28, 29]","[0.2975631356239319, 0.24674545228481293, 0.2630387544631958, 0.3279785215854645, 0.24370034039020538, 0.30807018280029297, 0.3510163426399231, 0.22986072301864624, 0.31657862663269043, 0.3182343542575836, 0.256631463766098, 0.35501113533973694, 0.2129480242729187, 0.2842318117618561, 0.2660934627056122, 0.3918910324573517, 0.278471440076828, 0.11383503675460815, 0.18017210066318512, 0.11839324235916138, 0.29069221019744873, 0.1970651000738144, 0.3730982542037964, 0.3454304337501526, 0.27468857169151306, 0.20835044980049133, 0.2799425423145294, 0.28246453404426575, 0.1730557531118393, 0.2553890645503998]",pca
54,beta,83.0,0.0432,0.2792181290810143,0.2848799948093335,0.2544205957924196,0.5,0.614604656240618,0.7763585250689157,30.0,"[0, 1, 2, 3, 4, 5, 6, 7, 8, 9, 10, 11, 12, 13, 14, 15, 16, 17, 18, 19, 20, 21, 22, 23, 24, 25, 26, 27, 28, 29]","[0.3147754371166229, 0.20324179530143738, 0.16380248963832855, 0.2874930202960968, 0.2591293156147003, 0.2296212613582611, 0.23659011721611023, 0.2566183805465698, 0.3522090017795563, 0.3009905517101288, 0.2157856523990631, 0.21627402305603027, 0.19336965680122375, 0.15117137134075165, 0.08361142128705978, 0.2273281067609787, 0.23420622944831848, 0.3220254182815552, 0.20811736583709717, 0.28203368186950684, 0.3575877547264099, 0.2376420497894287, 0.3467923700809479, 0.1414131075143814, 0.21171699464321136, 0.28197649121284485, 0.2626533806324005, 0.05081599950790405, 0.2691277265548706, 0.2172330617904663]",pca
54,beta,80.0,0.0432,0.2894505653834459,0.2995603603371783,0.2698796411753927,0.5,0.5564765291182359,0.7299250007470044,30.0,"[0, 1, 2, 3, 4, 5, 6, 7, 8, 9, 10, 11, 12, 13, 14, 15, 16, 17, 18, 19, 20, 21, 22, 23, 24, 25, 26, 27, 28, 29]","[0.20722591876983643, 0.2867628335952759, 0.3508218228816986, 0.34617844223976135, 0.36702728271484375, 0.2658047080039978, 0.27340167760849, 0.25616538524627686, 0.18250219523906708, 0.3545767068862915, 0.24504266679286957, 0.35465115308761597, 0.2772696316242218, 0.19433730840682983, 0.3656443953514099, 0.3008425831794739, 0.2325269877910614, 0.27598097920417786, 0.40004289150238037, 0.2977909743785858, 0.3396437466144562, 0.3653928339481354, 0.43818923830986023, 0.31641897559165955, 0.2613239288330078, 0.3291895389556885, 0.36455026268959045, 0.2504863739013672, 0.26935726404190063, 0.2724760174751282]",pca
54,beta,76.0,0.0432,0.2473275424999337,0.2360383535033644,0.224902716109199,0.5,0.6374848059841047,0.7666199158485274,30.0,"[0, 1, 2, 3, 4, 5, 6, 7, 8, 9, 10, 11, 12, 13, 14, 15, 16, 17, 18, 19, 20, 21, 22, 23, 24, 25, 26, 27, 28, 29]","[0.28015339374542236, 0.475277304649353, 0.4507552683353424, 0.3570365309715271, 0.4524705708026886, 0.342853844165802, 0.3341076970100403, 0.3691410720348358, 0.3038478195667267, 0.3229754865169525, 0.3832981586456299, 0.2966518700122833, 0.3429603576660156, 0.4062142074108124, 0.28613534569740295, 0.30319488048553467, 0.3462720215320587, 0.3239237666130066, 0.36938902735710144, 0.32189685106277466, 0.3459417521953583, 0.3447934687137604, 0.3620552122592926, 0.3490018844604492, 0.4002629816532135, 0.3936619758605957, 0.4076182544231415, 0.38978448510169983, 0.37777817249298096, 0.3482487201690674]",pca
54,beta,79.0,0.0432,0.2614380484129981,0.2686225943974654,0.24926472362412,0.5,0.5362808174950793,0.7159850317802379,30.0,"[0, 1, 2, 3, 4, 5, 6, 7, 8, 9, 10, 11, 12, 13, 14, 15, 16, 17, 18, 19, 20, 21, 22, 23, 24, 25, 26, 27, 28, 29]","[0.3365247845649719, 0.19184693694114685, 0.3520205318927765, 0.37763532996177673, 0.41966140270233154, 0.22413352131843567, 0.3266657590866089, 0.3255165219306946, 0.3280329704284668, 0.3622414171695709, 0.345767617225647, 0.13109354674816132, 0.3517611622810364, 0.33218252658843994, 0.2208014279603958, 0.21764448285102844, 0.3700404763221741, 0.38979673385620117, 0.43015027046203613, 0.3849314749240875, 0.34347179532051086, 0.32958948612213135, 0.34723442792892456, 0.38647085428237915, 0.22612768411636353, 0.36376410722732544, 0.3312162756919861, 0.31945350766181946, 0.3463606834411621, 0.3414386510848999]",pca
54,beta,21.0,0.0486,0.257452525628104,0.2566803725771483,0.2386342623053548,0.5,0.6018066427273588,0.7063904173878598,29.0,"[0, 1, 2, 3, 4, 5, 6, 7, 8, 9, 11, 12, 13, 14, 15, 16, 17, 18, 19, 20, 21, 22, 23, 24, 25, 26, 27, 28, 29]","[0.12067700177431107, 0.1690889149904251, 0.02333172783255577, 0.0836663544178009, 0.0807851180434227, 0.2333359718322754, 0.1170988604426384, 0.15839055180549622, 0.13040432333946228, 0.10177918523550034, 0.0, 0.18733027577400208, 0.0676499530673027, 0.07378946244716644, 0.1744278073310852, 0.23208527266979218, 0.09617745131254196, 0.04952516779303551, 0.13432954251766205, 0.08604021370410919, 0.09941796958446503, 0.1011691465973854, 0.12476890534162521, 0.14342698454856873, 0.12253548949956894, 0.09800875931978226, 0.0530499704182148, 0.20896783471107483, 0.0985957607626915, 0.006864330731332302]",pca
54,beta,96.0,0.0432,0.2629617523966815,0.2619525804294986,0.2368233040660416,0.5,0.5824397684956705,0.7669926869756382,30.0,"[0, 1, 2, 3, 4, 5, 6, 7, 8, 9, 10, 11, 12, 13, 14, 15, 16, 17, 18, 19, 20, 21, 22, 23, 24, 25, 26, 27, 28, 29]","[0.323569655418396, 0.3387744128704071, 0.30459922552108765, 0.3584441840648651, 0.3615127205848694, 0.3657638132572174, 0.3027639091014862, 0.26848533749580383, 0.3482290804386139, 0.1850082129240036, 0.37695610523223877, 0.3416513502597809, 0.3016009032726288, 0.3010111451148987, 0.38005754351615906, 0.3730999529361725, 0.3233105540275574, 0.20708198845386505, 0.2676970362663269, 0.32243573665618896, 0.21877609193325043, 0.20938953757286072, 0.311787873506546, 0.20926174521446228, 0.2645588219165802, 0.37809327244758606, 0.41762828826904297, 0.2492329478263855, 0.25563710927963257, 0.37332937121391296]",pca
54,beta,75.0,0.0432,0.2529070486887824,0.2442235271843282,0.2196910829509639,0.5,0.6132189939004394,0.7898521020528628,30.0,"[0, 1, 2, 3, 4, 5, 6, 7, 8, 9, 10, 11, 12, 13, 14, 15, 16, 17, 18, 19, 20, 21, 22, 23, 24, 25, 26, 27, 28, 29]","[0.20054592192173004, 0.19416512548923492, 0.25181350111961365, 0.1995898336172104, 0.17081965506076813, 0.2454305738210678, 0.15284982323646545, 0.1764155477285385, 0.25323760509490967, 0.2401413470506668, 0.2172170728445053, 0.2466997504234314, 0.18696600198745728, 0.25805678963661194, 0.21405312418937683, 0.21459583938121796, 0.10296893119812012, 0.29871198534965515, 0.3223314583301544, 0.22990518808364868, 0.22946180403232574, 0.2577150762081146, 0.2530157268047333, 0.32240208983421326, 0.13674189150333405, 0.33181852102279663, 0.25875425338745117, 0.19362282752990723, 0.13619212806224823, 0.21761877834796906]",pca
54,beta,92.0,0.0432,0.2864095892037767,0.3057068864847854,0.2760840134558076,0.5,0.5511115205109309,0.7182326209776468,30.0,"[0, 1, 2, 3, 4, 5, 6, 7, 8, 9, 10, 11, 12, 13, 14, 15, 16, 17, 18, 19, 20, 21, 22, 23, 24, 25, 26, 27, 28, 29]","[0.3039659559726715, 0.3057861030101776, 0.18218742311000824, 0.2968100905418396, 0.16054251790046692, 0.2795366942882538, 0.25565651059150696, 0.24491441249847412, 0.3430710434913635, 0.36065220832824707, 0.29251745343208313, 0.15975892543792725, 0.20557807385921478, 0.29217052459716797, 0.15445095300674438, 0.2066190093755722, 0.3731704354286194, 0.20375242829322815, 0.3109334409236908, 0.28706246614456177, 0.2628147304058075, 0.18010762333869934, 0.30936864018440247, 0.1988692730665207, 0.20548297464847565, 0.17582425475120544, 0.316816121339798, 0.3384186625480652, 0.21645618975162506, 0.32739460468292236]",pca
54,beta,0.0,0.0486,0.281572739545136,0.2897992539503829,0.2635614941165971,0.5,0.5996241954759471,0.7378727448128897,19.0,"[0, 1, 3, 4, 6, 7, 8, 9, 12, 13, 14, 15, 16, 17, 18, 20, 25, 26, 29]","[0.14202773571014404, 0.078682079911232, 0.0, 0.12141789495944977, 0.03383437916636467, 0.0, 0.06257739663124084, 0.13627615571022034, 0.030617082491517067, 0.026002580299973488, 0.0, 0.0, 0.10631222277879715, 0.10032177716493607, 0.0973297730088234, 0.13583171367645264, 0.13094402849674225, 0.18171104788780212, 0.07497607916593552, 0.0, 0.0024186254013329744, 0.0, 0.0, 0.0, 0.0, 0.051559120416641235, 0.01461468730121851, 0.0, 0.0, 0.035826172679662704]",pca
54,beta,98.0,0.0432,0.258827379377024,0.2494272212154708,0.2390888240133754,0.5,0.5913145973929925,0.7123047055560692,30.0,"[0, 1, 2, 3, 4, 5, 6, 7, 8, 9, 10, 11, 12, 13, 14, 15, 16, 17, 18, 19, 20, 21, 22, 23, 24, 25, 26, 27, 28, 29]","[0.2357381284236908, 0.1991928368806839, 0.3070588707923889, 0.06109742075204849, 0.2348562479019165, 0.2606036961078644, 0.24311426281929016, 0.2717178761959076, 0.33285048604011536, 0.30500999093055725, 0.1715179830789566, 0.3648974597454071, 0.20693793892860413, 0.21372398734092712, 0.35883277654647827, 0.27648821473121643, 0.24833513796329498, 0.26746413111686707, 0.1741005778312683, 0.24438141286373138, 0.34777387976646423, 0.3452262878417969, 0.19604405760765076, 0.12752538919448853, 0.3952358365058899, 0.2425025850534439, 0.28305584192276, 0.23798927664756775, 0.27217963337898254, 0.16516588628292084]",pca
54,beta,28.0,0.0486,0.2926307635963882,0.3070679499505309,0.276817224945858,0.5,0.5681177211205539,0.7157821844507397,14.0,"[2, 5, 6, 7, 8, 10, 11, 13, 19, 21, 22, 24, 27, 28]","[0.0, 0.0, 0.061046846210956573, 0.0, 0.0, 0.04629255831241608, 0.10463535040616989, 0.13256330788135529, 0.0854288712143898, 0.0, 0.022717446088790894, 0.00883794017136097, 0.0, 0.050640787929296494, 0.0, 0.0, 0.0, 0.0, 0.0, 0.07333038002252579, 0.0, 0.12028861790895462, 0.06423625349998474, 0.0, 0.044785838574171066, 0.0, 0.0, 0.05849500745534897, 0.040945664048194885, 0.0]",pca
54,beta,97.0,0.0432,0.2473490428177531,0.2437460954059964,0.2265192434518308,0.5,0.566830171393671,0.703878306676337,30.0,"[0, 1, 2, 3, 4, 5, 6, 7, 8, 9, 10, 11, 12, 13, 14, 15, 16, 17, 18, 19, 20, 21, 22, 23, 24, 25, 26, 27, 28, 29]","[0.11500950902700424, 0.0572638176381588, 0.20420877635478973, 0.11149255931377411, 0.20833511650562286, 0.27206704020500183, 0.020628828555345535, 0.19083979725837708, 0.041806790977716446, 0.12194716930389404, 0.09282597154378891, 0.21768924593925476, 0.22577163577079773, 0.08722695708274841, 0.2291613072156906, 0.2719305753707886, 0.12247762084007263, 0.18935555219650269, 0.18074285984039307, 0.1868857443332672, 0.059573639184236526, 0.04197600856423378, 0.08889178931713104, 0.03242293372750282, 0.06418731063604355, 0.20641081035137177, 0.0473584346473217, 0.0674496442079544, 0.1840309053659439, 0.05052793025970459]",pca
54,beta,3.0,0.0486,0.2600613681646652,0.2699348220259572,0.2606720847998048,0.5,0.5614374557665376,0.65796051739975,29.0,"[0, 1, 2, 3, 4, 5, 6, 7, 8, 9, 10, 11, 12, 13, 14, 15, 17, 18, 19, 20, 21, 22, 23, 24, 25, 26, 27, 28, 29]","[0.07054919004440308, 0.0015115722781047225, 0.10410936176776886, 0.20943337678909302, 0.2044561207294464, 0.10562862455844879, 0.19711343944072723, 0.205311581492424, 0.18444235622882843, 0.19253039360046387, 0.132999449968338, 0.16360943019390106, 0.14145325124263763, 0.10889911651611328, 0.07511620223522186, 0.11240378022193909, 0.0, 0.1256217658519745, 0.09960334002971649, 0.2070215344429016, 0.1773344874382019, 0.24472741782665253, 0.06810862571001053, 0.09760548174381256, 0.052281081676483154, 0.12666362524032593, 0.1337255984544754, 0.1271630823612213, 0.02579670585691929, 0.06075841188430786]",pca
54,beta,29.0,0.0486,0.2810209321620384,0.2988276637453995,0.2736788910345682,0.5,0.5077633516262883,0.6806540846829965,18.0,"[0, 2, 3, 4, 5, 7, 8, 9, 10, 12, 13, 14, 16, 17, 18, 19, 20, 23]","[0.1512642651796341, 0.0, 0.10456661134958267, 0.09040966629981995, 0.08439964801073074, 0.14563190937042236, 0.0, 0.18240322172641754, 0.04361661523580551, 0.19465529918670654, 0.06236419454216957, 0.0, 0.11528303474187851, 0.04186001047492027, 0.03779945895075798, 0.0, 0.16949693858623505, 0.009794916026294231, 0.09639909863471985, 0.012574617750942707, 0.17640337347984314, 0.0, 0.0, 0.1255936175584793, 0.0, 0.0, 0.0, 0.0, 0.0, 0.0]",pca
54,beta,94.0,0.0432,0.2619885292554274,0.2654857551018414,0.2585514489233434,0.5,0.5838802296964725,0.680131548107348,30.0,"[0, 1, 2, 3, 4, 5, 6, 7, 8, 9, 10, 11, 12, 13, 14, 15, 16, 17, 18, 19, 20, 21, 22, 23, 24, 25, 26, 27, 28, 29]","[0.32228633761405945, 0.354654461145401, 0.15241670608520508, 0.311620831489563, 0.3565777540206909, 0.41570836305618286, 0.3082977533340454, 0.3623402714729309, 0.30767929553985596, 0.2516534924507141, 0.4096730947494507, 0.4083288609981537, 0.35314494371414185, 0.3032105267047882, 0.4248974323272705, 0.3523564040660858, 0.39538368582725525, 0.3455742299556732, 0.39095446467399597, 0.33174967765808105, 0.3196367919445038, 0.34168583154678345, 0.3822632133960724, 0.2986767292022705, 0.36948660016059875, 0.22784669697284698, 0.1779043823480606, 0.25526130199432373, 0.30769211053848267, 0.28009143471717834]",pca
54,beta,10.0,0.0486,0.2711055500199741,0.2819676250852603,0.2594225633052965,0.5,0.5443998811645869,0.7212566844919788,28.0,"[0, 1, 2, 3, 4, 5, 6, 7, 8, 9, 10, 11, 13, 14, 15, 16, 17, 18, 19, 20, 21, 22, 23, 24, 25, 26, 27, 29]","[0.0100829703733325, 0.19029736518859863, 0.17406025528907776, 0.12399547547101974, 0.06830736994743347, 0.19038718938827515, 0.16227814555168152, 0.10846327990293503, 0.07647155225276947, 0.20363882184028625, 0.057613786309957504, 0.10518921166658401, 0.0, 0.09864295274019241, 0.084346704185009, 0.13954192399978638, 0.09697587788105011, 0.08589482307434082, 0.014292150735855103, 0.14478148519992828, 0.031220166012644768, 0.09486765414476395, 0.10834652930498123, 0.07236327975988388, 0.09514659643173218, 0.2164822369813919, 0.19349414110183716, 0.11540857702493668, 0.0, 0.13591231405735016]",pca
54,beta,33.0,0.0486,0.2870289956026625,0.3096909152707764,0.2775451439359654,0.5,0.516122060857538,0.6738272245274319,29.0,"[0, 1, 2, 3, 4, 5, 6, 7, 8, 9, 10, 12, 13, 14, 15, 16, 17, 18, 19, 20, 21, 22, 23, 24, 25, 26, 27, 28, 29]","[0.1895315945148468, 0.09813728928565979, 0.04938505217432976, 0.006904063746333122, 0.21087399125099182, 0.10706940293312073, 0.06434507668018341, 0.15922582149505615, 0.0844804048538208, 0.1581203043460846, 0.2187759280204773, 0.0, 0.15222088992595673, 0.11904141306877136, 0.2142702341079712, 0.07699299603700638, 0.10767834633588791, 0.011509040370583534, 0.1721850484609604, 0.017583046108484268, 0.1773972511291504, 0.12219464033842087, 0.20508679747581482, 0.17649753391742706, 0.13178730010986328, 0.08960261940956116, 0.13381369411945343, 0.17713600397109985, 0.04682387784123421, 0.15928040444850922]",pca
54,beta,99.0,0.0432,0.2754971048104321,0.2805070202785323,0.2576512786311605,0.5,0.5871627967226918,0.7561967680300528,30.0,"[0, 1, 2, 3, 4, 5, 6, 7, 8, 9, 10, 11, 12, 13, 14, 15, 16, 17, 18, 19, 20, 21, 22, 23, 24, 25, 26, 27, 28, 29]","[0.2675713300704956, 0.4391176700592041, 0.3610057234764099, 0.34446966648101807, 0.417266845703125, 0.3885114789009094, 0.31837794184684753, 0.38462141156196594, 0.28298521041870117, 0.4233439564704895, 0.3267463445663452, 0.36027809977531433, 0.2934163808822632, 0.3905927538871765, 0.41288378834724426, 0.3082652986049652, 0.35303062200546265, 0.3709952235221863, 0.39368095993995667, 0.2795906066894531, 0.36833101511001587, 0.4718630313873291, 0.3104376792907715, 0.3576866388320923, 0.4238240718841553, 0.45205289125442505, 0.4354190528392792, 0.36181870102882385, 0.4177161157131195, 0.33554819226264954]",pca
54,beta,32.0,0.0486,0.2565291715759179,0.2501939974533648,0.2347907194159647,0.5,0.5481308097587168,0.7329105003523608,20.0,"[0, 1, 2, 3, 4, 6, 7, 8, 9, 10, 12, 13, 14, 16, 17, 18, 20, 21, 22, 27]","[0.048137299716472626, 0.02971438318490982, 0.07625339925289154, 0.11715250462293625, 0.0017581699648872018, 0.0, 0.02244498021900654, 0.01610230840742588, 0.14068789780139923, 0.10321041941642761, 0.07169395685195923, 0.0, 0.008292804472148418, 0.12186193466186523, 0.09291727840900421, 0.0, 0.0428958497941494, 0.13398034870624542, 0.0079032052308321, 0.0, 0.08661987632513046, 0.021935153752565384, 0.1078091487288475, 0.0, 0.0, 0.0, 0.0, 0.14950528740882874, 0.0, 0.0]",pca
54,beta,6.0,0.0486,0.2747260658349709,0.2769866175233411,0.2518148116523792,0.5,0.6008714811891608,0.7208366219415943,29.0,"[0, 1, 2, 3, 4, 5, 6, 7, 8, 9, 11, 12, 13, 14, 15, 16, 17, 18, 19, 20, 21, 22, 23, 24, 25, 26, 27, 28, 29]","[0.13848817348480225, 0.1961650848388672, 0.12762606143951416, 0.18289273977279663, 0.14671911299228668, 0.19606401026248932, 0.09254428744316101, 0.34369587898254395, 0.33764228224754333, 0.13487227261066437, 0.0, 0.2503271996974945, 0.3032911717891693, 0.20936188101768494, 0.22464436292648315, 0.17848025262355804, 0.2436830699443817, 0.16810695827007294, 0.03174535557627678, 0.21686697006225586, 0.20083220303058624, 0.15982569754123688, 0.16776210069656372, 0.30807918310165405, 0.2685375511646271, 0.05130159854888916, 0.39085039496421814, 0.19400203227996826, 0.22711706161499023, 0.15765777230262756]",pca
54,beta,9.0,0.0486,0.2573521289492059,0.2608492913457901,0.2583503747646463,0.5,0.6115793918918919,0.6615456081081081,29.0,"[0, 1, 2, 3, 4, 5, 6, 7, 8, 9, 10, 11, 12, 13, 14, 15, 17, 18, 19, 20, 21, 22, 23, 24, 25, 26, 27, 28, 29]","[0.15294376015663147, 0.16818097233772278, 0.16111892461776733, 0.20413053035736084, 0.18326686322689056, 0.1198040321469307, 0.1553037315607071, 0.17690810561180115, 0.08517880737781525, 0.1555391103029251, 0.15924622118473053, 0.1644667237997055, 0.19452877342700958, 0.17318564653396606, 0.16705858707427979, 0.13587190210819244, 0.0, 0.06693544238805771, 0.14814774692058563, 0.16951271891593933, 0.15859061479568481, 0.14351297914981842, 0.11756443977355957, 0.10225028544664383, 0.10912558436393738, 0.15999279916286469, 0.09268801659345627, 0.19356049597263336, 0.19381707906723022, 0.05036460608243942]",pca
54,beta,13.0,0.0486,0.2576909067500987,0.2529829403700694,0.2263700062113017,0.5,0.6561267547367551,0.7655685484983038,26.0,"[0, 1, 3, 4, 5, 6, 7, 8, 10, 11, 12, 13, 14, 15, 17, 18, 19, 20, 22, 23, 24, 25, 26, 27, 28, 29]","[0.1138342022895813, 0.17504601180553436, 0.0, 0.21036948263645172, 0.1394461840391159, 0.13327644765377045, 0.15350836515426636, 0.1663774698972702, 0.05072851479053497, 0.0, 0.13428111374378204, 0.1531452238559723, 0.1505153328180313, 0.07838049530982971, 0.012340156361460686, 0.08347215503454208, 0.0, 0.010868792422115803, 0.22013431787490845, 0.053588833659887314, 0.08881170302629471, 0.0, 0.1643109768629074, 0.09337561577558517, 0.0956931784749031, 0.23466429114341736, 0.028667518869042397, 0.10422825813293457, 0.04000135511159897, 0.1603792905807495]",pca
54,beta,18.0,0.0486,0.252771114290939,0.255262114573614,0.2400468776911208,0.5,0.6159530341629107,0.696893983931021,26.0,"[0, 1, 2, 3, 4, 5, 7, 8, 9, 10, 11, 12, 13, 14, 15, 16, 17, 18, 19, 21, 22, 23, 26, 27, 28, 29]","[0.1967191845178604, 0.14021553099155426, 0.08594623953104019, 0.13428226113319397, 0.09501849859952927, 0.038417406380176544, 0.0, 0.22640684247016907, 0.16022536158561707, 0.13664859533309937, 0.070485420525074, 0.18629714846611023, 0.016118137165904045, 0.09177803248167038, 0.171098530292511, 0.047141242772340775, 0.07150206714868546, 0.11329980194568634, 0.16749946773052216, 0.12552225589752197, 0.0, 0.09318435937166214, 0.0750139132142067, 0.12807084619998932, 0.0, 0.0, 0.19915243983268738, 0.0399639792740345, 0.0733254998922348, 0.13186204433441162]",pca
54,beta,8.0,0.0486,0.2638855809846538,0.2725429616536821,0.2719259855541337,0.5,0.5986706122024119,0.6067896920400303,28.0,"[0, 1, 2, 3, 4, 5, 6, 7, 8, 9, 10, 11, 12, 13, 14, 15, 16, 17, 19, 20, 21, 22, 23, 24, 25, 26, 28, 29]","[0.16923892498016357, 0.2292996346950531, 0.015188934281468391, 0.11254715919494629, 0.05255109816789627, 0.1437881886959076, 0.15298819541931152, 0.21053659915924072, 0.1468932330608368, 0.1836412250995636, 0.19420628249645233, 0.1710071712732315, 0.18010342121124268, 0.15414322912693024, 0.1541319042444229, 0.15716204047203064, 0.15264374017715454, 0.1554952710866928, 0.0, 0.16677717864513397, 0.09373848885297775, 0.2099013775587082, 0.12703625857830048, 0.15601474046707153, 0.10378676652908325, 0.12422171235084534, 0.21008481085300446, 0.0, 0.15795844793319702, 0.17680908739566803]",pca
54,beta,19.0,0.0486,0.2603054890140719,0.2585797741158689,0.2435649263972254,0.5,0.619239997177334,0.7430050807988146,18.0,"[1, 2, 3, 4, 9, 10, 11, 12, 14, 15, 17, 18, 19, 20, 24, 26, 27, 29]","[0.0, 0.013950818218290806, 0.09508682042360306, 0.11704228073358536, 0.009104698896408081, 0.0, 0.0, 0.0, 0.0, 0.005297332536429167, 0.002669708803296089, 0.07427577674388885, 0.08622197806835175, 0.0, 0.0019652710761874914, 0.005599879194051027, 0.0, 0.07780032604932785, 0.08709011971950531, 0.026988523080945015, 0.03753669932484627, 0.0, 0.0, 0.0, 0.011936279013752937, 0.0, 0.00789287593215704, 0.02837350219488144, 0.0, 0.006297147832810879]",pca
54,beta,2.0,0.0486,0.2495620960358432,0.2434427663431785,0.2242498422790108,0.5,0.6279682750759878,0.7595697188449848,27.0,"[0, 2, 3, 4, 5, 6, 7, 8, 9, 10, 11, 12, 13, 14, 15, 16, 18, 20, 21, 22, 23, 24, 25, 26, 27, 28, 29]","[0.009908507578074932, 0.0, 0.12086982280015945, 0.03025561198592186, 0.15220989286899567, 0.17088936269283295, 0.1645449846982956, 0.10304556787014008, 0.16725969314575195, 0.0692422017455101, 0.13603313267230988, 0.10120220482349396, 0.10870715975761414, 0.15383249521255493, 0.049065496772527695, 0.19693392515182495, 0.015238395892083645, 0.0, 0.11799370497465134, 0.0, 0.22274994850158691, 0.19730333983898163, 0.054992321878671646, 0.13532935082912445, 0.1839529275894165, 0.20264093577861786, 0.11635200679302216, 0.21281211078166962, 0.009232601150870323, 0.03358308970928192]",pca
54,beta,4.0,0.0486,0.2610414052572765,0.2678962264611476,0.2501706345691631,0.5,0.569220712518093,0.6772112496303561,29.0,"[0, 1, 2, 3, 4, 5, 6, 7, 8, 9, 10, 11, 12, 13, 14, 15, 16, 17, 18, 19, 20, 21, 22, 23, 24, 26, 27, 28, 29]","[0.16226181387901306, 0.15661345422267914, 0.0956512913107872, 0.20210671424865723, 0.07879006862640381, 0.06808958947658539, 0.07358167320489883, 0.018288401886820793, 0.05154208093881607, 0.0011570825008675456, 0.15690535306930542, 0.027651287615299225, 0.06268410384654999, 0.1061316505074501, 0.14146758615970612, 0.15427063405513763, 0.17239362001419067, 0.11254110187292099, 0.12629729509353638, 0.12334775924682617, 0.21412965655326843, 0.1689971685409546, 0.038588959723711014, 0.21122990548610687, 0.18855464458465576, 0.0, 0.015337475575506687, 0.015850873664021492, 0.09079381823539734, 0.07480638474225998]",pca
54,beta,14.0,0.0486,0.2685810422970259,0.2767156150162104,0.2591745061291794,0.5,0.5706202867497511,0.6541677477673526,15.0,"[0, 1, 2, 4, 6, 7, 11, 14, 15, 16, 19, 21, 25, 27, 28]","[0.09013719856739044, 0.01942099630832672, 0.061493806540966034, 0.0, 0.02938036620616913, 0.0, 0.05751929059624672, 0.007359805516898632, 0.0, 0.0, 0.0, 0.1379658430814743, 0.0, 0.0, 0.05096732825040817, 0.04621556028723717, 0.0065070088021457195, 0.0, 0.0, 0.03353305906057358, 0.0, 0.08287912607192993, 0.0, 0.0, 0.0, 0.1289409101009369, 0.0, 0.020217664539813995, 0.09622372686862946, 0.0]",pca
54,beta,16.0,0.0486,0.2756864568525844,0.2806376440135098,0.2463466616260928,0.5,0.5937119113573407,0.784196675900277,22.0,"[1, 2, 3, 4, 5, 6, 7, 8, 9, 12, 13, 14, 16, 18, 19, 20, 21, 23, 24, 27, 28, 29]","[0.0, 0.13207966089248657, 0.12566852569580078, 0.014151928946375847, 0.0787997916340828, 0.1526220738887787, 0.10808207839727402, 0.17927679419517517, 0.09535475075244904, 0.1458728015422821, 0.0, 0.0, 0.12908519804477692, 0.13172189891338348, 0.06302490085363388, 0.0, 0.13825564086437225, 0.0, 0.14064349234104156, 0.16901877522468567, 0.02953825145959854, 0.116221584379673, 0.0, 0.1072331964969635, 0.1526859849691391, 0.0, 0.0, 0.15748535096645355, 0.10820257663726807, 0.14291486144065857]",pca
54,beta,27.0,0.0486,0.2628555518187883,0.2615293557691809,0.247165088795041,0.5,0.6090891541933952,0.7270729389403658,26.0,"[0, 1, 3, 4, 5, 6, 7, 8, 9, 10, 12, 13, 14, 15, 16, 17, 18, 19, 20, 21, 22, 23, 24, 25, 26, 29]","[0.16207759082317352, 0.12813407182693481, 0.0008597049745731056, 0.036549828946590424, 0.11483538895845413, 0.16998808085918427, 0.11883655190467834, 0.12190255522727966, 0.1085614264011383, 0.10990586131811142, 0.015444176271557808, 0.0, 0.08242296427488327, 0.045955389738082886, 0.06526847928762436, 0.15884172916412354, 0.09689752757549286, 0.18020781874656677, 0.18910644948482513, 0.16970673203468323, 0.08225762844085693, 0.0016669537872076035, 0.18680711090564728, 0.00503091886639595, 0.08649544417858124, 0.17312170565128326, 0.06754159182310104, 0.0, 0.0, 0.2007688730955124]",pca
54,beta,5.0,0.0486,0.2616193070017826,0.2684446490871227,0.2577029920413558,0.5,0.6163379080064133,0.6757498198078933,26.0,"[0, 2, 3, 4, 5, 6, 7, 8, 10, 11, 12, 14, 15, 16, 17, 18, 19, 20, 21, 23, 24, 25, 26, 27, 28, 29]","[0.1560947597026825, 0.0, 0.19825217127799988, 0.24420447647571564, 0.10589849203824997, 0.21036721765995026, 0.19652019441127777, 0.15838050842285156, 0.21778281033039093, 0.0, 0.11506332457065582, 0.18848653137683868, 0.044907938688993454, 0.0, 0.16684162616729736, 0.21696949005126953, 0.14717870950698853, 0.20354227721691132, 0.2238577902317047, 0.1774863749742508, 0.21504324674606323, 0.12832443416118622, 0.0, 0.19715747237205505, 0.156851127743721, 0.16576506197452545, 0.13483427464962006, 0.19379927217960358, 0.18594028055667877, 0.12269018590450287]",pca
54,beta,48.0,0.0486,0.2498031228428828,0.2530513014469549,0.2442308945665609,0.5,0.5629727580403544,0.649349928797322,29.0,"[0, 1, 2, 3, 5, 6, 7, 8, 9, 10, 11, 12, 13, 14, 15, 16, 17, 18, 19, 20, 21, 22, 23, 24, 25, 26, 27, 28, 29]","[0.1616012305021286, 0.046878568828105927, 0.04410651698708534, 0.1456015259027481, 0.0, 0.09703166782855988, 0.10632762312889099, 0.056160882115364075, 0.20814666152000427, 0.0944228246808052, 0.21839913725852966, 0.14040954411029816, 0.06472793966531754, 0.03557784855365753, 0.18283046782016754, 0.03794039785861969, 0.228412926197052, 0.20961320400238037, 0.15831013023853302, 0.10397792607545853, 0.025802316144108772, 0.06899408996105194, 0.08833577483892441, 0.15211300551891327, 0.09593211859464645, 0.051276907324790955, 0.1670771837234497, 0.09720499068498611, 0.23958322405815125, 0.19642794132232666]",pca
54,beta,24.0,0.0486,0.2900763593641032,0.2991071781878257,0.2682108116659626,0.5,0.5854136776661885,0.75256456241033,23.0,"[0, 1, 2, 5, 6, 7, 9, 10, 12, 13, 14, 15, 16, 17, 18, 20, 21, 22, 23, 24, 25, 28, 29]","[0.019987106323242188, 0.08642513304948807, 0.004708339460194111, 0.0, 0.0, 0.18369324505329132, 0.01718578301370144, 0.12590692937374115, 0.0, 0.16079069674015045, 0.17924030125141144, 0.0, 0.14439918100833893, 0.17732377350330353, 0.138236403465271, 0.032763898372650146, 0.18305835127830505, 0.01172117330133915, 0.005012236535549164, 0.0, 0.2143460512161255, 0.11390137672424316, 0.13699300587177277, 0.12968231737613678, 0.141695037484169, 0.1452181488275528, 0.0, 0.0, 0.22543521225452423, 0.09771689027547836]",pca
54,beta,15.0,0.0486,0.2717116111576571,0.2729533950950198,0.2545122690541022,0.5,0.5854673108863053,0.7195304242790276,24.0,"[0, 1, 2, 3, 4, 5, 6, 7, 8, 9, 10, 11, 13, 15, 17, 18, 20, 21, 22, 23, 24, 25, 26, 27]","[0.09219246357679367, 0.13351286947727203, 0.04206116497516632, 0.1289040595293045, 0.03212374448776245, 0.002279368694871664, 0.1366458386182785, 0.07365309447050095, 0.030950872227549553, 0.1714707463979721, 0.01421282533556223, 0.06418316811323166, 0.0, 0.03694551810622215, 0.0, 0.04880398511886597, 0.0, 0.04725794494152069, 0.1965811550617218, 0.0, 0.032856397330760956, 0.10268248617649078, 0.06584125012159348, 0.03924275562167168, 0.057348575443029404, 0.01835273578763008, 0.0015308797592297196, 0.11604603379964828, 0.0, 0.0]",pca
54,beta,17.0,0.0486,0.2637836925627149,0.2674946480732597,0.2458022449860546,0.5,0.5986029254475581,0.7354852510529692,3.0,"[12, 24, 25]","[0.0, 0.0, 0.0, 0.0, 0.0, 0.0, 0.0, 0.0, 0.0, 0.0, 0.0, 0.0, 0.00907185859978199, 0.0, 0.0, 0.0, 0.0, 0.0, 0.0, 0.0, 0.0, 0.0, 0.0, 0.0, 0.001364364754408598, 0.00727797718718648, 0.0, 0.0, 0.0, 0.0]",pca
54,beta,22.0,0.0486,0.2837419185874003,0.3046494117796562,0.2747497134879703,0.5,0.4992868004252284,0.6940037409336185,9.0,"[1, 2, 5, 10, 12, 13, 14, 19, 22]","[0.0, 0.03944654390215874, 0.0722896009683609, 0.0, 0.0, 0.03510516509413719, 0.0, 0.0, 0.0, 0.0, 0.04572751745581627, 0.0, 0.05551890283823013, 0.026166066527366638, 0.008875506930053234, 0.0, 0.0, 0.0, 0.0, 0.028578445315361023, 0.0, 0.0, 0.03927265480160713, 0.0, 0.0, 0.0, 0.0, 0.0, 0.0, 0.0]",pca
54,beta,7.0,0.0486,0.2606414142992545,0.2660151309374284,0.2304435570735319,0.5,0.5319323841144171,0.7687396245690205,27.0,"[0, 1, 2, 3, 4, 5, 7, 8, 9, 10, 11, 12, 14, 15, 16, 17, 18, 20, 21, 22, 23, 24, 25, 26, 27, 28, 29]","[0.09411461651325226, 0.06477266550064087, 0.16109690070152283, 0.17454980313777924, 0.0989246666431427, 0.1973297894001007, 0.0, 0.10413055121898651, 0.17815659940242767, 0.11037895828485489, 0.19904011487960815, 0.15509791672229767, 0.1562456339597702, 0.0, 0.12710799276828766, 0.16328680515289307, 0.12111927568912506, 0.2378797084093094, 0.05068419501185417, 0.0, 0.07341521978378296, 0.1463836282491684, 0.131948322057724, 0.11365415155887604, 0.17826013267040253, 0.09871061146259308, 0.14238634705543518, 0.18293190002441406, 0.08620288968086243, 0.07904906570911407]",pca
54,beta,20.0,0.0486,0.2628800830739616,0.2615029455907067,0.2318870819033946,0.5,0.5906329035839862,0.788530935784344,30.0,"[0, 1, 2, 3, 4, 5, 6, 7, 8, 9, 10, 11, 12, 13, 14, 15, 16, 17, 18, 19, 20, 21, 22, 23, 24, 25, 26, 27, 28, 29]","[0.1908959150314331, 0.17116640508174896, 0.17198292911052704, 0.19938334822654724, 0.003614489221945405, 0.1858755201101303, 0.1200827956199646, 0.16691365838050842, 0.11885100603103638, 0.024251950904726982, 0.20397645235061646, 0.11774829775094986, 0.15821146965026855, 0.1543792337179184, 0.15820656716823578, 0.14732851088047028, 0.13861776888370514, 0.12158367037773132, 0.013521382585167885, 0.12696579098701477, 0.17515815794467926, 0.19179075956344604, 0.06669115275144577, 0.16067613661289215, 0.12906499207019806, 0.11358813941478729, 0.17576070129871368, 0.1653909981250763, 0.2079736441373825, 0.17832601070404053]",pca
54,beta,11.0,0.0486,0.2601588292036993,0.261959193222247,0.2536516820767224,0.5,0.640718342060624,0.705376502691939,28.0,"[0, 1, 2, 3, 4, 5, 6, 7, 8, 9, 10, 11, 12, 13, 14, 15, 16, 17, 18, 20, 21, 22, 23, 24, 25, 27, 28, 29]","[0.08452112227678299, 0.12744350731372833, 0.18496030569076538, 0.03226402774453163, 0.12986303865909576, 0.23121117055416107, 0.1126503050327301, 0.17673690617084503, 0.03457709774374962, 0.050027914345264435, 0.21500374376773834, 0.13249149918556213, 0.19795699417591095, 0.02473386563360691, 0.10259876400232315, 0.2263338267803192, 0.0035994048230350018, 0.07793259620666504, 0.13182100653648376, 0.0, 0.1459529548883438, 0.11876033246517181, 0.03040090948343277, 0.2190893441438675, 0.1718166619539261, 0.10701470822095871, 0.0, 0.1411582976579666, 0.21065177023410797, 0.039243437349796295]",pca
54,beta,12.0,0.0486,0.2597641048530327,0.2622171893718359,0.2618558581464502,0.5,0.5787281399046105,0.6520190779014309,21.0,"[0, 1, 3, 4, 5, 6, 7, 8, 9, 10, 11, 13, 14, 16, 18, 20, 21, 22, 24, 26, 27]","[0.1109408587217331, 0.040599822998046875, 0.0, 0.09809210151433945, 0.08360731601715088, 0.0706353560090065, 0.06463152170181274, 0.12794405221939087, 0.11859364807605743, 0.03941131755709648, 0.0982346162199974, 0.032124683260917664, 0.0, 0.040819134563207626, 0.07877800613641739, 0.0, 0.039657071232795715, 0.0, 0.09547159820795059, 0.0, 0.11270184069871902, 0.059670209884643555, 0.051536064594984055, 0.0, 0.03020026721060276, 0.0, 0.11599869281053543, 0.098747119307518, 0.0, 0.0]",pca
54,beta,55.0,0.0486,0.2890981446017616,0.3079935103187905,0.2944745973089269,0.5,0.5393158424270568,0.6185279777107034,28.0,"[0, 1, 2, 3, 4, 5, 6, 7, 8, 9, 10, 11, 12, 13, 14, 15, 16, 17, 18, 19, 20, 21, 22, 24, 25, 26, 27, 28]","[0.20511147379875183, 0.18815816938877106, 0.22414866089820862, 0.26617056131362915, 0.2248563915491104, 0.2405930906534195, 0.19736577570438385, 0.23194283246994019, 0.17579320073127747, 0.2329334318637848, 0.16028933227062225, 0.25662338733673096, 0.2156350016593933, 0.22930105030536652, 0.08242209255695343, 0.2161894589662552, 0.17597150802612305, 0.21717895567417145, 0.2247980684041977, 0.22390872240066528, 0.19139236211776733, 0.009142212569713593, 0.14468689262866974, 0.0, 0.21305111050605774, 0.022085539996623993, 0.0820743665099144, 0.2865644097328186, 0.17185623943805695, 0.0]",pca
54,beta,31.0,0.0486,0.2531002750801421,0.2573536054418309,0.2363078999337723,0.5,0.4806025140875595,0.7458730674757983,27.0,"[0, 1, 2, 3, 4, 5, 6, 8, 9, 10, 11, 12, 13, 15, 16, 17, 19, 20, 21, 22, 23, 24, 25, 26, 27, 28, 29]","[0.06594531238079071, 0.09982345253229141, 0.06787343323230743, 0.04243654012680054, 0.16433556377887726, 0.14700551331043243, 0.07629864662885666, 0.0, 0.08552496135234833, 0.0812644436955452, 0.08588387072086334, 0.1023111417889595, 0.11633068323135376, 0.03341183438897133, 0.0, 0.08262374997138977, 0.1281381994485855, 0.1239437609910965, 0.0, 0.09863593429327011, 0.21108223497867584, 0.09405317157506943, 0.08380424976348877, 0.07696482539176941, 0.14895474910736084, 0.09201017022132874, 0.07859334349632263, 0.13358019292354584, 0.153412327170372, 0.13642366230487823]",pca
54,beta,25.0,0.0486,0.2845510566600645,0.2913358577766932,0.2563569130815637,0.5,0.5862418006859121,0.7810741517663903,23.0,"[0, 1, 2, 3, 5, 6, 7, 8, 9, 12, 14, 15, 17, 18, 20, 21, 22, 23, 24, 25, 27, 28, 29]","[0.159917414188385, 0.0805014818906784, 0.06495552510023117, 0.05768552049994469, 0.0, 0.09337464720010757, 0.12136666476726532, 0.031763240694999695, 0.16088631749153137, 0.04424898326396942, 0.0, 0.0, 0.18377429246902466, 0.0, 0.04927496612071991, 0.06401144713163376, 0.0, 0.14143407344818115, 0.06260668486356735, 0.0, 0.054136283695697784, 0.16785728931427002, 0.0766405463218689, 0.18665672838687897, 0.2028956413269043, 0.02985421195626259, 0.0, 0.18104097247123718, 0.1720203310251236, 0.1281435489654541]",pca
54,beta,60.0,0.0486,0.2702979227225785,0.2784063908829987,0.2580692717637702,0.5,0.5827444134078212,0.7280377094972067,30.0,"[0, 1, 2, 3, 4, 5, 6, 7, 8, 9, 10, 11, 12, 13, 14, 15, 16, 17, 18, 19, 20, 21, 22, 23, 24, 25, 26, 27, 28, 29]","[0.18778929114341736, 0.21599319577217102, 0.26992323994636536, 0.2384619116783142, 0.2093166708946228, 0.2366444617509842, 0.23765288293361664, 0.2892339825630188, 0.25729358196258545, 0.2534830868244171, 0.15293581783771515, 0.07723025232553482, 0.2615440785884857, 0.22261624038219452, 0.2045535445213318, 0.19530420005321503, 0.23117610812187195, 0.24009765684604645, 0.2895284593105316, 0.2218497097492218, 0.2975480258464813, 0.21112889051437378, 0.20787972211837769, 0.22164218127727509, 0.26163002848625183, 0.21372897922992706, 0.19776158034801483, 0.29916873574256897, 0.024898316711187363, 0.14641451835632324]",pca
54,beta,58.0,0.0486,0.2776984109677508,0.2902583182972239,0.2717770569964646,0.5,0.5409589155719187,0.6962667001366692,30.0,"[0, 1, 2, 3, 4, 5, 6, 7, 8, 9, 10, 11, 12, 13, 14, 15, 16, 17, 18, 19, 20, 21, 22, 23, 24, 25, 26, 27, 28, 29]","[0.19790911674499512, 0.326219767332077, 0.24298207461833954, 0.2923961877822876, 0.0835437998175621, 0.31748801469802856, 0.1910122036933899, 0.2750208377838135, 0.2680340111255646, 0.21692636609077454, 0.2565005421638489, 0.26127663254737854, 0.17079466581344604, 0.22114256024360657, 0.3515162169933319, 0.25590798258781433, 0.2400270253419876, 0.27085915207862854, 0.17912136018276215, 0.24577829241752625, 0.1524060070514679, 0.22047962248325348, 0.21763043105602264, 0.27751290798187256, 0.03441648185253143, 0.22121933102607727, 0.2379760593175888, 0.28721460700035095, 0.1786794811487198, 0.3254399001598358]",pca
54,beta,23.0,0.0486,0.2748753888481758,0.2788819919583407,0.249374015717727,0.5,0.5886102268490637,0.7515558232240672,30.0,"[0, 1, 2, 3, 4, 5, 6, 7, 8, 9, 10, 11, 12, 13, 14, 15, 16, 17, 18, 19, 20, 21, 22, 23, 24, 25, 26, 27, 28, 29]","[0.25191792845726013, 0.362753301858902, 0.14972686767578125, 0.21070340275764465, 0.24504314363002777, 0.21749712526798248, 0.20765964686870575, 0.15011386573314667, 0.10535333305597305, 0.21023382246494293, 0.2753566801548004, 0.22396352887153625, 0.1777770221233368, 0.26829415559768677, 0.18250051140785217, 0.2686840891838074, 0.3575519323348999, 0.2062932252883911, 0.3394063413143158, 0.2040289342403412, 0.23047487437725067, 0.22498606145381927, 0.27895641326904297, 0.23624317348003387, 0.1297684907913208, 0.1784006655216217, 0.2935192286968231, 0.2494843602180481, 0.18591627478599548, 0.2826789915561676]",pca
54,beta,35.0,0.0486,0.2641395659539723,0.277191254505418,0.2619582688634045,0.5,0.5484035589873306,0.6877602490995288,28.0,"[0, 2, 3, 4, 5, 6, 7, 8, 9, 10, 11, 12, 13, 14, 15, 16, 17, 19, 20, 21, 22, 23, 24, 25, 26, 27, 28, 29]","[0.06036347895860672, 0.0, 0.06805628538131714, 0.08557918667793274, 0.15912853181362152, 0.156783327460289, 0.08273088932037354, 0.07743357867002487, 0.20685680210590363, 0.20664627850055695, 0.020129451528191566, 0.15441006422042847, 0.17364153265953064, 0.22111523151397705, 0.22442065179347992, 0.08475228399038315, 0.10531975328922272, 0.2063080221414566, 0.0, 0.07540471106767654, 0.1041625589132309, 0.19130195677280426, 0.010570511221885681, 0.02863275073468685, 0.2499539852142334, 0.0906371921300888, 0.2378879338502884, 0.1031280979514122, 0.1680358499288559, 0.13679379224777222]",pca
54,beta,36.0,0.0486,0.2630909489506219,0.267453714671273,0.2426173333563893,0.5,0.5659757516830924,0.7610524299877727,29.0,"[0, 1, 2, 3, 4, 5, 6, 7, 8, 9, 10, 11, 12, 13, 14, 15, 16, 17, 18, 19, 20, 22, 23, 24, 25, 26, 27, 28, 29]","[0.19283388555049896, 0.19637173414230347, 0.07904317229986191, 0.06225121021270752, 0.21618790924549103, 0.17281895875930786, 0.12746748328208923, 0.004665250424295664, 0.2550836205482483, 0.2391211837530136, 0.27297431230545044, 0.007502906024456024, 0.10882190614938736, 0.23282024264335632, 0.11682707071304321, 0.1243833526968956, 0.2167201042175293, 0.17196978628635406, 0.2742670178413391, 0.21231460571289062, 0.08400941640138626, 0.0, 0.06673391908407211, 0.0071163419634103775, 0.18186795711517334, 0.2590652406215668, 0.08179204165935516, 0.043994855135679245, 0.07071025669574738, 0.11164763569831848]",pca
54,beta,46.0,0.0486,0.2624517538374725,0.2723697249893927,0.2462702829460067,0.5,0.5228409090909091,0.7107954545454547,19.0,"[1, 2, 3, 4, 5, 8, 9, 11, 12, 13, 16, 17, 18, 23, 24, 26, 27, 28, 29]","[0.0005807277630083263, 0.03288133442401886, 0.030391190201044083, 0.1051182970404625, 0.10113554447889328, 0.1584664285182953, 0.0, 0.0, 0.05008707940578461, 0.02142792008817196, 0.0, 0.12048757821321487, 0.10487180203199387, 0.04573620855808258, 0.0, 0.0, 0.009240257553756237, 0.17370395362377167, 0.09730669856071472, 0.0, 0.0, 0.0, 0.0, 0.026182400062680244, 0.030299058184027672, 0.0, 0.00650483462959528, 0.0025856024585664272, 0.016895955428481102, 0.0846199244260788]",pca
54,beta,34.0,0.0486,0.2561244901463063,0.2600009540622886,0.2419163354895919,0.5,0.5232020943483394,0.7139777218828602,28.0,"[0, 1, 2, 3, 5, 6, 7, 8, 9, 10, 11, 12, 13, 14, 16, 17, 18, 19, 20, 21, 22, 23, 24, 25, 26, 27, 28, 29]","[0.06406380981206894, 0.22378121316432953, 0.21929948031902313, 0.0020088425371795893, 0.0, 0.09167370945215225, 0.07368675619363785, 0.2124757319688797, 0.1459931582212448, 0.051531724631786346, 0.19942665100097656, 0.2289818674325943, 0.15017879009246826, 0.14442908763885498, 0.23835334181785583, 0.0, 0.19500112533569336, 0.1317601203918457, 0.19648052752017975, 0.15460968017578125, 0.11629528552293777, 0.1641448438167572, 0.22819747030735016, 0.11449725925922394, 0.1771722286939621, 0.1622324436903, 0.01301509514451027, 0.054992686957120895, 0.1458747237920761, 0.07679351419210434]",pca
54,beta,52.0,0.0486,0.2660503348001611,0.2747881230267292,0.2666281941844469,0.5,0.5309645923041058,0.6615630399605057,25.0,"[0, 1, 4, 5, 6, 7, 8, 9, 10, 11, 13, 14, 15, 17, 18, 19, 20, 22, 23, 24, 25, 26, 27, 28, 29]","[0.1463860720396042, 0.004684758372604847, 0.0, 0.0, 0.02527429535984993, 0.18299825489521027, 0.23755910992622375, 0.19025883078575134, 0.02541273459792137, 0.01423548348248005, 0.029325038194656372, 0.06602513045072556, 0.0002931943745352328, 0.05536547303199768, 0.09566033631563187, 0.048449497669935226, 0.0, 0.05708116665482521, 0.031417012214660645, 0.04309491068124771, 0.017551492899656296, 0.0, 0.08110488951206207, 0.024812646210193634, 0.02736750990152359, 0.03940390422940254, 0.031099677085876465, 0.1415511667728424, 0.04974723607301712, 0.028653904795646667]",pca
54,beta,57.0,0.0486,0.2716365086065577,0.2774155886385541,0.2517858289899052,0.5,0.5939208069242827,0.745668915695495,29.0,"[0, 1, 2, 3, 4, 5, 6, 7, 8, 9, 10, 11, 12, 13, 14, 15, 16, 17, 18, 19, 20, 21, 22, 23, 24, 25, 26, 27, 29]","[0.19883351027965546, 0.20733851194381714, 0.13448579609394073, 0.14777874946594238, 0.023909522220492363, 0.1463797390460968, 0.19885776937007904, 0.22803623974323273, 0.12959302961826324, 0.35011598467826843, 0.19366566836833954, 0.3053137958049774, 0.21122868359088898, 0.31191882491111755, 0.1463257372379303, 0.024548601359128952, 0.3062579035758972, 0.19119985401630402, 0.15281066298484802, 0.29138582944869995, 0.19279158115386963, 0.08203296363353729, 0.20385031402111053, 0.23443089425563812, 0.15877720713615417, 0.2702104449272156, 0.18615758419036865, 0.20282207429409027, 0.0, 0.11627526581287384]",pca
54,beta,40.0,0.0486,0.2685871728842996,0.2855364342279729,0.2595775755360546,0.5,0.4751374965190754,0.6995701058201058,27.0,"[0, 1, 2, 3, 4, 5, 7, 8, 9, 10, 11, 12, 13, 14, 15, 16, 18, 19, 20, 21, 22, 23, 24, 25, 27, 28, 29]","[0.1351523995399475, 0.24520479142665863, 0.2560924291610718, 0.1726565808057785, 0.15460284054279327, 0.13280066847801208, 0.0, 0.013970384374260902, 0.13501715660095215, 0.2137511968612671, 0.12793101370334625, 0.20454885065555573, 0.09144464880228043, 0.1513964831829071, 0.1152590960264206, 0.12261316180229187, 0.18924269080162048, 0.0, 0.04597719386219978, 0.13187913596630096, 0.1288209855556488, 0.18277347087860107, 0.2530829906463623, 0.0493287518620491, 0.17643167078495026, 0.24928395450115204, 0.0, 0.04188545048236847, 0.024758629500865936, 0.16370812058448792]",pca
54,beta,42.0,0.0486,0.2542277574731195,0.2544966362822702,0.2279925677228977,0.5,0.6170359040909652,0.7781871832900753,29.0,"[0, 1, 2, 3, 5, 6, 7, 8, 9, 10, 11, 12, 13, 14, 15, 16, 17, 18, 19, 20, 21, 22, 23, 24, 25, 26, 27, 28, 29]","[0.15741890668869019, 0.10267745703458786, 0.17967693507671356, 0.22735731303691864, 0.0, 0.16324396431446075, 0.15140938758850098, 0.17084082961082458, 0.16087594628334045, 0.15164081752300262, 0.08043868094682693, 0.1456843763589859, 0.14502429962158203, 0.21983514726161957, 0.15391848981380463, 0.12710559368133545, 0.24084147810935974, 0.14784635603427887, 0.09634837508201599, 0.1029386818408966, 0.1957705169916153, 0.04242074862122536, 0.0879182517528534, 0.027187421917915344, 0.10575205087661743, 0.0180111862719059, 0.11943144351243973, 0.21172557771205902, 0.20977148413658142, 0.17114096879959106]",pca
54,beta,26.0,0.0486,0.270311608064977,0.2778689690088576,0.2649457465047253,0.5,0.5710270822687787,0.69059113035527,9.0,"[0, 4, 5, 7, 11, 16, 20, 21, 23]","[0.003614922519773245, 0.0, 0.0, 0.0, 0.03298204392194748, 0.04333164542913437, 0.0, 0.018888110294938087, 0.0, 0.0, 0.0, 0.06435335427522659, 0.0, 0.0, 0.0, 0.0, 0.028881991282105446, 0.0, 0.0, 0.0, 0.0895942822098732, 0.05418548360466957, 0.0, 0.005629235412925482, 0.0, 0.0, 0.0, 0.0, 0.0, 0.0]",pca
54,beta,38.0,0.0486,0.2764934480530646,0.2874560306968496,0.2736015508902315,0.5,0.562104915026195,0.6464172698641772,23.0,"[0, 1, 3, 4, 5, 6, 7, 9, 10, 13, 14, 15, 16, 17, 18, 19, 20, 21, 23, 25, 26, 28, 29]","[0.12190308421850204, 0.05122215673327446, 0.0, 0.008628292940557003, 0.07968998700380325, 0.039782892912626266, 0.028844986110925674, 0.07538610696792603, 0.0, 0.10640308260917664, 0.06766366213560104, 0.0, 0.0, 0.07757454365491867, 0.02263612113893032, 0.0015315060736611485, 0.04574628174304962, 0.0472971647977829, 0.05702134966850281, 0.004579095635563135, 0.15676365792751312, 0.1287056803703308, 0.0, 0.10770588368177414, 0.0, 0.036755166947841644, 0.05412555858492851, 0.0, 0.028178758919239044, 0.09038052707910538]",pca
54,beta,30.0,0.0486,0.2555378502535331,0.2554948845890617,0.2462800093097895,0.5,0.5473332739016622,0.6858522906857064,28.0,"[0, 1, 2, 3, 4, 5, 6, 7, 8, 9, 10, 11, 12, 13, 14, 16, 17, 18, 19, 20, 21, 22, 23, 24, 25, 26, 27, 29]","[0.1523551046848297, 0.28956758975982666, 0.22749346494674683, 0.2578822374343872, 0.22844906151294708, 0.1264066845178604, 0.23935645818710327, 0.18403327465057373, 0.1494644433259964, 0.19407077133655548, 0.13738660514354706, 0.1879507154226303, 0.23440232872962952, 0.14006853103637695, 0.1457500159740448, 0.0, 0.17237408459186554, 0.057150326669216156, 0.16936008632183075, 0.2247779369354248, 0.186177596449852, 0.20137467980384827, 0.14528051018714905, 0.17425398528575897, 0.18294237554073334, 0.23902791738510132, 0.0727798268198967, 0.1646994650363922, 0.0, 0.05783019959926605]",pca
54,beta,50.0,0.0486,0.2806971732872111,0.2937165317340022,0.2704905700696935,0.5,0.5547957063711911,0.698803958910434,11.0,"[4, 5, 7, 12, 19, 20, 21, 22, 23, 28, 29]","[0.0, 0.0, 0.0, 0.0, 0.046675220131874084, 0.05159876495599747, 0.0, 0.021742423996329308, 0.0, 0.0, 0.0, 0.0, 0.07668223232030869, 0.0, 0.0, 0.0, 0.0, 0.0, 0.0, 0.016520429402589798, 0.048651427030563354, 0.11623945832252502, 0.003007955616340041, 0.07443096488714218, 0.0, 0.0, 0.0, 0.0, 0.04712427407503128, 0.03436334431171417]",pca
54,beta,37.0,0.0486,0.2671380845044079,0.2698477255390873,0.2562854219005679,0.5,0.590795238817067,0.6806701458816056,30.0,"[0, 1, 2, 3, 4, 5, 6, 7, 8, 9, 10, 11, 12, 13, 14, 15, 16, 17, 18, 19, 20, 21, 22, 23, 24, 25, 26, 27, 28, 29]","[0.21396051347255707, 0.22967638075351715, 0.02233884297311306, 0.20289070904254913, 0.12648344039916992, 0.29332664608955383, 0.20046499371528625, 0.21633732318878174, 0.24244661629199982, 0.2038334608078003, 0.22830305993556976, 0.2824256718158722, 0.020898491144180298, 0.031072840094566345, 0.18555498123168945, 0.3065277338027954, 0.07063061743974686, 0.21329715847969055, 0.22321957349777222, 0.08203404396772385, 0.15228904783725739, 0.010279977694153786, 0.17019672691822052, 0.24096757173538208, 0.06822875887155533, 0.2211633175611496, 0.20356394350528717, 0.2028207778930664, 0.18848638236522675, 0.2060927152633667]",pca
54,beta,45.0,0.0486,0.2788619810388606,0.2856205074282529,0.2729457111167382,0.5,0.6329047748131511,0.6194025997495772,27.0,"[0, 1, 2, 3, 4, 5, 6, 7, 9, 10, 11, 12, 15, 16, 17, 18, 19, 20, 21, 22, 23, 24, 25, 26, 27, 28, 29]","[0.19030089676380157, 0.26841944456100464, 0.20301373302936554, 0.19791418313980103, 0.15306203067302704, 0.010941516607999802, 0.13761179149150848, 0.12121431529521942, 0.0, 0.09269871562719345, 0.08908604085445404, 0.10816150158643723, 0.08893271535634995, 0.0, 0.0, 0.14523769915103912, 0.20276513695716858, 0.07851403951644897, 0.1231071949005127, 0.16847094893455505, 0.17972667515277863, 0.10850219428539276, 0.08580873906612396, 0.1163330003619194, 0.01540756318718195, 0.23201517760753632, 0.10067394375801086, 0.1765340268611908, 0.05958878993988037, 0.1316145658493042]",pca
54,beta,47.0,0.0486,0.244301186216428,0.2471959695438087,0.2411920486035119,0.5,0.5301834775168742,0.6524194315048959,28.0,"[0, 1, 2, 3, 4, 5, 6, 7, 8, 9, 10, 11, 12, 13, 14, 15, 16, 17, 18, 19, 20, 21, 22, 23, 24, 25, 27, 28]","[0.017469484359025955, 0.07428234070539474, 0.023135647177696228, 0.12095431238412857, 0.008713934570550919, 0.017973309382796288, 0.05308155342936516, 0.11227881163358688, 0.1970226913690567, 0.04512258619070053, 0.17930260300636292, 0.1510234773159027, 0.14357399940490723, 0.09344346821308136, 0.14309121668338776, 0.07250384986400604, 0.2342945784330368, 0.13716502487659454, 0.14018221199512482, 0.19434654712677002, 0.044831324368715286, 0.1340974122285843, 0.020388850942254066, 0.01096783485263586, 0.08158979564905167, 0.016725951805710793, 0.0, 0.051827020943164825, 0.09492190927267075, 0.0]",pca
54,beta,54.0,0.0486,0.2668239239096532,0.261450216970319,0.2295293088068718,0.5,0.5889085008255992,0.7771949553037636,29.0,"[0, 1, 2, 3, 4, 5, 7, 8, 9, 10, 11, 12, 13, 14, 15, 16, 17, 18, 19, 20, 21, 22, 23, 24, 25, 26, 27, 28, 29]","[0.18003353476524353, 0.3281410336494446, 0.09371846169233322, 0.16335566341876984, 0.19464483857154846, 0.19357025623321533, 0.0, 0.05937346816062927, 0.20593436062335968, 0.2415132373571396, 0.27434712648391724, 0.19939926266670227, 0.3275153338909149, 0.16175192594528198, 0.13492374122142792, 0.27230188250541687, 0.2251797467470169, 0.09474018216133118, 0.28926390409469604, 0.28536856174468994, 0.3305021822452545, 0.150624617934227, 0.2176593840122223, 0.17578235268592834, 0.24456743896007538, 0.23151424527168274, 0.14326176047325134, 0.2586495876312256, 0.28498026728630066, 0.29334789514541626]",pca
54,beta,41.0,0.0486,0.2522182548186293,0.2566719547001531,0.2445522424261055,0.5,0.4964099216710183,0.6273043753461508,7.0,"[4, 5, 6, 8, 14, 20, 27]","[0.0, 0.0, 0.0, 0.0, 0.02127932198345661, 0.016344690695405006, 0.017850570380687714, 0.0, 0.04220625385642052, 0.0, 0.0, 0.0, 0.0, 0.0, 0.003908985760062933, 0.0, 0.0, 0.0, 0.0, 0.0, 0.10170791298151016, 0.0, 0.0, 0.0, 0.0, 0.0, 0.0, 0.06368600577116013, 0.0, 0.0]",pca
54,beta,56.0,0.0486,0.2385518382470563,0.2368415661847172,0.2416333657921651,0.5,0.5571996235490955,0.5979818048729478,30.0,"[0, 1, 2, 3, 4, 5, 6, 7, 8, 9, 10, 11, 12, 13, 14, 15, 16, 17, 18, 19, 20, 21, 22, 23, 24, 25, 26, 27, 28, 29]","[0.22518029808998108, 0.158378005027771, 0.11009705811738968, 0.17583660781383514, 0.14370614290237427, 0.13676247000694275, 0.11623815447092056, 0.2298605889081955, 0.11301738023757935, 0.3278551995754242, 0.24201828241348267, 0.2892055809497833, 0.2612239718437195, 0.22242499887943268, 0.1875634491443634, 0.24745690822601318, 0.11481986194849014, 0.1966966688632965, 0.1443396806716919, 0.13757120072841644, 0.20902998745441437, 0.27270999550819397, 0.21538059413433075, 0.23055399954319, 0.24916069209575653, 0.06759975105524063, 0.19296985864639282, 0.09032317250967026, 0.24737513065338135, 0.29015257954597473]",pca
54,beta,49.0,0.0486,0.2582229900942229,0.2597201314684466,0.2299146456785744,0.5,0.5452803030303031,0.760530303030303,23.0,"[1, 2, 3, 4, 5, 7, 8, 10, 11, 12, 13, 16, 17, 18, 19, 20, 22, 23, 25, 26, 27, 28, 29]","[0.0, 0.07771819084882736, 0.029230056330561638, 0.16567882895469666, 0.1127699762582779, 0.08997142314910889, 0.0, 0.13055028021335602, 0.13006499409675598, 0.0, 0.025859076529741287, 0.055825214833021164, 0.07521608471870422, 0.004847250413149595, 0.0, 0.0, 0.07000835984945297, 0.04772452265024185, 0.08873369544744492, 0.19705995917320251, 0.11975336074829102, 0.0, 0.030711127445101738, 0.029320336878299713, 0.0, 0.05548537150025368, 0.051012396812438965, 0.07698582857847214, 0.06418202817440033, 0.07874289900064468]",pca
54,beta,51.0,0.0486,0.2653632416970451,0.2803790860314156,0.2619347606107005,0.5,0.4510293560137797,0.642362656381348,29.0,"[0, 1, 2, 3, 4, 5, 6, 7, 8, 9, 11, 12, 13, 14, 15, 16, 17, 18, 19, 20, 21, 22, 23, 24, 25, 26, 27, 28, 29]","[0.11283237487077713, 0.22117307782173157, 0.07094784080982208, 0.18736973404884338, 0.10794161260128021, 0.16631044447422028, 0.12779103219509125, 0.19953100383281708, 0.14701205492019653, 0.05009327828884125, 0.0, 0.23330432176589966, 0.10541356354951859, 0.25832614302635193, 0.2794184386730194, 0.19442299008369446, 0.012754538096487522, 0.028172608464956284, 0.03426545485854149, 0.2750410735607147, 0.1740603744983673, 0.03828302398324013, 0.12592780590057373, 0.20868785679340363, 0.05138999968767166, 0.32167601585388184, 0.057963933795690536, 0.061943937093019485, 0.17148880660533905, 0.19207580387592316]",pca
54,beta,39.0,0.0486,0.2836646824132109,0.2990913353893162,0.2716001222710271,0.5,0.5256794024307432,0.733124073227179,25.0,"[1, 2, 3, 4, 5, 6, 7, 8, 9, 10, 11, 12, 13, 14, 15, 16, 17, 18, 19, 20, 23, 26, 27, 28, 29]","[0.0, 0.07100619375705719, 0.063174769282341, 0.1114368662238121, 0.020365484058856964, 0.04634549841284752, 0.08080273866653442, 0.1354997307062149, 0.11617667973041534, 0.05774141848087311, 0.0026217843405902386, 0.07885106652975082, 0.06728091090917587, 0.11587251722812653, 0.04304000362753868, 0.08113465458154678, 0.1199490949511528, 0.12265331298112869, 0.0447319895029068, 0.11022232472896576, 0.02527260221540928, 0.0, 0.0, 0.03816955164074898, 0.0, 0.0, 0.11064226925373077, 0.07587466388940811, 0.017115797847509384, 0.03259214758872986]",pca
54,beta,53.0,0.0486,0.2828400882942902,0.2988441562715645,0.2763328935353545,0.5,0.5557471073832179,0.6511553890528132,27.0,"[0, 1, 2, 3, 4, 5, 6, 7, 8, 9, 10, 11, 13, 14, 15, 16, 18, 19, 20, 21, 23, 24, 25, 26, 27, 28, 29]","[0.1304801106452942, 0.08818256855010986, 0.019005954265594482, 0.019037563353776932, 0.26779705286026, 0.24708668887615204, 0.1759386956691742, 0.08538442850112915, 0.026348626241087914, 0.032325148582458496, 0.17311085760593414, 0.2337452620267868, 0.0, 0.09522794932126999, 0.16646656394004822, 0.19442589581012726, 0.2611258924007416, 0.0, 0.022949520498514175, 0.27298715710639954, 0.013434882275760174, 0.08501295000314713, 0.0, 0.2303997129201889, 0.07499978691339493, 0.2127860188484192, 0.06877357512712479, 0.006712499540299177, 0.03967038542032242, 0.08696135133504868]",pca
54,beta,43.0,0.0486,0.2788020331952037,0.2885110466452057,0.2558684602245519,0.5,0.5885302371357513,0.7645466757105428,24.0,"[0, 2, 3, 5, 6, 7, 9, 11, 12, 13, 15, 17, 18, 19, 20, 21, 22, 23, 24, 25, 26, 27, 28, 29]","[0.02263050712645054, 0.0, 0.0388074591755867, 0.10207362473011017, 0.0, 0.037733789533376694, 0.09222719818353653, 0.21738110482692719, 0.0, 0.17227157950401306, 0.0, 0.2918475866317749, 0.10054921358823776, 0.14484432339668274, 0.0, 0.024835173040628433, 0.0, 0.0237156730145216, 0.2422567456960678, 0.07373979687690735, 0.05239717289805412, 0.07729657739400864, 0.24673743546009064, 0.06973297894001007, 0.08092916756868362, 0.023460349068045616, 0.0706164613366127, 0.13246767222881317, 0.0415632538497448, 0.22620651125907898]",pca
54,beta,44.0,0.0486,0.2454320928907148,0.2443068358168985,0.2353261641097811,0.5,0.573564636064636,0.6776508651508651,23.0,"[0, 3, 4, 6, 7, 9, 10, 11, 12, 14, 15, 17, 18, 19, 20, 21, 22, 23, 25, 26, 27, 28, 29]","[0.050935715436935425, 0.0, 0.0, 0.07753879576921463, 0.03156695142388344, 0.0, 0.03756918013095856, 0.11433882266283035, 0.0, 0.044547829777002335, 0.11498241871595383, 0.1661401391029358, 0.007528801914304495, 0.0, 0.07588587701320648, 0.06588107347488403, 0.0, 0.07642672210931778, 0.011464964598417282, 0.17992354929447174, 0.08173686265945435, 0.16770906746387482, 0.0917881578207016, 0.04011400416493416, 0.0, 0.06392782926559448, 0.0030300330836325884, 0.09536606073379517, 0.08964680880308151, 0.13599032163619995]",pca
54,beta,59.0,0.0486,0.2913336328429276,0.3077924683147598,0.286152523260208,0.5,0.5769395054093855,0.7067392593253728,25.0,"[0, 1, 2, 3, 4, 5, 6, 7, 9, 10, 11, 13, 15, 17, 18, 19, 20, 21, 22, 23, 24, 26, 27, 28, 29]","[0.11065290123224258, 0.04597914591431618, 0.12360256165266037, 0.1190318763256073, 0.13528560101985931, 0.15195412933826447, 0.06271187216043472, 0.10403238981962204, 0.0, 0.17406395077705383, 0.06388799846172333, 0.07602731138467789, 0.0, 0.023072149604558945, 0.0, 0.05479597672820091, 0.0, 0.10757090151309967, 0.01754058711230755, 0.07322341948747635, 0.009533700533211231, 0.11978248506784439, 0.021392077207565308, 0.14076676964759827, 0.16699180006980896, 0.0, 0.053671471774578094, 0.18133176863193512, 0.12535399198532104, 0.10324887186288834]",pca
54,beta,72.0,0.0486,0.2747818731992664,0.2886924695010278,0.2611891669306674,0.5,0.5651110050131296,0.7425466168006154,22.0,"[1, 2, 3, 4, 7, 8, 9, 10, 11, 14, 15, 16, 18, 19, 20, 22, 23, 24, 25, 26, 27, 28]","[0.0, 0.15088438987731934, 0.025411825627088547, 0.09883089363574982, 0.03966092690825462, 0.0, 0.0, 0.046998653560876846, 0.045350007712841034, 0.06407065689563751, 0.00689447158947587, 0.0035836666356772184, 0.0, 0.0, 0.08370937407016754, 0.03944715857505798, 0.13484632968902588, 0.0, 0.11200100183486938, 0.013152237981557846, 0.11012447625398636, 0.0, 0.04128894954919815, 0.09199664741754532, 0.046250998973846436, 0.09309471398591995, 0.01989579387009144, 0.14863087236881256, 0.14891497790813446, 0.0]",pca
54,beta,61.0,0.0486,0.2666808908116042,0.2787953789513775,0.2563775036102315,0.5,0.5541045766503622,0.6735145793045918,30.0,"[0, 1, 2, 3, 4, 5, 6, 7, 8, 9, 10, 11, 12, 13, 14, 15, 16, 17, 18, 19, 20, 21, 22, 23, 24, 25, 26, 27, 28, 29]","[0.15364395081996918, 0.19490647315979004, 0.061689335852861404, 0.07710100710391998, 0.19151529669761658, 0.2730347812175751, 0.013321197591722012, 0.24585239589214325, 0.07473279535770416, 0.11370383948087692, 0.1716393530368805, 0.035667479038238525, 0.08494076877832413, 0.16065116226673126, 0.042858920991420746, 0.1325097680091858, 0.09006234258413315, 0.06880009919404984, 0.09109286963939667, 0.20896057784557343, 0.2377711534500122, 0.10356351733207703, 0.18508276343345642, 0.10282471030950546, 0.15744689106941223, 0.24096857011318207, 0.026345020160079002, 0.0515725202858448, 0.10171573609113693, 0.19621136784553528]",pca
54,beta,65.0,0.0486,0.2811275984066043,0.2936760819548088,0.2696293638474872,0.5,0.558298706124793,0.6948751731360427,27.0,"[0, 1, 2, 4, 5, 6, 7, 8, 9, 10, 11, 12, 13, 14, 15, 16, 17, 18, 19, 20, 21, 22, 25, 26, 27, 28, 29]","[0.10289209336042404, 0.12461063265800476, 0.09977144002914429, 0.0, 0.03289763629436493, 0.11981316655874252, 0.29168543219566345, 0.18063385784626007, 0.13451650738716125, 0.10900428891181946, 0.12222862988710403, 0.14509235322475433, 0.16805508732795715, 0.1355992704629898, 0.14769473671913147, 0.08780071884393692, 0.12571637332439423, 0.19325144588947296, 0.17743507027626038, 0.09108443558216095, 0.158373162150383, 0.3184278607368469, 0.18244668841362, 0.0, 0.0, 0.14827512204647064, 0.1431370973587036, 0.1175922229886055, 0.1502765417098999, 0.10523948073387146]",pca
54,beta,64.0,0.0486,0.2608413222087862,0.266630541445648,0.2568779102448309,0.5,0.5822053714344726,0.6877014656743061,26.0,"[0, 1, 2, 3, 4, 5, 6, 7, 8, 9, 10, 11, 12, 13, 14, 15, 16, 17, 18, 20, 22, 23, 24, 25, 26, 29]","[0.02371932379901409, 0.13170653581619263, 0.07776808738708496, 0.11280461400747299, 0.0920943170785904, 0.28261274099349976, 0.15202009677886963, 0.02694595418870449, 0.0490085706114769, 0.08548437803983688, 0.1317645162343979, 0.07167346775531769, 0.08449704200029373, 0.23400762677192688, 0.22721974551677704, 0.10374090075492859, 0.1710895448923111, 0.19245494902133942, 0.05874469876289368, 0.0, 0.1646796613931656, 0.0, 0.03170018643140793, 0.12323245406150818, 0.219807431101799, 0.05677610635757446, 0.0506906658411026, 0.0, 0.0, 0.19026876986026764]",pca
54,beta,80.0,0.0486,0.2894505653834459,0.2995603603371783,0.2723765635679691,0.5,0.5564765291182359,0.7216720948994532,27.0,"[1, 2, 3, 4, 5, 6, 7, 9, 10, 11, 12, 14, 15, 16, 17, 18, 19, 20, 21, 22, 23, 24, 25, 26, 27, 28, 29]","[0.0, 0.10530203580856323, 0.1587112993001938, 0.18034856021404266, 0.18297138810157776, 0.06671352684497833, 0.07276620715856552, 0.06189219653606415, 0.0, 0.17196911573410034, 0.04402565583586693, 0.1745741218328476, 0.09794671088457108, 0.0, 0.18510261178016663, 0.10469997674226761, 0.029755348339676857, 0.08542732149362564, 0.221304252743721, 0.09532393515110016, 0.1584046483039856, 0.18030613660812378, 0.2662348449230194, 0.13435408473014832, 0.06068703532218933, 0.149527445435524, 0.18360808491706848, 0.06266077607870102, 0.06582584232091904, 0.08374278992414474]",pca
54,beta,70.0,0.0486,0.2652010620051332,0.2652523568396527,0.2535143101309841,0.5,0.5881964243288191,0.707011760513186,30.0,"[0, 1, 2, 3, 4, 5, 6, 7, 8, 9, 10, 11, 12, 13, 14, 15, 16, 17, 18, 19, 20, 21, 22, 23, 24, 25, 26, 27, 28, 29]","[0.14996209740638733, 0.21528667211532593, 0.03087596409022808, 0.11494891345500946, 0.1853688508272171, 0.176447331905365, 0.12305033951997757, 0.21541103720664978, 0.11370464414358139, 0.14808014035224915, 0.16003195941448212, 0.16248385608196259, 0.1885211169719696, 0.2413937747478485, 0.1484060287475586, 0.17284119129180908, 0.20519109070301056, 0.20386865735054016, 0.12012920528650284, 0.1723521649837494, 0.2226812094449997, 0.2079465538263321, 0.153678297996521, 0.1585831344127655, 0.2178935557603836, 0.1511925756931305, 0.13397876918315887, 0.1576802134513855, 0.14150381088256836, 0.15709123015403748]",pca
54,beta,69.0,0.0486,0.2828113872021442,0.2933967642697681,0.2625052321003421,0.5,0.5851696375426836,0.7347263556906112,29.0,"[0, 1, 2, 3, 4, 5, 6, 7, 8, 9, 10, 11, 12, 13, 14, 15, 16, 17, 18, 19, 20, 21, 22, 23, 24, 26, 27, 28, 29]","[0.2320106476545334, 0.17845775187015533, 0.22576382756233215, 0.14696328341960907, 0.21915072202682495, 0.14960181713104248, 0.25740084052085876, 0.1719323992729187, 0.03534030541777611, 0.19780126214027405, 0.22631986439228058, 0.1927359700202942, 0.1702326238155365, 0.14238803088665009, 0.2446478009223938, 0.1665543019771576, 0.14744357764720917, 0.16256290674209595, 0.08783244341611862, 0.15185190737247467, 0.21855847537517548, 0.20688605308532715, 0.18072834610939026, 0.15973927080631256, 0.1895270198583603, 0.0006077801226638258, 0.1444881707429886, 0.0249195396900177, 0.19158411026000977, 0.10853806138038635]",pca
54,beta,63.0,0.0486,0.2736141996295413,0.2849278515125376,0.2535371445043831,0.5,0.544439061721114,0.7255934452471724,30.0,"[0, 1, 2, 3, 4, 5, 6, 7, 8, 9, 10, 11, 12, 13, 14, 15, 16, 17, 18, 19, 20, 21, 22, 23, 24, 25, 26, 27, 28, 29]","[0.17850905656814575, 0.23844535648822784, 0.22710593044757843, 0.32775044441223145, 0.26642051339149475, 0.24131038784980774, 0.3334684669971466, 0.34830471873283386, 0.3409527540206909, 0.1995558887720108, 0.2335982471704483, 0.20050789415836334, 0.07134931534528732, 0.13963596522808075, 0.008626477792859077, 0.3290154039859772, 0.35070642828941345, 0.25225886702537537, 0.2927895784378052, 0.13269715011119843, 0.3036418855190277, 0.31023406982421875, 0.24445664882659912, 0.2947167754173279, 0.04470960423350334, 0.26588401198387146, 0.2254108339548111, 0.10315440595149994, 0.18864311277866364, 0.2639865279197693]",pca
54,beta,76.0,0.0486,0.2473275424999337,0.2360383535033644,0.2261488443221335,0.5,0.6374848059841047,0.7656287985039739,30.0,"[0, 1, 2, 3, 4, 5, 6, 7, 8, 9, 10, 11, 12, 13, 14, 15, 16, 17, 18, 19, 20, 21, 22, 23, 24, 25, 26, 27, 28, 29]","[0.0869128629565239, 0.3121579587459564, 0.2858488857746124, 0.18933552503585815, 0.2865443825721741, 0.16795095801353455, 0.15161743760108948, 0.19078552722930908, 0.10972371697425842, 0.13879774510860443, 0.21668554842472076, 0.10671379417181015, 0.16264282166957855, 0.23339684307575226, 0.10033854097127914, 0.11240297555923462, 0.17045912146568298, 0.14479276537895203, 0.19863061606884003, 0.1465902477502823, 0.17090125381946564, 0.156380757689476, 0.1909722238779068, 0.16841375827789307, 0.23350676894187927, 0.22341355681419373, 0.23935969173908234, 0.21160782873630524, 0.2060539275407791, 0.17172180116176605]",pca
54,beta,74.0,0.0486,0.2749523706804635,0.2887671869496925,0.2680528147435991,0.5,0.5277091228648323,0.6787636623276763,29.0,"[0, 1, 2, 3, 4, 5, 6, 8, 9, 10, 11, 12, 13, 14, 15, 16, 17, 18, 19, 20, 21, 22, 23, 24, 25, 26, 27, 28, 29]","[0.1591937094926834, 0.2652762830257416, 0.24902646243572235, 0.20952171087265015, 0.17527101933956146, 0.1939116269350052, 0.06797126680612564, 0.0, 0.19790561497211456, 0.3168662488460541, 0.13039200007915497, 0.17499230802059174, 0.19250930845737457, 0.21267078816890717, 0.3343137800693512, 0.13504308462142944, 0.10524725914001465, 0.09975522756576538, 0.20675291121006012, 0.1674622893333435, 0.10865337401628494, 0.17015403509140015, 0.1402919739484787, 0.13677890598773956, 0.1164376363158226, 0.28060513734817505, 0.29969269037246704, 0.26834216713905334, 0.24885503947734833, 0.1320774406194687]",pca
54,beta,89.0,0.0486,0.2596992895569409,0.2578659291246081,0.239809078481453,0.5,0.61148291913919,0.7262080042832284,25.0,"[0, 1, 2, 3, 4, 5, 6, 7, 8, 9, 10, 11, 12, 13, 14, 15, 16, 20, 22, 23, 24, 25, 26, 27, 29]","[0.1112886294722557, 0.06481386721134186, 0.06907806545495987, 0.1402868628501892, 0.042043719440698624, 0.12587273120880127, 0.17736440896987915, 0.02401863969862461, 0.12363085895776749, 0.14048831164836884, 0.07322289049625397, 0.17074979841709137, 0.016190502792596817, 0.08752616494894028, 0.08483736962080002, 0.21901445090770721, 0.09579946100711823, 0.0, 0.0, 0.0, 0.10734241455793381, 0.0, 0.20040680468082428, 0.16434551775455475, 0.09555642306804657, 0.002719978103414178, 0.086704783141613, 0.08869657665491104, 0.0, 0.059003252536058426]",pca
54,beta,67.0,0.0486,0.2464821566014883,0.245145309780352,0.2276252125074472,0.5,0.5837266287947431,0.7342399483134913,27.0,"[0, 1, 2, 4, 5, 6, 7, 9, 10, 11, 12, 13, 14, 15, 16, 17, 19, 20, 21, 22, 23, 24, 25, 26, 27, 28, 29]","[0.24039995670318604, 0.1411920189857483, 0.1000514030456543, 0.0, 0.04859857261180878, 0.04364334046840668, 0.060764726251363754, 0.045735929161310196, 0.0, 0.11182072013616562, 0.15374210476875305, 0.12331915646791458, 0.1663782149553299, 0.1796671599149704, 0.20519375801086426, 0.11869172006845474, 0.02103467285633087, 0.11505047976970673, 0.0, 0.03357640653848648, 0.06984658539295197, 0.08645319938659668, 0.20481349527835846, 0.21360577642917633, 0.19329248368740082, 0.19432096183300018, 0.2535545229911804, 0.07855474948883057, 0.17770560085773468, 0.0025427707005292177]",pca
54,beta,66.0,0.0486,0.2964394033951187,0.3224954190409393,0.2975019936334503,0.5,0.5102017212640746,0.6491682824778038,28.0,"[0, 2, 3, 4, 5, 6, 7, 8, 9, 10, 11, 12, 13, 14, 15, 16, 17, 18, 19, 20, 22, 23, 24, 25, 26, 27, 28, 29]","[0.13141018152236938, 0.0, 0.17951306700706482, 0.13492855429649353, 0.33924785256385803, 0.13681654632091522, 0.31797316670417786, 0.024886781349778175, 0.2551896274089813, 0.042690228670835495, 0.1438240259885788, 0.1894889771938324, 0.21749797463417053, 0.17630523443222046, 0.24578514695167542, 0.16253797709941864, 0.3317864239215851, 0.14494045078754425, 0.048109523952007294, 0.1748260110616684, 0.20766326785087585, 0.0, 0.16662536561489105, 0.27343788743019104, 0.22150295972824097, 0.14022256433963776, 0.009729886427521706, 0.30100753903388977, 0.18393449485301971, 0.37293174862861633]",pca
54,beta,62.0,0.0486,0.2614724580336114,0.2607418017438114,0.2445678025491426,0.5,0.5706354300385109,0.6993340821566111,30.0,"[0, 1, 2, 3, 4, 5, 6, 7, 8, 9, 10, 11, 12, 13, 14, 15, 16, 17, 18, 19, 20, 21, 22, 23, 24, 25, 26, 27, 28, 29]","[0.039322447031736374, 0.06032426282763481, 0.01893523335456848, 0.1979164183139801, 0.15635338425636292, 0.1276998668909073, 0.12783047556877136, 0.14966893196105957, 0.20561079680919647, 0.050431232899427414, 0.07866709679365158, 0.10491062700748444, 0.17946454882621765, 0.06125090271234512, 0.11290569603443146, 0.03991970047354698, 0.04944098740816116, 0.06141116842627525, 0.09550277888774872, 0.0848950669169426, 0.0618453286588192, 0.10722820460796356, 0.04662780836224556, 0.1806105375289917, 0.0302923284471035, 0.06929277628660202, 0.1655384749174118, 0.097898468375206, 0.04388341307640076, 0.13681645691394806]",pca
54,beta,79.0,0.0486,0.2614380484129981,0.2686225943974654,0.2513554159044591,0.5,0.5362808174950793,0.713557752899898,27.0,"[0, 2, 3, 4, 5, 6, 7, 8, 9, 10, 12, 13, 14, 16, 17, 18, 19, 20, 21, 22, 23, 24, 25, 26, 27, 28, 29]","[0.1509130448102951, 0.0, 0.17971201241016388, 0.1961313933134079, 0.24654433131217957, 0.011587169952690601, 0.1337084025144577, 0.141140878200531, 0.15088114142417908, 0.18090565502643585, 0.17023831605911255, 0.0, 0.16675741970539093, 0.14487197995185852, 0.018166080117225647, 0.0, 0.18916189670562744, 0.21271775662899017, 0.264754056930542, 0.2053050845861435, 0.15606513619422913, 0.14072713255882263, 0.1669870764017105, 0.22767338156700134, 0.009665323421359062, 0.19204364717006683, 0.14363506436347961, 0.14217524230480194, 0.1657257378101349, 0.16118279099464417]",pca
54,beta,68.0,0.0486,0.2666116929138221,0.2716700927224827,0.2488672776612008,0.5,0.5379961634941715,0.70715966543184,30.0,"[0, 1, 2, 3, 4, 5, 6, 7, 8, 9, 10, 11, 12, 13, 14, 15, 16, 17, 18, 19, 20, 21, 22, 23, 24, 25, 26, 27, 28, 29]","[0.17994199693202972, 0.05825638025999069, 0.1908174306154251, 0.20690330862998962, 0.2174173891544342, 0.32973942160606384, 0.1508706957101822, 0.1745000034570694, 0.20134887099266052, 0.212184339761734, 0.1782820224761963, 0.17276883125305176, 0.19200077652931213, 0.0712556317448616, 0.12496615946292877, 0.2511935830116272, 0.18480178713798523, 0.15355642139911652, 0.18907025456428528, 0.21875159442424774, 0.24024710059165955, 0.12431337684392929, 0.1796162724494934, 0.21113088726997375, 0.17208866775035858, 0.17888939380645752, 0.24353958666324615, 0.1717909723520279, 0.19053296744823456, 0.11546484380960464]",pca
54,beta,81.0,0.0486,0.2479528338967687,0.252182922250828,0.2379647638960162,0.5,0.5274895789338377,0.6331876526433701,30.0,"[0, 1, 2, 3, 4, 5, 6, 7, 8, 9, 10, 11, 12, 13, 14, 15, 16, 17, 18, 19, 20, 21, 22, 23, 24, 25, 26, 27, 28, 29]","[0.3179594576358795, 0.13974586129188538, 0.1680585741996765, 0.11500281095504761, 0.20165036618709564, 0.30805641412734985, 0.25824829936027527, 0.1850317269563675, 0.2768336236476898, 0.24305881559848785, 0.26866209506988525, 0.029233833774924278, 0.20063552260398865, 0.150813028216362, 0.15426892042160034, 0.2533203363418579, 0.2006702721118927, 0.2263854742050171, 0.27386292815208435, 0.17405372858047485, 0.29981327056884766, 0.3160131573677063, 0.12171304225921631, 0.2373773604631424, 0.32401740550994873, 0.16427889466285706, 0.24012373387813568, 0.057357460260391235, 0.19808588922023773, 0.19276779890060425]",pca
54,beta,71.0,0.0486,0.2826573604985781,0.2815187150694883,0.2695242286541587,0.5,0.6232638888888888,0.6913536405723907,27.0,"[0, 1, 2, 5, 6, 7, 8, 9, 10, 11, 12, 13, 14, 15, 16, 18, 19, 20, 21, 22, 23, 24, 25, 26, 27, 28, 29]","[0.18036581575870514, 0.10410700738430023, 0.11980441212654114, 0.0, 0.0, 0.14030088484287262, 0.15257221460342407, 0.09933166950941086, 0.1209736168384552, 0.19699768722057343, 0.025349674746394157, 0.032181739807128906, 0.09885705262422562, 0.036473408341407776, 0.07067935913801193, 0.20793098211288452, 0.03784909099340439, 0.0, 0.13107705116271973, 0.0625545009970665, 0.11111803352832794, 0.0670214295387268, 0.09511944651603699, 0.13286428153514862, 0.1937674880027771, 0.18764525651931763, 0.05287134274840355, 0.10055846720933914, 0.13443830609321594, 0.1826907843351364]",pca
54,beta,78.0,0.0486,0.2773358384199397,0.2887072442135551,0.2626267524508254,0.5,0.5240661440147573,0.728480137031425,30.0,"[0, 1, 2, 3, 4, 5, 6, 7, 8, 9, 10, 11, 12, 13, 14, 15, 16, 17, 18, 19, 20, 21, 22, 23, 24, 25, 26, 27, 28, 29]","[0.12723305821418762, 0.20533661544322968, 0.08925790339708328, 0.31278306245803833, 0.17429156601428986, 0.1922604739665985, 0.07684517651796341, 0.2290572077035904, 0.2914636731147766, 0.24439215660095215, 0.04440724849700928, 0.22357922792434692, 0.20576579868793488, 0.06893746554851532, 0.25845229625701904, 0.19078539311885834, 0.18036551773548126, 0.07456302642822266, 0.13601602613925934, 0.055455002933740616, 0.19954052567481995, 0.199808269739151, 0.2127433568239212, 0.03131580352783203, 0.18203556537628174, 0.06057426333427429, 0.23315155506134033, 0.10875870287418365, 0.02614481933414936, 0.1313408762216568]",pca
54,beta,77.0,0.0486,0.2575431052026183,0.2575154471625063,0.2355686705897723,0.5,0.5790750580072708,0.7382001496474216,26.0,"[0, 1, 2, 4, 5, 6, 7, 8, 9, 10, 11, 12, 13, 14, 15, 16, 17, 18, 19, 20, 21, 24, 26, 27, 28, 29]","[0.14123234152793884, 0.044347912073135376, 0.0791785717010498, 0.0, 0.07080663740634918, 0.15555275976657867, 0.03853181004524231, 0.041297271847724915, 0.10008105635643005, 0.21640831232070923, 0.1120942160487175, 0.03905153647065163, 0.04157869517803192, 0.18158601224422455, 0.04625626280903816, 0.04273826628923416, 0.11761301755905151, 0.12034261226654053, 0.16020457446575165, 0.18159425258636475, 0.09342436492443085, 0.11114942282438278, 0.0, 0.0, 0.06921255588531494, 0.0, 0.07473985850811005, 0.09235171228647232, 0.07117588818073273, 0.07329843193292618]",pca
54,beta,85.0,0.0486,0.2484045978567504,0.2465677162774161,0.2230194542592893,0.5,0.5385326311938617,0.7588208677904749,27.0,"[0, 1, 2, 3, 4, 5, 6, 7, 8, 9, 10, 11, 12, 13, 14, 15, 16, 19, 20, 21, 22, 23, 24, 26, 27, 28, 29]","[0.08540543168783188, 0.10315725952386856, 0.012840033508837223, 0.06286217272281647, 0.06577006727457047, 0.028430918231606483, 0.07654404640197754, 0.06569843739271164, 0.11588329821825027, 0.07602512091398239, 0.03029356338083744, 0.10397637635469437, 0.014870680868625641, 0.10222863405942917, 0.1154806986451149, 0.03553494065999985, 0.06672483682632446, 0.0, 0.0, 0.09560677409172058, 0.10382302105426788, 0.10455967485904694, 0.03181388974189758, 0.13843798637390137, 0.07833895832300186, 0.0, 0.12924954295158386, 0.10752483457326889, 0.07728299498558044, 0.13321611285209656]",pca
54,beta,73.0,0.0486,0.2588080057372539,0.2605700263814213,0.238234820298125,0.5,0.5798933627505056,0.7189336275050562,30.0,"[0, 1, 2, 3, 4, 5, 6, 7, 8, 9, 10, 11, 12, 13, 14, 15, 16, 17, 18, 19, 20, 21, 22, 23, 24, 25, 26, 27, 28, 29]","[0.09997058659791946, 0.3273791968822479, 0.10899053514003754, 0.24550457298755646, 0.22295640408992767, 0.23615553975105286, 0.17160369455814362, 0.09351101517677307, 0.2397320419549942, 0.09006980806589127, 0.2856305241584778, 0.09190348535776138, 0.08199939876794815, 0.23315417766571045, 0.18269233405590057, 0.20357955992221832, 0.15734608471393585, 0.24538691341876984, 0.24321691691875458, 0.1351386159658432, 0.10382534563541412, 0.09971316903829575, 0.3282741904258728, 0.10983706265687943, 0.1542425900697708, 0.1621764600276947, 0.17098017036914825, 0.25323954224586487, 0.09156424552202225, 0.14320506155490875]",pca
54,beta,87.0,0.0486,0.2697926649544018,0.2727671717317829,0.2593606789783262,0.5,0.5929841235218047,0.6909228300328748,27.0,"[0, 1, 2, 3, 4, 5, 6, 7, 8, 9, 10, 11, 12, 13, 14, 15, 16, 18, 19, 20, 21, 22, 23, 24, 25, 27, 29]","[0.21951377391815186, 0.12432599812746048, 0.11668714880943298, 0.14482250809669495, 0.10845237970352173, 0.1358773112297058, 0.26440751552581787, 0.13690751791000366, 0.1945061832666397, 0.10991789400577545, 0.15867477655410767, 0.0985860750079155, 0.15026575326919556, 0.07182446122169495, 0.023017732426524162, 0.10396558791399002, 0.23009522259235382, 0.0, 0.1146203801035881, 0.21393753588199615, 0.17140507698059082, 0.10450053960084915, 0.09209500253200531, 0.17531712353229523, 0.12443017214536667, 0.17842307686805725, 0.0, 0.1345553994178772, 0.0, 0.18154050409793854]",pca
54,beta,88.0,0.0486,0.278952940337224,0.2900466018878506,0.2782696861935919,0.5,0.5941158749503609,0.6484450956495543,30.0,"[0, 1, 2, 3, 4, 5, 6, 7, 8, 9, 10, 11, 12, 13, 14, 15, 16, 17, 18, 19, 20, 21, 22, 23, 24, 25, 26, 27, 28, 29]","[0.34053805470466614, 0.19268269836902618, 0.21489031612873077, 0.3046444356441498, 0.11686848104000092, 0.20710940659046173, 0.23835569620132446, 0.31293290853500366, 0.172099307179451, 0.3809596002101898, 0.20063942670822144, 0.21641665697097778, 0.17346882820129395, 0.19656336307525635, 0.2118602842092514, 0.21751047670841217, 0.21545825898647308, 0.12500090897083282, 0.23896396160125732, 0.27165988087654114, 0.2198430448770523, 0.17896808683872223, 0.1539098173379898, 0.3773495852947235, 0.21459481120109558, 0.2512929141521454, 0.3571779727935791, 0.21908123791217804, 0.2126305252313614, 0.26553165912628174]",pca
54,beta,83.0,0.0486,0.2792181290810143,0.2848799948093335,0.2564187232917435,0.5,0.614604656240618,0.7742637626572778,24.0,"[0, 1, 3, 4, 5, 6, 7, 8, 9, 10, 11, 15, 16, 17, 18, 19, 20, 21, 22, 24, 25, 26, 28, 29]","[0.13082186877727509, 0.009459640830755234, 0.0, 0.11057457327842712, 0.07861997187137604, 0.03511955961585045, 0.0402168408036232, 0.07488510012626648, 0.17919854819774628, 0.12384624779224396, 0.020660385489463806, 0.018840927630662918, 0.0, 0.0, 0.0, 0.03541722521185875, 0.04443039372563362, 0.1386096030473709, 0.015344289131462574, 0.09841085970401764, 0.18310803174972534, 0.04523999243974686, 0.18095237016677856, 0.0, 0.0162020493298769, 0.10243122279644012, 0.07666047662496567, 0.0, 0.07969150692224503, 0.026870524510741234]",pca
54,beta,97.0,0.0486,0.2473490428177531,0.2437460954059964,0.227361265798968,0.5,0.566830171393671,0.7002519372447227,10.0,"[2, 4, 5, 11, 12, 14, 15, 17, 19, 25]","[0.0, 0.0, 0.01906662993133068, 0.0, 0.032687291502952576, 0.08934181928634644, 0.0, 0.0, 0.0, 0.0, 0.0, 0.04460405930876732, 0.05066423490643501, 0.0, 0.05641050264239311, 0.08586358278989792, 0.0, 0.005751264747232199, 0.0, 0.005466661881655455, 0.0, 0.0, 0.0, 0.0, 0.0, 0.02494264394044876, 0.0, 0.0, 0.000492085178848356, 0.0]",pca
54,beta,75.0,0.0486,0.2529070486887824,0.2442235271843282,0.2213117764592294,0.5,0.6132189939004394,0.7837853348199646,20.0,"[0, 2, 5, 8, 9, 10, 11, 13, 14, 15, 17, 18, 19, 20, 21, 22, 23, 25, 26, 29]","[0.003680112073197961, 0.0, 0.05068917199969292, 0.0, 0.0, 0.05516205355525017, 0.0, 0.0, 0.05707024782896042, 0.03061935491859913, 0.0166630856692791, 0.047306619584560394, 0.0, 0.06776604056358337, 0.010394804179668427, 0.028745518997311592, 0.0, 0.1026049554347992, 0.13169452548027039, 0.015247028321027756, 0.016486313194036484, 0.05905316770076752, 0.04801594838500023, 0.13377396762371063, 0.0, 0.1414087563753128, 0.05946444347500801, 0.0, 0.0, 0.01151271816343069]",pca
54,beta,86.0,0.0486,0.2621396651297328,0.2603117858767016,0.2514068240294888,0.5,0.6487404248598279,0.6638524548972309,29.0,"[0, 1, 2, 3, 4, 5, 6, 7, 8, 9, 10, 11, 12, 13, 14, 15, 16, 17, 18, 19, 20, 21, 22, 23, 24, 25, 26, 28, 29]","[0.04149559512734413, 0.15154589712619781, 0.15925012528896332, 0.1655847430229187, 0.07224806398153305, 0.17829164862632751, 0.24350568652153015, 0.1389511376619339, 0.13968326151371002, 0.1512921303510666, 0.262478768825531, 0.2375325858592987, 0.012668086215853691, 0.19817790389060974, 0.12773209810256958, 0.22340528666973114, 0.14115874469280243, 0.16905473172664642, 0.19222983717918396, 0.282880574464798, 0.1254786252975464, 0.1992848813533783, 0.14266511797904968, 0.2590661346912384, 0.16555491089820862, 0.12962493300437927, 0.1719490885734558, 0.0, 0.19025187194347382, 0.12855027616024017]",pca
54,beta,95.0,0.0486,0.2575904294361886,0.2557878175799961,0.2403151446148584,0.5,0.5849950396825396,0.7460978835978835,26.0,"[0, 2, 3, 4, 5, 6, 7, 9, 10, 11, 13, 14, 15, 16, 17, 18, 19, 20, 21, 22, 24, 25, 26, 27, 28, 29]","[0.16325141489505768, 0.0, 0.0889609232544899, 0.19294629991054535, 0.02937300130724907, 0.14574205875396729, 0.020319897681474686, 0.05673457682132721, 0.0, 0.1677747219800949, 0.16218501329421997, 0.0480857715010643, 0.0, 0.03482348099350929, 0.06897244602441788, 0.19770987331867218, 0.09849545359611511, 0.03254944458603859, 0.037532027810811996, 0.058342672884464264, 0.1541917324066162, 0.0842835009098053, 0.07189755141735077, 0.0, 0.12542293965816498, 0.06720921397209167, 0.011169164441525936, 0.009452428668737411, 0.06741834431886673, 0.11966972798109055]",pca
54,beta,93.0,0.0486,0.2544727022289703,0.2617454088212829,0.2403668604309294,0.5,0.5254037800687286,0.6903436426116838,28.0,"[0, 1, 2, 3, 5, 6, 7, 8, 9, 10, 11, 12, 13, 14, 15, 16, 17, 18, 19, 20, 21, 23, 24, 25, 26, 27, 28, 29]","[0.1987166404724121, 0.15136735141277313, 0.2413744330406189, 0.23089107871055603, 0.0, 0.2305029183626175, 0.14229293167591095, 0.2444363683462143, 0.20389679074287415, 0.14558228850364685, 0.1291525512933731, 0.287304162979126, 0.11961332708597183, 0.16733527183532715, 0.31505104899406433, 0.13437704741954803, 0.15567514300346375, 0.012738707475364208, 0.1382516771554947, 0.20593228936195374, 0.3124659061431885, 0.15345311164855957, 0.0, 0.15692980587482452, 0.22007885575294495, 0.24584384262561798, 0.20403745770454407, 0.24166014790534973, 0.20038239657878876, 0.008375069126486778]",pca
54,beta,90.0,0.0486,0.2848047938573605,0.3048086414620909,0.2756959426605893,0.5,0.5194359323572807,0.7073544433094994,27.0,"[1, 2, 3, 4, 5, 6, 7, 8, 9, 10, 11, 12, 13, 14, 16, 17, 18, 19, 20, 22, 23, 24, 25, 26, 27, 28, 29]","[0.0, 0.18921425938606262, 0.018867982551455498, 0.17118127644062042, 0.16535402834415436, 0.14852240681648254, 0.20733194053173065, 0.20351029932498932, 0.14076684415340424, 0.14930987358093262, 0.2350381463766098, 0.14875087141990662, 0.10004870593547821, 0.20841927826404572, 0.1339716911315918, 0.0, 0.26216748356819153, 0.13610590994358063, 0.15705488622188568, 0.1595105230808258, 0.2832806706428528, 0.0, 0.24701549112796783, 0.17087218165397644, 0.13759568333625793, 0.10172887146472931, 0.12252309173345566, 0.19913741946220398, 0.14251279830932617, 0.22540242969989777]",pca
54,beta,91.0,0.0486,0.2613877580512725,0.2581458826138646,0.2408069826568758,0.5,0.5638727238595833,0.7308522620611977,30.0,"[0, 1, 2, 3, 4, 5, 6, 7, 8, 9, 10, 11, 12, 13, 14, 15, 16, 17, 18, 19, 20, 21, 22, 23, 24, 25, 26, 27, 28, 29]","[0.10985256731510162, 0.14227981865406036, 0.06165706738829613, 0.15047021210193634, 0.18206416070461273, 0.28162112832069397, 0.18708978593349457, 0.2380494624376297, 0.04361133649945259, 0.190282940864563, 0.1921633780002594, 0.20859964191913605, 0.14179706573486328, 0.12505203485488892, 0.25811463594436646, 0.15070593357086182, 0.13223543763160706, 0.10636967420578003, 0.2069932222366333, 0.1275126188993454, 0.19509358704090118, 0.10154733061790466, 0.11563068628311157, 0.17486201226711273, 0.09216665476560593, 0.06547793745994568, 0.10122814774513245, 0.19792835414409637, 0.14141064882278442, 0.1978723108768463]",pca
54,beta,84.0,0.0486,0.2634244110774574,0.2655807626576091,0.2523650712492326,0.5,0.5758402903811253,0.6972413793103449,25.0,"[1, 2, 3, 4, 5, 6, 7, 8, 9, 10, 12, 13, 14, 15, 16, 17, 18, 19, 20, 22, 23, 24, 25, 26, 27]","[0.0, 0.022528085857629776, 0.04041789099574089, 0.07425206154584885, 0.14414800703525543, 0.06335407495498657, 0.15012401342391968, 0.009608938358724117, 0.08272083103656769, 0.1144699677824974, 0.0395503044128418, 0.0, 0.13031163811683655, 0.03944846987724304, 0.05762965604662895, 0.20539239048957825, 0.07009570300579071, 0.08077894151210785, 0.13235127925872803, 0.05421600863337517, 0.22217987477779388, 0.0, 0.007207044400274754, 0.12444762140512466, 0.0915512666106224, 0.1915416121482849, 0.09823224693536758, 0.23924210667610168, 0.0, 0.0]",pca
54,beta,82.0,0.0486,0.2676561896061871,0.2828164453389342,0.2550891172835864,0.5,0.5578031891414699,0.6958590818803796,27.0,"[0, 1, 3, 4, 5, 6, 7, 8, 10, 11, 12, 13, 14, 15, 16, 17, 18, 19, 20, 21, 22, 23, 24, 25, 26, 28, 29]","[0.06614577025175095, 0.06131082400679588, 0.0, 0.24845930933952332, 0.17414486408233643, 0.17459242045879364, 0.2537909150123596, 0.03768819570541382, 0.20800331234931946, 0.0, 0.09024856239557266, 0.2700617015361786, 0.1609766185283661, 0.11319281905889511, 0.17265993356704712, 0.05722639709711075, 0.2643718719482422, 0.28980448842048645, 0.16347341239452362, 0.08411694318056107, 0.16705578565597534, 0.0024536645505577326, 0.10749602317810059, 0.1780644655227661, 0.16540484130382538, 0.05902538076043129, 0.19424094259738922, 0.0, 0.20203229784965515, 0.08347766846418381]",pca
54,beta,0.0,0.054,0.281572739545136,0.2897992539503829,0.2639209277518988,0.5,0.5996241954759471,0.737843947531353,0.0,[],"[0.0, 0.0, 0.0, 0.0, 0.0, 0.0, 0.0, 0.0, 0.0, 0.0, 0.0, 0.0, 0.0, 0.0, 0.0, 0.0, 0.0, 0.0, 0.0, 0.0, 0.0, 0.0, 0.0, 0.0, 0.0, 0.0, 0.0, 0.0, 0.0, 0.0]",pca
54,beta,98.0,0.0486,0.258827379377024,0.2494272212154708,0.2424560181192584,0.5,0.5913145973929925,0.7002403623925304,23.0,"[0, 2, 4, 5, 6, 7, 8, 9, 11, 13, 14, 15, 16, 17, 19, 20, 21, 22, 24, 25, 26, 27, 28]","[0.042324285954236984, 0.0, 0.11183031648397446, 0.0, 0.05201667547225952, 0.05915282666683197, 0.06126663088798523, 0.09609698504209518, 0.16309362649917603, 0.11519260704517365, 0.0, 0.16684257984161377, 0.0, 0.007777021266520023, 0.17479796707630157, 0.07187914103269577, 0.04514423757791519, 0.06883512437343597, 0.0, 0.03897470235824585, 0.16587860882282257, 0.15480783581733704, 0.004127815831452608, 0.0, 0.21934664249420166, 0.03293001651763916, 0.08101945370435715, 0.04377836361527443, 0.07840597629547119, 0.0]",pca
54,beta,6.0,0.054,0.2747260658349709,0.2769866175233411,0.252044173356898,0.5,0.6008714811891608,0.7228624046303604,16.0,"[1, 5, 7, 8, 11, 12, 13, 14, 16, 19, 20, 23, 24, 26, 27, 28]","[0.0, 0.0032839507330209017, 0.0, 0.0, 0.0, 0.002411270746961236, 0.0, 0.17277859151363373, 0.1789265125989914, 0.0, 0.0, 0.07386170327663422, 0.13687552511692047, 0.01988532394170761, 0.04006357118487358, 0.0, 0.05779846012592316, 0.0, 0.0, 0.024099113419651985, 0.010054448619484901, 0.0, 0.0, 0.1403730809688568, 0.09162406623363495, 0.0, 0.23963519930839539, 0.0018459800630807877, 0.044085316359996796, 0.0]",pca
54,beta,99.0,0.0486,0.2754971048104321,0.2805070202785323,0.2589049169935444,0.5,0.5871627967226918,0.7535088571521099,30.0,"[0, 1, 2, 3, 4, 5, 6, 7, 8, 9, 10, 11, 12, 13, 14, 15, 16, 17, 18, 19, 20, 21, 22, 23, 24, 25, 26, 27, 28, 29]","[0.06850539892911911, 0.26891329884529114, 0.18943749368190765, 0.17026858031749725, 0.2567913234233856, 0.21841415762901306, 0.13992704451084137, 0.22123944759368896, 0.09110452979803085, 0.2666561007499695, 0.15247860550880432, 0.1838739812374115, 0.09493998438119888, 0.21226483583450317, 0.2539561092853546, 0.12658236920833588, 0.17247167229652405, 0.19811265170574188, 0.2315611094236374, 0.09966578334569931, 0.19974051415920258, 0.3132465183734894, 0.12384860962629318, 0.1839098036289215, 0.2641467750072479, 0.29998019337654114, 0.2655525207519531, 0.19352489709854126, 0.25619757175445557, 0.1604529172182083]",pca
54,beta,2.0,0.054,0.2495620960358432,0.2434427663431785,0.2250090401873167,0.5,0.6279682750759878,0.756902228976697,3.0,"[20, 25, 27]","[0.0, 0.0, 0.0, 0.0, 0.0, 0.0, 0.0, 0.0, 0.0, 0.0, 0.0, 0.0, 0.0, 0.0, 0.0, 0.0, 0.0, 0.0, 0.0, 0.0, 0.014856623485684395, 0.0, 0.0, 0.0, 0.0, 0.005214952863752842, 0.0, 0.0075510963797569275, 0.0, 0.0]",pca
54,beta,8.0,0.054,0.2638855809846538,0.2725429616536821,0.2732684430261664,0.5,0.5986706122024119,0.6049829737245164,5.0,"[1, 7, 10, 21, 26]","[0.0, 0.05760259926319122, 0.0, 0.0, 0.0, 0.0, 0.0, 0.031154604628682137, 0.0, 0.0, 0.014733865857124329, 0.0, 0.0, 0.0, 0.0, 0.0, 0.0, 0.0, 0.0, 0.0, 0.0, 0.03475586697459221, 0.0, 0.0, 0.0, 0.0, 0.027368946000933647, 0.0, 0.0, 0.0]",pca
54,beta,15.0,0.054,0.2717116111576571,0.2729533950950198,0.2540636161835986,0.5,0.5854673108863053,0.7225426543862298,0.0,[],"[0.0, 0.0, 0.0, 0.0, 0.0, 0.0, 0.0, 0.0, 0.0, 0.0, 0.0, 0.0, 0.0, 0.0, 0.0, 0.0, 0.0, 0.0, 0.0, 0.0, 0.0, 0.0, 0.0, 0.0, 0.0, 0.0, 0.0, 0.0, 0.0, 0.0]",pca
54,beta,96.0,0.0486,0.2629617523966815,0.2619525804294986,0.2382682968746323,0.5,0.5824397684956705,0.7615116574693047,28.0,"[0, 1, 2, 3, 4, 5, 6, 7, 8, 10, 11, 12, 13, 14, 15, 16, 18, 19, 20, 21, 22, 23, 24, 25, 26, 27, 28, 29]","[0.14943358302116394, 0.1718330979347229, 0.12566539645195007, 0.18459635972976685, 0.18010465800762177, 0.19724944233894348, 0.109340138733387, 0.07830624282360077, 0.1757516711950302, 0.0, 0.20030468702316284, 0.16791269183158875, 0.12175458669662476, 0.11752297729253769, 0.2095295488834381, 0.1988050490617752, 0.14005377888679504, 0.0, 0.07508688420057297, 0.13680346310138702, 0.012166542932391167, 0.010141436010599136, 0.13303326070308685, 0.002430657623335719, 0.06382997334003448, 0.20128166675567627, 0.24906040728092194, 0.04673066735267639, 0.06169835105538368, 0.19845426082611084]",pca
54,beta,11.0,0.054,0.2601588292036993,0.261959193222247,0.2540285989447279,0.5,0.640718342060624,0.7082085699535364,7.0,"[5, 7, 10, 12, 15, 23, 28]","[0.0, 0.0, 0.0, 0.0, 0.0, 0.07256991416215897, 0.0, 0.0014569690683856606, 0.0, 0.0, 0.04710761457681656, 0.0, 0.021972905844449997, 0.0, 0.0, 0.04581205174326897, 0.0, 0.0, 0.0, 0.0, 0.0, 0.0, 0.0, 0.05715658888220787, 0.0, 0.0, 0.0, 0.0, 0.042786139994859695, 0.0]",pca
54,beta,94.0,0.0486,0.2619885292554274,0.2654857551018414,0.2586946567145423,0.5,0.5838802296964725,0.6841600257822571,28.0,"[0, 1, 3, 4, 5, 6, 7, 8, 9, 10, 11, 12, 13, 14, 15, 16, 17, 18, 19, 20, 21, 22, 23, 24, 25, 27, 28, 29]","[0.135664165019989, 0.16835054755210876, 0.0, 0.12207228690385818, 0.17903752624988556, 0.24506895244121552, 0.12803933024406433, 0.18876221776008606, 0.1284700185060501, 0.06570994108915329, 0.23413266241550446, 0.24374736845493317, 0.1720118522644043, 0.11767580360174179, 0.2554703950881958, 0.18710371851921082, 0.21974201500415802, 0.16534924507141113, 0.2171013504266739, 0.13932615518569946, 0.14832551777362823, 0.15592336654663086, 0.1972285509109497, 0.1207965761423111, 0.18764321506023407, 0.016359860077500343, 0.0, 0.04886970296502113, 0.11314168572425842, 0.09101056307554245]",pca
54,beta,1.0,0.054,0.2785951027486996,0.2902501426716141,0.2659984795958943,0.5,0.5665864533937292,0.7054497841319272,17.0,"[0, 1, 2, 3, 4, 5, 6, 7, 12, 14, 15, 17, 19, 21, 22, 25, 27]","[0.12695953249931335, 0.0328713096678257, 0.13002033531665802, 0.0046788728795945644, 0.07551129162311554, 0.0013636101502925158, 0.09709195047616959, 0.15940478444099426, 0.0, 0.0, 0.0, 0.0, 0.023716747760772705, 0.0, 0.0720948800444603, 0.02407391369342804, 0.0, 0.0583680123090744, 0.0, 0.06327606737613678, 0.0, 0.1697491854429245, 0.034930817782878876, 0.0, 0.0, 0.011525152251124382, 0.0, 0.11646465957164764, 0.0, 0.0]",pca
54,beta,10.0,0.054,0.2711055500199741,0.2819676250852603,0.2600557098629864,0.5,0.5443998811645869,0.7193998811645871,6.0,"[1, 2, 5, 9, 25, 26]","[0.0, 0.017185989767313004, 0.0062110391445457935, 0.0, 0.0, 0.01949416659772396, 0.0, 0.0, 0.0, 0.03164029121398926, 0.0, 0.0, 0.0, 0.0, 0.0, 0.0, 0.0, 0.0, 0.0, 0.0, 0.0, 0.0, 0.0, 0.0, 0.0, 0.05200851336121559, 0.021407410502433777, 0.0, 0.0, 0.0]",pca
54,beta,5.0,0.054,0.2616193070017826,0.2684446490871227,0.2583890738776609,0.5,0.6163379080064133,0.6739846726387478,14.0,"[2, 3, 5, 6, 8, 11, 15, 17, 18, 19, 20, 23, 27, 28]","[0.0, 0.0, 0.03000469319522381, 0.09024378657341003, 0.0, 0.04443908855319023, 0.02996564656496048, 0.0, 0.05631302669644356, 0.0, 0.0, 0.019830405712127686, 0.0, 0.0, 0.0, 0.051722828298807144, 0.0, 0.03461112082004547, 0.06323226541280746, 0.0022576518822461367, 0.05066276714205742, 0.0, 0.0, 0.031182127073407173, 0.0, 0.0, 0.0, 0.025068923830986023, 0.014078892767429352, 0.0]",pca
54,beta,16.0,0.054,0.2756864568525844,0.2806376440135098,0.2471320938246059,0.5,0.5937119113573407,0.7830332409972299,1.0,[7],"[0.0, 0.0, 0.0, 0.0, 0.0, 0.0, 0.0, 0.009219609200954437, 0.0, 0.0, 0.0, 0.0, 0.0, 0.0, 0.0, 0.0, 0.0, 0.0, 0.0, 0.0, 0.0, 0.0, 0.0, 0.0, 0.0, 0.0, 0.0, 0.0, 0.0, 0.0]",pca
54,beta,17.0,0.054,0.2637836925627149,0.2674946480732597,0.2463819163879167,0.5,0.5986029254475581,0.7334641400320132,0.0,[],"[0.0, 0.0, 0.0, 0.0, 0.0, 0.0, 0.0, 0.0, 0.0, 0.0, 0.0, 0.0, 0.0, 0.0, 0.0, 0.0, 0.0, 0.0, 0.0, 0.0, 0.0, 0.0, 0.0, 0.0, 0.0, 0.0, 0.0, 0.0, 0.0, 0.0]",pca
54,beta,92.0,0.0486,0.2864095892037767,0.3057068864847854,0.2766436080750236,0.5,0.5511115205109309,0.7190555146155735,26.0,"[0, 1, 2, 3, 5, 6, 7, 8, 9, 10, 12, 13, 15, 16, 17, 18, 19, 20, 21, 22, 23, 24, 26, 27, 28, 29]","[0.15698033571243286, 0.15818142890930176, 0.012729768641293049, 0.1453363299369812, 0.0, 0.1242811530828476, 0.0945667028427124, 0.08468721807003021, 0.2035290002822876, 0.2234065979719162, 0.13963709771633148, 0.0, 0.035159360617399216, 0.1401781141757965, 0.0, 0.03539508953690529, 0.23977871239185333, 0.034378066658973694, 0.15202346444129944, 0.1324939876794815, 0.10166692733764648, 0.0052836318500339985, 0.15849359333515167, 0.02620152197778225, 0.03911340609192848, 0.0, 0.17061182856559753, 0.1966869980096817, 0.04278500750660896, 0.18609851598739624]",pca
54,beta,12.0,0.054,0.2597641048530327,0.2622171893718359,0.262179026893041,0.5,0.5787281399046105,0.649268680445151,0.0,[],"[0.0, 0.0, 0.0, 0.0, 0.0, 0.0, 0.0, 0.0, 0.0, 0.0, 0.0, 0.0, 0.0, 0.0, 0.0, 0.0, 0.0, 0.0, 0.0, 0.0, 0.0, 0.0, 0.0, 0.0, 0.0, 0.0, 0.0, 0.0, 0.0, 0.0]",pca
54,beta,30.0,0.054,0.2555378502535331,0.2554948845890617,0.2473419264571346,0.5,0.5473332739016622,0.6866546182460633,9.0,"[1, 2, 3, 4, 6, 12, 19, 21, 25]","[0.0, 0.11264946311712265, 0.04688035324215889, 0.07996252179145813, 0.03277019411325455, 0.0, 0.05640343204140663, 0.0, 0.0, 0.0, 0.0, 0.0, 0.04838009923696518, 0.0, 0.0, 0.0, 0.0, 0.0, 0.0, 0.03929300978779793, 0.0, 0.014123540371656418, 0.0, 0.0, 0.0, 0.03935713693499565, 0.0, 0.0, 0.0, 0.0]",pca
54,beta,18.0,0.054,0.252771114290939,0.255262114573614,0.2411550851012485,0.5,0.6159530341629107,0.6953507740544778,3.0,"[0, 7, 26]","[0.0030419158283621073, 0.0, 0.0, 0.0, 0.0, 0.0, 0.0, 0.05327656492590904, 0.0, 0.0, 0.0, 0.0, 0.0, 0.0, 0.0, 0.0, 0.0, 0.0, 0.0, 0.0, 0.0, 0.0, 0.0, 0.0, 0.0, 0.0, 0.01779027096927166, 0.0, 0.0, 0.0]",pca
54,beta,28.0,0.054,0.2926307635963882,0.3070679499505309,0.2773417351877877,0.5,0.5681177211205539,0.7159017941454202,0.0,[],"[0.0, 0.0, 0.0, 0.0, 0.0, 0.0, 0.0, 0.0, 0.0, 0.0, 0.0, 0.0, 0.0, 0.0, 0.0, 0.0, 0.0, 0.0, 0.0, 0.0, 0.0, 0.0, 0.0, 0.0, 0.0, 0.0, 0.0, 0.0, 0.0, 0.0]",pca
54,beta,3.0,0.054,0.2600613681646652,0.2699348220259572,0.2605780752966194,0.5,0.5614374557665376,0.6555737927088195,5.0,"[3, 4, 6, 19, 21]","[0.0, 0.0, 0.0, 0.019592322409152985, 0.009164134971797466, 0.0, 0.006206643767654896, 0.0, 0.0, 0.0, 0.0, 0.0, 0.0, 0.0, 0.0, 0.0, 0.0, 0.0, 0.0, 0.0014988112961873412, 0.0, 0.05168250948190689, 0.0, 0.0, 0.0, 0.0, 0.0, 0.0, 0.0, 0.0]",pca
54,beta,35.0,0.054,0.2641395659539723,0.277191254505418,0.262764776185502,0.5,0.5484035589873306,0.688307558040634,6.0,"[8, 9, 13, 14, 24, 26]","[0.0, 0.0, 0.0, 0.0, 0.0, 0.0, 0.0, 0.0, 0.006394521798938513, 0.0045672268606722355, 0.0, 0.0, 0.0, 0.03061133250594139, 0.03770142421126366, 0.0, 0.0, 2.9637161787832156e-05, 0.0, 0.0, 0.0, 0.0, 0.0, 0.0, 0.06035451591014862, 0.0, 0.04215298965573311, 0.0, 0.0, 0.0]",pca
54,beta,26.0,0.054,0.270311608064977,0.2778689690088576,0.2654970926980505,0.5,0.5710270822687787,0.6886951026006509,0.0,[],"[0.0, 0.0, 0.0, 0.0, 0.0, 0.0, 0.0, 0.0, 0.0, 0.0, 0.0, 0.0, 0.0, 0.0, 0.0, 0.0, 0.0, 0.0, 0.0, 0.0, 0.0, 0.0, 0.0, 0.0, 0.0, 0.0, 0.0, 0.0, 0.0, 0.0]",pca
54,beta,22.0,0.054,0.2837419185874003,0.3046494117796562,0.2749774755660054,0.5,0.4992868004252284,0.693452020507852,0.0,[],"[0.0, 0.0, 0.0, 0.0, 0.0, 0.0, 0.0, 0.0, 0.0, 0.0, 0.0, 0.0, 0.0, 0.0, 0.0, 0.0, 0.0, 0.0, 0.0, 0.0, 0.0, 0.0, 0.0, 0.0, 0.0, 0.0, 0.0, 0.0, 0.0, 0.0]",pca
54,beta,24.0,0.054,0.2900763593641032,0.2991071781878257,0.267648075177116,0.5,0.5854136776661885,0.7563785270205644,2.0,"[20, 28]","[0.0, 0.0, 0.0, 0.0, 0.0, 0.0, 0.0, 0.0, 0.0, 0.0, 0.0, 0.0, 0.0, 0.0, 0.0, 0.0, 0.0, 0.0, 0.0, 0.0, 0.02806299366056919, 0.0, 0.0, 0.0, 0.0, 0.0, 0.0, 0.0, 0.0416659377515316, 0.0]",pca
54,beta,27.0,0.054,0.2628555518187883,0.2615293557691809,0.24719511054147,0.5,0.6090891541933952,0.7288028629128059,1.0,[29],"[0.0, 0.0, 0.0, 0.0, 0.0, 0.0, 0.0, 0.0, 0.0, 0.0, 0.0, 0.0, 0.0, 0.0, 0.0, 0.0, 0.0, 0.0, 0.0, 0.0, 0.0, 0.0, 0.0, 0.0, 0.0, 0.0, 0.0, 0.0, 0.0, 0.009326423518359661]",pca
54,beta,20.0,0.054,0.2628800830739616,0.2615029455907067,0.2323294784508527,0.5,0.5906329035839862,0.7876596138424526,3.0,"[3, 10, 28]","[0.0, 0.0, 0.0, 0.00484790513291955, 0.0, 0.0, 0.0, 0.0, 0.0, 0.0, 0.015029954724013805, 0.0, 0.0, 0.0, 0.0, 0.0, 0.0, 0.0, 0.0, 0.0, 0.0, 0.0, 0.0, 0.0, 0.0, 0.0, 0.0, 0.0, 0.01622433215379715, 0.0]",pca
54,beta,23.0,0.054,0.2748753888481758,0.2788819919583407,0.2496776738101272,0.5,0.5886102268490637,0.7494909518483467,22.0,"[0, 1, 3, 4, 5, 6, 9, 10, 11, 13, 15, 16, 17, 18, 19, 20, 21, 22, 23, 26, 27, 29]","[0.07513498514890671, 0.20732887089252472, 0.0, 0.020176192745566368, 0.07484506815671921, 0.03321611508727074, 0.02197897806763649, 0.0, 0.0, 0.024302277714014053, 0.10312177240848541, 0.039318669587373734, 0.0, 0.08435134589672089, 0.0, 0.09357502311468124, 0.18761253356933594, 0.006266820710152388, 0.168699711561203, 0.0161320511251688, 0.04544345661997795, 0.040533095598220825, 0.0850658267736435, 0.041794855147600174, 0.0, 0.0, 0.12626615166664124, 0.07030373811721802, 0.0, 0.10159819573163986]",pca
54,beta,29.0,0.054,0.2810209321620384,0.2988276637453995,0.2746945505463359,0.5,0.5077633516262883,0.6764823986079507,3.0,"[7, 9, 20]","[0.0, 0.0, 0.0, 0.0, 0.0, 0.0, 0.0, 0.011378337629139423, 0.0, 0.027006518095731735, 0.0, 0.0, 0.0, 0.0, 0.0, 0.0, 0.0, 0.0, 0.0, 0.0, 0.0012519304873421788, 0.0, 0.0, 0.0, 0.0, 0.0, 0.0, 0.0, 0.0, 0.0]",pca
54,beta,7.0,0.054,0.2606414142992545,0.2660151309374284,0.2307748701211958,0.5,0.5319323841144171,0.7681889286170349,7.0,"[3, 5, 8, 10, 17, 24, 27]","[0.0, 0.0, 0.0, 0.004798864480108023, 0.0, 0.033849239349365234, 0.0, 0.0, 0.013182621449232101, 0.0, 0.0379515141248703, 0.0, 0.0, 0.0, 0.0, 0.0, 0.0, 0.09375905245542526, 0.0, 0.0, 0.0, 0.0, 0.0, 0.0, 0.010563687421381474, 0.0, 0.0, 0.015824036672711372, 0.0, 0.0]",pca
54,beta,25.0,0.054,0.2845510566600645,0.2913358577766932,0.2565600432720882,0.5,0.5862418006859121,0.7822595145340124,1.0,[24],"[0.0, 0.0, 0.0, 0.0, 0.0, 0.0, 0.0, 0.0, 0.0, 0.0, 0.0, 0.0, 0.0, 0.0, 0.0, 0.0, 0.0, 0.0, 0.0, 0.0, 0.0, 0.0, 0.0, 0.0, 0.005680957809090614, 0.0, 0.0, 0.0, 0.0, 0.0]",pca
54,beta,4.0,0.054,0.2610414052572765,0.2678962264611476,0.2499853219253323,0.5,0.569220712518093,0.679934942646807,2.0,"[20, 23]","[0.0, 0.0, 0.0, 0.0, 0.0, 0.0, 0.0, 0.0, 0.0, 0.0, 0.0, 0.0, 0.0, 0.0, 0.0, 0.0, 0.0, 0.0, 0.0, 0.0, 0.006437893025577068, 0.0, 0.0, 0.01897447556257248, 0.0, 0.0, 0.0, 0.0, 0.0, 0.0]",pca
54,beta,21.0,0.054,0.257452525628104,0.2566803725771483,0.2380867774203774,0.5,0.6018066427273588,0.7089135170976604,3.0,"[5, 15, 27]","[0.0, 0.0, 0.0, 0.0, 0.0, 0.036606740206480026, 0.0, 0.0, 0.0, 0.0, 0.0, 0.0, 0.0, 0.0, 0.0, 0.039609622210264206, 0.0, 0.0, 0.0, 0.0, 0.0, 0.0, 0.0, 0.0, 0.0, 0.0, 0.0, 0.024867914617061615, 0.0, 0.0]",pca
54,beta,9.0,0.054,0.2573521289492059,0.2608492913457901,0.259113065756694,0.5,0.6115793918918919,0.6633445945945946,3.0,"[3, 27, 28]","[0.0, 0.0, 0.0, 0.009276262484490871, 0.0, 0.0, 0.0, 0.0, 0.0, 0.0, 0.0, 0.0, 0.0, 0.0, 0.0, 0.0, 0.0, 0.0, 0.0, 0.0, 0.0, 0.0, 0.0, 0.0, 0.0, 0.0, 0.0, 0.007133892271667719, 0.004201385658234358, 0.0]",pca
54,beta,13.0,0.054,0.2576909067500987,0.2529829403700694,0.22642803312439,0.5,0.6561267547367551,0.7659270801731983,3.0,"[3, 18, 25]","[0.0, 0.0, 0.0, 0.017875388264656067, 0.0, 0.0, 0.0, 0.0, 0.0, 0.0, 0.0, 0.0, 0.0, 0.0, 0.0, 0.0, 0.0, 0.0, 0.014472104609012604, 0.0, 0.0, 0.0, 0.0, 0.0, 0.0, 0.046093910932540894, 0.0, 0.0, 0.0, 0.0]",pca
54,beta,36.0,0.054,0.2630909489506219,0.267453714671273,0.2434711967842777,0.5,0.5659757516830924,0.7597928728215554,12.0,"[0, 1, 4, 8, 9, 10, 13, 16, 18, 19, 24, 25]","[0.020273776724934578, 0.025552766397595406, 0.0, 0.0, 0.048860546201467514, 0.0, 0.0, 0.0, 0.09463222324848175, 0.0742352232336998, 0.10717596113681793, 0.0, 0.0, 0.06916504353284836, 0.0, 0.0, 0.05039229243993759, 0.0, 0.11919198930263519, 0.040291931480169296, 0.0, 0.0, 0.0, 0.0, 0.006192110478878021, 0.09530172497034073, 0.0, 0.0, 0.0, 0.0]",pca
54,beta,31.0,0.054,0.2531002750801421,0.2573536054418309,0.237421548585206,0.5,0.4806025140875595,0.7418996532293021,1.0,[20],"[0.0, 0.0, 0.0, 0.0, 0.0, 0.0, 0.0, 0.0, 0.0, 0.0, 0.0, 0.0, 0.0, 0.0, 0.0, 0.0, 0.0, 0.0, 0.0, 0.0, 0.041545357555150986, 0.0, 0.0, 0.0, 0.0, 0.0, 0.0, 0.0, 0.0, 0.0]",pca
54,beta,14.0,0.054,0.2685810422970259,0.2767156150162104,0.2595585018826446,0.5,0.5706202867497511,0.6514475589443994,0.0,[],"[0.0, 0.0, 0.0, 0.0, 0.0, 0.0, 0.0, 0.0, 0.0, 0.0, 0.0, 0.0, 0.0, 0.0, 0.0, 0.0, 0.0, 0.0, 0.0, 0.0, 0.0, 0.0, 0.0, 0.0, 0.0, 0.0, 0.0, 0.0, 0.0, 0.0]",pca
54,beta,33.0,0.054,0.2870289956026625,0.3096909152707764,0.2774727615313928,0.5,0.516122060857538,0.677004091747349,9.0,"[0, 4, 10, 14, 18, 20, 22, 23, 27]","[0.025007469579577446, 0.0, 0.0, 0.0, 0.051225919276475906, 0.0, 0.0, 0.0, 0.0, 0.0, 0.062490351498126984, 0.0, 0.0, 0.0, 0.05868065729737282, 0.0, 0.0, 0.0, 0.008473622612655163, 0.0, 0.013678187504410744, 0.0, 0.045037105679512024, 0.006717050448060036, 0.0, 0.0, 0.0, 0.010576806031167507, 0.0, 0.0]",pca
54,beta,19.0,0.054,0.2603054890140719,0.2585797741158689,0.2445493557354293,0.5,0.619239997177334,0.7404117564039235,0.0,[],"[0.0, 0.0, 0.0, 0.0, 0.0, 0.0, 0.0, 0.0, 0.0, 0.0, 0.0, 0.0, 0.0, 0.0, 0.0, 0.0, 0.0, 0.0, 0.0, 0.0, 0.0, 0.0, 0.0, 0.0, 0.0, 0.0, 0.0, 0.0, 0.0, 0.0]",pca
54,beta,44.0,0.054,0.2454320928907148,0.2443068358168985,0.2350719896595392,0.5,0.573564636064636,0.6797779922779923,0.0,[],"[0.0, 0.0, 0.0, 0.0, 0.0, 0.0, 0.0, 0.0, 0.0, 0.0, 0.0, 0.0, 0.0, 0.0, 0.0, 0.0, 0.0, 0.0, 0.0, 0.0, 0.0, 0.0, 0.0, 0.0, 0.0, 0.0, 0.0, 0.0, 0.0, 0.0]",pca
54,beta,34.0,0.054,0.2561244901463063,0.2600009540622886,0.2420038634555372,0.5,0.5232020943483394,0.7144910425542839,8.0,"[1, 2, 7, 10, 11, 14, 18, 22]","[0.0, 0.015691015869379044, 0.013255895115435123, 0.0, 0.0, 0.0, 0.0, 0.010212864726781845, 0.0, 0.0, 0.013559822924435139, 0.029247263446450233, 0.0, 0.0, 0.042264971882104874, 0.0, 0.0, 0.0, 0.0063416603952646255, 0.0, 0.0, 0.0, 0.02225201018154621, 0.0, 0.0, 0.0, 0.0, 0.0, 0.0, 0.0]",pca
54,beta,37.0,0.054,0.2671380845044079,0.2698477255390873,0.2568269880352834,0.5,0.590795238817067,0.681160989482954,19.0,"[0, 1, 3, 5, 6, 7, 8, 9, 10, 11, 15, 17, 18, 23, 25, 26, 27, 28, 29]","[0.03412416949868202, 0.04699763283133507, 0.0, 0.01955105923116207, 0.0, 0.12300077080726624, 0.018538745120167732, 0.03248397633433342, 0.06623848527669907, 0.017344577237963676, 0.049995340406894684, 0.1134825125336647, 0.0, 0.0, 0.0, 0.138227179646492, 0.0, 0.030078012496232986, 0.043661363422870636, 0.0, 0.0, 0.0, 0.0, 0.059808969497680664, 0.0, 0.037714049220085144, 0.016354607418179512, 0.01519804634153843, 0.005114730913192034, 0.023412242531776428]",pca
54,beta,56.0,0.054,0.2385518382470563,0.2368415661847172,0.2419780163621978,0.5,0.5571996235490955,0.596988392763777,17.0,"[0, 7, 9, 10, 11, 12, 13, 15, 17, 20, 21, 22, 23, 24, 26, 28, 29]","[0.045765604823827744, 0.0, 0.0, 0.0, 0.0, 0.0, 0.0, 0.034350838512182236, 0.0, 0.15783639252185822, 0.0664214938879013, 0.1083914265036583, 0.07437826693058014, 0.04108503833413124, 0.00020484473498072475, 0.056570593267679214, 0.0, 0.006603354122489691, 0.0, 0.0, 0.027722137048840523, 0.087775819003582, 0.03289810195565224, 0.054368097335100174, 0.06162726506590843, 0.0, 0.004146351478993893, 0.0, 0.06967306137084961, 0.12577243149280548]",pca
54,beta,38.0,0.054,0.2764934480530646,0.2874560306968496,0.2747568860262788,0.5,0.562104915026195,0.6435760404687276,0.0,[],"[0.0, 0.0, 0.0, 0.0, 0.0, 0.0, 0.0, 0.0, 0.0, 0.0, 0.0, 0.0, 0.0, 0.0, 0.0, 0.0, 0.0, 0.0, 0.0, 0.0, 0.0, 0.0, 0.0, 0.0, 0.0, 0.0, 0.0, 0.0, 0.0, 0.0]",pca
54,beta,32.0,0.054,0.2565291715759179,0.2501939974533648,0.2348503299560365,0.5,0.5481308097587168,0.7341185945837108,0.0,[],"[0.0, 0.0, 0.0, 0.0, 0.0, 0.0, 0.0, 0.0, 0.0, 0.0, 0.0, 0.0, 0.0, 0.0, 0.0, 0.0, 0.0, 0.0, 0.0, 0.0, 0.0, 0.0, 0.0, 0.0, 0.0, 0.0, 0.0, 0.0, 0.0, 0.0]",pca
54,beta,39.0,0.054,0.2836646824132109,0.2990913353893162,0.2724014135169649,0.5,0.5256794024307432,0.7303385579068445,0.0,[],"[0.0, 0.0, 0.0, 0.0, 0.0, 0.0, 0.0, 0.0, 0.0, 0.0, 0.0, 0.0, 0.0, 0.0, 0.0, 0.0, 0.0, 0.0, 0.0, 0.0, 0.0, 0.0, 0.0, 0.0, 0.0, 0.0, 0.0, 0.0, 0.0, 0.0]",pca
54,beta,58.0,0.054,0.2776984109677508,0.2902583182972239,0.2728187781635123,0.5,0.5409589155719187,0.6939098541265724,23.0,"[0, 1, 2, 3, 5, 7, 8, 9, 10, 11, 13, 14, 15, 16, 17, 19, 21, 22, 23, 25, 26, 27, 29]","[0.00882771797478199, 0.15676188468933105, 0.06826775521039963, 0.12576182186603546, 0.0, 0.14977598190307617, 0.0, 0.10223440080881119, 0.08713851869106293, 0.0213656947016716, 0.07843011617660522, 0.0884329155087471, 0.0, 0.034839779138565063, 0.19013164937496185, 0.08243006467819214, 0.05994877219200134, 0.10297985374927521, 0.0, 0.06600018590688705, 0.0, 0.03966553509235382, 0.03721978887915611, 0.10853902995586395, 0.0, 0.04143260419368744, 0.05926372855901718, 0.10803863406181335, 0.0, 0.16387689113616943]",pca
54,beta,57.0,0.054,0.2716365086065577,0.2774155886385541,0.2529933216067312,0.5,0.5939208069242827,0.7432631363729298,13.0,"[0, 1, 7, 9, 11, 12, 13, 16, 19, 22, 23, 25, 27]","[0.0021794454660266638, 0.010873754508793354, 0.0, 0.0, 0.0, 0.0, 0.0, 0.04749210178852081, 0.0, 0.16675430536270142, 0.0, 0.1201314777135849, 0.02151983231306076, 0.12368594855070114, 0.0, 0.0, 0.12150079756975174, 0.0, 0.0, 0.11354606598615646, 0.0, 0.0, 0.015471609309315681, 0.049001820385456085, 0.0, 0.0774788111448288, 0.0, 0.004386532120406628, 0.0, 0.0]",pca
54,beta,45.0,0.054,0.2788619810388606,0.2856205074282529,0.2737298220335241,0.5,0.6329047748131511,0.6163045863506693,7.0,"[0, 1, 2, 3, 16, 20, 25]","[0.01835627853870392, 0.10951827466487885, 0.028828511014580727, 0.02515082247555256, 0.0, 0.0, 0.0, 0.0, 0.0, 0.0, 0.0, 0.0, 0.0, 0.0, 0.0, 0.0, 0.029658986255526543, 0.0, 0.0, 0.0, 0.0038770611863583326, 0.0, 0.0, 0.0, 0.0, 0.06480347365140915, 0.0, 0.0005216462886892259, 0.0, 0.0]",pca
54,beta,42.0,0.054,0.2542277574731195,0.2544966362822702,0.2277410290303788,0.5,0.6170359040909652,0.7795003707823508,6.0,"[3, 13, 16, 20, 27, 28]","[0.0, 0.0, 0.0, 0.029564857482910156, 0.0, 0.0, 0.0, 0.0, 0.0, 0.0, 0.0, 0.0, 0.0, 0.01795467548072338, 0.0, 0.0, 0.04769088327884674, 0.0, 0.0, 0.0, 0.005135959479957819, 0.0, 0.0, 0.0, 0.0, 0.0, 0.0, 0.010509305633604527, 0.02458423748612404, 0.0]",pca
54,beta,40.0,0.054,0.2685871728842996,0.2855364342279729,0.2597349765451411,0.5,0.4751374965190754,0.6987085769980507,9.0,"[1, 2, 9, 11, 16, 21, 22, 24, 25]","[0.0, 0.09276594966650009, 0.09665020555257797, 0.0, 0.0, 0.0, 0.0, 0.0, 0.0, 0.04307747632265091, 0.0, 0.033738210797309875, 0.0, 0.0, 0.0, 0.0, 0.013903073966503143, 0.0, 0.0, 0.0, 0.0, 0.008326931856572628, 0.09489995241165161, 0.0, 0.00172857113648206, 0.08990214765071869, 0.0, 0.0, 0.0, 0.0]",pca
54,beta,52.0,0.054,0.2660503348001611,0.2747881230267292,0.2662698967309331,0.5,0.5309645923041058,0.6631263541866651,1.0,[6],"[0.0, 0.0, 0.0, 0.0, 0.0, 0.0, 0.041836854070425034, 0.0, 0.0, 0.0, 0.0, 0.0, 0.0, 0.0, 0.0, 0.0, 0.0, 0.0, 0.0, 0.0, 0.0, 0.0, 0.0, 0.0, 0.0, 0.0, 0.0, 0.0, 0.0, 0.0]",pca
54,beta,43.0,0.054,0.2788020331952037,0.2885110466452057,0.256117523072123,0.5,0.5885302371357513,0.7644336272593064,5.0,"[7, 11, 18, 22, 29]","[0.0, 0.0, 0.0, 0.0, 0.0, 0.0, 0.0, 0.008680426515638828, 0.0, 0.0, 0.0, 0.09699876606464386, 0.0, 0.0, 0.0, 0.0, 0.0, 0.0, 0.05641673877835274, 0.0, 0.0, 0.0, 0.050557296723127365, 0.0, 0.0, 0.0, 0.0, 0.0, 0.0, 0.03357939422130585]",pca
54,beta,46.0,0.054,0.2624517538374725,0.2723697249893927,0.2470014951256239,0.5,0.5228409090909091,0.7055984848484849,0.0,[],"[0.0, 0.0, 0.0, 0.0, 0.0, 0.0, 0.0, 0.0, 0.0, 0.0, 0.0, 0.0, 0.0, 0.0, 0.0, 0.0, 0.0, 0.0, 0.0, 0.0, 0.0, 0.0, 0.0, 0.0, 0.0, 0.0, 0.0, 0.0, 0.0, 0.0]",pca
54,beta,48.0,0.054,0.2498031228428828,0.2530513014469549,0.2442190578358687,0.5,0.5629727580403544,0.6496088476262691,5.0,"[10, 16, 17, 28, 29]","[0.0, 0.0, 0.0, 0.0, 0.0, 0.0, 0.0, 0.0, 0.0, 0.0, 0.02032812498509884, 0.0, 0.0, 0.0, 0.0, 0.0, 0.02808712050318718, 0.0023265620693564415, 0.0, 0.0, 0.0, 0.0, 0.0, 0.0, 0.0, 0.0, 0.0, 0.0, 0.04007261246442795, 0.002587453695014119]",pca
54,beta,49.0,0.054,0.2582229900942229,0.2597201314684466,0.2293184556179876,0.5,0.5452803030303031,0.7621363636363635,0.0,[],"[0.0, 0.0, 0.0, 0.0, 0.0, 0.0, 0.0, 0.0, 0.0, 0.0, 0.0, 0.0, 0.0, 0.0, 0.0, 0.0, 0.0, 0.0, 0.0, 0.0, 0.0, 0.0, 0.0, 0.0, 0.0, 0.0, 0.0, 0.0, 0.0, 0.0]",pca
54,beta,66.0,0.054,0.2964394033951187,0.3224954190409393,0.2978405434493187,0.5,0.5102017212640746,0.6493723849372385,16.0,"[2, 4, 6, 8, 11, 12, 13, 14, 16, 19, 20, 23, 24, 27, 28, 29]","[0.0, 0.0, 0.006467918399721384, 0.0, 0.19468161463737488, 0.0, 0.1741141527891159, 0.0, 0.10204503685235977, 0.0, 0.0, 0.02458682470023632, 0.05383260175585747, 0.008484391495585442, 0.09263759106397629, 0.0, 0.18679945170879364, 0.0, 0.0, 0.0066527388989925385, 0.0415160097181797, 0.0, 0.0, 0.125372052192688, 0.06108403578400612, 0.0, 0.0, 0.14711689949035645, 0.017448535189032555, 0.23631320893764496]",pca
54,beta,41.0,0.054,0.2522182548186293,0.2566719547001531,0.2449699658844111,0.5,0.4964099216710183,0.6253065907112905,0.0,[],"[0.0, 0.0, 0.0, 0.0, 0.0, 0.0, 0.0, 0.0, 0.0, 0.0, 0.0, 0.0, 0.0, 0.0, 0.0, 0.0, 0.0, 0.0, 0.0, 0.0, 0.0, 0.0, 0.0, 0.0, 0.0, 0.0, 0.0, 0.0, 0.0, 0.0]",pca
54,beta,51.0,0.054,0.2653632416970451,0.2803790860314156,0.262178927430329,0.5,0.4510293560137797,0.643656562659678,8.0,"[1, 3, 11, 13, 14, 19, 23, 25]","[0.0, 0.03212834522128105, 0.0, 0.0015330363530665636, 0.0, 0.0, 0.0, 0.0, 0.0, 0.0, 0.0, 0.036320701241493225, 0.0, 0.08286652714014053, 0.0893959254026413, 0.0, 0.0, 0.0, 0.0, 0.08154391497373581, 0.0, 0.0, 0.0, 0.007822097279131413, 0.0, 0.14192131161689758, 0.0, 0.0, 0.0, 0.0]",pca
54,beta,47.0,0.054,0.244301186216428,0.2471959695438087,0.2412045589947304,0.5,0.5301834775168742,0.6532940393573533,1.0,[16],"[0.0, 0.0, 0.0, 0.0, 0.0, 0.0, 0.0, 0.0, 0.0, 0.0, 0.0, 0.0, 0.0, 0.0, 0.0, 0.0, 0.04990141838788986, 0.0, 0.0, 0.0, 0.0, 0.0, 0.0, 0.0, 0.0, 0.0, 0.0, 0.0, 0.0, 0.0]",pca
54,beta,50.0,0.054,0.2806971732872111,0.2937165317340022,0.2709308717614273,0.5,0.5547957063711911,0.6974982686980608,0.0,[],"[0.0, 0.0, 0.0, 0.0, 0.0, 0.0, 0.0, 0.0, 0.0, 0.0, 0.0, 0.0, 0.0, 0.0, 0.0, 0.0, 0.0, 0.0, 0.0, 0.0, 0.0, 0.0, 0.0, 0.0, 0.0, 0.0, 0.0, 0.0, 0.0, 0.0]",pca
54,beta,53.0,0.054,0.2828400882942902,0.2988441562715645,0.2773426351390513,0.5,0.5557471073832179,0.6507310280807611,8.0,"[4, 5, 11, 15, 16, 19, 23, 25]","[0.0, 0.0, 0.0, 0.0, 0.10750143229961395, 0.08869600296020508, 0.0, 0.0, 0.0, 0.0, 6.0834092437289655e-05, 0.0688486397266388, 0.0, 0.0, 0.0, 0.021054349839687347, 0.09951729327440262, 0.0, 0.0, 0.11853669583797455, 0.0, 0.0, 0.0, 0.06546678394079208, 0.0, 0.043983157724142075, 0.0, 0.0, 0.0, 0.0]",pca
54,beta,54.0,0.054,0.2668239239096532,0.261450216970319,0.2300719870767037,0.5,0.5889085008255992,0.7766184592609462,16.0,"[1, 8, 9, 10, 12, 15, 16, 18, 19, 20, 22, 24, 25, 27, 28, 29]","[0.0, 0.15983803570270538, 0.0, 0.0, 0.0, 0.0002212125837104395, 0.0, 0.0, 0.013907124288380146, 0.05723674222826958, 0.10832919180393219, 0.0, 0.1606856733560562, 0.0, 0.0, 0.09498577564954758, 0.03736713528633118, 0.0, 0.11627265065908432, 0.11428698897361755, 0.1628963202238083, 0.0, 0.027387456968426704, 0.0, 0.06326029449701309, 0.03994785249233246, 0.0, 0.06765588372945786, 0.09938210248947144, 0.1097317636013031]",pca
54,beta,55.0,0.054,0.2890981446017616,0.3079935103187905,0.2947285125647685,0.5,0.5393158424270568,0.6210432629053478,19.0,"[0, 1, 2, 3, 4, 5, 6, 7, 9, 11, 12, 13, 15, 17, 18, 19, 20, 24, 27]","[0.025815946981310844, 0.003502926556393504, 0.04895193874835968, 0.08398604393005371, 0.04962943121790886, 0.06789908558130264, 0.010497858747839928, 0.057109106332063675, 0.0, 0.059259768575429916, 0.0, 0.08671741932630539, 0.027564533054828644, 0.05652330443263054, 0.0, 0.02596716396510601, 0.0, 0.037131417542696, 0.0484519861638546, 0.04343903437256813, 0.006650787312537432, 0.0, 0.0, 0.0, 0.017002549022436142, 0.0, 0.0, 0.12715959548950195, 0.0, 0.0]",pca
54,beta,60.0,0.054,0.2702979227225785,0.2784063908829987,0.2589606669810055,0.5,0.5827444134078212,0.723449720670391,24.0,"[1, 2, 3, 4, 5, 6, 7, 8, 9, 12, 13, 14, 15, 16, 17, 18, 19, 20, 21, 22, 23, 24, 25, 27]","[0.0, 0.019105685874819756, 0.07452214509248734, 0.04536277800798416, 0.023099996149539948, 0.04880475997924805, 0.03944617509841919, 0.112602598965168, 0.061514049768447876, 0.06068742275238037, 0.0, 0.0, 0.0698673203587532, 0.030684897676110268, 0.005957266315817833, 0.00579637847840786, 0.05486970767378807, 0.06427458673715591, 0.1125582605600357, 0.03539631515741348, 0.10516492277383804, 0.013864757493138313, 0.0078775305300951, 0.031020211055874825, 0.07220381498336792, 0.02181650511920452, 0.0, 0.11462437361478806, 0.0, 0.0]",pca
54,beta,59.0,0.054,0.2913336328429276,0.3077924683147598,0.2871812873101925,0.5,0.5769395054093855,0.7034751397769943,0.0,[],"[0.0, 0.0, 0.0, 0.0, 0.0, 0.0, 0.0, 0.0, 0.0, 0.0, 0.0, 0.0, 0.0, 0.0, 0.0, 0.0, 0.0, 0.0, 0.0, 0.0, 0.0, 0.0, 0.0, 0.0, 0.0, 0.0, 0.0, 0.0, 0.0, 0.0]",pca
54,beta,62.0,0.054,0.2614724580336114,0.2607418017438114,0.2446871857501042,0.5,0.5706354300385109,0.6991896662387677,2.0,"[3, 8]","[0.0, 0.0, 0.0, 0.006140079349279404, 0.0, 0.0, 0.0, 0.0, 0.00666429940611124, 0.0, 0.0, 0.0, 0.0, 0.0, 0.0, 0.0, 0.0, 0.0, 0.0, 0.0, 0.0, 0.0, 0.0, 0.0, 0.0, 0.0, 0.0, 0.0, 0.0, 0.0]",pca
54,beta,68.0,0.054,0.2666116929138221,0.2716700927224827,0.2498914289159228,0.5,0.5379961634941715,0.7031756016868201,10.0,"[3, 4, 5, 8, 9, 15, 19, 20, 23, 26]","[0.0, 0.0, 0.0, 0.012176602147519588, 0.01344228908419609, 0.16370652616024017, 0.0, 0.0, 0.01064298301935196, 0.012417659163475037, 0.0, 0.0, 0.0, 0.0, 0.0, 0.054458122700452805, 0.0, 0.0, 0.0, 0.01232136134058237, 0.05914304405450821, 0.0, 0.0, 0.02188582345843315, 0.0, 0.0, 0.04833202064037323, 0.0, 0.0, 0.0]",pca
54,beta,64.0,0.054,0.2608413222087862,0.266630541445648,0.2570661521103127,0.5,0.5822053714344726,0.6863737285072546,6.0,"[5, 13, 14, 17, 24, 29]","[0.0, 0.0, 0.0, 0.0, 0.0, 0.09094756841659546, 0.0, 0.0, 0.0, 0.0, 0.0, 0.0, 0.0, 0.05353010073304176, 0.03645618259906769, 0.0, 0.0, 0.007586673833429813, 0.0, 0.0, 0.0, 0.0, 0.0, 0.0, 0.03317037597298622, 0.0, 0.0, 0.0, 0.0, 0.007862674072384834]",pca
54,beta,63.0,0.054,0.2736141996295413,0.2849278515125376,0.2544385319180273,0.5,0.544439061721114,0.7226235861575078,22.0,"[1, 2, 3, 4, 5, 6, 7, 8, 9, 10, 11, 15, 16, 17, 18, 20, 21, 22, 23, 25, 26, 29]","[0.0, 0.0468064546585083, 0.034264836460351944, 0.1540108621120453, 0.08806047588586807, 0.05694580078125, 0.16222798824310303, 0.1789395809173584, 0.174113929271698, 0.012764975428581238, 0.050905101001262665, 0.013980037532746792, 0.0, 0.0, 0.0, 0.1647302210330963, 0.1735433042049408, 0.07025977969169617, 0.11162347346544266, 0.0, 0.12710799276828766, 0.1350528597831726, 0.06950875371694565, 0.11534987390041351, 0.0, 0.08803541958332062, 0.0446728952229023, 0.0, 0.0, 0.08116000890731812]",pca
54,beta,71.0,0.054,0.2826573604985781,0.2815187150694883,0.2699477115747839,0.5,0.6232638888888888,0.6923466435185185,4.0,"[9, 15, 24, 25]","[0.0, 0.0, 0.0, 0.0, 0.0, 0.0, 0.0, 0.0, 0.0, 0.012765436433255672, 0.0, 0.0, 0.0, 0.0, 0.0, 0.02268540859222412, 0.0, 0.0, 0.0, 0.0, 0.0, 0.0, 0.0, 0.0, 0.008829464204609394, 0.0019068189430981874, 0.0, 0.0, 0.0, 0.0]",pca
54,beta,61.0,0.054,0.2666808908116042,0.2787953789513775,0.2570149628137127,0.5,0.5541045766503622,0.6701171652826754,7.0,"[4, 5, 7, 19, 20, 25, 29]","[0.0, 0.0, 0.0, 0.0, 0.00510178878903389, 0.09113828837871552, 0.0, 0.052635349333286285, 0.0, 0.0, 0.0, 0.0, 0.0, 0.0, 0.0, 0.0, 0.0, 0.0, 0.0, 0.02829643525183201, 0.06336725503206253, 0.0, 0.0, 0.0, 0.0, 0.05341526120901108, 0.0, 0.0, 0.0, 0.014100042171776295]",pca
54,beta,70.0,0.054,0.2652010620051332,0.2652523568396527,0.2548925317540848,0.5,0.5881964243288191,0.7049106082204799,8.0,"[1, 7, 13, 16, 17, 20, 21, 24]","[0.0, 0.022075334563851357, 0.0, 0.0, 0.0, 0.0, 0.0, 0.01728014275431633, 0.0, 0.0, 0.0, 0.0, 0.0, 0.06326664984226227, 0.0, 0.0, 0.011562910862267017, 0.007251802831888199, 0.0, 0.0, 0.04400171712040901, 0.020935626700520515, 0.0, 0.0, 0.032029278576374054, 0.0, 0.0, 0.0, 0.0, 0.0]",pca
54,beta,67.0,0.054,0.2464821566014883,0.245145309780352,0.2280899468363706,0.5,0.5837266287947431,0.7348466344676526,4.0,"[0, 22, 23, 26]","[0.035216737538576126, 0.0, 0.0, 0.0, 0.0, 0.0, 0.0, 0.0, 0.0, 0.0, 0.0, 0.0, 0.0, 0.0, 0.0, 0.0, 0.0, 0.0, 0.0, 0.0, 0.0, 0.0, 0.0010400020983070135, 0.0070228492841124535, 0.0, 0.0, 0.059382908046245575, 0.0, 0.0, 0.0]",pca
54,beta,65.0,0.054,0.2811275984066043,0.2936760819548088,0.2698054784506646,0.5,0.558298706124793,0.6987061247930813,6.0,"[6, 7, 17, 18, 21, 22]","[0.0, 0.0, 0.0, 0.0, 0.0, 0.0, 0.1443612426519394, 0.0013115896144881845, 0.0, 0.0, 0.0, 0.0, 0.0, 0.0, 0.0, 0.0, 0.0, 0.02528458833694458, 0.010271626524627209, 0.0, 0.0, 0.17954087257385254, 0.009853547438979149, 0.0, 0.0, 0.0, 0.0, 0.0, 0.0, 0.0]",pca
54,beta,69.0,0.054,0.2828113872021442,0.2933967642697681,0.2632300171399966,0.5,0.5851696375426836,0.7327402023746123,9.0,"[0, 2, 4, 6, 9, 10, 14, 20, 21]","[0.048340462148189545, 0.0, 0.027607448399066925, 0.0, 0.0341944582760334, 0.0, 0.0842379778623581, 0.0, 0.0, 0.010825679637491703, 0.04403628408908844, 0.0, 0.0, 0.0, 0.05192133039236069, 0.0, 0.0, 0.0, 0.0, 0.0, 0.041073027998209, 0.01531648077070713, 0.0, 0.0, 0.0, 0.0, 0.0, 0.0, 0.0, 0.0]",pca
54,beta,81.0,0.054,0.2479528338967687,0.252182922250828,0.2385871362175443,0.5,0.5274895789338377,0.6336375488917863,17.0,"[0, 4, 5, 6, 8, 9, 10, 12, 15, 16, 17, 18, 20, 21, 23, 24, 26]","[0.15198104083538055, 0.0, 0.0, 0.0, 0.013444256037473679, 0.13654866814613342, 0.06985002756118774, 0.0, 0.0900052934885025, 0.056893184781074524, 0.084451824426651, 0.0, 0.0026352654676884413, 0.0, 0.0, 0.0669647753238678, 0.013626927509903908, 0.03066941164433956, 0.09871456772089005, 0.0, 0.1239030584692955, 0.1472567468881607, 0.0, 0.057810913771390915, 0.1461469531059265, 0.0, 0.047057315707206726, 0.0, 0.00030300073558464646, 0.0]",pca
54,beta,75.0,0.054,0.2529070486887824,0.2442235271843282,0.2206793915807417,0.5,0.6132189939004394,0.7877205351872498,0.0,[],"[0.0, 0.0, 0.0, 0.0, 0.0, 0.0, 0.0, 0.0, 0.0, 0.0, 0.0, 0.0, 0.0, 0.0, 0.0, 0.0, 0.0, 0.0, 0.0, 0.0, 0.0, 0.0, 0.0, 0.0, 0.0, 0.0, 0.0, 0.0, 0.0, 0.0]",pca
54,beta,82.0,0.054,0.2676561896061871,0.2828164453389342,0.2555625737405411,0.5,0.5578031891414699,0.6954176782167291,12.0,"[3, 4, 5, 6, 8, 11, 14, 16, 17, 23, 26, 28]","[0.0, 0.0, 0.0, 0.093468576669693, 0.0037662715185433626, 0.0045506577007472515, 0.09939675033092499, 0.0, 0.04538067802786827, 0.0, 0.0, 0.12332312762737274, 0.0, 0.0, 0.006822387222200632, 0.0, 0.12126732617616653, 0.148224338889122, 0.0, 0.0, 0.0, 0.0, 0.0, 0.00981214176863432, 0.0, 0.0, 0.030745748430490494, 0.0, 0.037369873374700546, 0.0]",pca
54,beta,73.0,0.054,0.2588080057372539,0.2605700263814213,0.238746134854032,0.5,0.5798933627505056,0.7193013421584851,12.0,"[1, 3, 4, 5, 8, 10, 13, 15, 17, 18, 22, 27]","[0.0, 0.15503163635730743, 0.0, 0.053254880011081696, 0.036267418414354324, 0.05811052396893501, 0.0, 0.0, 0.05872267857193947, 0.0, 0.11475318670272827, 0.0, 0.0, 0.041613541543483734, 0.0, 0.010357208549976349, 0.0, 0.056623686105012894, 0.06101079285144806, 0.0, 0.0, 0.0, 0.16042006015777588, 0.0, 0.0, 0.0, 0.0, 0.06515851616859436, 0.0, 0.0]",pca
54,beta,88.0,0.054,0.278952940337224,0.2900466018878506,0.2780482786421303,0.5,0.5941158749503609,0.6539362153723964,23.0,"[0, 2, 3, 5, 6, 7, 9, 10, 11, 13, 14, 15, 16, 18, 19, 20, 23, 24, 25, 26, 27, 28, 29]","[0.17635339498519897, 0.0, 0.009036730043590069, 0.13233530521392822, 0.0, 0.016344275325536728, 0.05837858095765114, 0.14461591839790344, 0.0, 0.22685551643371582, 0.014611076563596725, 0.025605084374547005, 0.0, 0.008090431801974773, 0.02820715121924877, 0.023799054324626923, 0.029082363471388817, 0.0, 0.05149740353226662, 0.08905208110809326, 0.03560715168714523, 0.0, 0.0, 0.21352717280387878, 0.02161293290555477, 0.06806625425815582, 0.1992681920528412, 0.03909336403012276, 0.01992560178041458, 0.08244001865386963]",pca
54,beta,87.0,0.054,0.2697926649544018,0.2727671717317829,0.2599071031368151,0.5,0.5929841235218047,0.6917641743140707,4.0,"[0, 6, 16, 19]","[0.03258122503757477, 0.0, 0.0, 0.0, 0.0, 0.0, 0.07238997519016266, 0.0, 0.0, 0.0, 0.0, 0.0, 0.0, 0.0, 0.0, 0.0, 0.03671412542462349, 0.0, 0.0, 0.02795008383691311, 0.0, 0.0, 0.0, 0.0, 0.0, 0.0, 0.0, 0.0, 0.0, 0.0]",pca
54,beta,80.0,0.054,0.2894505653834459,0.2995603603371783,0.2730703750342674,0.5,0.5564765291182359,0.7205964084023068,2.0,"[18, 22]","[0.0, 0.0, 0.0, 0.0, 0.0, 0.0, 0.0, 0.0, 0.0, 0.0, 0.0, 0.0, 0.0, 0.0, 0.0, 0.0, 0.0, 0.0, 0.013756298460066319, 0.0, 0.0, 0.0, 0.06194857135415077, 0.0, 0.0, 0.0, 0.0, 0.0, 0.0, 0.0]",pca
54,beta,90.0,0.054,0.2848047938573605,0.3048086414620909,0.2762767117950302,0.5,0.5194359323572807,0.7099719101123595,10.0,"[1, 6, 7, 10, 13, 16, 20, 22, 27, 29]","[0.0, 0.033498845994472504, 0.0, 0.0, 0.0, 0.0, 0.0440194271504879, 0.03352053463459015, 0.0, 0.0, 0.07537871599197388, 0.0, 0.0, 0.044162727892398834, 0.0, 0.0, 0.10960323363542557, 0.0, 0.0, 0.0, 0.13677749037742615, 0.0, 0.09092405438423157, 0.0, 0.0, 0.0, 0.0, 0.031256601214408875, 0.0, 0.06450158357620239]",pca
54,beta,92.0,0.054,0.2864095892037767,0.3057068864847854,0.2776187017379908,0.5,0.5511115205109309,0.7191721935642349,5.0,"[8, 9, 16, 27, 29]","[0.0, 0.0, 0.0, 0.0, 0.0, 0.0, 0.0, 0.0, 0.04475012794137001, 0.06846290826797485, 0.0, 0.0, 0.0, 0.0, 0.0, 0.0, 0.09024961292743683, 0.0, 0.0, 0.0, 0.0, 0.0, 0.0, 0.0, 0.0, 0.0, 0.0005266572698019445, 0.03793661296367645, 0.0, 0.02587069384753704]",pca
54,beta,74.0,0.054,0.2749523706804635,0.2887671869496925,0.2688020711178263,0.5,0.5277091228648323,0.6775965288076016,11.0,"[1, 2, 3, 9, 13, 14, 18, 25, 26, 27, 28]","[0.0, 0.07504977285861969, 0.059724196791648865, 0.021251453086733818, 0.0, 0.0, 0.0, 0.0, 0.0, 0.14408962428569794, 0.0, 0.0, 0.0, 0.009185184724628925, 0.16466112434864044, 0.0, 0.0, 0.0, 0.013526766560971737, 0.0, 0.0, 0.0, 0.0, 0.0, 0.0, 0.10312946140766144, 0.1298520565032959, 0.08423158526420593, 0.06704261898994446, 0.0]",pca
54,beta,83.0,0.054,0.2792181290810143,0.2848799948093335,0.2577100463513179,0.5,0.614604656240618,0.7716436038101475,2.0,"[20, 22]","[0.0, 0.0, 0.0, 0.0, 0.0, 0.0, 0.0, 0.0, 0.0, 0.0, 0.0, 0.0, 0.0, 0.0, 0.0, 0.0, 0.0, 0.0, 0.0, 0.0, 0.0036564862821251154, 0.0, 0.0019823757465928793, 0.0, 0.0, 0.0, 0.0, 0.0, 0.0, 0.0]",pca
54,beta,93.0,0.054,0.2544727022289703,0.2617454088212829,0.2412255085856844,0.5,0.5254037800687286,0.6863573883161511,15.0,"[0, 2, 3, 5, 7, 8, 11, 14, 19, 20, 24, 25, 26, 27, 28]","[0.017632730305194855, 0.0, 0.06805000454187393, 0.039389003068208694, 0.0, 0.05061505734920502, 0.0, 0.07685214281082153, 0.021149372681975365, 0.0, 0.0, 0.116982601583004, 0.0, 0.0, 0.15401406586170197, 0.0, 0.0, 0.0, 0.0, 0.02590334229171276, 0.15371417999267578, 0.0, 0.0, 0.0, 0.02263593301177025, 0.05830949917435646, 0.0207610372453928, 0.05868804082274437, 0.009212813340127468, 0.0]",pca
54,beta,76.0,0.054,0.2473275424999337,0.2360383535033644,0.2263194292983491,0.5,0.6374848059841047,0.7668723702664797,11.0,"[1, 2, 4, 10, 13, 18, 24, 25, 26, 27, 28]","[0.0, 0.12886358797550201, 0.10132616013288498, 0.0, 0.09998192638158798, 0.0, 0.0, 0.0, 0.0, 0.0, 0.031513556838035583, 0.0, 0.0, 0.042362432926893234, 0.0, 0.0, 0.0, 0.0, 0.004684219136834145, 0.0, 0.0, 0.0, 0.0, 0.0, 0.05205255746841431, 0.03800671175122261, 0.051814354956150055, 0.00832251738756895, 0.01894223690032959, 0.0]",pca
54,beta,94.0,0.054,0.2619885292554274,0.2654857551018414,0.2588554441137793,0.5,0.5838802296964725,0.6872802648540958,7.0,"[5, 10, 11, 14, 16, 18, 22]","[0.0, 0.0, 0.0, 0.0, 0.0, 0.04730652645230293, 0.0, 0.0, 0.0, 0.0, 0.027009490877389908, 0.06265854090452194, 0.0, 0.0, 0.05775366351008415, 0.000786062388215214, 0.014291838742792606, 0.0, 0.016075313091278076, 0.0, 0.0, 0.0, 0.0030551962554454803, 0.0, 0.0, 0.0, 0.0, 0.0, 0.0, 0.0]",pca
54,beta,86.0,0.054,0.2621396651297328,0.2603117858767016,0.2522549558612048,0.5,0.6487404248598279,0.659257823436928,9.0,"[6, 10, 11, 13, 15, 18, 19, 21, 23]","[0.0, 0.0, 0.0, 0.0, 0.0, 0.0, 0.06631626188755035, 0.0, 0.0, 0.0, 0.0752086341381073, 0.05912558734416962, 0.0, 0.008808298036456108, 0.0, 0.03349180147051811, 0.0, 0.0, 0.004771612584590912, 0.1130717322230339, 0.0, 0.008498778566718102, 0.0, 0.06489510089159012, 0.0, 0.0, 0.0, 0.0, 0.0, 0.0]",pca
54,beta,84.0,0.054,0.2634244110774574,0.2655807626576091,0.2528135408585179,0.5,0.5758402903811253,0.6986860254083485,2.0,"[20, 27]","[0.0, 0.0, 0.0, 0.0, 0.0, 0.0, 0.0, 0.0, 0.0, 0.0, 0.0, 0.0, 0.0, 0.0, 0.0, 0.0, 0.0, 0.0, 0.0, 0.0, 0.011688468046486378, 0.0, 0.0, 0.0, 0.0, 0.0, 0.0, 0.03311844542622566, 0.0, 0.0]",pca
54,beta,79.0,0.054,0.2614380484129981,0.2686225943974654,0.2520379359901009,0.5,0.5362808174950793,0.7131765456398447,5.0,"[4, 17, 18, 19, 23]","[0.0, 0.0, 0.0, 0.0, 0.050240255892276764, 0.0, 0.0, 0.0, 0.0, 0.0, 0.0, 0.0, 0.0, 0.0, 0.0, 0.0, 0.0, 0.016048641875386238, 0.0862225890159607, 0.0038547180593013763, 0.0, 0.0, 0.0, 0.051010292023420334, 0.0, 0.0, 0.0, 0.0, 0.0, 0.0]",pca
54,beta,78.0,0.054,0.2773358384199397,0.2887072442135551,0.2635300148711408,0.5,0.5240661440147573,0.7265103102971211,13.0,"[1, 3, 5, 7, 8, 9, 11, 12, 14, 20, 21, 22, 26]","[0.0, 0.004341914318501949, 0.0, 0.1259276270866394, 0.0, 0.0043379515409469604, 0.0, 0.04617469385266304, 0.1100020483136177, 0.06329316645860672, 0.0, 0.02685868926346302, 0.0024461105931550264, 0.0, 0.07590561360120773, 0.0, 0.0, 0.0, 0.0, 0.0, 0.010958674363791943, 0.00787992775440216, 0.025647126138210297, 0.0, 0.0, 0.0, 0.03943164646625519, 0.0, 0.0, 0.0]",pca
54,beta,89.0,0.054,0.2596992895569409,0.2578659291246081,0.2402358093839172,0.5,0.61148291913919,0.7275167685420664,1.0,[15],"[0.0, 0.0, 0.0, 0.0, 0.0, 0.0, 0.0, 0.0, 0.0, 0.0, 0.0, 0.0, 0.0, 0.0, 0.0, 0.005644382443279028, 0.0, 0.0, 0.0, 0.0, 0.0, 0.0, 0.0, 0.0, 0.0, 0.0, 0.0, 0.0, 0.0, 0.0]",pca
54,beta,72.0,0.054,0.2747818731992664,0.2886924695010278,0.2617746976579077,0.5,0.5651110050131296,0.740696533248455,0.0,[],"[0.0, 0.0, 0.0, 0.0, 0.0, 0.0, 0.0, 0.0, 0.0, 0.0, 0.0, 0.0, 0.0, 0.0, 0.0, 0.0, 0.0, 0.0, 0.0, 0.0, 0.0, 0.0, 0.0, 0.0, 0.0, 0.0, 0.0, 0.0, 0.0, 0.0]",pca
54,beta,91.0,0.054,0.2613877580512725,0.2581458826138646,0.2415441381599359,0.5,0.5638727238595833,0.7281537450722734,8.0,"[5, 7, 11, 14, 18, 20, 27, 29]","[0.0, 0.0, 0.0, 0.0, 0.0, 0.11335945129394531, 0.0, 0.049025390297174454, 0.0, 0.0, 0.0, 0.018761269748210907, 0.0, 0.0, 0.08026518672704697, 0.0, 0.0, 0.0, 0.010715843178331852, 0.0, 0.008207683451473713, 0.0, 0.0, 0.0, 0.0, 0.0, 0.0, 0.008199810981750488, 0.0, 0.010813305154442787]",pca
54,beta,96.0,0.054,0.2629617523966815,0.2619525804294986,0.2390436420607292,0.5,0.5824397684956705,0.7590739826820405,3.0,"[5, 14, 26]","[0.0, 0.0, 0.0, 0.0, 0.0, 0.006462674587965012, 0.0, 0.0, 0.0, 0.0, 0.0, 0.0, 0.0, 0.0, 0.014059816487133503, 0.0, 0.0, 0.0, 0.0, 0.0, 0.0, 0.0, 0.0, 0.0, 0.0, 0.0, 0.05809350684285164, 0.0, 0.0, 0.0]",pca
54,beta,85.0,0.054,0.2484045978567504,0.2465677162774161,0.2231808722555356,0.5,0.5385326311938617,0.7576848651718925,0.0,[],"[0.0, 0.0, 0.0, 0.0, 0.0, 0.0, 0.0, 0.0, 0.0, 0.0, 0.0, 0.0, 0.0, 0.0, 0.0, 0.0, 0.0, 0.0, 0.0, 0.0, 0.0, 0.0, 0.0, 0.0, 0.0, 0.0, 0.0, 0.0, 0.0, 0.0]",pca
54,beta,77.0,0.054,0.2575431052026183,0.2575154471625063,0.2352981427614061,0.5,0.5790750580072708,0.7418430818299309,0.0,[],"[0.0, 0.0, 0.0, 0.0, 0.0, 0.0, 0.0, 0.0, 0.0, 0.0, 0.0, 0.0, 0.0, 0.0, 0.0, 0.0, 0.0, 0.0, 0.0, 0.0, 0.0, 0.0, 0.0, 0.0, 0.0, 0.0, 0.0, 0.0, 0.0, 0.0]",pca
54,beta,1.0,0.0594,0.2785951027486996,0.2902501426716141,0.2666578547814904,0.5,0.5665864533937292,0.7028735225422889,0.0,[],"[0.0, 0.0, 0.0, 0.0, 0.0, 0.0, 0.0, 0.0, 0.0, 0.0, 0.0, 0.0, 0.0, 0.0, 0.0, 0.0, 0.0, 0.0, 0.0, 0.0, 0.0, 0.0, 0.0, 0.0, 0.0, 0.0, 0.0, 0.0, 0.0, 0.0]",pca
54,beta,97.0,0.054,0.2473490428177531,0.2437460954059964,0.2277981179803498,0.5,0.566830171393671,0.6970550062984311,0.0,[],"[0.0, 0.0, 0.0, 0.0, 0.0, 0.0, 0.0, 0.0, 0.0, 0.0, 0.0, 0.0, 0.0, 0.0, 0.0, 0.0, 0.0, 0.0, 0.0, 0.0, 0.0, 0.0, 0.0, 0.0, 0.0, 0.0, 0.0, 0.0, 0.0, 0.0]",pca
54,beta,95.0,0.054,0.2575904294361886,0.2557878175799961,0.2409874811541798,0.5,0.5849950396825396,0.7435102513227514,0.0,[],"[0.0, 0.0, 0.0, 0.0, 0.0, 0.0, 0.0, 0.0, 0.0, 0.0, 0.0, 0.0, 0.0, 0.0, 0.0, 0.0, 0.0, 0.0, 0.0, 0.0, 0.0, 0.0, 0.0, 0.0, 0.0, 0.0, 0.0, 0.0, 0.0, 0.0]",pca
54,beta,98.0,0.054,0.258827379377024,0.2494272212154708,0.2428563173689757,0.5,0.5913145973929925,0.7017349234230069,1.0,[24],"[0.0, 0.0, 0.0, 0.0, 0.0, 0.0, 0.0, 0.0, 0.0, 0.0, 0.0, 0.0, 0.0, 0.0, 0.0, 0.0, 0.0, 0.0, 0.0, 0.0, 0.0, 0.0, 0.0, 0.0, 0.014069950208067894, 0.0, 0.0, 0.0, 0.0, 0.0]",pca
54,beta,0.0,0.0594,0.281572739545136,0.2897992539503829,0.2641241221785683,0.5,0.5996241954759471,0.7376279679198283,0.0,[],"[0.0, 0.0, 0.0, 0.0, 0.0, 0.0, 0.0, 0.0, 0.0, 0.0, 0.0, 0.0, 0.0, 0.0, 0.0, 0.0, 0.0, 0.0, 0.0, 0.0, 0.0, 0.0, 0.0, 0.0, 0.0, 0.0, 0.0, 0.0, 0.0, 0.0]",pca
54,beta,3.0,0.0594,0.2600613681646652,0.2699348220259572,0.2605042675816451,0.5,0.5614374557665376,0.6561610625065879,0.0,[],"[0.0, 0.0, 0.0, 0.0, 0.0, 0.0, 0.0, 0.0, 0.0, 0.0, 0.0, 0.0, 0.0, 0.0, 0.0, 0.0, 0.0, 0.0, 0.0, 0.0, 0.0, 0.0, 0.0, 0.0, 0.0, 0.0, 0.0, 0.0, 0.0, 0.0]",pca
54,beta,2.0,0.0594,0.2495620960358432,0.2434427663431785,0.2247386394553109,0.5,0.6279682750759878,0.7574483915906788,0.0,[],"[0.0, 0.0, 0.0, 0.0, 0.0, 0.0, 0.0, 0.0, 0.0, 0.0, 0.0, 0.0, 0.0, 0.0, 0.0, 0.0, 0.0, 0.0, 0.0, 0.0, 0.0, 0.0, 0.0, 0.0, 0.0, 0.0, 0.0, 0.0, 0.0, 0.0]",pca
54,beta,99.0,0.054,0.2754971048104321,0.2805070202785323,0.2599806218536937,0.5,0.5871627967226918,0.7516305579843906,16.0,"[1, 4, 5, 7, 9, 13, 14, 17, 18, 20, 21, 24, 25, 26, 27, 28]","[0.0, 0.08162982016801834, 0.0, 0.0, 0.08066610246896744, 0.03155907988548279, 0.0, 0.03865152224898338, 0.0, 0.09600412100553513, 0.0, 0.0, 0.0, 0.016856934875249863, 0.07800982892513275, 0.0, 0.0, 0.002911041025072336, 0.05224885046482086, 0.0, 0.010262946598231792, 0.14204315841197968, 0.0, 0.0, 0.08655855059623718, 0.13330969214439392, 0.07895814627408981, 0.005259456112980843, 0.0788147896528244, 0.0]",pca
54,beta,6.0,0.0594,0.2747260658349709,0.2769866175233411,0.2524391188969828,0.5,0.6008714811891608,0.72540121020784,1.0,[26],"[0.0, 0.0, 0.0, 0.0, 0.0, 0.0, 0.0, 0.0, 0.0, 0.0, 0.0, 0.0, 0.0, 0.0, 0.0, 0.0, 0.0, 0.0, 0.0, 0.0, 0.0, 0.0, 0.0, 0.0, 0.0, 0.0, 0.06547106057405472, 0.0, 0.0, 0.0]",pca
54,beta,9.0,0.0594,0.2573521289492059,0.2608492913457901,0.2590735257589847,0.5,0.6115793918918919,0.6633868243243243,0.0,[],"[0.0, 0.0, 0.0, 0.0, 0.0, 0.0, 0.0, 0.0, 0.0, 0.0, 0.0, 0.0, 0.0, 0.0, 0.0, 0.0, 0.0, 0.0, 0.0, 0.0, 0.0, 0.0, 0.0, 0.0, 0.0, 0.0, 0.0, 0.0, 0.0, 0.0]",pca
54,beta,4.0,0.0594,0.2610414052572765,0.2678962264611476,0.2496580303332549,0.5,0.569220712518093,0.6818493097383698,0.0,[],"[0.0, 0.0, 0.0, 0.0, 0.0, 0.0, 0.0, 0.0, 0.0, 0.0, 0.0, 0.0, 0.0, 0.0, 0.0, 0.0, 0.0, 0.0, 0.0, 0.0, 0.0, 0.0, 0.0, 0.0, 0.0, 0.0, 0.0, 0.0, 0.0, 0.0]",pca
54,beta,11.0,0.0594,0.2601588292036993,0.261959193222247,0.2542627472837432,0.5,0.640718342060624,0.7087985839663692,0.0,[],"[0.0, 0.0, 0.0, 0.0, 0.0, 0.0, 0.0, 0.0, 0.0, 0.0, 0.0, 0.0, 0.0, 0.0, 0.0, 0.0, 0.0, 0.0, 0.0, 0.0, 0.0, 0.0, 0.0, 0.0, 0.0, 0.0, 0.0, 0.0, 0.0, 0.0]",pca
54,beta,13.0,0.0594,0.2576909067500987,0.2529829403700694,0.2258617646952894,0.5,0.6561267547367551,0.7671336771560164,0.0,[],"[0.0, 0.0, 0.0, 0.0, 0.0, 0.0, 0.0, 0.0, 0.0, 0.0, 0.0, 0.0, 0.0, 0.0, 0.0, 0.0, 0.0, 0.0, 0.0, 0.0, 0.0, 0.0, 0.0, 0.0, 0.0, 0.0, 0.0, 0.0, 0.0, 0.0]",pca
54,beta,7.0,0.0594,0.2606414142992545,0.2660151309374284,0.2312487640863332,0.5,0.5319323841144171,0.7651162048269697,0.0,[],"[0.0, 0.0, 0.0, 0.0, 0.0, 0.0, 0.0, 0.0, 0.0, 0.0, 0.0, 0.0, 0.0, 0.0, 0.0, 0.0, 0.0, 0.0, 0.0, 0.0, 0.0, 0.0, 0.0, 0.0, 0.0, 0.0, 0.0, 0.0, 0.0, 0.0]",pca
54,beta,8.0,0.0594,0.2638855809846538,0.2725429616536821,0.2739620898657634,0.5,0.5986706122024119,0.6031019048610389,0.0,[],"[0.0, 0.0, 0.0, 0.0, 0.0, 0.0, 0.0, 0.0, 0.0, 0.0, 0.0, 0.0, 0.0, 0.0, 0.0, 0.0, 0.0, 0.0, 0.0, 0.0, 0.0, 0.0, 0.0, 0.0, 0.0, 0.0, 0.0, 0.0, 0.0, 0.0]",pca
54,beta,5.0,0.0594,0.2616193070017826,0.2684446490871227,0.2590899895093879,0.5,0.6163379080064133,0.6721974611299883,0.0,[],"[0.0, 0.0, 0.0, 0.0, 0.0, 0.0, 0.0, 0.0, 0.0, 0.0, 0.0, 0.0, 0.0, 0.0, 0.0, 0.0, 0.0, 0.0, 0.0, 0.0, 0.0, 0.0, 0.0, 0.0, 0.0, 0.0, 0.0, 0.0, 0.0, 0.0]",pca
54,beta,10.0,0.0594,0.2711055500199741,0.2819676250852603,0.260618501966416,0.5,0.5443998811645869,0.716815210932858,0.0,[],"[0.0, 0.0, 0.0, 0.0, 0.0, 0.0, 0.0, 0.0, 0.0, 0.0, 0.0, 0.0, 0.0, 0.0, 0.0, 0.0, 0.0, 0.0, 0.0, 0.0, 0.0, 0.0, 0.0, 0.0, 0.0, 0.0, 0.0, 0.0, 0.0, 0.0]",pca
54,beta,35.0,0.0594,0.2641395659539723,0.277191254505418,0.262875590808511,0.5,0.5484035589873306,0.6892320663870953,0.0,[],"[0.0, 0.0, 0.0, 0.0, 0.0, 0.0, 0.0, 0.0, 0.0, 0.0, 0.0, 0.0, 0.0, 0.0, 0.0, 0.0, 0.0, 0.0, 0.0, 0.0, 0.0, 0.0, 0.0, 0.0, 0.0, 0.0, 0.0, 0.0, 0.0, 0.0]",pca
54,beta,15.0,0.0594,0.2717116111576571,0.2729533950950198,0.2537533813401605,0.5,0.5854673108863053,0.7242035331420806,0.0,[],"[0.0, 0.0, 0.0, 0.0, 0.0, 0.0, 0.0, 0.0, 0.0, 0.0, 0.0, 0.0, 0.0, 0.0, 0.0, 0.0, 0.0, 0.0, 0.0, 0.0, 0.0, 0.0, 0.0, 0.0, 0.0, 0.0, 0.0, 0.0, 0.0, 0.0]",pca
54,beta,21.0,0.0594,0.257452525628104,0.2566803725771483,0.2378992160567531,0.5,0.6018066427273588,0.7094301928061518,0.0,[],"[0.0, 0.0, 0.0, 0.0, 0.0, 0.0, 0.0, 0.0, 0.0, 0.0, 0.0, 0.0, 0.0, 0.0, 0.0, 0.0, 0.0, 0.0, 0.0, 0.0, 0.0, 0.0, 0.0, 0.0, 0.0, 0.0, 0.0, 0.0, 0.0, 0.0]",pca
54,beta,16.0,0.0594,0.2756864568525844,0.2806376440135098,0.2473868803445494,0.5,0.5937119113573407,0.781814404432133,0.0,[],"[0.0, 0.0, 0.0, 0.0, 0.0, 0.0, 0.0, 0.0, 0.0, 0.0, 0.0, 0.0, 0.0, 0.0, 0.0, 0.0, 0.0, 0.0, 0.0, 0.0, 0.0, 0.0, 0.0, 0.0, 0.0, 0.0, 0.0, 0.0, 0.0, 0.0]",pca
54,beta,18.0,0.0594,0.252771114290939,0.255262114573614,0.2419046935009354,0.5,0.6159530341629107,0.6939463714155072,0.0,[],"[0.0, 0.0, 0.0, 0.0, 0.0, 0.0, 0.0, 0.0, 0.0, 0.0, 0.0, 0.0, 0.0, 0.0, 0.0, 0.0, 0.0, 0.0, 0.0, 0.0, 0.0, 0.0, 0.0, 0.0, 0.0, 0.0, 0.0, 0.0, 0.0, 0.0]",pca
54,beta,17.0,0.0594,0.2637836925627149,0.2674946480732597,0.2467216172151373,0.5,0.5986029254475581,0.7327117556373508,0.0,[],"[0.0, 0.0, 0.0, 0.0, 0.0, 0.0, 0.0, 0.0, 0.0, 0.0, 0.0, 0.0, 0.0, 0.0, 0.0, 0.0, 0.0, 0.0, 0.0, 0.0, 0.0, 0.0, 0.0, 0.0, 0.0, 0.0, 0.0, 0.0, 0.0, 0.0]",pca
54,beta,33.0,0.0594,0.2870289956026625,0.3096909152707764,0.2779540613548842,0.5,0.516122060857538,0.6763773628400185,0.0,[],"[0.0, 0.0, 0.0, 0.0, 0.0, 0.0, 0.0, 0.0, 0.0, 0.0, 0.0, 0.0, 0.0, 0.0, 0.0, 0.0, 0.0, 0.0, 0.0, 0.0, 0.0, 0.0, 0.0, 0.0, 0.0, 0.0, 0.0, 0.0, 0.0, 0.0]",pca
54,beta,19.0,0.0594,0.2603054890140719,0.2585797741158689,0.2451469965586995,0.5,0.619239997177334,0.7388857525933243,0.0,[],"[0.0, 0.0, 0.0, 0.0, 0.0, 0.0, 0.0, 0.0, 0.0, 0.0, 0.0, 0.0, 0.0, 0.0, 0.0, 0.0, 0.0, 0.0, 0.0, 0.0, 0.0, 0.0, 0.0, 0.0, 0.0, 0.0, 0.0, 0.0, 0.0, 0.0]",pca
54,beta,24.0,0.0594,0.2900763593641032,0.2991071781878257,0.2672495530109575,0.5,0.5854136776661885,0.7577594452415113,0.0,[],"[0.0, 0.0, 0.0, 0.0, 0.0, 0.0, 0.0, 0.0, 0.0, 0.0, 0.0, 0.0, 0.0, 0.0, 0.0, 0.0, 0.0, 0.0, 0.0, 0.0, 0.0, 0.0, 0.0, 0.0, 0.0, 0.0, 0.0, 0.0, 0.0, 0.0]",pca
54,beta,38.0,0.0594,0.2764934480530646,0.2874560306968496,0.2755032843257281,0.5,0.562104915026195,0.6417645688171316,0.0,[],"[0.0, 0.0, 0.0, 0.0, 0.0, 0.0, 0.0, 0.0, 0.0, 0.0, 0.0, 0.0, 0.0, 0.0, 0.0, 0.0, 0.0, 0.0, 0.0, 0.0, 0.0, 0.0, 0.0, 0.0, 0.0, 0.0, 0.0, 0.0, 0.0, 0.0]",pca
54,beta,14.0,0.0594,0.2685810422970259,0.2767156150162104,0.2597285796402829,0.5,0.5706202867497511,0.6504682909681362,0.0,[],"[0.0, 0.0, 0.0, 0.0, 0.0, 0.0, 0.0, 0.0, 0.0, 0.0, 0.0, 0.0, 0.0, 0.0, 0.0, 0.0, 0.0, 0.0, 0.0, 0.0, 0.0, 0.0, 0.0, 0.0, 0.0, 0.0, 0.0, 0.0, 0.0, 0.0]",pca
54,beta,37.0,0.0594,0.2671380845044079,0.2698477255390873,0.256977738372726,0.5,0.590795238817067,0.6831171456000923,0.0,[],"[0.0, 0.0, 0.0, 0.0, 0.0, 0.0, 0.0, 0.0, 0.0, 0.0, 0.0, 0.0, 0.0, 0.0, 0.0, 0.0, 0.0, 0.0, 0.0, 0.0, 0.0, 0.0, 0.0, 0.0, 0.0, 0.0, 0.0, 0.0, 0.0, 0.0]",pca
54,beta,20.0,0.0594,0.2628800830739616,0.2615029455907067,0.2322338690221921,0.5,0.5906329035839862,0.7880991302202207,0.0,[],"[0.0, 0.0, 0.0, 0.0, 0.0, 0.0, 0.0, 0.0, 0.0, 0.0, 0.0, 0.0, 0.0, 0.0, 0.0, 0.0, 0.0, 0.0, 0.0, 0.0, 0.0, 0.0, 0.0, 0.0, 0.0, 0.0, 0.0, 0.0, 0.0, 0.0]",pca
54,beta,25.0,0.0594,0.2845510566600645,0.2913358577766932,0.2564234303699276,0.5,0.5862418006859121,0.7840575367096194,0.0,[],"[0.0, 0.0, 0.0, 0.0, 0.0, 0.0, 0.0, 0.0, 0.0, 0.0, 0.0, 0.0, 0.0, 0.0, 0.0, 0.0, 0.0, 0.0, 0.0, 0.0, 0.0, 0.0, 0.0, 0.0, 0.0, 0.0, 0.0, 0.0, 0.0, 0.0]",pca
54,beta,23.0,0.0594,0.2748753888481758,0.2788819919583407,0.2495696192857301,0.5,0.5886102268490637,0.7524663741432218,1.0,[1],"[0.0, 0.025666626170277596, 0.0, 0.0, 0.0, 0.0, 0.0, 0.0, 0.0, 0.0, 0.0, 0.0, 0.0, 0.0, 0.0, 0.0, 0.0, 0.0, 0.0, 0.0, 0.0, 0.0, 0.0, 0.0, 0.0, 0.0, 0.0, 0.0, 0.0, 0.0]",pca
54,beta,22.0,0.0594,0.2837419185874003,0.3046494117796562,0.2751128371616613,0.5,0.4992868004252284,0.6931425188055924,0.0,[],"[0.0, 0.0, 0.0, 0.0, 0.0, 0.0, 0.0, 0.0, 0.0, 0.0, 0.0, 0.0, 0.0, 0.0, 0.0, 0.0, 0.0, 0.0, 0.0, 0.0, 0.0, 0.0, 0.0, 0.0, 0.0, 0.0, 0.0, 0.0, 0.0, 0.0]",pca
54,beta,12.0,0.0594,0.2597641048530327,0.2622171893718359,0.2621905074782538,0.5,0.5787281399046105,0.6491653418124007,0.0,[],"[0.0, 0.0, 0.0, 0.0, 0.0, 0.0, 0.0, 0.0, 0.0, 0.0, 0.0, 0.0, 0.0, 0.0, 0.0, 0.0, 0.0, 0.0, 0.0, 0.0, 0.0, 0.0, 0.0, 0.0, 0.0, 0.0, 0.0, 0.0, 0.0, 0.0]",pca
54,beta,29.0,0.0594,0.2810209321620384,0.2988276637453995,0.2752453982473528,0.5,0.5077633516262883,0.6752703044364132,0.0,[],"[0.0, 0.0, 0.0, 0.0, 0.0, 0.0, 0.0, 0.0, 0.0, 0.0, 0.0, 0.0, 0.0, 0.0, 0.0, 0.0, 0.0, 0.0, 0.0, 0.0, 0.0, 0.0, 0.0, 0.0, 0.0, 0.0, 0.0, 0.0, 0.0, 0.0]",pca
54,beta,40.0,0.0594,0.2685871728842996,0.2855364342279729,0.2601596597213224,0.5,0.4751374965190754,0.695828111946533,0.0,[],"[0.0, 0.0, 0.0, 0.0, 0.0, 0.0, 0.0, 0.0, 0.0, 0.0, 0.0, 0.0, 0.0, 0.0, 0.0, 0.0, 0.0, 0.0, 0.0, 0.0, 0.0, 0.0, 0.0, 0.0, 0.0, 0.0, 0.0, 0.0, 0.0, 0.0]",pca
54,beta,34.0,0.0594,0.2561244901463063,0.2600009540622886,0.2423087708582529,0.5,0.5232020943483394,0.7151925808052291,0.0,[],"[0.0, 0.0, 0.0, 0.0, 0.0, 0.0, 0.0, 0.0, 0.0, 0.0, 0.0, 0.0, 0.0, 0.0, 0.0, 0.0, 0.0, 0.0, 0.0, 0.0, 0.0, 0.0, 0.0, 0.0, 0.0, 0.0, 0.0, 0.0, 0.0, 0.0]",pca
54,beta,36.0,0.0594,0.2630909489506219,0.267453714671273,0.2441601859839476,0.5,0.5659757516830924,0.7576199525640459,0.0,[],"[0.0, 0.0, 0.0, 0.0, 0.0, 0.0, 0.0, 0.0, 0.0, 0.0, 0.0, 0.0, 0.0, 0.0, 0.0, 0.0, 0.0, 0.0, 0.0, 0.0, 0.0, 0.0, 0.0, 0.0, 0.0, 0.0, 0.0, 0.0, 0.0, 0.0]",pca
54,beta,26.0,0.0594,0.270311608064977,0.2778689690088576,0.2657930039190139,0.5,0.5710270822687787,0.6884261624936125,0.0,[],"[0.0, 0.0, 0.0, 0.0, 0.0, 0.0, 0.0, 0.0, 0.0, 0.0, 0.0, 0.0, 0.0, 0.0, 0.0, 0.0, 0.0, 0.0, 0.0, 0.0, 0.0, 0.0, 0.0, 0.0, 0.0, 0.0, 0.0, 0.0, 0.0, 0.0]",pca
54,beta,27.0,0.0594,0.2628555518187883,0.2615293557691809,0.2469853718818899,0.5,0.6090891541933952,0.7308520432406747,0.0,[],"[0.0, 0.0, 0.0, 0.0, 0.0, 0.0, 0.0, 0.0, 0.0, 0.0, 0.0, 0.0, 0.0, 0.0, 0.0, 0.0, 0.0, 0.0, 0.0, 0.0, 0.0, 0.0, 0.0, 0.0, 0.0, 0.0, 0.0, 0.0, 0.0, 0.0]",pca
54,beta,30.0,0.0594,0.2555378502535331,0.2554948845890617,0.2475237172857263,0.5,0.5473332739016622,0.6878459531084115,0.0,[],"[0.0, 0.0, 0.0, 0.0, 0.0, 0.0, 0.0, 0.0, 0.0, 0.0, 0.0, 0.0, 0.0, 0.0, 0.0, 0.0, 0.0, 0.0, 0.0, 0.0, 0.0, 0.0, 0.0, 0.0, 0.0, 0.0, 0.0, 0.0, 0.0, 0.0]",pca
54,beta,28.0,0.0594,0.2926307635963882,0.3070679499505309,0.277519814926519,0.5,0.5681177211205539,0.7165439093484419,0.0,[],"[0.0, 0.0, 0.0, 0.0, 0.0, 0.0, 0.0, 0.0, 0.0, 0.0, 0.0, 0.0, 0.0, 0.0, 0.0, 0.0, 0.0, 0.0, 0.0, 0.0, 0.0, 0.0, 0.0, 0.0, 0.0, 0.0, 0.0, 0.0, 0.0, 0.0]",pca
54,beta,42.0,0.0594,0.2542277574731195,0.2544966362822702,0.2278509090498578,0.5,0.6170359040909652,0.7800565443084908,0.0,[],"[0.0, 0.0, 0.0, 0.0, 0.0, 0.0, 0.0, 0.0, 0.0, 0.0, 0.0, 0.0, 0.0, 0.0, 0.0, 0.0, 0.0, 0.0, 0.0, 0.0, 0.0, 0.0, 0.0, 0.0, 0.0, 0.0, 0.0, 0.0, 0.0, 0.0]",pca
54,beta,31.0,0.0594,0.2531002750801421,0.2573536054418309,0.2380471251899248,0.5,0.4806025140875595,0.7384048547897702,0.0,[],"[0.0, 0.0, 0.0, 0.0, 0.0, 0.0, 0.0, 0.0, 0.0, 0.0, 0.0, 0.0, 0.0, 0.0, 0.0, 0.0, 0.0, 0.0, 0.0, 0.0, 0.0, 0.0, 0.0, 0.0, 0.0, 0.0, 0.0, 0.0, 0.0, 0.0]",pca
54,beta,39.0,0.0594,0.2836646824132109,0.2990913353893162,0.2727488838604783,0.5,0.5256794024307432,0.7294654859407697,0.0,[],"[0.0, 0.0, 0.0, 0.0, 0.0, 0.0, 0.0, 0.0, 0.0, 0.0, 0.0, 0.0, 0.0, 0.0, 0.0, 0.0, 0.0, 0.0, 0.0, 0.0, 0.0, 0.0, 0.0, 0.0, 0.0, 0.0, 0.0, 0.0, 0.0, 0.0]",pca
54,beta,32.0,0.0594,0.2565291715759179,0.2501939974533648,0.2348145337182991,0.5,0.5481308097587168,0.7361320849692943,0.0,[],"[0.0, 0.0, 0.0, 0.0, 0.0, 0.0, 0.0, 0.0, 0.0, 0.0, 0.0, 0.0, 0.0, 0.0, 0.0, 0.0, 0.0, 0.0, 0.0, 0.0, 0.0, 0.0, 0.0, 0.0, 0.0, 0.0, 0.0, 0.0, 0.0, 0.0]",pca
54,beta,43.0,0.0594,0.2788020331952037,0.2885110466452057,0.2562003011890446,0.5,0.5885302371357513,0.7645134261660617,0.0,[],"[0.0, 0.0, 0.0, 0.0, 0.0, 0.0, 0.0, 0.0, 0.0, 0.0, 0.0, 0.0, 0.0, 0.0, 0.0, 0.0, 0.0, 0.0, 0.0, 0.0, 0.0, 0.0, 0.0, 0.0, 0.0, 0.0, 0.0, 0.0, 0.0, 0.0]",pca
54,beta,41.0,0.0594,0.2522182548186293,0.2566719547001531,0.2452619284845627,0.5,0.4964099216710183,0.6243670385315294,0.0,[],"[0.0, 0.0, 0.0, 0.0, 0.0, 0.0, 0.0, 0.0, 0.0, 0.0, 0.0, 0.0, 0.0, 0.0, 0.0, 0.0, 0.0, 0.0, 0.0, 0.0, 0.0, 0.0, 0.0, 0.0, 0.0, 0.0, 0.0, 0.0, 0.0, 0.0]",pca
54,beta,48.0,0.0594,0.2498031228428828,0.2530513014469549,0.244128547369717,0.5,0.5629727580403544,0.6502284033955354,0.0,[],"[0.0, 0.0, 0.0, 0.0, 0.0, 0.0, 0.0, 0.0, 0.0, 0.0, 0.0, 0.0, 0.0, 0.0, 0.0, 0.0, 0.0, 0.0, 0.0, 0.0, 0.0, 0.0, 0.0, 0.0, 0.0, 0.0, 0.0, 0.0, 0.0, 0.0]",pca
54,beta,47.0,0.0594,0.244301186216428,0.2471959695438087,0.2409384497266325,0.5,0.5301834775168742,0.6546915105998667,0.0,[],"[0.0, 0.0, 0.0, 0.0, 0.0, 0.0, 0.0, 0.0, 0.0, 0.0, 0.0, 0.0, 0.0, 0.0, 0.0, 0.0, 0.0, 0.0, 0.0, 0.0, 0.0, 0.0, 0.0, 0.0, 0.0, 0.0, 0.0, 0.0, 0.0, 0.0]",pca
54,beta,45.0,0.0594,0.2788619810388606,0.2856205074282529,0.274376143689911,0.5,0.6329047748131511,0.6154139074984832,0.0,[],"[0.0, 0.0, 0.0, 0.0, 0.0, 0.0, 0.0, 0.0, 0.0, 0.0, 0.0, 0.0, 0.0, 0.0, 0.0, 0.0, 0.0, 0.0, 0.0, 0.0, 0.0, 0.0, 0.0, 0.0, 0.0, 0.0, 0.0, 0.0, 0.0, 0.0]",pca
54,beta,53.0,0.0594,0.2828400882942902,0.2988441562715645,0.2782272049279977,0.5,0.5557471073832179,0.6484301959354175,0.0,[],"[0.0, 0.0, 0.0, 0.0, 0.0, 0.0, 0.0, 0.0, 0.0, 0.0, 0.0, 0.0, 0.0, 0.0, 0.0, 0.0, 0.0, 0.0, 0.0, 0.0, 0.0, 0.0, 0.0, 0.0, 0.0, 0.0, 0.0, 0.0, 0.0, 0.0]",pca
54,beta,46.0,0.0594,0.2624517538374725,0.2723697249893927,0.2474210985567216,0.5,0.5228409090909091,0.7039772727272727,0.0,[],"[0.0, 0.0, 0.0, 0.0, 0.0, 0.0, 0.0, 0.0, 0.0, 0.0, 0.0, 0.0, 0.0, 0.0, 0.0, 0.0, 0.0, 0.0, 0.0, 0.0, 0.0, 0.0, 0.0, 0.0, 0.0, 0.0, 0.0, 0.0, 0.0, 0.0]",pca
54,beta,51.0,0.0594,0.2653632416970451,0.2803790860314156,0.26253833831383,0.5,0.4510293560137797,0.6415137879312335,0.0,[],"[0.0, 0.0, 0.0, 0.0, 0.0, 0.0, 0.0, 0.0, 0.0, 0.0, 0.0, 0.0, 0.0, 0.0, 0.0, 0.0, 0.0, 0.0, 0.0, 0.0, 0.0, 0.0, 0.0, 0.0, 0.0, 0.0, 0.0, 0.0, 0.0, 0.0]",pca
54,beta,54.0,0.0594,0.2668239239096532,0.261450216970319,0.229713998291083,0.5,0.5889085008255992,0.7800916699880429,0.0,[],"[0.0, 0.0, 0.0, 0.0, 0.0, 0.0, 0.0, 0.0, 0.0, 0.0, 0.0, 0.0, 0.0, 0.0, 0.0, 0.0, 0.0, 0.0, 0.0, 0.0, 0.0, 0.0, 0.0, 0.0, 0.0, 0.0, 0.0, 0.0, 0.0, 0.0]",pca
54,beta,44.0,0.0594,0.2454320928907148,0.2443068358168985,0.2348244648855735,0.5,0.573564636064636,0.6812794937794938,0.0,[],"[0.0, 0.0, 0.0, 0.0, 0.0, 0.0, 0.0, 0.0, 0.0, 0.0, 0.0, 0.0, 0.0, 0.0, 0.0, 0.0, 0.0, 0.0, 0.0, 0.0, 0.0, 0.0, 0.0, 0.0, 0.0, 0.0, 0.0, 0.0, 0.0, 0.0]",pca
54,beta,58.0,0.0594,0.2776984109677508,0.2902583182972239,0.2736781832147386,0.5,0.5409589155719187,0.6951928708894652,1.0,[14],"[0.0, 0.0, 0.0, 0.0, 0.0, 0.0, 0.0, 0.0, 0.0, 0.0, 0.0, 0.0, 0.0, 0.0, 0.009174326434731483, 0.0, 0.0, 0.0, 0.0, 0.0, 0.0, 0.0, 0.0, 0.0, 0.0, 0.0, 0.0, 0.0, 0.0, 0.0]",pca
54,beta,55.0,0.0594,0.2890981446017616,0.3079935103187905,0.2953440820871515,0.5,0.5393158424270568,0.620720790444496,0.0,[],"[0.0, 0.0, 0.0, 0.0, 0.0, 0.0, 0.0, 0.0, 0.0, 0.0, 0.0, 0.0, 0.0, 0.0, 0.0, 0.0, 0.0, 0.0, 0.0, 0.0, 0.0, 0.0, 0.0, 0.0, 0.0, 0.0, 0.0, 0.0, 0.0, 0.0]",pca
54,beta,56.0,0.0594,0.2385518382470563,0.2368415661847172,0.2418530831769594,0.5,0.5571996235490955,0.6006744745372791,0.0,[],"[0.0, 0.0, 0.0, 0.0, 0.0, 0.0, 0.0, 0.0, 0.0, 0.0, 0.0, 0.0, 0.0, 0.0, 0.0, 0.0, 0.0, 0.0, 0.0, 0.0, 0.0, 0.0, 0.0, 0.0, 0.0, 0.0, 0.0, 0.0, 0.0, 0.0]",pca
54,beta,50.0,0.0594,0.2806971732872111,0.2937165317340022,0.271223189593523,0.5,0.5547957063711911,0.6973612072945521,0.0,[],"[0.0, 0.0, 0.0, 0.0, 0.0, 0.0, 0.0, 0.0, 0.0, 0.0, 0.0, 0.0, 0.0, 0.0, 0.0, 0.0, 0.0, 0.0, 0.0, 0.0, 0.0, 0.0, 0.0, 0.0, 0.0, 0.0, 0.0, 0.0, 0.0, 0.0]",pca
54,beta,52.0,0.0594,0.2660503348001611,0.2747881230267292,0.2656837566689035,0.5,0.5309645923041058,0.6644428293244837,0.0,[],"[0.0, 0.0, 0.0, 0.0, 0.0, 0.0, 0.0, 0.0, 0.0, 0.0, 0.0, 0.0, 0.0, 0.0, 0.0, 0.0, 0.0, 0.0, 0.0, 0.0, 0.0, 0.0, 0.0, 0.0, 0.0, 0.0, 0.0, 0.0, 0.0, 0.0]",pca
54,beta,49.0,0.0594,0.2582229900942229,0.2597201314684466,0.2286668586767223,0.5,0.5452803030303031,0.7648863636363636,0.0,[],"[0.0, 0.0, 0.0, 0.0, 0.0, 0.0, 0.0, 0.0, 0.0, 0.0, 0.0, 0.0, 0.0, 0.0, 0.0, 0.0, 0.0, 0.0, 0.0, 0.0, 0.0, 0.0, 0.0, 0.0, 0.0, 0.0, 0.0, 0.0, 0.0, 0.0]",pca
54,beta,60.0,0.0594,0.2702979227225785,0.2784063908829987,0.259114819754999,0.5,0.5827444134078212,0.7251885474860337,0.0,[],"[0.0, 0.0, 0.0, 0.0, 0.0, 0.0, 0.0, 0.0, 0.0, 0.0, 0.0, 0.0, 0.0, 0.0, 0.0, 0.0, 0.0, 0.0, 0.0, 0.0, 0.0, 0.0, 0.0, 0.0, 0.0, 0.0, 0.0, 0.0, 0.0, 0.0]",pca
54,beta,59.0,0.0594,0.2913336328429276,0.3077924683147598,0.2878350409959794,0.5,0.5769395054093855,0.701677323931989,0.0,[],"[0.0, 0.0, 0.0, 0.0, 0.0, 0.0, 0.0, 0.0, 0.0, 0.0, 0.0, 0.0, 0.0, 0.0, 0.0, 0.0, 0.0, 0.0, 0.0, 0.0, 0.0, 0.0, 0.0, 0.0, 0.0, 0.0, 0.0, 0.0, 0.0, 0.0]",pca
54,beta,57.0,0.0594,0.2716365086065577,0.2774155886385541,0.2536178711838275,0.5,0.5939208069242827,0.7418114904927418,0.0,[],"[0.0, 0.0, 0.0, 0.0, 0.0, 0.0, 0.0, 0.0, 0.0, 0.0, 0.0, 0.0, 0.0, 0.0, 0.0, 0.0, 0.0, 0.0, 0.0, 0.0, 0.0, 0.0, 0.0, 0.0, 0.0, 0.0, 0.0, 0.0, 0.0, 0.0]",pca
54,beta,62.0,0.0594,0.2614724580336114,0.2607418017438114,0.2445208602136165,0.5,0.5706354300385109,0.6997031450577663,0.0,[],"[0.0, 0.0, 0.0, 0.0, 0.0, 0.0, 0.0, 0.0, 0.0, 0.0, 0.0, 0.0, 0.0, 0.0, 0.0, 0.0, 0.0, 0.0, 0.0, 0.0, 0.0, 0.0, 0.0, 0.0, 0.0, 0.0, 0.0, 0.0, 0.0, 0.0]",pca
54,beta,61.0,0.0594,0.2666808908116042,0.2787953789513775,0.2573687751891732,0.5,0.5541045766503622,0.6671216774731734,0.0,[],"[0.0, 0.0, 0.0, 0.0, 0.0, 0.0, 0.0, 0.0, 0.0, 0.0, 0.0, 0.0, 0.0, 0.0, 0.0, 0.0, 0.0, 0.0, 0.0, 0.0, 0.0, 0.0, 0.0, 0.0, 0.0, 0.0, 0.0, 0.0, 0.0, 0.0]",pca
54,beta,63.0,0.0594,0.2736141996295413,0.2849278515125376,0.2549522130030742,0.5,0.544439061721114,0.7221672248316728,0.0,[],"[0.0, 0.0, 0.0, 0.0, 0.0, 0.0, 0.0, 0.0, 0.0, 0.0, 0.0, 0.0, 0.0, 0.0, 0.0, 0.0, 0.0, 0.0, 0.0, 0.0, 0.0, 0.0, 0.0, 0.0, 0.0, 0.0, 0.0, 0.0, 0.0, 0.0]",pca
54,beta,70.0,0.0594,0.2652010620051332,0.2652523568396527,0.2549427444328199,0.5,0.5881964243288191,0.7068335709194584,0.0,[],"[0.0, 0.0, 0.0, 0.0, 0.0, 0.0, 0.0, 0.0, 0.0, 0.0, 0.0, 0.0, 0.0, 0.0, 0.0, 0.0, 0.0, 0.0, 0.0, 0.0, 0.0, 0.0, 0.0, 0.0, 0.0, 0.0, 0.0, 0.0, 0.0, 0.0]",pca
54,beta,65.0,0.0594,0.2811275984066043,0.2936760819548088,0.2702313880281113,0.5,0.558298706124793,0.699665551839465,1.0,[21],"[0.0, 0.0, 0.0, 0.0, 0.0, 0.0, 0.0, 0.0, 0.0, 0.0, 0.0, 0.0, 0.0, 0.0, 0.0, 0.0, 0.0, 0.0, 0.0, 0.0, 0.0, 0.010723240673542023, 0.0, 0.0, 0.0, 0.0, 0.0, 0.0, 0.0, 0.0]",pca
54,beta,66.0,0.0594,0.2964394033951187,0.3224954190409393,0.2986642225973001,0.5,0.5102017212640746,0.6466510188114434,4.0,"[4, 6, 16, 29]","[0.0, 0.0, 0.0, 0.0, 0.03028874285519123, 0.0, 0.005005402956157923, 0.0, 0.0, 0.0, 0.0, 0.0, 0.0, 0.0, 0.0, 0.0, 0.020856866613030434, 0.0, 0.0, 0.0, 0.0, 0.0, 0.0, 0.0, 0.0, 0.0, 0.0, 0.0, 0.0, 0.07781124860048294]",pca
54,beta,64.0,0.0594,0.2608413222087862,0.266630541445648,0.2568024443047721,0.5,0.5822053714344726,0.6881956789531529,0.0,[],"[0.0, 0.0, 0.0, 0.0, 0.0, 0.0, 0.0, 0.0, 0.0, 0.0, 0.0, 0.0, 0.0, 0.0, 0.0, 0.0, 0.0, 0.0, 0.0, 0.0, 0.0, 0.0, 0.0, 0.0, 0.0, 0.0, 0.0, 0.0, 0.0, 0.0]",pca
54,beta,75.0,0.0594,0.2529070486887824,0.2442235271843282,0.2200533407878875,0.5,0.6132189939004394,0.7917787105660131,0.0,[],"[0.0, 0.0, 0.0, 0.0, 0.0, 0.0, 0.0, 0.0, 0.0, 0.0, 0.0, 0.0, 0.0, 0.0, 0.0, 0.0, 0.0, 0.0, 0.0, 0.0, 0.0, 0.0, 0.0, 0.0, 0.0, 0.0, 0.0, 0.0, 0.0, 0.0]",pca
54,beta,71.0,0.0594,0.2826573604985781,0.2815187150694883,0.2700753042279561,0.5,0.6232638888888888,0.6916232638888888,0.0,[],"[0.0, 0.0, 0.0, 0.0, 0.0, 0.0, 0.0, 0.0, 0.0, 0.0, 0.0, 0.0, 0.0, 0.0, 0.0, 0.0, 0.0, 0.0, 0.0, 0.0, 0.0, 0.0, 0.0, 0.0, 0.0, 0.0, 0.0, 0.0, 0.0, 0.0]",pca
54,beta,88.0,0.0594,0.278952940337224,0.2900466018878506,0.2786205211919488,0.5,0.5941158749503609,0.6567844769742697,3.0,"[9, 23, 26]","[0.0, 0.0, 0.0, 0.0, 0.0, 0.0, 0.0, 0.0, 0.0, 0.05513298138976097, 0.0, 0.0, 0.0, 0.0, 0.0, 0.0, 0.0, 0.0, 0.0, 0.0, 0.0, 0.0, 0.0, 0.03367407247424126, 0.0, 0.0, 0.022325104102492332, 0.0, 0.0, 0.0]",pca
54,beta,69.0,0.0594,0.2828113872021442,0.2933967642697681,0.2633751647932408,0.5,0.5851696375426836,0.7344757369756587,0.0,[],"[0.0, 0.0, 0.0, 0.0, 0.0, 0.0, 0.0, 0.0, 0.0, 0.0, 0.0, 0.0, 0.0, 0.0, 0.0, 0.0, 0.0, 0.0, 0.0, 0.0, 0.0, 0.0, 0.0, 0.0, 0.0, 0.0, 0.0, 0.0, 0.0, 0.0]",pca
54,beta,72.0,0.0594,0.2747818731992664,0.2886924695010278,0.2620419598905969,0.5,0.5651110050131296,0.7404777061616403,0.0,[],"[0.0, 0.0, 0.0, 0.0, 0.0, 0.0, 0.0, 0.0, 0.0, 0.0, 0.0, 0.0, 0.0, 0.0, 0.0, 0.0, 0.0, 0.0, 0.0, 0.0, 0.0, 0.0, 0.0, 0.0, 0.0, 0.0, 0.0, 0.0, 0.0, 0.0]",pca
54,beta,68.0,0.0594,0.2666116929138221,0.2716700927224827,0.2502897193153018,0.5,0.5379961634941715,0.7024688769289315,0.0,[],"[0.0, 0.0, 0.0, 0.0, 0.0, 0.0, 0.0, 0.0, 0.0, 0.0, 0.0, 0.0, 0.0, 0.0, 0.0, 0.0, 0.0, 0.0, 0.0, 0.0, 0.0, 0.0, 0.0, 0.0, 0.0, 0.0, 0.0, 0.0, 0.0, 0.0]",pca
54,beta,74.0,0.0594,0.2749523706804635,0.2887671869496925,0.2689721486783358,0.5,0.5277091228648323,0.6788391827319163,0.0,[],"[0.0, 0.0, 0.0, 0.0, 0.0, 0.0, 0.0, 0.0, 0.0, 0.0, 0.0, 0.0, 0.0, 0.0, 0.0, 0.0, 0.0, 0.0, 0.0, 0.0, 0.0, 0.0, 0.0, 0.0, 0.0, 0.0, 0.0, 0.0, 0.0, 0.0]",pca
54,beta,78.0,0.0594,0.2773358384199397,0.2887072442135551,0.2637632564856165,0.5,0.5240661440147573,0.726444429804335,0.0,[],"[0.0, 0.0, 0.0, 0.0, 0.0, 0.0, 0.0, 0.0, 0.0, 0.0, 0.0, 0.0, 0.0, 0.0, 0.0, 0.0, 0.0, 0.0, 0.0, 0.0, 0.0, 0.0, 0.0, 0.0, 0.0, 0.0, 0.0, 0.0, 0.0, 0.0]",pca
54,beta,93.0,0.0594,0.2544727022289703,0.2617454088212829,0.2418251095065134,0.5,0.5254037800687286,0.6838659793814433,0.0,[],"[0.0, 0.0, 0.0, 0.0, 0.0, 0.0, 0.0, 0.0, 0.0, 0.0, 0.0, 0.0, 0.0, 0.0, 0.0, 0.0, 0.0, 0.0, 0.0, 0.0, 0.0, 0.0, 0.0, 0.0, 0.0, 0.0, 0.0, 0.0, 0.0, 0.0]",pca
54,beta,73.0,0.0594,0.2588080057372539,0.2605700263814213,0.2387626584551943,0.5,0.5798933627505056,0.7240889869461299,0.0,[],"[0.0, 0.0, 0.0, 0.0, 0.0, 0.0, 0.0, 0.0, 0.0, 0.0, 0.0, 0.0, 0.0, 0.0, 0.0, 0.0, 0.0, 0.0, 0.0, 0.0, 0.0, 0.0, 0.0, 0.0, 0.0, 0.0, 0.0, 0.0, 0.0, 0.0]",pca
54,beta,76.0,0.0594,0.2473275424999337,0.2360383535033644,0.2258910802981855,0.5,0.6374848059841047,0.7689107059373539,0.0,[],"[0.0, 0.0, 0.0, 0.0, 0.0, 0.0, 0.0, 0.0, 0.0, 0.0, 0.0, 0.0, 0.0, 0.0, 0.0, 0.0, 0.0, 0.0, 0.0, 0.0, 0.0, 0.0, 0.0, 0.0, 0.0, 0.0, 0.0, 0.0, 0.0, 0.0]",pca
54,beta,12.0,0.0648,0.2597641048530327,0.2622171893718359,0.2621680005111965,0.5,0.5787281399046105,0.6490779014308425,0.0,[],"[0.0, 0.0, 0.0, 0.0, 0.0, 0.0, 0.0, 0.0, 0.0, 0.0, 0.0, 0.0, 0.0, 0.0, 0.0, 0.0, 0.0, 0.0, 0.0, 0.0, 0.0, 0.0, 0.0, 0.0, 0.0, 0.0, 0.0, 0.0, 0.0, 0.0]",pca
54,beta,85.0,0.0594,0.2484045978567504,0.2465677162774161,0.2232603444536093,0.5,0.5385326311938617,0.7576848651718925,0.0,[],"[0.0, 0.0, 0.0, 0.0, 0.0, 0.0, 0.0, 0.0, 0.0, 0.0, 0.0, 0.0, 0.0, 0.0, 0.0, 0.0, 0.0, 0.0, 0.0, 0.0, 0.0, 0.0, 0.0, 0.0, 0.0, 0.0, 0.0, 0.0, 0.0, 0.0]",pca
54,beta,67.0,0.0594,0.2464821566014883,0.245145309780352,0.2282055111779579,0.5,0.5837266287947431,0.7338853914701502,0.0,[],"[0.0, 0.0, 0.0, 0.0, 0.0, 0.0, 0.0, 0.0, 0.0, 0.0, 0.0, 0.0, 0.0, 0.0, 0.0, 0.0, 0.0, 0.0, 0.0, 0.0, 0.0, 0.0, 0.0, 0.0, 0.0, 0.0, 0.0, 0.0, 0.0, 0.0]",pca
54,beta,79.0,0.0594,0.2614380484129981,0.2686225943974654,0.2520226079661727,0.5,0.5362808174950793,0.7139389601599515,0.0,[],"[0.0, 0.0, 0.0, 0.0, 0.0, 0.0, 0.0, 0.0, 0.0, 0.0, 0.0, 0.0, 0.0, 0.0, 0.0, 0.0, 0.0, 0.0, 0.0, 0.0, 0.0, 0.0, 0.0, 0.0, 0.0, 0.0, 0.0, 0.0, 0.0, 0.0]",pca
54,beta,92.0,0.0594,0.2864095892037767,0.3057068864847854,0.2781860027491486,0.5,0.5511115205109309,0.7182387619749447,0.0,[],"[0.0, 0.0, 0.0, 0.0, 0.0, 0.0, 0.0, 0.0, 0.0, 0.0, 0.0, 0.0, 0.0, 0.0, 0.0, 0.0, 0.0, 0.0, 0.0, 0.0, 0.0, 0.0, 0.0, 0.0, 0.0, 0.0, 0.0, 0.0, 0.0, 0.0]",pca
54,beta,99.0,0.0594,0.2754971048104321,0.2805070202785323,0.2605600470969368,0.5,0.5871627967226918,0.7523883545451602,0.0,[],"[0.0, 0.0, 0.0, 0.0, 0.0, 0.0, 0.0, 0.0, 0.0, 0.0, 0.0, 0.0, 0.0, 0.0, 0.0, 0.0, 0.0, 0.0, 0.0, 0.0, 0.0, 0.0, 0.0, 0.0, 0.0, 0.0, 0.0, 0.0, 0.0, 0.0]",pca
54,beta,77.0,0.0594,0.2575431052026183,0.2575154471625063,0.2349517877561863,0.5,0.5790750580072708,0.744450574782142,0.0,[],"[0.0, 0.0, 0.0, 0.0, 0.0, 0.0, 0.0, 0.0, 0.0, 0.0, 0.0, 0.0, 0.0, 0.0, 0.0, 0.0, 0.0, 0.0, 0.0, 0.0, 0.0, 0.0, 0.0, 0.0, 0.0, 0.0, 0.0, 0.0, 0.0, 0.0]",pca
54,beta,82.0,0.0594,0.2676561896061871,0.2828164453389342,0.2562863957912166,0.5,0.5578031891414699,0.6933348046788788,0.0,[],"[0.0, 0.0, 0.0, 0.0, 0.0, 0.0, 0.0, 0.0, 0.0, 0.0, 0.0, 0.0, 0.0, 0.0, 0.0, 0.0, 0.0, 0.0, 0.0, 0.0, 0.0, 0.0, 0.0, 0.0, 0.0, 0.0, 0.0, 0.0, 0.0, 0.0]",pca
54,beta,80.0,0.0594,0.2894505653834459,0.2995603603371783,0.272723778721254,0.5,0.5564765291182359,0.7231182956345057,0.0,[],"[0.0, 0.0, 0.0, 0.0, 0.0, 0.0, 0.0, 0.0, 0.0, 0.0, 0.0, 0.0, 0.0, 0.0, 0.0, 0.0, 0.0, 0.0, 0.0, 0.0, 0.0, 0.0, 0.0, 0.0, 0.0, 0.0, 0.0, 0.0, 0.0, 0.0]",pca
54,beta,81.0,0.0594,0.2479528338967687,0.252182922250828,0.2388530031423487,0.5,0.5274895789338377,0.6355289494463521,0.0,[],"[0.0, 0.0, 0.0, 0.0, 0.0, 0.0, 0.0, 0.0, 0.0, 0.0, 0.0, 0.0, 0.0, 0.0, 0.0, 0.0, 0.0, 0.0, 0.0, 0.0, 0.0, 0.0, 0.0, 0.0, 0.0, 0.0, 0.0, 0.0, 0.0, 0.0]",pca
54,beta,83.0,0.0594,0.2792181290810143,0.2848799948093335,0.258486877207926,0.5,0.614604656240618,0.7684434618848768,0.0,[],"[0.0, 0.0, 0.0, 0.0, 0.0, 0.0, 0.0, 0.0, 0.0, 0.0, 0.0, 0.0, 0.0, 0.0, 0.0, 0.0, 0.0, 0.0, 0.0, 0.0, 0.0, 0.0, 0.0, 0.0, 0.0, 0.0, 0.0, 0.0, 0.0, 0.0]",pca
54,beta,10.0,0.0648,0.2711055500199741,0.2819676250852603,0.2609593633526542,0.5,0.5443998811645869,0.7148692810457515,0.0,[],"[0.0, 0.0, 0.0, 0.0, 0.0, 0.0, 0.0, 0.0, 0.0, 0.0, 0.0, 0.0, 0.0, 0.0, 0.0, 0.0, 0.0, 0.0, 0.0, 0.0, 0.0, 0.0, 0.0, 0.0, 0.0, 0.0, 0.0, 0.0, 0.0, 0.0]",pca
54,beta,94.0,0.0594,0.2619885292554274,0.2654857551018414,0.2588652588574006,0.5,0.5838802296964725,0.6875,0.0,[],"[0.0, 0.0, 0.0, 0.0, 0.0, 0.0, 0.0, 0.0, 0.0, 0.0, 0.0, 0.0, 0.0, 0.0, 0.0, 0.0, 0.0, 0.0, 0.0, 0.0, 0.0, 0.0, 0.0, 0.0, 0.0, 0.0, 0.0, 0.0, 0.0, 0.0]",pca
54,beta,89.0,0.0594,0.2596992895569409,0.2578659291246081,0.2400171879857232,0.5,0.61148291913919,0.7280298636208153,0.0,[],"[0.0, 0.0, 0.0, 0.0, 0.0, 0.0, 0.0, 0.0, 0.0, 0.0, 0.0, 0.0, 0.0, 0.0, 0.0, 0.0, 0.0, 0.0, 0.0, 0.0, 0.0, 0.0, 0.0, 0.0, 0.0, 0.0, 0.0, 0.0, 0.0, 0.0]",pca
54,beta,86.0,0.0594,0.2621396651297328,0.2603117858767016,0.2524647508227274,0.5,0.6487404248598279,0.6590424500872262,0.0,[],"[0.0, 0.0, 0.0, 0.0, 0.0, 0.0, 0.0, 0.0, 0.0, 0.0, 0.0, 0.0, 0.0, 0.0, 0.0, 0.0, 0.0, 0.0, 0.0, 0.0, 0.0, 0.0, 0.0, 0.0, 0.0, 0.0, 0.0, 0.0, 0.0, 0.0]",pca
54,beta,9.0,0.0648,0.2573521289492059,0.2608492913457901,0.2590057617378783,0.5,0.6115793918918919,0.6643834459459459,0.0,[],"[0.0, 0.0, 0.0, 0.0, 0.0, 0.0, 0.0, 0.0, 0.0, 0.0, 0.0, 0.0, 0.0, 0.0, 0.0, 0.0, 0.0, 0.0, 0.0, 0.0, 0.0, 0.0, 0.0, 0.0, 0.0, 0.0, 0.0, 0.0, 0.0, 0.0]",pca
54,beta,95.0,0.0594,0.2575904294361886,0.2557878175799961,0.2410319355248033,0.5,0.5849950396825396,0.7427331349206349,0.0,[],"[0.0, 0.0, 0.0, 0.0, 0.0, 0.0, 0.0, 0.0, 0.0, 0.0, 0.0, 0.0, 0.0, 0.0, 0.0, 0.0, 0.0, 0.0, 0.0, 0.0, 0.0, 0.0, 0.0, 0.0, 0.0, 0.0, 0.0, 0.0, 0.0, 0.0]",pca
54,beta,91.0,0.0594,0.2613877580512725,0.2581458826138646,0.2418356693311315,0.5,0.5638727238595833,0.7254474062949753,0.0,[],"[0.0, 0.0, 0.0, 0.0, 0.0, 0.0, 0.0, 0.0, 0.0, 0.0, 0.0, 0.0, 0.0, 0.0, 0.0, 0.0, 0.0, 0.0, 0.0, 0.0, 0.0, 0.0, 0.0, 0.0, 0.0, 0.0, 0.0, 0.0, 0.0, 0.0]",pca
54,beta,15.0,0.0648,0.2717116111576571,0.2729533950950198,0.2535441090197904,0.5,0.5854673108863053,0.7259021591423827,0.0,[],"[0.0, 0.0, 0.0, 0.0, 0.0, 0.0, 0.0, 0.0, 0.0, 0.0, 0.0, 0.0, 0.0, 0.0, 0.0, 0.0, 0.0, 0.0, 0.0, 0.0, 0.0, 0.0, 0.0, 0.0, 0.0, 0.0, 0.0, 0.0, 0.0, 0.0]",pca
54,beta,90.0,0.0594,0.2848047938573605,0.3048086414620909,0.2771676135536355,0.5,0.5194359323572807,0.707595619112473,0.0,[],"[0.0, 0.0, 0.0, 0.0, 0.0, 0.0, 0.0, 0.0, 0.0, 0.0, 0.0, 0.0, 0.0, 0.0, 0.0, 0.0, 0.0, 0.0, 0.0, 0.0, 0.0, 0.0, 0.0, 0.0, 0.0, 0.0, 0.0, 0.0, 0.0, 0.0]",pca
54,beta,1.0,0.0648,0.2785951027486996,0.2902501426716141,0.2670866776022419,0.5,0.5665864533937292,0.70157831410574,0.0,[],"[0.0, 0.0, 0.0, 0.0, 0.0, 0.0, 0.0, 0.0, 0.0, 0.0, 0.0, 0.0, 0.0, 0.0, 0.0, 0.0, 0.0, 0.0, 0.0, 0.0, 0.0, 0.0, 0.0, 0.0, 0.0, 0.0, 0.0, 0.0, 0.0, 0.0]",pca
54,beta,98.0,0.0594,0.258827379377024,0.2494272212154708,0.2425408170332185,0.5,0.5913145973929925,0.7035992727496841,0.0,[],"[0.0, 0.0, 0.0, 0.0, 0.0, 0.0, 0.0, 0.0, 0.0, 0.0, 0.0, 0.0, 0.0, 0.0, 0.0, 0.0, 0.0, 0.0, 0.0, 0.0, 0.0, 0.0, 0.0, 0.0, 0.0, 0.0, 0.0, 0.0, 0.0, 0.0]",pca
54,beta,5.0,0.0648,0.2616193070017826,0.2684446490871227,0.2595187570136115,0.5,0.6163379080064133,0.6710354059103011,0.0,[],"[0.0, 0.0, 0.0, 0.0, 0.0, 0.0, 0.0, 0.0, 0.0, 0.0, 0.0, 0.0, 0.0, 0.0, 0.0, 0.0, 0.0, 0.0, 0.0, 0.0, 0.0, 0.0, 0.0, 0.0, 0.0, 0.0, 0.0, 0.0, 0.0, 0.0]",pca
54,beta,20.0,0.0648,0.2628800830739616,0.2615029455907067,0.2321011791111161,0.5,0.5906329035839862,0.7882147924248967,0.0,[],"[0.0, 0.0, 0.0, 0.0, 0.0, 0.0, 0.0, 0.0, 0.0, 0.0, 0.0, 0.0, 0.0, 0.0, 0.0, 0.0, 0.0, 0.0, 0.0, 0.0, 0.0, 0.0, 0.0, 0.0, 0.0, 0.0, 0.0, 0.0, 0.0, 0.0]",pca
54,beta,87.0,0.0594,0.2697926649544018,0.2727671717317829,0.2598660067157682,0.5,0.5929841235218047,0.6934001215275073,0.0,[],"[0.0, 0.0, 0.0, 0.0, 0.0, 0.0, 0.0, 0.0, 0.0, 0.0, 0.0, 0.0, 0.0, 0.0, 0.0, 0.0, 0.0, 0.0, 0.0, 0.0, 0.0, 0.0, 0.0, 0.0, 0.0, 0.0, 0.0, 0.0, 0.0, 0.0]",pca
54,beta,13.0,0.0648,0.2576909067500987,0.2529829403700694,0.2254505907413706,0.5,0.6561267547367551,0.7682230618605035,0.0,[],"[0.0, 0.0, 0.0, 0.0, 0.0, 0.0, 0.0, 0.0, 0.0, 0.0, 0.0, 0.0, 0.0, 0.0, 0.0, 0.0, 0.0, 0.0, 0.0, 0.0, 0.0, 0.0, 0.0, 0.0, 0.0, 0.0, 0.0, 0.0, 0.0, 0.0]",pca
54,beta,96.0,0.0594,0.2629617523966815,0.2619525804294986,0.2393133371502392,0.5,0.5824397684956705,0.7588720893714388,0.0,[],"[0.0, 0.0, 0.0, 0.0, 0.0, 0.0, 0.0, 0.0, 0.0, 0.0, 0.0, 0.0, 0.0, 0.0, 0.0, 0.0, 0.0, 0.0, 0.0, 0.0, 0.0, 0.0, 0.0, 0.0, 0.0, 0.0, 0.0, 0.0, 0.0, 0.0]",pca
54,beta,84.0,0.0594,0.2634244110774574,0.2655807626576091,0.2527801484013111,0.5,0.5758402903811253,0.6999854809437386,0.0,[],"[0.0, 0.0, 0.0, 0.0, 0.0, 0.0, 0.0, 0.0, 0.0, 0.0, 0.0, 0.0, 0.0, 0.0, 0.0, 0.0, 0.0, 0.0, 0.0, 0.0, 0.0, 0.0, 0.0, 0.0, 0.0, 0.0, 0.0, 0.0, 0.0, 0.0]",pca
54,beta,16.0,0.0648,0.2756864568525844,0.2806376440135098,0.2474670014997049,0.5,0.5937119113573407,0.7814958448753463,0.0,[],"[0.0, 0.0, 0.0, 0.0, 0.0, 0.0, 0.0, 0.0, 0.0, 0.0, 0.0, 0.0, 0.0, 0.0, 0.0, 0.0, 0.0, 0.0, 0.0, 0.0, 0.0, 0.0, 0.0, 0.0, 0.0, 0.0, 0.0, 0.0, 0.0, 0.0]",pca
54,beta,0.0,0.0648,0.281572739545136,0.2897992539503829,0.2642424590957491,0.5,0.5996241954759471,0.7377143597644382,0.0,[],"[0.0, 0.0, 0.0, 0.0, 0.0, 0.0, 0.0, 0.0, 0.0, 0.0, 0.0, 0.0, 0.0, 0.0, 0.0, 0.0, 0.0, 0.0, 0.0, 0.0, 0.0, 0.0, 0.0, 0.0, 0.0, 0.0, 0.0, 0.0, 0.0, 0.0]",pca
54,beta,7.0,0.0648,0.2606414142992545,0.2660151309374284,0.2314965316175868,0.5,0.5319323841144171,0.7642781892478611,0.0,[],"[0.0, 0.0, 0.0, 0.0, 0.0, 0.0, 0.0, 0.0, 0.0, 0.0, 0.0, 0.0, 0.0, 0.0, 0.0, 0.0, 0.0, 0.0, 0.0, 0.0, 0.0, 0.0, 0.0, 0.0, 0.0, 0.0, 0.0, 0.0, 0.0, 0.0]",pca
54,beta,97.0,0.0594,0.2473490428177531,0.2437460954059964,0.2280891547063547,0.5,0.566830171393671,0.6960434400885598,0.0,[],"[0.0, 0.0, 0.0, 0.0, 0.0, 0.0, 0.0, 0.0, 0.0, 0.0, 0.0, 0.0, 0.0, 0.0, 0.0, 0.0, 0.0, 0.0, 0.0, 0.0, 0.0, 0.0, 0.0, 0.0, 0.0, 0.0, 0.0, 0.0, 0.0, 0.0]",pca
54,beta,11.0,0.0648,0.2601588292036993,0.261959193222247,0.2544064949136616,0.5,0.640718342060624,0.708776458440888,0.0,[],"[0.0, 0.0, 0.0, 0.0, 0.0, 0.0, 0.0, 0.0, 0.0, 0.0, 0.0, 0.0, 0.0, 0.0, 0.0, 0.0, 0.0, 0.0, 0.0, 0.0, 0.0, 0.0, 0.0, 0.0, 0.0, 0.0, 0.0, 0.0, 0.0, 0.0]",pca
54,beta,6.0,0.0648,0.2747260658349709,0.2769866175233411,0.2526156121377826,0.5,0.6008714811891608,0.7270981320705079,0.0,[],"[0.0, 0.0, 0.0, 0.0, 0.0, 0.0, 0.0, 0.0, 0.0, 0.0, 0.0, 0.0, 0.0, 0.0, 0.0, 0.0, 0.0, 0.0, 0.0, 0.0, 0.0, 0.0, 0.0, 0.0, 0.0, 0.0, 0.0, 0.0, 0.0, 0.0]",pca
54,beta,2.0,0.0648,0.2495620960358432,0.2434427663431785,0.2245110669817264,0.5,0.6279682750759878,0.7581607776089158,0.0,[],"[0.0, 0.0, 0.0, 0.0, 0.0, 0.0, 0.0, 0.0, 0.0, 0.0, 0.0, 0.0, 0.0, 0.0, 0.0, 0.0, 0.0, 0.0, 0.0, 0.0, 0.0, 0.0, 0.0, 0.0, 0.0, 0.0, 0.0, 0.0, 0.0, 0.0]",pca
54,beta,3.0,0.0648,0.2600613681646652,0.2699348220259572,0.2604326990278723,0.5,0.5614374557665376,0.6577421735005797,0.0,[],"[0.0, 0.0, 0.0, 0.0, 0.0, 0.0, 0.0, 0.0, 0.0, 0.0, 0.0, 0.0, 0.0, 0.0, 0.0, 0.0, 0.0, 0.0, 0.0, 0.0, 0.0, 0.0, 0.0, 0.0, 0.0, 0.0, 0.0, 0.0, 0.0, 0.0]",pca
54,beta,14.0,0.0648,0.2685810422970259,0.2767156150162104,0.2598210325879472,0.5,0.5706202867497511,0.6490872720272521,0.0,[],"[0.0, 0.0, 0.0, 0.0, 0.0, 0.0, 0.0, 0.0, 0.0, 0.0, 0.0, 0.0, 0.0, 0.0, 0.0, 0.0, 0.0, 0.0, 0.0, 0.0, 0.0, 0.0, 0.0, 0.0, 0.0, 0.0, 0.0, 0.0, 0.0, 0.0]",pca
54,beta,21.0,0.0648,0.257452525628104,0.2566803725771483,0.2377568791318843,0.5,0.6018066427273588,0.7113505041893788,0.0,[],"[0.0, 0.0, 0.0, 0.0, 0.0, 0.0, 0.0, 0.0, 0.0, 0.0, 0.0, 0.0, 0.0, 0.0, 0.0, 0.0, 0.0, 0.0, 0.0, 0.0, 0.0, 0.0, 0.0, 0.0, 0.0, 0.0, 0.0, 0.0, 0.0, 0.0]",pca
54,beta,18.0,0.0648,0.252771114290939,0.255262114573614,0.2423766766308678,0.5,0.6159530341629107,0.6923133450911227,0.0,[],"[0.0, 0.0, 0.0, 0.0, 0.0, 0.0, 0.0, 0.0, 0.0, 0.0, 0.0, 0.0, 0.0, 0.0, 0.0, 0.0, 0.0, 0.0, 0.0, 0.0, 0.0, 0.0, 0.0, 0.0, 0.0, 0.0, 0.0, 0.0, 0.0, 0.0]",pca
54,beta,19.0,0.0648,0.2603054890140719,0.2585797741158689,0.2455376138861359,0.5,0.619239997177334,0.7372450779761484,0.0,[],"[0.0, 0.0, 0.0, 0.0, 0.0, 0.0, 0.0, 0.0, 0.0, 0.0, 0.0, 0.0, 0.0, 0.0, 0.0, 0.0, 0.0, 0.0, 0.0, 0.0, 0.0, 0.0, 0.0, 0.0, 0.0, 0.0, 0.0, 0.0, 0.0, 0.0]",pca
54,beta,4.0,0.0648,0.2610414052572765,0.2678962264611476,0.2494438736081465,0.5,0.569220712518093,0.6824796501221769,0.0,[],"[0.0, 0.0, 0.0, 0.0, 0.0, 0.0, 0.0, 0.0, 0.0, 0.0, 0.0, 0.0, 0.0, 0.0, 0.0, 0.0, 0.0, 0.0, 0.0, 0.0, 0.0, 0.0, 0.0, 0.0, 0.0, 0.0, 0.0, 0.0, 0.0, 0.0]",pca
54,beta,8.0,0.0648,0.2638855809846538,0.2725429616536821,0.2743020287151531,0.5,0.5986706122024119,0.6008416482029473,0.0,[],"[0.0, 0.0, 0.0, 0.0, 0.0, 0.0, 0.0, 0.0, 0.0, 0.0, 0.0, 0.0, 0.0, 0.0, 0.0, 0.0, 0.0, 0.0, 0.0, 0.0, 0.0, 0.0, 0.0, 0.0, 0.0, 0.0, 0.0, 0.0, 0.0, 0.0]",pca
54,beta,23.0,0.0648,0.2748753888481758,0.2788819919583407,0.2494348306754402,0.5,0.5886102268490637,0.7537712581376008,0.0,[],"[0.0, 0.0, 0.0, 0.0, 0.0, 0.0, 0.0, 0.0, 0.0, 0.0, 0.0, 0.0, 0.0, 0.0, 0.0, 0.0, 0.0, 0.0, 0.0, 0.0, 0.0, 0.0, 0.0, 0.0, 0.0, 0.0, 0.0, 0.0, 0.0, 0.0]",pca
54,beta,17.0,0.0648,0.2637836925627149,0.2674946480732597,0.2469436260401015,0.5,0.5986029254475581,0.7321806607705301,0.0,[],"[0.0, 0.0, 0.0, 0.0, 0.0, 0.0, 0.0, 0.0, 0.0, 0.0, 0.0, 0.0, 0.0, 0.0, 0.0, 0.0, 0.0, 0.0, 0.0, 0.0, 0.0, 0.0, 0.0, 0.0, 0.0, 0.0, 0.0, 0.0, 0.0, 0.0]",pca
54,beta,29.0,0.0648,0.2810209321620384,0.2988276637453995,0.2755375869046497,0.5,0.5077633516262883,0.6739987209803834,0.0,[],"[0.0, 0.0, 0.0, 0.0, 0.0, 0.0, 0.0, 0.0, 0.0, 0.0, 0.0, 0.0, 0.0, 0.0, 0.0, 0.0, 0.0, 0.0, 0.0, 0.0, 0.0, 0.0, 0.0, 0.0, 0.0, 0.0, 0.0, 0.0, 0.0, 0.0]",pca
54,beta,22.0,0.0648,0.2837419185874003,0.3046494117796562,0.2751961555765854,0.5,0.4992868004252284,0.6933645526354744,0.0,[],"[0.0, 0.0, 0.0, 0.0, 0.0, 0.0, 0.0, 0.0, 0.0, 0.0, 0.0, 0.0, 0.0, 0.0, 0.0, 0.0, 0.0, 0.0, 0.0, 0.0, 0.0, 0.0, 0.0, 0.0, 0.0, 0.0, 0.0, 0.0, 0.0, 0.0]",pca
54,beta,27.0,0.0648,0.2628555518187883,0.2615293557691809,0.2468428035456672,0.5,0.6090891541933952,0.7319583036350678,0.0,[],"[0.0, 0.0, 0.0, 0.0, 0.0, 0.0, 0.0, 0.0, 0.0, 0.0, 0.0, 0.0, 0.0, 0.0, 0.0, 0.0, 0.0, 0.0, 0.0, 0.0, 0.0, 0.0, 0.0, 0.0, 0.0, 0.0, 0.0, 0.0, 0.0, 0.0]",pca
54,beta,31.0,0.0648,0.2531002750801421,0.2573536054418309,0.2383856075834232,0.5,0.4806025140875595,0.7374385926889178,0.0,[],"[0.0, 0.0, 0.0, 0.0, 0.0, 0.0, 0.0, 0.0, 0.0, 0.0, 0.0, 0.0, 0.0, 0.0, 0.0, 0.0, 0.0, 0.0, 0.0, 0.0, 0.0, 0.0, 0.0, 0.0, 0.0, 0.0, 0.0, 0.0, 0.0, 0.0]",pca
54,beta,25.0,0.0648,0.2845510566600645,0.2913358577766932,0.2563481503436458,0.5,0.5862418006859121,0.7847900642626444,0.0,[],"[0.0, 0.0, 0.0, 0.0, 0.0, 0.0, 0.0, 0.0, 0.0, 0.0, 0.0, 0.0, 0.0, 0.0, 0.0, 0.0, 0.0, 0.0, 0.0, 0.0, 0.0, 0.0, 0.0, 0.0, 0.0, 0.0, 0.0, 0.0, 0.0, 0.0]",pca
54,beta,24.0,0.0648,0.2900763593641032,0.2991071781878257,0.267023235153889,0.5,0.5854136776661885,0.7588414634146341,0.0,[],"[0.0, 0.0, 0.0, 0.0, 0.0, 0.0, 0.0, 0.0, 0.0, 0.0, 0.0, 0.0, 0.0, 0.0, 0.0, 0.0, 0.0, 0.0, 0.0, 0.0, 0.0, 0.0, 0.0, 0.0, 0.0, 0.0, 0.0, 0.0, 0.0, 0.0]",pca
54,beta,33.0,0.0648,0.2870289956026625,0.3096909152707764,0.2781888818777229,0.5,0.516122060857538,0.6753904449054864,0.0,[],"[0.0, 0.0, 0.0, 0.0, 0.0, 0.0, 0.0, 0.0, 0.0, 0.0, 0.0, 0.0, 0.0, 0.0, 0.0, 0.0, 0.0, 0.0, 0.0, 0.0, 0.0, 0.0, 0.0, 0.0, 0.0, 0.0, 0.0, 0.0, 0.0, 0.0]",pca
54,beta,40.0,0.0648,0.2685871728842996,0.2855364342279729,0.2604313544263943,0.5,0.4751374965190754,0.6938961988304094,0.0,[],"[0.0, 0.0, 0.0, 0.0, 0.0, 0.0, 0.0, 0.0, 0.0, 0.0, 0.0, 0.0, 0.0, 0.0, 0.0, 0.0, 0.0, 0.0, 0.0, 0.0, 0.0, 0.0, 0.0, 0.0, 0.0, 0.0, 0.0, 0.0, 0.0, 0.0]",pca
54,beta,30.0,0.0648,0.2555378502535331,0.2554948845890617,0.2475744238613219,0.5,0.5473332739016622,0.6885429245244791,0.0,[],"[0.0, 0.0, 0.0, 0.0, 0.0, 0.0, 0.0, 0.0, 0.0, 0.0, 0.0, 0.0, 0.0, 0.0, 0.0, 0.0, 0.0, 0.0, 0.0, 0.0, 0.0, 0.0, 0.0, 0.0, 0.0, 0.0, 0.0, 0.0, 0.0, 0.0]",pca
54,beta,26.0,0.0648,0.270311608064977,0.2778689690088576,0.2659696979059847,0.5,0.5710270822687787,0.6884194389909368,0.0,[],"[0.0, 0.0, 0.0, 0.0, 0.0, 0.0, 0.0, 0.0, 0.0, 0.0, 0.0, 0.0, 0.0, 0.0, 0.0, 0.0, 0.0, 0.0, 0.0, 0.0, 0.0, 0.0, 0.0, 0.0, 0.0, 0.0, 0.0, 0.0, 0.0, 0.0]",pca
54,beta,28.0,0.0648,0.2926307635963882,0.3070679499505309,0.2776262295432519,0.5,0.5681177211205539,0.7173371104815864,0.0,[],"[0.0, 0.0, 0.0, 0.0, 0.0, 0.0, 0.0, 0.0, 0.0, 0.0, 0.0, 0.0, 0.0, 0.0, 0.0, 0.0, 0.0, 0.0, 0.0, 0.0, 0.0, 0.0, 0.0, 0.0, 0.0, 0.0, 0.0, 0.0, 0.0, 0.0]",pca
54,beta,37.0,0.0648,0.2671380845044079,0.2698477255390873,0.2569363328939222,0.5,0.590795238817067,0.6839689036141969,0.0,[],"[0.0, 0.0, 0.0, 0.0, 0.0, 0.0, 0.0, 0.0, 0.0, 0.0, 0.0, 0.0, 0.0, 0.0, 0.0, 0.0, 0.0, 0.0, 0.0, 0.0, 0.0, 0.0, 0.0, 0.0, 0.0, 0.0, 0.0, 0.0, 0.0, 0.0]",pca
54,beta,32.0,0.0648,0.2565291715759179,0.2501939974533648,0.2347993902593499,0.5,0.5481308097587168,0.7371304406188127,0.0,[],"[0.0, 0.0, 0.0, 0.0, 0.0, 0.0, 0.0, 0.0, 0.0, 0.0, 0.0, 0.0, 0.0, 0.0, 0.0, 0.0, 0.0, 0.0, 0.0, 0.0, 0.0, 0.0, 0.0, 0.0, 0.0, 0.0, 0.0, 0.0, 0.0, 0.0]",pca
54,beta,34.0,0.0648,0.2561244901463063,0.2600009540622886,0.2425569823015191,0.5,0.5232020943483394,0.714884588402375,0.0,[],"[0.0, 0.0, 0.0, 0.0, 0.0, 0.0, 0.0, 0.0, 0.0, 0.0, 0.0, 0.0, 0.0, 0.0, 0.0, 0.0, 0.0, 0.0, 0.0, 0.0, 0.0, 0.0, 0.0, 0.0, 0.0, 0.0, 0.0, 0.0, 0.0, 0.0]",pca
54,beta,35.0,0.0648,0.2641395659539723,0.277191254505418,0.262878750990636,0.5,0.5484035589873306,0.6897867713949721,0.0,[],"[0.0, 0.0, 0.0, 0.0, 0.0, 0.0, 0.0, 0.0, 0.0, 0.0, 0.0, 0.0, 0.0, 0.0, 0.0, 0.0, 0.0, 0.0, 0.0, 0.0, 0.0, 0.0, 0.0, 0.0, 0.0, 0.0, 0.0, 0.0, 0.0, 0.0]",pca
54,beta,36.0,0.0648,0.2630909489506219,0.267453714671273,0.2445245546880758,0.5,0.5659757516830924,0.7566329311589399,0.0,[],"[0.0, 0.0, 0.0, 0.0, 0.0, 0.0, 0.0, 0.0, 0.0, 0.0, 0.0, 0.0, 0.0, 0.0, 0.0, 0.0, 0.0, 0.0, 0.0, 0.0, 0.0, 0.0, 0.0, 0.0, 0.0, 0.0, 0.0, 0.0, 0.0, 0.0]",pca
54,beta,39.0,0.0648,0.2836646824132109,0.2990913353893162,0.2729227943800218,0.5,0.5256794024307432,0.7287032802561012,0.0,[],"[0.0, 0.0, 0.0, 0.0, 0.0, 0.0, 0.0, 0.0, 0.0, 0.0, 0.0, 0.0, 0.0, 0.0, 0.0, 0.0, 0.0, 0.0, 0.0, 0.0, 0.0, 0.0, 0.0, 0.0, 0.0, 0.0, 0.0, 0.0, 0.0, 0.0]",pca
54,beta,38.0,0.0648,0.2764934480530646,0.2874560306968496,0.2760033250967776,0.5,0.562104915026195,0.6406972286738675,0.0,[],"[0.0, 0.0, 0.0, 0.0, 0.0, 0.0, 0.0, 0.0, 0.0, 0.0, 0.0, 0.0, 0.0, 0.0, 0.0, 0.0, 0.0, 0.0, 0.0, 0.0, 0.0, 0.0, 0.0, 0.0, 0.0, 0.0, 0.0, 0.0, 0.0, 0.0]",pca
54,beta,42.0,0.0648,0.2542277574731195,0.2544966362822702,0.2279506611592502,0.5,0.6170359040909652,0.7807903843777038,0.0,[],"[0.0, 0.0, 0.0, 0.0, 0.0, 0.0, 0.0, 0.0, 0.0, 0.0, 0.0, 0.0, 0.0, 0.0, 0.0, 0.0, 0.0, 0.0, 0.0, 0.0, 0.0, 0.0, 0.0, 0.0, 0.0, 0.0, 0.0, 0.0, 0.0, 0.0]",pca
54,beta,46.0,0.0648,0.2624517538374725,0.2723697249893927,0.2476703835314246,0.5,0.5228409090909091,0.7032121212121212,0.0,[],"[0.0, 0.0, 0.0, 0.0, 0.0, 0.0, 0.0, 0.0, 0.0, 0.0, 0.0, 0.0, 0.0, 0.0, 0.0, 0.0, 0.0, 0.0, 0.0, 0.0, 0.0, 0.0, 0.0, 0.0, 0.0, 0.0, 0.0, 0.0, 0.0, 0.0]",pca
54,beta,48.0,0.0648,0.2498031228428828,0.2530513014469549,0.2440246230148992,0.5,0.5629727580403544,0.6514305265299329,0.0,[],"[0.0, 0.0, 0.0, 0.0, 0.0, 0.0, 0.0, 0.0, 0.0, 0.0, 0.0, 0.0, 0.0, 0.0, 0.0, 0.0, 0.0, 0.0, 0.0, 0.0, 0.0, 0.0, 0.0, 0.0, 0.0, 0.0, 0.0, 0.0, 0.0, 0.0]",pca
54,beta,51.0,0.0648,0.2653632416970451,0.2803790860314156,0.2627473091936844,0.5,0.4510293560137797,0.6401951573291137,0.0,[],"[0.0, 0.0, 0.0, 0.0, 0.0, 0.0, 0.0, 0.0, 0.0, 0.0, 0.0, 0.0, 0.0, 0.0, 0.0, 0.0, 0.0, 0.0, 0.0, 0.0, 0.0, 0.0, 0.0, 0.0, 0.0, 0.0, 0.0, 0.0, 0.0, 0.0]",pca
54,beta,44.0,0.0648,0.2454320928907148,0.2443068358168985,0.2346522519249461,0.5,0.573564636064636,0.6820213070213069,0.0,[],"[0.0, 0.0, 0.0, 0.0, 0.0, 0.0, 0.0, 0.0, 0.0, 0.0, 0.0, 0.0, 0.0, 0.0, 0.0, 0.0, 0.0, 0.0, 0.0, 0.0, 0.0, 0.0, 0.0, 0.0, 0.0, 0.0, 0.0, 0.0, 0.0, 0.0]",pca
54,beta,45.0,0.0648,0.2788619810388606,0.2856205074282529,0.2747656717915911,0.5,0.6329047748131511,0.6138003588532188,0.0,[],"[0.0, 0.0, 0.0, 0.0, 0.0, 0.0, 0.0, 0.0, 0.0, 0.0, 0.0, 0.0, 0.0, 0.0, 0.0, 0.0, 0.0, 0.0, 0.0, 0.0, 0.0, 0.0, 0.0, 0.0, 0.0, 0.0, 0.0, 0.0, 0.0, 0.0]",pca
54,beta,41.0,0.0648,0.2522182548186293,0.2566719547001531,0.2454703321351287,0.5,0.4964099216710183,0.6241791280955772,0.0,[],"[0.0, 0.0, 0.0, 0.0, 0.0, 0.0, 0.0, 0.0, 0.0, 0.0, 0.0, 0.0, 0.0, 0.0, 0.0, 0.0, 0.0, 0.0, 0.0, 0.0, 0.0, 0.0, 0.0, 0.0, 0.0, 0.0, 0.0, 0.0, 0.0, 0.0]",pca
54,beta,50.0,0.0648,0.2806971732872111,0.2937165317340022,0.2714212330452689,0.5,0.5547957063711911,0.6969283818097877,0.0,[],"[0.0, 0.0, 0.0, 0.0, 0.0, 0.0, 0.0, 0.0, 0.0, 0.0, 0.0, 0.0, 0.0, 0.0, 0.0, 0.0, 0.0, 0.0, 0.0, 0.0, 0.0, 0.0, 0.0, 0.0, 0.0, 0.0, 0.0, 0.0, 0.0, 0.0]",pca
54,beta,43.0,0.0648,0.2788020331952037,0.2885110466452057,0.2562079784782518,0.5,0.5885302371357513,0.7651451675112051,0.0,[],"[0.0, 0.0, 0.0, 0.0, 0.0, 0.0, 0.0, 0.0, 0.0, 0.0, 0.0, 0.0, 0.0, 0.0, 0.0, 0.0, 0.0, 0.0, 0.0, 0.0, 0.0, 0.0, 0.0, 0.0, 0.0, 0.0, 0.0, 0.0, 0.0, 0.0]",pca
54,beta,52.0,0.0648,0.2660503348001611,0.2747881230267292,0.2652633392744223,0.5,0.5309645923041058,0.6663489756177835,0.0,[],"[0.0, 0.0, 0.0, 0.0, 0.0, 0.0, 0.0, 0.0, 0.0, 0.0, 0.0, 0.0, 0.0, 0.0, 0.0, 0.0, 0.0, 0.0, 0.0, 0.0, 0.0, 0.0, 0.0, 0.0, 0.0, 0.0, 0.0, 0.0, 0.0, 0.0]",pca
54,beta,47.0,0.0648,0.244301186216428,0.2471959695438087,0.240781796137285,0.5,0.5301834775168742,0.6557182241657952,0.0,[],"[0.0, 0.0, 0.0, 0.0, 0.0, 0.0, 0.0, 0.0, 0.0, 0.0, 0.0, 0.0, 0.0, 0.0, 0.0, 0.0, 0.0, 0.0, 0.0, 0.0, 0.0, 0.0, 0.0, 0.0, 0.0, 0.0, 0.0, 0.0, 0.0, 0.0]",pca
54,beta,49.0,0.0648,0.2582229900942229,0.2597201314684466,0.2281961979870886,0.5,0.5452803030303031,0.7659924242424242,0.0,[],"[0.0, 0.0, 0.0, 0.0, 0.0, 0.0, 0.0, 0.0, 0.0, 0.0, 0.0, 0.0, 0.0, 0.0, 0.0, 0.0, 0.0, 0.0, 0.0, 0.0, 0.0, 0.0, 0.0, 0.0, 0.0, 0.0, 0.0, 0.0, 0.0, 0.0]",pca
54,beta,53.0,0.0648,0.2828400882942902,0.2988441562715645,0.2787909026136653,0.5,0.5557471073832179,0.6466730762855154,0.0,[],"[0.0, 0.0, 0.0, 0.0, 0.0, 0.0, 0.0, 0.0, 0.0, 0.0, 0.0, 0.0, 0.0, 0.0, 0.0, 0.0, 0.0, 0.0, 0.0, 0.0, 0.0, 0.0, 0.0, 0.0, 0.0, 0.0, 0.0, 0.0, 0.0, 0.0]",pca
54,beta,58.0,0.0648,0.2776984109677508,0.2902583182972239,0.2741226603942613,0.5,0.5409589155719187,0.6945025520876914,0.0,[],"[0.0, 0.0, 0.0, 0.0, 0.0, 0.0, 0.0, 0.0, 0.0, 0.0, 0.0, 0.0, 0.0, 0.0, 0.0, 0.0, 0.0, 0.0, 0.0, 0.0, 0.0, 0.0, 0.0, 0.0, 0.0, 0.0, 0.0, 0.0, 0.0, 0.0]",pca
54,beta,54.0,0.0648,0.2668239239096532,0.261450216970319,0.2293016251262091,0.5,0.5889085008255992,0.7823976541593123,0.0,[],"[0.0, 0.0, 0.0, 0.0, 0.0, 0.0, 0.0, 0.0, 0.0, 0.0, 0.0, 0.0, 0.0, 0.0, 0.0, 0.0, 0.0, 0.0, 0.0, 0.0, 0.0, 0.0, 0.0, 0.0, 0.0, 0.0, 0.0, 0.0, 0.0, 0.0]",pca
54,beta,88.0,0.0648,0.278952940337224,0.2900466018878506,0.2790536421579996,0.5,0.5941158749503609,0.6578731154230626,0.0,[],"[0.0, 0.0, 0.0, 0.0, 0.0, 0.0, 0.0, 0.0, 0.0, 0.0, 0.0, 0.0, 0.0, 0.0, 0.0, 0.0, 0.0, 0.0, 0.0, 0.0, 0.0, 0.0, 0.0, 0.0, 0.0, 0.0, 0.0, 0.0, 0.0, 0.0]",pca
54,beta,57.0,0.0648,0.2716365086065577,0.2774155886385541,0.2540017021931284,0.5,0.5939208069242827,0.7407483132283788,0.0,[],"[0.0, 0.0, 0.0, 0.0, 0.0, 0.0, 0.0, 0.0, 0.0, 0.0, 0.0, 0.0, 0.0, 0.0, 0.0, 0.0, 0.0, 0.0, 0.0, 0.0, 0.0, 0.0, 0.0, 0.0, 0.0, 0.0, 0.0, 0.0, 0.0, 0.0]",pca
54,beta,62.0,0.0648,0.2614724580336114,0.2607418017438114,0.2443710003157231,0.5,0.5706354300385109,0.7005215019255456,0.0,[],"[0.0, 0.0, 0.0, 0.0, 0.0, 0.0, 0.0, 0.0, 0.0, 0.0, 0.0, 0.0, 0.0, 0.0, 0.0, 0.0, 0.0, 0.0, 0.0, 0.0, 0.0, 0.0, 0.0, 0.0, 0.0, 0.0, 0.0, 0.0, 0.0, 0.0]",pca
54,beta,56.0,0.0648,0.2385518382470563,0.2368415661847172,0.2418086488165165,0.5,0.5571996235490955,0.6015284603855137,0.0,[],"[0.0, 0.0, 0.0, 0.0, 0.0, 0.0, 0.0, 0.0, 0.0, 0.0, 0.0, 0.0, 0.0, 0.0, 0.0, 0.0, 0.0, 0.0, 0.0, 0.0, 0.0, 0.0, 0.0, 0.0, 0.0, 0.0, 0.0, 0.0, 0.0, 0.0]",pca
54,beta,90.0,0.0648,0.2848047938573605,0.3048086414620909,0.2777131803556522,0.5,0.5194359323572807,0.7059499489274771,0.0,[],"[0.0, 0.0, 0.0, 0.0, 0.0, 0.0, 0.0, 0.0, 0.0, 0.0, 0.0, 0.0, 0.0, 0.0, 0.0, 0.0, 0.0, 0.0, 0.0, 0.0, 0.0, 0.0, 0.0, 0.0, 0.0, 0.0, 0.0, 0.0, 0.0, 0.0]",pca
54,beta,91.0,0.0648,0.2613877580512725,0.2581458826138646,0.2419620433564214,0.5,0.5638727238595833,0.7240942369063262,0.0,[],"[0.0, 0.0, 0.0, 0.0, 0.0, 0.0, 0.0, 0.0, 0.0, 0.0, 0.0, 0.0, 0.0, 0.0, 0.0, 0.0, 0.0, 0.0, 0.0, 0.0, 0.0, 0.0, 0.0, 0.0, 0.0, 0.0, 0.0, 0.0, 0.0, 0.0]",pca
54,beta,61.0,0.0648,0.2666808908116042,0.2787953789513775,0.2575287847263213,0.5,0.5541045766503622,0.6664012436962043,0.0,[],"[0.0, 0.0, 0.0, 0.0, 0.0, 0.0, 0.0, 0.0, 0.0, 0.0, 0.0, 0.0, 0.0, 0.0, 0.0, 0.0, 0.0, 0.0, 0.0, 0.0, 0.0, 0.0, 0.0, 0.0, 0.0, 0.0, 0.0, 0.0, 0.0, 0.0]",pca
54,beta,60.0,0.0648,0.2702979227225785,0.2784063908829987,0.2590242432852292,0.5,0.5827444134078212,0.7278072625698323,0.0,[],"[0.0, 0.0, 0.0, 0.0, 0.0, 0.0, 0.0, 0.0, 0.0, 0.0, 0.0, 0.0, 0.0, 0.0, 0.0, 0.0, 0.0, 0.0, 0.0, 0.0, 0.0, 0.0, 0.0, 0.0, 0.0, 0.0, 0.0, 0.0, 0.0, 0.0]",pca
54,beta,66.0,0.0648,0.2964394033951187,0.3224954190409393,0.2993308681460511,0.5,0.5102017212640746,0.6446099942170971,0.0,[],"[0.0, 0.0, 0.0, 0.0, 0.0, 0.0, 0.0, 0.0, 0.0, 0.0, 0.0, 0.0, 0.0, 0.0, 0.0, 0.0, 0.0, 0.0, 0.0, 0.0, 0.0, 0.0, 0.0, 0.0, 0.0, 0.0, 0.0, 0.0, 0.0, 0.0]",pca
54,beta,89.0,0.0648,0.2596992895569409,0.2578659291246081,0.2398368057836186,0.5,0.61148291913919,0.7293535002007764,0.0,[],"[0.0, 0.0, 0.0, 0.0, 0.0, 0.0, 0.0, 0.0, 0.0, 0.0, 0.0, 0.0, 0.0, 0.0, 0.0, 0.0, 0.0, 0.0, 0.0, 0.0, 0.0, 0.0, 0.0, 0.0, 0.0, 0.0, 0.0, 0.0, 0.0, 0.0]",pca
54,beta,55.0,0.0648,0.2890981446017616,0.3079935103187905,0.2956795969059909,0.5,0.5393158424270568,0.6212754430771612,0.0,[],"[0.0, 0.0, 0.0, 0.0, 0.0, 0.0, 0.0, 0.0, 0.0, 0.0, 0.0, 0.0, 0.0, 0.0, 0.0, 0.0, 0.0, 0.0, 0.0, 0.0, 0.0, 0.0, 0.0, 0.0, 0.0, 0.0, 0.0, 0.0, 0.0, 0.0]",pca
54,beta,92.0,0.0648,0.2864095892037767,0.3057068864847854,0.2784407238072562,0.5,0.5511115205109309,0.7186747727831,0.0,[],"[0.0, 0.0, 0.0, 0.0, 0.0, 0.0, 0.0, 0.0, 0.0, 0.0, 0.0, 0.0, 0.0, 0.0, 0.0, 0.0, 0.0, 0.0, 0.0, 0.0, 0.0, 0.0, 0.0, 0.0, 0.0, 0.0, 0.0, 0.0, 0.0, 0.0]",pca
54,beta,93.0,0.0648,0.2544727022289703,0.2617454088212829,0.2421518730292779,0.5,0.5254037800687286,0.681786941580756,0.0,[],"[0.0, 0.0, 0.0, 0.0, 0.0, 0.0, 0.0, 0.0, 0.0, 0.0, 0.0, 0.0, 0.0, 0.0, 0.0, 0.0, 0.0, 0.0, 0.0, 0.0, 0.0, 0.0, 0.0, 0.0, 0.0, 0.0, 0.0, 0.0, 0.0, 0.0]",pca
54,beta,74.0,0.0648,0.2749523706804635,0.2887671869496925,0.2689507494275087,0.5,0.5277091228648323,0.6798072170044488,0.0,[],"[0.0, 0.0, 0.0, 0.0, 0.0, 0.0, 0.0, 0.0, 0.0, 0.0, 0.0, 0.0, 0.0, 0.0, 0.0, 0.0, 0.0, 0.0, 0.0, 0.0, 0.0, 0.0, 0.0, 0.0, 0.0, 0.0, 0.0, 0.0, 0.0, 0.0]",pca
54,beta,63.0,0.0648,0.2736141996295413,0.2849278515125376,0.2551400943273776,0.5,0.544439061721114,0.722497209174969,0.0,[],"[0.0, 0.0, 0.0, 0.0, 0.0, 0.0, 0.0, 0.0, 0.0, 0.0, 0.0, 0.0, 0.0, 0.0, 0.0, 0.0, 0.0, 0.0, 0.0, 0.0, 0.0, 0.0, 0.0, 0.0, 0.0, 0.0, 0.0, 0.0, 0.0, 0.0]",pca
54,beta,73.0,0.0648,0.2588080057372539,0.2605700263814213,0.2386814805390786,0.5,0.5798933627505056,0.7262585034013606,0.0,[],"[0.0, 0.0, 0.0, 0.0, 0.0, 0.0, 0.0, 0.0, 0.0, 0.0, 0.0, 0.0, 0.0, 0.0, 0.0, 0.0, 0.0, 0.0, 0.0, 0.0, 0.0, 0.0, 0.0, 0.0, 0.0, 0.0, 0.0, 0.0, 0.0, 0.0]",pca
54,beta,94.0,0.0648,0.2619885292554274,0.2654857551018414,0.2589268299687833,0.5,0.5838802296964725,0.688635298253838,0.0,[],"[0.0, 0.0, 0.0, 0.0, 0.0, 0.0, 0.0, 0.0, 0.0, 0.0, 0.0, 0.0, 0.0, 0.0, 0.0, 0.0, 0.0, 0.0, 0.0, 0.0, 0.0, 0.0, 0.0, 0.0, 0.0, 0.0, 0.0, 0.0, 0.0, 0.0]",pca
54,beta,67.0,0.0648,0.2464821566014883,0.245145309780352,0.2282706439160873,0.5,0.5837266287947431,0.7334520442171779,0.0,[],"[0.0, 0.0, 0.0, 0.0, 0.0, 0.0, 0.0, 0.0, 0.0, 0.0, 0.0, 0.0, 0.0, 0.0, 0.0, 0.0, 0.0, 0.0, 0.0, 0.0, 0.0, 0.0, 0.0, 0.0, 0.0, 0.0, 0.0, 0.0, 0.0, 0.0]",pca
54,beta,76.0,0.0648,0.2473275424999337,0.2360383535033644,0.2256937966378199,0.5,0.6374848059841047,0.7700046750818139,0.0,[],"[0.0, 0.0, 0.0, 0.0, 0.0, 0.0, 0.0, 0.0, 0.0, 0.0, 0.0, 0.0, 0.0, 0.0, 0.0, 0.0, 0.0, 0.0, 0.0, 0.0, 0.0, 0.0, 0.0, 0.0, 0.0, 0.0, 0.0, 0.0, 0.0, 0.0]",pca
54,beta,59.0,0.0648,0.2913336328429276,0.3077924683147598,0.2881766612848835,0.5,0.5769395054093855,0.6999687613558847,0.0,[],"[0.0, 0.0, 0.0, 0.0, 0.0, 0.0, 0.0, 0.0, 0.0, 0.0, 0.0, 0.0, 0.0, 0.0, 0.0, 0.0, 0.0, 0.0, 0.0, 0.0, 0.0, 0.0, 0.0, 0.0, 0.0, 0.0, 0.0, 0.0, 0.0, 0.0]",pca
54,beta,64.0,0.0648,0.2608413222087862,0.266630541445648,0.256611512041046,0.5,0.5822053714344726,0.6894644055794465,0.0,[],"[0.0, 0.0, 0.0, 0.0, 0.0, 0.0, 0.0, 0.0, 0.0, 0.0, 0.0, 0.0, 0.0, 0.0, 0.0, 0.0, 0.0, 0.0, 0.0, 0.0, 0.0, 0.0, 0.0, 0.0, 0.0, 0.0, 0.0, 0.0, 0.0, 0.0]",pca
54,beta,79.0,0.0648,0.2614380484129981,0.2686225943974654,0.2519198403070745,0.5,0.5362808174950793,0.715292634920141,0.0,[],"[0.0, 0.0, 0.0, 0.0, 0.0, 0.0, 0.0, 0.0, 0.0, 0.0, 0.0, 0.0, 0.0, 0.0, 0.0, 0.0, 0.0, 0.0, 0.0, 0.0, 0.0, 0.0, 0.0, 0.0, 0.0, 0.0, 0.0, 0.0, 0.0, 0.0]",pca
54,beta,70.0,0.0648,0.2652010620051332,0.2652523568396527,0.2548744521834401,0.5,0.5881964243288191,0.7079992278450938,0.0,[],"[0.0, 0.0, 0.0, 0.0, 0.0, 0.0, 0.0, 0.0, 0.0, 0.0, 0.0, 0.0, 0.0, 0.0, 0.0, 0.0, 0.0, 0.0, 0.0, 0.0, 0.0, 0.0, 0.0, 0.0, 0.0, 0.0, 0.0, 0.0, 0.0, 0.0]",pca
54,beta,99.0,0.0648,0.2754971048104321,0.2805070202785323,0.2608342097626202,0.5,0.5871627967226918,0.7517082807085722,0.0,[],"[0.0, 0.0, 0.0, 0.0, 0.0, 0.0, 0.0, 0.0, 0.0, 0.0, 0.0, 0.0, 0.0, 0.0, 0.0, 0.0, 0.0, 0.0, 0.0, 0.0, 0.0, 0.0, 0.0, 0.0, 0.0, 0.0, 0.0, 0.0, 0.0, 0.0]",pca
54,beta,68.0,0.0648,0.2666116929138221,0.2716700927224827,0.2505342021290953,0.5,0.5379961634941715,0.7008612722598884,0.0,[],"[0.0, 0.0, 0.0, 0.0, 0.0, 0.0, 0.0, 0.0, 0.0, 0.0, 0.0, 0.0, 0.0, 0.0, 0.0, 0.0, 0.0, 0.0, 0.0, 0.0, 0.0, 0.0, 0.0, 0.0, 0.0, 0.0, 0.0, 0.0, 0.0, 0.0]",pca
54,beta,65.0,0.0648,0.2811275984066043,0.2936760819548088,0.2705024691167597,0.5,0.558298706124793,0.6997466301814128,0.0,[],"[0.0, 0.0, 0.0, 0.0, 0.0, 0.0, 0.0, 0.0, 0.0, 0.0, 0.0, 0.0, 0.0, 0.0, 0.0, 0.0, 0.0, 0.0, 0.0, 0.0, 0.0, 0.0, 0.0, 0.0, 0.0, 0.0, 0.0, 0.0, 0.0, 0.0]",pca
54,beta,95.0,0.0648,0.2575904294361886,0.2557878175799961,0.2410336974553993,0.5,0.5849950396825396,0.7425512566137566,0.0,[],"[0.0, 0.0, 0.0, 0.0, 0.0, 0.0, 0.0, 0.0, 0.0, 0.0, 0.0, 0.0, 0.0, 0.0, 0.0, 0.0, 0.0, 0.0, 0.0, 0.0, 0.0, 0.0, 0.0, 0.0, 0.0, 0.0, 0.0, 0.0, 0.0, 0.0]",pca
54,beta,72.0,0.0648,0.2747818731992664,0.2886924695010278,0.2621408730695753,0.5,0.5651110050131296,0.7404113949232116,0.0,[],"[0.0, 0.0, 0.0, 0.0, 0.0, 0.0, 0.0, 0.0, 0.0, 0.0, 0.0, 0.0, 0.0, 0.0, 0.0, 0.0, 0.0, 0.0, 0.0, 0.0, 0.0, 0.0, 0.0, 0.0, 0.0, 0.0, 0.0, 0.0, 0.0, 0.0]",pca
54,beta,69.0,0.0648,0.2828113872021442,0.2933967642697681,0.2633093425580439,0.5,0.5851696375426836,0.735910529118762,0.0,[],"[0.0, 0.0, 0.0, 0.0, 0.0, 0.0, 0.0, 0.0, 0.0, 0.0, 0.0, 0.0, 0.0, 0.0, 0.0, 0.0, 0.0, 0.0, 0.0, 0.0, 0.0, 0.0, 0.0, 0.0, 0.0, 0.0, 0.0, 0.0, 0.0, 0.0]",pca
54,beta,98.0,0.0648,0.258827379377024,0.2494272212154708,0.2423281568802314,0.5,0.5913145973929925,0.705109241625836,0.0,[],"[0.0, 0.0, 0.0, 0.0, 0.0, 0.0, 0.0, 0.0, 0.0, 0.0, 0.0, 0.0, 0.0, 0.0, 0.0, 0.0, 0.0, 0.0, 0.0, 0.0, 0.0, 0.0, 0.0, 0.0, 0.0, 0.0, 0.0, 0.0, 0.0, 0.0]",pca
54,beta,96.0,0.0648,0.2629617523966815,0.2619525804294986,0.2394391832135691,0.5,0.5824397684956705,0.7589618197317062,0.0,[],"[0.0, 0.0, 0.0, 0.0, 0.0, 0.0, 0.0, 0.0, 0.0, 0.0, 0.0, 0.0, 0.0, 0.0, 0.0, 0.0, 0.0, 0.0, 0.0, 0.0, 0.0, 0.0, 0.0, 0.0, 0.0, 0.0, 0.0, 0.0, 0.0, 0.0]",pca
54,beta,71.0,0.0648,0.2826573604985781,0.2815187150694883,0.2701004762369227,0.5,0.6232638888888888,0.691557502104377,0.0,[],"[0.0, 0.0, 0.0, 0.0, 0.0, 0.0, 0.0, 0.0, 0.0, 0.0, 0.0, 0.0, 0.0, 0.0, 0.0, 0.0, 0.0, 0.0, 0.0, 0.0, 0.0, 0.0, 0.0, 0.0, 0.0, 0.0, 0.0, 0.0, 0.0, 0.0]",pca
54,beta,75.0,0.0648,0.2529070486887824,0.2442235271843282,0.2196112012023882,0.5,0.6132189939004394,0.794057847445399,0.0,[],"[0.0, 0.0, 0.0, 0.0, 0.0, 0.0, 0.0, 0.0, 0.0, 0.0, 0.0, 0.0, 0.0, 0.0, 0.0, 0.0, 0.0, 0.0, 0.0, 0.0, 0.0, 0.0, 0.0, 0.0, 0.0, 0.0, 0.0, 0.0, 0.0, 0.0]",pca
54,beta,81.0,0.0648,0.2479528338967687,0.252182922250828,0.2390295224101768,0.5,0.5274895789338377,0.6360890243678499,0.0,[],"[0.0, 0.0, 0.0, 0.0, 0.0, 0.0, 0.0, 0.0, 0.0, 0.0, 0.0, 0.0, 0.0, 0.0, 0.0, 0.0, 0.0, 0.0, 0.0, 0.0, 0.0, 0.0, 0.0, 0.0, 0.0, 0.0, 0.0, 0.0, 0.0, 0.0]",pca
54,beta,77.0,0.0648,0.2575431052026183,0.2575154471625063,0.2347948367182105,0.5,0.5790750580072708,0.7451156744337205,0.0,[],"[0.0, 0.0, 0.0, 0.0, 0.0, 0.0, 0.0, 0.0, 0.0, 0.0, 0.0, 0.0, 0.0, 0.0, 0.0, 0.0, 0.0, 0.0, 0.0, 0.0, 0.0, 0.0, 0.0, 0.0, 0.0, 0.0, 0.0, 0.0, 0.0, 0.0]",pca
54,beta,97.0,0.0648,0.2473490428177531,0.2437460954059964,0.2282798969534189,0.5,0.566830171393671,0.6946501507806238,0.0,[],"[0.0, 0.0, 0.0, 0.0, 0.0, 0.0, 0.0, 0.0, 0.0, 0.0, 0.0, 0.0, 0.0, 0.0, 0.0, 0.0, 0.0, 0.0, 0.0, 0.0, 0.0, 0.0, 0.0, 0.0, 0.0, 0.0, 0.0, 0.0, 0.0, 0.0]",pca
54,beta,83.0,0.0648,0.2792181290810143,0.2848799948093335,0.2589593147362556,0.5,0.614604656240618,0.7669559758727038,0.0,[],"[0.0, 0.0, 0.0, 0.0, 0.0, 0.0, 0.0, 0.0, 0.0, 0.0, 0.0, 0.0, 0.0, 0.0, 0.0, 0.0, 0.0, 0.0, 0.0, 0.0, 0.0, 0.0, 0.0, 0.0, 0.0, 0.0, 0.0, 0.0, 0.0, 0.0]",pca
54,beta,80.0,0.0648,0.2894505653834459,0.2995603603371783,0.2724004562136391,0.5,0.5564765291182359,0.725120267726417,0.0,[],"[0.0, 0.0, 0.0, 0.0, 0.0, 0.0, 0.0, 0.0, 0.0, 0.0, 0.0, 0.0, 0.0, 0.0, 0.0, 0.0, 0.0, 0.0, 0.0, 0.0, 0.0, 0.0, 0.0, 0.0, 0.0, 0.0, 0.0, 0.0, 0.0, 0.0]",pca
54,beta,78.0,0.0648,0.2773358384199397,0.2887072442135551,0.2637085924367786,0.5,0.5240661440147573,0.726411489557942,0.0,[],"[0.0, 0.0, 0.0, 0.0, 0.0, 0.0, 0.0, 0.0, 0.0, 0.0, 0.0, 0.0, 0.0, 0.0, 0.0, 0.0, 0.0, 0.0, 0.0, 0.0, 0.0, 0.0, 0.0, 0.0, 0.0, 0.0, 0.0, 0.0, 0.0, 0.0]",pca
54,beta,1.0,0.0702,0.2785951027486996,0.2902501426716141,0.267338290245182,0.5,0.5665864533937292,0.7003468044447589,0.0,[],"[0.0, 0.0, 0.0, 0.0, 0.0, 0.0, 0.0, 0.0, 0.0, 0.0, 0.0, 0.0, 0.0, 0.0, 0.0, 0.0, 0.0, 0.0, 0.0, 0.0, 0.0, 0.0, 0.0, 0.0, 0.0, 0.0, 0.0, 0.0, 0.0, 0.0]",pca
54,beta,86.0,0.0648,0.2621396651297328,0.2603117858767016,0.2525116105290165,0.5,0.6487404248598279,0.6592506443252711,0.0,[],"[0.0, 0.0, 0.0, 0.0, 0.0, 0.0, 0.0, 0.0, 0.0, 0.0, 0.0, 0.0, 0.0, 0.0, 0.0, 0.0, 0.0, 0.0, 0.0, 0.0, 0.0, 0.0, 0.0, 0.0, 0.0, 0.0, 0.0, 0.0, 0.0, 0.0]",pca
54,beta,87.0,0.0648,0.2697926649544018,0.2727671717317829,0.2598418790712056,0.5,0.5929841235218047,0.6944829627783058,0.0,[],"[0.0, 0.0, 0.0, 0.0, 0.0, 0.0, 0.0, 0.0, 0.0, 0.0, 0.0, 0.0, 0.0, 0.0, 0.0, 0.0, 0.0, 0.0, 0.0, 0.0, 0.0, 0.0, 0.0, 0.0, 0.0, 0.0, 0.0, 0.0, 0.0, 0.0]",pca
54,beta,85.0,0.0648,0.2484045978567504,0.2465677162774161,0.2233497377246566,0.5,0.5385326311938617,0.7580314422419686,0.0,[],"[0.0, 0.0, 0.0, 0.0, 0.0, 0.0, 0.0, 0.0, 0.0, 0.0, 0.0, 0.0, 0.0, 0.0, 0.0, 0.0, 0.0, 0.0, 0.0, 0.0, 0.0, 0.0, 0.0, 0.0, 0.0, 0.0, 0.0, 0.0, 0.0, 0.0]",pca
54,beta,82.0,0.0648,0.2676561896061871,0.2828164453389342,0.2567999346776831,0.5,0.5578031891414699,0.6922243985875082,0.0,[],"[0.0, 0.0, 0.0, 0.0, 0.0, 0.0, 0.0, 0.0, 0.0, 0.0, 0.0, 0.0, 0.0, 0.0, 0.0, 0.0, 0.0, 0.0, 0.0, 0.0, 0.0, 0.0, 0.0, 0.0, 0.0, 0.0, 0.0, 0.0, 0.0, 0.0]",pca
54,beta,84.0,0.0648,0.2634244110774574,0.2655807626576091,0.2527039009836631,0.5,0.5758402903811253,0.7011252268602541,0.0,[],"[0.0, 0.0, 0.0, 0.0, 0.0, 0.0, 0.0, 0.0, 0.0, 0.0, 0.0, 0.0, 0.0, 0.0, 0.0, 0.0, 0.0, 0.0, 0.0, 0.0, 0.0, 0.0, 0.0, 0.0, 0.0, 0.0, 0.0, 0.0, 0.0, 0.0]",pca
54,beta,5.0,0.0702,0.2616193070017826,0.2684446490871227,0.2598081138108456,0.5,0.6163379080064133,0.6696085786152421,0.0,[],"[0.0, 0.0, 0.0, 0.0, 0.0, 0.0, 0.0, 0.0, 0.0, 0.0, 0.0, 0.0, 0.0, 0.0, 0.0, 0.0, 0.0, 0.0, 0.0, 0.0, 0.0, 0.0, 0.0, 0.0, 0.0, 0.0, 0.0, 0.0, 0.0, 0.0]",pca
54,beta,0.0,0.0702,0.281572739545136,0.2897992539503829,0.2643127282845915,0.5,0.5996241954759471,0.737606369958676,0.0,[],"[0.0, 0.0, 0.0, 0.0, 0.0, 0.0, 0.0, 0.0, 0.0, 0.0, 0.0, 0.0, 0.0, 0.0, 0.0, 0.0, 0.0, 0.0, 0.0, 0.0, 0.0, 0.0, 0.0, 0.0, 0.0, 0.0, 0.0, 0.0, 0.0, 0.0]",pca
54,beta,3.0,0.0702,0.2600613681646652,0.2699348220259572,0.2603855909243764,0.5,0.5614374557665376,0.6583143850984052,0.0,[],"[0.0, 0.0, 0.0, 0.0, 0.0, 0.0, 0.0, 0.0, 0.0, 0.0, 0.0, 0.0, 0.0, 0.0, 0.0, 0.0, 0.0, 0.0, 0.0, 0.0, 0.0, 0.0, 0.0, 0.0, 0.0, 0.0, 0.0, 0.0, 0.0, 0.0]",pca
54,beta,2.0,0.0702,0.2495620960358432,0.2434427663431785,0.2243290852345927,0.5,0.6279682750759878,0.7581766084093212,0.0,[],"[0.0, 0.0, 0.0, 0.0, 0.0, 0.0, 0.0, 0.0, 0.0, 0.0, 0.0, 0.0, 0.0, 0.0, 0.0, 0.0, 0.0, 0.0, 0.0, 0.0, 0.0, 0.0, 0.0, 0.0, 0.0, 0.0, 0.0, 0.0, 0.0, 0.0]",pca
54,beta,7.0,0.0702,0.2606414142992545,0.2660151309374284,0.2316380273888823,0.5,0.5319323841144171,0.7624984037798493,0.0,[],"[0.0, 0.0, 0.0, 0.0, 0.0, 0.0, 0.0, 0.0, 0.0, 0.0, 0.0, 0.0, 0.0, 0.0, 0.0, 0.0, 0.0, 0.0, 0.0, 0.0, 0.0, 0.0, 0.0, 0.0, 0.0, 0.0, 0.0, 0.0, 0.0, 0.0]",pca
54,beta,6.0,0.0702,0.2747260658349709,0.2769866175233411,0.2526753299140305,0.5,0.6008714811891608,0.7276111549592212,0.0,[],"[0.0, 0.0, 0.0, 0.0, 0.0, 0.0, 0.0, 0.0, 0.0, 0.0, 0.0, 0.0, 0.0, 0.0, 0.0, 0.0, 0.0, 0.0, 0.0, 0.0, 0.0, 0.0, 0.0, 0.0, 0.0, 0.0, 0.0, 0.0, 0.0, 0.0]",pca
54,beta,4.0,0.0702,0.2610414052572765,0.2678962264611476,0.249286243662719,0.5,0.569220712518093,0.6831955922865013,0.0,[],"[0.0, 0.0, 0.0, 0.0, 0.0, 0.0, 0.0, 0.0, 0.0, 0.0, 0.0, 0.0, 0.0, 0.0, 0.0, 0.0, 0.0, 0.0, 0.0, 0.0, 0.0, 0.0, 0.0, 0.0, 0.0, 0.0, 0.0, 0.0, 0.0, 0.0]",pca
54,beta,9.0,0.0702,0.2573521289492059,0.2608492913457901,0.2589401955414759,0.5,0.6115793918918919,0.6652027027027027,0.0,[],"[0.0, 0.0, 0.0, 0.0, 0.0, 0.0, 0.0, 0.0, 0.0, 0.0, 0.0, 0.0, 0.0, 0.0, 0.0, 0.0, 0.0, 0.0, 0.0, 0.0, 0.0, 0.0, 0.0, 0.0, 0.0, 0.0, 0.0, 0.0, 0.0, 0.0]",pca
54,beta,10.0,0.0702,0.2711055500199741,0.2819676250852603,0.261190108274137,0.5,0.5443998811645869,0.713940879382056,0.0,[],"[0.0, 0.0, 0.0, 0.0, 0.0, 0.0, 0.0, 0.0, 0.0, 0.0, 0.0, 0.0, 0.0, 0.0, 0.0, 0.0, 0.0, 0.0, 0.0, 0.0, 0.0, 0.0, 0.0, 0.0, 0.0, 0.0, 0.0, 0.0, 0.0, 0.0]",pca
54,beta,11.0,0.0702,0.2601588292036993,0.261959193222247,0.2544955238012347,0.5,0.640718342060624,0.7088723357179733,0.0,[],"[0.0, 0.0, 0.0, 0.0, 0.0, 0.0, 0.0, 0.0, 0.0, 0.0, 0.0, 0.0, 0.0, 0.0, 0.0, 0.0, 0.0, 0.0, 0.0, 0.0, 0.0, 0.0, 0.0, 0.0, 0.0, 0.0, 0.0, 0.0, 0.0, 0.0]",pca
54,beta,8.0,0.0702,0.2638855809846538,0.2725429616536821,0.2744979322968796,0.5,0.5986706122024119,0.5999643117369775,0.0,[],"[0.0, 0.0, 0.0, 0.0, 0.0, 0.0, 0.0, 0.0, 0.0, 0.0, 0.0, 0.0, 0.0, 0.0, 0.0, 0.0, 0.0, 0.0, 0.0, 0.0, 0.0, 0.0, 0.0, 0.0, 0.0, 0.0, 0.0, 0.0, 0.0, 0.0]",pca
54,beta,15.0,0.0702,0.2717116111576571,0.2729533950950198,0.2533829651988757,0.5,0.5854673108863053,0.727027027027027,0.0,[],"[0.0, 0.0, 0.0, 0.0, 0.0, 0.0, 0.0, 0.0, 0.0, 0.0, 0.0, 0.0, 0.0, 0.0, 0.0, 0.0, 0.0, 0.0, 0.0, 0.0, 0.0, 0.0, 0.0, 0.0, 0.0, 0.0, 0.0, 0.0, 0.0, 0.0]",pca
54,beta,12.0,0.0702,0.2597641048530327,0.2622171893718359,0.2621444684340492,0.5,0.5787281399046105,0.6496422893481716,0.0,[],"[0.0, 0.0, 0.0, 0.0, 0.0, 0.0, 0.0, 0.0, 0.0, 0.0, 0.0, 0.0, 0.0, 0.0, 0.0, 0.0, 0.0, 0.0, 0.0, 0.0, 0.0, 0.0, 0.0, 0.0, 0.0, 0.0, 0.0, 0.0, 0.0, 0.0]",pca
54,beta,13.0,0.0702,0.2576909067500987,0.2529829403700694,0.2251396719225173,0.5,0.6561267547367551,0.7691745497669543,0.0,[],"[0.0, 0.0, 0.0, 0.0, 0.0, 0.0, 0.0, 0.0, 0.0, 0.0, 0.0, 0.0, 0.0, 0.0, 0.0, 0.0, 0.0, 0.0, 0.0, 0.0, 0.0, 0.0, 0.0, 0.0, 0.0, 0.0, 0.0, 0.0, 0.0, 0.0]",pca
54,beta,18.0,0.0702,0.252771114290939,0.255262114573614,0.2427027819712164,0.5,0.6159530341629107,0.6906639885034946,0.0,[],"[0.0, 0.0, 0.0, 0.0, 0.0, 0.0, 0.0, 0.0, 0.0, 0.0, 0.0, 0.0, 0.0, 0.0, 0.0, 0.0, 0.0, 0.0, 0.0, 0.0, 0.0, 0.0, 0.0, 0.0, 0.0, 0.0, 0.0, 0.0, 0.0, 0.0]",pca
54,beta,14.0,0.0702,0.2685810422970259,0.2767156150162104,0.2598801410628912,0.5,0.5706202867497511,0.6482000719803811,0.0,[],"[0.0, 0.0, 0.0, 0.0, 0.0, 0.0, 0.0, 0.0, 0.0, 0.0, 0.0, 0.0, 0.0, 0.0, 0.0, 0.0, 0.0, 0.0, 0.0, 0.0, 0.0, 0.0, 0.0, 0.0, 0.0, 0.0, 0.0, 0.0, 0.0, 0.0]",pca
54,beta,19.0,0.0702,0.2603054890140719,0.2585797741158689,0.2458132477343273,0.5,0.619239997177334,0.7356485075153482,0.0,[],"[0.0, 0.0, 0.0, 0.0, 0.0, 0.0, 0.0, 0.0, 0.0, 0.0, 0.0, 0.0, 0.0, 0.0, 0.0, 0.0, 0.0, 0.0, 0.0, 0.0, 0.0, 0.0, 0.0, 0.0, 0.0, 0.0, 0.0, 0.0, 0.0, 0.0]",pca
54,beta,20.0,0.0702,0.2628800830739616,0.2615029455907067,0.2319985469416011,0.5,0.5906329035839862,0.788546357411634,0.0,[],"[0.0, 0.0, 0.0, 0.0, 0.0, 0.0, 0.0, 0.0, 0.0, 0.0, 0.0, 0.0, 0.0, 0.0, 0.0, 0.0, 0.0, 0.0, 0.0, 0.0, 0.0, 0.0, 0.0, 0.0, 0.0, 0.0, 0.0, 0.0, 0.0, 0.0]",pca
54,beta,17.0,0.0702,0.2637836925627149,0.2674946480732597,0.2471014613845108,0.5,0.5986029254475581,0.7321954134057196,0.0,[],"[0.0, 0.0, 0.0, 0.0, 0.0, 0.0, 0.0, 0.0, 0.0, 0.0, 0.0, 0.0, 0.0, 0.0, 0.0, 0.0, 0.0, 0.0, 0.0, 0.0, 0.0, 0.0, 0.0, 0.0, 0.0, 0.0, 0.0, 0.0, 0.0, 0.0]",pca
54,beta,16.0,0.0702,0.2756864568525844,0.2806376440135098,0.2474972274533466,0.5,0.5937119113573407,0.7817036011080333,0.0,[],"[0.0, 0.0, 0.0, 0.0, 0.0, 0.0, 0.0, 0.0, 0.0, 0.0, 0.0, 0.0, 0.0, 0.0, 0.0, 0.0, 0.0, 0.0, 0.0, 0.0, 0.0, 0.0, 0.0, 0.0, 0.0, 0.0, 0.0, 0.0, 0.0, 0.0]",pca
54,beta,21.0,0.0702,0.257452525628104,0.2566803725771483,0.2376491182023384,0.5,0.6018066427273588,0.7120221826104179,0.0,[],"[0.0, 0.0, 0.0, 0.0, 0.0, 0.0, 0.0, 0.0, 0.0, 0.0, 0.0, 0.0, 0.0, 0.0, 0.0, 0.0, 0.0, 0.0, 0.0, 0.0, 0.0, 0.0, 0.0, 0.0, 0.0, 0.0, 0.0, 0.0, 0.0, 0.0]",pca
54,beta,26.0,0.0702,0.270311608064977,0.2778689690088576,0.2660839519612016,0.5,0.5710270822687787,0.6874647016109513,0.0,[],"[0.0, 0.0, 0.0, 0.0, 0.0, 0.0, 0.0, 0.0, 0.0, 0.0, 0.0, 0.0, 0.0, 0.0, 0.0, 0.0, 0.0, 0.0, 0.0, 0.0, 0.0, 0.0, 0.0, 0.0, 0.0, 0.0, 0.0, 0.0, 0.0, 0.0]",pca
54,beta,25.0,0.0702,0.2845510566600645,0.2913358577766932,0.2562790697170397,0.5,0.5862418006859121,0.7851163719908102,0.0,[],"[0.0, 0.0, 0.0, 0.0, 0.0, 0.0, 0.0, 0.0, 0.0, 0.0, 0.0, 0.0, 0.0, 0.0, 0.0, 0.0, 0.0, 0.0, 0.0, 0.0, 0.0, 0.0, 0.0, 0.0, 0.0, 0.0, 0.0, 0.0, 0.0, 0.0]",pca
54,beta,23.0,0.0702,0.2748753888481758,0.2788819919583407,0.2493217924905655,0.5,0.5886102268490637,0.7543520032120222,0.0,[],"[0.0, 0.0, 0.0, 0.0, 0.0, 0.0, 0.0, 0.0, 0.0, 0.0, 0.0, 0.0, 0.0, 0.0, 0.0, 0.0, 0.0, 0.0, 0.0, 0.0, 0.0, 0.0, 0.0, 0.0, 0.0, 0.0, 0.0, 0.0, 0.0, 0.0]",pca
54,beta,24.0,0.0702,0.2900763593641032,0.2991071781878257,0.2668478530280646,0.5,0.5854136776661885,0.7593495934959349,0.0,[],"[0.0, 0.0, 0.0, 0.0, 0.0, 0.0, 0.0, 0.0, 0.0, 0.0, 0.0, 0.0, 0.0, 0.0, 0.0, 0.0, 0.0, 0.0, 0.0, 0.0, 0.0, 0.0, 0.0, 0.0, 0.0, 0.0, 0.0, 0.0, 0.0, 0.0]",pca
54,beta,22.0,0.0702,0.2837419185874003,0.3046494117796562,0.2752498916423075,0.5,0.4992868004252284,0.6933039979545974,0.0,[],"[0.0, 0.0, 0.0, 0.0, 0.0, 0.0, 0.0, 0.0, 0.0, 0.0, 0.0, 0.0, 0.0, 0.0, 0.0, 0.0, 0.0, 0.0, 0.0, 0.0, 0.0, 0.0, 0.0, 0.0, 0.0, 0.0, 0.0, 0.0, 0.0, 0.0]",pca
54,beta,35.0,0.0702,0.2641395659539723,0.277191254505418,0.262853440124817,0.5,0.5484035589873306,0.690748260075292,0.0,[],"[0.0, 0.0, 0.0, 0.0, 0.0, 0.0, 0.0, 0.0, 0.0, 0.0, 0.0, 0.0, 0.0, 0.0, 0.0, 0.0, 0.0, 0.0, 0.0, 0.0, 0.0, 0.0, 0.0, 0.0, 0.0, 0.0, 0.0, 0.0, 0.0, 0.0]",pca
54,beta,27.0,0.0702,0.2628555518187883,0.2615293557691809,0.2467319901231351,0.5,0.6090891541933952,0.7333912449512948,0.0,[],"[0.0, 0.0, 0.0, 0.0, 0.0, 0.0, 0.0, 0.0, 0.0, 0.0, 0.0, 0.0, 0.0, 0.0, 0.0, 0.0, 0.0, 0.0, 0.0, 0.0, 0.0, 0.0, 0.0, 0.0, 0.0, 0.0, 0.0, 0.0, 0.0, 0.0]",pca
54,beta,30.0,0.0702,0.2555378502535331,0.2554948845890617,0.2475982122677569,0.5,0.5473332739016622,0.6885105072493132,0.0,[],"[0.0, 0.0, 0.0, 0.0, 0.0, 0.0, 0.0, 0.0, 0.0, 0.0, 0.0, 0.0, 0.0, 0.0, 0.0, 0.0, 0.0, 0.0, 0.0, 0.0, 0.0, 0.0, 0.0, 0.0, 0.0, 0.0, 0.0, 0.0, 0.0, 0.0]",pca
54,beta,74.0,0.0702,0.2749523706804635,0.2887671869496925,0.2688826206028253,0.5,0.5277091228648323,0.68102927445488,0.0,[],"[0.0, 0.0, 0.0, 0.0, 0.0, 0.0, 0.0, 0.0, 0.0, 0.0, 0.0, 0.0, 0.0, 0.0, 0.0, 0.0, 0.0, 0.0, 0.0, 0.0, 0.0, 0.0, 0.0, 0.0, 0.0, 0.0, 0.0, 0.0, 0.0, 0.0]",pca
54,beta,29.0,0.0702,0.2810209321620384,0.2988276637453995,0.2757211960199045,0.5,0.5077633516262883,0.6732551049242255,0.0,[],"[0.0, 0.0, 0.0, 0.0, 0.0, 0.0, 0.0, 0.0, 0.0, 0.0, 0.0, 0.0, 0.0, 0.0, 0.0, 0.0, 0.0, 0.0, 0.0, 0.0, 0.0, 0.0, 0.0, 0.0, 0.0, 0.0, 0.0, 0.0, 0.0, 0.0]",pca
54,beta,34.0,0.0702,0.2561244901463063,0.2600009540622886,0.2427452878214755,0.5,0.5232020943483394,0.7146878154783294,0.0,[],"[0.0, 0.0, 0.0, 0.0, 0.0, 0.0, 0.0, 0.0, 0.0, 0.0, 0.0, 0.0, 0.0, 0.0, 0.0, 0.0, 0.0, 0.0, 0.0, 0.0, 0.0, 0.0, 0.0, 0.0, 0.0, 0.0, 0.0, 0.0, 0.0, 0.0]",pca
54,beta,71.0,0.0702,0.2826573604985781,0.2815187150694883,0.2701030691653923,0.5,0.6232638888888888,0.6918337015993267,0.0,[],"[0.0, 0.0, 0.0, 0.0, 0.0, 0.0, 0.0, 0.0, 0.0, 0.0, 0.0, 0.0, 0.0, 0.0, 0.0, 0.0, 0.0, 0.0, 0.0, 0.0, 0.0, 0.0, 0.0, 0.0, 0.0, 0.0, 0.0, 0.0, 0.0, 0.0]",pca
54,beta,28.0,0.0702,0.2926307635963882,0.3070679499505309,0.2776999134300201,0.5,0.5681177211205539,0.717544853635505,0.0,[],"[0.0, 0.0, 0.0, 0.0, 0.0, 0.0, 0.0, 0.0, 0.0, 0.0, 0.0, 0.0, 0.0, 0.0, 0.0, 0.0, 0.0, 0.0, 0.0, 0.0, 0.0, 0.0, 0.0, 0.0, 0.0, 0.0, 0.0, 0.0, 0.0, 0.0]",pca
54,beta,37.0,0.0702,0.2671380845044079,0.2698477255390873,0.2568541980822494,0.5,0.590795238817067,0.6846402044219233,0.0,[],"[0.0, 0.0, 0.0, 0.0, 0.0, 0.0, 0.0, 0.0, 0.0, 0.0, 0.0, 0.0, 0.0, 0.0, 0.0, 0.0, 0.0, 0.0, 0.0, 0.0, 0.0, 0.0, 0.0, 0.0, 0.0, 0.0, 0.0, 0.0, 0.0, 0.0]",pca
54,beta,40.0,0.0702,0.2685871728842996,0.2855364342279729,0.2606074524422073,0.5,0.4751374965190754,0.6919816903369534,0.0,[],"[0.0, 0.0, 0.0, 0.0, 0.0, 0.0, 0.0, 0.0, 0.0, 0.0, 0.0, 0.0, 0.0, 0.0, 0.0, 0.0, 0.0, 0.0, 0.0, 0.0, 0.0, 0.0, 0.0, 0.0, 0.0, 0.0, 0.0, 0.0, 0.0, 0.0]",pca
54,beta,32.0,0.0702,0.2565291715759179,0.2501939974533648,0.2347965819883178,0.5,0.5481308097587168,0.7378771099701331,0.0,[],"[0.0, 0.0, 0.0, 0.0, 0.0, 0.0, 0.0, 0.0, 0.0, 0.0, 0.0, 0.0, 0.0, 0.0, 0.0, 0.0, 0.0, 0.0, 0.0, 0.0, 0.0, 0.0, 0.0, 0.0, 0.0, 0.0, 0.0, 0.0, 0.0, 0.0]",pca
54,beta,36.0,0.0702,0.2630909489506219,0.267453714671273,0.2447355726916978,0.5,0.5659757516830924,0.7561762496132939,0.0,[],"[0.0, 0.0, 0.0, 0.0, 0.0, 0.0, 0.0, 0.0, 0.0, 0.0, 0.0, 0.0, 0.0, 0.0, 0.0, 0.0, 0.0, 0.0, 0.0, 0.0, 0.0, 0.0, 0.0, 0.0, 0.0, 0.0, 0.0, 0.0, 0.0, 0.0]",pca
54,beta,72.0,0.0702,0.2747818731992664,0.2886924695010278,0.2621806325001704,0.5,0.5651110050131296,0.7401859367125541,0.0,[],"[0.0, 0.0, 0.0, 0.0, 0.0, 0.0, 0.0, 0.0, 0.0, 0.0, 0.0, 0.0, 0.0, 0.0, 0.0, 0.0, 0.0, 0.0, 0.0, 0.0, 0.0, 0.0, 0.0, 0.0, 0.0, 0.0, 0.0, 0.0, 0.0, 0.0]",pca
54,beta,73.0,0.0702,0.2588080057372539,0.2605700263814213,0.2385939047737344,0.5,0.5798933627505056,0.7282294539437397,0.0,[],"[0.0, 0.0, 0.0, 0.0, 0.0, 0.0, 0.0, 0.0, 0.0, 0.0, 0.0, 0.0, 0.0, 0.0, 0.0, 0.0, 0.0, 0.0, 0.0, 0.0, 0.0, 0.0, 0.0, 0.0, 0.0, 0.0, 0.0, 0.0, 0.0, 0.0]",pca
54,beta,76.0,0.0702,0.2473275424999337,0.2360383535033644,0.2255809502648963,0.5,0.6374848059841047,0.7706965871902758,0.0,[],"[0.0, 0.0, 0.0, 0.0, 0.0, 0.0, 0.0, 0.0, 0.0, 0.0, 0.0, 0.0, 0.0, 0.0, 0.0, 0.0, 0.0, 0.0, 0.0, 0.0, 0.0, 0.0, 0.0, 0.0, 0.0, 0.0, 0.0, 0.0, 0.0, 0.0]",pca
54,beta,48.0,0.0702,0.2498031228428828,0.2530513014469549,0.2439474791406907,0.5,0.5629727580403544,0.651735680864049,0.0,[],"[0.0, 0.0, 0.0, 0.0, 0.0, 0.0, 0.0, 0.0, 0.0, 0.0, 0.0, 0.0, 0.0, 0.0, 0.0, 0.0, 0.0, 0.0, 0.0, 0.0, 0.0, 0.0, 0.0, 0.0, 0.0, 0.0, 0.0, 0.0, 0.0, 0.0]",pca
54,beta,33.0,0.0702,0.2870289956026625,0.3096909152707764,0.278327165485806,0.5,0.516122060857538,0.6740217266021209,0.0,[],"[0.0, 0.0, 0.0, 0.0, 0.0, 0.0, 0.0, 0.0, 0.0, 0.0, 0.0, 0.0, 0.0, 0.0, 0.0, 0.0, 0.0, 0.0, 0.0, 0.0, 0.0, 0.0, 0.0, 0.0, 0.0, 0.0, 0.0, 0.0, 0.0, 0.0]",pca
54,beta,77.0,0.0702,0.2575431052026183,0.2575154471625063,0.2347020569361744,0.5,0.5790750580072708,0.7462720408733968,0.0,[],"[0.0, 0.0, 0.0, 0.0, 0.0, 0.0, 0.0, 0.0, 0.0, 0.0, 0.0, 0.0, 0.0, 0.0, 0.0, 0.0, 0.0, 0.0, 0.0, 0.0, 0.0, 0.0, 0.0, 0.0, 0.0, 0.0, 0.0, 0.0, 0.0, 0.0]",pca
54,beta,80.0,0.0702,0.2894505653834459,0.2995603603371783,0.2721434079446428,0.5,0.5564765291182359,0.7261182657543251,0.0,[],"[0.0, 0.0, 0.0, 0.0, 0.0, 0.0, 0.0, 0.0, 0.0, 0.0, 0.0, 0.0, 0.0, 0.0, 0.0, 0.0, 0.0, 0.0, 0.0, 0.0, 0.0, 0.0, 0.0, 0.0, 0.0, 0.0, 0.0, 0.0, 0.0, 0.0]",pca
54,beta,79.0,0.0702,0.2614380484129981,0.2686225943974654,0.251812400256393,0.5,0.5362808174950793,0.7160861684002521,0.0,[],"[0.0, 0.0, 0.0, 0.0, 0.0, 0.0, 0.0, 0.0, 0.0, 0.0, 0.0, 0.0, 0.0, 0.0, 0.0, 0.0, 0.0, 0.0, 0.0, 0.0, 0.0, 0.0, 0.0, 0.0, 0.0, 0.0, 0.0, 0.0, 0.0, 0.0]",pca
54,beta,39.0,0.0702,0.2836646824132109,0.2990913353893162,0.2730271939455229,0.5,0.5256794024307432,0.7279757202843721,0.0,[],"[0.0, 0.0, 0.0, 0.0, 0.0, 0.0, 0.0, 0.0, 0.0, 0.0, 0.0, 0.0, 0.0, 0.0, 0.0, 0.0, 0.0, 0.0, 0.0, 0.0, 0.0, 0.0, 0.0, 0.0, 0.0, 0.0, 0.0, 0.0, 0.0, 0.0]",pca
54,beta,78.0,0.0702,0.2773358384199397,0.2887072442135551,0.2636034982819976,0.5,0.5240661440147573,0.7269780617959022,0.0,[],"[0.0, 0.0, 0.0, 0.0, 0.0, 0.0, 0.0, 0.0, 0.0, 0.0, 0.0, 0.0, 0.0, 0.0, 0.0, 0.0, 0.0, 0.0, 0.0, 0.0, 0.0, 0.0, 0.0, 0.0, 0.0, 0.0, 0.0, 0.0, 0.0, 0.0]",pca
54,beta,81.0,0.0702,0.2479528338967687,0.252182922250828,0.2391568184834254,0.5,0.5274895789338377,0.6355381310024423,0.0,[],"[0.0, 0.0, 0.0, 0.0, 0.0, 0.0, 0.0, 0.0, 0.0, 0.0, 0.0, 0.0, 0.0, 0.0, 0.0, 0.0, 0.0, 0.0, 0.0, 0.0, 0.0, 0.0, 0.0, 0.0, 0.0, 0.0, 0.0, 0.0, 0.0, 0.0]",pca
54,beta,46.0,0.0702,0.2624517538374725,0.2723697249893927,0.2478340993490247,0.5,0.5228409090909091,0.7023181818181817,0.0,[],"[0.0, 0.0, 0.0, 0.0, 0.0, 0.0, 0.0, 0.0, 0.0, 0.0, 0.0, 0.0, 0.0, 0.0, 0.0, 0.0, 0.0, 0.0, 0.0, 0.0, 0.0, 0.0, 0.0, 0.0, 0.0, 0.0, 0.0, 0.0, 0.0, 0.0]",pca
54,beta,75.0,0.0702,0.2529070486887824,0.2442235271843282,0.2192887415938788,0.5,0.6132189939004394,0.7958614809470715,0.0,[],"[0.0, 0.0, 0.0, 0.0, 0.0, 0.0, 0.0, 0.0, 0.0, 0.0, 0.0, 0.0, 0.0, 0.0, 0.0, 0.0, 0.0, 0.0, 0.0, 0.0, 0.0, 0.0, 0.0, 0.0, 0.0, 0.0, 0.0, 0.0, 0.0, 0.0]",pca
54,beta,42.0,0.0702,0.2542277574731195,0.2544966362822702,0.2280069623901559,0.5,0.6170359040909652,0.7808135582746261,0.0,[],"[0.0, 0.0, 0.0, 0.0, 0.0, 0.0, 0.0, 0.0, 0.0, 0.0, 0.0, 0.0, 0.0, 0.0, 0.0, 0.0, 0.0, 0.0, 0.0, 0.0, 0.0, 0.0, 0.0, 0.0, 0.0, 0.0, 0.0, 0.0, 0.0, 0.0]",pca
54,beta,45.0,0.0702,0.2788619810388606,0.2856205074282529,0.27501516246177,0.5,0.6329047748131511,0.6132194813409234,0.0,[],"[0.0, 0.0, 0.0, 0.0, 0.0, 0.0, 0.0, 0.0, 0.0, 0.0, 0.0, 0.0, 0.0, 0.0, 0.0, 0.0, 0.0, 0.0, 0.0, 0.0, 0.0, 0.0, 0.0, 0.0, 0.0, 0.0, 0.0, 0.0, 0.0, 0.0]",pca
54,beta,53.0,0.0702,0.2828400882942902,0.2988441562715645,0.2791546279294707,0.5,0.5557471073832179,0.6462686072340285,0.0,[],"[0.0, 0.0, 0.0, 0.0, 0.0, 0.0, 0.0, 0.0, 0.0, 0.0, 0.0, 0.0, 0.0, 0.0, 0.0, 0.0, 0.0, 0.0, 0.0, 0.0, 0.0, 0.0, 0.0, 0.0, 0.0, 0.0, 0.0, 0.0, 0.0, 0.0]",pca
54,beta,31.0,0.0702,0.2531002750801421,0.2573536054418309,0.2386021876014226,0.5,0.4806025140875595,0.7365626354573039,0.0,[],"[0.0, 0.0, 0.0, 0.0, 0.0, 0.0, 0.0, 0.0, 0.0, 0.0, 0.0, 0.0, 0.0, 0.0, 0.0, 0.0, 0.0, 0.0, 0.0, 0.0, 0.0, 0.0, 0.0, 0.0, 0.0, 0.0, 0.0, 0.0, 0.0, 0.0]",pca
54,beta,47.0,0.0702,0.244301186216428,0.2471959695438087,0.2406652896764989,0.5,0.5301834775168742,0.6570206293373895,0.0,[],"[0.0, 0.0, 0.0, 0.0, 0.0, 0.0, 0.0, 0.0, 0.0, 0.0, 0.0, 0.0, 0.0, 0.0, 0.0, 0.0, 0.0, 0.0, 0.0, 0.0, 0.0, 0.0, 0.0, 0.0, 0.0, 0.0, 0.0, 0.0, 0.0, 0.0]",pca
54,beta,82.0,0.0702,0.2676561896061871,0.2828164453389342,0.2571569691841618,0.5,0.5578031891414699,0.6912588280732729,0.0,[],"[0.0, 0.0, 0.0, 0.0, 0.0, 0.0, 0.0, 0.0, 0.0, 0.0, 0.0, 0.0, 0.0, 0.0, 0.0, 0.0, 0.0, 0.0, 0.0, 0.0, 0.0, 0.0, 0.0, 0.0, 0.0, 0.0, 0.0, 0.0, 0.0, 0.0]",pca
54,beta,43.0,0.0702,0.2788020331952037,0.2885110466452057,0.2561845096777494,0.5,0.5885302371357513,0.7655441620449799,0.0,[],"[0.0, 0.0, 0.0, 0.0, 0.0, 0.0, 0.0, 0.0, 0.0, 0.0, 0.0, 0.0, 0.0, 0.0, 0.0, 0.0, 0.0, 0.0, 0.0, 0.0, 0.0, 0.0, 0.0, 0.0, 0.0, 0.0, 0.0, 0.0, 0.0, 0.0]",pca
54,beta,41.0,0.0702,0.2522182548186293,0.2566719547001531,0.2456238969142304,0.5,0.4964099216710183,0.6236648469024448,0.0,[],"[0.0, 0.0, 0.0, 0.0, 0.0, 0.0, 0.0, 0.0, 0.0, 0.0, 0.0, 0.0, 0.0, 0.0, 0.0, 0.0, 0.0, 0.0, 0.0, 0.0, 0.0, 0.0, 0.0, 0.0, 0.0, 0.0, 0.0, 0.0, 0.0, 0.0]",pca
54,beta,56.0,0.0702,0.2385518382470563,0.2368415661847172,0.2417953531220446,0.5,0.5571996235490955,0.6016504583638329,0.0,[],"[0.0, 0.0, 0.0, 0.0, 0.0, 0.0, 0.0, 0.0, 0.0, 0.0, 0.0, 0.0, 0.0, 0.0, 0.0, 0.0, 0.0, 0.0, 0.0, 0.0, 0.0, 0.0, 0.0, 0.0, 0.0, 0.0, 0.0, 0.0, 0.0, 0.0]",pca
54,beta,83.0,0.0702,0.2792181290810143,0.2848799948093335,0.2592781627232607,0.5,0.614604656240618,0.7659802396353612,0.0,[],"[0.0, 0.0, 0.0, 0.0, 0.0, 0.0, 0.0, 0.0, 0.0, 0.0, 0.0, 0.0, 0.0, 0.0, 0.0, 0.0, 0.0, 0.0, 0.0, 0.0, 0.0, 0.0, 0.0, 0.0, 0.0, 0.0, 0.0, 0.0, 0.0, 0.0]",pca
54,beta,38.0,0.0702,0.2764934480530646,0.2874560306968496,0.2763585874479737,0.5,0.562104915026195,0.6389909877406212,0.0,[],"[0.0, 0.0, 0.0, 0.0, 0.0, 0.0, 0.0, 0.0, 0.0, 0.0, 0.0, 0.0, 0.0, 0.0, 0.0, 0.0, 0.0, 0.0, 0.0, 0.0, 0.0, 0.0, 0.0, 0.0, 0.0, 0.0, 0.0, 0.0, 0.0, 0.0]",pca
54,beta,60.0,0.0702,0.2702979227225785,0.2784063908829987,0.2589301678298257,0.5,0.5827444134078212,0.7288407821229049,0.0,[],"[0.0, 0.0, 0.0, 0.0, 0.0, 0.0, 0.0, 0.0, 0.0, 0.0, 0.0, 0.0, 0.0, 0.0, 0.0, 0.0, 0.0, 0.0, 0.0, 0.0, 0.0, 0.0, 0.0, 0.0, 0.0, 0.0, 0.0, 0.0, 0.0, 0.0]",pca
54,beta,54.0,0.0702,0.2668239239096532,0.261450216970319,0.2289697829080438,0.5,0.5889085008255992,0.7837356943574559,0.0,[],"[0.0, 0.0, 0.0, 0.0, 0.0, 0.0, 0.0, 0.0, 0.0, 0.0, 0.0, 0.0, 0.0, 0.0, 0.0, 0.0, 0.0, 0.0, 0.0, 0.0, 0.0, 0.0, 0.0, 0.0, 0.0, 0.0, 0.0, 0.0, 0.0, 0.0]",pca
54,beta,64.0,0.0702,0.2608413222087862,0.266630541445648,0.2564758997250954,0.5,0.5822053714344726,0.6902315426092986,0.0,[],"[0.0, 0.0, 0.0, 0.0, 0.0, 0.0, 0.0, 0.0, 0.0, 0.0, 0.0, 0.0, 0.0, 0.0, 0.0, 0.0, 0.0, 0.0, 0.0, 0.0, 0.0, 0.0, 0.0, 0.0, 0.0, 0.0, 0.0, 0.0, 0.0, 0.0]",pca
54,beta,50.0,0.0702,0.2806971732872111,0.2937165317340022,0.2715598900146082,0.5,0.5547957063711911,0.6965965489381348,0.0,[],"[0.0, 0.0, 0.0, 0.0, 0.0, 0.0, 0.0, 0.0, 0.0, 0.0, 0.0, 0.0, 0.0, 0.0, 0.0, 0.0, 0.0, 0.0, 0.0, 0.0, 0.0, 0.0, 0.0, 0.0, 0.0, 0.0, 0.0, 0.0, 0.0, 0.0]",pca
54,beta,57.0,0.0702,0.2716365086065577,0.2774155886385541,0.2542289590456213,0.5,0.5939208069242827,0.740325768418183,0.0,[],"[0.0, 0.0, 0.0, 0.0, 0.0, 0.0, 0.0, 0.0, 0.0, 0.0, 0.0, 0.0, 0.0, 0.0, 0.0, 0.0, 0.0, 0.0, 0.0, 0.0, 0.0, 0.0, 0.0, 0.0, 0.0, 0.0, 0.0, 0.0, 0.0, 0.0]",pca
54,beta,44.0,0.0702,0.2454320928907148,0.2443068358168985,0.2345286580882228,0.5,0.573564636064636,0.6823073073073075,0.0,[],"[0.0, 0.0, 0.0, 0.0, 0.0, 0.0, 0.0, 0.0, 0.0, 0.0, 0.0, 0.0, 0.0, 0.0, 0.0, 0.0, 0.0, 0.0, 0.0, 0.0, 0.0, 0.0, 0.0, 0.0, 0.0, 0.0, 0.0, 0.0, 0.0, 0.0]",pca
54,beta,63.0,0.0702,0.2736141996295413,0.2849278515125376,0.2551676448513204,0.5,0.544439061721114,0.7221602038881985,0.0,[],"[0.0, 0.0, 0.0, 0.0, 0.0, 0.0, 0.0, 0.0, 0.0, 0.0, 0.0, 0.0, 0.0, 0.0, 0.0, 0.0, 0.0, 0.0, 0.0, 0.0, 0.0, 0.0, 0.0, 0.0, 0.0, 0.0, 0.0, 0.0, 0.0, 0.0]",pca
54,beta,85.0,0.0702,0.2484045978567504,0.2465677162774161,0.2234341184320186,0.5,0.5385326311938617,0.7577330008760699,0.0,[],"[0.0, 0.0, 0.0, 0.0, 0.0, 0.0, 0.0, 0.0, 0.0, 0.0, 0.0, 0.0, 0.0, 0.0, 0.0, 0.0, 0.0, 0.0, 0.0, 0.0, 0.0, 0.0, 0.0, 0.0, 0.0, 0.0, 0.0, 0.0, 0.0, 0.0]",pca
54,beta,58.0,0.0702,0.2776984109677508,0.2902583182972239,0.2743496259196299,0.5,0.5409589155719187,0.6952137896410342,0.0,[],"[0.0, 0.0, 0.0, 0.0, 0.0, 0.0, 0.0, 0.0, 0.0, 0.0, 0.0, 0.0, 0.0, 0.0, 0.0, 0.0, 0.0, 0.0, 0.0, 0.0, 0.0, 0.0, 0.0, 0.0, 0.0, 0.0, 0.0, 0.0, 0.0, 0.0]",pca
54,beta,66.0,0.0702,0.2964394033951187,0.3224954190409393,0.2997578264325081,0.5,0.5102017212640746,0.6439704731775351,0.0,[],"[0.0, 0.0, 0.0, 0.0, 0.0, 0.0, 0.0, 0.0, 0.0, 0.0, 0.0, 0.0, 0.0, 0.0, 0.0, 0.0, 0.0, 0.0, 0.0, 0.0, 0.0, 0.0, 0.0, 0.0, 0.0, 0.0, 0.0, 0.0, 0.0, 0.0]",pca
54,beta,55.0,0.0702,0.2890981446017616,0.3079935103187905,0.2958799929268062,0.5,0.5393158424270568,0.6213076903232464,0.0,[],"[0.0, 0.0, 0.0, 0.0, 0.0, 0.0, 0.0, 0.0, 0.0, 0.0, 0.0, 0.0, 0.0, 0.0, 0.0, 0.0, 0.0, 0.0, 0.0, 0.0, 0.0, 0.0, 0.0, 0.0, 0.0, 0.0, 0.0, 0.0, 0.0, 0.0]",pca
54,beta,84.0,0.0702,0.2634244110774574,0.2655807626576091,0.252633469969538,0.5,0.5758402903811253,0.7028675136116154,0.0,[],"[0.0, 0.0, 0.0, 0.0, 0.0, 0.0, 0.0, 0.0, 0.0, 0.0, 0.0, 0.0, 0.0, 0.0, 0.0, 0.0, 0.0, 0.0, 0.0, 0.0, 0.0, 0.0, 0.0, 0.0, 0.0, 0.0, 0.0, 0.0, 0.0, 0.0]",pca
54,beta,51.0,0.0702,0.2653632416970451,0.2803790860314156,0.2628676547576545,0.5,0.4510293560137797,0.639610014999423,0.0,[],"[0.0, 0.0, 0.0, 0.0, 0.0, 0.0, 0.0, 0.0, 0.0, 0.0, 0.0, 0.0, 0.0, 0.0, 0.0, 0.0, 0.0, 0.0, 0.0, 0.0, 0.0, 0.0, 0.0, 0.0, 0.0, 0.0, 0.0, 0.0, 0.0, 0.0]",pca
54,beta,65.0,0.0702,0.2811275984066043,0.2936760819548088,0.2706687118212436,0.5,0.558298706124793,0.699942569507787,0.0,[],"[0.0, 0.0, 0.0, 0.0, 0.0, 0.0, 0.0, 0.0, 0.0, 0.0, 0.0, 0.0, 0.0, 0.0, 0.0, 0.0, 0.0, 0.0, 0.0, 0.0, 0.0, 0.0, 0.0, 0.0, 0.0, 0.0, 0.0, 0.0, 0.0, 0.0]",pca
54,beta,70.0,0.0702,0.2652010620051332,0.2652523568396527,0.2547662987534903,0.5,0.5881964243288191,0.7090386671418388,0.0,[],"[0.0, 0.0, 0.0, 0.0, 0.0, 0.0, 0.0, 0.0, 0.0, 0.0, 0.0, 0.0, 0.0, 0.0, 0.0, 0.0, 0.0, 0.0, 0.0, 0.0, 0.0, 0.0, 0.0, 0.0, 0.0, 0.0, 0.0, 0.0, 0.0, 0.0]",pca
54,beta,59.0,0.0702,0.2913336328429276,0.3077924683147598,0.2883828911795026,0.5,0.5769395054093855,0.699331238006592,0.0,[],"[0.0, 0.0, 0.0, 0.0, 0.0, 0.0, 0.0, 0.0, 0.0, 0.0, 0.0, 0.0, 0.0, 0.0, 0.0, 0.0, 0.0, 0.0, 0.0, 0.0, 0.0, 0.0, 0.0, 0.0, 0.0, 0.0, 0.0, 0.0, 0.0, 0.0]",pca
54,beta,62.0,0.0702,0.2614724580336114,0.2607418017438114,0.2442535901982012,0.5,0.5706354300385109,0.7008023106546855,0.0,[],"[0.0, 0.0, 0.0, 0.0, 0.0, 0.0, 0.0, 0.0, 0.0, 0.0, 0.0, 0.0, 0.0, 0.0, 0.0, 0.0, 0.0, 0.0, 0.0, 0.0, 0.0, 0.0, 0.0, 0.0, 0.0, 0.0, 0.0, 0.0, 0.0, 0.0]",pca
54,beta,67.0,0.0702,0.2464821566014883,0.245145309780352,0.2283250388903612,0.5,0.5837266287947431,0.733688415446072,0.0,[],"[0.0, 0.0, 0.0, 0.0, 0.0, 0.0, 0.0, 0.0, 0.0, 0.0, 0.0, 0.0, 0.0, 0.0, 0.0, 0.0, 0.0, 0.0, 0.0, 0.0, 0.0, 0.0, 0.0, 0.0, 0.0, 0.0, 0.0, 0.0, 0.0, 0.0]",pca
54,beta,52.0,0.0702,0.2660503348001611,0.2747881230267292,0.2649537327925864,0.5,0.5309645923041058,0.6675420312114313,0.0,[],"[0.0, 0.0, 0.0, 0.0, 0.0, 0.0, 0.0, 0.0, 0.0, 0.0, 0.0, 0.0, 0.0, 0.0, 0.0, 0.0, 0.0, 0.0, 0.0, 0.0, 0.0, 0.0, 0.0, 0.0, 0.0, 0.0, 0.0, 0.0, 0.0, 0.0]",pca
54,beta,69.0,0.0702,0.2828113872021442,0.2933967642697681,0.263209637147775,0.5,0.5851696375426836,0.7367375708781054,0.0,[],"[0.0, 0.0, 0.0, 0.0, 0.0, 0.0, 0.0, 0.0, 0.0, 0.0, 0.0, 0.0, 0.0, 0.0, 0.0, 0.0, 0.0, 0.0, 0.0, 0.0, 0.0, 0.0, 0.0, 0.0, 0.0, 0.0, 0.0, 0.0, 0.0, 0.0]",pca
54,beta,49.0,0.0702,0.2582229900942229,0.2597201314684466,0.2278478761633424,0.5,0.5452803030303031,0.7668257575757575,0.0,[],"[0.0, 0.0, 0.0, 0.0, 0.0, 0.0, 0.0, 0.0, 0.0, 0.0, 0.0, 0.0, 0.0, 0.0, 0.0, 0.0, 0.0, 0.0, 0.0, 0.0, 0.0, 0.0, 0.0, 0.0, 0.0, 0.0, 0.0, 0.0, 0.0, 0.0]",pca
54,beta,61.0,0.0702,0.2666808908116042,0.2787953789513775,0.2576189181347053,0.5,0.5541045766503622,0.6668031699086188,0.0,[],"[0.0, 0.0, 0.0, 0.0, 0.0, 0.0, 0.0, 0.0, 0.0, 0.0, 0.0, 0.0, 0.0, 0.0, 0.0, 0.0, 0.0, 0.0, 0.0, 0.0, 0.0, 0.0, 0.0, 0.0, 0.0, 0.0, 0.0, 0.0, 0.0, 0.0]",pca
54,beta,86.0,0.0702,0.2621396651297328,0.2603117858767016,0.252528516839825,0.5,0.6487404248598279,0.658920405189062,0.0,[],"[0.0, 0.0, 0.0, 0.0, 0.0, 0.0, 0.0, 0.0, 0.0, 0.0, 0.0, 0.0, 0.0, 0.0, 0.0, 0.0, 0.0, 0.0, 0.0, 0.0, 0.0, 0.0, 0.0, 0.0, 0.0, 0.0, 0.0, 0.0, 0.0, 0.0]",pca
54,beta,88.0,0.0702,0.278952940337224,0.2900466018878506,0.2793154543585749,0.5,0.5941158749503609,0.6579895107289085,0.0,[],"[0.0, 0.0, 0.0, 0.0, 0.0, 0.0, 0.0, 0.0, 0.0, 0.0, 0.0, 0.0, 0.0, 0.0, 0.0, 0.0, 0.0, 0.0, 0.0, 0.0, 0.0, 0.0, 0.0, 0.0, 0.0, 0.0, 0.0, 0.0, 0.0, 0.0]",pca
54,beta,68.0,0.0702,0.2666116929138221,0.2716700927224827,0.2506986927794957,0.5,0.5379961634941715,0.6992847324153677,0.0,[],"[0.0, 0.0, 0.0, 0.0, 0.0, 0.0, 0.0, 0.0, 0.0, 0.0, 0.0, 0.0, 0.0, 0.0, 0.0, 0.0, 0.0, 0.0, 0.0, 0.0, 0.0, 0.0, 0.0, 0.0, 0.0, 0.0, 0.0, 0.0, 0.0, 0.0]",pca
54,beta,87.0,0.0702,0.2697926649544018,0.2727671717317829,0.2598114833651307,0.5,0.5929841235218047,0.6948958446940778,0.0,[],"[0.0, 0.0, 0.0, 0.0, 0.0, 0.0, 0.0, 0.0, 0.0, 0.0, 0.0, 0.0, 0.0, 0.0, 0.0, 0.0, 0.0, 0.0, 0.0, 0.0, 0.0, 0.0, 0.0, 0.0, 0.0, 0.0, 0.0, 0.0, 0.0, 0.0]",pca
54,beta,89.0,0.0702,0.2596992895569409,0.2578659291246081,0.239694197373404,0.5,0.61148291913919,0.7298219783161558,0.0,[],"[0.0, 0.0, 0.0, 0.0, 0.0, 0.0, 0.0, 0.0, 0.0, 0.0, 0.0, 0.0, 0.0, 0.0, 0.0, 0.0, 0.0, 0.0, 0.0, 0.0, 0.0, 0.0, 0.0, 0.0, 0.0, 0.0, 0.0, 0.0, 0.0, 0.0]",pca
54,beta,90.0,0.0702,0.2848047938573605,0.3048086414620909,0.2780610734358943,0.5,0.5194359323572807,0.7046376688230621,0.0,[],"[0.0, 0.0, 0.0, 0.0, 0.0, 0.0, 0.0, 0.0, 0.0, 0.0, 0.0, 0.0, 0.0, 0.0, 0.0, 0.0, 0.0, 0.0, 0.0, 0.0, 0.0, 0.0, 0.0, 0.0, 0.0, 0.0, 0.0, 0.0, 0.0, 0.0]",pca
54,beta,94.0,0.0702,0.2619885292554274,0.2654857551018414,0.2589871350309616,0.5,0.5838802296964725,0.6891040665651003,0.0,[],"[0.0, 0.0, 0.0, 0.0, 0.0, 0.0, 0.0, 0.0, 0.0, 0.0, 0.0, 0.0, 0.0, 0.0, 0.0, 0.0, 0.0, 0.0, 0.0, 0.0, 0.0, 0.0, 0.0, 0.0, 0.0, 0.0, 0.0, 0.0, 0.0, 0.0]",pca
54,beta,91.0,0.0702,0.2613877580512725,0.2581458826138646,0.242033663467382,0.5,0.5638727238595833,0.7231712658782303,0.0,[],"[0.0, 0.0, 0.0, 0.0, 0.0, 0.0, 0.0, 0.0, 0.0, 0.0, 0.0, 0.0, 0.0, 0.0, 0.0, 0.0, 0.0, 0.0, 0.0, 0.0, 0.0, 0.0, 0.0, 0.0, 0.0, 0.0, 0.0, 0.0, 0.0, 0.0]",pca
54,beta,99.0,0.0702,0.2754971048104321,0.2805070202785323,0.2609758508789884,0.5,0.5871627967226918,0.7515463583665275,0.0,[],"[0.0, 0.0, 0.0, 0.0, 0.0, 0.0, 0.0, 0.0, 0.0, 0.0, 0.0, 0.0, 0.0, 0.0, 0.0, 0.0, 0.0, 0.0, 0.0, 0.0, 0.0, 0.0, 0.0, 0.0, 0.0, 0.0, 0.0, 0.0, 0.0, 0.0]",pca
54,beta,93.0,0.0702,0.2544727022289703,0.2617454088212829,0.242327518903395,0.5,0.5254037800687286,0.6807388316151203,0.0,[],"[0.0, 0.0, 0.0, 0.0, 0.0, 0.0, 0.0, 0.0, 0.0, 0.0, 0.0, 0.0, 0.0, 0.0, 0.0, 0.0, 0.0, 0.0, 0.0, 0.0, 0.0, 0.0, 0.0, 0.0, 0.0, 0.0, 0.0, 0.0, 0.0, 0.0]",pca
54,beta,95.0,0.0702,0.2575904294361886,0.2557878175799961,0.2410318041522692,0.5,0.5849950396825396,0.7426339285714285,0.0,[],"[0.0, 0.0, 0.0, 0.0, 0.0, 0.0, 0.0, 0.0, 0.0, 0.0, 0.0, 0.0, 0.0, 0.0, 0.0, 0.0, 0.0, 0.0, 0.0, 0.0, 0.0, 0.0, 0.0, 0.0, 0.0, 0.0, 0.0, 0.0, 0.0, 0.0]",pca
54,beta,98.0,0.0702,0.258827379377024,0.2494272212154708,0.2421678565888291,0.5,0.5913145973929925,0.705656220147299,0.0,[],"[0.0, 0.0, 0.0, 0.0, 0.0, 0.0, 0.0, 0.0, 0.0, 0.0, 0.0, 0.0, 0.0, 0.0, 0.0, 0.0, 0.0, 0.0, 0.0, 0.0, 0.0, 0.0, 0.0, 0.0, 0.0, 0.0, 0.0, 0.0, 0.0, 0.0]",pca
54,beta,97.0,0.0702,0.2473490428177531,0.2437460954059964,0.2284134041149479,0.5,0.566830171393671,0.6938294461197847,0.0,[],"[0.0, 0.0, 0.0, 0.0, 0.0, 0.0, 0.0, 0.0, 0.0, 0.0, 0.0, 0.0, 0.0, 0.0, 0.0, 0.0, 0.0, 0.0, 0.0, 0.0, 0.0, 0.0, 0.0, 0.0, 0.0, 0.0, 0.0, 0.0, 0.0, 0.0]",pca
54,beta,92.0,0.0702,0.2864095892037767,0.3057068864847854,0.2785692807981989,0.5,0.5511115205109309,0.7191169245885531,0.0,[],"[0.0, 0.0, 0.0, 0.0, 0.0, 0.0, 0.0, 0.0, 0.0, 0.0, 0.0, 0.0, 0.0, 0.0, 0.0, 0.0, 0.0, 0.0, 0.0, 0.0, 0.0, 0.0, 0.0, 0.0, 0.0, 0.0, 0.0, 0.0, 0.0, 0.0]",pca
54,beta,96.0,0.0702,0.2629617523966815,0.2619525804294986,0.2394925659082123,0.5,0.5824397684956705,0.7592310108125084,0.0,[],"[0.0, 0.0, 0.0, 0.0, 0.0, 0.0, 0.0, 0.0, 0.0, 0.0, 0.0, 0.0, 0.0, 0.0, 0.0, 0.0, 0.0, 0.0, 0.0, 0.0, 0.0, 0.0, 0.0, 0.0, 0.0, 0.0, 0.0, 0.0, 0.0, 0.0]",pca
54,beta,5.0,0.0756,0.2616193070017826,0.2684446490871227,0.2600138202763006,0.5,0.6163379080064133,0.6685127164143977,0.0,[],"[0.0, 0.0, 0.0, 0.0, 0.0, 0.0, 0.0, 0.0, 0.0, 0.0, 0.0, 0.0, 0.0, 0.0, 0.0, 0.0, 0.0, 0.0, 0.0, 0.0, 0.0, 0.0, 0.0, 0.0, 0.0, 0.0, 0.0, 0.0, 0.0, 0.0]",pca
54,beta,3.0,0.0756,0.2600613681646652,0.2699348220259572,0.2603573191092909,0.5,0.5614374557665376,0.6581035702992065,0.0,[],"[0.0, 0.0, 0.0, 0.0, 0.0, 0.0, 0.0, 0.0, 0.0, 0.0, 0.0, 0.0, 0.0, 0.0, 0.0, 0.0, 0.0, 0.0, 0.0, 0.0, 0.0, 0.0, 0.0, 0.0, 0.0, 0.0, 0.0, 0.0, 0.0, 0.0]",pca
54,beta,0.0,0.0756,0.281572739545136,0.2897992539503829,0.2643561491096121,0.5,0.5996241954759471,0.7373111978229254,0.0,[],"[0.0, 0.0, 0.0, 0.0, 0.0, 0.0, 0.0, 0.0, 0.0, 0.0, 0.0, 0.0, 0.0, 0.0, 0.0, 0.0, 0.0, 0.0, 0.0, 0.0, 0.0, 0.0, 0.0, 0.0, 0.0, 0.0, 0.0, 0.0, 0.0, 0.0]",pca
54,beta,2.0,0.0756,0.2495620960358432,0.2434427663431785,0.2241825775715289,0.5,0.6279682750759878,0.7582003546099291,0.0,[],"[0.0, 0.0, 0.0, 0.0, 0.0, 0.0, 0.0, 0.0, 0.0, 0.0, 0.0, 0.0, 0.0, 0.0, 0.0, 0.0, 0.0, 0.0, 0.0, 0.0, 0.0, 0.0, 0.0, 0.0, 0.0, 0.0, 0.0, 0.0, 0.0, 0.0]",pca
54,beta,1.0,0.0756,0.2785951027486996,0.2902501426716141,0.2675007896322557,0.5,0.5665864533937292,0.6993134687522118,0.0,[],"[0.0, 0.0, 0.0, 0.0, 0.0, 0.0, 0.0, 0.0, 0.0, 0.0, 0.0, 0.0, 0.0, 0.0, 0.0, 0.0, 0.0, 0.0, 0.0, 0.0, 0.0, 0.0, 0.0, 0.0, 0.0, 0.0, 0.0, 0.0, 0.0, 0.0]",pca
54,beta,6.0,0.0756,0.2747260658349709,0.2769866175233411,0.2526976799010016,0.5,0.6008714811891608,0.7284267298079453,0.0,[],"[0.0, 0.0, 0.0, 0.0, 0.0, 0.0, 0.0, 0.0, 0.0, 0.0, 0.0, 0.0, 0.0, 0.0, 0.0, 0.0, 0.0, 0.0, 0.0, 0.0, 0.0, 0.0, 0.0, 0.0, 0.0, 0.0, 0.0, 0.0, 0.0, 0.0]",pca
54,beta,10.0,0.0756,0.2711055500199741,0.2819676250852603,0.2613557461680341,0.5,0.5443998811645869,0.7132427213309566,0.0,[],"[0.0, 0.0, 0.0, 0.0, 0.0, 0.0, 0.0, 0.0, 0.0, 0.0, 0.0, 0.0, 0.0, 0.0, 0.0, 0.0, 0.0, 0.0, 0.0, 0.0, 0.0, 0.0, 0.0, 0.0, 0.0, 0.0, 0.0, 0.0, 0.0, 0.0]",pca
54,beta,4.0,0.0756,0.2610414052572765,0.2678962264611476,0.2491655804231392,0.5,0.569220712518093,0.6836313831691334,0.0,[],"[0.0, 0.0, 0.0, 0.0, 0.0, 0.0, 0.0, 0.0, 0.0, 0.0, 0.0, 0.0, 0.0, 0.0, 0.0, 0.0, 0.0, 0.0, 0.0, 0.0, 0.0, 0.0, 0.0, 0.0, 0.0, 0.0, 0.0, 0.0, 0.0, 0.0]",pca
54,beta,14.0,0.0756,0.2685810422970259,0.2767156150162104,0.2599211492548385,0.5,0.5706202867497511,0.6482335512274329,0.0,[],"[0.0, 0.0, 0.0, 0.0, 0.0, 0.0, 0.0, 0.0, 0.0, 0.0, 0.0, 0.0, 0.0, 0.0, 0.0, 0.0, 0.0, 0.0, 0.0, 0.0, 0.0, 0.0, 0.0, 0.0, 0.0, 0.0, 0.0, 0.0, 0.0, 0.0]",pca
54,beta,8.0,0.0756,0.2638855809846538,0.2725429616536821,0.2746203315904107,0.5,0.5986706122024119,0.5998156106410504,0.0,[],"[0.0, 0.0, 0.0, 0.0, 0.0, 0.0, 0.0, 0.0, 0.0, 0.0, 0.0, 0.0, 0.0, 0.0, 0.0, 0.0, 0.0, 0.0, 0.0, 0.0, 0.0, 0.0, 0.0, 0.0, 0.0, 0.0, 0.0, 0.0, 0.0, 0.0]",pca
54,beta,12.0,0.0756,0.2597641048530327,0.2622171893718359,0.2621233502910475,0.5,0.5787281399046105,0.6497376788553259,0.0,[],"[0.0, 0.0, 0.0, 0.0, 0.0, 0.0, 0.0, 0.0, 0.0, 0.0, 0.0, 0.0, 0.0, 0.0, 0.0, 0.0, 0.0, 0.0, 0.0, 0.0, 0.0, 0.0, 0.0, 0.0, 0.0, 0.0, 0.0, 0.0, 0.0, 0.0]",pca
54,beta,7.0,0.0756,0.2606414142992545,0.2660151309374284,0.2317296225452909,0.5,0.5319323841144171,0.7614608606819053,0.0,[],"[0.0, 0.0, 0.0, 0.0, 0.0, 0.0, 0.0, 0.0, 0.0, 0.0, 0.0, 0.0, 0.0, 0.0, 0.0, 0.0, 0.0, 0.0, 0.0, 0.0, 0.0, 0.0, 0.0, 0.0, 0.0, 0.0, 0.0, 0.0, 0.0, 0.0]",pca
54,beta,24.0,0.0756,0.2900763593641032,0.2991071781878257,0.2667009915796147,0.5,0.5854136776661885,0.7594153515064562,0.0,[],"[0.0, 0.0, 0.0, 0.0, 0.0, 0.0, 0.0, 0.0, 0.0, 0.0, 0.0, 0.0, 0.0, 0.0, 0.0, 0.0, 0.0, 0.0, 0.0, 0.0, 0.0, 0.0, 0.0, 0.0, 0.0, 0.0, 0.0, 0.0, 0.0, 0.0]",pca
54,beta,9.0,0.0756,0.2573521289492059,0.2608492913457901,0.2588820668208716,0.5,0.6115793918918919,0.6660388513513513,0.0,[],"[0.0, 0.0, 0.0, 0.0, 0.0, 0.0, 0.0, 0.0, 0.0, 0.0, 0.0, 0.0, 0.0, 0.0, 0.0, 0.0, 0.0, 0.0, 0.0, 0.0, 0.0, 0.0, 0.0, 0.0, 0.0, 0.0, 0.0, 0.0, 0.0, 0.0]",pca
54,beta,11.0,0.0756,0.2601588292036993,0.261959193222247,0.2545531322142674,0.5,0.640718342060624,0.7086068294121985,0.0,[],"[0.0, 0.0, 0.0, 0.0, 0.0, 0.0, 0.0, 0.0, 0.0, 0.0, 0.0, 0.0, 0.0, 0.0, 0.0, 0.0, 0.0, 0.0, 0.0, 0.0, 0.0, 0.0, 0.0, 0.0, 0.0, 0.0, 0.0, 0.0, 0.0, 0.0]",pca
54,beta,16.0,0.0756,0.2756864568525844,0.2806376440135098,0.247508546183162,0.5,0.5937119113573407,0.7818005540166206,0.0,[],"[0.0, 0.0, 0.0, 0.0, 0.0, 0.0, 0.0, 0.0, 0.0, 0.0, 0.0, 0.0, 0.0, 0.0, 0.0, 0.0, 0.0, 0.0, 0.0, 0.0, 0.0, 0.0, 0.0, 0.0, 0.0, 0.0, 0.0, 0.0, 0.0, 0.0]",pca
54,beta,20.0,0.0756,0.2628800830739616,0.2615029455907067,0.2319216353696559,0.5,0.5906329035839862,0.7886851520572451,0.0,[],"[0.0, 0.0, 0.0, 0.0, 0.0, 0.0, 0.0, 0.0, 0.0, 0.0, 0.0, 0.0, 0.0, 0.0, 0.0, 0.0, 0.0, 0.0, 0.0, 0.0, 0.0, 0.0, 0.0, 0.0, 0.0, 0.0, 0.0, 0.0, 0.0, 0.0]",pca
54,beta,17.0,0.0756,0.2637836925627149,0.2674946480732597,0.2472197717634179,0.5,0.5986029254475581,0.731664318538899,0.0,[],"[0.0, 0.0, 0.0, 0.0, 0.0, 0.0, 0.0, 0.0, 0.0, 0.0, 0.0, 0.0, 0.0, 0.0, 0.0, 0.0, 0.0, 0.0, 0.0, 0.0, 0.0, 0.0, 0.0, 0.0, 0.0, 0.0, 0.0, 0.0, 0.0, 0.0]",pca
54,beta,15.0,0.0756,0.2717116111576571,0.2729533950950198,0.2532576860765917,0.5,0.5854673108863053,0.7276687301826967,0.0,[],"[0.0, 0.0, 0.0, 0.0, 0.0, 0.0, 0.0, 0.0, 0.0, 0.0, 0.0, 0.0, 0.0, 0.0, 0.0, 0.0, 0.0, 0.0, 0.0, 0.0, 0.0, 0.0, 0.0, 0.0, 0.0, 0.0, 0.0, 0.0, 0.0, 0.0]",pca
54,beta,23.0,0.0756,0.2748753888481758,0.2788819919583407,0.2492152653274147,0.5,0.5886102268490637,0.7547535059795235,0.0,[],"[0.0, 0.0, 0.0, 0.0, 0.0, 0.0, 0.0, 0.0, 0.0, 0.0, 0.0, 0.0, 0.0, 0.0, 0.0, 0.0, 0.0, 0.0, 0.0, 0.0, 0.0, 0.0, 0.0, 0.0, 0.0, 0.0, 0.0, 0.0, 0.0, 0.0]",pca
54,beta,22.0,0.0756,0.2837419185874003,0.3046494117796562,0.2752861068103136,0.5,0.4992868004252284,0.6934856619972279,0.0,[],"[0.0, 0.0, 0.0, 0.0, 0.0, 0.0, 0.0, 0.0, 0.0, 0.0, 0.0, 0.0, 0.0, 0.0, 0.0, 0.0, 0.0, 0.0, 0.0, 0.0, 0.0, 0.0, 0.0, 0.0, 0.0, 0.0, 0.0, 0.0, 0.0, 0.0]",pca
54,beta,27.0,0.0756,0.2628555518187883,0.2615293557691809,0.246642311206427,0.5,0.6090891541933952,0.734111427892611,0.0,[],"[0.0, 0.0, 0.0, 0.0, 0.0, 0.0, 0.0, 0.0, 0.0, 0.0, 0.0, 0.0, 0.0, 0.0, 0.0, 0.0, 0.0, 0.0, 0.0, 0.0, 0.0, 0.0, 0.0, 0.0, 0.0, 0.0, 0.0, 0.0, 0.0, 0.0]",pca
54,beta,18.0,0.0756,0.252771114290939,0.255262114573614,0.242941827601051,0.5,0.6159530341629107,0.6899127963942778,0.0,[],"[0.0, 0.0, 0.0, 0.0, 0.0, 0.0, 0.0, 0.0, 0.0, 0.0, 0.0, 0.0, 0.0, 0.0, 0.0, 0.0, 0.0, 0.0, 0.0, 0.0, 0.0, 0.0, 0.0, 0.0, 0.0, 0.0, 0.0, 0.0, 0.0, 0.0]",pca
54,beta,13.0,0.0756,0.2576909067500987,0.2529829403700694,0.2248971588159902,0.5,0.6561267547367551,0.7696985575994925,0.0,[],"[0.0, 0.0, 0.0, 0.0, 0.0, 0.0, 0.0, 0.0, 0.0, 0.0, 0.0, 0.0, 0.0, 0.0, 0.0, 0.0, 0.0, 0.0, 0.0, 0.0, 0.0, 0.0, 0.0, 0.0, 0.0, 0.0, 0.0, 0.0, 0.0, 0.0]",pca
54,beta,30.0,0.0756,0.2555378502535331,0.2554948845890617,0.2476116702874345,0.5,0.5473332739016622,0.6889562447828449,0.0,[],"[0.0, 0.0, 0.0, 0.0, 0.0, 0.0, 0.0, 0.0, 0.0, 0.0, 0.0, 0.0, 0.0, 0.0, 0.0, 0.0, 0.0, 0.0, 0.0, 0.0, 0.0, 0.0, 0.0, 0.0, 0.0, 0.0, 0.0, 0.0, 0.0, 0.0]",pca
54,beta,54.0,0.0756,0.2668239239096532,0.261450216970319,0.2287079498981961,0.5,0.5889085008255992,0.7846253487445197,0.0,[],"[0.0, 0.0, 0.0, 0.0, 0.0, 0.0, 0.0, 0.0, 0.0, 0.0, 0.0, 0.0, 0.0, 0.0, 0.0, 0.0, 0.0, 0.0, 0.0, 0.0, 0.0, 0.0, 0.0, 0.0, 0.0, 0.0, 0.0, 0.0, 0.0, 0.0]",pca
54,beta,25.0,0.0756,0.2845510566600645,0.2913358577766932,0.2562160481081222,0.5,0.5862418006859121,0.7855059434621915,0.0,[],"[0.0, 0.0, 0.0, 0.0, 0.0, 0.0, 0.0, 0.0, 0.0, 0.0, 0.0, 0.0, 0.0, 0.0, 0.0, 0.0, 0.0, 0.0, 0.0, 0.0, 0.0, 0.0, 0.0, 0.0, 0.0, 0.0, 0.0, 0.0, 0.0, 0.0]",pca
54,beta,29.0,0.0756,0.2810209321620384,0.2988276637453995,0.2758471040203078,0.5,0.5077633516262883,0.6725635419919989,0.0,[],"[0.0, 0.0, 0.0, 0.0, 0.0, 0.0, 0.0, 0.0, 0.0, 0.0, 0.0, 0.0, 0.0, 0.0, 0.0, 0.0, 0.0, 0.0, 0.0, 0.0, 0.0, 0.0, 0.0, 0.0, 0.0, 0.0, 0.0, 0.0, 0.0, 0.0]",pca
54,beta,37.0,0.0756,0.2671380845044079,0.2698477255390873,0.2567688451822828,0.5,0.590795238817067,0.685968369460866,0.0,[],"[0.0, 0.0, 0.0, 0.0, 0.0, 0.0, 0.0, 0.0, 0.0, 0.0, 0.0, 0.0, 0.0, 0.0, 0.0, 0.0, 0.0, 0.0, 0.0, 0.0, 0.0, 0.0, 0.0, 0.0, 0.0, 0.0, 0.0, 0.0, 0.0, 0.0]",pca
54,beta,26.0,0.0756,0.270311608064977,0.2778689690088576,0.2661635045246124,0.5,0.5710270822687787,0.6871688674932093,0.0,[],"[0.0, 0.0, 0.0, 0.0, 0.0, 0.0, 0.0, 0.0, 0.0, 0.0, 0.0, 0.0, 0.0, 0.0, 0.0, 0.0, 0.0, 0.0, 0.0, 0.0, 0.0, 0.0, 0.0, 0.0, 0.0, 0.0, 0.0, 0.0, 0.0, 0.0]",pca
54,beta,36.0,0.0756,0.2630909489506219,0.267453714671273,0.2448705138724884,0.5,0.5659757516830924,0.7555280564517317,0.0,[],"[0.0, 0.0, 0.0, 0.0, 0.0, 0.0, 0.0, 0.0, 0.0, 0.0, 0.0, 0.0, 0.0, 0.0, 0.0, 0.0, 0.0, 0.0, 0.0, 0.0, 0.0, 0.0, 0.0, 0.0, 0.0, 0.0, 0.0, 0.0, 0.0, 0.0]",pca
54,beta,28.0,0.0756,0.2926307635963882,0.3070679499505309,0.2777549220987247,0.5,0.5681177211205539,0.7171010387157696,0.0,[],"[0.0, 0.0, 0.0, 0.0, 0.0, 0.0, 0.0, 0.0, 0.0, 0.0, 0.0, 0.0, 0.0, 0.0, 0.0, 0.0, 0.0, 0.0, 0.0, 0.0, 0.0, 0.0, 0.0, 0.0, 0.0, 0.0, 0.0, 0.0, 0.0, 0.0]",pca
54,beta,19.0,0.0756,0.2603054890140719,0.2585797741158689,0.2460167249604702,0.5,0.619239997177334,0.7344224119681039,0.0,[],"[0.0, 0.0, 0.0, 0.0, 0.0, 0.0, 0.0, 0.0, 0.0, 0.0, 0.0, 0.0, 0.0, 0.0, 0.0, 0.0, 0.0, 0.0, 0.0, 0.0, 0.0, 0.0, 0.0, 0.0, 0.0, 0.0, 0.0, 0.0, 0.0, 0.0]",pca
54,beta,32.0,0.0756,0.2565291715759179,0.2501939974533648,0.2347996282468765,0.5,0.5481308097587168,0.7385734420618141,0.0,[],"[0.0, 0.0, 0.0, 0.0, 0.0, 0.0, 0.0, 0.0, 0.0, 0.0, 0.0, 0.0, 0.0, 0.0, 0.0, 0.0, 0.0, 0.0, 0.0, 0.0, 0.0, 0.0, 0.0, 0.0, 0.0, 0.0, 0.0, 0.0, 0.0, 0.0]",pca
54,beta,52.0,0.0756,0.2660503348001611,0.2747881230267292,0.2647190211014029,0.5,0.5309645923041058,0.6678300101478293,0.0,[],"[0.0, 0.0, 0.0, 0.0, 0.0, 0.0, 0.0, 0.0, 0.0, 0.0, 0.0, 0.0, 0.0, 0.0, 0.0, 0.0, 0.0, 0.0, 0.0, 0.0, 0.0, 0.0, 0.0, 0.0, 0.0, 0.0, 0.0, 0.0, 0.0, 0.0]",pca
54,beta,38.0,0.0756,0.2764934480530646,0.2874560306968496,0.2766223174670538,0.5,0.562104915026195,0.6377056696807751,0.0,[],"[0.0, 0.0, 0.0, 0.0, 0.0, 0.0, 0.0, 0.0, 0.0, 0.0, 0.0, 0.0, 0.0, 0.0, 0.0, 0.0, 0.0, 0.0, 0.0, 0.0, 0.0, 0.0, 0.0, 0.0, 0.0, 0.0, 0.0, 0.0, 0.0, 0.0]",pca
54,beta,53.0,0.0756,0.2828400882942902,0.2988441562715645,0.2794060927035315,0.5,0.5557471073832179,0.6459635977853662,0.0,[],"[0.0, 0.0, 0.0, 0.0, 0.0, 0.0, 0.0, 0.0, 0.0, 0.0, 0.0, 0.0, 0.0, 0.0, 0.0, 0.0, 0.0, 0.0, 0.0, 0.0, 0.0, 0.0, 0.0, 0.0, 0.0, 0.0, 0.0, 0.0, 0.0, 0.0]",pca
54,beta,56.0,0.0756,0.2385518382470563,0.2368415661847172,0.2417925952908554,0.5,0.5571996235490955,0.6025305866359929,0.0,[],"[0.0, 0.0, 0.0, 0.0, 0.0, 0.0, 0.0, 0.0, 0.0, 0.0, 0.0, 0.0, 0.0, 0.0, 0.0, 0.0, 0.0, 0.0, 0.0, 0.0, 0.0, 0.0, 0.0, 0.0, 0.0, 0.0, 0.0, 0.0, 0.0, 0.0]",pca
54,beta,55.0,0.0756,0.2890981446017616,0.3079935103187905,0.2960121515412062,0.5,0.5393158424270568,0.6212883419755952,0.0,[],"[0.0, 0.0, 0.0, 0.0, 0.0, 0.0, 0.0, 0.0, 0.0, 0.0, 0.0, 0.0, 0.0, 0.0, 0.0, 0.0, 0.0, 0.0, 0.0, 0.0, 0.0, 0.0, 0.0, 0.0, 0.0, 0.0, 0.0, 0.0, 0.0, 0.0]",pca
54,beta,42.0,0.0756,0.2542277574731195,0.2544966362822702,0.2280414340058523,0.5,0.6170359040909652,0.7812847608453837,0.0,[],"[0.0, 0.0, 0.0, 0.0, 0.0, 0.0, 0.0, 0.0, 0.0, 0.0, 0.0, 0.0, 0.0, 0.0, 0.0, 0.0, 0.0, 0.0, 0.0, 0.0, 0.0, 0.0, 0.0, 0.0, 0.0, 0.0, 0.0, 0.0, 0.0, 0.0]",pca
54,beta,35.0,0.0756,0.2641395659539723,0.277191254505418,0.2628202460346096,0.5,0.5484035589873306,0.6909701420784427,0.0,[],"[0.0, 0.0, 0.0, 0.0, 0.0, 0.0, 0.0, 0.0, 0.0, 0.0, 0.0, 0.0, 0.0, 0.0, 0.0, 0.0, 0.0, 0.0, 0.0, 0.0, 0.0, 0.0, 0.0, 0.0, 0.0, 0.0, 0.0, 0.0, 0.0, 0.0]",pca
54,beta,40.0,0.0756,0.2685871728842996,0.2855364342279729,0.260731100353874,0.5,0.4751374965190754,0.6909026037315512,0.0,[],"[0.0, 0.0, 0.0, 0.0, 0.0, 0.0, 0.0, 0.0, 0.0, 0.0, 0.0, 0.0, 0.0, 0.0, 0.0, 0.0, 0.0, 0.0, 0.0, 0.0, 0.0, 0.0, 0.0, 0.0, 0.0, 0.0, 0.0, 0.0, 0.0, 0.0]",pca
54,beta,60.0,0.0756,0.2702979227225785,0.2784063908829987,0.258846204674897,0.5,0.5827444134078212,0.7290712290502794,0.0,[],"[0.0, 0.0, 0.0, 0.0, 0.0, 0.0, 0.0, 0.0, 0.0, 0.0, 0.0, 0.0, 0.0, 0.0, 0.0, 0.0, 0.0, 0.0, 0.0, 0.0, 0.0, 0.0, 0.0, 0.0, 0.0, 0.0, 0.0, 0.0, 0.0, 0.0]",pca
54,beta,57.0,0.0756,0.2716365086065577,0.2774155886385541,0.2543720228081889,0.5,0.5939208069242827,0.739760103591631,0.0,[],"[0.0, 0.0, 0.0, 0.0, 0.0, 0.0, 0.0, 0.0, 0.0, 0.0, 0.0, 0.0, 0.0, 0.0, 0.0, 0.0, 0.0, 0.0, 0.0, 0.0, 0.0, 0.0, 0.0, 0.0, 0.0, 0.0, 0.0, 0.0, 0.0, 0.0]",pca
54,beta,21.0,0.0756,0.257452525628104,0.2566803725771483,0.2375670658336189,0.5,0.6018066427273588,0.7124527457008275,0.0,[],"[0.0, 0.0, 0.0, 0.0, 0.0, 0.0, 0.0, 0.0, 0.0, 0.0, 0.0, 0.0, 0.0, 0.0, 0.0, 0.0, 0.0, 0.0, 0.0, 0.0, 0.0, 0.0, 0.0, 0.0, 0.0, 0.0, 0.0, 0.0, 0.0, 0.0]",pca
54,beta,46.0,0.0756,0.2624517538374725,0.2723697249893927,0.2479481538176532,0.5,0.5228409090909091,0.7013333333333334,0.0,[],"[0.0, 0.0, 0.0, 0.0, 0.0, 0.0, 0.0, 0.0, 0.0, 0.0, 0.0, 0.0, 0.0, 0.0, 0.0, 0.0, 0.0, 0.0, 0.0, 0.0, 0.0, 0.0, 0.0, 0.0, 0.0, 0.0, 0.0, 0.0, 0.0, 0.0]",pca
54,beta,31.0,0.0756,0.2531002750801421,0.2573536054418309,0.2387540223247168,0.5,0.4806025140875595,0.7358492269903194,0.0,[],"[0.0, 0.0, 0.0, 0.0, 0.0, 0.0, 0.0, 0.0, 0.0, 0.0, 0.0, 0.0, 0.0, 0.0, 0.0, 0.0, 0.0, 0.0, 0.0, 0.0, 0.0, 0.0, 0.0, 0.0, 0.0, 0.0, 0.0, 0.0, 0.0, 0.0]",pca
54,beta,45.0,0.0756,0.2788619810388606,0.2856205074282529,0.2751852852677862,0.5,0.6329047748131511,0.6129290425847759,0.0,[],"[0.0, 0.0, 0.0, 0.0, 0.0, 0.0, 0.0, 0.0, 0.0, 0.0, 0.0, 0.0, 0.0, 0.0, 0.0, 0.0, 0.0, 0.0, 0.0, 0.0, 0.0, 0.0, 0.0, 0.0, 0.0, 0.0, 0.0, 0.0, 0.0, 0.0]",pca
54,beta,33.0,0.0756,0.2870289956026625,0.3096909152707764,0.2784186340131408,0.5,0.516122060857538,0.6734814430613186,0.0,[],"[0.0, 0.0, 0.0, 0.0, 0.0, 0.0, 0.0, 0.0, 0.0, 0.0, 0.0, 0.0, 0.0, 0.0, 0.0, 0.0, 0.0, 0.0, 0.0, 0.0, 0.0, 0.0, 0.0, 0.0, 0.0, 0.0, 0.0, 0.0, 0.0, 0.0]",pca
54,beta,39.0,0.0756,0.2836646824132109,0.2990913353893162,0.2730969078928146,0.5,0.5256794024307432,0.7276985545808562,0.0,[],"[0.0, 0.0, 0.0, 0.0, 0.0, 0.0, 0.0, 0.0, 0.0, 0.0, 0.0, 0.0, 0.0, 0.0, 0.0, 0.0, 0.0, 0.0, 0.0, 0.0, 0.0, 0.0, 0.0, 0.0, 0.0, 0.0, 0.0, 0.0, 0.0, 0.0]",pca
54,beta,48.0,0.0756,0.2498031228428828,0.2530513014469549,0.2438920548564702,0.5,0.5629727580403544,0.6527251206746684,0.0,[],"[0.0, 0.0, 0.0, 0.0, 0.0, 0.0, 0.0, 0.0, 0.0, 0.0, 0.0, 0.0, 0.0, 0.0, 0.0, 0.0, 0.0, 0.0, 0.0, 0.0, 0.0, 0.0, 0.0, 0.0, 0.0, 0.0, 0.0, 0.0, 0.0, 0.0]",pca
54,beta,41.0,0.0756,0.2522182548186293,0.2566719547001531,0.2457402506012048,0.5,0.4964099216710183,0.6232890260305404,0.0,[],"[0.0, 0.0, 0.0, 0.0, 0.0, 0.0, 0.0, 0.0, 0.0, 0.0, 0.0, 0.0, 0.0, 0.0, 0.0, 0.0, 0.0, 0.0, 0.0, 0.0, 0.0, 0.0, 0.0, 0.0, 0.0, 0.0, 0.0, 0.0, 0.0, 0.0]",pca
54,beta,34.0,0.0756,0.2561244901463063,0.2600009540622886,0.2428909284455424,0.5,0.5232020943483394,0.7150642506373732,0.0,[],"[0.0, 0.0, 0.0, 0.0, 0.0, 0.0, 0.0, 0.0, 0.0, 0.0, 0.0, 0.0, 0.0, 0.0, 0.0, 0.0, 0.0, 0.0, 0.0, 0.0, 0.0, 0.0, 0.0, 0.0, 0.0, 0.0, 0.0, 0.0, 0.0, 0.0]",pca
54,beta,59.0,0.0756,0.2913336328429276,0.3077924683147598,0.2885180965785647,0.5,0.5769395054093855,0.6989359735300306,0.0,[],"[0.0, 0.0, 0.0, 0.0, 0.0, 0.0, 0.0, 0.0, 0.0, 0.0, 0.0, 0.0, 0.0, 0.0, 0.0, 0.0, 0.0, 0.0, 0.0, 0.0, 0.0, 0.0, 0.0, 0.0, 0.0, 0.0, 0.0, 0.0, 0.0, 0.0]",pca
54,beta,43.0,0.0756,0.2788020331952037,0.2885110466452057,0.2561540144743336,0.5,0.5885302371357513,0.765677160222905,0.0,[],"[0.0, 0.0, 0.0, 0.0, 0.0, 0.0, 0.0, 0.0, 0.0, 0.0, 0.0, 0.0, 0.0, 0.0, 0.0, 0.0, 0.0, 0.0, 0.0, 0.0, 0.0, 0.0, 0.0, 0.0, 0.0, 0.0, 0.0, 0.0, 0.0, 0.0]",pca
54,beta,47.0,0.0756,0.244301186216428,0.2471959695438087,0.2405744796826585,0.5,0.5301834775168742,0.6575625059416295,0.0,[],"[0.0, 0.0, 0.0, 0.0, 0.0, 0.0, 0.0, 0.0, 0.0, 0.0, 0.0, 0.0, 0.0, 0.0, 0.0, 0.0, 0.0, 0.0, 0.0, 0.0, 0.0, 0.0, 0.0, 0.0, 0.0, 0.0, 0.0, 0.0, 0.0, 0.0]",pca
54,beta,49.0,0.0756,0.2582229900942229,0.2597201314684466,0.2275841713261573,0.5,0.5452803030303031,0.767780303030303,0.0,[],"[0.0, 0.0, 0.0, 0.0, 0.0, 0.0, 0.0, 0.0, 0.0, 0.0, 0.0, 0.0, 0.0, 0.0, 0.0, 0.0, 0.0, 0.0, 0.0, 0.0, 0.0, 0.0, 0.0, 0.0, 0.0, 0.0, 0.0, 0.0, 0.0, 0.0]",pca
54,beta,44.0,0.0756,0.2454320928907148,0.2443068358168985,0.2344377751522946,0.5,0.573564636064636,0.6820034320034319,0.0,[],"[0.0, 0.0, 0.0, 0.0, 0.0, 0.0, 0.0, 0.0, 0.0, 0.0, 0.0, 0.0, 0.0, 0.0, 0.0, 0.0, 0.0, 0.0, 0.0, 0.0, 0.0, 0.0, 0.0, 0.0, 0.0, 0.0, 0.0, 0.0, 0.0, 0.0]",pca
54,beta,50.0,0.0756,0.2806971732872111,0.2937165317340022,0.2716624410106581,0.5,0.5547957063711911,0.6963873499538319,0.0,[],"[0.0, 0.0, 0.0, 0.0, 0.0, 0.0, 0.0, 0.0, 0.0, 0.0, 0.0, 0.0, 0.0, 0.0, 0.0, 0.0, 0.0, 0.0, 0.0, 0.0, 0.0, 0.0, 0.0, 0.0, 0.0, 0.0, 0.0, 0.0, 0.0, 0.0]",pca
54,beta,58.0,0.0756,0.2776984109677508,0.2902583182972239,0.2744752130217646,0.5,0.5409589155719187,0.6953114104816891,0.0,[],"[0.0, 0.0, 0.0, 0.0, 0.0, 0.0, 0.0, 0.0, 0.0, 0.0, 0.0, 0.0, 0.0, 0.0, 0.0, 0.0, 0.0, 0.0, 0.0, 0.0, 0.0, 0.0, 0.0, 0.0, 0.0, 0.0, 0.0, 0.0, 0.0, 0.0]",pca
54,beta,51.0,0.0756,0.2653632416970451,0.2803790860314156,0.2629403315310739,0.5,0.4510293560137797,0.6393874960853153,0.0,[],"[0.0, 0.0, 0.0, 0.0, 0.0, 0.0, 0.0, 0.0, 0.0, 0.0, 0.0, 0.0, 0.0, 0.0, 0.0, 0.0, 0.0, 0.0, 0.0, 0.0, 0.0, 0.0, 0.0, 0.0, 0.0, 0.0, 0.0, 0.0, 0.0, 0.0]",pca
54,beta,61.0,0.0756,0.2666808908116042,0.2787953789513775,0.2576743246925145,0.5,0.5541045766503622,0.6670458423387555,0.0,[],"[0.0, 0.0, 0.0, 0.0, 0.0, 0.0, 0.0, 0.0, 0.0, 0.0, 0.0, 0.0, 0.0, 0.0, 0.0, 0.0, 0.0, 0.0, 0.0, 0.0, 0.0, 0.0, 0.0, 0.0, 0.0, 0.0, 0.0, 0.0, 0.0, 0.0]",pca
54,beta,63.0,0.0756,0.2736141996295413,0.2849278515125376,0.2551463288611029,0.5,0.544439061721114,0.7222023295490448,0.0,[],"[0.0, 0.0, 0.0, 0.0, 0.0, 0.0, 0.0, 0.0, 0.0, 0.0, 0.0, 0.0, 0.0, 0.0, 0.0, 0.0, 0.0, 0.0, 0.0, 0.0, 0.0, 0.0, 0.0, 0.0, 0.0, 0.0, 0.0, 0.0, 0.0, 0.0]",pca
54,beta,62.0,0.0756,0.2614724580336114,0.2607418017438114,0.244163107790469,0.5,0.5706354300385109,0.7009467265725289,0.0,[],"[0.0, 0.0, 0.0, 0.0, 0.0, 0.0, 0.0, 0.0, 0.0, 0.0, 0.0, 0.0, 0.0, 0.0, 0.0, 0.0, 0.0, 0.0, 0.0, 0.0, 0.0, 0.0, 0.0, 0.0, 0.0, 0.0, 0.0, 0.0, 0.0, 0.0]",pca
54,beta,66.0,0.0756,0.2964394033951187,0.3224954190409393,0.3000546509912581,0.5,0.5102017212640746,0.64384120828656,0.0,[],"[0.0, 0.0, 0.0, 0.0, 0.0, 0.0, 0.0, 0.0, 0.0, 0.0, 0.0, 0.0, 0.0, 0.0, 0.0, 0.0, 0.0, 0.0, 0.0, 0.0, 0.0, 0.0, 0.0, 0.0, 0.0, 0.0, 0.0, 0.0, 0.0, 0.0]",pca
54,beta,65.0,0.0756,0.2811275984066043,0.2936760819548088,0.2707797449843839,0.5,0.558298706124793,0.700374987331509,0.0,[],"[0.0, 0.0, 0.0, 0.0, 0.0, 0.0, 0.0, 0.0, 0.0, 0.0, 0.0, 0.0, 0.0, 0.0, 0.0, 0.0, 0.0, 0.0, 0.0, 0.0, 0.0, 0.0, 0.0, 0.0, 0.0, 0.0, 0.0, 0.0, 0.0, 0.0]",pca
54,beta,64.0,0.0756,0.2608413222087862,0.266630541445648,0.2563735803483913,0.5,0.5822053714344726,0.691397000789266,0.0,[],"[0.0, 0.0, 0.0, 0.0, 0.0, 0.0, 0.0, 0.0, 0.0, 0.0, 0.0, 0.0, 0.0, 0.0, 0.0, 0.0, 0.0, 0.0, 0.0, 0.0, 0.0, 0.0, 0.0, 0.0, 0.0, 0.0, 0.0, 0.0, 0.0, 0.0]",pca
54,beta,68.0,0.0756,0.2666116929138221,0.2716700927224827,0.2508166653591187,0.5,0.5379961634941715,0.6988342924597905,0.0,[],"[0.0, 0.0, 0.0, 0.0, 0.0, 0.0, 0.0, 0.0, 0.0, 0.0, 0.0, 0.0, 0.0, 0.0, 0.0, 0.0, 0.0, 0.0, 0.0, 0.0, 0.0, 0.0, 0.0, 0.0, 0.0, 0.0, 0.0, 0.0, 0.0, 0.0]",pca
54,beta,67.0,0.0756,0.2464821566014883,0.245145309780352,0.2283755060319769,0.5,0.5837266287947431,0.7331683987425052,0.0,[],"[0.0, 0.0, 0.0, 0.0, 0.0, 0.0, 0.0, 0.0, 0.0, 0.0, 0.0, 0.0, 0.0, 0.0, 0.0, 0.0, 0.0, 0.0, 0.0, 0.0, 0.0, 0.0, 0.0, 0.0, 0.0, 0.0, 0.0, 0.0, 0.0, 0.0]",pca
54,beta,71.0,0.0756,0.2826573604985781,0.2815187150694883,0.2701005589903436,0.5,0.6232638888888888,0.6919389204545454,0.0,[],"[0.0, 0.0, 0.0, 0.0, 0.0, 0.0, 0.0, 0.0, 0.0, 0.0, 0.0, 0.0, 0.0, 0.0, 0.0, 0.0, 0.0, 0.0, 0.0, 0.0, 0.0, 0.0, 0.0, 0.0, 0.0, 0.0, 0.0, 0.0, 0.0, 0.0]",pca
54,beta,70.0,0.0756,0.2652010620051332,0.2652523568396527,0.2546535352280631,0.5,0.5881964243288191,0.7097959729151818,0.0,[],"[0.0, 0.0, 0.0, 0.0, 0.0, 0.0, 0.0, 0.0, 0.0, 0.0, 0.0, 0.0, 0.0, 0.0, 0.0, 0.0, 0.0, 0.0, 0.0, 0.0, 0.0, 0.0, 0.0, 0.0, 0.0, 0.0, 0.0, 0.0, 0.0, 0.0]",pca
54,beta,72.0,0.0756,0.2747818731992664,0.2886924695010278,0.2621969011505911,0.5,0.5651110050131296,0.739688602424339,0.0,[],"[0.0, 0.0, 0.0, 0.0, 0.0, 0.0, 0.0, 0.0, 0.0, 0.0, 0.0, 0.0, 0.0, 0.0, 0.0, 0.0, 0.0, 0.0, 0.0, 0.0, 0.0, 0.0, 0.0, 0.0, 0.0, 0.0, 0.0, 0.0, 0.0, 0.0]",pca
54,beta,69.0,0.0756,0.2828113872021442,0.2933967642697681,0.2631134619187849,0.5,0.5851696375426836,0.7373453212618652,0.0,[],"[0.0, 0.0, 0.0, 0.0, 0.0, 0.0, 0.0, 0.0, 0.0, 0.0, 0.0, 0.0, 0.0, 0.0, 0.0, 0.0, 0.0, 0.0, 0.0, 0.0, 0.0, 0.0, 0.0, 0.0, 0.0, 0.0, 0.0, 0.0, 0.0, 0.0]",pca
54,beta,73.0,0.0756,0.2588080057372539,0.2605700263814213,0.2385130989398256,0.5,0.5798933627505056,0.730354844640559,0.0,[],"[0.0, 0.0, 0.0, 0.0, 0.0, 0.0, 0.0, 0.0, 0.0, 0.0, 0.0, 0.0, 0.0, 0.0, 0.0, 0.0, 0.0, 0.0, 0.0, 0.0, 0.0, 0.0, 0.0, 0.0, 0.0, 0.0, 0.0, 0.0, 0.0, 0.0]",pca
54,beta,74.0,0.0756,0.2749523706804635,0.2887671869496925,0.2688098596843658,0.5,0.5277091228648323,0.6817295545669249,0.0,[],"[0.0, 0.0, 0.0, 0.0, 0.0, 0.0, 0.0, 0.0, 0.0, 0.0, 0.0, 0.0, 0.0, 0.0, 0.0, 0.0, 0.0, 0.0, 0.0, 0.0, 0.0, 0.0, 0.0, 0.0, 0.0, 0.0, 0.0, 0.0, 0.0, 0.0]",pca
54,beta,76.0,0.0756,0.2473275424999337,0.2360383535033644,0.2255024693627707,0.5,0.6374848059841047,0.7713323983169705,0.0,[],"[0.0, 0.0, 0.0, 0.0, 0.0, 0.0, 0.0, 0.0, 0.0, 0.0, 0.0, 0.0, 0.0, 0.0, 0.0, 0.0, 0.0, 0.0, 0.0, 0.0, 0.0, 0.0, 0.0, 0.0, 0.0, 0.0, 0.0, 0.0, 0.0, 0.0]",pca
54,beta,75.0,0.0756,0.2529070486887824,0.2442235271843282,0.2190484837498069,0.5,0.6132189939004394,0.7961976126451105,0.0,[],"[0.0, 0.0, 0.0, 0.0, 0.0, 0.0, 0.0, 0.0, 0.0, 0.0, 0.0, 0.0, 0.0, 0.0, 0.0, 0.0, 0.0, 0.0, 0.0, 0.0, 0.0, 0.0, 0.0, 0.0, 0.0, 0.0, 0.0, 0.0, 0.0, 0.0]",pca
54,beta,78.0,0.0756,0.2773358384199397,0.2887072442135551,0.2634978391117185,0.5,0.5240661440147573,0.7274326371961262,0.0,[],"[0.0, 0.0, 0.0, 0.0, 0.0, 0.0, 0.0, 0.0, 0.0, 0.0, 0.0, 0.0, 0.0, 0.0, 0.0, 0.0, 0.0, 0.0, 0.0, 0.0, 0.0, 0.0, 0.0, 0.0, 0.0, 0.0, 0.0, 0.0, 0.0, 0.0]",pca
54,beta,79.0,0.0756,0.2614380484129981,0.2686225943974654,0.2517179530087906,0.5,0.5362808174950793,0.7169108208403675,0.0,[],"[0.0, 0.0, 0.0, 0.0, 0.0, 0.0, 0.0, 0.0, 0.0, 0.0, 0.0, 0.0, 0.0, 0.0, 0.0, 0.0, 0.0, 0.0, 0.0, 0.0, 0.0, 0.0, 0.0, 0.0, 0.0, 0.0, 0.0, 0.0, 0.0, 0.0]",pca
54,beta,80.0,0.0756,0.2894505653834459,0.2995603603371783,0.2719413835225854,0.5,0.5564765291182359,0.727110287746138,0.0,[],"[0.0, 0.0, 0.0, 0.0, 0.0, 0.0, 0.0, 0.0, 0.0, 0.0, 0.0, 0.0, 0.0, 0.0, 0.0, 0.0, 0.0, 0.0, 0.0, 0.0, 0.0, 0.0, 0.0, 0.0, 0.0, 0.0, 0.0, 0.0, 0.0, 0.0]",pca
54,beta,77.0,0.0756,0.2575431052026183,0.2575154471625063,0.2346405194214914,0.5,0.5790750580072708,0.7464231998851191,0.0,[],"[0.0, 0.0, 0.0, 0.0, 0.0, 0.0, 0.0, 0.0, 0.0, 0.0, 0.0, 0.0, 0.0, 0.0, 0.0, 0.0, 0.0, 0.0, 0.0, 0.0, 0.0, 0.0, 0.0, 0.0, 0.0, 0.0, 0.0, 0.0, 0.0, 0.0]",pca
54,beta,82.0,0.0756,0.2676561896061871,0.2828164453389342,0.2574197349401497,0.5,0.5578031891414699,0.6900863495917016,0.0,[],"[0.0, 0.0, 0.0, 0.0, 0.0, 0.0, 0.0, 0.0, 0.0, 0.0, 0.0, 0.0, 0.0, 0.0, 0.0, 0.0, 0.0, 0.0, 0.0, 0.0, 0.0, 0.0, 0.0, 0.0, 0.0, 0.0, 0.0, 0.0, 0.0, 0.0]",pca
54,beta,85.0,0.0756,0.2484045978567504,0.2465677162774161,0.2235082504325239,0.5,0.5385326311938617,0.7577330008760698,0.0,[],"[0.0, 0.0, 0.0, 0.0, 0.0, 0.0, 0.0, 0.0, 0.0, 0.0, 0.0, 0.0, 0.0, 0.0, 0.0, 0.0, 0.0, 0.0, 0.0, 0.0, 0.0, 0.0, 0.0, 0.0, 0.0, 0.0, 0.0, 0.0, 0.0, 0.0]",pca
54,beta,83.0,0.0756,0.2792181290810143,0.2848799948093335,0.2595091248921883,0.5,0.614604656240618,0.765065913370998,0.0,[],"[0.0, 0.0, 0.0, 0.0, 0.0, 0.0, 0.0, 0.0, 0.0, 0.0, 0.0, 0.0, 0.0, 0.0, 0.0, 0.0, 0.0, 0.0, 0.0, 0.0, 0.0, 0.0, 0.0, 0.0, 0.0, 0.0, 0.0, 0.0, 0.0, 0.0]",pca
54,beta,81.0,0.0756,0.2479528338967687,0.252182922250828,0.2392547529375286,0.5,0.5274895789338377,0.6357676699046955,0.0,[],"[0.0, 0.0, 0.0, 0.0, 0.0, 0.0, 0.0, 0.0, 0.0, 0.0, 0.0, 0.0, 0.0, 0.0, 0.0, 0.0, 0.0, 0.0, 0.0, 0.0, 0.0, 0.0, 0.0, 0.0, 0.0, 0.0, 0.0, 0.0, 0.0, 0.0]",pca
54,beta,90.0,0.0756,0.2848047938573605,0.3048086414620909,0.2783059501288414,0.5,0.5194359323572807,0.7036233117693792,0.0,[],"[0.0, 0.0, 0.0, 0.0, 0.0, 0.0, 0.0, 0.0, 0.0, 0.0, 0.0, 0.0, 0.0, 0.0, 0.0, 0.0, 0.0, 0.0, 0.0, 0.0, 0.0, 0.0, 0.0, 0.0, 0.0, 0.0, 0.0, 0.0, 0.0, 0.0]",pca
54,beta,84.0,0.0756,0.2634244110774574,0.2655807626576091,0.2525749074894398,0.5,0.5758402903811253,0.7040362976406533,0.0,[],"[0.0, 0.0, 0.0, 0.0, 0.0, 0.0, 0.0, 0.0, 0.0, 0.0, 0.0, 0.0, 0.0, 0.0, 0.0, 0.0, 0.0, 0.0, 0.0, 0.0, 0.0, 0.0, 0.0, 0.0, 0.0, 0.0, 0.0, 0.0, 0.0, 0.0]",pca
54,beta,88.0,0.0756,0.278952940337224,0.2900466018878506,0.2794962084978786,0.5,0.5941158749503609,0.6579552768154244,0.0,[],"[0.0, 0.0, 0.0, 0.0, 0.0, 0.0, 0.0, 0.0, 0.0, 0.0, 0.0, 0.0, 0.0, 0.0, 0.0, 0.0, 0.0, 0.0, 0.0, 0.0, 0.0, 0.0, 0.0, 0.0, 0.0, 0.0, 0.0, 0.0, 0.0, 0.0]",pca
54,beta,92.0,0.0756,0.2864095892037767,0.3057068864847854,0.2786417393368778,0.5,0.5511115205109309,0.7191046425939571,0.0,[],"[0.0, 0.0, 0.0, 0.0, 0.0, 0.0, 0.0, 0.0, 0.0, 0.0, 0.0, 0.0, 0.0, 0.0, 0.0, 0.0, 0.0, 0.0, 0.0, 0.0, 0.0, 0.0, 0.0, 0.0, 0.0, 0.0, 0.0, 0.0, 0.0, 0.0]",pca
54,beta,89.0,0.0756,0.2596992895569409,0.2578659291246081,0.2395821222329972,0.5,0.61148291913919,0.7304317434822053,0.0,[],"[0.0, 0.0, 0.0, 0.0, 0.0, 0.0, 0.0, 0.0, 0.0, 0.0, 0.0, 0.0, 0.0, 0.0, 0.0, 0.0, 0.0, 0.0, 0.0, 0.0, 0.0, 0.0, 0.0, 0.0, 0.0, 0.0, 0.0, 0.0, 0.0, 0.0]",pca
54,beta,91.0,0.0756,0.2613877580512725,0.2581458826138646,0.2420784104676158,0.5,0.5638727238595833,0.7229131468618984,0.0,[],"[0.0, 0.0, 0.0, 0.0, 0.0, 0.0, 0.0, 0.0, 0.0, 0.0, 0.0, 0.0, 0.0, 0.0, 0.0, 0.0, 0.0, 0.0, 0.0, 0.0, 0.0, 0.0, 0.0, 0.0, 0.0, 0.0, 0.0, 0.0, 0.0, 0.0]",pca
54,beta,86.0,0.0756,0.2621396651297328,0.2603117858767016,0.2525361287358896,0.5,0.6487404248598279,0.6588198976258678,0.0,[],"[0.0, 0.0, 0.0, 0.0, 0.0, 0.0, 0.0, 0.0, 0.0, 0.0, 0.0, 0.0, 0.0, 0.0, 0.0, 0.0, 0.0, 0.0, 0.0, 0.0, 0.0, 0.0, 0.0, 0.0, 0.0, 0.0, 0.0, 0.0, 0.0, 0.0]",pca
54,beta,29.0,0.081,0.2810209321620384,0.2988276637453995,0.2759394216416562,0.5,0.5077633516262883,0.6718050536147177,0.0,[],"[0.0, 0.0, 0.0, 0.0, 0.0, 0.0, 0.0, 0.0, 0.0, 0.0, 0.0, 0.0, 0.0, 0.0, 0.0, 0.0, 0.0, 0.0, 0.0, 0.0, 0.0, 0.0, 0.0, 0.0, 0.0, 0.0, 0.0, 0.0, 0.0, 0.0]",pca
54,beta,87.0,0.0756,0.2697926649544018,0.2727671717317829,0.2597782734251021,0.5,0.5929841235218047,0.6952931461601981,0.0,[],"[0.0, 0.0, 0.0, 0.0, 0.0, 0.0, 0.0, 0.0, 0.0, 0.0, 0.0, 0.0, 0.0, 0.0, 0.0, 0.0, 0.0, 0.0, 0.0, 0.0, 0.0, 0.0, 0.0, 0.0, 0.0, 0.0, 0.0, 0.0, 0.0, 0.0]",pca
54,beta,94.0,0.0756,0.2619885292554274,0.2654857551018414,0.2590352021480873,0.5,0.5838802296964725,0.6887524903316536,0.0,[],"[0.0, 0.0, 0.0, 0.0, 0.0, 0.0, 0.0, 0.0, 0.0, 0.0, 0.0, 0.0, 0.0, 0.0, 0.0, 0.0, 0.0, 0.0, 0.0, 0.0, 0.0, 0.0, 0.0, 0.0, 0.0, 0.0, 0.0, 0.0, 0.0, 0.0]",pca
54,beta,93.0,0.0756,0.2544727022289703,0.2617454088212829,0.2424364502459479,0.5,0.5254037800687286,0.6806872852233676,0.0,[],"[0.0, 0.0, 0.0, 0.0, 0.0, 0.0, 0.0, 0.0, 0.0, 0.0, 0.0, 0.0, 0.0, 0.0, 0.0, 0.0, 0.0, 0.0, 0.0, 0.0, 0.0, 0.0, 0.0, 0.0, 0.0, 0.0, 0.0, 0.0, 0.0, 0.0]",pca
54,beta,34.0,0.081,0.2561244901463063,0.2600009540622886,0.2430052564247701,0.5,0.5232020943483394,0.7159368957787929,0.0,[],"[0.0, 0.0, 0.0, 0.0, 0.0, 0.0, 0.0, 0.0, 0.0, 0.0, 0.0, 0.0, 0.0, 0.0, 0.0, 0.0, 0.0, 0.0, 0.0, 0.0, 0.0, 0.0, 0.0, 0.0, 0.0, 0.0, 0.0, 0.0, 0.0, 0.0]",pca
54,beta,33.0,0.081,0.2870289956026625,0.3096909152707764,0.2784825170241277,0.5,0.516122060857538,0.6736111111111112,0.0,[],"[0.0, 0.0, 0.0, 0.0, 0.0, 0.0, 0.0, 0.0, 0.0, 0.0, 0.0, 0.0, 0.0, 0.0, 0.0, 0.0, 0.0, 0.0, 0.0, 0.0, 0.0, 0.0, 0.0, 0.0, 0.0, 0.0, 0.0, 0.0, 0.0, 0.0]",pca
54,beta,95.0,0.0756,0.2575904294361886,0.2557878175799961,0.2410300499356877,0.5,0.5849950396825396,0.7419642857142856,0.0,[],"[0.0, 0.0, 0.0, 0.0, 0.0, 0.0, 0.0, 0.0, 0.0, 0.0, 0.0, 0.0, 0.0, 0.0, 0.0, 0.0, 0.0, 0.0, 0.0, 0.0, 0.0, 0.0, 0.0, 0.0, 0.0, 0.0, 0.0, 0.0, 0.0, 0.0]",pca
54,beta,99.0,0.0756,0.2754971048104321,0.2805070202785323,0.261054134570947,0.5,0.5871627967226918,0.751805434113799,0.0,[],"[0.0, 0.0, 0.0, 0.0, 0.0, 0.0, 0.0, 0.0, 0.0, 0.0, 0.0, 0.0, 0.0, 0.0, 0.0, 0.0, 0.0, 0.0, 0.0, 0.0, 0.0, 0.0, 0.0, 0.0, 0.0, 0.0, 0.0, 0.0, 0.0, 0.0]",pca
54,beta,96.0,0.0756,0.2629617523966815,0.2619525804294986,0.239512405400745,0.5,0.5824397684956705,0.759193623162397,0.0,[],"[0.0, 0.0, 0.0, 0.0, 0.0, 0.0, 0.0, 0.0, 0.0, 0.0, 0.0, 0.0, 0.0, 0.0, 0.0, 0.0, 0.0, 0.0, 0.0, 0.0, 0.0, 0.0, 0.0, 0.0, 0.0, 0.0, 0.0, 0.0, 0.0, 0.0]",pca
54,beta,98.0,0.0756,0.258827379377024,0.2494272212154708,0.2420418131932332,0.5,0.5913145973929925,0.7061569751317369,0.0,[],"[0.0, 0.0, 0.0, 0.0, 0.0, 0.0, 0.0, 0.0, 0.0, 0.0, 0.0, 0.0, 0.0, 0.0, 0.0, 0.0, 0.0, 0.0, 0.0, 0.0, 0.0, 0.0, 0.0, 0.0, 0.0, 0.0, 0.0, 0.0, 0.0, 0.0]",pca
54,beta,35.0,0.081,0.2641395659539723,0.277191254505418,0.2627863105942615,0.5,0.5484035589873306,0.6909997263455294,0.0,[],"[0.0, 0.0, 0.0, 0.0, 0.0, 0.0, 0.0, 0.0, 0.0, 0.0, 0.0, 0.0, 0.0, 0.0, 0.0, 0.0, 0.0, 0.0, 0.0, 0.0, 0.0, 0.0, 0.0, 0.0, 0.0, 0.0, 0.0, 0.0, 0.0, 0.0]",pca
54,beta,97.0,0.0756,0.2473490428177531,0.2437460954059964,0.2285119080852561,0.5,0.566830171393671,0.6933427491697522,0.0,[],"[0.0, 0.0, 0.0, 0.0, 0.0, 0.0, 0.0, 0.0, 0.0, 0.0, 0.0, 0.0, 0.0, 0.0, 0.0, 0.0, 0.0, 0.0, 0.0, 0.0, 0.0, 0.0, 0.0, 0.0, 0.0, 0.0, 0.0, 0.0, 0.0, 0.0]",pca
54,beta,1.0,0.081,0.2785951027486996,0.2902501426716141,0.2676132206977085,0.5,0.5665864533937292,0.6988392667563169,0.0,[],"[0.0, 0.0, 0.0, 0.0, 0.0, 0.0, 0.0, 0.0, 0.0, 0.0, 0.0, 0.0, 0.0, 0.0, 0.0, 0.0, 0.0, 0.0, 0.0, 0.0, 0.0, 0.0, 0.0, 0.0, 0.0, 0.0, 0.0, 0.0, 0.0, 0.0]",pca
54,beta,37.0,0.081,0.2671380845044079,0.2698477255390873,0.256689762538341,0.5,0.590795238817067,0.6869356200870524,0.0,[],"[0.0, 0.0, 0.0, 0.0, 0.0, 0.0, 0.0, 0.0, 0.0, 0.0, 0.0, 0.0, 0.0, 0.0, 0.0, 0.0, 0.0, 0.0, 0.0, 0.0, 0.0, 0.0, 0.0, 0.0, 0.0, 0.0, 0.0, 0.0, 0.0, 0.0]",pca
54,beta,36.0,0.081,0.2630909489506219,0.267453714671273,0.2449618755572629,0.5,0.5659757516830924,0.7548872291215509,0.0,[],"[0.0, 0.0, 0.0, 0.0, 0.0, 0.0, 0.0, 0.0, 0.0, 0.0, 0.0, 0.0, 0.0, 0.0, 0.0, 0.0, 0.0, 0.0, 0.0, 0.0, 0.0, 0.0, 0.0, 0.0, 0.0, 0.0, 0.0, 0.0, 0.0, 0.0]",pca
54,beta,39.0,0.081,0.2836646824132109,0.2990913353893162,0.2731464744610585,0.5,0.5256794024307432,0.7274006014495766,0.0,[],"[0.0, 0.0, 0.0, 0.0, 0.0, 0.0, 0.0, 0.0, 0.0, 0.0, 0.0, 0.0, 0.0, 0.0, 0.0, 0.0, 0.0, 0.0, 0.0, 0.0, 0.0, 0.0, 0.0, 0.0, 0.0, 0.0, 0.0, 0.0, 0.0, 0.0]",pca
54,beta,38.0,0.081,0.2764934480530646,0.2874560306968496,0.2768255550633201,0.5,0.562104915026195,0.6369389887327968,0.0,[],"[0.0, 0.0, 0.0, 0.0, 0.0, 0.0, 0.0, 0.0, 0.0, 0.0, 0.0, 0.0, 0.0, 0.0, 0.0, 0.0, 0.0, 0.0, 0.0, 0.0, 0.0, 0.0, 0.0, 0.0, 0.0, 0.0, 0.0, 0.0, 0.0, 0.0]",pca
54,beta,5.0,0.081,0.2616193070017826,0.2684446490871227,0.2601669337968557,0.5,0.6163379080064133,0.6678654957857111,0.0,[],"[0.0, 0.0, 0.0, 0.0, 0.0, 0.0, 0.0, 0.0, 0.0, 0.0, 0.0, 0.0, 0.0, 0.0, 0.0, 0.0, 0.0, 0.0, 0.0, 0.0, 0.0, 0.0, 0.0, 0.0, 0.0, 0.0, 0.0, 0.0, 0.0, 0.0]",pca
54,beta,8.0,0.081,0.2638855809846538,0.2725429616536821,0.2747018194534821,0.5,0.5986706122024119,0.5995814064149653,0.0,[],"[0.0, 0.0, 0.0, 0.0, 0.0, 0.0, 0.0, 0.0, 0.0, 0.0, 0.0, 0.0, 0.0, 0.0, 0.0, 0.0, 0.0, 0.0, 0.0, 0.0, 0.0, 0.0, 0.0, 0.0, 0.0, 0.0, 0.0, 0.0, 0.0, 0.0]",pca
54,beta,40.0,0.081,0.2685871728842996,0.2855364342279729,0.2608229979827736,0.5,0.4751374965190754,0.6901455026455027,0.0,[],"[0.0, 0.0, 0.0, 0.0, 0.0, 0.0, 0.0, 0.0, 0.0, 0.0, 0.0, 0.0, 0.0, 0.0, 0.0, 0.0, 0.0, 0.0, 0.0, 0.0, 0.0, 0.0, 0.0, 0.0, 0.0, 0.0, 0.0, 0.0, 0.0, 0.0]",pca
54,beta,3.0,0.081,0.2600613681646652,0.2699348220259572,0.2603411501428513,0.5,0.5614374557665376,0.6586607236970893,0.0,[],"[0.0, 0.0, 0.0, 0.0, 0.0, 0.0, 0.0, 0.0, 0.0, 0.0, 0.0, 0.0, 0.0, 0.0, 0.0, 0.0, 0.0, 0.0, 0.0, 0.0, 0.0, 0.0, 0.0, 0.0, 0.0, 0.0, 0.0, 0.0, 0.0, 0.0]",pca
54,beta,7.0,0.081,0.2606414142992545,0.2660151309374284,0.2317942069979779,0.5,0.5319323841144171,0.7613172008683436,0.0,[],"[0.0, 0.0, 0.0, 0.0, 0.0, 0.0, 0.0, 0.0, 0.0, 0.0, 0.0, 0.0, 0.0, 0.0, 0.0, 0.0, 0.0, 0.0, 0.0, 0.0, 0.0, 0.0, 0.0, 0.0, 0.0, 0.0, 0.0, 0.0, 0.0, 0.0]",pca
54,beta,42.0,0.081,0.2542277574731195,0.2544966362822702,0.2280650710073098,0.5,0.6170359040909652,0.7809448770238535,0.0,[],"[0.0, 0.0, 0.0, 0.0, 0.0, 0.0, 0.0, 0.0, 0.0, 0.0, 0.0, 0.0, 0.0, 0.0, 0.0, 0.0, 0.0, 0.0, 0.0, 0.0, 0.0, 0.0, 0.0, 0.0, 0.0, 0.0, 0.0, 0.0, 0.0, 0.0]",pca
54,beta,41.0,0.081,0.2522182548186293,0.2566719547001531,0.2458302964747618,0.5,0.4964099216710183,0.6230219954110293,0.0,[],"[0.0, 0.0, 0.0, 0.0, 0.0, 0.0, 0.0, 0.0, 0.0, 0.0, 0.0, 0.0, 0.0, 0.0, 0.0, 0.0, 0.0, 0.0, 0.0, 0.0, 0.0, 0.0, 0.0, 0.0, 0.0, 0.0, 0.0, 0.0, 0.0, 0.0]",pca
54,beta,6.0,0.081,0.2747260658349709,0.2769866175233411,0.252708544582982,0.5,0.6008714811891608,0.7292883451723231,0.0,[],"[0.0, 0.0, 0.0, 0.0, 0.0, 0.0, 0.0, 0.0, 0.0, 0.0, 0.0, 0.0, 0.0, 0.0, 0.0, 0.0, 0.0, 0.0, 0.0, 0.0, 0.0, 0.0, 0.0, 0.0, 0.0, 0.0, 0.0, 0.0, 0.0, 0.0]",pca
54,beta,12.0,0.081,0.2597641048530327,0.2622171893718359,0.2621051725457163,0.5,0.5787281399046105,0.6501589825119236,0.0,[],"[0.0, 0.0, 0.0, 0.0, 0.0, 0.0, 0.0, 0.0, 0.0, 0.0, 0.0, 0.0, 0.0, 0.0, 0.0, 0.0, 0.0, 0.0, 0.0, 0.0, 0.0, 0.0, 0.0, 0.0, 0.0, 0.0, 0.0, 0.0, 0.0, 0.0]",pca
54,beta,0.0,0.081,0.281572739545136,0.2897992539503829,0.2643846132906929,0.5,0.5996241954759471,0.7374911808325294,0.0,[],"[0.0, 0.0, 0.0, 0.0, 0.0, 0.0, 0.0, 0.0, 0.0, 0.0, 0.0, 0.0, 0.0, 0.0, 0.0, 0.0, 0.0, 0.0, 0.0, 0.0, 0.0, 0.0, 0.0, 0.0, 0.0, 0.0, 0.0, 0.0, 0.0, 0.0]",pca
54,beta,10.0,0.081,0.2711055500199741,0.2819676250852603,0.2614791969445391,0.5,0.5443998811645869,0.7125445632798574,0.0,[],"[0.0, 0.0, 0.0, 0.0, 0.0, 0.0, 0.0, 0.0, 0.0, 0.0, 0.0, 0.0, 0.0, 0.0, 0.0, 0.0, 0.0, 0.0, 0.0, 0.0, 0.0, 0.0, 0.0, 0.0, 0.0, 0.0, 0.0, 0.0, 0.0, 0.0]",pca
54,beta,13.0,0.081,0.2576909067500987,0.2529829403700694,0.2247057832221528,0.5,0.6561267547367551,0.7707396784246671,0.0,[],"[0.0, 0.0, 0.0, 0.0, 0.0, 0.0, 0.0, 0.0, 0.0, 0.0, 0.0, 0.0, 0.0, 0.0, 0.0, 0.0, 0.0, 0.0, 0.0, 0.0, 0.0, 0.0, 0.0, 0.0, 0.0, 0.0, 0.0, 0.0, 0.0, 0.0]",pca
54,beta,20.0,0.081,0.2628800830739616,0.2615029455907067,0.2318636577973385,0.5,0.5906329035839862,0.7891169576213684,0.0,[],"[0.0, 0.0, 0.0, 0.0, 0.0, 0.0, 0.0, 0.0, 0.0, 0.0, 0.0, 0.0, 0.0, 0.0, 0.0, 0.0, 0.0, 0.0, 0.0, 0.0, 0.0, 0.0, 0.0, 0.0, 0.0, 0.0, 0.0, 0.0, 0.0, 0.0]",pca
54,beta,11.0,0.081,0.2601588292036993,0.261959193222247,0.2545932279361135,0.5,0.640718342060624,0.70809056715097,0.0,[],"[0.0, 0.0, 0.0, 0.0, 0.0, 0.0, 0.0, 0.0, 0.0, 0.0, 0.0, 0.0, 0.0, 0.0, 0.0, 0.0, 0.0, 0.0, 0.0, 0.0, 0.0, 0.0, 0.0, 0.0, 0.0, 0.0, 0.0, 0.0, 0.0, 0.0]",pca
54,beta,45.0,0.081,0.2788619810388606,0.2856205074282529,0.2753081773208579,0.5,0.6329047748131511,0.6125611534936555,0.0,[],"[0.0, 0.0, 0.0, 0.0, 0.0, 0.0, 0.0, 0.0, 0.0, 0.0, 0.0, 0.0, 0.0, 0.0, 0.0, 0.0, 0.0, 0.0, 0.0, 0.0, 0.0, 0.0, 0.0, 0.0, 0.0, 0.0, 0.0, 0.0, 0.0, 0.0]",pca
54,beta,2.0,0.081,0.2495620960358432,0.2434427663431785,0.2240634087686451,0.5,0.6279682750759878,0.7582003546099291,0.0,[],"[0.0, 0.0, 0.0, 0.0, 0.0, 0.0, 0.0, 0.0, 0.0, 0.0, 0.0, 0.0, 0.0, 0.0, 0.0, 0.0, 0.0, 0.0, 0.0, 0.0, 0.0, 0.0, 0.0, 0.0, 0.0, 0.0, 0.0, 0.0, 0.0, 0.0]",pca
54,beta,21.0,0.081,0.257452525628104,0.2566803725771483,0.2375038316066252,0.5,0.6018066427273588,0.7127713623877305,0.0,[],"[0.0, 0.0, 0.0, 0.0, 0.0, 0.0, 0.0, 0.0, 0.0, 0.0, 0.0, 0.0, 0.0, 0.0, 0.0, 0.0, 0.0, 0.0, 0.0, 0.0, 0.0, 0.0, 0.0, 0.0, 0.0, 0.0, 0.0, 0.0, 0.0, 0.0]",pca
54,beta,17.0,0.081,0.2637836925627149,0.2674946480732597,0.2473111769072275,0.5,0.5986029254475581,0.7315167921870044,0.0,[],"[0.0, 0.0, 0.0, 0.0, 0.0, 0.0, 0.0, 0.0, 0.0, 0.0, 0.0, 0.0, 0.0, 0.0, 0.0, 0.0, 0.0, 0.0, 0.0, 0.0, 0.0, 0.0, 0.0, 0.0, 0.0, 0.0, 0.0, 0.0, 0.0, 0.0]",pca
54,beta,44.0,0.081,0.2454320928907148,0.2443068358168985,0.2343701362105192,0.5,0.573564636064636,0.6820481195481195,0.0,[],"[0.0, 0.0, 0.0, 0.0, 0.0, 0.0, 0.0, 0.0, 0.0, 0.0, 0.0, 0.0, 0.0, 0.0, 0.0, 0.0, 0.0, 0.0, 0.0, 0.0, 0.0, 0.0, 0.0, 0.0, 0.0, 0.0, 0.0, 0.0, 0.0, 0.0]",pca
54,beta,9.0,0.081,0.2573521289492059,0.2608492913457901,0.2588329925678153,0.5,0.6115793918918919,0.6663429054054053,0.0,[],"[0.0, 0.0, 0.0, 0.0, 0.0, 0.0, 0.0, 0.0, 0.0, 0.0, 0.0, 0.0, 0.0, 0.0, 0.0, 0.0, 0.0, 0.0, 0.0, 0.0, 0.0, 0.0, 0.0, 0.0, 0.0, 0.0, 0.0, 0.0, 0.0, 0.0]",pca
54,beta,16.0,0.081,0.2756864568525844,0.2806376440135098,0.2475121734857223,0.5,0.5937119113573407,0.7815581717451524,0.0,[],"[0.0, 0.0, 0.0, 0.0, 0.0, 0.0, 0.0, 0.0, 0.0, 0.0, 0.0, 0.0, 0.0, 0.0, 0.0, 0.0, 0.0, 0.0, 0.0, 0.0, 0.0, 0.0, 0.0, 0.0, 0.0, 0.0, 0.0, 0.0, 0.0, 0.0]",pca
54,beta,4.0,0.081,0.2610414052572765,0.2678962264611476,0.2490710418677091,0.5,0.569220712518093,0.6836625110893215,0.0,[],"[0.0, 0.0, 0.0, 0.0, 0.0, 0.0, 0.0, 0.0, 0.0, 0.0, 0.0, 0.0, 0.0, 0.0, 0.0, 0.0, 0.0, 0.0, 0.0, 0.0, 0.0, 0.0, 0.0, 0.0, 0.0, 0.0, 0.0, 0.0, 0.0, 0.0]",pca
54,beta,23.0,0.081,0.2748753888481758,0.2788819919583407,0.2491158856094608,0.5,0.5886102268490637,0.7556425478218476,0.0,[],"[0.0, 0.0, 0.0, 0.0, 0.0, 0.0, 0.0, 0.0, 0.0, 0.0, 0.0, 0.0, 0.0, 0.0, 0.0, 0.0, 0.0, 0.0, 0.0, 0.0, 0.0, 0.0, 0.0, 0.0, 0.0, 0.0, 0.0, 0.0, 0.0, 0.0]",pca
54,beta,22.0,0.081,0.2837419185874003,0.3046494117796562,0.2753121284456376,0.5,0.4992868004252284,0.6935058468908536,0.0,[],"[0.0, 0.0, 0.0, 0.0, 0.0, 0.0, 0.0, 0.0, 0.0, 0.0, 0.0, 0.0, 0.0, 0.0, 0.0, 0.0, 0.0, 0.0, 0.0, 0.0, 0.0, 0.0, 0.0, 0.0, 0.0, 0.0, 0.0, 0.0, 0.0, 0.0]",pca
54,beta,15.0,0.081,0.2717116111576571,0.2729533950950198,0.2531603494144378,0.5,0.5854673108863053,0.7282273894005737,0.0,[],"[0.0, 0.0, 0.0, 0.0, 0.0, 0.0, 0.0, 0.0, 0.0, 0.0, 0.0, 0.0, 0.0, 0.0, 0.0, 0.0, 0.0, 0.0, 0.0, 0.0, 0.0, 0.0, 0.0, 0.0, 0.0, 0.0, 0.0, 0.0, 0.0, 0.0]",pca
54,beta,43.0,0.081,0.2788020331952037,0.2885110466452057,0.2561246501395208,0.5,0.5885302371357513,0.7654976126827061,0.0,[],"[0.0, 0.0, 0.0, 0.0, 0.0, 0.0, 0.0, 0.0, 0.0, 0.0, 0.0, 0.0, 0.0, 0.0, 0.0, 0.0, 0.0, 0.0, 0.0, 0.0, 0.0, 0.0, 0.0, 0.0, 0.0, 0.0, 0.0, 0.0, 0.0, 0.0]",pca
54,beta,18.0,0.081,0.252771114290939,0.255262114573614,0.2431243496373752,0.5,0.6159530341629107,0.689373897707231,0.0,[],"[0.0, 0.0, 0.0, 0.0, 0.0, 0.0, 0.0, 0.0, 0.0, 0.0, 0.0, 0.0, 0.0, 0.0, 0.0, 0.0, 0.0, 0.0, 0.0, 0.0, 0.0, 0.0, 0.0, 0.0, 0.0, 0.0, 0.0, 0.0, 0.0, 0.0]",pca
54,beta,46.0,0.081,0.2624517538374725,0.2723697249893927,0.248031578193035,0.5,0.5228409090909091,0.7004772727272727,0.0,[],"[0.0, 0.0, 0.0, 0.0, 0.0, 0.0, 0.0, 0.0, 0.0, 0.0, 0.0, 0.0, 0.0, 0.0, 0.0, 0.0, 0.0, 0.0, 0.0, 0.0, 0.0, 0.0, 0.0, 0.0, 0.0, 0.0, 0.0, 0.0, 0.0, 0.0]",pca
54,beta,19.0,0.081,0.2603054890140719,0.2585797741158689,0.2461723247609922,0.5,0.619239997177334,0.7335844329969656,0.0,[],"[0.0, 0.0, 0.0, 0.0, 0.0, 0.0, 0.0, 0.0, 0.0, 0.0, 0.0, 0.0, 0.0, 0.0, 0.0, 0.0, 0.0, 0.0, 0.0, 0.0, 0.0, 0.0, 0.0, 0.0, 0.0, 0.0, 0.0, 0.0, 0.0, 0.0]",pca
54,beta,25.0,0.081,0.2845510566600645,0.2913358577766932,0.2561601952452231,0.5,0.5862418006859121,0.785602503912363,0.0,[],"[0.0, 0.0, 0.0, 0.0, 0.0, 0.0, 0.0, 0.0, 0.0, 0.0, 0.0, 0.0, 0.0, 0.0, 0.0, 0.0, 0.0, 0.0, 0.0, 0.0, 0.0, 0.0, 0.0, 0.0, 0.0, 0.0, 0.0, 0.0, 0.0, 0.0]",pca
54,beta,24.0,0.081,0.2900763593641032,0.2991071781878257,0.2665763675396324,0.5,0.5854136776661885,0.75961262553802,0.0,[],"[0.0, 0.0, 0.0, 0.0, 0.0, 0.0, 0.0, 0.0, 0.0, 0.0, 0.0, 0.0, 0.0, 0.0, 0.0, 0.0, 0.0, 0.0, 0.0, 0.0, 0.0, 0.0, 0.0, 0.0, 0.0, 0.0, 0.0, 0.0, 0.0, 0.0]",pca
54,beta,14.0,0.081,0.2685810422970259,0.2767156150162104,0.259951245523482,0.5,0.5706202867497511,0.6481498531098038,0.0,[],"[0.0, 0.0, 0.0, 0.0, 0.0, 0.0, 0.0, 0.0, 0.0, 0.0, 0.0, 0.0, 0.0, 0.0, 0.0, 0.0, 0.0, 0.0, 0.0, 0.0, 0.0, 0.0, 0.0, 0.0, 0.0, 0.0, 0.0, 0.0, 0.0, 0.0]",pca
54,beta,27.0,0.081,0.2628555518187883,0.2615293557691809,0.2465691969146975,0.5,0.6090891541933952,0.7347870634354954,0.0,[],"[0.0, 0.0, 0.0, 0.0, 0.0, 0.0, 0.0, 0.0, 0.0, 0.0, 0.0, 0.0, 0.0, 0.0, 0.0, 0.0, 0.0, 0.0, 0.0, 0.0, 0.0, 0.0, 0.0, 0.0, 0.0, 0.0, 0.0, 0.0, 0.0, 0.0]",pca
54,beta,47.0,0.081,0.244301186216428,0.2471959695438087,0.2405005430405765,0.5,0.5301834775168742,0.658427607186995,0.0,[],"[0.0, 0.0, 0.0, 0.0, 0.0, 0.0, 0.0, 0.0, 0.0, 0.0, 0.0, 0.0, 0.0, 0.0, 0.0, 0.0, 0.0, 0.0, 0.0, 0.0, 0.0, 0.0, 0.0, 0.0, 0.0, 0.0, 0.0, 0.0, 0.0, 0.0]",pca
54,beta,30.0,0.081,0.2555378502535331,0.2554948845890617,0.2476204939580996,0.5,0.5473332739016622,0.689863928487491,0.0,[],"[0.0, 0.0, 0.0, 0.0, 0.0, 0.0, 0.0, 0.0, 0.0, 0.0, 0.0, 0.0, 0.0, 0.0, 0.0, 0.0, 0.0, 0.0, 0.0, 0.0, 0.0, 0.0, 0.0, 0.0, 0.0, 0.0, 0.0, 0.0, 0.0, 0.0]",pca
54,beta,28.0,0.081,0.2926307635963882,0.3070679499505309,0.2777981192703999,0.5,0.5681177211205539,0.7170853005980484,0.0,[],"[0.0, 0.0, 0.0, 0.0, 0.0, 0.0, 0.0, 0.0, 0.0, 0.0, 0.0, 0.0, 0.0, 0.0, 0.0, 0.0, 0.0, 0.0, 0.0, 0.0, 0.0, 0.0, 0.0, 0.0, 0.0, 0.0, 0.0, 0.0, 0.0, 0.0]",pca
54,beta,26.0,0.081,0.270311608064977,0.2778689690088576,0.26622198841782,0.5,0.5710270822687787,0.6868730333754673,0.0,[],"[0.0, 0.0, 0.0, 0.0, 0.0, 0.0, 0.0, 0.0, 0.0, 0.0, 0.0, 0.0, 0.0, 0.0, 0.0, 0.0, 0.0, 0.0, 0.0, 0.0, 0.0, 0.0, 0.0, 0.0, 0.0, 0.0, 0.0, 0.0, 0.0, 0.0]",pca
54,beta,32.0,0.081,0.2565291715759179,0.2501939974533648,0.2348058158379052,0.5,0.5481308097587168,0.7385902211483606,0.0,[],"[0.0, 0.0, 0.0, 0.0, 0.0, 0.0, 0.0, 0.0, 0.0, 0.0, 0.0, 0.0, 0.0, 0.0, 0.0, 0.0, 0.0, 0.0, 0.0, 0.0, 0.0, 0.0, 0.0, 0.0, 0.0, 0.0, 0.0, 0.0, 0.0, 0.0]",pca
54,beta,31.0,0.081,0.2531002750801421,0.2573536054418309,0.2388671332271137,0.5,0.4806025140875595,0.7350274526802486,0.0,[],"[0.0, 0.0, 0.0, 0.0, 0.0, 0.0, 0.0, 0.0, 0.0, 0.0, 0.0, 0.0, 0.0, 0.0, 0.0, 0.0, 0.0, 0.0, 0.0, 0.0, 0.0, 0.0, 0.0, 0.0, 0.0, 0.0, 0.0, 0.0, 0.0, 0.0]",pca
54,beta,48.0,0.081,0.2498031228428828,0.2530513014469549,0.2438525598511899,0.5,0.5629727580403544,0.6533169351408332,0.0,[],"[0.0, 0.0, 0.0, 0.0, 0.0, 0.0, 0.0, 0.0, 0.0, 0.0, 0.0, 0.0, 0.0, 0.0, 0.0, 0.0, 0.0, 0.0, 0.0, 0.0, 0.0, 0.0, 0.0, 0.0, 0.0, 0.0, 0.0, 0.0, 0.0, 0.0]",pca
54,beta,51.0,0.081,0.2653632416970451,0.2803790860314156,0.2629861037613579,0.5,0.4510293560137797,0.6393298059964727,0.0,[],"[0.0, 0.0, 0.0, 0.0, 0.0, 0.0, 0.0, 0.0, 0.0, 0.0, 0.0, 0.0, 0.0, 0.0, 0.0, 0.0, 0.0, 0.0, 0.0, 0.0, 0.0, 0.0, 0.0, 0.0, 0.0, 0.0, 0.0, 0.0, 0.0, 0.0]",pca
54,beta,50.0,0.081,0.2806971732872111,0.2937165317340022,0.2717407443164501,0.5,0.5547957063711911,0.6960699445983379,0.0,[],"[0.0, 0.0, 0.0, 0.0, 0.0, 0.0, 0.0, 0.0, 0.0, 0.0, 0.0, 0.0, 0.0, 0.0, 0.0, 0.0, 0.0, 0.0, 0.0, 0.0, 0.0, 0.0, 0.0, 0.0, 0.0, 0.0, 0.0, 0.0, 0.0, 0.0]",pca
54,beta,49.0,0.081,0.2582229900942229,0.2597201314684466,0.2273798946605607,0.5,0.5452803030303031,0.7686060606060606,0.0,[],"[0.0, 0.0, 0.0, 0.0, 0.0, 0.0, 0.0, 0.0, 0.0, 0.0, 0.0, 0.0, 0.0, 0.0, 0.0, 0.0, 0.0, 0.0, 0.0, 0.0, 0.0, 0.0, 0.0, 0.0, 0.0, 0.0, 0.0, 0.0, 0.0, 0.0]",pca
54,beta,52.0,0.081,0.2660503348001611,0.2747881230267292,0.2645358025417656,0.5,0.5309645923041058,0.6681042758015414,0.0,[],"[0.0, 0.0, 0.0, 0.0, 0.0, 0.0, 0.0, 0.0, 0.0, 0.0, 0.0, 0.0, 0.0, 0.0, 0.0, 0.0, 0.0, 0.0, 0.0, 0.0, 0.0, 0.0, 0.0, 0.0, 0.0, 0.0, 0.0, 0.0, 0.0, 0.0]",pca
54,beta,53.0,0.081,0.2828400882942902,0.2988441562715645,0.2795893065207246,0.5,0.5557471073832179,0.6456055432151974,0.0,[],"[0.0, 0.0, 0.0, 0.0, 0.0, 0.0, 0.0, 0.0, 0.0, 0.0, 0.0, 0.0, 0.0, 0.0, 0.0, 0.0, 0.0, 0.0, 0.0, 0.0, 0.0, 0.0, 0.0, 0.0, 0.0, 0.0, 0.0, 0.0, 0.0, 0.0]",pca
54,beta,56.0,0.081,0.2385518382470563,0.2368415661847172,0.2417940666516331,0.5,0.5571996235490955,0.6027745825926314,0.0,[],"[0.0, 0.0, 0.0, 0.0, 0.0, 0.0, 0.0, 0.0, 0.0, 0.0, 0.0, 0.0, 0.0, 0.0, 0.0, 0.0, 0.0, 0.0, 0.0, 0.0, 0.0, 0.0, 0.0, 0.0, 0.0, 0.0, 0.0, 0.0, 0.0, 0.0]",pca
54,beta,54.0,0.081,0.2668239239096532,0.261450216970319,0.2285027052006552,0.5,0.5889085008255992,0.7860914991744006,0.0,[],"[0.0, 0.0, 0.0, 0.0, 0.0, 0.0, 0.0, 0.0, 0.0, 0.0, 0.0, 0.0, 0.0, 0.0, 0.0, 0.0, 0.0, 0.0, 0.0, 0.0, 0.0, 0.0, 0.0, 0.0, 0.0, 0.0, 0.0, 0.0, 0.0, 0.0]",pca
54,beta,57.0,0.081,0.2716365086065577,0.2774155886385541,0.2544686032050851,0.5,0.5939208069242827,0.739821440741498,0.0,[],"[0.0, 0.0, 0.0, 0.0, 0.0, 0.0, 0.0, 0.0, 0.0, 0.0, 0.0, 0.0, 0.0, 0.0, 0.0, 0.0, 0.0, 0.0, 0.0, 0.0, 0.0, 0.0, 0.0, 0.0, 0.0, 0.0, 0.0, 0.0, 0.0, 0.0]",pca
54,beta,55.0,0.081,0.2890981446017616,0.3079935103187905,0.2961046111195842,0.5,0.5393158424270568,0.6213528364677657,0.0,[],"[0.0, 0.0, 0.0, 0.0, 0.0, 0.0, 0.0, 0.0, 0.0, 0.0, 0.0, 0.0, 0.0, 0.0, 0.0, 0.0, 0.0, 0.0, 0.0, 0.0, 0.0, 0.0, 0.0, 0.0, 0.0, 0.0, 0.0, 0.0, 0.0, 0.0]",pca
54,beta,58.0,0.081,0.2776984109677508,0.2902583182972239,0.2745489555950026,0.5,0.5409589155719187,0.6951091958831896,0.0,[],"[0.0, 0.0, 0.0, 0.0, 0.0, 0.0, 0.0, 0.0, 0.0, 0.0, 0.0, 0.0, 0.0, 0.0, 0.0, 0.0, 0.0, 0.0, 0.0, 0.0, 0.0, 0.0, 0.0, 0.0, 0.0, 0.0, 0.0, 0.0, 0.0, 0.0]",pca
54,beta,60.0,0.081,0.2702979227225785,0.2784063908829987,0.2587718310107466,0.5,0.5827444134078212,0.7293994413407822,0.0,[],"[0.0, 0.0, 0.0, 0.0, 0.0, 0.0, 0.0, 0.0, 0.0, 0.0, 0.0, 0.0, 0.0, 0.0, 0.0, 0.0, 0.0, 0.0, 0.0, 0.0, 0.0, 0.0, 0.0, 0.0, 0.0, 0.0, 0.0, 0.0, 0.0, 0.0]",pca
54,beta,59.0,0.081,0.2913336328429276,0.3077924683147598,0.2886123502940513,0.5,0.5769395054093855,0.6986618384898347,0.0,[],"[0.0, 0.0, 0.0, 0.0, 0.0, 0.0, 0.0, 0.0, 0.0, 0.0, 0.0, 0.0, 0.0, 0.0, 0.0, 0.0, 0.0, 0.0, 0.0, 0.0, 0.0, 0.0, 0.0, 0.0, 0.0, 0.0, 0.0, 0.0, 0.0, 0.0]",pca
54,beta,61.0,0.081,0.2666808908116042,0.2787953789513775,0.2577105089222741,0.5,0.5541045766503622,0.6667349182876426,0.0,[],"[0.0, 0.0, 0.0, 0.0, 0.0, 0.0, 0.0, 0.0, 0.0, 0.0, 0.0, 0.0, 0.0, 0.0, 0.0, 0.0, 0.0, 0.0, 0.0, 0.0, 0.0, 0.0, 0.0, 0.0, 0.0, 0.0, 0.0, 0.0, 0.0, 0.0]",pca
54,beta,63.0,0.081,0.2736141996295413,0.2849278515125376,0.2551112558016683,0.5,0.544439061721114,0.7217951148275304,0.0,[],"[0.0, 0.0, 0.0, 0.0, 0.0, 0.0, 0.0, 0.0, 0.0, 0.0, 0.0, 0.0, 0.0, 0.0, 0.0, 0.0, 0.0, 0.0, 0.0, 0.0, 0.0, 0.0, 0.0, 0.0, 0.0, 0.0, 0.0, 0.0, 0.0, 0.0]",pca
54,beta,62.0,0.081,0.2614724580336114,0.2607418017438114,0.2440928069015762,0.5,0.5706354300385109,0.7014040436456996,0.0,[],"[0.0, 0.0, 0.0, 0.0, 0.0, 0.0, 0.0, 0.0, 0.0, 0.0, 0.0, 0.0, 0.0, 0.0, 0.0, 0.0, 0.0, 0.0, 0.0, 0.0, 0.0, 0.0, 0.0, 0.0, 0.0, 0.0, 0.0, 0.0, 0.0, 0.0]",pca
54,beta,65.0,0.081,0.2811275984066043,0.2936760819548088,0.2708593762543279,0.5,0.558298706124793,0.7002398567615958,0.0,[],"[0.0, 0.0, 0.0, 0.0, 0.0, 0.0, 0.0, 0.0, 0.0, 0.0, 0.0, 0.0, 0.0, 0.0, 0.0, 0.0, 0.0, 0.0, 0.0, 0.0, 0.0, 0.0, 0.0, 0.0, 0.0, 0.0, 0.0, 0.0, 0.0, 0.0]",pca
54,beta,64.0,0.081,0.2608413222087862,0.266630541445648,0.256295727511005,0.5,0.5822053714344726,0.69169942981065,0.0,[],"[0.0, 0.0, 0.0, 0.0, 0.0, 0.0, 0.0, 0.0, 0.0, 0.0, 0.0, 0.0, 0.0, 0.0, 0.0, 0.0, 0.0, 0.0, 0.0, 0.0, 0.0, 0.0, 0.0, 0.0, 0.0, 0.0, 0.0, 0.0, 0.0, 0.0]",pca
54,beta,66.0,0.081,0.2964394033951187,0.3224954190409393,0.3002720026900271,0.5,0.5102017212640746,0.6433581657992313,0.0,[],"[0.0, 0.0, 0.0, 0.0, 0.0, 0.0, 0.0, 0.0, 0.0, 0.0, 0.0, 0.0, 0.0, 0.0, 0.0, 0.0, 0.0, 0.0, 0.0, 0.0, 0.0, 0.0, 0.0, 0.0, 0.0, 0.0, 0.0, 0.0, 0.0, 0.0]",pca
54,beta,67.0,0.081,0.2464821566014883,0.245145309780352,0.2284219582459217,0.5,0.5837266287947431,0.7330817292919106,0.0,[],"[0.0, 0.0, 0.0, 0.0, 0.0, 0.0, 0.0, 0.0, 0.0, 0.0, 0.0, 0.0, 0.0, 0.0, 0.0, 0.0, 0.0, 0.0, 0.0, 0.0, 0.0, 0.0, 0.0, 0.0, 0.0, 0.0, 0.0, 0.0, 0.0, 0.0]",pca
54,beta,73.0,0.081,0.2588080057372539,0.2605700263814213,0.2384426633343276,0.5,0.5798933627505056,0.7314579886008458,0.0,[],"[0.0, 0.0, 0.0, 0.0, 0.0, 0.0, 0.0, 0.0, 0.0, 0.0, 0.0, 0.0, 0.0, 0.0, 0.0, 0.0, 0.0, 0.0, 0.0, 0.0, 0.0, 0.0, 0.0, 0.0, 0.0, 0.0, 0.0, 0.0, 0.0, 0.0]",pca
54,beta,69.0,0.081,0.2828113872021442,0.2933967642697681,0.2630287238470276,0.5,0.5851696375426836,0.7380094608564896,0.0,[],"[0.0, 0.0, 0.0, 0.0, 0.0, 0.0, 0.0, 0.0, 0.0, 0.0, 0.0, 0.0, 0.0, 0.0, 0.0, 0.0, 0.0, 0.0, 0.0, 0.0, 0.0, 0.0, 0.0, 0.0, 0.0, 0.0, 0.0, 0.0, 0.0, 0.0]",pca
54,beta,72.0,0.081,0.2747818731992664,0.2886924695010278,0.2622023995841073,0.5,0.5651110050131296,0.7391581125169093,0.0,[],"[0.0, 0.0, 0.0, 0.0, 0.0, 0.0, 0.0, 0.0, 0.0, 0.0, 0.0, 0.0, 0.0, 0.0, 0.0, 0.0, 0.0, 0.0, 0.0, 0.0, 0.0, 0.0, 0.0, 0.0, 0.0, 0.0, 0.0, 0.0, 0.0, 0.0]",pca
54,beta,71.0,0.081,0.2826573604985781,0.2815187150694883,0.2700972074565211,0.5,0.6232638888888888,0.6919454966329965,0.0,[],"[0.0, 0.0, 0.0, 0.0, 0.0, 0.0, 0.0, 0.0, 0.0, 0.0, 0.0, 0.0, 0.0, 0.0, 0.0, 0.0, 0.0, 0.0, 0.0, 0.0, 0.0, 0.0, 0.0, 0.0, 0.0, 0.0, 0.0, 0.0, 0.0, 0.0]",pca
54,beta,70.0,0.081,0.2652010620051332,0.2652523568396527,0.2545494881659078,0.5,0.5881964243288191,0.7109245070087907,0.0,[],"[0.0, 0.0, 0.0, 0.0, 0.0, 0.0, 0.0, 0.0, 0.0, 0.0, 0.0, 0.0, 0.0, 0.0, 0.0, 0.0, 0.0, 0.0, 0.0, 0.0, 0.0, 0.0, 0.0, 0.0, 0.0, 0.0, 0.0, 0.0, 0.0, 0.0]",pca
54,beta,68.0,0.081,0.2666116929138221,0.2716700927224827,0.250905201188391,0.5,0.5379961634941715,0.6986789683371776,0.0,[],"[0.0, 0.0, 0.0, 0.0, 0.0, 0.0, 0.0, 0.0, 0.0, 0.0, 0.0, 0.0, 0.0, 0.0, 0.0, 0.0, 0.0, 0.0, 0.0, 0.0, 0.0, 0.0, 0.0, 0.0, 0.0, 0.0, 0.0, 0.0, 0.0, 0.0]",pca
54,beta,83.0,0.081,0.2792181290810143,0.2848799948093335,0.2596841411855362,0.5,0.614604656240618,0.7641652337672972,0.0,[],"[0.0, 0.0, 0.0, 0.0, 0.0, 0.0, 0.0, 0.0, 0.0, 0.0, 0.0, 0.0, 0.0, 0.0, 0.0, 0.0, 0.0, 0.0, 0.0, 0.0, 0.0, 0.0, 0.0, 0.0, 0.0, 0.0, 0.0, 0.0, 0.0, 0.0]",pca
54,beta,76.0,0.081,0.2473275424999337,0.2360383535033644,0.2254412711509947,0.5,0.6374848059841047,0.7717251051893408,0.0,[],"[0.0, 0.0, 0.0, 0.0, 0.0, 0.0, 0.0, 0.0, 0.0, 0.0, 0.0, 0.0, 0.0, 0.0, 0.0, 0.0, 0.0, 0.0, 0.0, 0.0, 0.0, 0.0, 0.0, 0.0, 0.0, 0.0, 0.0, 0.0, 0.0, 0.0]",pca
54,beta,74.0,0.081,0.2749523706804635,0.2887671869496925,0.2687428872697547,0.5,0.5277091228648323,0.6821071565881254,0.0,[],"[0.0, 0.0, 0.0, 0.0, 0.0, 0.0, 0.0, 0.0, 0.0, 0.0, 0.0, 0.0, 0.0, 0.0, 0.0, 0.0, 0.0, 0.0, 0.0, 0.0, 0.0, 0.0, 0.0, 0.0, 0.0, 0.0, 0.0, 0.0, 0.0, 0.0]",pca
54,beta,77.0,0.081,0.2575431052026183,0.2575154471625063,0.2345984823954684,0.5,0.5790750580072708,0.7471941108449032,0.0,[],"[0.0, 0.0, 0.0, 0.0, 0.0, 0.0, 0.0, 0.0, 0.0, 0.0, 0.0, 0.0, 0.0, 0.0, 0.0, 0.0, 0.0, 0.0, 0.0, 0.0, 0.0, 0.0, 0.0, 0.0, 0.0, 0.0, 0.0, 0.0, 0.0, 0.0]",pca
54,beta,80.0,0.081,0.2894505653834459,0.2995603603371783,0.2717816214408148,0.5,0.5564765291182359,0.7275883706337587,0.0,[],"[0.0, 0.0, 0.0, 0.0, 0.0, 0.0, 0.0, 0.0, 0.0, 0.0, 0.0, 0.0, 0.0, 0.0, 0.0, 0.0, 0.0, 0.0, 0.0, 0.0, 0.0, 0.0, 0.0, 0.0, 0.0, 0.0, 0.0, 0.0, 0.0, 0.0]",pca
54,beta,75.0,0.081,0.2529070486887824,0.2442235271843282,0.2188650492846761,0.5,0.6132189939004394,0.7969354627139765,0.0,[],"[0.0, 0.0, 0.0, 0.0, 0.0, 0.0, 0.0, 0.0, 0.0, 0.0, 0.0, 0.0, 0.0, 0.0, 0.0, 0.0, 0.0, 0.0, 0.0, 0.0, 0.0, 0.0, 0.0, 0.0, 0.0, 0.0, 0.0, 0.0, 0.0, 0.0]",pca
54,beta,78.0,0.081,0.2773358384199397,0.2887072442135551,0.2634035511247424,0.5,0.5240661440147573,0.7278015679557283,0.0,[],"[0.0, 0.0, 0.0, 0.0, 0.0, 0.0, 0.0, 0.0, 0.0, 0.0, 0.0, 0.0, 0.0, 0.0, 0.0, 0.0, 0.0, 0.0, 0.0, 0.0, 0.0, 0.0, 0.0, 0.0, 0.0, 0.0, 0.0, 0.0, 0.0, 0.0]",pca
54,beta,90.0,0.081,0.2848047938573605,0.3048086414620909,0.27848682441912,0.5,0.5194359323572807,0.7029281579843377,0.0,[],"[0.0, 0.0, 0.0, 0.0, 0.0, 0.0, 0.0, 0.0, 0.0, 0.0, 0.0, 0.0, 0.0, 0.0, 0.0, 0.0, 0.0, 0.0, 0.0, 0.0, 0.0, 0.0, 0.0, 0.0, 0.0, 0.0, 0.0, 0.0, 0.0, 0.0]",pca
54,beta,82.0,0.081,0.2676561896061871,0.2828164453389342,0.2576206533851035,0.5,0.5578031891414699,0.6893759655705142,0.0,[],"[0.0, 0.0, 0.0, 0.0, 0.0, 0.0, 0.0, 0.0, 0.0, 0.0, 0.0, 0.0, 0.0, 0.0, 0.0, 0.0, 0.0, 0.0, 0.0, 0.0, 0.0, 0.0, 0.0, 0.0, 0.0, 0.0, 0.0, 0.0, 0.0, 0.0]",pca
54,beta,79.0,0.081,0.2614380484129981,0.2686225943974654,0.2516385857808277,0.5,0.5362808174950793,0.7170586359003881,0.0,[],"[0.0, 0.0, 0.0, 0.0, 0.0, 0.0, 0.0, 0.0, 0.0, 0.0, 0.0, 0.0, 0.0, 0.0, 0.0, 0.0, 0.0, 0.0, 0.0, 0.0, 0.0, 0.0, 0.0, 0.0, 0.0, 0.0, 0.0, 0.0, 0.0, 0.0]",pca
54,beta,86.0,0.081,0.2621396651297328,0.2603117858767016,0.252540863927566,0.5,0.6487404248598279,0.658970658970659,0.0,[],"[0.0, 0.0, 0.0, 0.0, 0.0, 0.0, 0.0, 0.0, 0.0, 0.0, 0.0, 0.0, 0.0, 0.0, 0.0, 0.0, 0.0, 0.0, 0.0, 0.0, 0.0, 0.0, 0.0, 0.0, 0.0, 0.0, 0.0, 0.0, 0.0, 0.0]",pca
54,beta,87.0,0.081,0.2697926649544018,0.2727671717317829,0.2597460488421832,0.5,0.5929841235218047,0.6957527694249256,0.0,[],"[0.0, 0.0, 0.0, 0.0, 0.0, 0.0, 0.0, 0.0, 0.0, 0.0, 0.0, 0.0, 0.0, 0.0, 0.0, 0.0, 0.0, 0.0, 0.0, 0.0, 0.0, 0.0, 0.0, 0.0, 0.0, 0.0, 0.0, 0.0, 0.0, 0.0]",pca
54,beta,81.0,0.081,0.2479528338967687,0.252182922250828,0.2393328646286233,0.5,0.5274895789338377,0.6362083845970216,0.0,[],"[0.0, 0.0, 0.0, 0.0, 0.0, 0.0, 0.0, 0.0, 0.0, 0.0, 0.0, 0.0, 0.0, 0.0, 0.0, 0.0, 0.0, 0.0, 0.0, 0.0, 0.0, 0.0, 0.0, 0.0, 0.0, 0.0, 0.0, 0.0, 0.0, 0.0]",pca
54,beta,88.0,0.081,0.278952940337224,0.2900466018878506,0.2796311012603432,0.5,0.5941158749503609,0.6581332931655416,0.0,[],"[0.0, 0.0, 0.0, 0.0, 0.0, 0.0, 0.0, 0.0, 0.0, 0.0, 0.0, 0.0, 0.0, 0.0, 0.0, 0.0, 0.0, 0.0, 0.0, 0.0, 0.0, 0.0, 0.0, 0.0, 0.0, 0.0, 0.0, 0.0, 0.0, 0.0]",pca
54,beta,92.0,0.081,0.2864095892037767,0.3057068864847854,0.2786857882342539,0.5,0.5511115205109309,0.7194178334561534,0.0,[],"[0.0, 0.0, 0.0, 0.0, 0.0, 0.0, 0.0, 0.0, 0.0, 0.0, 0.0, 0.0, 0.0, 0.0, 0.0, 0.0, 0.0, 0.0, 0.0, 0.0, 0.0, 0.0, 0.0, 0.0, 0.0, 0.0, 0.0, 0.0, 0.0, 0.0]",pca
54,beta,94.0,0.081,0.2619885292554274,0.2654857551018414,0.2590727061388313,0.5,0.5838802296964725,0.6889722254775579,0.0,[],"[0.0, 0.0, 0.0, 0.0, 0.0, 0.0, 0.0, 0.0, 0.0, 0.0, 0.0, 0.0, 0.0, 0.0, 0.0, 0.0, 0.0, 0.0, 0.0, 0.0, 0.0, 0.0, 0.0, 0.0, 0.0, 0.0, 0.0, 0.0, 0.0, 0.0]",pca
54,beta,84.0,0.081,0.2634244110774574,0.2655807626576091,0.2525267465985537,0.5,0.5758402903811253,0.7050381125226861,0.0,[],"[0.0, 0.0, 0.0, 0.0, 0.0, 0.0, 0.0, 0.0, 0.0, 0.0, 0.0, 0.0, 0.0, 0.0, 0.0, 0.0, 0.0, 0.0, 0.0, 0.0, 0.0, 0.0, 0.0, 0.0, 0.0, 0.0, 0.0, 0.0, 0.0, 0.0]",pca
54,beta,91.0,0.081,0.2613877580512725,0.2581458826138646,0.2421084551872218,0.5,0.5638727238595833,0.7229835429572617,0.0,[],"[0.0, 0.0, 0.0, 0.0, 0.0, 0.0, 0.0, 0.0, 0.0, 0.0, 0.0, 0.0, 0.0, 0.0, 0.0, 0.0, 0.0, 0.0, 0.0, 0.0, 0.0, 0.0, 0.0, 0.0, 0.0, 0.0, 0.0, 0.0, 0.0, 0.0]",pca
54,beta,85.0,0.081,0.2484045978567504,0.2465677162774161,0.2235719439698311,0.5,0.5385326311938617,0.7572420166934621,0.0,[],"[0.0, 0.0, 0.0, 0.0, 0.0, 0.0, 0.0, 0.0, 0.0, 0.0, 0.0, 0.0, 0.0, 0.0, 0.0, 0.0, 0.0, 0.0, 0.0, 0.0, 0.0, 0.0, 0.0, 0.0, 0.0, 0.0, 0.0, 0.0, 0.0, 0.0]",pca
54,beta,93.0,0.081,0.2544727022289703,0.2617454088212829,0.2425110409376324,0.5,0.5254037800687286,0.6805412371134021,0.0,[],"[0.0, 0.0, 0.0, 0.0, 0.0, 0.0, 0.0, 0.0, 0.0, 0.0, 0.0, 0.0, 0.0, 0.0, 0.0, 0.0, 0.0, 0.0, 0.0, 0.0, 0.0, 0.0, 0.0, 0.0, 0.0, 0.0, 0.0, 0.0, 0.0, 0.0]",pca
54,beta,89.0,0.081,0.2596992895569409,0.2578659291246081,0.2394937791897443,0.5,0.61148291913919,0.73073662606523,0.0,[],"[0.0, 0.0, 0.0, 0.0, 0.0, 0.0, 0.0, 0.0, 0.0, 0.0, 0.0, 0.0, 0.0, 0.0, 0.0, 0.0, 0.0, 0.0, 0.0, 0.0, 0.0, 0.0, 0.0, 0.0, 0.0, 0.0, 0.0, 0.0, 0.0, 0.0]",pca
54,beta,96.0,0.081,0.2629617523966815,0.2619525804294986,0.2395175613776967,0.5,0.5824397684956705,0.7593356962328205,0.0,[],"[0.0, 0.0, 0.0, 0.0, 0.0, 0.0, 0.0, 0.0, 0.0, 0.0, 0.0, 0.0, 0.0, 0.0, 0.0, 0.0, 0.0, 0.0, 0.0, 0.0, 0.0, 0.0, 0.0, 0.0, 0.0, 0.0, 0.0, 0.0, 0.0, 0.0]",pca
54,beta,99.0,0.081,0.2754971048104321,0.2805070202785323,0.2610985966751376,0.5,0.5871627967226918,0.7512030830013925,0.0,[],"[0.0, 0.0, 0.0, 0.0, 0.0, 0.0, 0.0, 0.0, 0.0, 0.0, 0.0, 0.0, 0.0, 0.0, 0.0, 0.0, 0.0, 0.0, 0.0, 0.0, 0.0, 0.0, 0.0, 0.0, 0.0, 0.0, 0.0, 0.0, 0.0, 0.0]",pca
54,beta,97.0,0.081,0.2473490428177531,0.2437460954059964,0.2285876934816262,0.5,0.566830171393671,0.6927892506775585,0.0,[],"[0.0, 0.0, 0.0, 0.0, 0.0, 0.0, 0.0, 0.0, 0.0, 0.0, 0.0, 0.0, 0.0, 0.0, 0.0, 0.0, 0.0, 0.0, 0.0, 0.0, 0.0, 0.0, 0.0, 0.0, 0.0, 0.0, 0.0, 0.0, 0.0, 0.0]",pca
54,beta,98.0,0.081,0.258827379377024,0.2494272212154708,0.2419411267467229,0.5,0.5913145973929925,0.7068118085729252,0.0,[],"[0.0, 0.0, 0.0, 0.0, 0.0, 0.0, 0.0, 0.0, 0.0, 0.0, 0.0, 0.0, 0.0, 0.0, 0.0, 0.0, 0.0, 0.0, 0.0, 0.0, 0.0, 0.0, 0.0, 0.0, 0.0, 0.0, 0.0, 0.0, 0.0, 0.0]",pca
54,beta,95.0,0.081,0.2575904294361886,0.2557878175799961,0.2410287052852589,0.5,0.5849950396825396,0.7417245370370371,0.0,[],"[0.0, 0.0, 0.0, 0.0, 0.0, 0.0, 0.0, 0.0, 0.0, 0.0, 0.0, 0.0, 0.0, 0.0, 0.0, 0.0, 0.0, 0.0, 0.0, 0.0, 0.0, 0.0, 0.0, 0.0, 0.0, 0.0, 0.0, 0.0, 0.0, 0.0]",pca
