Loading Post-Revision Data...

Loading Pre-Revision Data...

==================================================
Tuning Scenario: Post-8
==================================================

--- Testing LAMBDA_TAU = 1.3 ---
Epoch    0 | Loss: 22.7683 | Train RMSE: 0.4002 AUC: 0.4455 | Test RMSE: 0.3490 AUC: 0.3589 | Tau (min/mean/max): 0.198/0.200/0.202
Epoch   25 | Loss: 13.3972 | Train RMSE: 0.3240 AUC: 0.5447 | Test RMSE: 0.2594 AUC: 0.5046 | Tau (min/mean/max): 0.223/0.245/0.253
Epoch   50 | Loss: 9.7375 | Train RMSE: 0.3170 AUC: 0.5768 | Test RMSE: 0.2522 AUC: 0.5565 | Tau (min/mean/max): 0.267/0.283/0.290
Epoch   75 | Loss: 9.4903 | Train RMSE: 0.3174 AUC: 0.5788 | Test RMSE: 0.2531 AUC: 0.5523 | Tau (min/mean/max): 0.217/0.239/0.249
Epoch  100 | Loss: 9.8022 | Train RMSE: 0.3179 AUC: 0.5652 | Test RMSE: 0.2540 AUC: 0.5095 | Tau (min/mean/max): 0.138/0.165/0.177
Epoch  125 | Loss: 9.9396 | Train RMSE: 0.3188 AUC: 0.5414 | Test RMSE: 0.2557 AUC: 0.4482 | Tau (min/mean/max): 0.064/0.095/0.108
Epoch  150 | Loss: 9.6476 | Train RMSE: 0.3201 AUC: 0.5086 | Test RMSE: 0.2578 AUC: 0.4089 | Tau (min/mean/max): 0.000/0.025/0.039
Epoch  175 | Loss: 8.7216 | Train RMSE: 0.3225 AUC: 0.5089 | Test RMSE: 0.2612 AUC: 0.4108 | Tau (min/mean/max): 0.000/0.000/0.000
Epoch  200 | Loss: 7.8274 | Train RMSE: 0.3260 AUC: 0.5211 | Test RMSE: 0.2659 AUC: 0.4229 | Tau (min/mean/max): 0.000/0.000/0.000
Epoch  225 | Loss: 7.1279 | Train RMSE: 0.3299 AUC: 0.5334 | Test RMSE: 0.2709 AUC: 0.4371 | Tau (min/mean/max): 0.000/0.000/0.000
Epoch  250 | Loss: 6.5608 | Train RMSE: 0.3339 AUC: 0.5454 | Test RMSE: 0.2759 AUC: 0.4531 | Tau (min/mean/max): 0.000/0.000/0.000
Epoch  275 | Loss: 6.0943 | Train RMSE: 0.3377 AUC: 0.5567 | Test RMSE: 0.2808 AUC: 0.4668 | Tau (min/mean/max): 0.000/0.000/0.000
Epoch  300 | Loss: 5.7075 | Train RMSE: 0.3414 AUC: 0.5674 | Test RMSE: 0.2853 AUC: 0.4831 | Tau (min/mean/max): 0.000/0.000/0.000
Epoch  325 | Loss: 5.3846 | Train RMSE: 0.3448 AUC: 0.5775 | Test RMSE: 0.2895 AUC: 0.4995 | Tau (min/mean/max): 0.000/0.000/0.000
Epoch  350 | Loss: 5.1136 | Train RMSE: 0.3479 AUC: 0.5870 | Test RMSE: 0.2933 AUC: 0.5164 | Tau (min/mean/max): 0.000/0.000/0.000
Epoch  375 | Loss: 4.8846 | Train RMSE: 0.3508 AUC: 0.5957 | Test RMSE: 0.2967 AUC: 0.5311 | Tau (min/mean/max): 0.000/0.000/0.000
Epoch  400 | Loss: 4.6900 | Train RMSE: 0.3534 AUC: 0.6040 | Test RMSE: 0.2999 AUC: 0.5444 | Tau (min/mean/max): 0.000/0.000/0.000
Epoch  425 | Loss: 4.5239 | Train RMSE: 0.3557 AUC: 0.6117 | Test RMSE: 0.3027 AUC: 0.5561 | Tau (min/mean/max): 0.000/0.000/0.000
Epoch  450 | Loss: 4.3812 | Train RMSE: 0.3578 AUC: 0.6189 | Test RMSE: 0.3052 AUC: 0.5666 | Tau (min/mean/max): 0.000/0.000/0.000
Epoch  475 | Loss: 4.2581 | Train RMSE: 0.3597 AUC: 0.6252 | Test RMSE: 0.3075 AUC: 0.5782 | Tau (min/mean/max): 0.000/0.000/0.000
Epoch  500 | Loss: 4.1513 | Train RMSE: 0.3615 AUC: 0.6311 | Test RMSE: 0.3096 AUC: 0.5866 | Tau (min/mean/max): 0.000/0.000/0.000
Epoch  525 | Loss: 4.0583 | Train RMSE: 0.3630 AUC: 0.6364 | Test RMSE: 0.3114 AUC: 0.5971 | Tau (min/mean/max): 0.000/0.000/0.000
Epoch  550 | Loss: 3.9768 | Train RMSE: 0.3644 AUC: 0.6416 | Test RMSE: 0.3131 AUC: 0.6022 | Tau (min/mean/max): 0.000/0.000/0.000
Epoch  575 | Loss: 3.9052 | Train RMSE: 0.3656 AUC: 0.6461 | Test RMSE: 0.3145 AUC: 0.6075 | Tau (min/mean/max): 0.000/0.000/0.000
Epoch  600 | Loss: 3.8420 | Train RMSE: 0.3668 AUC: 0.6504 | Test RMSE: 0.3159 AUC: 0.6144 | Tau (min/mean/max): 0.000/0.000/0.000
Epoch  625 | Loss: 3.7859 | Train RMSE: 0.3678 AUC: 0.6545 | Test RMSE: 0.3171 AUC: 0.6219 | Tau (min/mean/max): 0.000/0.000/0.000
Epoch  650 | Loss: 3.7359 | Train RMSE: 0.3687 AUC: 0.6583 | Test RMSE: 0.3181 AUC: 0.6280 | Tau (min/mean/max): 0.000/0.000/0.000
Epoch  675 | Loss: 3.6911 | Train RMSE: 0.3695 AUC: 0.6619 | Test RMSE: 0.3191 AUC: 0.6333 | Tau (min/mean/max): 0.000/0.000/0.000
Epoch  700 | Loss: 3.6509 | Train RMSE: 0.3702 AUC: 0.6653 | Test RMSE: 0.3200 AUC: 0.6383 | Tau (min/mean/max): 0.000/0.000/0.000
Epoch  725 | Loss: 3.6146 | Train RMSE: 0.3708 AUC: 0.6686 | Test RMSE: 0.3207 AUC: 0.6439 | Tau (min/mean/max): 0.000/0.000/0.000
Epoch  750 | Loss: 3.5817 | Train RMSE: 0.3714 AUC: 0.6717 | Test RMSE: 0.3214 AUC: 0.6484 | Tau (min/mean/max): 0.000/0.000/0.000
Epoch  775 | Loss: 3.5517 | Train RMSE: 0.3719 AUC: 0.6746 | Test RMSE: 0.3220 AUC: 0.6525 | Tau (min/mean/max): 0.000/0.000/0.000
Epoch  800 | Loss: 3.5243 | Train RMSE: 0.3723 AUC: 0.6774 | Test RMSE: 0.3225 AUC: 0.6575 | Tau (min/mean/max): 0.000/0.000/0.000
Epoch  825 | Loss: 3.4991 | Train RMSE: 0.3726 AUC: 0.6801 | Test RMSE: 0.3229 AUC: 0.6614 | Tau (min/mean/max): 0.000/0.000/0.000
Epoch  850 | Loss: 3.4758 | Train RMSE: 0.3730 AUC: 0.6828 | Test RMSE: 0.3233 AUC: 0.6652 | Tau (min/mean/max): 0.000/0.000/0.000
Epoch  875 | Loss: 3.4542 | Train RMSE: 0.3732 AUC: 0.6853 | Test RMSE: 0.3236 AUC: 0.6674 | Tau (min/mean/max): 0.000/0.000/0.000
Epoch  900 | Loss: 3.4341 | Train RMSE: 0.3734 AUC: 0.6877 | Test RMSE: 0.3239 AUC: 0.6690 | Tau (min/mean/max): 0.000/0.000/0.000
Epoch  925 | Loss: 3.4152 | Train RMSE: 0.3736 AUC: 0.6898 | Test RMSE: 0.3241 AUC: 0.6709 | Tau (min/mean/max): 0.000/0.000/0.000
Epoch  950 | Loss: 3.3976 | Train RMSE: 0.3737 AUC: 0.6919 | Test RMSE: 0.3243 AUC: 0.6741 | Tau (min/mean/max): 0.000/0.000/0.000
Epoch  975 | Loss: 3.3809 | Train RMSE: 0.3738 AUC: 0.6940 | Test RMSE: 0.3244 AUC: 0.6768 | Tau (min/mean/max): 0.000/0.000/0.000
Epoch  999 | Loss: 3.3657 | Train RMSE: 0.3738 AUC: 0.6960 | Test RMSE: 0.3245 AUC: 0.6787 | Tau (min/mean/max): 0.000/0.000/0.000
Epoch 1000 | Loss: 3.3651 | Train RMSE: 0.3738 AUC: 0.6961 | Test RMSE: 0.3245 AUC: 0.6787 | Tau (min/mean/max): 0.000/0.000/0.000
  Test RMSE: 0.3277 | Test AUC: 0.6712 | Active Dims: 0

--- Testing LAMBDA_TAU = 1.0 ---
Epoch    0 | Loss: 22.1231 | Train RMSE: 0.3930 AUC: 0.4926 | Test RMSE: 0.3367 AUC: 0.5777 | Tau (min/mean/max): 0.198/0.200/0.202
Epoch   25 | Loss: 12.9514 | Train RMSE: 0.3216 AUC: 0.5647 | Test RMSE: 0.2540 AUC: 0.6086 | Tau (min/mean/max): 0.231/0.246/0.252
Epoch   50 | Loss: 9.2005 | Train RMSE: 0.3171 AUC: 0.5890 | Test RMSE: 0.2509 AUC: 0.6223 | Tau (min/mean/max): 0.279/0.290/0.295
Epoch   75 | Loss: 8.7371 | Train RMSE: 0.3181 AUC: 0.5949 | Test RMSE: 0.2529 AUC: 0.6291 | Tau (min/mean/max): 0.258/0.267/0.274
Epoch  100 | Loss: 8.9748 | Train RMSE: 0.3182 AUC: 0.5920 | Test RMSE: 0.2530 AUC: 0.6294 | Tau (min/mean/max): 0.191/0.203/0.213
Epoch  125 | Loss: 9.0507 | Train RMSE: 0.3187 AUC: 0.5879 | Test RMSE: 0.2539 AUC: 0.6291 | Tau (min/mean/max): 0.123/0.139/0.150
Epoch  150 | Loss: 8.9641 | Train RMSE: 0.3199 AUC: 0.5764 | Test RMSE: 0.2556 AUC: 0.6133 | Tau (min/mean/max): 0.054/0.073/0.085
Epoch  175 | Loss: 8.5525 | Train RMSE: 0.3219 AUC: 0.5635 | Test RMSE: 0.2586 AUC: 0.5963 | Tau (min/mean/max): 0.000/0.006/0.016
Epoch  200 | Loss: 7.6659 | Train RMSE: 0.3259 AUC: 0.5728 | Test RMSE: 0.2641 AUC: 0.6008 | Tau (min/mean/max): 0.000/0.000/0.000
Epoch  225 | Loss: 6.9605 | Train RMSE: 0.3301 AUC: 0.5836 | Test RMSE: 0.2698 AUC: 0.6083 | Tau (min/mean/max): 0.000/0.000/0.000
Epoch  250 | Loss: 6.4020 | Train RMSE: 0.3343 AUC: 0.5937 | Test RMSE: 0.2753 AUC: 0.6175 | Tau (min/mean/max): 0.000/0.000/0.000
Epoch  275 | Loss: 5.9472 | Train RMSE: 0.3383 AUC: 0.6033 | Test RMSE: 0.2804 AUC: 0.6286 | Tau (min/mean/max): 0.000/0.000/0.000
Epoch  300 | Loss: 5.5723 | Train RMSE: 0.3420 AUC: 0.6115 | Test RMSE: 0.2852 AUC: 0.6357 | Tau (min/mean/max): 0.000/0.000/0.000
Epoch  325 | Loss: 5.2609 | Train RMSE: 0.3455 AUC: 0.6193 | Test RMSE: 0.2895 AUC: 0.6446 | Tau (min/mean/max): 0.000/0.000/0.000
Epoch  350 | Loss: 5.0004 | Train RMSE: 0.3486 AUC: 0.6262 | Test RMSE: 0.2935 AUC: 0.6505 | Tau (min/mean/max): 0.000/0.000/0.000
Epoch  375 | Loss: 4.7811 | Train RMSE: 0.3515 AUC: 0.6326 | Test RMSE: 0.2970 AUC: 0.6559 | Tau (min/mean/max): 0.000/0.000/0.000
Epoch  400 | Loss: 4.5955 | Train RMSE: 0.3541 AUC: 0.6383 | Test RMSE: 0.3001 AUC: 0.6608 | Tau (min/mean/max): 0.000/0.000/0.000
Epoch  425 | Loss: 4.4373 | Train RMSE: 0.3564 AUC: 0.6432 | Test RMSE: 0.3030 AUC: 0.6671 | Tau (min/mean/max): 0.000/0.000/0.000
Epoch  450 | Loss: 4.3019 | Train RMSE: 0.3585 AUC: 0.6479 | Test RMSE: 0.3055 AUC: 0.6712 | Tau (min/mean/max): 0.000/0.000/0.000
Epoch  475 | Loss: 4.1853 | Train RMSE: 0.3604 AUC: 0.6521 | Test RMSE: 0.3078 AUC: 0.6749 | Tau (min/mean/max): 0.000/0.000/0.000
Epoch  500 | Loss: 4.0843 | Train RMSE: 0.3620 AUC: 0.6561 | Test RMSE: 0.3098 AUC: 0.6788 | Tau (min/mean/max): 0.000/0.000/0.000
Epoch  525 | Loss: 3.9965 | Train RMSE: 0.3636 AUC: 0.6599 | Test RMSE: 0.3116 AUC: 0.6814 | Tau (min/mean/max): 0.000/0.000/0.000
Epoch  550 | Loss: 3.9198 | Train RMSE: 0.3649 AUC: 0.6633 | Test RMSE: 0.3133 AUC: 0.6841 | Tau (min/mean/max): 0.000/0.000/0.000
Epoch  575 | Loss: 3.8524 | Train RMSE: 0.3661 AUC: 0.6665 | Test RMSE: 0.3147 AUC: 0.6874 | Tau (min/mean/max): 0.000/0.000/0.000
Epoch  600 | Loss: 3.7929 | Train RMSE: 0.3672 AUC: 0.6694 | Test RMSE: 0.3160 AUC: 0.6902 | Tau (min/mean/max): 0.000/0.000/0.000
Epoch  625 | Loss: 3.7402 | Train RMSE: 0.3682 AUC: 0.6721 | Test RMSE: 0.3172 AUC: 0.6913 | Tau (min/mean/max): 0.000/0.000/0.000
Epoch  650 | Loss: 3.6932 | Train RMSE: 0.3690 AUC: 0.6746 | Test RMSE: 0.3182 AUC: 0.6940 | Tau (min/mean/max): 0.000/0.000/0.000
Epoch  675 | Loss: 3.6512 | Train RMSE: 0.3698 AUC: 0.6772 | Test RMSE: 0.3192 AUC: 0.6960 | Tau (min/mean/max): 0.000/0.000/0.000
Epoch  700 | Loss: 3.6135 | Train RMSE: 0.3705 AUC: 0.6796 | Test RMSE: 0.3200 AUC: 0.6971 | Tau (min/mean/max): 0.000/0.000/0.000
Epoch  725 | Loss: 3.5794 | Train RMSE: 0.3711 AUC: 0.6817 | Test RMSE: 0.3207 AUC: 0.6974 | Tau (min/mean/max): 0.000/0.000/0.000
Epoch  750 | Loss: 3.5484 | Train RMSE: 0.3716 AUC: 0.6839 | Test RMSE: 0.3213 AUC: 0.6985 | Tau (min/mean/max): 0.000/0.000/0.000
Epoch  775 | Loss: 3.5202 | Train RMSE: 0.3720 AUC: 0.6860 | Test RMSE: 0.3219 AUC: 0.7000 | Tau (min/mean/max): 0.000/0.000/0.000
Epoch  800 | Loss: 3.4943 | Train RMSE: 0.3724 AUC: 0.6879 | Test RMSE: 0.3223 AUC: 0.7032 | Tau (min/mean/max): 0.000/0.000/0.000
Epoch  825 | Loss: 3.4705 | Train RMSE: 0.3727 AUC: 0.6897 | Test RMSE: 0.3228 AUC: 0.7065 | Tau (min/mean/max): 0.000/0.000/0.000
Epoch  850 | Loss: 3.4485 | Train RMSE: 0.3730 AUC: 0.6915 | Test RMSE: 0.3231 AUC: 0.7080 | Tau (min/mean/max): 0.000/0.000/0.000
Epoch  875 | Loss: 3.4280 | Train RMSE: 0.3732 AUC: 0.6933 | Test RMSE: 0.3234 AUC: 0.7078 | Tau (min/mean/max): 0.000/0.000/0.000
Epoch  900 | Loss: 3.4089 | Train RMSE: 0.3734 AUC: 0.6949 | Test RMSE: 0.3236 AUC: 0.7083 | Tau (min/mean/max): 0.000/0.000/0.000
Epoch  925 | Loss: 3.3910 | Train RMSE: 0.3735 AUC: 0.6964 | Test RMSE: 0.3238 AUC: 0.7087 | Tau (min/mean/max): 0.000/0.000/0.000
Epoch  950 | Loss: 3.3741 | Train RMSE: 0.3736 AUC: 0.6980 | Test RMSE: 0.3239 AUC: 0.7091 | Tau (min/mean/max): 0.000/0.000/0.000
Epoch  975 | Loss: 3.3582 | Train RMSE: 0.3737 AUC: 0.6995 | Test RMSE: 0.3240 AUC: 0.7104 | Tau (min/mean/max): 0.000/0.000/0.000
Epoch  999 | Loss: 3.3436 | Train RMSE: 0.3737 AUC: 0.7009 | Test RMSE: 0.3240 AUC: 0.7111 | Tau (min/mean/max): 0.000/0.000/0.000
Epoch 1000 | Loss: 3.3430 | Train RMSE: 0.3737 AUC: 0.7009 | Test RMSE: 0.3240 AUC: 0.7112 | Tau (min/mean/max): 0.000/0.000/0.000
  Test RMSE: 0.3273 | Test AUC: 0.7050 | Active Dims: 0

--- Testing LAMBDA_TAU = 0.8 ---
Epoch    0 | Loss: 22.0127 | Train RMSE: 0.3911 AUC: 0.5650 | Test RMSE: 0.3366 AUC: 0.6323 | Tau (min/mean/max): 0.198/0.200/0.202
Epoch   25 | Loss: 12.7770 | Train RMSE: 0.3192 AUC: 0.6078 | Test RMSE: 0.2513 AUC: 0.6375 | Tau (min/mean/max): 0.227/0.247/0.253
Epoch   50 | Loss: 9.0818 | Train RMSE: 0.3157 AUC: 0.6168 | Test RMSE: 0.2489 AUC: 0.6404 | Tau (min/mean/max): 0.280/0.294/0.298
Epoch   75 | Loss: 8.3267 | Train RMSE: 0.3177 AUC: 0.6251 | Test RMSE: 0.2520 AUC: 0.6476 | Tau (min/mean/max): 0.281/0.289/0.295
Epoch  100 | Loss: 8.3102 | Train RMSE: 0.3180 AUC: 0.6313 | Test RMSE: 0.2527 AUC: 0.6556 | Tau (min/mean/max): 0.230/0.243/0.249
Epoch  125 | Loss: 8.3384 | Train RMSE: 0.3186 AUC: 0.6393 | Test RMSE: 0.2536 AUC: 0.6652 | Tau (min/mean/max): 0.171/0.189/0.196
Epoch  150 | Loss: 8.3562 | Train RMSE: 0.3196 AUC: 0.6445 | Test RMSE: 0.2552 AUC: 0.6720 | Tau (min/mean/max): 0.105/0.131/0.140
Epoch  175 | Loss: 8.1846 | Train RMSE: 0.3212 AUC: 0.6403 | Test RMSE: 0.2574 AUC: 0.6564 | Tau (min/mean/max): 0.033/0.066/0.079
Epoch  200 | Loss: 7.7654 | Train RMSE: 0.3238 AUC: 0.6274 | Test RMSE: 0.2611 AUC: 0.6434 | Tau (min/mean/max): 0.000/0.000/0.000
Epoch  225 | Loss: 6.9971 | Train RMSE: 0.3285 AUC: 0.6347 | Test RMSE: 0.2673 AUC: 0.6459 | Tau (min/mean/max): 0.000/0.000/0.000
Epoch  250 | Loss: 6.4039 | Train RMSE: 0.3329 AUC: 0.6420 | Test RMSE: 0.2731 AUC: 0.6456 | Tau (min/mean/max): 0.000/0.000/0.000
Epoch  275 | Loss: 5.9329 | Train RMSE: 0.3371 AUC: 0.6487 | Test RMSE: 0.2785 AUC: 0.6492 | Tau (min/mean/max): 0.000/0.000/0.000
Epoch  300 | Loss: 5.5487 | Train RMSE: 0.3411 AUC: 0.6547 | Test RMSE: 0.2835 AUC: 0.6542 | Tau (min/mean/max): 0.000/0.000/0.000
Epoch  325 | Loss: 5.2316 | Train RMSE: 0.3446 AUC: 0.6602 | Test RMSE: 0.2880 AUC: 0.6600 | Tau (min/mean/max): 0.000/0.000/0.000
Epoch  350 | Loss: 4.9678 | Train RMSE: 0.3479 AUC: 0.6651 | Test RMSE: 0.2920 AUC: 0.6639 | Tau (min/mean/max): 0.000/0.000/0.000
Epoch  375 | Loss: 4.7468 | Train RMSE: 0.3509 AUC: 0.6693 | Test RMSE: 0.2957 AUC: 0.6670 | Tau (min/mean/max): 0.000/0.000/0.000
Epoch  400 | Loss: 4.5604 | Train RMSE: 0.3535 AUC: 0.6731 | Test RMSE: 0.2989 AUC: 0.6692 | Tau (min/mean/max): 0.000/0.000/0.000
Epoch  425 | Loss: 4.4023 | Train RMSE: 0.3559 AUC: 0.6766 | Test RMSE: 0.3019 AUC: 0.6710 | Tau (min/mean/max): 0.000/0.000/0.000
Epoch  450 | Loss: 4.2673 | Train RMSE: 0.3580 AUC: 0.6799 | Test RMSE: 0.3045 AUC: 0.6731 | Tau (min/mean/max): 0.000/0.000/0.000
Epoch  475 | Loss: 4.1515 | Train RMSE: 0.3599 AUC: 0.6827 | Test RMSE: 0.3068 AUC: 0.6759 | Tau (min/mean/max): 0.000/0.000/0.000
Epoch  500 | Loss: 4.0515 | Train RMSE: 0.3617 AUC: 0.6852 | Test RMSE: 0.3089 AUC: 0.6802 | Tau (min/mean/max): 0.000/0.000/0.000
Epoch  525 | Loss: 3.9648 | Train RMSE: 0.3632 AUC: 0.6876 | Test RMSE: 0.3107 AUC: 0.6835 | Tau (min/mean/max): 0.000/0.000/0.000
Epoch  550 | Loss: 3.8891 | Train RMSE: 0.3646 AUC: 0.6898 | Test RMSE: 0.3124 AUC: 0.6848 | Tau (min/mean/max): 0.000/0.000/0.000
Epoch  575 | Loss: 3.8229 | Train RMSE: 0.3658 AUC: 0.6918 | Test RMSE: 0.3139 AUC: 0.6883 | Tau (min/mean/max): 0.000/0.000/0.000
Epoch  600 | Loss: 3.7645 | Train RMSE: 0.3669 AUC: 0.6937 | Test RMSE: 0.3152 AUC: 0.6920 | Tau (min/mean/max): 0.000/0.000/0.000
Epoch  625 | Loss: 3.7129 | Train RMSE: 0.3678 AUC: 0.6956 | Test RMSE: 0.3164 AUC: 0.6948 | Tau (min/mean/max): 0.000/0.000/0.000
Epoch  650 | Loss: 3.6669 | Train RMSE: 0.3687 AUC: 0.6974 | Test RMSE: 0.3174 AUC: 0.6973 | Tau (min/mean/max): 0.000/0.000/0.000
Epoch  675 | Loss: 3.6259 | Train RMSE: 0.3695 AUC: 0.6991 | Test RMSE: 0.3183 AUC: 0.6992 | Tau (min/mean/max): 0.000/0.000/0.000
Epoch  700 | Loss: 3.5891 | Train RMSE: 0.3701 AUC: 0.7007 | Test RMSE: 0.3191 AUC: 0.6997 | Tau (min/mean/max): 0.000/0.000/0.000
Epoch  725 | Loss: 3.5558 | Train RMSE: 0.3707 AUC: 0.7022 | Test RMSE: 0.3198 AUC: 0.7019 | Tau (min/mean/max): 0.000/0.000/0.000
Epoch  750 | Loss: 3.5257 | Train RMSE: 0.3712 AUC: 0.7036 | Test RMSE: 0.3205 AUC: 0.7042 | Tau (min/mean/max): 0.000/0.000/0.000
Epoch  775 | Loss: 3.4983 | Train RMSE: 0.3717 AUC: 0.7051 | Test RMSE: 0.3210 AUC: 0.7053 | Tau (min/mean/max): 0.000/0.000/0.000
Epoch  800 | Loss: 3.4731 | Train RMSE: 0.3720 AUC: 0.7065 | Test RMSE: 0.3215 AUC: 0.7073 | Tau (min/mean/max): 0.000/0.000/0.000
Epoch  825 | Loss: 3.4500 | Train RMSE: 0.3724 AUC: 0.7079 | Test RMSE: 0.3219 AUC: 0.7094 | Tau (min/mean/max): 0.000/0.000/0.000
Epoch  850 | Loss: 3.4286 | Train RMSE: 0.3726 AUC: 0.7091 | Test RMSE: 0.3222 AUC: 0.7100 | Tau (min/mean/max): 0.000/0.000/0.000
Epoch  875 | Loss: 3.4088 | Train RMSE: 0.3728 AUC: 0.7103 | Test RMSE: 0.3225 AUC: 0.7112 | Tau (min/mean/max): 0.000/0.000/0.000
Epoch  900 | Loss: 3.3902 | Train RMSE: 0.3730 AUC: 0.7115 | Test RMSE: 0.3227 AUC: 0.7129 | Tau (min/mean/max): 0.000/0.000/0.000
Epoch  925 | Loss: 3.3728 | Train RMSE: 0.3731 AUC: 0.7126 | Test RMSE: 0.3229 AUC: 0.7144 | Tau (min/mean/max): 0.000/0.000/0.000
Epoch  950 | Loss: 3.3565 | Train RMSE: 0.3732 AUC: 0.7137 | Test RMSE: 0.3230 AUC: 0.7154 | Tau (min/mean/max): 0.000/0.000/0.000
Epoch  975 | Loss: 3.3410 | Train RMSE: 0.3733 AUC: 0.7148 | Test RMSE: 0.3231 AUC: 0.7164 | Tau (min/mean/max): 0.000/0.000/0.000
Epoch  999 | Loss: 3.3269 | Train RMSE: 0.3733 AUC: 0.7157 | Test RMSE: 0.3231 AUC: 0.7174 | Tau (min/mean/max): 0.000/0.000/0.000
Epoch 1000 | Loss: 3.3263 | Train RMSE: 0.3733 AUC: 0.7158 | Test RMSE: 0.3231 AUC: 0.7174 | Tau (min/mean/max): 0.000/0.000/0.000
  Test RMSE: 0.3264 | Test AUC: 0.7108 | Active Dims: 0

--- Testing LAMBDA_TAU = 0.5 ---
Epoch    0 | Loss: 23.4165 | Train RMSE: 0.4070 AUC: 0.4902 | Test RMSE: 0.3534 AUC: 0.4449 | Tau (min/mean/max): 0.198/0.200/0.202
Epoch   25 | Loss: 13.9161 | Train RMSE: 0.3257 AUC: 0.5579 | Test RMSE: 0.2597 AUC: 0.5140 | Tau (min/mean/max): 0.225/0.246/0.253
Epoch   50 | Loss: 9.7213 | Train RMSE: 0.3167 AUC: 0.5854 | Test RMSE: 0.2506 AUC: 0.5637 | Tau (min/mean/max): 0.283/0.299/0.304
Epoch   75 | Loss: 8.2860 | Train RMSE: 0.3190 AUC: 0.5963 | Test RMSE: 0.2547 AUC: 0.5748 | Tau (min/mean/max): 0.315/0.325/0.331
Epoch  100 | Loss: 7.7377 | Train RMSE: 0.3212 AUC: 0.6016 | Test RMSE: 0.2580 AUC: 0.5783 | Tau (min/mean/max): 0.316/0.324/0.332
Epoch  125 | Loss: 7.3650 | Train RMSE: 0.3232 AUC: 0.6048 | Test RMSE: 0.2608 AUC: 0.5800 | Tau (min/mean/max): 0.301/0.311/0.319
Epoch  150 | Loss: 7.1684 | Train RMSE: 0.3249 AUC: 0.6073 | Test RMSE: 0.2632 AUC: 0.5799 | Tau (min/mean/max): 0.276/0.289/0.299
Epoch  175 | Loss: 7.0050 | Train RMSE: 0.3264 AUC: 0.6089 | Test RMSE: 0.2653 AUC: 0.5774 | Tau (min/mean/max): 0.241/0.258/0.270
Epoch  200 | Loss: 6.8606 | Train RMSE: 0.3278 AUC: 0.6084 | Test RMSE: 0.2672 AUC: 0.5649 | Tau (min/mean/max): 0.200/0.219/0.232
Epoch  225 | Loss: 6.7811 | Train RMSE: 0.3292 AUC: 0.6063 | Test RMSE: 0.2691 AUC: 0.5527 | Tau (min/mean/max): 0.152/0.173/0.187
Epoch  250 | Loss: 6.6632 | Train RMSE: 0.3308 AUC: 0.5998 | Test RMSE: 0.2712 AUC: 0.5346 | Tau (min/mean/max): 0.098/0.120/0.134
Epoch  275 | Loss: 6.5153 | Train RMSE: 0.3329 AUC: 0.5897 | Test RMSE: 0.2740 AUC: 0.5188 | Tau (min/mean/max): 0.033/0.058/0.076
Epoch  300 | Loss: 6.1881 | Train RMSE: 0.3362 AUC: 0.5851 | Test RMSE: 0.2782 AUC: 0.5119 | Tau (min/mean/max): 0.000/0.000/0.000
Epoch  325 | Loss: 5.7208 | Train RMSE: 0.3406 AUC: 0.5940 | Test RMSE: 0.2839 AUC: 0.5216 | Tau (min/mean/max): 0.000/0.000/0.000
Epoch  350 | Loss: 5.3571 | Train RMSE: 0.3446 AUC: 0.6025 | Test RMSE: 0.2887 AUC: 0.5311 | Tau (min/mean/max): 0.000/0.000/0.000
Epoch  375 | Loss: 5.0642 | Train RMSE: 0.3481 AUC: 0.6108 | Test RMSE: 0.2930 AUC: 0.5406 | Tau (min/mean/max): 0.000/0.000/0.000
Epoch  400 | Loss: 4.8228 | Train RMSE: 0.3512 AUC: 0.6184 | Test RMSE: 0.2969 AUC: 0.5483 | Tau (min/mean/max): 0.000/0.000/0.000
Epoch  425 | Loss: 4.6217 | Train RMSE: 0.3540 AUC: 0.6254 | Test RMSE: 0.3003 AUC: 0.5563 | Tau (min/mean/max): 0.000/0.000/0.000
Epoch  450 | Loss: 4.4527 | Train RMSE: 0.3565 AUC: 0.6317 | Test RMSE: 0.3033 AUC: 0.5644 | Tau (min/mean/max): 0.000/0.000/0.000
Epoch  475 | Loss: 4.3097 | Train RMSE: 0.3587 AUC: 0.6377 | Test RMSE: 0.3060 AUC: 0.5731 | Tau (min/mean/max): 0.000/0.000/0.000
Epoch  500 | Loss: 4.1879 | Train RMSE: 0.3607 AUC: 0.6433 | Test RMSE: 0.3084 AUC: 0.5792 | Tau (min/mean/max): 0.000/0.000/0.000
Epoch  525 | Loss: 4.0836 | Train RMSE: 0.3625 AUC: 0.6483 | Test RMSE: 0.3105 AUC: 0.5845 | Tau (min/mean/max): 0.000/0.000/0.000
Epoch  550 | Loss: 3.9937 | Train RMSE: 0.3641 AUC: 0.6528 | Test RMSE: 0.3124 AUC: 0.5910 | Tau (min/mean/max): 0.000/0.000/0.000
Epoch  575 | Loss: 3.9158 | Train RMSE: 0.3655 AUC: 0.6571 | Test RMSE: 0.3141 AUC: 0.5970 | Tau (min/mean/max): 0.000/0.000/0.000
Epoch  600 | Loss: 3.8479 | Train RMSE: 0.3667 AUC: 0.6610 | Test RMSE: 0.3156 AUC: 0.6020 | Tau (min/mean/max): 0.000/0.000/0.000
Epoch  625 | Loss: 3.7883 | Train RMSE: 0.3679 AUC: 0.6646 | Test RMSE: 0.3169 AUC: 0.6063 | Tau (min/mean/max): 0.000/0.000/0.000
Epoch  650 | Loss: 3.7359 | Train RMSE: 0.3688 AUC: 0.6679 | Test RMSE: 0.3181 AUC: 0.6120 | Tau (min/mean/max): 0.000/0.000/0.000
Epoch  675 | Loss: 3.6895 | Train RMSE: 0.3697 AUC: 0.6712 | Test RMSE: 0.3192 AUC: 0.6169 | Tau (min/mean/max): 0.000/0.000/0.000
Epoch  700 | Loss: 3.6481 | Train RMSE: 0.3705 AUC: 0.6742 | Test RMSE: 0.3201 AUC: 0.6220 | Tau (min/mean/max): 0.000/0.000/0.000
Epoch  725 | Loss: 3.6112 | Train RMSE: 0.3712 AUC: 0.6771 | Test RMSE: 0.3209 AUC: 0.6257 | Tau (min/mean/max): 0.000/0.000/0.000
Epoch  750 | Loss: 3.5779 | Train RMSE: 0.3718 AUC: 0.6797 | Test RMSE: 0.3217 AUC: 0.6290 | Tau (min/mean/max): 0.000/0.000/0.000
Epoch  775 | Loss: 3.5478 | Train RMSE: 0.3723 AUC: 0.6821 | Test RMSE: 0.3223 AUC: 0.6323 | Tau (min/mean/max): 0.000/0.000/0.000
Epoch  800 | Loss: 3.5204 | Train RMSE: 0.3728 AUC: 0.6843 | Test RMSE: 0.3228 AUC: 0.6377 | Tau (min/mean/max): 0.000/0.000/0.000
Epoch  825 | Loss: 3.4954 | Train RMSE: 0.3732 AUC: 0.6865 | Test RMSE: 0.3233 AUC: 0.6422 | Tau (min/mean/max): 0.000/0.000/0.000
Epoch  850 | Loss: 3.4725 | Train RMSE: 0.3735 AUC: 0.6886 | Test RMSE: 0.3237 AUC: 0.6449 | Tau (min/mean/max): 0.000/0.000/0.000
Epoch  875 | Loss: 3.4513 | Train RMSE: 0.3738 AUC: 0.6905 | Test RMSE: 0.3241 AUC: 0.6482 | Tau (min/mean/max): 0.000/0.000/0.000
Epoch  900 | Loss: 3.4316 | Train RMSE: 0.3740 AUC: 0.6925 | Test RMSE: 0.3243 AUC: 0.6516 | Tau (min/mean/max): 0.000/0.000/0.000
Epoch  925 | Loss: 3.4132 | Train RMSE: 0.3741 AUC: 0.6943 | Test RMSE: 0.3246 AUC: 0.6544 | Tau (min/mean/max): 0.000/0.000/0.000
Epoch  950 | Loss: 3.3960 | Train RMSE: 0.3743 AUC: 0.6960 | Test RMSE: 0.3247 AUC: 0.6578 | Tau (min/mean/max): 0.000/0.000/0.000
Epoch  975 | Loss: 3.3797 | Train RMSE: 0.3744 AUC: 0.6977 | Test RMSE: 0.3249 AUC: 0.6612 | Tau (min/mean/max): 0.000/0.000/0.000
Epoch  999 | Loss: 3.3650 | Train RMSE: 0.3744 AUC: 0.6992 | Test RMSE: 0.3249 AUC: 0.6633 | Tau (min/mean/max): 0.000/0.000/0.000
Epoch 1000 | Loss: 3.3644 | Train RMSE: 0.3744 AUC: 0.6992 | Test RMSE: 0.3249 AUC: 0.6634 | Tau (min/mean/max): 0.000/0.000/0.000
  Test RMSE: 0.3282 | Test AUC: 0.6576 | Active Dims: 0

--- Testing LAMBDA_TAU = 0.2 ---
Epoch    0 | Loss: 21.0535 | Train RMSE: 0.3824 AUC: 0.4210 | Test RMSE: 0.3290 AUC: 0.3301 | Tau (min/mean/max): 0.198/0.200/0.202
Epoch   25 | Loss: 12.1096 | Train RMSE: 0.3202 AUC: 0.5272 | Test RMSE: 0.2558 AUC: 0.4600 | Tau (min/mean/max): 0.233/0.247/0.253
Epoch   50 | Loss: 8.6547 | Train RMSE: 0.3196 AUC: 0.5732 | Test RMSE: 0.2561 AUC: 0.5507 | Tau (min/mean/max): 0.293/0.302/0.306
Epoch   75 | Loss: 7.2887 | Train RMSE: 0.3245 AUC: 0.5909 | Test RMSE: 0.2630 AUC: 0.5780 | Tau (min/mean/max): 0.338/0.342/0.346
Epoch  100 | Loss: 6.5497 | Train RMSE: 0.3290 AUC: 0.6018 | Test RMSE: 0.2689 AUC: 0.5893 | Tau (min/mean/max): 0.366/0.369/0.372
Epoch  125 | Loss: 6.0560 | Train RMSE: 0.3329 AUC: 0.6104 | Test RMSE: 0.2740 AUC: 0.6018 | Tau (min/mean/max): 0.382/0.387/0.395
Epoch  150 | Loss: 5.7560 | Train RMSE: 0.3364 AUC: 0.6174 | Test RMSE: 0.2783 AUC: 0.6121 | Tau (min/mean/max): 0.392/0.399/0.412
Epoch  175 | Loss: 5.3679 | Train RMSE: 0.3393 AUC: 0.6248 | Test RMSE: 0.2822 AUC: 0.6180 | Tau (min/mean/max): 0.396/0.406/0.422
Epoch  200 | Loss: 5.1435 | Train RMSE: 0.3419 AUC: 0.6305 | Test RMSE: 0.2853 AUC: 0.6223 | Tau (min/mean/max): 0.395/0.407/0.427
Epoch  225 | Loss: 4.9999 | Train RMSE: 0.3440 AUC: 0.6351 | Test RMSE: 0.2880 AUC: 0.6264 | Tau (min/mean/max): 0.389/0.403/0.427
Epoch  250 | Loss: 4.8417 | Train RMSE: 0.3459 AUC: 0.6410 | Test RMSE: 0.2905 AUC: 0.6293 | Tau (min/mean/max): 0.379/0.395/0.422
Epoch  275 | Loss: 4.7613 | Train RMSE: 0.3476 AUC: 0.6441 | Test RMSE: 0.2926 AUC: 0.6313 | Tau (min/mean/max): 0.365/0.383/0.413
Epoch  300 | Loss: 4.6384 | Train RMSE: 0.3490 AUC: 0.6495 | Test RMSE: 0.2943 AUC: 0.6337 | Tau (min/mean/max): 0.347/0.367/0.399
Epoch  325 | Loss: 4.5515 | Train RMSE: 0.3504 AUC: 0.6522 | Test RMSE: 0.2960 AUC: 0.6335 | Tau (min/mean/max): 0.326/0.347/0.381
Epoch  350 | Loss: 4.4745 | Train RMSE: 0.3516 AUC: 0.6557 | Test RMSE: 0.2975 AUC: 0.6322 | Tau (min/mean/max): 0.300/0.324/0.361
Epoch  375 | Loss: 4.4582 | Train RMSE: 0.3527 AUC: 0.6570 | Test RMSE: 0.2989 AUC: 0.6263 | Tau (min/mean/max): 0.271/0.298/0.337
Epoch  400 | Loss: 4.3810 | Train RMSE: 0.3537 AUC: 0.6590 | Test RMSE: 0.3002 AUC: 0.6217 | Tau (min/mean/max): 0.239/0.268/0.310
Epoch  425 | Loss: 4.3325 | Train RMSE: 0.3548 AUC: 0.6591 | Test RMSE: 0.3015 AUC: 0.6154 | Tau (min/mean/max): 0.203/0.235/0.280
Epoch  450 | Loss: 4.2985 | Train RMSE: 0.3559 AUC: 0.6569 | Test RMSE: 0.3028 AUC: 0.6057 | Tau (min/mean/max): 0.164/0.199/0.246
Epoch  475 | Loss: 4.2553 | Train RMSE: 0.3571 AUC: 0.6531 | Test RMSE: 0.3042 AUC: 0.5945 | Tau (min/mean/max): 0.122/0.159/0.209
Epoch  500 | Loss: 4.2011 | Train RMSE: 0.3583 AUC: 0.6480 | Test RMSE: 0.3058 AUC: 0.5847 | Tau (min/mean/max): 0.076/0.115/0.168
Epoch  525 | Loss: 4.1364 | Train RMSE: 0.3598 AUC: 0.6437 | Test RMSE: 0.3075 AUC: 0.5800 | Tau (min/mean/max): 0.026/0.068/0.123
Epoch  550 | Loss: 4.0563 | Train RMSE: 0.3614 AUC: 0.6426 | Test RMSE: 0.3095 AUC: 0.5808 | Tau (min/mean/max): 0.000/0.019/0.074
Epoch  575 | Loss: 3.9528 | Train RMSE: 0.3633 AUC: 0.6470 | Test RMSE: 0.3118 AUC: 0.5845 | Tau (min/mean/max): 0.000/0.001/0.021
Epoch  600 | Loss: 3.8577 | Train RMSE: 0.3651 AUC: 0.6528 | Test RMSE: 0.3138 AUC: 0.5918 | Tau (min/mean/max): 0.000/0.000/0.000
Epoch  625 | Loss: 3.7788 | Train RMSE: 0.3665 AUC: 0.6581 | Test RMSE: 0.3156 AUC: 0.6002 | Tau (min/mean/max): 0.000/0.000/0.000
Epoch  650 | Loss: 3.7122 | Train RMSE: 0.3678 AUC: 0.6629 | Test RMSE: 0.3171 AUC: 0.6061 | Tau (min/mean/max): 0.000/0.000/0.000
Epoch  675 | Loss: 3.6552 | Train RMSE: 0.3688 AUC: 0.6674 | Test RMSE: 0.3183 AUC: 0.6118 | Tau (min/mean/max): 0.000/0.000/0.000
Epoch  700 | Loss: 3.6060 | Train RMSE: 0.3697 AUC: 0.6715 | Test RMSE: 0.3194 AUC: 0.6179 | Tau (min/mean/max): 0.000/0.000/0.000
Epoch  725 | Loss: 3.5630 | Train RMSE: 0.3705 AUC: 0.6753 | Test RMSE: 0.3203 AUC: 0.6221 | Tau (min/mean/max): 0.000/0.000/0.000
Epoch  750 | Loss: 3.5253 | Train RMSE: 0.3712 AUC: 0.6790 | Test RMSE: 0.3211 AUC: 0.6265 | Tau (min/mean/max): 0.000/0.000/0.000
Epoch  775 | Loss: 3.4919 | Train RMSE: 0.3717 AUC: 0.6825 | Test RMSE: 0.3218 AUC: 0.6306 | Tau (min/mean/max): 0.000/0.000/0.000
Epoch  800 | Loss: 3.4620 | Train RMSE: 0.3721 AUC: 0.6856 | Test RMSE: 0.3223 AUC: 0.6348 | Tau (min/mean/max): 0.000/0.000/0.000
Epoch  825 | Loss: 3.4351 | Train RMSE: 0.3725 AUC: 0.6886 | Test RMSE: 0.3228 AUC: 0.6391 | Tau (min/mean/max): 0.000/0.000/0.000
Epoch  850 | Loss: 3.4106 | Train RMSE: 0.3728 AUC: 0.6913 | Test RMSE: 0.3231 AUC: 0.6446 | Tau (min/mean/max): 0.000/0.000/0.000
Epoch  875 | Loss: 3.3883 | Train RMSE: 0.3730 AUC: 0.6939 | Test RMSE: 0.3234 AUC: 0.6487 | Tau (min/mean/max): 0.000/0.000/0.000
Epoch  900 | Loss: 3.3678 | Train RMSE: 0.3732 AUC: 0.6963 | Test RMSE: 0.3236 AUC: 0.6539 | Tau (min/mean/max): 0.000/0.000/0.000
Epoch  925 | Loss: 3.3487 | Train RMSE: 0.3733 AUC: 0.6988 | Test RMSE: 0.3237 AUC: 0.6579 | Tau (min/mean/max): 0.000/0.000/0.000
Epoch  950 | Loss: 3.3310 | Train RMSE: 0.3733 AUC: 0.7009 | Test RMSE: 0.3238 AUC: 0.6622 | Tau (min/mean/max): 0.000/0.000/0.000
Epoch  975 | Loss: 3.3143 | Train RMSE: 0.3733 AUC: 0.7029 | Test RMSE: 0.3238 AUC: 0.6657 | Tau (min/mean/max): 0.000/0.000/0.000
Epoch  999 | Loss: 3.2992 | Train RMSE: 0.3733 AUC: 0.7046 | Test RMSE: 0.3238 AUC: 0.6696 | Tau (min/mean/max): 0.000/0.000/0.000
Epoch 1000 | Loss: 3.2986 | Train RMSE: 0.3733 AUC: 0.7047 | Test RMSE: 0.3238 AUC: 0.6698 | Tau (min/mean/max): 0.000/0.000/0.000
  Test RMSE: 0.3270 | Test AUC: 0.6629 | Active Dims: 0

--- Testing LAMBDA_TAU = 0.1 ---
Epoch    0 | Loss: 21.1908 | Train RMSE: 0.3823 AUC: 0.6193 | Test RMSE: 0.3234 AUC: 0.6988 | Tau (min/mean/max): 0.198/0.200/0.202
Epoch   25 | Loss: 12.1742 | Train RMSE: 0.3168 AUC: 0.6115 | Test RMSE: 0.2478 AUC: 0.6629 | Tau (min/mean/max): 0.225/0.247/0.253
Epoch   50 | Loss: 8.7582 | Train RMSE: 0.3158 AUC: 0.6217 | Test RMSE: 0.2496 AUC: 0.6593 | Tau (min/mean/max): 0.287/0.303/0.308
Epoch   75 | Loss: 7.3450 | Train RMSE: 0.3210 AUC: 0.6297 | Test RMSE: 0.2574 AUC: 0.6663 | Tau (min/mean/max): 0.340/0.349/0.352
Epoch  100 | Loss: 6.4604 | Train RMSE: 0.3260 AUC: 0.6374 | Test RMSE: 0.2645 AUC: 0.6730 | Tau (min/mean/max): 0.380/0.383/0.387
Epoch  125 | Loss: 5.9468 | Train RMSE: 0.3305 AUC: 0.6437 | Test RMSE: 0.2705 AUC: 0.6798 | Tau (min/mean/max): 0.406/0.411/0.415
Epoch  150 | Loss: 5.4910 | Train RMSE: 0.3345 AUC: 0.6500 | Test RMSE: 0.2757 AUC: 0.6843 | Tau (min/mean/max): 0.426/0.433/0.440
Epoch  175 | Loss: 5.1126 | Train RMSE: 0.3381 AUC: 0.6555 | Test RMSE: 0.2804 AUC: 0.6902 | Tau (min/mean/max): 0.442/0.451/0.459
Epoch  200 | Loss: 4.9296 | Train RMSE: 0.3410 AUC: 0.6607 | Test RMSE: 0.2841 AUC: 0.6966 | Tau (min/mean/max): 0.454/0.465/0.475
Epoch  225 | Loss: 4.7175 | Train RMSE: 0.3434 AUC: 0.6656 | Test RMSE: 0.2872 AUC: 0.7009 | Tau (min/mean/max): 0.463/0.476/0.487
Epoch  250 | Loss: 4.6049 | Train RMSE: 0.3458 AUC: 0.6693 | Test RMSE: 0.2901 AUC: 0.7038 | Tau (min/mean/max): 0.470/0.483/0.497
Epoch  275 | Loss: 4.4501 | Train RMSE: 0.3478 AUC: 0.6746 | Test RMSE: 0.2926 AUC: 0.7090 | Tau (min/mean/max): 0.474/0.488/0.503
Epoch  300 | Loss: 4.2794 | Train RMSE: 0.3494 AUC: 0.6780 | Test RMSE: 0.2947 AUC: 0.7114 | Tau (min/mean/max): 0.475/0.490/0.507
Epoch  325 | Loss: 4.2029 | Train RMSE: 0.3509 AUC: 0.6826 | Test RMSE: 0.2966 AUC: 0.7157 | Tau (min/mean/max): 0.473/0.489/0.508
Epoch  350 | Loss: 4.1043 | Train RMSE: 0.3523 AUC: 0.6857 | Test RMSE: 0.2982 AUC: 0.7183 | Tau (min/mean/max): 0.470/0.486/0.508
Epoch  375 | Loss: 4.0639 | Train RMSE: 0.3535 AUC: 0.6894 | Test RMSE: 0.2998 AUC: 0.7210 | Tau (min/mean/max): 0.465/0.482/0.505
Epoch  400 | Loss: 3.9543 | Train RMSE: 0.3546 AUC: 0.6921 | Test RMSE: 0.3012 AUC: 0.7238 | Tau (min/mean/max): 0.457/0.475/0.500
Epoch  425 | Loss: 3.8889 | Train RMSE: 0.3556 AUC: 0.6957 | Test RMSE: 0.3023 AUC: 0.7284 | Tau (min/mean/max): 0.448/0.467/0.493
Epoch  450 | Loss: 3.8816 | Train RMSE: 0.3565 AUC: 0.6983 | Test RMSE: 0.3034 AUC: 0.7312 | Tau (min/mean/max): 0.437/0.456/0.484
Epoch  475 | Loss: 3.8203 | Train RMSE: 0.3573 AUC: 0.7007 | Test RMSE: 0.3045 AUC: 0.7330 | Tau (min/mean/max): 0.425/0.444/0.473
Epoch  500 | Loss: 3.7901 | Train RMSE: 0.3581 AUC: 0.7034 | Test RMSE: 0.3055 AUC: 0.7352 | Tau (min/mean/max): 0.411/0.431/0.462
Epoch  525 | Loss: 3.7393 | Train RMSE: 0.3589 AUC: 0.7055 | Test RMSE: 0.3064 AUC: 0.7359 | Tau (min/mean/max): 0.395/0.416/0.448
Epoch  550 | Loss: 3.6937 | Train RMSE: 0.3595 AUC: 0.7081 | Test RMSE: 0.3072 AUC: 0.7381 | Tau (min/mean/max): 0.377/0.399/0.433
Epoch  575 | Loss: 3.6880 | Train RMSE: 0.3601 AUC: 0.7100 | Test RMSE: 0.3079 AUC: 0.7385 | Tau (min/mean/max): 0.359/0.381/0.416
Epoch  600 | Loss: 3.6525 | Train RMSE: 0.3608 AUC: 0.7116 | Test RMSE: 0.3088 AUC: 0.7394 | Tau (min/mean/max): 0.339/0.362/0.398
Epoch  625 | Loss: 3.6249 | Train RMSE: 0.3613 AUC: 0.7129 | Test RMSE: 0.3094 AUC: 0.7397 | Tau (min/mean/max): 0.318/0.341/0.379
Epoch  650 | Loss: 3.6091 | Train RMSE: 0.3620 AUC: 0.7143 | Test RMSE: 0.3102 AUC: 0.7386 | Tau (min/mean/max): 0.295/0.319/0.358
Epoch  675 | Loss: 3.5947 | Train RMSE: 0.3625 AUC: 0.7157 | Test RMSE: 0.3108 AUC: 0.7397 | Tau (min/mean/max): 0.270/0.295/0.336
Epoch  700 | Loss: 3.5727 | Train RMSE: 0.3631 AUC: 0.7168 | Test RMSE: 0.3115 AUC: 0.7406 | Tau (min/mean/max): 0.244/0.270/0.312
Epoch  725 | Loss: 3.5502 | Train RMSE: 0.3636 AUC: 0.7177 | Test RMSE: 0.3122 AUC: 0.7422 | Tau (min/mean/max): 0.217/0.244/0.287
Epoch  750 | Loss: 3.5311 | Train RMSE: 0.3641 AUC: 0.7185 | Test RMSE: 0.3128 AUC: 0.7440 | Tau (min/mean/max): 0.188/0.216/0.261
Epoch  775 | Loss: 3.5143 | Train RMSE: 0.3647 AUC: 0.7192 | Test RMSE: 0.3135 AUC: 0.7444 | Tau (min/mean/max): 0.158/0.187/0.233
Epoch  800 | Loss: 3.4896 | Train RMSE: 0.3653 AUC: 0.7197 | Test RMSE: 0.3142 AUC: 0.7449 | Tau (min/mean/max): 0.126/0.156/0.204
Epoch  825 | Loss: 3.4703 | Train RMSE: 0.3658 AUC: 0.7200 | Test RMSE: 0.3149 AUC: 0.7455 | Tau (min/mean/max): 0.093/0.124/0.174
Epoch  850 | Loss: 3.4468 | Train RMSE: 0.3664 AUC: 0.7203 | Test RMSE: 0.3156 AUC: 0.7449 | Tau (min/mean/max): 0.058/0.090/0.142
Epoch  875 | Loss: 3.4219 | Train RMSE: 0.3670 AUC: 0.7207 | Test RMSE: 0.3163 AUC: 0.7447 | Tau (min/mean/max): 0.022/0.055/0.108
Epoch  900 | Loss: 3.3949 | Train RMSE: 0.3676 AUC: 0.7211 | Test RMSE: 0.3171 AUC: 0.7442 | Tau (min/mean/max): 0.000/0.019/0.073
Epoch  925 | Loss: 3.3662 | Train RMSE: 0.3682 AUC: 0.7216 | Test RMSE: 0.3178 AUC: 0.7443 | Tau (min/mean/max): 0.000/0.003/0.037
Epoch  950 | Loss: 3.3390 | Train RMSE: 0.3687 AUC: 0.7222 | Test RMSE: 0.3184 AUC: 0.7435 | Tau (min/mean/max): 0.000/0.000/0.000
Epoch  975 | Loss: 3.3147 | Train RMSE: 0.3691 AUC: 0.7227 | Test RMSE: 0.3189 AUC: 0.7436 | Tau (min/mean/max): 0.000/0.000/0.000
Epoch  999 | Loss: 3.2938 | Train RMSE: 0.3694 AUC: 0.7232 | Test RMSE: 0.3193 AUC: 0.7434 | Tau (min/mean/max): 0.000/0.000/0.000
Epoch 1000 | Loss: 3.2930 | Train RMSE: 0.3694 AUC: 0.7232 | Test RMSE: 0.3193 AUC: 0.7434 | Tau (min/mean/max): 0.000/0.000/0.000
  Test RMSE: 0.3225 | Test AUC: 0.7380 | Active Dims: 0

--- Testing LAMBDA_TAU = 0.05 ---
Epoch    0 | Loss: 22.4445 | Train RMSE: 0.3964 AUC: 0.4682 | Test RMSE: 0.3405 AUC: 0.5409 | Tau (min/mean/max): 0.198/0.200/0.202
Epoch   25 | Loss: 13.0199 | Train RMSE: 0.3220 AUC: 0.5635 | Test RMSE: 0.2534 AUC: 0.6294 | Tau (min/mean/max): 0.232/0.246/0.253
Epoch   50 | Loss: 9.2190 | Train RMSE: 0.3173 AUC: 0.5932 | Test RMSE: 0.2501 AUC: 0.6403 | Tau (min/mean/max): 0.293/0.303/0.309
Epoch   75 | Loss: 7.7270 | Train RMSE: 0.3219 AUC: 0.6090 | Test RMSE: 0.2572 AUC: 0.6530 | Tau (min/mean/max): 0.344/0.352/0.357
Epoch  100 | Loss: 6.7631 | Train RMSE: 0.3269 AUC: 0.6201 | Test RMSE: 0.2643 AUC: 0.6594 | Tau (min/mean/max): 0.386/0.390/0.396
Epoch  125 | Loss: 6.1309 | Train RMSE: 0.3317 AUC: 0.6288 | Test RMSE: 0.2708 AUC: 0.6659 | Tau (min/mean/max): 0.419/0.423/0.429
Epoch  150 | Loss: 5.6712 | Train RMSE: 0.3357 AUC: 0.6375 | Test RMSE: 0.2762 AUC: 0.6755 | Tau (min/mean/max): 0.445/0.450/0.457
Epoch  175 | Loss: 5.3047 | Train RMSE: 0.3395 AUC: 0.6445 | Test RMSE: 0.2811 AUC: 0.6833 | Tau (min/mean/max): 0.466/0.473/0.480
Epoch  200 | Loss: 4.9913 | Train RMSE: 0.3426 AUC: 0.6518 | Test RMSE: 0.2851 AUC: 0.6912 | Tau (min/mean/max): 0.485/0.493/0.501
Epoch  225 | Loss: 4.7762 | Train RMSE: 0.3452 AUC: 0.6588 | Test RMSE: 0.2885 AUC: 0.6986 | Tau (min/mean/max): 0.501/0.510/0.519
Epoch  250 | Loss: 4.5952 | Train RMSE: 0.3477 AUC: 0.6644 | Test RMSE: 0.2916 AUC: 0.7053 | Tau (min/mean/max): 0.514/0.524/0.533
Epoch  275 | Loss: 4.4234 | Train RMSE: 0.3498 AUC: 0.6686 | Test RMSE: 0.2942 AUC: 0.7099 | Tau (min/mean/max): 0.526/0.536/0.545
Epoch  300 | Loss: 4.3021 | Train RMSE: 0.3516 AUC: 0.6740 | Test RMSE: 0.2966 AUC: 0.7149 | Tau (min/mean/max): 0.536/0.546/0.556
Epoch  325 | Loss: 4.2162 | Train RMSE: 0.3531 AUC: 0.6783 | Test RMSE: 0.2985 AUC: 0.7215 | Tau (min/mean/max): 0.543/0.554/0.564
Epoch  350 | Loss: 4.0697 | Train RMSE: 0.3546 AUC: 0.6825 | Test RMSE: 0.3004 AUC: 0.7248 | Tau (min/mean/max): 0.549/0.561/0.571
Epoch  375 | Loss: 3.9805 | Train RMSE: 0.3558 AUC: 0.6865 | Test RMSE: 0.3019 AUC: 0.7296 | Tau (min/mean/max): 0.553/0.566/0.577
Epoch  400 | Loss: 3.9433 | Train RMSE: 0.3569 AUC: 0.6900 | Test RMSE: 0.3033 AUC: 0.7327 | Tau (min/mean/max): 0.557/0.569/0.582
Epoch  425 | Loss: 3.8640 | Train RMSE: 0.3581 AUC: 0.6932 | Test RMSE: 0.3047 AUC: 0.7352 | Tau (min/mean/max): 0.559/0.572/0.585
Epoch  450 | Loss: 3.8280 | Train RMSE: 0.3590 AUC: 0.6957 | Test RMSE: 0.3058 AUC: 0.7375 | Tau (min/mean/max): 0.560/0.573/0.587
Epoch  475 | Loss: 3.7558 | Train RMSE: 0.3596 AUC: 0.6995 | Test RMSE: 0.3067 AUC: 0.7416 | Tau (min/mean/max): 0.560/0.573/0.588
Epoch  500 | Loss: 3.7260 | Train RMSE: 0.3605 AUC: 0.7013 | Test RMSE: 0.3077 AUC: 0.7438 | Tau (min/mean/max): 0.559/0.572/0.587
Epoch  525 | Loss: 3.6488 | Train RMSE: 0.3611 AUC: 0.7044 | Test RMSE: 0.3085 AUC: 0.7463 | Tau (min/mean/max): 0.557/0.571/0.585
Epoch  550 | Loss: 3.6499 | Train RMSE: 0.3616 AUC: 0.7066 | Test RMSE: 0.3092 AUC: 0.7481 | Tau (min/mean/max): 0.554/0.568/0.583
Epoch  575 | Loss: 3.6506 | Train RMSE: 0.3622 AUC: 0.7086 | Test RMSE: 0.3099 AUC: 0.7502 | Tau (min/mean/max): 0.550/0.564/0.580
Epoch  600 | Loss: 3.5630 | Train RMSE: 0.3627 AUC: 0.7105 | Test RMSE: 0.3106 AUC: 0.7516 | Tau (min/mean/max): 0.545/0.560/0.575
Epoch  625 | Loss: 3.5567 | Train RMSE: 0.3632 AUC: 0.7123 | Test RMSE: 0.3111 AUC: 0.7530 | Tau (min/mean/max): 0.539/0.554/0.570
Epoch  650 | Loss: 3.5200 | Train RMSE: 0.3636 AUC: 0.7137 | Test RMSE: 0.3117 AUC: 0.7538 | Tau (min/mean/max): 0.533/0.548/0.565
Epoch  675 | Loss: 3.4943 | Train RMSE: 0.3640 AUC: 0.7146 | Test RMSE: 0.3122 AUC: 0.7539 | Tau (min/mean/max): 0.525/0.542/0.559
Epoch  700 | Loss: 3.4809 | Train RMSE: 0.3643 AUC: 0.7162 | Test RMSE: 0.3126 AUC: 0.7549 | Tau (min/mean/max): 0.518/0.534/0.552
Epoch  725 | Loss: 3.4662 | Train RMSE: 0.3647 AUC: 0.7177 | Test RMSE: 0.3130 AUC: 0.7557 | Tau (min/mean/max): 0.509/0.526/0.544
Epoch  750 | Loss: 3.4399 | Train RMSE: 0.3650 AUC: 0.7185 | Test RMSE: 0.3135 AUC: 0.7559 | Tau (min/mean/max): 0.500/0.517/0.535
Epoch  775 | Loss: 3.4225 | Train RMSE: 0.3652 AUC: 0.7197 | Test RMSE: 0.3137 AUC: 0.7569 | Tau (min/mean/max): 0.491/0.508/0.526
Epoch  800 | Loss: 3.3990 | Train RMSE: 0.3655 AUC: 0.7206 | Test RMSE: 0.3141 AUC: 0.7571 | Tau (min/mean/max): 0.480/0.498/0.517
Epoch  825 | Loss: 3.3902 | Train RMSE: 0.3657 AUC: 0.7213 | Test RMSE: 0.3144 AUC: 0.7566 | Tau (min/mean/max): 0.469/0.487/0.506
Epoch  850 | Loss: 3.3725 | Train RMSE: 0.3660 AUC: 0.7220 | Test RMSE: 0.3147 AUC: 0.7571 | Tau (min/mean/max): 0.458/0.476/0.496
Epoch  875 | Loss: 3.3574 | Train RMSE: 0.3662 AUC: 0.7225 | Test RMSE: 0.3150 AUC: 0.7571 | Tau (min/mean/max): 0.446/0.465/0.484
Epoch  900 | Loss: 3.3382 | Train RMSE: 0.3664 AUC: 0.7230 | Test RMSE: 0.3152 AUC: 0.7562 | Tau (min/mean/max): 0.433/0.452/0.472
Epoch  925 | Loss: 3.3207 | Train RMSE: 0.3665 AUC: 0.7234 | Test RMSE: 0.3154 AUC: 0.7565 | Tau (min/mean/max): 0.420/0.439/0.459
Epoch  950 | Loss: 3.3196 | Train RMSE: 0.3667 AUC: 0.7238 | Test RMSE: 0.3156 AUC: 0.7563 | Tau (min/mean/max): 0.406/0.426/0.446
Epoch  975 | Loss: 3.3111 | Train RMSE: 0.3669 AUC: 0.7239 | Test RMSE: 0.3159 AUC: 0.7554 | Tau (min/mean/max): 0.391/0.412/0.432
Epoch  999 | Loss: 3.2960 | Train RMSE: 0.3670 AUC: 0.7241 | Test RMSE: 0.3160 AUC: 0.7549 | Tau (min/mean/max): 0.377/0.398/0.419
Epoch 1000 | Loss: 3.2909 | Train RMSE: 0.3670 AUC: 0.7242 | Test RMSE: 0.3160 AUC: 0.7549 | Tau (min/mean/max): 0.376/0.398/0.418
  Test RMSE: 0.3192 | Test AUC: 0.7494 | Active Dims: 30

--- Testing LAMBDA_TAU = 0.01 ---
Epoch    0 | Loss: 21.6636 | Train RMSE: 0.3879 AUC: 0.5084 | Test RMSE: 0.3347 AUC: 0.4741 | Tau (min/mean/max): 0.198/0.200/0.202
Epoch   25 | Loss: 12.4671 | Train RMSE: 0.3196 AUC: 0.5861 | Test RMSE: 0.2539 AUC: 0.6106 | Tau (min/mean/max): 0.234/0.248/0.253
Epoch   50 | Loss: 8.9106 | Train RMSE: 0.3175 AUC: 0.6059 | Test RMSE: 0.2527 AUC: 0.6280 | Tau (min/mean/max): 0.294/0.305/0.310
Epoch   75 | Loss: 7.5030 | Train RMSE: 0.3227 AUC: 0.6195 | Test RMSE: 0.2602 AUC: 0.6417 | Tau (min/mean/max): 0.347/0.353/0.360
Epoch  100 | Loss: 6.5326 | Train RMSE: 0.3281 AUC: 0.6275 | Test RMSE: 0.2675 AUC: 0.6483 | Tau (min/mean/max): 0.388/0.394/0.400
Epoch  125 | Loss: 5.8896 | Train RMSE: 0.3330 AUC: 0.6346 | Test RMSE: 0.2738 AUC: 0.6571 | Tau (min/mean/max): 0.423/0.428/0.434
Epoch  150 | Loss: 5.5237 | Train RMSE: 0.3372 AUC: 0.6430 | Test RMSE: 0.2793 AUC: 0.6639 | Tau (min/mean/max): 0.452/0.458/0.465
Epoch  175 | Loss: 5.1275 | Train RMSE: 0.3408 AUC: 0.6493 | Test RMSE: 0.2839 AUC: 0.6726 | Tau (min/mean/max): 0.477/0.483/0.491
Epoch  200 | Loss: 4.8316 | Train RMSE: 0.3439 AUC: 0.6570 | Test RMSE: 0.2877 AUC: 0.6823 | Tau (min/mean/max): 0.499/0.506/0.514
Epoch  225 | Loss: 4.6097 | Train RMSE: 0.3465 AUC: 0.6614 | Test RMSE: 0.2911 AUC: 0.6870 | Tau (min/mean/max): 0.519/0.526/0.535
Epoch  250 | Loss: 4.4723 | Train RMSE: 0.3488 AUC: 0.6678 | Test RMSE: 0.2939 AUC: 0.6949 | Tau (min/mean/max): 0.536/0.544/0.554
Epoch  275 | Loss: 4.2629 | Train RMSE: 0.3507 AUC: 0.6730 | Test RMSE: 0.2963 AUC: 0.7016 | Tau (min/mean/max): 0.552/0.560/0.571
Epoch  300 | Loss: 4.2145 | Train RMSE: 0.3527 AUC: 0.6771 | Test RMSE: 0.2987 AUC: 0.7056 | Tau (min/mean/max): 0.565/0.574/0.587
Epoch  325 | Loss: 4.0335 | Train RMSE: 0.3542 AUC: 0.6810 | Test RMSE: 0.3006 AUC: 0.7098 | Tau (min/mean/max): 0.578/0.587/0.600
Epoch  350 | Loss: 3.9392 | Train RMSE: 0.3555 AUC: 0.6850 | Test RMSE: 0.3023 AUC: 0.7148 | Tau (min/mean/max): 0.589/0.598/0.612
Epoch  375 | Loss: 3.8755 | Train RMSE: 0.3567 AUC: 0.6884 | Test RMSE: 0.3038 AUC: 0.7174 | Tau (min/mean/max): 0.600/0.608/0.622
Epoch  400 | Loss: 3.8300 | Train RMSE: 0.3577 AUC: 0.6915 | Test RMSE: 0.3051 AUC: 0.7192 | Tau (min/mean/max): 0.609/0.617/0.632
Epoch  425 | Loss: 3.7606 | Train RMSE: 0.3585 AUC: 0.6957 | Test RMSE: 0.3060 AUC: 0.7251 | Tau (min/mean/max): 0.617/0.626/0.641
Epoch  450 | Loss: 3.7122 | Train RMSE: 0.3596 AUC: 0.6972 | Test RMSE: 0.3074 AUC: 0.7256 | Tau (min/mean/max): 0.624/0.633/0.649
Epoch  475 | Loss: 3.6650 | Train RMSE: 0.3601 AUC: 0.7006 | Test RMSE: 0.3080 AUC: 0.7298 | Tau (min/mean/max): 0.630/0.640/0.655
Epoch  500 | Loss: 3.6177 | Train RMSE: 0.3608 AUC: 0.7032 | Test RMSE: 0.3089 AUC: 0.7314 | Tau (min/mean/max): 0.636/0.645/0.661
Epoch  525 | Loss: 3.5505 | Train RMSE: 0.3614 AUC: 0.7047 | Test RMSE: 0.3096 AUC: 0.7326 | Tau (min/mean/max): 0.641/0.651/0.667
Epoch  550 | Loss: 3.5337 | Train RMSE: 0.3620 AUC: 0.7070 | Test RMSE: 0.3104 AUC: 0.7349 | Tau (min/mean/max): 0.645/0.655/0.671
Epoch  575 | Loss: 3.4874 | Train RMSE: 0.3623 AUC: 0.7098 | Test RMSE: 0.3108 AUC: 0.7381 | Tau (min/mean/max): 0.650/0.659/0.676
Epoch  600 | Loss: 3.4633 | Train RMSE: 0.3627 AUC: 0.7120 | Test RMSE: 0.3113 AUC: 0.7405 | Tau (min/mean/max): 0.653/0.663/0.680
Epoch  625 | Loss: 3.4369 | Train RMSE: 0.3629 AUC: 0.7136 | Test RMSE: 0.3116 AUC: 0.7418 | Tau (min/mean/max): 0.656/0.666/0.683
Epoch  650 | Loss: 3.3970 | Train RMSE: 0.3633 AUC: 0.7152 | Test RMSE: 0.3121 AUC: 0.7428 | Tau (min/mean/max): 0.659/0.668/0.685
Epoch  675 | Loss: 3.3703 | Train RMSE: 0.3637 AUC: 0.7164 | Test RMSE: 0.3125 AUC: 0.7435 | Tau (min/mean/max): 0.661/0.670/0.688
Epoch  700 | Loss: 3.3697 | Train RMSE: 0.3638 AUC: 0.7187 | Test RMSE: 0.3127 AUC: 0.7460 | Tau (min/mean/max): 0.663/0.672/0.689
Epoch  725 | Loss: 3.3459 | Train RMSE: 0.3640 AUC: 0.7196 | Test RMSE: 0.3129 AUC: 0.7476 | Tau (min/mean/max): 0.665/0.674/0.691
Epoch  750 | Loss: 3.3094 | Train RMSE: 0.3642 AUC: 0.7213 | Test RMSE: 0.3132 AUC: 0.7490 | Tau (min/mean/max): 0.665/0.675/0.692
Epoch  775 | Loss: 3.2991 | Train RMSE: 0.3642 AUC: 0.7223 | Test RMSE: 0.3133 AUC: 0.7493 | Tau (min/mean/max): 0.666/0.675/0.693
Epoch  800 | Loss: 3.2708 | Train RMSE: 0.3642 AUC: 0.7239 | Test RMSE: 0.3133 AUC: 0.7508 | Tau (min/mean/max): 0.666/0.676/0.694
Epoch  825 | Loss: 3.2535 | Train RMSE: 0.3643 AUC: 0.7247 | Test RMSE: 0.3134 AUC: 0.7508 | Tau (min/mean/max): 0.666/0.676/0.694
Epoch  850 | Loss: 3.2572 | Train RMSE: 0.3644 AUC: 0.7255 | Test RMSE: 0.3136 AUC: 0.7511 | Tau (min/mean/max): 0.666/0.676/0.694
Epoch  875 | Loss: 3.2453 | Train RMSE: 0.3645 AUC: 0.7267 | Test RMSE: 0.3137 AUC: 0.7524 | Tau (min/mean/max): 0.666/0.676/0.694
Epoch  900 | Loss: 3.2189 | Train RMSE: 0.3644 AUC: 0.7273 | Test RMSE: 0.3136 AUC: 0.7532 | Tau (min/mean/max): 0.665/0.675/0.693
Epoch  925 | Loss: 3.1857 | Train RMSE: 0.3644 AUC: 0.7277 | Test RMSE: 0.3137 AUC: 0.7529 | Tau (min/mean/max): 0.664/0.674/0.692
Epoch  950 | Loss: 3.1894 | Train RMSE: 0.3646 AUC: 0.7291 | Test RMSE: 0.3139 AUC: 0.7539 | Tau (min/mean/max): 0.663/0.673/0.692
Epoch  975 | Loss: 3.1768 | Train RMSE: 0.3644 AUC: 0.7298 | Test RMSE: 0.3137 AUC: 0.7554 | Tau (min/mean/max): 0.662/0.672/0.691
Epoch  999 | Loss: 3.1672 | Train RMSE: 0.3643 AUC: 0.7304 | Test RMSE: 0.3136 AUC: 0.7556 | Tau (min/mean/max): 0.660/0.671/0.690
Epoch 1000 | Loss: 3.1581 | Train RMSE: 0.3643 AUC: 0.7305 | Test RMSE: 0.3136 AUC: 0.7555 | Tau (min/mean/max): 0.660/0.670/0.690
  Test RMSE: 0.3167 | Test AUC: 0.7500 | Active Dims: 30

==================================================
Tuning Scenario: Pre-8
==================================================

--- Testing LAMBDA_TAU = 1.3 ---
Epoch    0 | Loss: 37.1363 | Train RMSE: 0.4551 AUC: 0.5106 | Test RMSE: 0.4550 AUC: 0.4915 | Tau (min/mean/max): 0.198/0.200/0.202
Epoch   25 | Loss: 33.0100 | Train RMSE: 0.4393 AUC: 0.6390 | Test RMSE: 0.4504 AUC: 0.6121 | Tau (min/mean/max): 0.235/0.248/0.252
Epoch   50 | Loss: 31.8665 | Train RMSE: 0.4375 AUC: 0.6624 | Test RMSE: 0.4509 AUC: 0.6384 | Tau (min/mean/max): 0.219/0.244/0.254
Epoch   75 | Loss: 32.1051 | Train RMSE: 0.4385 AUC: 0.6682 | Test RMSE: 0.4515 AUC: 0.6422 | Tau (min/mean/max): 0.135/0.164/0.176
Epoch  100 | Loss: 32.5282 | Train RMSE: 0.4419 AUC: 0.6657 | Test RMSE: 0.4549 AUC: 0.6405 | Tau (min/mean/max): 0.054/0.084/0.096
Epoch  125 | Loss: 32.6499 | Train RMSE: 0.4458 AUC: 0.6594 | Test RMSE: 0.4596 AUC: 0.6366 | Tau (min/mean/max): 0.000/0.013/0.024
Epoch  150 | Loss: 32.2519 | Train RMSE: 0.4486 AUC: 0.6650 | Test RMSE: 0.4637 AUC: 0.6415 | Tau (min/mean/max): 0.000/0.000/0.000
Epoch  175 | Loss: 31.8575 | Train RMSE: 0.4498 AUC: 0.6710 | Test RMSE: 0.4659 AUC: 0.6466 | Tau (min/mean/max): 0.000/0.000/0.000
Epoch  200 | Loss: 31.5185 | Train RMSE: 0.4506 AUC: 0.6745 | Test RMSE: 0.4673 AUC: 0.6492 | Tau (min/mean/max): 0.000/0.000/0.000
Epoch  225 | Loss: 31.2190 | Train RMSE: 0.4512 AUC: 0.6760 | Test RMSE: 0.4683 AUC: 0.6509 | Tau (min/mean/max): 0.000/0.000/0.000
Epoch  250 | Loss: 30.9508 | Train RMSE: 0.4515 AUC: 0.6765 | Test RMSE: 0.4689 AUC: 0.6509 | Tau (min/mean/max): 0.000/0.000/0.000
Epoch  275 | Loss: 30.7079 | Train RMSE: 0.4517 AUC: 0.6763 | Test RMSE: 0.4692 AUC: 0.6498 | Tau (min/mean/max): 0.000/0.000/0.000
Epoch  300 | Loss: 30.4857 | Train RMSE: 0.4516 AUC: 0.6757 | Test RMSE: 0.4692 AUC: 0.6496 | Tau (min/mean/max): 0.000/0.000/0.000
Epoch  325 | Loss: 30.2809 | Train RMSE: 0.4515 AUC: 0.6751 | Test RMSE: 0.4691 AUC: 0.6497 | Tau (min/mean/max): 0.000/0.000/0.000
Epoch  350 | Loss: 30.0905 | Train RMSE: 0.4512 AUC: 0.6745 | Test RMSE: 0.4688 AUC: 0.6489 | Tau (min/mean/max): 0.000/0.000/0.000
Epoch  375 | Loss: 29.9126 | Train RMSE: 0.4508 AUC: 0.6739 | Test RMSE: 0.4684 AUC: 0.6482 | Tau (min/mean/max): 0.000/0.000/0.000
Epoch  400 | Loss: 29.7455 | Train RMSE: 0.4504 AUC: 0.6733 | Test RMSE: 0.4680 AUC: 0.6473 | Tau (min/mean/max): 0.000/0.000/0.000
Epoch  425 | Loss: 29.5879 | Train RMSE: 0.4500 AUC: 0.6728 | Test RMSE: 0.4675 AUC: 0.6469 | Tau (min/mean/max): 0.000/0.000/0.000
Epoch  450 | Loss: 29.4387 | Train RMSE: 0.4495 AUC: 0.6724 | Test RMSE: 0.4670 AUC: 0.6463 | Tau (min/mean/max): 0.000/0.000/0.000
Epoch  475 | Loss: 29.2971 | Train RMSE: 0.4491 AUC: 0.6721 | Test RMSE: 0.4665 AUC: 0.6459 | Tau (min/mean/max): 0.000/0.000/0.000
Epoch  500 | Loss: 29.1624 | Train RMSE: 0.4486 AUC: 0.6718 | Test RMSE: 0.4660 AUC: 0.6453 | Tau (min/mean/max): 0.000/0.000/0.000
Epoch  525 | Loss: 29.0340 | Train RMSE: 0.4482 AUC: 0.6717 | Test RMSE: 0.4656 AUC: 0.6444 | Tau (min/mean/max): 0.000/0.000/0.000
Epoch  550 | Loss: 28.9114 | Train RMSE: 0.4478 AUC: 0.6716 | Test RMSE: 0.4652 AUC: 0.6437 | Tau (min/mean/max): 0.000/0.000/0.000
Epoch  575 | Loss: 28.7943 | Train RMSE: 0.4474 AUC: 0.6716 | Test RMSE: 0.4648 AUC: 0.6430 | Tau (min/mean/max): 0.000/0.000/0.000
Epoch  600 | Loss: 28.6821 | Train RMSE: 0.4471 AUC: 0.6716 | Test RMSE: 0.4646 AUC: 0.6424 | Tau (min/mean/max): 0.000/0.000/0.000
Epoch  625 | Loss: 28.5746 | Train RMSE: 0.4468 AUC: 0.6716 | Test RMSE: 0.4643 AUC: 0.6417 | Tau (min/mean/max): 0.000/0.000/0.000
Epoch  650 | Loss: 28.4715 | Train RMSE: 0.4466 AUC: 0.6717 | Test RMSE: 0.4642 AUC: 0.6410 | Tau (min/mean/max): 0.000/0.000/0.000
Epoch  675 | Loss: 28.3725 | Train RMSE: 0.4463 AUC: 0.6718 | Test RMSE: 0.4640 AUC: 0.6402 | Tau (min/mean/max): 0.000/0.000/0.000
Epoch  700 | Loss: 28.2773 | Train RMSE: 0.4462 AUC: 0.6719 | Test RMSE: 0.4640 AUC: 0.6394 | Tau (min/mean/max): 0.000/0.000/0.000
Epoch  725 | Loss: 28.1858 | Train RMSE: 0.4460 AUC: 0.6721 | Test RMSE: 0.4639 AUC: 0.6388 | Tau (min/mean/max): 0.000/0.000/0.000
Epoch  750 | Loss: 28.0976 | Train RMSE: 0.4459 AUC: 0.6723 | Test RMSE: 0.4640 AUC: 0.6384 | Tau (min/mean/max): 0.000/0.000/0.000
Epoch  775 | Loss: 28.0128 | Train RMSE: 0.4458 AUC: 0.6725 | Test RMSE: 0.4640 AUC: 0.6382 | Tau (min/mean/max): 0.000/0.000/0.000
Epoch  800 | Loss: 27.9310 | Train RMSE: 0.4457 AUC: 0.6727 | Test RMSE: 0.4641 AUC: 0.6376 | Tau (min/mean/max): 0.000/0.000/0.000
Epoch  825 | Loss: 27.8521 | Train RMSE: 0.4456 AUC: 0.6729 | Test RMSE: 0.4642 AUC: 0.6373 | Tau (min/mean/max): 0.000/0.000/0.000
Epoch  850 | Loss: 27.7759 | Train RMSE: 0.4456 AUC: 0.6730 | Test RMSE: 0.4644 AUC: 0.6367 | Tau (min/mean/max): 0.000/0.000/0.000
Epoch  875 | Loss: 27.7024 | Train RMSE: 0.4456 AUC: 0.6732 | Test RMSE: 0.4645 AUC: 0.6364 | Tau (min/mean/max): 0.000/0.000/0.000
Epoch  900 | Loss: 27.6314 | Train RMSE: 0.4456 AUC: 0.6734 | Test RMSE: 0.4648 AUC: 0.6358 | Tau (min/mean/max): 0.000/0.000/0.000
Epoch  925 | Loss: 27.5628 | Train RMSE: 0.4456 AUC: 0.6736 | Test RMSE: 0.4650 AUC: 0.6353 | Tau (min/mean/max): 0.000/0.000/0.000
Epoch  950 | Loss: 27.4965 | Train RMSE: 0.4456 AUC: 0.6738 | Test RMSE: 0.4652 AUC: 0.6351 | Tau (min/mean/max): 0.000/0.000/0.000
Epoch  975 | Loss: 27.4323 | Train RMSE: 0.4456 AUC: 0.6740 | Test RMSE: 0.4655 AUC: 0.6349 | Tau (min/mean/max): 0.000/0.000/0.000
Epoch  999 | Loss: 27.3727 | Train RMSE: 0.4457 AUC: 0.6741 | Test RMSE: 0.4658 AUC: 0.6349 | Tau (min/mean/max): 0.000/0.000/0.000
Epoch 1000 | Loss: 27.3702 | Train RMSE: 0.4457 AUC: 0.6741 | Test RMSE: 0.4658 AUC: 0.6349 | Tau (min/mean/max): 0.000/0.000/0.000
  Test RMSE: 0.4769 | Test AUC: 0.6229 | Active Dims: 0

--- Testing LAMBDA_TAU = 1.0 ---
Epoch    0 | Loss: 36.8508 | Train RMSE: 0.4531 AUC: 0.5187 | Test RMSE: 0.4545 AUC: 0.4823 | Tau (min/mean/max): 0.198/0.200/0.202
Epoch   25 | Loss: 32.9676 | Train RMSE: 0.4395 AUC: 0.6370 | Test RMSE: 0.4511 AUC: 0.6097 | Tau (min/mean/max): 0.240/0.248/0.252
Epoch   50 | Loss: 31.5296 | Train RMSE: 0.4384 AUC: 0.6607 | Test RMSE: 0.4526 AUC: 0.6336 | Tau (min/mean/max): 0.246/0.259/0.269
Epoch   75 | Loss: 31.7958 | Train RMSE: 0.4383 AUC: 0.6673 | Test RMSE: 0.4522 AUC: 0.6388 | Tau (min/mean/max): 0.167/0.185/0.198
Epoch  100 | Loss: 32.2450 | Train RMSE: 0.4418 AUC: 0.6662 | Test RMSE: 0.4555 AUC: 0.6379 | Tau (min/mean/max): 0.087/0.105/0.119
Epoch  125 | Loss: 32.3973 | Train RMSE: 0.4461 AUC: 0.6615 | Test RMSE: 0.4604 AUC: 0.6324 | Tau (min/mean/max): 0.014/0.032/0.046
Epoch  150 | Loss: 32.1429 | Train RMSE: 0.4495 AUC: 0.6631 | Test RMSE: 0.4648 AUC: 0.6343 | Tau (min/mean/max): 0.000/0.000/0.000
Epoch  175 | Loss: 31.7646 | Train RMSE: 0.4511 AUC: 0.6674 | Test RMSE: 0.4674 AUC: 0.6387 | Tau (min/mean/max): 0.000/0.000/0.000
Epoch  200 | Loss: 31.4426 | Train RMSE: 0.4521 AUC: 0.6696 | Test RMSE: 0.4688 AUC: 0.6414 | Tau (min/mean/max): 0.000/0.000/0.000
Epoch  225 | Loss: 31.1586 | Train RMSE: 0.4527 AUC: 0.6704 | Test RMSE: 0.4698 AUC: 0.6422 | Tau (min/mean/max): 0.000/0.000/0.000
Epoch  250 | Loss: 30.9036 | Train RMSE: 0.4531 AUC: 0.6704 | Test RMSE: 0.4704 AUC: 0.6422 | Tau (min/mean/max): 0.000/0.000/0.000
Epoch  275 | Loss: 30.6721 | Train RMSE: 0.4532 AUC: 0.6702 | Test RMSE: 0.4706 AUC: 0.6418 | Tau (min/mean/max): 0.000/0.000/0.000
Epoch  300 | Loss: 30.4598 | Train RMSE: 0.4532 AUC: 0.6697 | Test RMSE: 0.4707 AUC: 0.6427 | Tau (min/mean/max): 0.000/0.000/0.000
Epoch  325 | Loss: 30.2633 | Train RMSE: 0.4530 AUC: 0.6692 | Test RMSE: 0.4705 AUC: 0.6432 | Tau (min/mean/max): 0.000/0.000/0.000
Epoch  350 | Loss: 30.0802 | Train RMSE: 0.4527 AUC: 0.6687 | Test RMSE: 0.4701 AUC: 0.6426 | Tau (min/mean/max): 0.000/0.000/0.000
Epoch  375 | Loss: 29.9087 | Train RMSE: 0.4524 AUC: 0.6684 | Test RMSE: 0.4697 AUC: 0.6424 | Tau (min/mean/max): 0.000/0.000/0.000
Epoch  400 | Loss: 29.7471 | Train RMSE: 0.4519 AUC: 0.6681 | Test RMSE: 0.4692 AUC: 0.6428 | Tau (min/mean/max): 0.000/0.000/0.000
Epoch  425 | Loss: 29.5944 | Train RMSE: 0.4515 AUC: 0.6678 | Test RMSE: 0.4686 AUC: 0.6426 | Tau (min/mean/max): 0.000/0.000/0.000
Epoch  450 | Loss: 29.4496 | Train RMSE: 0.4510 AUC: 0.6676 | Test RMSE: 0.4681 AUC: 0.6425 | Tau (min/mean/max): 0.000/0.000/0.000
Epoch  475 | Loss: 29.3119 | Train RMSE: 0.4505 AUC: 0.6676 | Test RMSE: 0.4676 AUC: 0.6424 | Tau (min/mean/max): 0.000/0.000/0.000
Epoch  500 | Loss: 29.1807 | Train RMSE: 0.4501 AUC: 0.6675 | Test RMSE: 0.4671 AUC: 0.6418 | Tau (min/mean/max): 0.000/0.000/0.000
Epoch  525 | Loss: 29.0554 | Train RMSE: 0.4497 AUC: 0.6676 | Test RMSE: 0.4666 AUC: 0.6416 | Tau (min/mean/max): 0.000/0.000/0.000
Epoch  550 | Loss: 28.9357 | Train RMSE: 0.4493 AUC: 0.6677 | Test RMSE: 0.4662 AUC: 0.6410 | Tau (min/mean/max): 0.000/0.000/0.000
Epoch  575 | Loss: 28.8211 | Train RMSE: 0.4489 AUC: 0.6679 | Test RMSE: 0.4658 AUC: 0.6404 | Tau (min/mean/max): 0.000/0.000/0.000
Epoch  600 | Loss: 28.7112 | Train RMSE: 0.4486 AUC: 0.6681 | Test RMSE: 0.4655 AUC: 0.6398 | Tau (min/mean/max): 0.000/0.000/0.000
Epoch  625 | Loss: 28.6057 | Train RMSE: 0.4483 AUC: 0.6683 | Test RMSE: 0.4652 AUC: 0.6393 | Tau (min/mean/max): 0.000/0.000/0.000
Epoch  650 | Loss: 28.5044 | Train RMSE: 0.4480 AUC: 0.6686 | Test RMSE: 0.4650 AUC: 0.6390 | Tau (min/mean/max): 0.000/0.000/0.000
Epoch  675 | Loss: 28.4070 | Train RMSE: 0.4477 AUC: 0.6688 | Test RMSE: 0.4649 AUC: 0.6385 | Tau (min/mean/max): 0.000/0.000/0.000
Epoch  700 | Loss: 28.3132 | Train RMSE: 0.4475 AUC: 0.6691 | Test RMSE: 0.4648 AUC: 0.6385 | Tau (min/mean/max): 0.000/0.000/0.000
Epoch  725 | Loss: 28.2228 | Train RMSE: 0.4474 AUC: 0.6694 | Test RMSE: 0.4647 AUC: 0.6381 | Tau (min/mean/max): 0.000/0.000/0.000
Epoch  750 | Loss: 28.1357 | Train RMSE: 0.4472 AUC: 0.6696 | Test RMSE: 0.4647 AUC: 0.6380 | Tau (min/mean/max): 0.000/0.000/0.000
Epoch  775 | Loss: 28.0517 | Train RMSE: 0.4471 AUC: 0.6699 | Test RMSE: 0.4647 AUC: 0.6377 | Tau (min/mean/max): 0.000/0.000/0.000
Epoch  800 | Loss: 27.9706 | Train RMSE: 0.4470 AUC: 0.6702 | Test RMSE: 0.4648 AUC: 0.6375 | Tau (min/mean/max): 0.000/0.000/0.000
Epoch  825 | Loss: 27.8923 | Train RMSE: 0.4469 AUC: 0.6705 | Test RMSE: 0.4649 AUC: 0.6372 | Tau (min/mean/max): 0.000/0.000/0.000
Epoch  850 | Loss: 27.8166 | Train RMSE: 0.4468 AUC: 0.6707 | Test RMSE: 0.4650 AUC: 0.6369 | Tau (min/mean/max): 0.000/0.000/0.000
Epoch  875 | Loss: 27.7434 | Train RMSE: 0.4468 AUC: 0.6710 | Test RMSE: 0.4651 AUC: 0.6366 | Tau (min/mean/max): 0.000/0.000/0.000
Epoch  900 | Loss: 27.6726 | Train RMSE: 0.4467 AUC: 0.6713 | Test RMSE: 0.4653 AUC: 0.6364 | Tau (min/mean/max): 0.000/0.000/0.000
Epoch  925 | Loss: 27.6041 | Train RMSE: 0.4467 AUC: 0.6715 | Test RMSE: 0.4655 AUC: 0.6362 | Tau (min/mean/max): 0.000/0.000/0.000
Epoch  950 | Loss: 27.5378 | Train RMSE: 0.4467 AUC: 0.6718 | Test RMSE: 0.4658 AUC: 0.6359 | Tau (min/mean/max): 0.000/0.000/0.000
Epoch  975 | Loss: 27.4736 | Train RMSE: 0.4467 AUC: 0.6720 | Test RMSE: 0.4660 AUC: 0.6356 | Tau (min/mean/max): 0.000/0.000/0.000
Epoch  999 | Loss: 27.4138 | Train RMSE: 0.4467 AUC: 0.6723 | Test RMSE: 0.4663 AUC: 0.6352 | Tau (min/mean/max): 0.000/0.000/0.000
Epoch 1000 | Loss: 27.4114 | Train RMSE: 0.4467 AUC: 0.6723 | Test RMSE: 0.4663 AUC: 0.6352 | Tau (min/mean/max): 0.000/0.000/0.000
  Test RMSE: 0.4779 | Test AUC: 0.6226 | Active Dims: 0

--- Testing LAMBDA_TAU = 0.8 ---
Epoch    0 | Loss: 36.6933 | Train RMSE: 0.4520 AUC: 0.5379 | Test RMSE: 0.4543 AUC: 0.4844 | Tau (min/mean/max): 0.198/0.200/0.202
Epoch   25 | Loss: 32.7879 | Train RMSE: 0.4391 AUC: 0.6399 | Test RMSE: 0.4522 AUC: 0.6109 | Tau (min/mean/max): 0.238/0.249/0.253
Epoch   50 | Loss: 31.3061 | Train RMSE: 0.4377 AUC: 0.6624 | Test RMSE: 0.4537 AUC: 0.6346 | Tau (min/mean/max): 0.262/0.272/0.283
Epoch   75 | Loss: 31.4225 | Train RMSE: 0.4372 AUC: 0.6695 | Test RMSE: 0.4531 AUC: 0.6408 | Tau (min/mean/max): 0.190/0.208/0.225
Epoch  100 | Loss: 31.8954 | Train RMSE: 0.4399 AUC: 0.6690 | Test RMSE: 0.4555 AUC: 0.6396 | Tau (min/mean/max): 0.111/0.129/0.147
Epoch  125 | Loss: 32.1125 | Train RMSE: 0.4443 AUC: 0.6639 | Test RMSE: 0.4603 AUC: 0.6343 | Tau (min/mean/max): 0.039/0.057/0.075
Epoch  150 | Loss: 32.0435 | Train RMSE: 0.4481 AUC: 0.6607 | Test RMSE: 0.4650 AUC: 0.6321 | Tau (min/mean/max): 0.000/0.000/0.000
Epoch  175 | Loss: 31.6594 | Train RMSE: 0.4501 AUC: 0.6647 | Test RMSE: 0.4680 AUC: 0.6362 | Tau (min/mean/max): 0.000/0.000/0.000
Epoch  200 | Loss: 31.3345 | Train RMSE: 0.4512 AUC: 0.6669 | Test RMSE: 0.4696 AUC: 0.6384 | Tau (min/mean/max): 0.000/0.000/0.000
Epoch  225 | Loss: 31.0498 | Train RMSE: 0.4518 AUC: 0.6679 | Test RMSE: 0.4706 AUC: 0.6402 | Tau (min/mean/max): 0.000/0.000/0.000
Epoch  250 | Loss: 30.7950 | Train RMSE: 0.4522 AUC: 0.6683 | Test RMSE: 0.4712 AUC: 0.6420 | Tau (min/mean/max): 0.000/0.000/0.000
Epoch  275 | Loss: 30.5638 | Train RMSE: 0.4524 AUC: 0.6684 | Test RMSE: 0.4714 AUC: 0.6422 | Tau (min/mean/max): 0.000/0.000/0.000
Epoch  300 | Loss: 30.3519 | Train RMSE: 0.4523 AUC: 0.6684 | Test RMSE: 0.4714 AUC: 0.6423 | Tau (min/mean/max): 0.000/0.000/0.000
Epoch  325 | Loss: 30.1560 | Train RMSE: 0.4521 AUC: 0.6682 | Test RMSE: 0.4712 AUC: 0.6424 | Tau (min/mean/max): 0.000/0.000/0.000
Epoch  350 | Loss: 29.9735 | Train RMSE: 0.4518 AUC: 0.6681 | Test RMSE: 0.4709 AUC: 0.6430 | Tau (min/mean/max): 0.000/0.000/0.000
Epoch  375 | Loss: 29.8024 | Train RMSE: 0.4514 AUC: 0.6680 | Test RMSE: 0.4704 AUC: 0.6431 | Tau (min/mean/max): 0.000/0.000/0.000
Epoch  400 | Loss: 29.6413 | Train RMSE: 0.4509 AUC: 0.6680 | Test RMSE: 0.4699 AUC: 0.6430 | Tau (min/mean/max): 0.000/0.000/0.000
Epoch  425 | Loss: 29.4890 | Train RMSE: 0.4505 AUC: 0.6679 | Test RMSE: 0.4693 AUC: 0.6423 | Tau (min/mean/max): 0.000/0.000/0.000
Epoch  450 | Loss: 29.3447 | Train RMSE: 0.4500 AUC: 0.6680 | Test RMSE: 0.4687 AUC: 0.6415 | Tau (min/mean/max): 0.000/0.000/0.000
Epoch  475 | Loss: 29.2074 | Train RMSE: 0.4495 AUC: 0.6680 | Test RMSE: 0.4682 AUC: 0.6408 | Tau (min/mean/max): 0.000/0.000/0.000
Epoch  500 | Loss: 29.0767 | Train RMSE: 0.4490 AUC: 0.6682 | Test RMSE: 0.4677 AUC: 0.6400 | Tau (min/mean/max): 0.000/0.000/0.000
Epoch  525 | Loss: 28.9521 | Train RMSE: 0.4486 AUC: 0.6683 | Test RMSE: 0.4672 AUC: 0.6396 | Tau (min/mean/max): 0.000/0.000/0.000
Epoch  550 | Loss: 28.8329 | Train RMSE: 0.4482 AUC: 0.6685 | Test RMSE: 0.4668 AUC: 0.6392 | Tau (min/mean/max): 0.000/0.000/0.000
Epoch  575 | Loss: 28.7189 | Train RMSE: 0.4478 AUC: 0.6687 | Test RMSE: 0.4664 AUC: 0.6390 | Tau (min/mean/max): 0.000/0.000/0.000
Epoch  600 | Loss: 28.6098 | Train RMSE: 0.4475 AUC: 0.6690 | Test RMSE: 0.4661 AUC: 0.6387 | Tau (min/mean/max): 0.000/0.000/0.000
Epoch  625 | Loss: 28.5051 | Train RMSE: 0.4472 AUC: 0.6692 | Test RMSE: 0.4659 AUC: 0.6383 | Tau (min/mean/max): 0.000/0.000/0.000
Epoch  650 | Loss: 28.4047 | Train RMSE: 0.4469 AUC: 0.6695 | Test RMSE: 0.4657 AUC: 0.6379 | Tau (min/mean/max): 0.000/0.000/0.000
Epoch  675 | Loss: 28.3083 | Train RMSE: 0.4467 AUC: 0.6698 | Test RMSE: 0.4655 AUC: 0.6374 | Tau (min/mean/max): 0.000/0.000/0.000
Epoch  700 | Loss: 28.2155 | Train RMSE: 0.4465 AUC: 0.6701 | Test RMSE: 0.4654 AUC: 0.6369 | Tau (min/mean/max): 0.000/0.000/0.000
Epoch  725 | Loss: 28.1264 | Train RMSE: 0.4463 AUC: 0.6704 | Test RMSE: 0.4654 AUC: 0.6365 | Tau (min/mean/max): 0.000/0.000/0.000
Epoch  750 | Loss: 28.0405 | Train RMSE: 0.4462 AUC: 0.6706 | Test RMSE: 0.4654 AUC: 0.6359 | Tau (min/mean/max): 0.000/0.000/0.000
Epoch  775 | Loss: 27.9578 | Train RMSE: 0.4461 AUC: 0.6709 | Test RMSE: 0.4654 AUC: 0.6357 | Tau (min/mean/max): 0.000/0.000/0.000
Epoch  800 | Loss: 27.8781 | Train RMSE: 0.4460 AUC: 0.6712 | Test RMSE: 0.4655 AUC: 0.6353 | Tau (min/mean/max): 0.000/0.000/0.000
Epoch  825 | Loss: 27.8012 | Train RMSE: 0.4459 AUC: 0.6715 | Test RMSE: 0.4656 AUC: 0.6350 | Tau (min/mean/max): 0.000/0.000/0.000
Epoch  850 | Loss: 27.7270 | Train RMSE: 0.4459 AUC: 0.6717 | Test RMSE: 0.4658 AUC: 0.6344 | Tau (min/mean/max): 0.000/0.000/0.000
Epoch  875 | Loss: 27.6553 | Train RMSE: 0.4459 AUC: 0.6720 | Test RMSE: 0.4659 AUC: 0.6341 | Tau (min/mean/max): 0.000/0.000/0.000
Epoch  900 | Loss: 27.5861 | Train RMSE: 0.4459 AUC: 0.6723 | Test RMSE: 0.4661 AUC: 0.6340 | Tau (min/mean/max): 0.000/0.000/0.000
Epoch  925 | Loss: 27.5192 | Train RMSE: 0.4459 AUC: 0.6725 | Test RMSE: 0.4663 AUC: 0.6339 | Tau (min/mean/max): 0.000/0.000/0.000
Epoch  950 | Loss: 27.4544 | Train RMSE: 0.4459 AUC: 0.6727 | Test RMSE: 0.4666 AUC: 0.6335 | Tau (min/mean/max): 0.000/0.000/0.000
Epoch  975 | Loss: 27.3918 | Train RMSE: 0.4460 AUC: 0.6729 | Test RMSE: 0.4668 AUC: 0.6331 | Tau (min/mean/max): 0.000/0.000/0.000
Epoch  999 | Loss: 27.3336 | Train RMSE: 0.4460 AUC: 0.6731 | Test RMSE: 0.4671 AUC: 0.6329 | Tau (min/mean/max): 0.000/0.000/0.000
Epoch 1000 | Loss: 27.3312 | Train RMSE: 0.4460 AUC: 0.6731 | Test RMSE: 0.4671 AUC: 0.6329 | Tau (min/mean/max): 0.000/0.000/0.000
  Test RMSE: 0.4784 | Test AUC: 0.6203 | Active Dims: 0

--- Testing LAMBDA_TAU = 0.5 ---
Epoch    0 | Loss: 37.4920 | Train RMSE: 0.4581 AUC: 0.4721 | Test RMSE: 0.4559 AUC: 0.4987 | Tau (min/mean/max): 0.198/0.200/0.202
Epoch   25 | Loss: 33.4195 | Train RMSE: 0.4392 AUC: 0.6294 | Test RMSE: 0.4482 AUC: 0.6168 | Tau (min/mean/max): 0.236/0.248/0.253
Epoch   50 | Loss: 31.5649 | Train RMSE: 0.4374 AUC: 0.6558 | Test RMSE: 0.4505 AUC: 0.6397 | Tau (min/mean/max): 0.285/0.293/0.299
Epoch   75 | Loss: 31.1186 | Train RMSE: 0.4353 AUC: 0.6681 | Test RMSE: 0.4486 AUC: 0.6532 | Tau (min/mean/max): 0.257/0.277/0.294
Epoch  100 | Loss: 31.3375 | Train RMSE: 0.4368 AUC: 0.6698 | Test RMSE: 0.4502 AUC: 0.6554 | Tau (min/mean/max): 0.188/0.220/0.243
Epoch  125 | Loss: 31.6137 | Train RMSE: 0.4401 AUC: 0.6684 | Test RMSE: 0.4538 AUC: 0.6546 | Tau (min/mean/max): 0.118/0.161/0.184
Epoch  150 | Loss: 31.8720 | Train RMSE: 0.4437 AUC: 0.6651 | Test RMSE: 0.4579 AUC: 0.6501 | Tau (min/mean/max): 0.041/0.097/0.122
Epoch  175 | Loss: 31.9786 | Train RMSE: 0.4476 AUC: 0.6595 | Test RMSE: 0.4625 AUC: 0.6455 | Tau (min/mean/max): 0.000/0.031/0.055
Epoch  200 | Loss: 31.7571 | Train RMSE: 0.4505 AUC: 0.6600 | Test RMSE: 0.4663 AUC: 0.6448 | Tau (min/mean/max): 0.000/0.000/0.000
Epoch  225 | Loss: 31.4232 | Train RMSE: 0.4518 AUC: 0.6629 | Test RMSE: 0.4682 AUC: 0.6469 | Tau (min/mean/max): 0.000/0.000/0.000
Epoch  250 | Loss: 31.1324 | Train RMSE: 0.4524 AUC: 0.6646 | Test RMSE: 0.4692 AUC: 0.6475 | Tau (min/mean/max): 0.000/0.000/0.000
Epoch  275 | Loss: 30.8727 | Train RMSE: 0.4528 AUC: 0.6654 | Test RMSE: 0.4698 AUC: 0.6475 | Tau (min/mean/max): 0.000/0.000/0.000
Epoch  300 | Loss: 30.6373 | Train RMSE: 0.4529 AUC: 0.6657 | Test RMSE: 0.4701 AUC: 0.6483 | Tau (min/mean/max): 0.000/0.000/0.000
Epoch  325 | Loss: 30.4218 | Train RMSE: 0.4529 AUC: 0.6658 | Test RMSE: 0.4701 AUC: 0.6492 | Tau (min/mean/max): 0.000/0.000/0.000
Epoch  350 | Loss: 30.2227 | Train RMSE: 0.4527 AUC: 0.6659 | Test RMSE: 0.4700 AUC: 0.6479 | Tau (min/mean/max): 0.000/0.000/0.000
Epoch  375 | Loss: 30.0375 | Train RMSE: 0.4524 AUC: 0.6659 | Test RMSE: 0.4697 AUC: 0.6463 | Tau (min/mean/max): 0.000/0.000/0.000
Epoch  400 | Loss: 29.8643 | Train RMSE: 0.4521 AUC: 0.6659 | Test RMSE: 0.4693 AUC: 0.6458 | Tau (min/mean/max): 0.000/0.000/0.000
Epoch  425 | Loss: 29.7015 | Train RMSE: 0.4517 AUC: 0.6659 | Test RMSE: 0.4688 AUC: 0.6456 | Tau (min/mean/max): 0.000/0.000/0.000
Epoch  450 | Loss: 29.5479 | Train RMSE: 0.4512 AUC: 0.6659 | Test RMSE: 0.4683 AUC: 0.6451 | Tau (min/mean/max): 0.000/0.000/0.000
Epoch  475 | Loss: 29.4025 | Train RMSE: 0.4508 AUC: 0.6660 | Test RMSE: 0.4678 AUC: 0.6444 | Tau (min/mean/max): 0.000/0.000/0.000
Epoch  500 | Loss: 29.2645 | Train RMSE: 0.4504 AUC: 0.6660 | Test RMSE: 0.4674 AUC: 0.6441 | Tau (min/mean/max): 0.000/0.000/0.000
Epoch  525 | Loss: 29.1332 | Train RMSE: 0.4500 AUC: 0.6662 | Test RMSE: 0.4669 AUC: 0.6440 | Tau (min/mean/max): 0.000/0.000/0.000
Epoch  550 | Loss: 29.0081 | Train RMSE: 0.4496 AUC: 0.6664 | Test RMSE: 0.4665 AUC: 0.6437 | Tau (min/mean/max): 0.000/0.000/0.000
Epoch  575 | Loss: 28.8886 | Train RMSE: 0.4492 AUC: 0.6666 | Test RMSE: 0.4662 AUC: 0.6434 | Tau (min/mean/max): 0.000/0.000/0.000
Epoch  600 | Loss: 28.7744 | Train RMSE: 0.4489 AUC: 0.6668 | Test RMSE: 0.4659 AUC: 0.6428 | Tau (min/mean/max): 0.000/0.000/0.000
Epoch  625 | Loss: 28.6651 | Train RMSE: 0.4485 AUC: 0.6671 | Test RMSE: 0.4656 AUC: 0.6423 | Tau (min/mean/max): 0.000/0.000/0.000
Epoch  650 | Loss: 28.5603 | Train RMSE: 0.4483 AUC: 0.6673 | Test RMSE: 0.4654 AUC: 0.6417 | Tau (min/mean/max): 0.000/0.000/0.000
Epoch  675 | Loss: 28.4597 | Train RMSE: 0.4480 AUC: 0.6676 | Test RMSE: 0.4652 AUC: 0.6409 | Tau (min/mean/max): 0.000/0.000/0.000
Epoch  700 | Loss: 28.3631 | Train RMSE: 0.4478 AUC: 0.6679 | Test RMSE: 0.4651 AUC: 0.6402 | Tau (min/mean/max): 0.000/0.000/0.000
Epoch  725 | Loss: 28.2702 | Train RMSE: 0.4476 AUC: 0.6682 | Test RMSE: 0.4651 AUC: 0.6397 | Tau (min/mean/max): 0.000/0.000/0.000
Epoch  750 | Loss: 28.1809 | Train RMSE: 0.4475 AUC: 0.6685 | Test RMSE: 0.4651 AUC: 0.6390 | Tau (min/mean/max): 0.000/0.000/0.000
Epoch  775 | Loss: 28.0949 | Train RMSE: 0.4473 AUC: 0.6688 | Test RMSE: 0.4651 AUC: 0.6383 | Tau (min/mean/max): 0.000/0.000/0.000
Epoch  800 | Loss: 28.0120 | Train RMSE: 0.4472 AUC: 0.6692 | Test RMSE: 0.4651 AUC: 0.6374 | Tau (min/mean/max): 0.000/0.000/0.000
Epoch  825 | Loss: 27.9320 | Train RMSE: 0.4471 AUC: 0.6695 | Test RMSE: 0.4652 AUC: 0.6370 | Tau (min/mean/max): 0.000/0.000/0.000
Epoch  850 | Loss: 27.8549 | Train RMSE: 0.4471 AUC: 0.6697 | Test RMSE: 0.4653 AUC: 0.6369 | Tau (min/mean/max): 0.000/0.000/0.000
Epoch  875 | Loss: 27.7804 | Train RMSE: 0.4470 AUC: 0.6700 | Test RMSE: 0.4655 AUC: 0.6368 | Tau (min/mean/max): 0.000/0.000/0.000
Epoch  900 | Loss: 27.7084 | Train RMSE: 0.4470 AUC: 0.6704 | Test RMSE: 0.4657 AUC: 0.6366 | Tau (min/mean/max): 0.000/0.000/0.000
Epoch  925 | Loss: 27.6389 | Train RMSE: 0.4470 AUC: 0.6707 | Test RMSE: 0.4659 AUC: 0.6363 | Tau (min/mean/max): 0.000/0.000/0.000
Epoch  950 | Loss: 27.5716 | Train RMSE: 0.4470 AUC: 0.6710 | Test RMSE: 0.4661 AUC: 0.6361 | Tau (min/mean/max): 0.000/0.000/0.000
Epoch  975 | Loss: 27.5065 | Train RMSE: 0.4470 AUC: 0.6713 | Test RMSE: 0.4663 AUC: 0.6358 | Tau (min/mean/max): 0.000/0.000/0.000
Epoch  999 | Loss: 27.4460 | Train RMSE: 0.4470 AUC: 0.6716 | Test RMSE: 0.4666 AUC: 0.6355 | Tau (min/mean/max): 0.000/0.000/0.000
Epoch 1000 | Loss: 27.4435 | Train RMSE: 0.4470 AUC: 0.6716 | Test RMSE: 0.4666 AUC: 0.6355 | Tau (min/mean/max): 0.000/0.000/0.000
  Test RMSE: 0.4784 | Test AUC: 0.6233 | Active Dims: 0

--- Testing LAMBDA_TAU = 0.2 ---
Epoch    0 | Loss: 36.7570 | Train RMSE: 0.4538 AUC: 0.4343 | Test RMSE: 0.4560 AUC: 0.4284 | Tau (min/mean/max): 0.198/0.200/0.202
Epoch   25 | Loss: 32.9729 | Train RMSE: 0.4442 AUC: 0.6295 | Test RMSE: 0.4563 AUC: 0.6030 | Tau (min/mean/max): 0.241/0.249/0.253
Epoch   50 | Loss: 31.2787 | Train RMSE: 0.4408 AUC: 0.6617 | Test RMSE: 0.4553 AUC: 0.6394 | Tau (min/mean/max): 0.296/0.303/0.307
Epoch   75 | Loss: 30.4283 | Train RMSE: 0.4370 AUC: 0.6754 | Test RMSE: 0.4526 AUC: 0.6522 | Tau (min/mean/max): 0.331/0.339/0.348
Epoch  100 | Loss: 29.9011 | Train RMSE: 0.4345 AUC: 0.6809 | Test RMSE: 0.4503 AUC: 0.6562 | Tau (min/mean/max): 0.344/0.361/0.376
Epoch  125 | Loss: 29.4225 | Train RMSE: 0.4337 AUC: 0.6837 | Test RMSE: 0.4506 AUC: 0.6549 | Tau (min/mean/max): 0.359/0.380/0.398
Epoch  150 | Loss: 29.1893 | Train RMSE: 0.4337 AUC: 0.6848 | Test RMSE: 0.4509 AUC: 0.6551 | Tau (min/mean/max): 0.369/0.396/0.422
Epoch  175 | Loss: 28.8201 | Train RMSE: 0.4346 AUC: 0.6856 | Test RMSE: 0.4527 AUC: 0.6531 | Tau (min/mean/max): 0.380/0.408/0.450
Epoch  200 | Loss: 28.6122 | Train RMSE: 0.4345 AUC: 0.6858 | Test RMSE: 0.4528 AUC: 0.6531 | Tau (min/mean/max): 0.382/0.415/0.465
Epoch  225 | Loss: 28.4618 | Train RMSE: 0.4354 AUC: 0.6859 | Test RMSE: 0.4543 AUC: 0.6514 | Tau (min/mean/max): 0.378/0.418/0.472
Epoch  250 | Loss: 28.3352 | Train RMSE: 0.4362 AUC: 0.6862 | Test RMSE: 0.4553 AUC: 0.6520 | Tau (min/mean/max): 0.368/0.416/0.480
Epoch  275 | Loss: 28.2437 | Train RMSE: 0.4371 AUC: 0.6857 | Test RMSE: 0.4561 AUC: 0.6516 | Tau (min/mean/max): 0.354/0.410/0.485
Epoch  300 | Loss: 28.2926 | Train RMSE: 0.4374 AUC: 0.6857 | Test RMSE: 0.4567 AUC: 0.6509 | Tau (min/mean/max): 0.333/0.400/0.488
Epoch  325 | Loss: 28.2462 | Train RMSE: 0.4379 AUC: 0.6850 | Test RMSE: 0.4571 AUC: 0.6505 | Tau (min/mean/max): 0.311/0.387/0.506
Epoch  350 | Loss: 28.1758 | Train RMSE: 0.4389 AUC: 0.6847 | Test RMSE: 0.4583 AUC: 0.6491 | Tau (min/mean/max): 0.286/0.370/0.521
Epoch  375 | Loss: 28.0969 | Train RMSE: 0.4394 AUC: 0.6840 | Test RMSE: 0.4592 AUC: 0.6476 | Tau (min/mean/max): 0.255/0.351/0.540
Epoch  400 | Loss: 28.1162 | Train RMSE: 0.4405 AUC: 0.6833 | Test RMSE: 0.4600 AUC: 0.6478 | Tau (min/mean/max): 0.219/0.328/0.553
Epoch  425 | Loss: 28.2945 | Train RMSE: 0.4413 AUC: 0.6824 | Test RMSE: 0.4610 AUC: 0.6463 | Tau (min/mean/max): 0.179/0.303/0.563
Epoch  450 | Loss: 28.2022 | Train RMSE: 0.4422 AUC: 0.6817 | Test RMSE: 0.4618 AUC: 0.6460 | Tau (min/mean/max): 0.128/0.275/0.576
Epoch  475 | Loss: 28.2450 | Train RMSE: 0.4431 AUC: 0.6809 | Test RMSE: 0.4625 AUC: 0.6456 | Tau (min/mean/max): 0.067/0.244/0.596
Epoch  500 | Loss: 28.3362 | Train RMSE: 0.4439 AUC: 0.6801 | Test RMSE: 0.4633 AUC: 0.6451 | Tau (min/mean/max): 0.000/0.208/0.618
Epoch  525 | Loss: 28.2838 | Train RMSE: 0.4444 AUC: 0.6794 | Test RMSE: 0.4637 AUC: 0.6451 | Tau (min/mean/max): 0.000/0.173/0.643
Epoch  550 | Loss: 28.2962 | Train RMSE: 0.4447 AUC: 0.6789 | Test RMSE: 0.4640 AUC: 0.6448 | Tau (min/mean/max): 0.000/0.146/0.671
Epoch  575 | Loss: 28.2490 | Train RMSE: 0.4448 AUC: 0.6784 | Test RMSE: 0.4640 AUC: 0.6443 | Tau (min/mean/max): 0.000/0.124/0.696
Epoch  600 | Loss: 28.1349 | Train RMSE: 0.4449 AUC: 0.6779 | Test RMSE: 0.4640 AUC: 0.6438 | Tau (min/mean/max): 0.000/0.109/0.722
Epoch  625 | Loss: 28.1252 | Train RMSE: 0.4448 AUC: 0.6778 | Test RMSE: 0.4640 AUC: 0.6434 | Tau (min/mean/max): 0.000/0.096/0.758
Epoch  650 | Loss: 27.9324 | Train RMSE: 0.4449 AUC: 0.6776 | Test RMSE: 0.4641 AUC: 0.6430 | Tau (min/mean/max): 0.000/0.084/0.798
Epoch  675 | Loss: 27.8776 | Train RMSE: 0.4447 AUC: 0.6777 | Test RMSE: 0.4640 AUC: 0.6428 | Tau (min/mean/max): 0.000/0.076/0.832
Epoch  700 | Loss: 27.7944 | Train RMSE: 0.4441 AUC: 0.6780 | Test RMSE: 0.4636 AUC: 0.6427 | Tau (min/mean/max): 0.000/0.073/0.881
Epoch  725 | Loss: 27.7003 | Train RMSE: 0.4443 AUC: 0.6783 | Test RMSE: 0.4640 AUC: 0.6424 | Tau (min/mean/max): 0.000/0.071/0.929
Epoch  750 | Loss: 27.6582 | Train RMSE: 0.4440 AUC: 0.6787 | Test RMSE: 0.4639 AUC: 0.6425 | Tau (min/mean/max): 0.000/0.069/0.971
Epoch  775 | Loss: 27.6085 | Train RMSE: 0.4436 AUC: 0.6789 | Test RMSE: 0.4636 AUC: 0.6426 | Tau (min/mean/max): 0.000/0.065/1.012
Epoch  800 | Loss: 27.4504 | Train RMSE: 0.4435 AUC: 0.6794 | Test RMSE: 0.4637 AUC: 0.6423 | Tau (min/mean/max): 0.000/0.065/1.053
Epoch  825 | Loss: 27.3740 | Train RMSE: 0.4432 AUC: 0.6798 | Test RMSE: 0.4636 AUC: 0.6423 | Tau (min/mean/max): 0.000/0.067/1.092
Epoch  850 | Loss: 27.2485 | Train RMSE: 0.4430 AUC: 0.6801 | Test RMSE: 0.4635 AUC: 0.6422 | Tau (min/mean/max): 0.000/0.068/1.121
Epoch  875 | Loss: 27.2522 | Train RMSE: 0.4429 AUC: 0.6805 | Test RMSE: 0.4637 AUC: 0.6418 | Tau (min/mean/max): 0.000/0.069/1.151
Epoch  900 | Loss: 27.1454 | Train RMSE: 0.4429 AUC: 0.6808 | Test RMSE: 0.4638 AUC: 0.6420 | Tau (min/mean/max): 0.000/0.070/1.172
Epoch  925 | Loss: 27.0744 | Train RMSE: 0.4427 AUC: 0.6811 | Test RMSE: 0.4639 AUC: 0.6413 | Tau (min/mean/max): 0.000/0.071/1.193
Epoch  950 | Loss: 27.0084 | Train RMSE: 0.4425 AUC: 0.6813 | Test RMSE: 0.4640 AUC: 0.6412 | Tau (min/mean/max): 0.000/0.071/1.212
Epoch  975 | Loss: 26.8859 | Train RMSE: 0.4426 AUC: 0.6815 | Test RMSE: 0.4644 AUC: 0.6409 | Tau (min/mean/max): 0.000/0.072/1.225
Epoch  999 | Loss: 26.7893 | Train RMSE: 0.4427 AUC: 0.6817 | Test RMSE: 0.4646 AUC: 0.6409 | Tau (min/mean/max): 0.000/0.072/1.239
Epoch 1000 | Loss: 26.8245 | Train RMSE: 0.4427 AUC: 0.6818 | Test RMSE: 0.4647 AUC: 0.6408 | Tau (min/mean/max): 0.000/0.072/1.240
  Test RMSE: 0.4750 | Test AUC: 0.6309 | Active Dims: 3

--- Testing LAMBDA_TAU = 0.1 ---
Epoch    0 | Loss: 36.1826 | Train RMSE: 0.4485 AUC: 0.5908 | Test RMSE: 0.4530 AUC: 0.5417 | Tau (min/mean/max): 0.198/0.200/0.202
Epoch   25 | Loss: 32.5820 | Train RMSE: 0.4391 AUC: 0.6379 | Test RMSE: 0.4522 AUC: 0.6112 | Tau (min/mean/max): 0.232/0.247/0.253
Epoch   50 | Loss: 30.9471 | Train RMSE: 0.4382 AUC: 0.6607 | Test RMSE: 0.4540 AUC: 0.6353 | Tau (min/mean/max): 0.294/0.304/0.315
Epoch   75 | Loss: 29.9703 | Train RMSE: 0.4340 AUC: 0.6749 | Test RMSE: 0.4506 AUC: 0.6480 | Tau (min/mean/max): 0.344/0.352/0.370
Epoch  100 | Loss: 29.2414 | Train RMSE: 0.4325 AUC: 0.6801 | Test RMSE: 0.4500 AUC: 0.6529 | Tau (min/mean/max): 0.382/0.394/0.417
Epoch  125 | Loss: 28.7468 | Train RMSE: 0.4320 AUC: 0.6823 | Test RMSE: 0.4501 AUC: 0.6538 | Tau (min/mean/max): 0.412/0.432/0.460
Epoch  150 | Loss: 28.3165 | Train RMSE: 0.4326 AUC: 0.6837 | Test RMSE: 0.4519 AUC: 0.6528 | Tau (min/mean/max): 0.438/0.466/0.501
Epoch  175 | Loss: 28.0453 | Train RMSE: 0.4334 AUC: 0.6852 | Test RMSE: 0.4533 AUC: 0.6534 | Tau (min/mean/max): 0.462/0.496/0.535
Epoch  200 | Loss: 27.8148 | Train RMSE: 0.4341 AUC: 0.6857 | Test RMSE: 0.4542 AUC: 0.6541 | Tau (min/mean/max): 0.482/0.523/0.564
Epoch  225 | Loss: 27.5846 | Train RMSE: 0.4344 AUC: 0.6864 | Test RMSE: 0.4550 AUC: 0.6536 | Tau (min/mean/max): 0.502/0.547/0.587
Epoch  250 | Loss: 27.3711 | Train RMSE: 0.4351 AUC: 0.6868 | Test RMSE: 0.4565 AUC: 0.6525 | Tau (min/mean/max): 0.521/0.568/0.611
Epoch  275 | Loss: 27.2110 | Train RMSE: 0.4359 AUC: 0.6875 | Test RMSE: 0.4575 AUC: 0.6530 | Tau (min/mean/max): 0.537/0.586/0.632
Epoch  300 | Loss: 26.8864 | Train RMSE: 0.4359 AUC: 0.6878 | Test RMSE: 0.4578 AUC: 0.6525 | Tau (min/mean/max): 0.548/0.602/0.668
Epoch  325 | Loss: 26.8999 | Train RMSE: 0.4364 AUC: 0.6882 | Test RMSE: 0.4587 AUC: 0.6522 | Tau (min/mean/max): 0.554/0.616/0.698
Epoch  350 | Loss: 26.7426 | Train RMSE: 0.4372 AUC: 0.6884 | Test RMSE: 0.4600 AUC: 0.6509 | Tau (min/mean/max): 0.564/0.627/0.721
Epoch  375 | Loss: 26.6105 | Train RMSE: 0.4375 AUC: 0.6885 | Test RMSE: 0.4607 AUC: 0.6509 | Tau (min/mean/max): 0.569/0.637/0.739
Epoch  400 | Loss: 26.6286 | Train RMSE: 0.4378 AUC: 0.6888 | Test RMSE: 0.4612 AUC: 0.6510 | Tau (min/mean/max): 0.572/0.645/0.754
Epoch  425 | Loss: 26.4001 | Train RMSE: 0.4385 AUC: 0.6889 | Test RMSE: 0.4621 AUC: 0.6507 | Tau (min/mean/max): 0.573/0.651/0.766
Epoch  450 | Loss: 26.3237 | Train RMSE: 0.4389 AUC: 0.6889 | Test RMSE: 0.4629 AUC: 0.6503 | Tau (min/mean/max): 0.573/0.656/0.779
Epoch  475 | Loss: 26.3353 | Train RMSE: 0.4393 AUC: 0.6891 | Test RMSE: 0.4636 AUC: 0.6501 | Tau (min/mean/max): 0.572/0.659/0.786
Epoch  500 | Loss: 26.2935 | Train RMSE: 0.4399 AUC: 0.6890 | Test RMSE: 0.4642 AUC: 0.6501 | Tau (min/mean/max): 0.568/0.660/0.789
Epoch  525 | Loss: 26.0745 | Train RMSE: 0.4401 AUC: 0.6890 | Test RMSE: 0.4647 AUC: 0.6497 | Tau (min/mean/max): 0.560/0.661/0.789
Epoch  550 | Loss: 26.0084 | Train RMSE: 0.4404 AUC: 0.6891 | Test RMSE: 0.4653 AUC: 0.6494 | Tau (min/mean/max): 0.550/0.660/0.792
Epoch  575 | Loss: 26.1329 | Train RMSE: 0.4407 AUC: 0.6893 | Test RMSE: 0.4658 AUC: 0.6490 | Tau (min/mean/max): 0.543/0.658/0.793
Epoch  600 | Loss: 25.9867 | Train RMSE: 0.4411 AUC: 0.6892 | Test RMSE: 0.4664 AUC: 0.6486 | Tau (min/mean/max): 0.538/0.654/0.789
Epoch  625 | Loss: 26.0055 | Train RMSE: 0.4413 AUC: 0.6892 | Test RMSE: 0.4666 AUC: 0.6487 | Tau (min/mean/max): 0.531/0.650/0.784
Epoch  650 | Loss: 25.9677 | Train RMSE: 0.4412 AUC: 0.6892 | Test RMSE: 0.4666 AUC: 0.6486 | Tau (min/mean/max): 0.521/0.645/0.776
Epoch  675 | Loss: 25.8803 | Train RMSE: 0.4416 AUC: 0.6892 | Test RMSE: 0.4673 AUC: 0.6482 | Tau (min/mean/max): 0.512/0.639/0.768
Epoch  700 | Loss: 25.8493 | Train RMSE: 0.4418 AUC: 0.6893 | Test RMSE: 0.4680 AUC: 0.6473 | Tau (min/mean/max): 0.499/0.631/0.758
Epoch  725 | Loss: 25.8137 | Train RMSE: 0.4419 AUC: 0.6893 | Test RMSE: 0.4679 AUC: 0.6479 | Tau (min/mean/max): 0.485/0.623/0.747
Epoch  750 | Loss: 25.7893 | Train RMSE: 0.4419 AUC: 0.6892 | Test RMSE: 0.4681 AUC: 0.6478 | Tau (min/mean/max): 0.475/0.615/0.735
Epoch  775 | Loss: 25.7963 | Train RMSE: 0.4423 AUC: 0.6891 | Test RMSE: 0.4686 AUC: 0.6475 | Tau (min/mean/max): 0.465/0.606/0.732
Epoch  800 | Loss: 25.6086 | Train RMSE: 0.4424 AUC: 0.6891 | Test RMSE: 0.4690 AUC: 0.6468 | Tau (min/mean/max): 0.453/0.596/0.722
Epoch  825 | Loss: 25.7680 | Train RMSE: 0.4426 AUC: 0.6892 | Test RMSE: 0.4692 AUC: 0.6468 | Tau (min/mean/max): 0.437/0.584/0.711
Epoch  850 | Loss: 25.8009 | Train RMSE: 0.4426 AUC: 0.6889 | Test RMSE: 0.4693 AUC: 0.6464 | Tau (min/mean/max): 0.419/0.572/0.709
Epoch  875 | Loss: 25.7578 | Train RMSE: 0.4428 AUC: 0.6889 | Test RMSE: 0.4697 AUC: 0.6462 | Tau (min/mean/max): 0.402/0.560/0.700
Epoch  900 | Loss: 25.6354 | Train RMSE: 0.4429 AUC: 0.6889 | Test RMSE: 0.4698 AUC: 0.6460 | Tau (min/mean/max): 0.384/0.547/0.692
Epoch  925 | Loss: 25.6086 | Train RMSE: 0.4431 AUC: 0.6888 | Test RMSE: 0.4700 AUC: 0.6460 | Tau (min/mean/max): 0.362/0.533/0.686
Epoch  950 | Loss: 25.6666 | Train RMSE: 0.4431 AUC: 0.6889 | Test RMSE: 0.4701 AUC: 0.6457 | Tau (min/mean/max): 0.337/0.519/0.677
Epoch  975 | Loss: 25.6923 | Train RMSE: 0.4429 AUC: 0.6889 | Test RMSE: 0.4701 AUC: 0.6455 | Tau (min/mean/max): 0.311/0.505/0.670
Epoch  999 | Loss: 25.6936 | Train RMSE: 0.4433 AUC: 0.6887 | Test RMSE: 0.4705 AUC: 0.6454 | Tau (min/mean/max): 0.286/0.491/0.661
Epoch 1000 | Loss: 25.6973 | Train RMSE: 0.4433 AUC: 0.6887 | Test RMSE: 0.4705 AUC: 0.6454 | Tau (min/mean/max): 0.285/0.491/0.661
  Test RMSE: 0.4782 | Test AUC: 0.6425 | Active Dims: 30

--- Testing LAMBDA_TAU = 0.05 ---
Epoch    0 | Loss: 37.0688 | Train RMSE: 0.4551 AUC: 0.4793 | Test RMSE: 0.4544 AUC: 0.5099 | Tau (min/mean/max): 0.198/0.200/0.202
Epoch   25 | Loss: 33.0090 | Train RMSE: 0.4402 AUC: 0.6386 | Test RMSE: 0.4511 AUC: 0.6214 | Tau (min/mean/max): 0.229/0.248/0.253
Epoch   50 | Loss: 31.2414 | Train RMSE: 0.4376 AUC: 0.6658 | Test RMSE: 0.4522 AUC: 0.6440 | Tau (min/mean/max): 0.290/0.305/0.312
Epoch   75 | Loss: 30.3322 | Train RMSE: 0.4344 AUC: 0.6773 | Test RMSE: 0.4503 AUC: 0.6526 | Tau (min/mean/max): 0.345/0.356/0.368
Epoch  100 | Loss: 29.6410 | Train RMSE: 0.4318 AUC: 0.6817 | Test RMSE: 0.4488 AUC: 0.6531 | Tau (min/mean/max): 0.393/0.402/0.419
Epoch  125 | Loss: 28.9813 | Train RMSE: 0.4316 AUC: 0.6840 | Test RMSE: 0.4494 AUC: 0.6536 | Tau (min/mean/max): 0.430/0.444/0.469
Epoch  150 | Loss: 28.6579 | Train RMSE: 0.4319 AUC: 0.6852 | Test RMSE: 0.4503 AUC: 0.6540 | Tau (min/mean/max): 0.465/0.483/0.514
Epoch  175 | Loss: 28.1655 | Train RMSE: 0.4319 AUC: 0.6864 | Test RMSE: 0.4513 AUC: 0.6532 | Tau (min/mean/max): 0.497/0.519/0.556
Epoch  200 | Loss: 27.9514 | Train RMSE: 0.4328 AUC: 0.6869 | Test RMSE: 0.4527 AUC: 0.6533 | Tau (min/mean/max): 0.527/0.551/0.594
Epoch  225 | Loss: 27.5997 | Train RMSE: 0.4332 AUC: 0.6875 | Test RMSE: 0.4540 AUC: 0.6520 | Tau (min/mean/max): 0.555/0.582/0.628
Epoch  250 | Loss: 27.2238 | Train RMSE: 0.4343 AUC: 0.6879 | Test RMSE: 0.4554 AUC: 0.6519 | Tau (min/mean/max): 0.581/0.609/0.665
Epoch  275 | Loss: 27.1175 | Train RMSE: 0.4349 AUC: 0.6883 | Test RMSE: 0.4570 AUC: 0.6507 | Tau (min/mean/max): 0.607/0.636/0.698
Epoch  300 | Loss: 26.9705 | Train RMSE: 0.4356 AUC: 0.6886 | Test RMSE: 0.4581 AUC: 0.6504 | Tau (min/mean/max): 0.631/0.660/0.728
Epoch  325 | Loss: 26.9124 | Train RMSE: 0.4363 AUC: 0.6890 | Test RMSE: 0.4595 AUC: 0.6498 | Tau (min/mean/max): 0.655/0.683/0.755
Epoch  350 | Loss: 26.6408 | Train RMSE: 0.4370 AUC: 0.6893 | Test RMSE: 0.4604 AUC: 0.6499 | Tau (min/mean/max): 0.677/0.705/0.778
Epoch  375 | Loss: 26.4953 | Train RMSE: 0.4379 AUC: 0.6896 | Test RMSE: 0.4616 AUC: 0.6500 | Tau (min/mean/max): 0.695/0.725/0.800
Epoch  400 | Loss: 26.3200 | Train RMSE: 0.4380 AUC: 0.6899 | Test RMSE: 0.4623 AUC: 0.6500 | Tau (min/mean/max): 0.713/0.744/0.819
Epoch  425 | Loss: 26.1893 | Train RMSE: 0.4387 AUC: 0.6901 | Test RMSE: 0.4637 AUC: 0.6492 | Tau (min/mean/max): 0.730/0.762/0.833
Epoch  450 | Loss: 26.2856 | Train RMSE: 0.4395 AUC: 0.6905 | Test RMSE: 0.4645 AUC: 0.6502 | Tau (min/mean/max): 0.747/0.778/0.844
Epoch  475 | Loss: 25.9895 | Train RMSE: 0.4399 AUC: 0.6909 | Test RMSE: 0.4654 AUC: 0.6502 | Tau (min/mean/max): 0.764/0.794/0.853
Epoch  500 | Loss: 26.0534 | Train RMSE: 0.4400 AUC: 0.6909 | Test RMSE: 0.4658 AUC: 0.6490 | Tau (min/mean/max): 0.780/0.809/0.862
Epoch  525 | Loss: 25.9489 | Train RMSE: 0.4403 AUC: 0.6913 | Test RMSE: 0.4669 AUC: 0.6487 | Tau (min/mean/max): 0.794/0.822/0.872
Epoch  550 | Loss: 25.8859 | Train RMSE: 0.4406 AUC: 0.6913 | Test RMSE: 0.4671 AUC: 0.6495 | Tau (min/mean/max): 0.804/0.835/0.882
Epoch  575 | Loss: 25.5345 | Train RMSE: 0.4414 AUC: 0.6916 | Test RMSE: 0.4683 AUC: 0.6495 | Tau (min/mean/max): 0.810/0.847/0.890
Epoch  600 | Loss: 25.6202 | Train RMSE: 0.4415 AUC: 0.6919 | Test RMSE: 0.4687 AUC: 0.6494 | Tau (min/mean/max): 0.813/0.857/0.896
Epoch  625 | Loss: 25.5093 | Train RMSE: 0.4417 AUC: 0.6920 | Test RMSE: 0.4694 AUC: 0.6491 | Tau (min/mean/max): 0.818/0.868/0.903
Epoch  650 | Loss: 25.5304 | Train RMSE: 0.4420 AUC: 0.6921 | Test RMSE: 0.4698 AUC: 0.6494 | Tau (min/mean/max): 0.827/0.877/0.915
Epoch  675 | Loss: 25.5933 | Train RMSE: 0.4425 AUC: 0.6922 | Test RMSE: 0.4706 AUC: 0.6490 | Tau (min/mean/max): 0.835/0.886/0.926
Epoch  700 | Loss: 25.3824 | Train RMSE: 0.4427 AUC: 0.6924 | Test RMSE: 0.4709 AUC: 0.6492 | Tau (min/mean/max): 0.838/0.893/0.936
Epoch  725 | Loss: 25.3843 | Train RMSE: 0.4431 AUC: 0.6924 | Test RMSE: 0.4716 AUC: 0.6491 | Tau (min/mean/max): 0.842/0.900/0.947
Epoch  750 | Loss: 25.4298 | Train RMSE: 0.4433 AUC: 0.6927 | Test RMSE: 0.4721 AUC: 0.6491 | Tau (min/mean/max): 0.847/0.906/0.958
Epoch  775 | Loss: 25.2486 | Train RMSE: 0.4436 AUC: 0.6929 | Test RMSE: 0.4728 AUC: 0.6490 | Tau (min/mean/max): 0.849/0.912/0.969
Epoch  800 | Loss: 25.2779 | Train RMSE: 0.4435 AUC: 0.6931 | Test RMSE: 0.4728 AUC: 0.6492 | Tau (min/mean/max): 0.854/0.917/0.978
Epoch  825 | Loss: 25.1605 | Train RMSE: 0.4438 AUC: 0.6930 | Test RMSE: 0.4733 AUC: 0.6491 | Tau (min/mean/max): 0.860/0.922/0.988
Epoch  850 | Loss: 25.2229 | Train RMSE: 0.4442 AUC: 0.6932 | Test RMSE: 0.4740 AUC: 0.6487 | Tau (min/mean/max): 0.862/0.925/0.994
Epoch  875 | Loss: 25.1893 | Train RMSE: 0.4439 AUC: 0.6933 | Test RMSE: 0.4740 AUC: 0.6488 | Tau (min/mean/max): 0.866/0.929/1.001
Epoch  900 | Loss: 25.0446 | Train RMSE: 0.4443 AUC: 0.6935 | Test RMSE: 0.4744 AUC: 0.6493 | Tau (min/mean/max): 0.866/0.932/1.007
Epoch  925 | Loss: 25.0461 | Train RMSE: 0.4442 AUC: 0.6935 | Test RMSE: 0.4750 AUC: 0.6483 | Tau (min/mean/max): 0.868/0.934/1.010
Epoch  950 | Loss: 24.9868 | Train RMSE: 0.4448 AUC: 0.6935 | Test RMSE: 0.4755 AUC: 0.6484 | Tau (min/mean/max): 0.868/0.936/1.012
Epoch  975 | Loss: 24.8814 | Train RMSE: 0.4452 AUC: 0.6935 | Test RMSE: 0.4763 AUC: 0.6484 | Tau (min/mean/max): 0.867/0.937/1.011
Epoch  999 | Loss: 24.8415 | Train RMSE: 0.4453 AUC: 0.6937 | Test RMSE: 0.4767 AUC: 0.6483 | Tau (min/mean/max): 0.867/0.938/1.013
Epoch 1000 | Loss: 24.8870 | Train RMSE: 0.4453 AUC: 0.6937 | Test RMSE: 0.4767 AUC: 0.6484 | Tau (min/mean/max): 0.867/0.938/1.013
  Test RMSE: 0.4828 | Test AUC: 0.6475 | Active Dims: 30

--- Testing LAMBDA_TAU = 0.01 ---
Epoch    0 | Loss: 36.7206 | Train RMSE: 0.4526 AUC: 0.5018 | Test RMSE: 0.4538 AUC: 0.5147 | Tau (min/mean/max): 0.198/0.200/0.202
Epoch   25 | Loss: 32.7910 | Train RMSE: 0.4402 AUC: 0.6418 | Test RMSE: 0.4509 AUC: 0.6201 | Tau (min/mean/max): 0.233/0.249/0.253
Epoch   50 | Loss: 31.1719 | Train RMSE: 0.4387 AUC: 0.6651 | Test RMSE: 0.4523 AUC: 0.6445 | Tau (min/mean/max): 0.295/0.307/0.313
Epoch   75 | Loss: 30.2554 | Train RMSE: 0.4343 AUC: 0.6764 | Test RMSE: 0.4490 AUC: 0.6542 | Tau (min/mean/max): 0.354/0.361/0.372
Epoch  100 | Loss: 29.4360 | Train RMSE: 0.4320 AUC: 0.6818 | Test RMSE: 0.4478 AUC: 0.6561 | Tau (min/mean/max): 0.402/0.410/0.429
Epoch  125 | Loss: 28.7629 | Train RMSE: 0.4316 AUC: 0.6841 | Test RMSE: 0.4480 AUC: 0.6580 | Tau (min/mean/max): 0.444/0.456/0.481
Epoch  150 | Loss: 28.4396 | Train RMSE: 0.4321 AUC: 0.6855 | Test RMSE: 0.4498 AUC: 0.6563 | Tau (min/mean/max): 0.482/0.498/0.528
Epoch  175 | Loss: 28.0577 | Train RMSE: 0.4329 AUC: 0.6864 | Test RMSE: 0.4515 AUC: 0.6553 | Tau (min/mean/max): 0.517/0.537/0.571
Epoch  200 | Loss: 27.5806 | Train RMSE: 0.4334 AUC: 0.6867 | Test RMSE: 0.4527 AUC: 0.6549 | Tau (min/mean/max): 0.552/0.573/0.611
Epoch  225 | Loss: 27.4308 | Train RMSE: 0.4343 AUC: 0.6877 | Test RMSE: 0.4545 AUC: 0.6536 | Tau (min/mean/max): 0.585/0.608/0.650
Epoch  250 | Loss: 27.2896 | Train RMSE: 0.4348 AUC: 0.6881 | Test RMSE: 0.4556 AUC: 0.6535 | Tau (min/mean/max): 0.618/0.640/0.683
Epoch  275 | Loss: 26.8284 | Train RMSE: 0.4358 AUC: 0.6884 | Test RMSE: 0.4570 AUC: 0.6531 | Tau (min/mean/max): 0.649/0.671/0.717
Epoch  300 | Loss: 26.8181 | Train RMSE: 0.4361 AUC: 0.6891 | Test RMSE: 0.4584 AUC: 0.6522 | Tau (min/mean/max): 0.678/0.700/0.749
Epoch  325 | Loss: 26.5665 | Train RMSE: 0.4373 AUC: 0.6893 | Test RMSE: 0.4597 AUC: 0.6527 | Tau (min/mean/max): 0.706/0.728/0.779
Epoch  350 | Loss: 26.4149 | Train RMSE: 0.4379 AUC: 0.6897 | Test RMSE: 0.4614 AUC: 0.6512 | Tau (min/mean/max): 0.733/0.755/0.804
Epoch  375 | Loss: 26.3297 | Train RMSE: 0.4383 AUC: 0.6900 | Test RMSE: 0.4619 AUC: 0.6516 | Tau (min/mean/max): 0.757/0.780/0.829
Epoch  400 | Loss: 26.2385 | Train RMSE: 0.4390 AUC: 0.6904 | Test RMSE: 0.4633 AUC: 0.6511 | Tau (min/mean/max): 0.781/0.805/0.854
Epoch  425 | Loss: 25.9862 | Train RMSE: 0.4398 AUC: 0.6905 | Test RMSE: 0.4645 AUC: 0.6513 | Tau (min/mean/max): 0.803/0.828/0.877
Epoch  450 | Loss: 25.8019 | Train RMSE: 0.4403 AUC: 0.6911 | Test RMSE: 0.4655 AUC: 0.6508 | Tau (min/mean/max): 0.825/0.851/0.899
Epoch  475 | Loss: 25.9160 | Train RMSE: 0.4403 AUC: 0.6911 | Test RMSE: 0.4660 AUC: 0.6507 | Tau (min/mean/max): 0.845/0.872/0.921
Epoch  500 | Loss: 25.8152 | Train RMSE: 0.4411 AUC: 0.6912 | Test RMSE: 0.4672 AUC: 0.6507 | Tau (min/mean/max): 0.863/0.893/0.939
Epoch  525 | Loss: 25.5642 | Train RMSE: 0.4416 AUC: 0.6917 | Test RMSE: 0.4677 AUC: 0.6515 | Tau (min/mean/max): 0.879/0.913/0.958
Epoch  550 | Loss: 25.5689 | Train RMSE: 0.4424 AUC: 0.6920 | Test RMSE: 0.4689 AUC: 0.6512 | Tau (min/mean/max): 0.896/0.933/0.975
Epoch  575 | Loss: 25.5247 | Train RMSE: 0.4425 AUC: 0.6924 | Test RMSE: 0.4697 AUC: 0.6508 | Tau (min/mean/max): 0.912/0.952/0.991
Epoch  600 | Loss: 25.3878 | Train RMSE: 0.4430 AUC: 0.6927 | Test RMSE: 0.4702 AUC: 0.6515 | Tau (min/mean/max): 0.928/0.970/1.006
Epoch  625 | Loss: 25.3200 | Train RMSE: 0.4430 AUC: 0.6930 | Test RMSE: 0.4708 AUC: 0.6512 | Tau (min/mean/max): 0.943/0.988/1.022
Epoch  650 | Loss: 25.2085 | Train RMSE: 0.4435 AUC: 0.6932 | Test RMSE: 0.4721 AUC: 0.6507 | Tau (min/mean/max): 0.958/1.005/1.038
Epoch  675 | Loss: 25.2259 | Train RMSE: 0.4439 AUC: 0.6933 | Test RMSE: 0.4727 AUC: 0.6511 | Tau (min/mean/max): 0.974/1.022/1.052
Epoch  700 | Loss: 25.0995 | Train RMSE: 0.4445 AUC: 0.6935 | Test RMSE: 0.4735 AUC: 0.6513 | Tau (min/mean/max): 0.989/1.038/1.065
Epoch  725 | Loss: 24.9876 | Train RMSE: 0.4443 AUC: 0.6937 | Test RMSE: 0.4733 AUC: 0.6518 | Tau (min/mean/max): 1.005/1.054/1.082
Epoch  750 | Loss: 24.9864 | Train RMSE: 0.4445 AUC: 0.6943 | Test RMSE: 0.4743 AUC: 0.6509 | Tau (min/mean/max): 1.021/1.068/1.098
Epoch  775 | Loss: 24.8503 | Train RMSE: 0.4450 AUC: 0.6942 | Test RMSE: 0.4752 AUC: 0.6510 | Tau (min/mean/max): 1.037/1.083/1.112
Epoch  800 | Loss: 24.8386 | Train RMSE: 0.4452 AUC: 0.6945 | Test RMSE: 0.4755 AUC: 0.6510 | Tau (min/mean/max): 1.053/1.097/1.127
Epoch  825 | Loss: 24.9204 | Train RMSE: 0.4452 AUC: 0.6946 | Test RMSE: 0.4756 AUC: 0.6518 | Tau (min/mean/max): 1.069/1.111/1.145
Epoch  850 | Loss: 24.9884 | Train RMSE: 0.4456 AUC: 0.6946 | Test RMSE: 0.4767 AUC: 0.6505 | Tau (min/mean/max): 1.085/1.125/1.160
Epoch  875 | Loss: 24.7516 | Train RMSE: 0.4460 AUC: 0.6949 | Test RMSE: 0.4773 AUC: 0.6503 | Tau (min/mean/max): 1.096/1.138/1.173
Epoch  900 | Loss: 24.7216 | Train RMSE: 0.4464 AUC: 0.6949 | Test RMSE: 0.4781 AUC: 0.6506 | Tau (min/mean/max): 1.105/1.150/1.186
Epoch  925 | Loss: 24.4334 | Train RMSE: 0.4463 AUC: 0.6952 | Test RMSE: 0.4781 AUC: 0.6508 | Tau (min/mean/max): 1.115/1.163/1.198
Epoch  950 | Loss: 24.7499 | Train RMSE: 0.4470 AUC: 0.6954 | Test RMSE: 0.4790 AUC: 0.6510 | Tau (min/mean/max): 1.122/1.175/1.211
Epoch  975 | Loss: 24.4085 | Train RMSE: 0.4467 AUC: 0.6954 | Test RMSE: 0.4792 AUC: 0.6505 | Tau (min/mean/max): 1.131/1.187/1.222
Epoch  999 | Loss: 24.5162 | Train RMSE: 0.4468 AUC: 0.6956 | Test RMSE: 0.4794 AUC: 0.6511 | Tau (min/mean/max): 1.139/1.198/1.233
Epoch 1000 | Loss: 24.4544 | Train RMSE: 0.4468 AUC: 0.6956 | Test RMSE: 0.4795 AUC: 0.6509 | Tau (min/mean/max): 1.140/1.199/1.234
  Test RMSE: 0.4849 | Test AUC: 0.6502 | Active Dims: 30

==================================================
Tuning Scenario: Pre-22
==================================================

--- Testing LAMBDA_TAU = 1.3 ---
Epoch    0 | Loss: 38.2460 | Train RMSE: 0.4639 AUC: 0.4663 | Test RMSE: 0.4610 AUC: 0.4860 | Tau (min/mean/max): 0.198/0.200/0.202
Epoch   25 | Loss: 34.7303 | Train RMSE: 0.4431 AUC: 0.6285 | Test RMSE: 0.4477 AUC: 0.6081 | Tau (min/mean/max): 0.240/0.249/0.253
Epoch   50 | Loss: 33.6373 | Train RMSE: 0.4387 AUC: 0.6519 | Test RMSE: 0.4455 AUC: 0.6275 | Tau (min/mean/max): 0.223/0.239/0.253
Epoch   75 | Loss: 33.8510 | Train RMSE: 0.4397 AUC: 0.6546 | Test RMSE: 0.4460 AUC: 0.6310 | Tau (min/mean/max): 0.139/0.158/0.173
Epoch  100 | Loss: 34.2679 | Train RMSE: 0.4431 AUC: 0.6447 | Test RMSE: 0.4486 AUC: 0.6255 | Tau (min/mean/max): 0.058/0.078/0.092
Epoch  125 | Loss: 34.3942 | Train RMSE: 0.4464 AUC: 0.6322 | Test RMSE: 0.4518 AUC: 0.6180 | Tau (min/mean/max): 0.000/0.007/0.020
Epoch  150 | Loss: 34.0189 | Train RMSE: 0.4477 AUC: 0.6369 | Test RMSE: 0.4540 AUC: 0.6218 | Tau (min/mean/max): 0.000/0.000/0.000
Epoch  175 | Loss: 33.6689 | Train RMSE: 0.4484 AUC: 0.6418 | Test RMSE: 0.4553 AUC: 0.6248 | Tau (min/mean/max): 0.000/0.000/0.000
Epoch  200 | Loss: 33.3645 | Train RMSE: 0.4490 AUC: 0.6455 | Test RMSE: 0.4564 AUC: 0.6261 | Tau (min/mean/max): 0.000/0.000/0.000
Epoch  225 | Loss: 33.0929 | Train RMSE: 0.4494 AUC: 0.6480 | Test RMSE: 0.4572 AUC: 0.6265 | Tau (min/mean/max): 0.000/0.000/0.000
Epoch  250 | Loss: 32.8468 | Train RMSE: 0.4496 AUC: 0.6498 | Test RMSE: 0.4578 AUC: 0.6267 | Tau (min/mean/max): 0.000/0.000/0.000
Epoch  275 | Loss: 32.6212 | Train RMSE: 0.4497 AUC: 0.6510 | Test RMSE: 0.4582 AUC: 0.6262 | Tau (min/mean/max): 0.000/0.000/0.000
Epoch  300 | Loss: 32.4125 | Train RMSE: 0.4497 AUC: 0.6519 | Test RMSE: 0.4584 AUC: 0.6255 | Tau (min/mean/max): 0.000/0.000/0.000
Epoch  325 | Loss: 32.2181 | Train RMSE: 0.4496 AUC: 0.6525 | Test RMSE: 0.4585 AUC: 0.6247 | Tau (min/mean/max): 0.000/0.000/0.000
Epoch  350 | Loss: 32.0358 | Train RMSE: 0.4494 AUC: 0.6530 | Test RMSE: 0.4585 AUC: 0.6239 | Tau (min/mean/max): 0.000/0.000/0.000
Epoch  375 | Loss: 31.8642 | Train RMSE: 0.4491 AUC: 0.6534 | Test RMSE: 0.4585 AUC: 0.6233 | Tau (min/mean/max): 0.000/0.000/0.000
Epoch  400 | Loss: 31.7020 | Train RMSE: 0.4488 AUC: 0.6537 | Test RMSE: 0.4584 AUC: 0.6225 | Tau (min/mean/max): 0.000/0.000/0.000
Epoch  425 | Loss: 31.5485 | Train RMSE: 0.4485 AUC: 0.6539 | Test RMSE: 0.4583 AUC: 0.6217 | Tau (min/mean/max): 0.000/0.000/0.000
Epoch  450 | Loss: 31.4028 | Train RMSE: 0.4482 AUC: 0.6541 | Test RMSE: 0.4583 AUC: 0.6209 | Tau (min/mean/max): 0.000/0.000/0.000
Epoch  475 | Loss: 31.2643 | Train RMSE: 0.4480 AUC: 0.6543 | Test RMSE: 0.4582 AUC: 0.6199 | Tau (min/mean/max): 0.000/0.000/0.000
Epoch  500 | Loss: 31.1325 | Train RMSE: 0.4478 AUC: 0.6544 | Test RMSE: 0.4582 AUC: 0.6190 | Tau (min/mean/max): 0.000/0.000/0.000
Epoch  525 | Loss: 31.0069 | Train RMSE: 0.4476 AUC: 0.6546 | Test RMSE: 0.4583 AUC: 0.6182 | Tau (min/mean/max): 0.000/0.000/0.000
Epoch  550 | Loss: 30.8871 | Train RMSE: 0.4474 AUC: 0.6548 | Test RMSE: 0.4584 AUC: 0.6180 | Tau (min/mean/max): 0.000/0.000/0.000
Epoch  575 | Loss: 30.7727 | Train RMSE: 0.4473 AUC: 0.6550 | Test RMSE: 0.4585 AUC: 0.6177 | Tau (min/mean/max): 0.000/0.000/0.000
Epoch  600 | Loss: 30.6633 | Train RMSE: 0.4473 AUC: 0.6552 | Test RMSE: 0.4587 AUC: 0.6175 | Tau (min/mean/max): 0.000/0.000/0.000
Epoch  625 | Loss: 30.5587 | Train RMSE: 0.4472 AUC: 0.6554 | Test RMSE: 0.4589 AUC: 0.6173 | Tau (min/mean/max): 0.000/0.000/0.000
Epoch  650 | Loss: 30.4584 | Train RMSE: 0.4472 AUC: 0.6556 | Test RMSE: 0.4592 AUC: 0.6169 | Tau (min/mean/max): 0.000/0.000/0.000
Epoch  675 | Loss: 30.3623 | Train RMSE: 0.4473 AUC: 0.6558 | Test RMSE: 0.4594 AUC: 0.6165 | Tau (min/mean/max): 0.000/0.000/0.000
Epoch  700 | Loss: 30.2701 | Train RMSE: 0.4473 AUC: 0.6560 | Test RMSE: 0.4598 AUC: 0.6161 | Tau (min/mean/max): 0.000/0.000/0.000
Epoch  725 | Loss: 30.1816 | Train RMSE: 0.4474 AUC: 0.6562 | Test RMSE: 0.4601 AUC: 0.6157 | Tau (min/mean/max): 0.000/0.000/0.000
Epoch  750 | Loss: 30.0965 | Train RMSE: 0.4475 AUC: 0.6564 | Test RMSE: 0.4604 AUC: 0.6153 | Tau (min/mean/max): 0.000/0.000/0.000
Epoch  775 | Loss: 30.0146 | Train RMSE: 0.4476 AUC: 0.6567 | Test RMSE: 0.4608 AUC: 0.6150 | Tau (min/mean/max): 0.000/0.000/0.000
Epoch  800 | Loss: 29.9358 | Train RMSE: 0.4477 AUC: 0.6569 | Test RMSE: 0.4612 AUC: 0.6148 | Tau (min/mean/max): 0.000/0.000/0.000
Epoch  825 | Loss: 29.8599 | Train RMSE: 0.4479 AUC: 0.6571 | Test RMSE: 0.4616 AUC: 0.6149 | Tau (min/mean/max): 0.000/0.000/0.000
Epoch  850 | Loss: 29.7867 | Train RMSE: 0.4480 AUC: 0.6573 | Test RMSE: 0.4620 AUC: 0.6148 | Tau (min/mean/max): 0.000/0.000/0.000
Epoch  875 | Loss: 29.7162 | Train RMSE: 0.4482 AUC: 0.6575 | Test RMSE: 0.4625 AUC: 0.6145 | Tau (min/mean/max): 0.000/0.000/0.000
Epoch  900 | Loss: 29.6480 | Train RMSE: 0.4484 AUC: 0.6578 | Test RMSE: 0.4629 AUC: 0.6142 | Tau (min/mean/max): 0.000/0.000/0.000
Epoch  925 | Loss: 29.5823 | Train RMSE: 0.4486 AUC: 0.6580 | Test RMSE: 0.4634 AUC: 0.6140 | Tau (min/mean/max): 0.000/0.000/0.000
Epoch  950 | Loss: 29.5187 | Train RMSE: 0.4488 AUC: 0.6582 | Test RMSE: 0.4638 AUC: 0.6139 | Tau (min/mean/max): 0.000/0.000/0.000
Epoch  975 | Loss: 29.4572 | Train RMSE: 0.4490 AUC: 0.6583 | Test RMSE: 0.4643 AUC: 0.6137 | Tau (min/mean/max): 0.000/0.000/0.000
Epoch  999 | Loss: 29.4001 | Train RMSE: 0.4492 AUC: 0.6585 | Test RMSE: 0.4647 AUC: 0.6135 | Tau (min/mean/max): 0.000/0.000/0.000
Epoch 1000 | Loss: 29.3978 | Train RMSE: 0.4492 AUC: 0.6585 | Test RMSE: 0.4648 AUC: 0.6135 | Tau (min/mean/max): 0.000/0.000/0.000
  Test RMSE: 0.4648 | Test AUC: 0.6135 | Active Dims: 0

--- Testing LAMBDA_TAU = 1.0 ---
Epoch    0 | Loss: 37.8048 | Train RMSE: 0.4600 AUC: 0.5638 | Test RMSE: 0.4609 AUC: 0.4833 | Tau (min/mean/max): 0.198/0.200/0.202
Epoch   25 | Loss: 34.4117 | Train RMSE: 0.4398 AUC: 0.6421 | Test RMSE: 0.4477 AUC: 0.6049 | Tau (min/mean/max): 0.243/0.249/0.252
Epoch   50 | Loss: 33.0808 | Train RMSE: 0.4365 AUC: 0.6571 | Test RMSE: 0.4466 AUC: 0.6202 | Tau (min/mean/max): 0.236/0.256/0.266
Epoch   75 | Loss: 33.3217 | Train RMSE: 0.4371 AUC: 0.6594 | Test RMSE: 0.4468 AUC: 0.6219 | Tau (min/mean/max): 0.153/0.179/0.193
Epoch  100 | Loss: 33.7508 | Train RMSE: 0.4400 AUC: 0.6544 | Test RMSE: 0.4490 AUC: 0.6188 | Tau (min/mean/max): 0.072/0.098/0.113
Epoch  125 | Loss: 33.9329 | Train RMSE: 0.4433 AUC: 0.6452 | Test RMSE: 0.4522 AUC: 0.6129 | Tau (min/mean/max): 0.000/0.025/0.040
Epoch  150 | Loss: 33.6809 | Train RMSE: 0.4451 AUC: 0.6446 | Test RMSE: 0.4545 AUC: 0.6133 | Tau (min/mean/max): 0.000/0.000/0.000
Epoch  175 | Loss: 33.3384 | Train RMSE: 0.4461 AUC: 0.6471 | Test RMSE: 0.4559 AUC: 0.6162 | Tau (min/mean/max): 0.000/0.000/0.000
Epoch  200 | Loss: 33.0441 | Train RMSE: 0.4468 AUC: 0.6491 | Test RMSE: 0.4570 AUC: 0.6180 | Tau (min/mean/max): 0.000/0.000/0.000
Epoch  225 | Loss: 32.7828 | Train RMSE: 0.4474 AUC: 0.6506 | Test RMSE: 0.4579 AUC: 0.6193 | Tau (min/mean/max): 0.000/0.000/0.000
Epoch  250 | Loss: 32.5466 | Train RMSE: 0.4478 AUC: 0.6516 | Test RMSE: 0.4585 AUC: 0.6202 | Tau (min/mean/max): 0.000/0.000/0.000
Epoch  275 | Loss: 32.3304 | Train RMSE: 0.4480 AUC: 0.6523 | Test RMSE: 0.4588 AUC: 0.6208 | Tau (min/mean/max): 0.000/0.000/0.000
Epoch  300 | Loss: 32.1308 | Train RMSE: 0.4481 AUC: 0.6528 | Test RMSE: 0.4591 AUC: 0.6209 | Tau (min/mean/max): 0.000/0.000/0.000
Epoch  325 | Loss: 31.9450 | Train RMSE: 0.4481 AUC: 0.6532 | Test RMSE: 0.4592 AUC: 0.6210 | Tau (min/mean/max): 0.000/0.000/0.000
Epoch  350 | Loss: 31.7711 | Train RMSE: 0.4480 AUC: 0.6535 | Test RMSE: 0.4592 AUC: 0.6206 | Tau (min/mean/max): 0.000/0.000/0.000
Epoch  375 | Loss: 31.6077 | Train RMSE: 0.4479 AUC: 0.6538 | Test RMSE: 0.4592 AUC: 0.6203 | Tau (min/mean/max): 0.000/0.000/0.000
Epoch  400 | Loss: 31.4537 | Train RMSE: 0.4478 AUC: 0.6541 | Test RMSE: 0.4592 AUC: 0.6200 | Tau (min/mean/max): 0.000/0.000/0.000
Epoch  425 | Loss: 31.3080 | Train RMSE: 0.4476 AUC: 0.6542 | Test RMSE: 0.4592 AUC: 0.6197 | Tau (min/mean/max): 0.000/0.000/0.000
Epoch  450 | Loss: 31.1701 | Train RMSE: 0.4475 AUC: 0.6544 | Test RMSE: 0.4592 AUC: 0.6193 | Tau (min/mean/max): 0.000/0.000/0.000
Epoch  475 | Loss: 31.0391 | Train RMSE: 0.4474 AUC: 0.6546 | Test RMSE: 0.4592 AUC: 0.6189 | Tau (min/mean/max): 0.000/0.000/0.000
Epoch  500 | Loss: 30.9146 | Train RMSE: 0.4473 AUC: 0.6547 | Test RMSE: 0.4593 AUC: 0.6183 | Tau (min/mean/max): 0.000/0.000/0.000
Epoch  525 | Loss: 30.7961 | Train RMSE: 0.4473 AUC: 0.6549 | Test RMSE: 0.4594 AUC: 0.6181 | Tau (min/mean/max): 0.000/0.000/0.000
Epoch  550 | Loss: 30.6832 | Train RMSE: 0.4472 AUC: 0.6551 | Test RMSE: 0.4595 AUC: 0.6176 | Tau (min/mean/max): 0.000/0.000/0.000
Epoch  575 | Loss: 30.5754 | Train RMSE: 0.4472 AUC: 0.6553 | Test RMSE: 0.4597 AUC: 0.6171 | Tau (min/mean/max): 0.000/0.000/0.000
Epoch  600 | Loss: 30.4724 | Train RMSE: 0.4473 AUC: 0.6555 | Test RMSE: 0.4599 AUC: 0.6167 | Tau (min/mean/max): 0.000/0.000/0.000
Epoch  625 | Loss: 30.3739 | Train RMSE: 0.4473 AUC: 0.6557 | Test RMSE: 0.4602 AUC: 0.6162 | Tau (min/mean/max): 0.000/0.000/0.000
Epoch  650 | Loss: 30.2795 | Train RMSE: 0.4474 AUC: 0.6558 | Test RMSE: 0.4605 AUC: 0.6159 | Tau (min/mean/max): 0.000/0.000/0.000
Epoch  675 | Loss: 30.1891 | Train RMSE: 0.4475 AUC: 0.6561 | Test RMSE: 0.4608 AUC: 0.6155 | Tau (min/mean/max): 0.000/0.000/0.000
Epoch  700 | Loss: 30.1023 | Train RMSE: 0.4476 AUC: 0.6563 | Test RMSE: 0.4611 AUC: 0.6152 | Tau (min/mean/max): 0.000/0.000/0.000
Epoch  725 | Loss: 30.0190 | Train RMSE: 0.4478 AUC: 0.6565 | Test RMSE: 0.4615 AUC: 0.6149 | Tau (min/mean/max): 0.000/0.000/0.000
Epoch  750 | Loss: 29.9389 | Train RMSE: 0.4479 AUC: 0.6567 | Test RMSE: 0.4619 AUC: 0.6146 | Tau (min/mean/max): 0.000/0.000/0.000
Epoch  775 | Loss: 29.8618 | Train RMSE: 0.4481 AUC: 0.6569 | Test RMSE: 0.4623 AUC: 0.6144 | Tau (min/mean/max): 0.000/0.000/0.000
Epoch  800 | Loss: 29.7876 | Train RMSE: 0.4483 AUC: 0.6571 | Test RMSE: 0.4627 AUC: 0.6141 | Tau (min/mean/max): 0.000/0.000/0.000
Epoch  825 | Loss: 29.7161 | Train RMSE: 0.4485 AUC: 0.6573 | Test RMSE: 0.4631 AUC: 0.6138 | Tau (min/mean/max): 0.000/0.000/0.000
Epoch  850 | Loss: 29.6472 | Train RMSE: 0.4487 AUC: 0.6575 | Test RMSE: 0.4635 AUC: 0.6134 | Tau (min/mean/max): 0.000/0.000/0.000
Epoch  875 | Loss: 29.5806 | Train RMSE: 0.4489 AUC: 0.6577 | Test RMSE: 0.4640 AUC: 0.6134 | Tau (min/mean/max): 0.000/0.000/0.000
Epoch  900 | Loss: 29.5164 | Train RMSE: 0.4491 AUC: 0.6579 | Test RMSE: 0.4644 AUC: 0.6135 | Tau (min/mean/max): 0.000/0.000/0.000
Epoch  925 | Loss: 29.4544 | Train RMSE: 0.4493 AUC: 0.6581 | Test RMSE: 0.4649 AUC: 0.6135 | Tau (min/mean/max): 0.000/0.000/0.000
Epoch  950 | Loss: 29.3944 | Train RMSE: 0.4495 AUC: 0.6583 | Test RMSE: 0.4653 AUC: 0.6135 | Tau (min/mean/max): 0.000/0.000/0.000
Epoch  975 | Loss: 29.3364 | Train RMSE: 0.4498 AUC: 0.6584 | Test RMSE: 0.4658 AUC: 0.6132 | Tau (min/mean/max): 0.000/0.000/0.000
Epoch  999 | Loss: 29.2825 | Train RMSE: 0.4500 AUC: 0.6586 | Test RMSE: 0.4663 AUC: 0.6131 | Tau (min/mean/max): 0.000/0.000/0.000
Epoch 1000 | Loss: 29.2803 | Train RMSE: 0.4500 AUC: 0.6586 | Test RMSE: 0.4663 AUC: 0.6131 | Tau (min/mean/max): 0.000/0.000/0.000
  Test RMSE: 0.4663 | Test AUC: 0.6131 | Active Dims: 0

--- Testing LAMBDA_TAU = 0.8 ---
Epoch    0 | Loss: 37.4089 | Train RMSE: 0.4561 AUC: 0.5286 | Test RMSE: 0.4534 AUC: 0.5825 | Tau (min/mean/max): 0.198/0.200/0.202
Epoch   25 | Loss: 34.2632 | Train RMSE: 0.4410 AUC: 0.6381 | Test RMSE: 0.4453 AUC: 0.6318 | Tau (min/mean/max): 0.241/0.248/0.253
Epoch   50 | Loss: 32.8540 | Train RMSE: 0.4377 AUC: 0.6569 | Test RMSE: 0.4446 AUC: 0.6397 | Tau (min/mean/max): 0.248/0.267/0.281
Epoch   75 | Loss: 32.9759 | Train RMSE: 0.4381 AUC: 0.6606 | Test RMSE: 0.4448 AUC: 0.6430 | Tau (min/mean/max): 0.168/0.197/0.219
Epoch  100 | Loss: 33.4751 | Train RMSE: 0.4415 AUC: 0.6548 | Test RMSE: 0.4476 AUC: 0.6417 | Tau (min/mean/max): 0.087/0.117/0.141
Epoch  125 | Loss: 33.7096 | Train RMSE: 0.4457 AUC: 0.6442 | Test RMSE: 0.4515 AUC: 0.6369 | Tau (min/mean/max): 0.015/0.044/0.068
Epoch  150 | Loss: 33.6071 | Train RMSE: 0.4481 AUC: 0.6412 | Test RMSE: 0.4544 AUC: 0.6337 | Tau (min/mean/max): 0.000/0.000/0.000
Epoch  175 | Loss: 33.2859 | Train RMSE: 0.4491 AUC: 0.6451 | Test RMSE: 0.4560 AUC: 0.6336 | Tau (min/mean/max): 0.000/0.000/0.000
Epoch  200 | Loss: 33.0075 | Train RMSE: 0.4496 AUC: 0.6479 | Test RMSE: 0.4570 AUC: 0.6333 | Tau (min/mean/max): 0.000/0.000/0.000
Epoch  225 | Loss: 32.7582 | Train RMSE: 0.4499 AUC: 0.6499 | Test RMSE: 0.4577 AUC: 0.6326 | Tau (min/mean/max): 0.000/0.000/0.000
Epoch  250 | Loss: 32.5308 | Train RMSE: 0.4499 AUC: 0.6513 | Test RMSE: 0.4581 AUC: 0.6314 | Tau (min/mean/max): 0.000/0.000/0.000
Epoch  275 | Loss: 32.3211 | Train RMSE: 0.4499 AUC: 0.6523 | Test RMSE: 0.4584 AUC: 0.6305 | Tau (min/mean/max): 0.000/0.000/0.000
Epoch  300 | Loss: 32.1262 | Train RMSE: 0.4497 AUC: 0.6530 | Test RMSE: 0.4585 AUC: 0.6293 | Tau (min/mean/max): 0.000/0.000/0.000
Epoch  325 | Loss: 31.9440 | Train RMSE: 0.4494 AUC: 0.6535 | Test RMSE: 0.4585 AUC: 0.6279 | Tau (min/mean/max): 0.000/0.000/0.000
Epoch  350 | Loss: 31.7728 | Train RMSE: 0.4492 AUC: 0.6539 | Test RMSE: 0.4584 AUC: 0.6268 | Tau (min/mean/max): 0.000/0.000/0.000
Epoch  375 | Loss: 31.6115 | Train RMSE: 0.4489 AUC: 0.6541 | Test RMSE: 0.4584 AUC: 0.6255 | Tau (min/mean/max): 0.000/0.000/0.000
Epoch  400 | Loss: 31.4592 | Train RMSE: 0.4486 AUC: 0.6543 | Test RMSE: 0.4583 AUC: 0.6244 | Tau (min/mean/max): 0.000/0.000/0.000
Epoch  425 | Loss: 31.3150 | Train RMSE: 0.4483 AUC: 0.6544 | Test RMSE: 0.4583 AUC: 0.6234 | Tau (min/mean/max): 0.000/0.000/0.000
Epoch  450 | Loss: 31.1782 | Train RMSE: 0.4481 AUC: 0.6545 | Test RMSE: 0.4583 AUC: 0.6228 | Tau (min/mean/max): 0.000/0.000/0.000
Epoch  475 | Loss: 31.0483 | Train RMSE: 0.4479 AUC: 0.6546 | Test RMSE: 0.4583 AUC: 0.6221 | Tau (min/mean/max): 0.000/0.000/0.000
Epoch  500 | Loss: 30.9248 | Train RMSE: 0.4478 AUC: 0.6547 | Test RMSE: 0.4584 AUC: 0.6213 | Tau (min/mean/max): 0.000/0.000/0.000
Epoch  525 | Loss: 30.8071 | Train RMSE: 0.4477 AUC: 0.6548 | Test RMSE: 0.4585 AUC: 0.6205 | Tau (min/mean/max): 0.000/0.000/0.000
Epoch  550 | Loss: 30.6949 | Train RMSE: 0.4477 AUC: 0.6550 | Test RMSE: 0.4587 AUC: 0.6198 | Tau (min/mean/max): 0.000/0.000/0.000
Epoch  575 | Loss: 30.5877 | Train RMSE: 0.4477 AUC: 0.6551 | Test RMSE: 0.4589 AUC: 0.6194 | Tau (min/mean/max): 0.000/0.000/0.000
Epoch  600 | Loss: 30.4852 | Train RMSE: 0.4477 AUC: 0.6553 | Test RMSE: 0.4592 AUC: 0.6190 | Tau (min/mean/max): 0.000/0.000/0.000
Epoch  625 | Loss: 30.3871 | Train RMSE: 0.4477 AUC: 0.6554 | Test RMSE: 0.4595 AUC: 0.6185 | Tau (min/mean/max): 0.000/0.000/0.000
Epoch  650 | Loss: 30.2931 | Train RMSE: 0.4478 AUC: 0.6556 | Test RMSE: 0.4598 AUC: 0.6181 | Tau (min/mean/max): 0.000/0.000/0.000
Epoch  675 | Loss: 30.2029 | Train RMSE: 0.4479 AUC: 0.6558 | Test RMSE: 0.4602 AUC: 0.6177 | Tau (min/mean/max): 0.000/0.000/0.000
Epoch  700 | Loss: 30.1163 | Train RMSE: 0.4480 AUC: 0.6560 | Test RMSE: 0.4605 AUC: 0.6172 | Tau (min/mean/max): 0.000/0.000/0.000
Epoch  725 | Loss: 30.0331 | Train RMSE: 0.4481 AUC: 0.6561 | Test RMSE: 0.4609 AUC: 0.6167 | Tau (min/mean/max): 0.000/0.000/0.000
Epoch  750 | Loss: 29.9531 | Train RMSE: 0.4483 AUC: 0.6563 | Test RMSE: 0.4613 AUC: 0.6164 | Tau (min/mean/max): 0.000/0.000/0.000
Epoch  775 | Loss: 29.8761 | Train RMSE: 0.4484 AUC: 0.6565 | Test RMSE: 0.4618 AUC: 0.6161 | Tau (min/mean/max): 0.000/0.000/0.000
Epoch  800 | Loss: 29.8018 | Train RMSE: 0.4486 AUC: 0.6567 | Test RMSE: 0.4622 AUC: 0.6159 | Tau (min/mean/max): 0.000/0.000/0.000
Epoch  825 | Loss: 29.7303 | Train RMSE: 0.4488 AUC: 0.6569 | Test RMSE: 0.4627 AUC: 0.6156 | Tau (min/mean/max): 0.000/0.000/0.000
Epoch  850 | Loss: 29.6612 | Train RMSE: 0.4490 AUC: 0.6571 | Test RMSE: 0.4631 AUC: 0.6153 | Tau (min/mean/max): 0.000/0.000/0.000
Epoch  875 | Loss: 29.5945 | Train RMSE: 0.4492 AUC: 0.6574 | Test RMSE: 0.4636 AUC: 0.6150 | Tau (min/mean/max): 0.000/0.000/0.000
Epoch  900 | Loss: 29.5302 | Train RMSE: 0.4494 AUC: 0.6576 | Test RMSE: 0.4641 AUC: 0.6148 | Tau (min/mean/max): 0.000/0.000/0.000
Epoch  925 | Loss: 29.4679 | Train RMSE: 0.4496 AUC: 0.6578 | Test RMSE: 0.4646 AUC: 0.6146 | Tau (min/mean/max): 0.000/0.000/0.000
Epoch  950 | Loss: 29.4077 | Train RMSE: 0.4498 AUC: 0.6580 | Test RMSE: 0.4651 AUC: 0.6143 | Tau (min/mean/max): 0.000/0.000/0.000
Epoch  975 | Loss: 29.3495 | Train RMSE: 0.4500 AUC: 0.6582 | Test RMSE: 0.4656 AUC: 0.6141 | Tau (min/mean/max): 0.000/0.000/0.000
Epoch  999 | Loss: 29.2954 | Train RMSE: 0.4502 AUC: 0.6584 | Test RMSE: 0.4660 AUC: 0.6138 | Tau (min/mean/max): 0.000/0.000/0.000
Epoch 1000 | Loss: 29.2932 | Train RMSE: 0.4503 AUC: 0.6584 | Test RMSE: 0.4661 AUC: 0.6138 | Tau (min/mean/max): 0.000/0.000/0.000
  Test RMSE: 0.4661 | Test AUC: 0.6138 | Active Dims: 0

--- Testing LAMBDA_TAU = 0.5 ---
Epoch    0 | Loss: 36.7122 | Train RMSE: 0.4516 AUC: 0.5837 | Test RMSE: 0.4518 AUC: 0.6076 | Tau (min/mean/max): 0.198/0.200/0.202
Epoch   25 | Loss: 33.7332 | Train RMSE: 0.4419 AUC: 0.6471 | Test RMSE: 0.4481 AUC: 0.6320 | Tau (min/mean/max): 0.241/0.248/0.252
Epoch   50 | Loss: 32.3311 | Train RMSE: 0.4375 AUC: 0.6664 | Test RMSE: 0.4464 AUC: 0.6403 | Tau (min/mean/max): 0.279/0.288/0.294
Epoch   75 | Loss: 32.1220 | Train RMSE: 0.4365 AUC: 0.6714 | Test RMSE: 0.4457 AUC: 0.6424 | Tau (min/mean/max): 0.221/0.253/0.270
Epoch  100 | Loss: 32.4595 | Train RMSE: 0.4393 AUC: 0.6699 | Test RMSE: 0.4480 AUC: 0.6420 | Tau (min/mean/max): 0.147/0.183/0.203
Epoch  125 | Loss: 32.8241 | Train RMSE: 0.4439 AUC: 0.6653 | Test RMSE: 0.4521 AUC: 0.6409 | Tau (min/mean/max): 0.081/0.114/0.135
Epoch  150 | Loss: 33.0932 | Train RMSE: 0.4483 AUC: 0.6582 | Test RMSE: 0.4563 AUC: 0.6370 | Tau (min/mean/max): 0.015/0.044/0.066
Epoch  175 | Loss: 33.0514 | Train RMSE: 0.4508 AUC: 0.6553 | Test RMSE: 0.4590 AUC: 0.6338 | Tau (min/mean/max): 0.000/0.000/0.000
Epoch  200 | Loss: 32.7902 | Train RMSE: 0.4513 AUC: 0.6565 | Test RMSE: 0.4599 AUC: 0.6326 | Tau (min/mean/max): 0.000/0.000/0.000
Epoch  225 | Loss: 32.5576 | Train RMSE: 0.4513 AUC: 0.6572 | Test RMSE: 0.4603 AUC: 0.6314 | Tau (min/mean/max): 0.000/0.000/0.000
Epoch  250 | Loss: 32.3449 | Train RMSE: 0.4511 AUC: 0.6576 | Test RMSE: 0.4604 AUC: 0.6296 | Tau (min/mean/max): 0.000/0.000/0.000
Epoch  275 | Loss: 32.1477 | Train RMSE: 0.4508 AUC: 0.6577 | Test RMSE: 0.4603 AUC: 0.6275 | Tau (min/mean/max): 0.000/0.000/0.000
Epoch  300 | Loss: 31.9635 | Train RMSE: 0.4503 AUC: 0.6576 | Test RMSE: 0.4601 AUC: 0.6260 | Tau (min/mean/max): 0.000/0.000/0.000
Epoch  325 | Loss: 31.7904 | Train RMSE: 0.4499 AUC: 0.6575 | Test RMSE: 0.4598 AUC: 0.6248 | Tau (min/mean/max): 0.000/0.000/0.000
Epoch  350 | Loss: 31.6274 | Train RMSE: 0.4494 AUC: 0.6573 | Test RMSE: 0.4596 AUC: 0.6234 | Tau (min/mean/max): 0.000/0.000/0.000
Epoch  375 | Loss: 31.4733 | Train RMSE: 0.4490 AUC: 0.6571 | Test RMSE: 0.4593 AUC: 0.6221 | Tau (min/mean/max): 0.000/0.000/0.000
Epoch  400 | Loss: 31.3273 | Train RMSE: 0.4486 AUC: 0.6570 | Test RMSE: 0.4591 AUC: 0.6211 | Tau (min/mean/max): 0.000/0.000/0.000
Epoch  425 | Loss: 31.1889 | Train RMSE: 0.4483 AUC: 0.6568 | Test RMSE: 0.4590 AUC: 0.6203 | Tau (min/mean/max): 0.000/0.000/0.000
Epoch  450 | Loss: 31.0574 | Train RMSE: 0.4480 AUC: 0.6567 | Test RMSE: 0.4589 AUC: 0.6196 | Tau (min/mean/max): 0.000/0.000/0.000
Epoch  475 | Loss: 30.9323 | Train RMSE: 0.4478 AUC: 0.6567 | Test RMSE: 0.4589 AUC: 0.6188 | Tau (min/mean/max): 0.000/0.000/0.000
Epoch  500 | Loss: 30.8131 | Train RMSE: 0.4476 AUC: 0.6566 | Test RMSE: 0.4590 AUC: 0.6182 | Tau (min/mean/max): 0.000/0.000/0.000
Epoch  525 | Loss: 30.6994 | Train RMSE: 0.4475 AUC: 0.6566 | Test RMSE: 0.4591 AUC: 0.6178 | Tau (min/mean/max): 0.000/0.000/0.000
Epoch  550 | Loss: 30.5908 | Train RMSE: 0.4475 AUC: 0.6567 | Test RMSE: 0.4593 AUC: 0.6174 | Tau (min/mean/max): 0.000/0.000/0.000
Epoch  575 | Loss: 30.4870 | Train RMSE: 0.4475 AUC: 0.6567 | Test RMSE: 0.4595 AUC: 0.6172 | Tau (min/mean/max): 0.000/0.000/0.000
Epoch  600 | Loss: 30.3876 | Train RMSE: 0.4475 AUC: 0.6568 | Test RMSE: 0.4597 AUC: 0.6169 | Tau (min/mean/max): 0.000/0.000/0.000
Epoch  625 | Loss: 30.2923 | Train RMSE: 0.4475 AUC: 0.6569 | Test RMSE: 0.4600 AUC: 0.6165 | Tau (min/mean/max): 0.000/0.000/0.000
Epoch  650 | Loss: 30.2009 | Train RMSE: 0.4476 AUC: 0.6570 | Test RMSE: 0.4603 AUC: 0.6160 | Tau (min/mean/max): 0.000/0.000/0.000
Epoch  675 | Loss: 30.1132 | Train RMSE: 0.4477 AUC: 0.6572 | Test RMSE: 0.4607 AUC: 0.6156 | Tau (min/mean/max): 0.000/0.000/0.000
Epoch  700 | Loss: 30.0289 | Train RMSE: 0.4478 AUC: 0.6573 | Test RMSE: 0.4611 AUC: 0.6152 | Tau (min/mean/max): 0.000/0.000/0.000
Epoch  725 | Loss: 29.9478 | Train RMSE: 0.4480 AUC: 0.6575 | Test RMSE: 0.4615 AUC: 0.6150 | Tau (min/mean/max): 0.000/0.000/0.000
Epoch  750 | Loss: 29.8698 | Train RMSE: 0.4481 AUC: 0.6576 | Test RMSE: 0.4619 AUC: 0.6148 | Tau (min/mean/max): 0.000/0.000/0.000
Epoch  775 | Loss: 29.7946 | Train RMSE: 0.4483 AUC: 0.6578 | Test RMSE: 0.4623 AUC: 0.6145 | Tau (min/mean/max): 0.000/0.000/0.000
Epoch  800 | Loss: 29.7221 | Train RMSE: 0.4485 AUC: 0.6579 | Test RMSE: 0.4628 AUC: 0.6142 | Tau (min/mean/max): 0.000/0.000/0.000
Epoch  825 | Loss: 29.6523 | Train RMSE: 0.4487 AUC: 0.6581 | Test RMSE: 0.4632 AUC: 0.6140 | Tau (min/mean/max): 0.000/0.000/0.000
Epoch  850 | Loss: 29.5848 | Train RMSE: 0.4489 AUC: 0.6583 | Test RMSE: 0.4637 AUC: 0.6137 | Tau (min/mean/max): 0.000/0.000/0.000
Epoch  875 | Loss: 29.5197 | Train RMSE: 0.4491 AUC: 0.6585 | Test RMSE: 0.4642 AUC: 0.6134 | Tau (min/mean/max): 0.000/0.000/0.000
Epoch  900 | Loss: 29.4568 | Train RMSE: 0.4493 AUC: 0.6586 | Test RMSE: 0.4646 AUC: 0.6133 | Tau (min/mean/max): 0.000/0.000/0.000
Epoch  925 | Loss: 29.3959 | Train RMSE: 0.4495 AUC: 0.6588 | Test RMSE: 0.4651 AUC: 0.6133 | Tau (min/mean/max): 0.000/0.000/0.000
Epoch  950 | Loss: 29.3371 | Train RMSE: 0.4497 AUC: 0.6590 | Test RMSE: 0.4656 AUC: 0.6132 | Tau (min/mean/max): 0.000/0.000/0.000
Epoch  975 | Loss: 29.2802 | Train RMSE: 0.4499 AUC: 0.6592 | Test RMSE: 0.4661 AUC: 0.6131 | Tau (min/mean/max): 0.000/0.000/0.000
Epoch  999 | Loss: 29.2272 | Train RMSE: 0.4502 AUC: 0.6594 | Test RMSE: 0.4666 AUC: 0.6130 | Tau (min/mean/max): 0.000/0.000/0.000
Epoch 1000 | Loss: 29.2251 | Train RMSE: 0.4502 AUC: 0.6594 | Test RMSE: 0.4666 AUC: 0.6130 | Tau (min/mean/max): 0.000/0.000/0.000
  Test RMSE: 0.4666 | Test AUC: 0.6130 | Active Dims: 0

--- Testing LAMBDA_TAU = 0.2 ---
Epoch    0 | Loss: 37.5029 | Train RMSE: 0.4566 AUC: 0.4982 | Test RMSE: 0.4570 AUC: 0.4755 | Tau (min/mean/max): 0.198/0.200/0.202
Epoch   25 | Loss: 34.4021 | Train RMSE: 0.4445 AUC: 0.6229 | Test RMSE: 0.4511 AUC: 0.5987 | Tau (min/mean/max): 0.242/0.249/0.253
Epoch   50 | Loss: 32.7687 | Train RMSE: 0.4393 AUC: 0.6542 | Test RMSE: 0.4486 AUC: 0.6246 | Tau (min/mean/max): 0.296/0.303/0.309
Epoch   75 | Loss: 31.8244 | Train RMSE: 0.4349 AUC: 0.6683 | Test RMSE: 0.4462 AUC: 0.6323 | Tau (min/mean/max): 0.323/0.341/0.350
Epoch  100 | Loss: 31.2974 | Train RMSE: 0.4340 AUC: 0.6718 | Test RMSE: 0.4465 AUC: 0.6328 | Tau (min/mean/max): 0.337/0.364/0.385
Epoch  125 | Loss: 30.8207 | Train RMSE: 0.4340 AUC: 0.6740 | Test RMSE: 0.4475 AUC: 0.6328 | Tau (min/mean/max): 0.354/0.384/0.416
Epoch  150 | Loss: 30.5641 | Train RMSE: 0.4341 AUC: 0.6750 | Test RMSE: 0.4481 AUC: 0.6330 | Tau (min/mean/max): 0.352/0.398/0.443
Epoch  175 | Loss: 30.3721 | Train RMSE: 0.4350 AUC: 0.6753 | Test RMSE: 0.4497 AUC: 0.6319 | Tau (min/mean/max): 0.348/0.408/0.464
Epoch  200 | Loss: 30.1737 | Train RMSE: 0.4354 AUC: 0.6752 | Test RMSE: 0.4505 AUC: 0.6316 | Tau (min/mean/max): 0.338/0.412/0.484
Epoch  225 | Loss: 30.1012 | Train RMSE: 0.4363 AUC: 0.6751 | Test RMSE: 0.4519 AUC: 0.6302 | Tau (min/mean/max): 0.322/0.414/0.510
Epoch  250 | Loss: 29.9564 | Train RMSE: 0.4371 AUC: 0.6747 | Test RMSE: 0.4531 AUC: 0.6294 | Tau (min/mean/max): 0.301/0.410/0.530
Epoch  275 | Loss: 29.9104 | Train RMSE: 0.4378 AUC: 0.6740 | Test RMSE: 0.4540 AUC: 0.6281 | Tau (min/mean/max): 0.277/0.402/0.544
Epoch  300 | Loss: 29.8300 | Train RMSE: 0.4384 AUC: 0.6736 | Test RMSE: 0.4546 AUC: 0.6276 | Tau (min/mean/max): 0.246/0.390/0.564
Epoch  325 | Loss: 29.8703 | Train RMSE: 0.4391 AUC: 0.6726 | Test RMSE: 0.4554 AUC: 0.6262 | Tau (min/mean/max): 0.207/0.374/0.587
Epoch  350 | Loss: 29.7534 | Train RMSE: 0.4400 AUC: 0.6721 | Test RMSE: 0.4564 AUC: 0.6250 | Tau (min/mean/max): 0.161/0.355/0.605
Epoch  375 | Loss: 29.7938 | Train RMSE: 0.4405 AUC: 0.6715 | Test RMSE: 0.4569 AUC: 0.6245 | Tau (min/mean/max): 0.106/0.332/0.627
Epoch  400 | Loss: 29.6737 | Train RMSE: 0.4410 AUC: 0.6709 | Test RMSE: 0.4572 AUC: 0.6248 | Tau (min/mean/max): 0.039/0.307/0.648
Epoch  425 | Loss: 29.8452 | Train RMSE: 0.4417 AUC: 0.6708 | Test RMSE: 0.4580 AUC: 0.6241 | Tau (min/mean/max): 0.000/0.279/0.669
Epoch  450 | Loss: 29.7203 | Train RMSE: 0.4420 AUC: 0.6708 | Test RMSE: 0.4582 AUC: 0.6246 | Tau (min/mean/max): 0.000/0.257/0.695
Epoch  475 | Loss: 29.6020 | Train RMSE: 0.4421 AUC: 0.6709 | Test RMSE: 0.4585 AUC: 0.6244 | Tau (min/mean/max): 0.000/0.245/0.720
Epoch  500 | Loss: 29.5847 | Train RMSE: 0.4424 AUC: 0.6708 | Test RMSE: 0.4588 AUC: 0.6241 | Tau (min/mean/max): 0.000/0.233/0.748
Epoch  525 | Loss: 29.4480 | Train RMSE: 0.4428 AUC: 0.6707 | Test RMSE: 0.4591 AUC: 0.6240 | Tau (min/mean/max): 0.000/0.220/0.780
Epoch  550 | Loss: 29.4909 | Train RMSE: 0.4426 AUC: 0.6708 | Test RMSE: 0.4591 AUC: 0.6240 | Tau (min/mean/max): 0.000/0.208/0.820
Epoch  575 | Loss: 29.4134 | Train RMSE: 0.4429 AUC: 0.6707 | Test RMSE: 0.4595 AUC: 0.6238 | Tau (min/mean/max): 0.000/0.196/0.862
Epoch  600 | Loss: 29.2999 | Train RMSE: 0.4431 AUC: 0.6707 | Test RMSE: 0.4599 AUC: 0.6234 | Tau (min/mean/max): 0.000/0.185/0.897
Epoch  625 | Loss: 29.3093 | Train RMSE: 0.4432 AUC: 0.6706 | Test RMSE: 0.4601 AUC: 0.6234 | Tau (min/mean/max): 0.000/0.173/0.932
Epoch  650 | Loss: 29.2043 | Train RMSE: 0.4435 AUC: 0.6705 | Test RMSE: 0.4605 AUC: 0.6227 | Tau (min/mean/max): 0.000/0.161/0.971
Epoch  675 | Loss: 29.2331 | Train RMSE: 0.4437 AUC: 0.6703 | Test RMSE: 0.4608 AUC: 0.6224 | Tau (min/mean/max): 0.000/0.148/1.005
Epoch  700 | Loss: 29.1901 | Train RMSE: 0.4437 AUC: 0.6704 | Test RMSE: 0.4611 AUC: 0.6221 | Tau (min/mean/max): 0.000/0.139/1.040
Epoch  725 | Loss: 29.0479 | Train RMSE: 0.4439 AUC: 0.6705 | Test RMSE: 0.4614 AUC: 0.6219 | Tau (min/mean/max): 0.000/0.131/1.073
Epoch  750 | Loss: 28.9883 | Train RMSE: 0.4439 AUC: 0.6708 | Test RMSE: 0.4617 AUC: 0.6219 | Tau (min/mean/max): 0.000/0.127/1.104
Epoch  775 | Loss: 28.9065 | Train RMSE: 0.4442 AUC: 0.6709 | Test RMSE: 0.4623 AUC: 0.6217 | Tau (min/mean/max): 0.000/0.126/1.126
Epoch  800 | Loss: 28.7504 | Train RMSE: 0.4443 AUC: 0.6712 | Test RMSE: 0.4627 AUC: 0.6217 | Tau (min/mean/max): 0.000/0.128/1.148
Epoch  825 | Loss: 28.7450 | Train RMSE: 0.4444 AUC: 0.6713 | Test RMSE: 0.4631 AUC: 0.6214 | Tau (min/mean/max): 0.000/0.129/1.167
Epoch  850 | Loss: 28.6831 | Train RMSE: 0.4448 AUC: 0.6713 | Test RMSE: 0.4635 AUC: 0.6216 | Tau (min/mean/max): 0.000/0.129/1.188
Epoch  875 | Loss: 28.5962 | Train RMSE: 0.4448 AUC: 0.6715 | Test RMSE: 0.4639 AUC: 0.6212 | Tau (min/mean/max): 0.000/0.128/1.205
Epoch  900 | Loss: 28.6012 | Train RMSE: 0.4451 AUC: 0.6715 | Test RMSE: 0.4642 AUC: 0.6215 | Tau (min/mean/max): 0.000/0.126/1.212
Epoch  925 | Loss: 28.5171 | Train RMSE: 0.4453 AUC: 0.6715 | Test RMSE: 0.4646 AUC: 0.6211 | Tau (min/mean/max): 0.000/0.123/1.212
Epoch  950 | Loss: 28.5879 | Train RMSE: 0.4455 AUC: 0.6714 | Test RMSE: 0.4650 AUC: 0.6211 | Tau (min/mean/max): 0.000/0.119/1.211
Epoch  975 | Loss: 28.3727 | Train RMSE: 0.4457 AUC: 0.6715 | Test RMSE: 0.4655 AUC: 0.6209 | Tau (min/mean/max): 0.000/0.116/1.210
Epoch  999 | Loss: 28.4174 | Train RMSE: 0.4459 AUC: 0.6715 | Test RMSE: 0.4656 AUC: 0.6212 | Tau (min/mean/max): 0.000/0.114/1.206
Epoch 1000 | Loss: 28.4473 | Train RMSE: 0.4459 AUC: 0.6715 | Test RMSE: 0.4657 AUC: 0.6212 | Tau (min/mean/max): 0.000/0.114/1.205
  Test RMSE: 0.4657 | Test AUC: 0.6212 | Active Dims: 4

--- Testing LAMBDA_TAU = 0.1 ---
Epoch    0 | Loss: 37.3553 | Train RMSE: 0.4553 AUC: 0.5854 | Test RMSE: 0.4568 AUC: 0.5174 | Tau (min/mean/max): 0.198/0.199/0.202
Epoch   25 | Loss: 34.2012 | Train RMSE: 0.4392 AUC: 0.6469 | Test RMSE: 0.4468 AUC: 0.6148 | Tau (min/mean/max): 0.236/0.248/0.253
Epoch   50 | Loss: 32.5884 | Train RMSE: 0.4356 AUC: 0.6618 | Test RMSE: 0.4459 AUC: 0.6289 | Tau (min/mean/max): 0.298/0.306/0.312
Epoch   75 | Loss: 31.5235 | Train RMSE: 0.4335 AUC: 0.6694 | Test RMSE: 0.4455 AUC: 0.6336 | Tau (min/mean/max): 0.347/0.355/0.365
Epoch  100 | Loss: 30.9114 | Train RMSE: 0.4334 AUC: 0.6724 | Test RMSE: 0.4469 AUC: 0.6339 | Tau (min/mean/max): 0.383/0.397/0.409
Epoch  125 | Loss: 30.4780 | Train RMSE: 0.4336 AUC: 0.6740 | Test RMSE: 0.4480 AUC: 0.6345 | Tau (min/mean/max): 0.416/0.435/0.451
Epoch  150 | Loss: 30.0092 | Train RMSE: 0.4342 AUC: 0.6752 | Test RMSE: 0.4496 AUC: 0.6338 | Tau (min/mean/max): 0.442/0.469/0.492
Epoch  175 | Loss: 29.6266 | Train RMSE: 0.4347 AUC: 0.6766 | Test RMSE: 0.4508 AUC: 0.6340 | Tau (min/mean/max): 0.466/0.499/0.536
Epoch  200 | Loss: 29.4663 | Train RMSE: 0.4355 AUC: 0.6773 | Test RMSE: 0.4521 AUC: 0.6341 | Tau (min/mean/max): 0.486/0.526/0.573
Epoch  225 | Loss: 29.3949 | Train RMSE: 0.4361 AUC: 0.6776 | Test RMSE: 0.4533 AUC: 0.6338 | Tau (min/mean/max): 0.505/0.550/0.604
Epoch  250 | Loss: 29.0637 | Train RMSE: 0.4370 AUC: 0.6779 | Test RMSE: 0.4550 AUC: 0.6330 | Tau (min/mean/max): 0.523/0.571/0.638
Epoch  275 | Loss: 28.9416 | Train RMSE: 0.4378 AUC: 0.6784 | Test RMSE: 0.4563 AUC: 0.6325 | Tau (min/mean/max): 0.541/0.590/0.668
Epoch  300 | Loss: 28.7209 | Train RMSE: 0.4384 AUC: 0.6786 | Test RMSE: 0.4574 AUC: 0.6320 | Tau (min/mean/max): 0.556/0.606/0.690
Epoch  325 | Loss: 28.4351 | Train RMSE: 0.4392 AUC: 0.6787 | Test RMSE: 0.4587 AUC: 0.6315 | Tau (min/mean/max): 0.571/0.621/0.709
Epoch  350 | Loss: 28.4688 | Train RMSE: 0.4400 AUC: 0.6791 | Test RMSE: 0.4601 AUC: 0.6305 | Tau (min/mean/max): 0.582/0.633/0.728
Epoch  375 | Loss: 28.3002 | Train RMSE: 0.4406 AUC: 0.6791 | Test RMSE: 0.4610 AUC: 0.6307 | Tau (min/mean/max): 0.592/0.643/0.744
Epoch  400 | Loss: 28.2315 | Train RMSE: 0.4409 AUC: 0.6792 | Test RMSE: 0.4618 AUC: 0.6301 | Tau (min/mean/max): 0.603/0.652/0.756
Epoch  425 | Loss: 28.1227 | Train RMSE: 0.4418 AUC: 0.6795 | Test RMSE: 0.4628 AUC: 0.6301 | Tau (min/mean/max): 0.600/0.658/0.764
Epoch  450 | Loss: 28.0756 | Train RMSE: 0.4421 AUC: 0.6796 | Test RMSE: 0.4635 AUC: 0.6296 | Tau (min/mean/max): 0.592/0.663/0.774
Epoch  475 | Loss: 28.0062 | Train RMSE: 0.4425 AUC: 0.6797 | Test RMSE: 0.4642 AUC: 0.6298 | Tau (min/mean/max): 0.582/0.666/0.780
Epoch  500 | Loss: 28.0460 | Train RMSE: 0.4433 AUC: 0.6797 | Test RMSE: 0.4651 AUC: 0.6298 | Tau (min/mean/max): 0.570/0.668/0.783
Epoch  525 | Loss: 27.8203 | Train RMSE: 0.4436 AUC: 0.6799 | Test RMSE: 0.4659 AUC: 0.6291 | Tau (min/mean/max): 0.558/0.668/0.786
Epoch  550 | Loss: 27.7272 | Train RMSE: 0.4440 AUC: 0.6798 | Test RMSE: 0.4665 AUC: 0.6292 | Tau (min/mean/max): 0.547/0.668/0.792
Epoch  575 | Loss: 27.7356 | Train RMSE: 0.4444 AUC: 0.6801 | Test RMSE: 0.4671 AUC: 0.6292 | Tau (min/mean/max): 0.538/0.666/0.796
Epoch  600 | Loss: 27.6720 | Train RMSE: 0.4447 AUC: 0.6801 | Test RMSE: 0.4678 AUC: 0.6289 | Tau (min/mean/max): 0.532/0.663/0.798
Epoch  625 | Loss: 27.6083 | Train RMSE: 0.4451 AUC: 0.6801 | Test RMSE: 0.4683 AUC: 0.6288 | Tau (min/mean/max): 0.531/0.660/0.800
Epoch  650 | Loss: 27.5790 | Train RMSE: 0.4454 AUC: 0.6800 | Test RMSE: 0.4685 AUC: 0.6292 | Tau (min/mean/max): 0.525/0.655/0.797
Epoch  675 | Loss: 27.4693 | Train RMSE: 0.4455 AUC: 0.6802 | Test RMSE: 0.4688 AUC: 0.6291 | Tau (min/mean/max): 0.518/0.650/0.794
Epoch  700 | Loss: 27.4890 | Train RMSE: 0.4458 AUC: 0.6803 | Test RMSE: 0.4693 AUC: 0.6289 | Tau (min/mean/max): 0.506/0.643/0.791
Epoch  725 | Loss: 27.4733 | Train RMSE: 0.4461 AUC: 0.6801 | Test RMSE: 0.4696 AUC: 0.6291 | Tau (min/mean/max): 0.492/0.637/0.787
Epoch  750 | Loss: 27.4213 | Train RMSE: 0.4462 AUC: 0.6800 | Test RMSE: 0.4700 AUC: 0.6287 | Tau (min/mean/max): 0.478/0.629/0.781
Epoch  775 | Loss: 27.3724 | Train RMSE: 0.4464 AUC: 0.6800 | Test RMSE: 0.4701 AUC: 0.6288 | Tau (min/mean/max): 0.469/0.622/0.772
Epoch  800 | Loss: 27.2778 | Train RMSE: 0.4466 AUC: 0.6799 | Test RMSE: 0.4705 AUC: 0.6285 | Tau (min/mean/max): 0.456/0.613/0.763
Epoch  825 | Loss: 27.3143 | Train RMSE: 0.4468 AUC: 0.6798 | Test RMSE: 0.4706 AUC: 0.6285 | Tau (min/mean/max): 0.443/0.603/0.761
Epoch  850 | Loss: 27.4354 | Train RMSE: 0.4471 AUC: 0.6795 | Test RMSE: 0.4711 AUC: 0.6282 | Tau (min/mean/max): 0.428/0.593/0.757
Epoch  875 | Loss: 27.3503 | Train RMSE: 0.4471 AUC: 0.6795 | Test RMSE: 0.4713 AUC: 0.6278 | Tau (min/mean/max): 0.412/0.582/0.754
Epoch  900 | Loss: 27.3050 | Train RMSE: 0.4472 AUC: 0.6794 | Test RMSE: 0.4713 AUC: 0.6276 | Tau (min/mean/max): 0.395/0.570/0.754
Epoch  925 | Loss: 27.2410 | Train RMSE: 0.4474 AUC: 0.6792 | Test RMSE: 0.4716 AUC: 0.6274 | Tau (min/mean/max): 0.378/0.557/0.753
Epoch  950 | Loss: 27.3143 | Train RMSE: 0.4476 AUC: 0.6791 | Test RMSE: 0.4719 AUC: 0.6272 | Tau (min/mean/max): 0.358/0.545/0.755
Epoch  975 | Loss: 27.3343 | Train RMSE: 0.4477 AUC: 0.6789 | Test RMSE: 0.4722 AUC: 0.6268 | Tau (min/mean/max): 0.334/0.532/0.761
Epoch  999 | Loss: 27.3733 | Train RMSE: 0.4479 AUC: 0.6786 | Test RMSE: 0.4724 AUC: 0.6266 | Tau (min/mean/max): 0.304/0.518/0.760
Epoch 1000 | Loss: 27.3692 | Train RMSE: 0.4479 AUC: 0.6786 | Test RMSE: 0.4724 AUC: 0.6265 | Tau (min/mean/max): 0.302/0.518/0.760
  Test RMSE: 0.4724 | Test AUC: 0.6265 | Active Dims: 30

--- Testing LAMBDA_TAU = 0.05 ---
Epoch    0 | Loss: 37.7281 | Train RMSE: 0.4585 AUC: 0.5066 | Test RMSE: 0.4567 AUC: 0.5226 | Tau (min/mean/max): 0.198/0.199/0.202
Epoch   25 | Loss: 34.3967 | Train RMSE: 0.4419 AUC: 0.6360 | Test RMSE: 0.4473 AUC: 0.6155 | Tau (min/mean/max): 0.239/0.248/0.253
Epoch   50 | Loss: 32.6781 | Train RMSE: 0.4371 AUC: 0.6607 | Test RMSE: 0.4452 AUC: 0.6356 | Tau (min/mean/max): 0.301/0.307/0.312
Epoch   75 | Loss: 31.7666 | Train RMSE: 0.4349 AUC: 0.6679 | Test RMSE: 0.4449 AUC: 0.6380 | Tau (min/mean/max): 0.352/0.360/0.368
Epoch  100 | Loss: 31.1076 | Train RMSE: 0.4337 AUC: 0.6716 | Test RMSE: 0.4452 AUC: 0.6376 | Tau (min/mean/max): 0.395/0.407/0.423
Epoch  125 | Loss: 30.5002 | Train RMSE: 0.4335 AUC: 0.6743 | Test RMSE: 0.4462 AUC: 0.6372 | Tau (min/mean/max): 0.431/0.449/0.477
Epoch  150 | Loss: 30.1536 | Train RMSE: 0.4338 AUC: 0.6759 | Test RMSE: 0.4475 AUC: 0.6374 | Tau (min/mean/max): 0.466/0.489/0.529
Epoch  175 | Loss: 29.7194 | Train RMSE: 0.4342 AUC: 0.6771 | Test RMSE: 0.4493 AUC: 0.6362 | Tau (min/mean/max): 0.499/0.527/0.574
Epoch  200 | Loss: 29.4468 | Train RMSE: 0.4356 AUC: 0.6773 | Test RMSE: 0.4517 AUC: 0.6356 | Tau (min/mean/max): 0.531/0.561/0.610
Epoch  225 | Loss: 29.0366 | Train RMSE: 0.4365 AUC: 0.6780 | Test RMSE: 0.4538 AUC: 0.6342 | Tau (min/mean/max): 0.562/0.594/0.641
Epoch  250 | Loss: 28.8212 | Train RMSE: 0.4376 AUC: 0.6784 | Test RMSE: 0.4554 AUC: 0.6341 | Tau (min/mean/max): 0.590/0.624/0.669
Epoch  275 | Loss: 28.5942 | Train RMSE: 0.4387 AUC: 0.6788 | Test RMSE: 0.4573 AUC: 0.6333 | Tau (min/mean/max): 0.617/0.651/0.703
Epoch  300 | Loss: 28.4780 | Train RMSE: 0.4394 AUC: 0.6791 | Test RMSE: 0.4588 AUC: 0.6328 | Tau (min/mean/max): 0.644/0.677/0.736
Epoch  325 | Loss: 28.4088 | Train RMSE: 0.4402 AUC: 0.6796 | Test RMSE: 0.4603 AUC: 0.6325 | Tau (min/mean/max): 0.671/0.701/0.767
Epoch  350 | Loss: 28.1299 | Train RMSE: 0.4413 AUC: 0.6797 | Test RMSE: 0.4619 AUC: 0.6320 | Tau (min/mean/max): 0.696/0.723/0.795
Epoch  375 | Loss: 27.9574 | Train RMSE: 0.4421 AUC: 0.6801 | Test RMSE: 0.4629 AUC: 0.6324 | Tau (min/mean/max): 0.716/0.744/0.820
Epoch  400 | Loss: 27.8321 | Train RMSE: 0.4426 AUC: 0.6805 | Test RMSE: 0.4640 AUC: 0.6321 | Tau (min/mean/max): 0.724/0.763/0.846
Epoch  425 | Loss: 27.8234 | Train RMSE: 0.4432 AUC: 0.6809 | Test RMSE: 0.4653 AUC: 0.6317 | Tau (min/mean/max): 0.731/0.781/0.871
Epoch  450 | Loss: 27.7552 | Train RMSE: 0.4438 AUC: 0.6814 | Test RMSE: 0.4661 AUC: 0.6320 | Tau (min/mean/max): 0.737/0.797/0.891
Epoch  475 | Loss: 27.5439 | Train RMSE: 0.4442 AUC: 0.6816 | Test RMSE: 0.4669 AUC: 0.6321 | Tau (min/mean/max): 0.742/0.813/0.913
Epoch  500 | Loss: 27.5950 | Train RMSE: 0.4446 AUC: 0.6819 | Test RMSE: 0.4677 AUC: 0.6318 | Tau (min/mean/max): 0.745/0.827/0.934
Epoch  525 | Loss: 27.5037 | Train RMSE: 0.4449 AUC: 0.6821 | Test RMSE: 0.4686 AUC: 0.6313 | Tau (min/mean/max): 0.748/0.840/0.955
Epoch  550 | Loss: 27.3798 | Train RMSE: 0.4454 AUC: 0.6823 | Test RMSE: 0.4694 AUC: 0.6314 | Tau (min/mean/max): 0.754/0.852/0.972
Epoch  575 | Loss: 27.2777 | Train RMSE: 0.4458 AUC: 0.6828 | Test RMSE: 0.4702 AUC: 0.6310 | Tau (min/mean/max): 0.761/0.864/0.987
Epoch  600 | Loss: 27.1881 | Train RMSE: 0.4463 AUC: 0.6829 | Test RMSE: 0.4710 AUC: 0.6316 | Tau (min/mean/max): 0.771/0.875/1.002
Epoch  625 | Loss: 27.2040 | Train RMSE: 0.4469 AUC: 0.6829 | Test RMSE: 0.4721 AUC: 0.6308 | Tau (min/mean/max): 0.783/0.884/1.016
Epoch  650 | Loss: 27.2675 | Train RMSE: 0.4472 AUC: 0.6832 | Test RMSE: 0.4726 AUC: 0.6311 | Tau (min/mean/max): 0.798/0.894/1.028
Epoch  675 | Loss: 27.1648 | Train RMSE: 0.4478 AUC: 0.6832 | Test RMSE: 0.4733 AUC: 0.6306 | Tau (min/mean/max): 0.812/0.902/1.039
Epoch  700 | Loss: 27.0929 | Train RMSE: 0.4482 AUC: 0.6833 | Test RMSE: 0.4739 AUC: 0.6309 | Tau (min/mean/max): 0.828/0.909/1.047
Epoch  725 | Loss: 26.9906 | Train RMSE: 0.4482 AUC: 0.6837 | Test RMSE: 0.4742 AUC: 0.6312 | Tau (min/mean/max): 0.829/0.916/1.056
Epoch  750 | Loss: 26.9868 | Train RMSE: 0.4486 AUC: 0.6837 | Test RMSE: 0.4749 AUC: 0.6309 | Tau (min/mean/max): 0.833/0.922/1.067
Epoch  775 | Loss: 26.8492 | Train RMSE: 0.4488 AUC: 0.6840 | Test RMSE: 0.4753 AUC: 0.6311 | Tau (min/mean/max): 0.833/0.927/1.074
Epoch  800 | Loss: 26.8034 | Train RMSE: 0.4491 AUC: 0.6840 | Test RMSE: 0.4759 AUC: 0.6308 | Tau (min/mean/max): 0.832/0.932/1.080
Epoch  825 | Loss: 26.7761 | Train RMSE: 0.4494 AUC: 0.6841 | Test RMSE: 0.4763 AUC: 0.6308 | Tau (min/mean/max): 0.831/0.936/1.088
Epoch  850 | Loss: 26.7959 | Train RMSE: 0.4497 AUC: 0.6842 | Test RMSE: 0.4770 AUC: 0.6307 | Tau (min/mean/max): 0.827/0.939/1.096
Epoch  875 | Loss: 26.8459 | Train RMSE: 0.4498 AUC: 0.6845 | Test RMSE: 0.4772 AUC: 0.6309 | Tau (min/mean/max): 0.825/0.942/1.102
Epoch  900 | Loss: 26.6697 | Train RMSE: 0.4501 AUC: 0.6845 | Test RMSE: 0.4777 AUC: 0.6309 | Tau (min/mean/max): 0.824/0.945/1.110
Epoch  925 | Loss: 26.6911 | Train RMSE: 0.4503 AUC: 0.6845 | Test RMSE: 0.4784 AUC: 0.6302 | Tau (min/mean/max): 0.823/0.947/1.116
Epoch  950 | Loss: 26.5848 | Train RMSE: 0.4505 AUC: 0.6847 | Test RMSE: 0.4788 AUC: 0.6303 | Tau (min/mean/max): 0.820/0.949/1.122
Epoch  975 | Loss: 26.5699 | Train RMSE: 0.4506 AUC: 0.6847 | Test RMSE: 0.4789 AUC: 0.6303 | Tau (min/mean/max): 0.814/0.950/1.125
Epoch  999 | Loss: 26.5423 | Train RMSE: 0.4509 AUC: 0.6848 | Test RMSE: 0.4794 AUC: 0.6303 | Tau (min/mean/max): 0.809/0.950/1.127
Epoch 1000 | Loss: 26.5767 | Train RMSE: 0.4509 AUC: 0.6848 | Test RMSE: 0.4794 AUC: 0.6303 | Tau (min/mean/max): 0.809/0.950/1.127
  Test RMSE: 0.4794 | Test AUC: 0.6303 | Active Dims: 30

--- Testing LAMBDA_TAU = 0.01 ---
Epoch    0 | Loss: 37.0456 | Train RMSE: 0.4535 AUC: 0.5448 | Test RMSE: 0.4535 AUC: 0.5494 | Tau (min/mean/max): 0.198/0.200/0.202
Epoch   25 | Loss: 33.9533 | Train RMSE: 0.4409 AUC: 0.6463 | Test RMSE: 0.4468 AUC: 0.6246 | Tau (min/mean/max): 0.241/0.249/0.253
Epoch   50 | Loss: 32.3755 | Train RMSE: 0.4369 AUC: 0.6638 | Test RMSE: 0.4459 AUC: 0.6346 | Tau (min/mean/max): 0.303/0.308/0.313
Epoch   75 | Loss: 31.5055 | Train RMSE: 0.4344 AUC: 0.6702 | Test RMSE: 0.4455 AUC: 0.6367 | Tau (min/mean/max): 0.358/0.365/0.372
Epoch  100 | Loss: 30.7402 | Train RMSE: 0.4339 AUC: 0.6737 | Test RMSE: 0.4467 AUC: 0.6365 | Tau (min/mean/max): 0.406/0.416/0.427
Epoch  125 | Loss: 30.1861 | Train RMSE: 0.4347 AUC: 0.6753 | Test RMSE: 0.4487 AUC: 0.6363 | Tau (min/mean/max): 0.448/0.463/0.480
Epoch  150 | Loss: 29.8978 | Train RMSE: 0.4351 AUC: 0.6764 | Test RMSE: 0.4502 AUC: 0.6356 | Tau (min/mean/max): 0.487/0.506/0.533
Epoch  175 | Loss: 29.4302 | Train RMSE: 0.4363 AUC: 0.6774 | Test RMSE: 0.4526 AUC: 0.6348 | Tau (min/mean/max): 0.524/0.546/0.584
Epoch  200 | Loss: 29.0915 | Train RMSE: 0.4371 AUC: 0.6775 | Test RMSE: 0.4542 AUC: 0.6342 | Tau (min/mean/max): 0.559/0.583/0.626
Epoch  225 | Loss: 28.8339 | Train RMSE: 0.4380 AUC: 0.6783 | Test RMSE: 0.4562 AUC: 0.6332 | Tau (min/mean/max): 0.593/0.618/0.664
Epoch  250 | Loss: 28.7726 | Train RMSE: 0.4389 AUC: 0.6783 | Test RMSE: 0.4576 AUC: 0.6334 | Tau (min/mean/max): 0.627/0.651/0.699
Epoch  275 | Loss: 28.3841 | Train RMSE: 0.4402 AUC: 0.6789 | Test RMSE: 0.4597 AUC: 0.6329 | Tau (min/mean/max): 0.660/0.683/0.732
Epoch  300 | Loss: 28.2817 | Train RMSE: 0.4407 AUC: 0.6795 | Test RMSE: 0.4609 AUC: 0.6324 | Tau (min/mean/max): 0.690/0.712/0.764
Epoch  325 | Loss: 28.0259 | Train RMSE: 0.4416 AUC: 0.6798 | Test RMSE: 0.4621 AUC: 0.6328 | Tau (min/mean/max): 0.719/0.741/0.794
Epoch  350 | Loss: 27.9500 | Train RMSE: 0.4424 AUC: 0.6804 | Test RMSE: 0.4638 AUC: 0.6321 | Tau (min/mean/max): 0.748/0.768/0.822
Epoch  375 | Loss: 27.8748 | Train RMSE: 0.4433 AUC: 0.6807 | Test RMSE: 0.4651 AUC: 0.6324 | Tau (min/mean/max): 0.773/0.794/0.851
Epoch  400 | Loss: 27.8028 | Train RMSE: 0.4439 AUC: 0.6812 | Test RMSE: 0.4663 AUC: 0.6318 | Tau (min/mean/max): 0.792/0.819/0.879
Epoch  425 | Loss: 27.6274 | Train RMSE: 0.4446 AUC: 0.6815 | Test RMSE: 0.4675 AUC: 0.6320 | Tau (min/mean/max): 0.810/0.842/0.904
Epoch  450 | Loss: 27.3624 | Train RMSE: 0.4453 AUC: 0.6820 | Test RMSE: 0.4687 AUC: 0.6315 | Tau (min/mean/max): 0.829/0.865/0.929
Epoch  475 | Loss: 27.4492 | Train RMSE: 0.4455 AUC: 0.6824 | Test RMSE: 0.4694 AUC: 0.6323 | Tau (min/mean/max): 0.848/0.888/0.953
Epoch  500 | Loss: 27.3469 | Train RMSE: 0.4461 AUC: 0.6829 | Test RMSE: 0.4704 AUC: 0.6322 | Tau (min/mean/max): 0.867/0.909/0.977
Epoch  525 | Loss: 27.2971 | Train RMSE: 0.4469 AUC: 0.6831 | Test RMSE: 0.4717 AUC: 0.6321 | Tau (min/mean/max): 0.889/0.930/0.999
Epoch  550 | Loss: 27.1654 | Train RMSE: 0.4471 AUC: 0.6836 | Test RMSE: 0.4724 AUC: 0.6322 | Tau (min/mean/max): 0.913/0.950/1.018
Epoch  575 | Loss: 27.0638 | Train RMSE: 0.4479 AUC: 0.6837 | Test RMSE: 0.4735 AUC: 0.6320 | Tau (min/mean/max): 0.937/0.969/1.038
Epoch  600 | Loss: 27.0756 | Train RMSE: 0.4482 AUC: 0.6840 | Test RMSE: 0.4740 AUC: 0.6323 | Tau (min/mean/max): 0.951/0.988/1.058
Epoch  625 | Loss: 26.9783 | Train RMSE: 0.4486 AUC: 0.6843 | Test RMSE: 0.4750 AUC: 0.6321 | Tau (min/mean/max): 0.965/1.006/1.077
Epoch  650 | Loss: 26.7994 | Train RMSE: 0.4492 AUC: 0.6843 | Test RMSE: 0.4761 AUC: 0.6317 | Tau (min/mean/max): 0.980/1.023/1.096
Epoch  675 | Loss: 26.7264 | Train RMSE: 0.4494 AUC: 0.6846 | Test RMSE: 0.4764 AUC: 0.6320 | Tau (min/mean/max): 0.994/1.040/1.113
Epoch  700 | Loss: 26.7244 | Train RMSE: 0.4502 AUC: 0.6847 | Test RMSE: 0.4774 AUC: 0.6322 | Tau (min/mean/max): 1.009/1.057/1.131
Epoch  725 | Loss: 26.5890 | Train RMSE: 0.4503 AUC: 0.6848 | Test RMSE: 0.4779 AUC: 0.6321 | Tau (min/mean/max): 1.022/1.072/1.150
Epoch  750 | Loss: 26.5668 | Train RMSE: 0.4505 AUC: 0.6852 | Test RMSE: 0.4785 AUC: 0.6318 | Tau (min/mean/max): 1.034/1.088/1.165
Epoch  775 | Loss: 26.6005 | Train RMSE: 0.4508 AUC: 0.6854 | Test RMSE: 0.4790 AUC: 0.6319 | Tau (min/mean/max): 1.047/1.103/1.181
Epoch  800 | Loss: 26.5019 | Train RMSE: 0.4513 AUC: 0.6855 | Test RMSE: 0.4801 AUC: 0.6313 | Tau (min/mean/max): 1.059/1.117/1.197
Epoch  825 | Loss: 26.6392 | Train RMSE: 0.4516 AUC: 0.6856 | Test RMSE: 0.4803 AUC: 0.6323 | Tau (min/mean/max): 1.073/1.131/1.213
Epoch  850 | Loss: 26.6016 | Train RMSE: 0.4517 AUC: 0.6859 | Test RMSE: 0.4807 AUC: 0.6321 | Tau (min/mean/max): 1.086/1.145/1.228
Epoch  875 | Loss: 26.4680 | Train RMSE: 0.4522 AUC: 0.6860 | Test RMSE: 0.4814 AUC: 0.6320 | Tau (min/mean/max): 1.097/1.158/1.243
Epoch  900 | Loss: 26.3236 | Train RMSE: 0.4525 AUC: 0.6862 | Test RMSE: 0.4820 AUC: 0.6319 | Tau (min/mean/max): 1.106/1.171/1.257
Epoch  925 | Loss: 26.2250 | Train RMSE: 0.4527 AUC: 0.6864 | Test RMSE: 0.4826 AUC: 0.6318 | Tau (min/mean/max): 1.115/1.184/1.270
Epoch  950 | Loss: 26.3768 | Train RMSE: 0.4531 AUC: 0.6867 | Test RMSE: 0.4832 AUC: 0.6316 | Tau (min/mean/max): 1.124/1.196/1.283
Epoch  975 | Loss: 26.1112 | Train RMSE: 0.4532 AUC: 0.6867 | Test RMSE: 0.4837 AUC: 0.6317 | Tau (min/mean/max): 1.133/1.208/1.296
Epoch  999 | Loss: 26.2277 | Train RMSE: 0.4534 AUC: 0.6868 | Test RMSE: 0.4842 AUC: 0.6316 | Tau (min/mean/max): 1.142/1.220/1.308
Epoch 1000 | Loss: 26.1066 | Train RMSE: 0.4534 AUC: 0.6868 | Test RMSE: 0.4842 AUC: 0.6316 | Tau (min/mean/max): 1.142/1.220/1.308
  Test RMSE: 0.4842 | Test AUC: 0.6316 | Active Dims: 30


FINAL TUNING RESULTS:
   scenario  lambda_tau  test_auc  test_rmse  active_dims
0    Post-8        1.30  0.671230   0.327725            0
1    Post-8        1.00  0.705032   0.327298            0
2    Post-8        0.80  0.710765   0.326351            0
3    Post-8        0.50  0.657616   0.328188            0
4    Post-8        0.20  0.662923   0.327025            0
5    Post-8        0.10  0.737964   0.322501            0
6    Post-8        0.05  0.749430   0.319180           30
7    Post-8        0.01  0.749979   0.316707           30
8     Pre-8        1.30  0.622942   0.476900            0
9     Pre-8        1.00  0.622595   0.477878            0
10    Pre-8        0.80  0.620304   0.478384            0
11    Pre-8        0.50  0.623289   0.478388            0
12    Pre-8        0.20  0.630925   0.475030            3
13    Pre-8        0.10  0.642476   0.478244           30
14    Pre-8        0.05  0.647491   0.482776           30
15    Pre-8        0.01  0.650222   0.484858           30
16   Pre-22        1.30  0.613507   0.464767            0
17   Pre-22        1.00  0.613094   0.466278            0
18   Pre-22        0.80  0.613822   0.466066            0
19   Pre-22        0.50  0.612982   0.466634            0
20   Pre-22        0.20  0.621205   0.465662            4
21   Pre-22        0.10  0.626543   0.472390           30
22   Pre-22        0.05  0.630321   0.479439           30
23   Pre-22        0.01  0.631554   0.484192           30
