seed,model_type,n_samples,pre_revision,j_percentage,train_retention,baseline_embedding_type,mirt_dim,rmse_mirt,auc_mirt,val_rmse_mirt,val_auc_mirt
0,beta,1,16,1.0,1.0,raw,2,0.2323706354030938,0.9388955342902712,0.4820377349417294,0.6895862023739262
0,beta,1,16,1.0,1.0,raw,3,0.2608676280052535,0.9272826953748008,0.4472182136294126,0.7289549041467199
0,beta,1,16,1.0,1.0,raw,4,0.2275284449510913,0.9609001196172248,0.4340728312526897,0.7293046538570835
0,beta,1,16,1.0,1.0,raw,5,0.2516117296561752,0.93757476076555,0.4260809482320192,0.7557216866679782
0,beta,1,16,1.0,1.0,raw,6,0.210188586998181,0.9714413875598086,0.4264171471466633,0.7278291472664875
0,beta,1,16,1.0,1.0,raw,7,0.1927899056988272,0.977671451355662,0.464708035957412,0.7094344984370559
0,beta,1,16,1.0,1.0,raw,8,0.2057391910686046,0.969946172248804,0.4386035930587696,0.7289658338251688
30,beta,1,16,1.0,1.0,raw,2,0.2621071765653964,0.9148046117743086,0.4483361073086703,0.7541776292398493
24,beta,1,16,1.0,1.0,raw,2,0.2854672003768178,0.9153603539989644,0.3809305760268349,0.8069900041522773
0,beta,1,16,1.0,1.0,raw,9,0.1853114089644223,0.9800887161084528,0.4176225387034866,0.7367040461669617
12,beta,1,16,1.0,1.0,raw,2,0.2892265885093077,0.897251233124146,0.3437137801422065,0.8685372334860753
11,beta,1,16,1.0,1.0,raw,2,0.2504654663879702,0.9352603583426652,0.3888912636063746,0.8218415637860081
23,beta,1,16,1.0,1.0,raw,2,0.3363065134475165,0.8976237437775899,0.3834817447022706,0.800104899419968
30,beta,1,16,1.0,1.0,raw,3,0.2443961980167324,0.93515967758392,0.4059931603405236,0.7756625796162169
2,beta,1,16,1.0,1.0,raw,2,0.2825146033512941,0.9111231340530704,0.3681521021673492,0.8530011655011654
47,beta,1,16,1.0,1.0,raw,2,0.3311852054383281,0.8801136363636365,0.4143481618725603,0.7520509164548592
24,beta,1,16,1.0,1.0,raw,3,0.2445996432590495,0.9349197382667233,0.4148797301585662,0.77496683242017
44,beta,1,16,1.0,1.0,raw,2,0.2677109520904068,0.903846153846154,0.4523973706604534,0.7376432028736973
40,beta,1,16,1.0,1.0,raw,2,0.2604602475257443,0.9352585002328831,0.4015225668915447,0.7842607673752139
0,beta,1,16,1.0,1.0,raw,10,0.1850260401454409,0.9838516746411484,0.4140090727975239,0.7565414125516428
11,beta,1,16,1.0,1.0,raw,3,0.2232541455714821,0.9496080627099664,0.39753816121537,0.7984979423868312
30,beta,1,16,1.0,1.0,raw,4,0.2281576678649083,0.9551576369758188,0.3990030762439109,0.7985493849107586
2,beta,1,16,1.0,1.0,raw,3,0.2846875846477428,0.910729655952586,0.3718350485169814,0.8518356643356643
23,beta,1,16,1.0,1.0,raw,3,0.3145574432207617,0.8821733821733821,0.4492938600855897,0.772224279073594
12,beta,1,16,1.0,1.0,raw,3,0.2808031930559196,0.9082046175578352,0.3356966774516414,0.8694055614838994
47,beta,1,16,1.0,1.0,raw,3,0.2412036400436296,0.9582623106060606,0.4238039880023505,0.7442966958031121
24,beta,1,16,1.0,1.0,raw,4,0.1760216817055053,0.9694487595913948,0.4057769956134371,0.7867957586007839
44,beta,1,16,1.0,1.0,raw,3,0.2719333147670699,0.9127518315018316,0.4467391701321174,0.7168413682533562
40,beta,1,16,1.0,1.0,raw,3,0.2954483638046725,0.9207731718677225,0.3892529040848746,0.7789621260540586
0,beta,1,16,1.0,1.0,raw,11,0.2210693864911852,0.9561154306220097,0.4337117318138635,0.7432837125931755
11,beta,1,16,1.0,1.0,raw,4,0.2266257625257705,0.9481382978723404,0.4020432766873466,0.802608024691358
2,beta,1,16,1.0,1.0,raw,4,0.2856679010205065,0.9093770749821706,0.3574219583813512,0.8545412920412919
5,beta,1,16,1.0,1.0,raw,2,0.3654490161475413,0.805164992826399,0.521645653177537,0.623836914227711
23,beta,1,16,1.0,1.0,raw,4,0.3200718859864531,0.9085657931811778,0.3777877580541412,0.809319593566169
30,beta,1,16,1.0,1.0,raw,5,0.1680768906882323,0.9816090194878072,0.4125815484328016,0.7911033004540791
47,beta,1,16,1.0,1.0,raw,4,0.2797102902892938,0.9221590909090908,0.4128584178824967,0.7784700266567479
12,beta,1,16,1.0,1.0,raw,4,0.1712611844507108,0.9685292823564828,0.3554257796588693,0.8646977590860586
24,beta,1,16,1.0,1.0,raw,5,0.2089542741577753,0.9576331026691144,0.4045032766784718,0.8003362331756819
44,beta,1,16,1.0,1.0,raw,4,0.267299297991422,0.913919413919414,0.4274986000484276,0.7433966859125916
40,beta,1,16,1.0,1.0,raw,4,0.2516539964081167,0.9406380996739636,0.3987659521708797,0.7859101498876357
0,beta,1,16,1.0,1.0,raw,12,0.1786360453453467,0.982680422647528,0.4239399670114768,0.7401250355214548
2,beta,1,16,1.0,1.0,raw,5,0.2841069105366924,0.9088360425940044,0.3523960298884775,0.8573926073926074
11,beta,1,16,1.0,1.0,raw,5,0.2396020631448786,0.9444288913773796,0.4045878666952132,0.820792181069959
23,beta,1,16,1.0,1.0,raw,5,0.3004004061412351,0.9084953508030432,0.4154565484133538,0.7943354313217327
5,beta,1,16,1.0,1.0,raw,3,0.2734778374482976,0.9182209469153516,0.4445342239789921,0.7027152766029436
30,beta,1,16,1.0,1.0,raw,6,0.231010406649352,0.9537292113049688,0.4116969462924272,0.7746670594569336
47,beta,1,16,1.0,1.0,raw,5,0.2890088572860797,0.9206439393939394,0.4194742700395031,0.7755563821213812
12,beta,1,16,1.0,1.0,raw,5,0.16467110963074,0.9705671213208902,0.3499454821973965,0.8701169627351286
6,beta,1,16,1.0,1.0,raw,2,0.2437211056236064,0.9489918608953016,0.3890061785825062,0.8273378713632542
19,beta,1,16,1.0,1.0,raw,2,0.2401012191191588,0.9274569845435986,0.4300470062001743,0.7379654859218892
24,beta,1,16,1.0,1.0,raw,6,0.233939441639728,0.9510426964176436,0.3955999196496039,0.7959105133632433
40,beta,1,16,1.0,1.0,raw,5,0.254713842866758,0.9396134140661389,0.4023533421826653,0.7873636682267076
44,beta,1,16,1.0,1.0,raw,5,0.2396392817407685,0.9377747252747252,0.4351449831423436,0.7420471034713696
1,beta,1,16,1.0,1.0,raw,2,0.3204083299337725,0.862291280148423,0.4837784015588171,0.6775632104509299
0,beta,1,16,1.0,1.0,raw,13,0.2166743232829159,0.9630432615629984,0.4332851136259206,0.7306380746278444
10,beta,1,16,1.0,1.0,raw,2,0.2580390570504654,0.930009476920232,0.3839429008306461,0.8483748052713569
2,beta,1,16,1.0,1.0,raw,6,0.2765556878797298,0.9206895703710992,0.3548673845799561,0.8562791375291376
38,beta,1,16,1.0,1.0,raw,2,0.2784163593739451,0.914632916498588,0.383179352593591,0.8240461215932915
11,beta,1,16,1.0,1.0,raw,6,0.248858026657145,0.9360302351623742,0.3975757929680513,0.8181687242798354
23,beta,1,16,1.0,1.0,raw,6,0.2933119988314242,0.9262703108856956,0.3963830000840866,0.7712986959562302
30,beta,1,16,1.0,1.0,raw,7,0.2331965942362923,0.9515100499948984,0.392893858763744,0.7933584583659248
18,beta,1,16,1.0,1.0,raw,2,0.4290239586019872,0.8901209677419354,0.4398639030650327,0.7660964296353037
47,beta,1,16,1.0,1.0,raw,6,0.2642465333864593,0.9386363636363636,0.3998813087976922,0.775690699068047
5,beta,1,16,1.0,1.0,raw,4,0.3365285796637713,0.9087039693926352,0.4281644357492236,0.6819489088140754
35,beta,1,16,1.0,1.0,raw,2,0.2753058905138284,0.9058707205537015,0.4082009347373207,0.7730054079675952
36,beta,1,16,1.0,1.0,raw,2,0.264579876679396,0.9180755142293604,0.4308311155706074,0.7553832077960765
43,beta,1,16,1.0,1.0,raw,2,0.3076544118490179,0.8853198083967315,0.3626462452308459,0.8512101096726313
46,beta,1,16,1.0,1.0,raw,2,0.3023618190008776,0.8859399920255183,0.4163241965805948,0.7759388435553216
20,beta,1,16,1.0,1.0,raw,2,0.3297343749580623,0.8505732548701299,0.4876449406176281,0.669549344664552
27,beta,1,16,1.0,1.0,raw,2,0.3601798498733638,0.8818993506493507,0.3997055146882686,0.7572162952766067
12,beta,1,16,1.0,1.0,raw,6,0.2897170877418237,0.9062130931153464,0.3470121159918671,0.8619567719122047
13,beta,1,16,1.0,1.0,raw,2,0.3015946993660207,0.920906976744186,0.3591932583558566,0.8566915534373257
39,beta,1,16,1.0,1.0,raw,2,0.36742237370867,0.9145482177397072,0.4097019222406698,0.7728289791969037
48,beta,1,16,1.0,1.0,raw,2,0.2857639161072959,0.8994738428018451,0.3682960455815014,0.8507927344700328
15,beta,1,16,1.0,1.0,raw,2,0.2661961977510155,0.9103100604458804,0.429871450410094,0.7554719039825422
32,beta,1,16,1.0,1.0,raw,2,0.2846741323965213,0.9174053849608776,0.3818441716938046,0.8168914639337964
25,beta,1,16,1.0,1.0,raw,2,0.3006960017291458,0.9240116982654296,0.3816295173145255,0.8140134337297853
42,beta,1,16,1.0,1.0,raw,2,0.267064067147672,0.9195826441023032,0.3706664988811259,0.8616943227671925
22,beta,1,16,1.0,1.0,raw,2,0.2659445551464238,0.9264243433222346,0.3957069178377811,0.8358233628830616
6,beta,1,16,1.0,1.0,raw,3,0.2446588204799776,0.939303551609323,0.3842826949526158,0.8138416746970659
21,beta,1,16,1.0,1.0,raw,2,0.3086910335896942,0.9255845587373062,0.3824600426678324,0.8272602739726026
19,beta,1,16,1.0,1.0,raw,3,0.2430189074785948,0.9227179935841352,0.4170663486259121,0.7727541558414127
4,beta,1,16,1.0,1.0,raw,2,0.2896528530491663,0.8963266319185902,0.5139249751019044,0.6474310274849359
31,beta,1,16,1.0,1.0,raw,2,0.3444745490717578,0.8765691827534389,0.3540913861806604,0.8699956461343893
40,beta,1,16,1.0,1.0,raw,6,0.3201534062227145,0.9174429436422916,0.3963073560798701,0.7767766942250994
24,beta,1,16,1.0,1.0,raw,7,0.1495906434646031,0.982229440286212,0.3951075659733974,0.8142311704357865
34,beta,1,16,1.0,1.0,raw,2,0.3021074756753,0.9009136592051163,0.3723968714808507,0.845130766731644
1,beta,1,16,1.0,1.0,raw,3,0.2514246936336887,0.933464749536178,0.4900009845947572,0.6672930994199572
44,beta,1,16,1.0,1.0,raw,6,0.2337190190097053,0.943543956043956,0.4420740426831352,0.7217424834346367
49,beta,1,16,1.0,1.0,raw,2,0.3025511279326094,0.9006096006304614,0.3780270630922411,0.8556363636363636
14,beta,1,16,1.0,1.0,raw,2,0.2627770250715475,0.9276529947916666,0.4075832680013403,0.8168853333333334
26,beta,1,16,1.0,1.0,raw,2,0.287844152335769,0.9057580584707646,0.3465200567096689,0.8692636791182381
16,beta,1,16,1.0,1.0,raw,2,0.2603424379734436,0.9341124661246611,0.4251769090348633,0.7811682472204053
17,beta,1,16,1.0,1.0,raw,2,0.238070918885498,0.9458990967977374,0.4026207757199427,0.7838794047281132
0,beta,1,16,1.0,1.0,raw,14,0.1794394979256082,0.9831289872408292,0.4242908044253309,0.7526723063807464
10,beta,1,16,1.0,1.0,raw,3,0.2567697011730518,0.93102651226221,0.38017434355814,0.8522062228958781
9,beta,1,16,1.0,1.0,raw,2,0.328728790161061,0.880591100855418,0.3629201509517943,0.8412572907253758
3,beta,1,16,1.0,1.0,raw,2,0.2693187318082197,0.8923834234583768,0.5120427219943812,0.6524284248225019
2,beta,1,16,1.0,1.0,raw,7,0.287863836504319,0.9111231340530704,0.3646714058718603,0.8566745754245755
38,beta,1,16,1.0,1.0,raw,3,0.2433309709924724,0.9328862444534086,0.3882993897282208,0.8270125786163522
11,beta,1,16,1.0,1.0,raw,7,0.2493218597281861,0.9375933184023888,0.3946903965315921,0.8167592592592592
8,beta,1,16,1.0,1.0,raw,2,0.3418147164184169,0.8996493688639551,0.3770796212738994,0.8398192109136897
23,beta,1,16,1.0,1.0,raw,7,0.2711612507445941,0.9280078895463512,0.3890511660476152,0.7861080258340533
30,beta,1,16,1.0,1.0,raw,8,0.2916529799837706,0.9327874706662586,0.3682585172632899,0.8075192247132801
18,beta,1,16,1.0,1.0,raw,3,0.3211089211845374,0.8897129416282642,0.4056949675335084,0.7872143495467893
7,beta,1,16,1.0,1.0,raw,2,0.2740119213857389,0.902814231554389,0.3496142232548073,0.8517434594234294
35,beta,1,16,1.0,1.0,raw,3,0.3590686777976158,0.8468668891360771,0.40525964920304,0.7578480167194536
47,beta,1,16,1.0,1.0,raw,7,0.2476133553093613,0.949313446969697,0.405014414913409,0.7642220982373484
43,beta,1,16,1.0,1.0,raw,3,0.2683459493729758,0.916478820324974,0.3619001036914994,0.857611115692257
5,beta,1,16,1.0,1.0,raw,5,0.2331524993667416,0.950023912003826,0.4523708381514091,0.7144624429030622
46,beta,1,16,1.0,1.0,raw,3,0.3055735810639279,0.8904256379585327,0.4065338940126478,0.780139510397473
36,beta,1,16,1.0,1.0,raw,3,0.2708894536977197,0.9112191227575844,0.455718739708191,0.748702072428614
27,beta,1,16,1.0,1.0,raw,3,0.2872174507230429,0.903206168831169,0.4182884918486581,0.7591521121913447
45,beta,1,16,1.0,1.0,raw,2,0.3577977897918546,0.8706201384428746,0.4522565708252414,0.5951044098164153
20,beta,1,16,1.0,1.0,raw,3,0.277042077095526,0.914645900974026,0.5029763505639289,0.6503979891076666
37,beta,1,16,1.0,1.0,raw,2,0.2404875545448904,0.934710378958619,0.3370169219966969,0.8811636363636363
15,beta,1,16,1.0,1.0,raw,3,0.2559126441772558,0.9222034603430976,0.4300343587366727,0.7612984178941626
39,beta,1,16,1.0,1.0,raw,3,0.2634257969683375,0.9219858156028368,0.4261657833289872,0.7686260280599904
29,beta,1,16,1.0,1.0,raw,2,0.3185104409554555,0.889530167118652,0.4124719913683914,0.7374529291931601
12,beta,1,16,1.0,1.0,raw,7,0.2127977396065633,0.9427320936479634,0.350919676232113,0.8657020902642647
42,beta,1,16,1.0,1.0,raw,3,0.2867664313102614,0.9152309454129024,0.3683754999347008,0.8617051118831323
48,beta,1,16,1.0,1.0,raw,3,0.274861781649462,0.9171823934357832,0.3604873153409859,0.8591014988763582
13,beta,1,16,1.0,1.0,raw,3,0.2725876270932912,0.938906976744186,0.369582683540441,0.8475967687279325
22,beta,1,16,1.0,1.0,raw,3,0.2419143336002131,0.9411995930447652,0.3882097919188729,0.8207075403467443
32,beta,1,16,1.0,1.0,raw,3,0.247236972131006,0.9345672883719832,0.4022547614193349,0.7918366923132831
25,beta,1,16,1.0,1.0,raw,3,0.2051881676575008,0.9504336425978218,0.3905782099357202,0.8165429537092496
6,beta,1,16,1.0,1.0,raw,4,0.2177279215233735,0.955304291527932,0.3936517941152397,0.815574190638263
19,beta,1,16,1.0,1.0,raw,4,0.2179343992942033,0.9454408476718188,0.4289286588502207,0.7306993642143506
33,beta,1,16,1.0,1.0,raw,2,0.2301271298976634,0.9320682322485206,0.428344587411366,0.7540367928519103
21,beta,1,16,1.0,1.0,raw,3,0.3044002352520639,0.913107718286076,0.3627368580693956,0.8459220231822973
31,beta,1,16,1.0,1.0,raw,3,0.315368280249971,0.8877586406195815,0.3414058519444011,0.8711566769639044
34,beta,1,16,1.0,1.0,raw,3,0.3099551771814925,0.9076518958428508,0.3861922909547031,0.8440850389863548
28,beta,1,16,1.0,1.0,raw,2,0.2810971056412917,0.9253500316611551,0.3622771095823081,0.8376047728084364
14,beta,1,16,1.0,1.0,raw,3,0.20708115893808,0.9510904947916666,0.4005027986028666,0.8227519999999999
4,beta,1,16,1.0,1.0,raw,3,0.2670610820340705,0.9277736411020104,0.4666640599495881,0.6690151838399818
40,beta,1,16,1.0,1.0,raw,7,0.214687854386194,0.9598975314392176,0.4271717987858608,0.7677875595324001
44,beta,1,16,1.0,1.0,raw,7,0.1824528367684732,0.9737179487179488,0.4370008243502822,0.7205146678302164
1,beta,1,16,1.0,1.0,raw,4,0.2193561992984644,0.9697588126159556,0.4331238752408307,0.6991091110411312
26,beta,1,16,1.0,1.0,raw,3,0.2819970461533441,0.9091782233883058,0.3501461000856656,0.8748420245716536
24,beta,1,16,1.0,1.0,raw,8,0.1409628439105561,0.9892905898413596,0.3764225086201916,0.8212900416240468
49,beta,1,16,1.0,1.0,raw,3,0.2554379260864886,0.9250168045801171,0.3805853420261915,0.8532272727272727
16,beta,1,16,1.0,1.0,raw,3,0.24300119391931,0.9390243902439024,0.4215288154712175,0.7938705853499018
17,beta,1,16,1.0,1.0,raw,3,0.3826454927140368,0.8944895538728218,0.4297849717992496,0.6934025384209885
10,beta,1,16,1.0,1.0,raw,4,0.261517319098446,0.9375447842267064,0.3677759933180286,0.8418698160077471
0,beta,1,16,1.0,1.0,raw,15,0.1989655662307061,0.971715510366826,0.4097011584544639,0.7574922945766934
3,beta,1,16,1.0,1.0,raw,3,0.4497222566460611,0.8205097116806905,0.4598101228945763,0.6332806249607305
9,beta,1,16,1.0,1.0,raw,3,0.2725932985883896,0.93063422138312,0.3793829053278237,0.8508533229277908
2,beta,1,16,1.0,1.0,raw,8,0.1130456735814703,0.993138725622802,0.3589480185544239,0.8484432234432233
38,beta,1,16,1.0,1.0,raw,4,0.2487066610240351,0.929659136748689,0.3813424787768231,0.8272536687631028
11,beta,1,16,1.0,1.0,raw,8,0.2226013818696667,0.9507045539380364,0.3926892479155328,0.822253086419753
23,beta,1,16,1.0,1.0,raw,8,0.2422014432400457,0.9469803700572932,0.3955496683460977,0.8007528076021228
30,beta,1,16,1.0,1.0,raw,9,0.2034083645696492,0.967452300785634,0.3828318649376484,0.7983868510072021
41,beta,1,16,1.0,1.0,raw,2,0.3716276845068386,0.9100208418177896,0.4071504992978439,0.7713672489268563
8,beta,1,16,1.0,1.0,raw,3,0.2599324429298244,0.9142823749415614,0.3953947117474998,0.8351439885555533
18,beta,1,16,1.0,1.0,raw,4,0.2888246408200265,0.9120103686635944,0.4011499601356746,0.7785756840716626
7,beta,1,16,1.0,1.0,raw,3,0.2898550123921061,0.8901283172936716,0.3654963527854936,0.8522329611731378
35,beta,1,16,1.0,1.0,raw,4,0.3487059893064191,0.8765541960202694,0.4103816366818079,0.7413117014629521
47,beta,1,16,1.0,1.0,raw,8,0.2854107282999981,0.9250473484848484,0.400205262238718,0.7771061930444487
43,beta,1,16,1.0,1.0,raw,4,0.299850659154155,0.8919179111486802,0.3685172130169598,0.8537973117836234
46,beta,1,16,1.0,1.0,raw,4,0.2389181957539113,0.9160685805422648,0.4282630544678092,0.7776607879266474
27,beta,1,16,1.0,1.0,raw,4,0.2365333438502915,0.9483225108225108,0.4269657283224571,0.6995504602942442
5,beta,1,16,1.0,1.0,raw,6,0.220279540308718,0.9591822094691536,0.4318068689080466,0.7233441888005413
36,beta,1,16,1.0,1.0,raw,4,0.2438429047133438,0.9360383206537052,0.419117338701554,0.7344567853951232
45,beta,1,16,1.0,1.0,raw,3,0.3897639512090935,0.8465234663050977,0.4443572992911953,0.5977435703320506
39,beta,1,16,1.0,1.0,raw,4,0.3555396292310044,0.9263148199318412,0.4138219962621342,0.7574080793420417
20,beta,1,16,1.0,1.0,raw,4,0.2189485211098984,0.9569551542207791,0.512324753316333,0.6479342470125881
15,beta,1,16,1.0,1.0,raw,4,0.408815371946655,0.8817756894990578,0.43551532990358,0.6952755046372068
37,beta,1,16,1.0,1.0,raw,3,0.2576931619431551,0.9302260740258834,0.3210254039560745,0.8859428571428573
42,beta,1,16,1.0,1.0,raw,4,0.3877843182919115,0.9353098358569792,0.3987708660573666,0.8661286494184667
12,beta,1,16,1.0,1.0,raw,8,0.1950386989230269,0.9523886714679388,0.3524767960696162,0.862631556922562
22,beta,1,16,1.0,1.0,raw,4,0.2389340916010582,0.9423557158712542,0.395532508361652,0.8302750397784804
29,beta,1,16,1.0,1.0,raw,3,0.2131236664459032,0.949145863755418,0.4478613704733696,0.7356524065271518
48,beta,1,16,1.0,1.0,raw,4,0.4355339937913993,0.9081890457316366,0.4394805560557568,0.8460816856689277
13,beta,1,16,1.0,1.0,raw,4,0.2948538215384701,0.931813953488372,0.3707075217240518,0.849936052295012
6,beta,1,16,1.0,1.0,raw,5,0.2357419839651119,0.9465640029596744,0.3774981338884322,0.8312796014188177
32,beta,1,16,1.0,1.0,raw,4,0.217436876797201,0.9477578422334114,0.3990729817960794,0.7938406587131006
19,beta,1,16,1.0,1.0,raw,5,0.2241558056381163,0.9438368815009236,0.4329631963103161,0.7298227826711445
25,beta,1,16,1.0,1.0,raw,4,0.1419830904411676,0.9835619201290844,0.406051458847766,0.7889749294087447
33,beta,1,16,1.0,1.0,raw,3,0.1904216862489236,0.9585105399408284,0.4754126857882881,0.7018963898432745
21,beta,1,16,1.0,1.0,raw,4,0.1892703541319398,0.9628040057224606,0.3839796529733737,0.8329715489989462
34,beta,1,16,1.0,1.0,raw,4,0.2783897982408064,0.9251941525810872,0.3803492332905102,0.8489075698505524
31,beta,1,16,1.0,1.0,raw,4,0.3388646480234287,0.8946711362848225,0.362325189632439,0.8659320382310866
14,beta,1,16,1.0,1.0,raw,4,0.2075064262291266,0.958984375,0.3919873513387658,0.8263466666666667
26,beta,1,16,1.0,1.0,raw,4,0.2743609231018469,0.9242644302848576,0.3469941338447282,0.860919468788199
4,beta,1,16,1.0,1.0,raw,4,0.257084990451754,0.9152395135269296,0.4945286068235514,0.6541747754685759
28,beta,1,16,1.0,1.0,raw,3,0.2521561241012487,0.9410398930556532,0.3792933030750927,0.8393903745562254
1,beta,1,16,1.0,1.0,raw,5,0.2890416215109564,0.9386363636363636,0.4371920591802417,0.6808646803669203
40,beta,1,16,1.0,1.0,raw,8,0.2236285063483093,0.9566371681415928,0.4005709172431521,0.7757045955920252
49,beta,1,16,1.0,1.0,raw,4,0.2539125148293746,0.921887675868623,0.3770170997528495,0.857020202020202
44,beta,1,16,1.0,1.0,raw,8,0.2379902720221341,0.9484203296703296,0.423772131389752,0.7399466255365351
24,beta,1,16,1.0,1.0,raw,9,0.1874992450063128,0.9792637574730498,0.4098517604660231,0.7825320788730111
10,beta,1,16,1.0,1.0,raw,5,0.2281398454826168,0.9503270693202044,0.377733598647163,0.8345543345543346
3,beta,1,16,1.0,1.0,raw,4,0.359487287974397,0.8483231892140936,0.4276047775908492,0.7120866232433452
17,beta,1,16,1.0,1.0,raw,4,0.2025972166969578,0.9556837879755496,0.417242113746275,0.7681866104375329
2,beta,1,16,1.0,1.0,raw,9,0.2868736622972403,0.9155989474460812,0.3666764822462499,0.854811854811855
16,beta,1,16,1.0,1.0,raw,4,0.2697415429885212,0.9212156407278358,0.4429850069053421,0.7907333224329627
38,beta,1,16,1.0,1.0,raw,5,0.1498010523030495,0.9749647035094796,0.3771703025291721,0.8122851153039834
0,beta,1,16,1.0,1.0,raw,16,0.2632051363534411,0.9362539872408294,0.4288502425572591,0.723085666819682
9,beta,1,16,1.0,1.0,raw,4,0.3202209341779375,0.8866978999137589,0.3592794332731245,0.8382383143021441
11,beta,1,16,1.0,1.0,raw,9,0.2508715101720651,0.9411627472937664,0.4086345965827202,0.8154423868312757
23,beta,1,16,1.0,1.0,raw,9,0.2982207714653078,0.9047853855546162,0.3783761672035666,0.8126414085318195
30,beta,1,16,1.0,1.0,raw,10,0.1338106820117976,0.991786552392613,0.3879891538382146,0.7938155849696773
18,beta,1,16,1.0,1.0,raw,5,0.3101986306011464,0.8940572196620583,0.399861744739981,0.7856185369590194
35,beta,1,16,1.0,1.0,raw,5,0.2796325533720231,0.9020145841057966,0.4133299519447995,0.7664986103031478
7,beta,1,16,1.0,1.0,raw,4,0.2944482322077867,0.8934820647419073,0.3764995356109815,0.8503999333444426
41,beta,1,16,1.0,1.0,raw,3,0.2705689096138795,0.9434156625062884,0.4158653023508956,0.7781248671851757
47,beta,1,16,1.0,1.0,raw,9,0.262137178177236,0.9403882575757576,0.3993495338750057,0.7712065794639722
8,beta,1,16,1.0,1.0,raw,4,0.2817035303220309,0.907059373539037,0.3669814485335874,0.829763854622354
43,beta,1,16,1.0,1.0,raw,5,0.3031629789293976,0.8895463510848126,0.3663535895662568,0.8553228333470767
46,beta,1,16,1.0,1.0,raw,5,0.1957784054877564,0.9675039872408292,0.4151597330035575,0.7746994823199087
27,beta,1,16,1.0,1.0,raw,5,0.2897439990660599,0.9101957070707072,0.4343014174510478,0.7312333304654565
5,beta,1,16,1.0,1.0,raw,7,0.1913991556993784,0.9767336202773792,0.4317767588811233,0.7088902047030959
45,beta,1,16,1.0,1.0,raw,4,0.3594986661347751,0.8898641737434287,0.4465422631998014,0.6018968309044644
39,beta,1,16,1.0,1.0,raw,5,0.1622439079004252,0.979782628718799,0.4265840469060524,0.7711155458796969
15,beta,1,16,1.0,1.0,raw,5,0.2719484794458816,0.9165748966057314,0.4293577142426028,0.7580360065466448
36,beta,1,16,1.0,1.0,raw,5,0.2333448979089093,0.94136846059923,0.4314635936478406,0.7622452019234862
42,beta,1,16,1.0,1.0,raw,5,0.2549155349480817,0.9426899096577172,0.3716425802497359,0.851013097986751
37,beta,1,16,1.0,1.0,raw,4,0.2355315442259941,0.945049838518553,0.3359959462799758,0.8737558441558442
22,beta,1,16,1.0,1.0,raw,5,0.2653660353351633,0.9360895301516832,0.3892518130623421,0.8404624635794432
20,beta,1,16,1.0,1.0,raw,5,0.1998058345161396,0.9735440340909092,0.4792533948058718,0.6618289544556826
12,beta,1,16,1.0,1.0,raw,9,0.1243600220443528,0.9864066878169648,0.3549927049545465,0.8550206097127193
6,beta,1,16,1.0,1.0,raw,6,0.2326547353757971,0.9535932297447282,0.3815032407153013,0.829383060299756
29,beta,1,16,1.0,1.0,raw,4,0.3665515383864384,0.8989639107155274,0.4237381624295677,0.7290264831162416
19,beta,1,16,1.0,1.0,raw,6,0.2330745221016999,0.9392923106833868,0.4241523381581694,0.7634285955685105
48,beta,1,16,1.0,1.0,raw,5,0.2250212334839251,0.9410796652991216,0.3618082928487884,0.8558233511329196
13,beta,1,16,1.0,1.0,raw,5,0.2707114709665736,0.9337790697674418,0.3785623188959916,0.8551393185470207
32,beta,1,16,1.0,1.0,raw,5,0.3164618407970243,0.9146869016381816,0.3837674743948233,0.8078788067574163
25,beta,1,16,1.0,1.0,raw,5,0.1921979722992282,0.9573416700282372,0.3954710766721216,0.8128369128091041
31,beta,1,16,1.0,1.0,raw,5,0.4322997019683566,0.8894463067853426,0.4331047290335513,0.8656210478303237
34,beta,1,16,1.0,1.0,raw,5,0.2997479959871116,0.9148926450433988,0.3514225363275483,0.8369476933073425
14,beta,1,16,1.0,1.0,raw,5,0.238758242911701,0.946316189236111,0.3943863215385672,0.813504
26,beta,1,16,1.0,1.0,raw,5,0.2179954235614742,0.9602464392803598,0.3475383279952796,0.8813164273727392
33,beta,1,16,1.0,1.0,raw,4,0.2328957527233416,0.9287629437869822,0.4370188962890411,0.7521692925165857
21,beta,1,16,1.0,1.0,raw,5,0.2903892894321093,0.9152419146790496,0.363951567092186,0.8454162276080084
4,beta,1,16,1.0,1.0,raw,5,0.2326434545796457,0.9542069992553984,0.4494297361396918,0.6769765529873348
1,beta,1,16,1.0,1.0,raw,6,0.1951919183441708,0.9699211502782932,0.4800693433562131,0.6770959254782052
28,beta,1,16,1.0,1.0,raw,4,0.225911405198735,0.9600131335162644,0.3852393434042074,0.8453301262525471
10,beta,1,16,1.0,1.0,raw,6,0.2240259055656032,0.9548806139195156,0.3759848655675606,0.8470169677066229
3,beta,1,16,1.0,1.0,raw,5,0.1447691184320773,0.9884090302868644,0.469605285469339,0.6883573837099712
40,beta,1,16,1.0,1.0,raw,9,0.3371532641469631,0.9189799720540288,0.4077585710844393,0.7674886089520236
49,beta,1,16,1.0,1.0,raw,5,0.2807704094910022,0.9204274158032588,0.3728592485661754,0.8561212121212122
38,beta,1,16,1.0,1.0,raw,6,0.2830697896738477,0.9227511093182736,0.3873989981104647,0.8261635220125786
2,beta,1,16,1.0,1.0,raw,10,0.1209628566754029,0.9928190246661583,0.354100602196529,0.8553946053946054
44,beta,1,16,1.0,1.0,raw,9,0.1743363654840623,0.9805860805860808,0.4241931415788042,0.7309764685587881
24,beta,1,16,1.0,1.0,raw,10,0.1916689724023315,0.9718966247705126,0.3797715521818592,0.820854558896507
16,beta,1,16,1.0,1.0,raw,5,0.2199807371164815,0.9578010065814944,0.4115512557872475,0.7711637508175279
11,beta,1,16,1.0,1.0,raw,10,0.2358625728798517,0.9434490481522956,0.404246193478037,0.8117386831275719
17,beta,1,16,1.0,1.0,raw,5,0.219850335757932,0.9558206368032114,0.4098165649519637,0.7851465877296135
23,beta,1,16,1.0,1.0,raw,10,0.1667485718837532,0.9846200807739268,0.3882854400040269,0.8126619770455387
0,beta,1,16,1.0,1.0,raw,17,0.1831125080027133,0.9823066188197768,0.4122209623866067,0.7382669901851486
9,beta,1,16,1.0,1.0,raw,5,0.160923903316831,0.9824953965923128,0.3859861737033214,0.8354760535611598
30,beta,1,16,1.0,1.0,raw,11,0.2023424792894208,0.9689827568615448,0.3963541841277203,0.7979601995103667
35,beta,1,16,1.0,1.0,raw,6,0.3161505030559994,0.8740081572117168,0.4158364030798605,0.7673712106521879
7,beta,1,16,1.0,1.0,raw,5,0.2622576190589019,0.9240789345776222,0.3598390775535378,0.8477232961173138
47,beta,1,16,1.0,1.0,raw,10,0.2340592403083022,0.9562973484848484,0.3993975722212874,0.7742442088731842
18,beta,1,16,1.0,1.0,raw,6,0.1779656843837385,0.97031009984639,0.4045508872135944,0.7862249457423721
43,beta,1,16,1.0,1.0,raw,6,0.2833997504258453,0.9161031276415892,0.3569051624251798,0.8525810175641131
41,beta,1,16,1.0,1.0,raw,4,0.2333954846821826,0.9544833864360492,0.4315702286013739,0.7576820094351651
8,beta,1,16,1.0,1.0,raw,5,0.260581120380886,0.9260402057036,0.4028085967674577,0.8363153857317605
46,beta,1,16,1.0,1.0,raw,6,0.2770990447320101,0.915420653907496,0.4144173127574679,0.7727691497762567
27,beta,1,16,1.0,1.0,raw,6,0.227881047698524,0.9513663419913418,0.4211365453315642,0.7556891508216468
15,beta,1,16,1.0,1.0,raw,6,0.2308368733214386,0.944081442870078,0.4261929857320822,0.7574358974358975
39,beta,1,16,1.0,1.0,raw,6,0.3799871776952267,0.8967256148107212,0.4142604570605636,0.7747187953555879
5,beta,1,16,1.0,1.0,raw,8,0.193346870865766,0.966594930655189,0.4653221201366554,0.6773282862459822
42,beta,1,16,1.0,1.0,raw,6,0.2619107524255875,0.9271154090851254,0.3699418309276107,0.8595472886951644
45,beta,1,16,1.0,1.0,raw,5,0.189190466189942,0.9780441970551156,0.4824363922529454,0.6063129560700692
22,beta,1,16,1.0,1.0,raw,6,0.2515379716039289,0.9471420643729188,0.3925300492793024,0.838664682908685
37,beta,1,16,1.0,1.0,raw,5,0.274064272110363,0.929575501289528,0.3262935913860372,0.8828987012987013
36,beta,1,16,1.0,1.0,raw,6,0.2741910632466937,0.9110077956231802,0.4315329542549729,0.7564258053534193
6,beta,1,16,1.0,1.0,raw,7,0.2235047585953659,0.954009433962264,0.3778275147160952,0.8322637524860066
29,beta,1,16,1.0,1.0,raw,5,0.2665159346457995,0.9223048930301556,0.4228688295992758,0.7413214807498405
19,beta,1,16,1.0,1.0,raw,7,0.1325905712761696,0.9901574803149604,0.4009124332955888,0.7713600743510128
20,beta,1,16,1.0,1.0,raw,6,0.1914996678234934,0.9757000811688312,0.469727625221113,0.6614499172102859
12,beta,1,16,1.0,1.0,raw,10,0.116900031837554,0.9908760391820854,0.338254996728044,0.8705982047580191
48,beta,1,16,1.0,1.0,raw,6,0.2341033553435623,0.9330830030364138,0.3709814403639423,0.8462569325608725
13,beta,1,16,1.0,1.0,raw,6,0.2558570308432319,0.948046511627907,0.3762170790213688,0.85191460521857
14,beta,1,16,1.0,1.0,raw,6,0.2423282491177073,0.9345703125,0.3987095222137827,0.8084693333333334
32,beta,1,16,1.0,1.0,raw,6,0.2230280398885711,0.9626504030447012,0.3884462823281618,0.7924596870489777
31,beta,1,16,1.0,1.0,raw,6,0.3534635747875195,0.8762224020344468,0.3628046744962349,0.8737275309435449
34,beta,1,16,1.0,1.0,raw,6,0.3099050547192176,0.9181589767016904,0.3891329307078839,0.8455165692007798
25,beta,1,16,1.0,1.0,raw,6,0.1900594584702419,0.9690147236789028,0.4048387333254715,0.8016920509968342
26,beta,1,16,1.0,1.0,raw,6,0.2754303518007843,0.93005059970015,0.363564104282249,0.873402117388692
21,beta,1,16,1.0,1.0,raw,6,0.325921219321296,0.9132249818241516,0.371053914391499,0.8437723919915702
33,beta,1,16,1.0,1.0,raw,5,0.2360369804163476,0.9341947115384616,0.4420067913291006,0.7547280775064228
10,beta,1,16,1.0,1.0,raw,7,0.2231674599918906,0.9451032059727712,0.3849083688920298,0.8486800555766073
3,beta,1,16,1.0,1.0,raw,6,0.2192939483724526,0.9545575789907612,0.4280382757686009,0.7158564936016922
4,beta,1,16,1.0,1.0,raw,6,0.2085155594112083,0.9665922065028544,0.4364749275579337,0.6770598091352809
38,beta,1,16,1.0,1.0,raw,7,0.1266618688816116,0.9846964501815249,0.3802886599338292,0.8302410901467506
2,beta,1,16,1.0,1.0,raw,11,0.2698960392645803,0.9321742124289896,0.3497139545214489,0.8614198301698301
1,beta,1,16,1.0,1.0,raw,7,0.1825599070589824,0.9821196660482376,0.4678186064317153,0.6818195670503144
28,beta,1,16,1.0,1.0,raw,5,0.2405391403694204,0.9545955580571778,0.3910087417164365,0.8393378568577611
40,beta,1,16,1.0,1.0,raw,10,0.1605092844613585,0.9854680950163018,0.4183692795607729,0.7733954600746346
23,beta,1,16,1.0,1.0,raw,11,0.2041530452939787,0.9642622334930028,0.3878339044103337,0.8140709202353037
49,beta,1,16,1.0,1.0,raw,6,0.2276384603138356,0.9401756947824677,0.3655749482350527,0.8598989898989899
11,beta,1,16,1.0,1.0,raw,11,0.2429853341676871,0.947415080253826,0.3926162321659572,0.808158436213992
44,beta,1,16,1.0,1.0,raw,10,0.2318600829228233,0.9529990842490842,0.4287070619586091,0.7552993942099868
24,beta,1,16,1.0,1.0,raw,11,0.2633005423792705,0.9340959374852892,0.3899723131487941,0.8116182740705482
16,beta,1,16,1.0,1.0,raw,6,0.2120399364949428,0.95734126984127,0.4156330122211266,0.7860325376062787
17,beta,1,16,1.0,1.0,raw,6,0.1950325389911761,0.9707143508803942,0.4095959605789399,0.7747962369733586
30,beta,1,16,1.0,1.0,raw,12,0.1894312187193036,0.9744413835322926,0.3954942488993684,0.7959386840848833
35,beta,1,16,1.0,1.0,raw,7,0.3521991792619176,0.8827833395130392,0.4028955767824499,0.7754077521384095
7,beta,1,16,1.0,1.0,raw,6,0.2801217389697835,0.9043695926898028,0.3666412267023624,0.8491605565739044
47,beta,1,16,1.0,1.0,raw,11,0.2351195588747275,0.9550189393939392,0.3989369310293991,0.7787696567685408
9,beta,1,16,1.0,1.0,raw,6,0.3285813790830086,0.8891918980024706,0.3615336478021351,0.8456214573235851
0,beta,1,16,1.0,1.0,raw,18,0.1843213819677212,0.9808612440191388,0.4156546123252402,0.7577546068594663
18,beta,1,16,1.0,1.0,raw,7,0.2818503198370777,0.9211309523809524,0.3927465238981893,0.7913634622749905
43,beta,1,16,1.0,1.0,raw,7,0.2756527133771431,0.913050624589086,0.356610863270036,0.8556835985816773
46,beta,1,16,1.0,1.0,raw,7,0.1880748004725669,0.969298245614035,0.4075512586428877,0.7913595683074494
27,beta,1,16,1.0,1.0,raw,7,0.2499373178579168,0.937094155844156,0.4133658937190038,0.7653037081648457
41,beta,1,16,1.0,1.0,raw,5,0.2354388490637722,0.9592985650288672,0.4138491458749892,0.7812911725955204
8,beta,1,16,1.0,1.0,raw,6,0.2454653087838541,0.9316970546984572,0.3921679921256829,0.8187029627018847
39,beta,1,16,1.0,1.0,raw,7,0.3444416825004733,0.9313346228239848,0.4118578898301318,0.7652495565231414
15,beta,1,16,1.0,1.0,raw,7,0.1612649433656399,0.9835058610478916,0.4327358832180656,0.7553955264593563
42,beta,1,16,1.0,1.0,raw,7,0.2022554418447087,0.9605547779615728,0.3593952753732964,0.8672183501283904
5,beta,1,16,1.0,1.0,raw,9,0.204964742652464,0.9688187470109996,0.462022458155053,0.6801408391135171
45,beta,1,16,1.0,1.0,raw,6,0.3854081651248301,0.87092937510407,0.4462938204121464,0.5695750005257292
22,beta,1,16,1.0,1.0,raw,7,0.1299514445766914,0.9877450980392156,0.3791919299851381,0.8477362428450396
6,beta,1,16,1.0,1.0,raw,8,0.2174516618524133,0.960160007399186,0.3717491986959373,0.841920734832797
37,beta,1,16,1.0,1.0,raw,6,0.2004050946728043,0.9597109598271336,0.3321616645950919,0.8860363636363635
36,beta,1,16,1.0,1.0,raw,7,0.2446225787960573,0.937822860899784,0.429643732789618,0.7457019447636068
19,beta,1,16,1.0,1.0,raw,8,0.2790670182651526,0.9067755419461456,0.3951495207805254,0.7738314006294489
29,beta,1,16,1.0,1.0,raw,6,0.2529838827977868,0.9449968708712884,0.3952577341916684,0.7762721978722966
20,beta,1,16,1.0,1.0,raw,7,0.239769571246365,0.948432426948052,0.4833023438165378,0.6836934187164602
48,beta,1,16,1.0,1.0,raw,7,0.3940854906398336,0.8988480170595463,0.4033157311426391,0.8650598932024823
31,beta,1,16,1.0,1.0,raw,7,0.301421376051976,0.903433129118021,0.3608933178170752,0.8737067982501607
12,beta,1,16,1.0,1.0,raw,11,0.2011537543718772,0.9430794525623508,0.3512874056797073,0.8634423451133011
34,beta,1,16,1.0,1.0,raw,7,0.4443198735613569,0.9035175879396984,0.4438862463832404,0.8354653996101365
26,beta,1,16,1.0,1.0,raw,7,0.2722942430296013,0.9341266866566716,0.3657218006159675,0.8749248969275074
14,beta,1,16,1.0,1.0,raw,7,0.2073906801405176,0.956271701388889,0.3861817571543615,0.8249599999999999
13,beta,1,16,1.0,1.0,raw,7,0.3106948571931165,0.922906976744186,0.3851443909836988,0.8559045047605514
32,beta,1,16,1.0,1.0,raw,7,0.1552950166306483,0.979717750514148,0.3942802499463799,0.8176598241078196
25,beta,1,16,1.0,1.0,raw,7,0.2189852097135075,0.9556272690601048,0.3792877636177543,0.8114250877042868
21,beta,1,16,1.0,1.0,raw,7,0.2900380863468685,0.9163676446445742,0.3706710214652076,0.8388514225500527
3,beta,1,16,1.0,1.0,raw,7,0.1972049770983072,0.967676228812532,0.4815319826678902,0.6179131673194127
33,beta,1,16,1.0,1.0,raw,6,0.2342901314620044,0.9339173446745562,0.4311308461205171,0.7586384787610528
10,beta,1,16,1.0,1.0,raw,8,0.2741427047141834,0.9364121766867762,0.3740537546485176,0.8494379184034357
2,beta,1,16,1.0,1.0,raw,12,0.2723623254539704,0.9242800580380198,0.3542330927357626,0.8598692973692974
38,beta,1,16,1.0,1.0,raw,8,0.1256656061800412,0.9848225090762404,0.3726835828629969,0.8300314465408805
23,beta,1,16,1.0,1.0,raw,12,0.2714573002768997,0.9286888325349864,0.3843647567810799,0.7883911308568843
4,beta,1,16,1.0,1.0,raw,7,0.2356017433143294,0.9499379498634896,0.4757896159521755,0.6677143065283226
11,beta,1,16,1.0,1.0,raw,12,0.1706954295259118,0.9793999626726392,0.392399248962821,0.8271399176954732
1,beta,1,16,1.0,1.0,raw,8,0.1863884662193288,0.9777365491651206,0.4527055344434372,0.6990380024583253
28,beta,1,16,1.0,1.0,raw,6,0.1789470634383113,0.9761485963554491,0.3775933121622873,0.8465642921664601
30,beta,1,16,1.0,1.0,raw,13,0.3302914308308362,0.9468676665646364,0.3923246219944578,0.8008248595605489
49,beta,1,16,1.0,1.0,raw,7,0.294540891818374,0.9127552557772988,0.3755413955406181,0.8595404040404042
40,beta,1,16,1.0,1.0,raw,11,0.2481508187402327,0.9430367955286448,0.3991890159029866,0.7866936065810363
7,beta,1,16,1.0,1.0,raw,7,0.2686729032247778,0.9088412559541168,0.3537562483987181,0.8492126312281286
44,beta,1,16,1.0,1.0,raw,11,0.1490185620571564,0.9892170329670328,0.4245164265886041,0.7325492902008138
35,beta,1,16,1.0,1.0,raw,8,0.3704395349921976,0.8734149054505005,0.4085621692130349,0.7640962661323336
47,beta,1,16,1.0,1.0,raw,12,0.246761528628473,0.9473958333333332,0.4080990015135003,0.7781807286177753
24,beta,1,16,1.0,1.0,raw,12,0.2767794738562659,0.924822294402862,0.3712951113846763,0.8171884019809401
16,beta,1,16,1.0,1.0,raw,7,0.2426967343163328,0.9451461478900504,0.396465094337138,0.7963129496402878
17,beta,1,16,1.0,1.0,raw,7,0.201368217576627,0.9654228628774746,0.4069564618834152,0.7835752808077532
18,beta,1,16,1.0,1.0,raw,8,0.2305940109848032,0.948708717357911,0.4188806266019719,0.7744904038469722
43,beta,1,16,1.0,1.0,raw,8,0.2684372662553225,0.9259650605804453,0.3586909584148549,0.8608889255380556
9,beta,1,16,1.0,1.0,raw,7,0.2715713718356662,0.9370906463417475,0.3685078925267095,0.8344183849502999
0,beta,1,16,1.0,1.0,raw,19,0.18412802447977,0.9818082137161084,0.4266303284483053,0.746682842590771
27,beta,1,16,1.0,1.0,raw,8,0.2905498463867745,0.9080312049062048,0.4133422272953288,0.7550116149014885
46,beta,1,16,1.0,1.0,raw,8,0.1697456662979511,0.981658692185008,0.407001222612152,0.7933228042467315
41,beta,1,16,1.0,1.0,raw,6,0.2665528752511248,0.9421220324365762,0.4234842936149046,0.7738854179948149
15,beta,1,16,1.0,1.0,raw,8,0.2324374057485456,0.9470915008687566,0.4273990204825755,0.757075831969449
39,beta,1,16,1.0,1.0,raw,8,0.3500628168070251,0.914456111264622,0.4073096540467815,0.7683337364941139
8,beta,1,16,1.0,1.0,raw,7,0.1842757099121634,0.9748246844319776,0.3997729491516567,0.8418717475587254
42,beta,1,16,1.0,1.0,raw,8,0.2621522984840665,0.9474233363023286,0.3407402709711122,0.8630213840277927
22,beta,1,16,1.0,1.0,raw,8,0.1219485667609094,0.9886699963004068,0.385058373942882,0.8432521232409647
45,beta,1,16,1.0,1.0,raw,7,0.3142055579460307,0.9283998192154904,0.4511551131400417,0.5914453346792
5,beta,1,16,1.0,1.0,raw,10,0.1948406050060392,0.9728120516499282,0.4371906276588277,0.7135425477922518
6,beta,1,16,1.0,1.0,raw,9,0.2334073037095519,0.9491305956344802,0.3751517624529051,0.8253336887212188
19,beta,1,16,1.0,1.0,raw,9,0.2337630468567647,0.9326334208223972,0.4214700238574945,0.7659316055171832
37,beta,1,16,1.0,1.0,raw,7,0.2576833748405144,0.9391714491507702,0.3260088758869284,0.8827428571428572
36,beta,1,16,1.0,1.0,raw,8,0.2331193428401424,0.9480135249366018,0.4317587953951661,0.7447763734627004
31,beta,1,16,1.0,1.0,raw,8,0.3161241781096598,0.892867876546064,0.3441885296737095,0.8775527128729292
34,beta,1,16,1.0,1.0,raw,8,0.2315679056486462,0.958839652809502,0.3653775102970885,0.8419022092267706
20,beta,1,16,1.0,1.0,raw,8,0.2532951042438603,0.9328327922077922,0.4461115477797869,0.6889101681728409
29,beta,1,16,1.0,1.0,raw,7,0.1621800521378998,0.9822682706348655,0.4302198926498036,0.7458176430643867
48,beta,1,16,1.0,1.0,raw,8,0.4368703773428605,0.9121757874973924,0.440957372854259,0.8387677050904067
26,beta,1,16,1.0,1.0,raw,8,0.2504599631440573,0.9336113193403298,0.3601092012005829,0.877535376136905
14,beta,1,16,1.0,1.0,raw,8,0.2567317156498114,0.9386121961805556,0.386233921734871,0.8209066666666667
12,beta,1,16,1.0,1.0,raw,12,0.1218321498711392,0.9860593289025774,0.3485216022142222,0.8635992718598958
32,beta,1,16,1.0,1.0,raw,8,0.3055504657882576,0.9220149871167528,0.3877387226698019,0.8020226562418882
13,beta,1,16,1.0,1.0,raw,8,0.2874355928175681,0.9272325581395348,0.3817943345452347,0.8476842185809076
25,beta,1,16,1.0,1.0,raw,8,0.172084669624833,0.9669221460266236,0.3860977079712723,0.8160456062291435
3,beta,1,16,1.0,1.0,raw,8,0.1848444844970556,0.9701253667644706,0.4513354149550428,0.709887532200976
10,beta,1,16,1.0,1.0,raw,9,0.2642410351938706,0.9431615930471766,0.3681643053453692,0.8454065091996127
2,beta,1,16,1.0,1.0,raw,13,0.2792227986943597,0.9175663379485036,0.350759967761563,0.8632045038295038
21,beta,1,16,1.0,1.0,raw,8,0.3907947171593102,0.9048523652055628,0.4100384315935768,0.849567966280295
23,beta,1,16,1.0,1.0,raw,13,0.2188678321917392,0.9540715694561848,0.4002251259760623,0.8013801472705583
33,beta,1,16,1.0,1.0,raw,7,0.1791144230176233,0.9696052144970416,0.4339503119532069,0.7470207694926796
38,beta,1,16,1.0,1.0,raw,9,0.1305996395320248,0.9849989915288424,0.3673234038760498,0.8394654088050316
11,beta,1,16,1.0,1.0,raw,13,0.2057227856012624,0.9602930197835012,0.3939269130118769,0.8181275720164609
30,beta,1,16,1.0,1.0,raw,14,0.3271318004420226,0.9343179267421692,0.3814319903210034,0.8141831147590942
7,beta,1,16,1.0,1.0,raw,8,0.2841504793133872,0.9017692232915332,0.3582693381976593,0.8562010498250292
4,beta,1,16,1.0,1.0,raw,8,0.2154847120634104,0.954753040456689,0.4568766307932167,0.6512399962534734
35,beta,1,16,1.0,1.0,raw,9,0.2702870208110053,0.9134841181559756,0.4069514271376122,0.7683838579708273
1,beta,1,16,1.0,1.0,raw,9,0.1673030246916513,0.9858070500927644,0.4368800812126968,0.7139809632165458
47,beta,1,16,1.0,1.0,raw,13,0.1779894099413756,0.9750710227272728,0.4344536785526244,0.7312007935031927
28,beta,1,16,1.0,1.0,raw,7,0.2340201234336112,0.9542672201505664,0.3863861503263302,0.8378463542213725
49,beta,1,16,1.0,1.0,raw,8,0.3138918517415038,0.90668242820388,0.3779243252001688,0.8604242424242424
43,beta,1,16,1.0,1.0,raw,9,0.138067000842868,0.9854888701042548,0.3601809255293525,0.8514987218603117
44,beta,1,16,1.0,1.0,raw,12,0.1736317929558702,0.9812042124542124,0.4298179081782774,0.7394798526621273
40,beta,1,16,1.0,1.0,raw,12,0.2144410086511227,0.95985095482068,0.4054949970607014,0.7877863224955157
18,beta,1,16,1.0,1.0,raw,9,0.2044466560048781,0.9673819124423964,0.4018754363168866,0.7948210562151581
24,beta,1,16,1.0,1.0,raw,13,0.2498499002469062,0.9396036341383044,0.3764987440468254,0.8165807516634428
16,beta,1,16,1.0,1.0,raw,8,0.2271665790558975,0.9554055361982192,0.4064097273874724,0.8048050196206671
17,beta,1,16,1.0,1.0,raw,8,0.2093518582408268,0.9660386826019524,0.4025340509819934,0.772565994890718
27,beta,1,16,1.0,1.0,raw,9,0.2317189558598021,0.9553796897546898,0.4057089981368007,0.7458057300180676
46,beta,1,16,1.0,1.0,raw,9,0.1765828610385857,0.975328947368421,0.4024320338897424,0.7744581907519524
9,beta,1,16,1.0,1.0,raw,8,0.1483440795353953,0.9876465515232036,0.3800199795477352,0.8363488868808018
0,beta,1,16,1.0,1.0,raw,20,0.1845632279262533,0.981907894736842,0.4128570824516759,0.7430651190241983
15,beta,1,16,1.0,1.0,raw,9,0.235493059479232,0.9428088980251084,0.4290862645446521,0.7579050736497545
39,beta,1,16,1.0,1.0,raw,9,0.1950751006258996,0.9613152804642168,0.4187740518295615,0.7635865183034994
41,beta,1,16,1.0,1.0,raw,7,0.2708769115209797,0.9428646719210406,0.4186856013925648,0.7741191720855116
42,beta,1,16,1.0,1.0,raw,9,0.2613849218939987,0.9435042626288332,0.3583754446361539,0.8604859417819304
8,beta,1,16,1.0,1.0,raw,8,0.1438917562473618,0.987540906965872,0.3787256774079912,0.8404515580619079
22,beta,1,16,1.0,1.0,raw,9,0.2210785870693834,0.9501711061783203,0.384268075911212,0.8463724092327403
45,beta,1,16,1.0,1.0,raw,8,0.3780433621827694,0.8611289516877185,0.4476976598523814,0.5792379029714213
6,beta,1,16,1.0,1.0,raw,10,0.2322666306895717,0.9544950055493896,0.3735001292043358,0.8373895392942816
19,beta,1,16,1.0,1.0,raw,10,0.1866178822702686,0.9653932147370468,0.4078272498960208,0.7587710960437656
5,beta,1,16,1.0,1.0,raw,11,0.171101852338366,0.9845767575322812,0.4457080991235075,0.6897521569954321
37,beta,1,16,1.0,1.0,raw,8,0.2305477136372405,0.9522990775807988,0.3271201278052567,0.8894649350649352
31,beta,1,16,1.0,1.0,raw,9,0.3109464054653459,0.9024852618194428,0.3424804717956665,0.8758940974021935
36,beta,1,16,1.0,1.0,raw,9,0.3373163116342916,0.9110782380013148,0.4006205201158874,0.7501383037576067
34,beta,1,16,1.0,1.0,raw,9,0.4410790099688781,0.9164915486523526,0.4412261291563378,0.8472679093567251
26,beta,1,16,1.0,1.0,raw,9,0.2863356096192393,0.910232383808096,0.3465052205968164,0.8767066525783662
14,beta,1,16,1.0,1.0,raw,9,0.2184994488846661,0.9486219618055556,0.3898514527073999,0.820448
29,beta,1,16,1.0,1.0,raw,8,0.2273291901058694,0.9540133973066316,0.3962771433188879,0.7804185443545897
48,beta,1,16,1.0,1.0,raw,9,0.2116949733178573,0.9464339522054565,0.3548564878031101,0.863224955157413
20,beta,1,16,1.0,1.0,raw,9,0.2968307135827986,0.9267704951298702,0.4347790163347858,0.6750453847228041
12,beta,1,16,1.0,1.0,raw,13,0.2739139357128858,0.9220526596114212,0.3477303286719604,0.8594354821835832
3,beta,1,16,1.0,1.0,raw,9,0.2071863529121785,0.9623899706588424,0.4221648350920756,0.7424445514901459
10,beta,1,16,1.0,1.0,raw,10,0.2629968267129693,0.9452418926103135,0.3617368294006183,0.8447328533535431
32,beta,1,16,1.0,1.0,raw,9,0.2725648032574168,0.9288230149161998,0.377522882942724,0.8094155271054626
2,beta,1,16,1.0,1.0,raw,14,0.2190575056146128,0.952635073654182,0.3616600986000044,0.8566849816849818
13,beta,1,16,1.0,1.0,raw,9,0.2261894953819691,0.956279069767442,0.3617932599240665,0.860779834063904
25,beta,1,16,1.0,1.0,raw,9,0.1744362929082701,0.9764521984671238,0.3905799076756736,0.814580302900659
23,beta,1,16,1.0,1.0,raw,14,0.1742505609012097,0.9799239222316144,0.3865133954054902,0.8124665761652063
21,beta,1,16,1.0,1.0,raw,9,0.3188014559258441,0.9191585168507704,0.3720568356613868,0.8409694415173867
11,beta,1,16,1.0,1.0,raw,14,0.1511095007031174,0.9872620380739082,0.3948359870524909,0.8199279835390947
38,beta,1,16,1.0,1.0,raw,10,0.1365261560586881,0.9825030254134732,0.3651467488480666,0.8364570230607966
30,beta,1,16,1.0,1.0,raw,15,0.3128108266924787,0.9513825119885726,0.385325262039344,0.8119482735851932
35,beta,1,16,1.0,1.0,raw,10,0.304581892833791,0.8861945371400322,0.4002767075164667,0.7612845538965376
33,beta,1,16,1.0,1.0,raw,8,0.2954144438125062,0.9227302144970414,0.406150218740684,0.7573178155404916
7,beta,1,16,1.0,1.0,raw,9,0.2797147519138399,0.902960046660834,0.3531311747762224,0.8499104315947341
47,beta,1,16,1.0,1.0,raw,14,0.2725116176709751,0.9343039772727272,0.4019878628236538,0.7833157688095386
43,beta,1,16,1.0,1.0,raw,10,0.1068949433591828,0.9923217807833192,0.3503933008064156,0.8615176878040737
1,beta,1,16,1.0,1.0,raw,10,0.1776571630087066,0.981377551020408,0.4573930628666656,0.6962444509909489
4,beta,1,16,1.0,1.0,raw,9,0.2123511329389142,0.9657731447009184,0.4628016712330817,0.6752281738804651
18,beta,1,16,1.0,1.0,raw,10,0.1819049900766899,0.982214861751152,0.4078701248964839,0.7918953998042471
49,beta,1,16,1.0,1.0,raw,9,0.2790099984833403,0.923811510557912,0.3732579617682749,0.8570909090909091
44,beta,1,16,1.0,1.0,raw,13,0.2577900732285159,0.92742673992674,0.4346858010440537,0.7425037291093771
27,beta,1,16,1.0,1.0,raw,10,0.1604010641469996,0.9865169552669554,0.4116033547992245,0.7613245289512174
28,beta,1,16,1.0,1.0,raw,8,0.2089292150412999,0.9669785876779472,0.3824408926828126,0.8390227506669747
40,beta,1,16,1.0,1.0,raw,13,0.3137744427084941,0.9447135537959944,0.4072416563461446,0.7720862627053997
16,beta,1,16,1.0,1.0,raw,9,0.2833103897585017,0.9282568718544328,0.3879154454767582,0.7971815729234795
24,beta,1,16,1.0,1.0,raw,14,0.2665124401880235,0.9368027114814292,0.3883703586250691,0.8001843205963076
46,beta,1,16,1.0,1.0,raw,10,0.1775131105900155,0.9725129585326954,0.4053194134842448,0.787027287882776
17,beta,1,16,1.0,1.0,raw,9,0.1595336278911922,0.9812745187482894,0.4094876061696055,0.7748874741494669
15,beta,1,16,1.0,1.0,raw,10,0.225895029985908,0.946063676186281,0.4140374338012288,0.758581560283688
39,beta,1,16,1.0,1.0,raw,10,0.3401417576616221,0.9177028645113752,0.402172515133525,0.7713070472504435
9,beta,1,16,1.0,1.0,raw,9,0.1700544169228362,0.9841269841269842,0.3767227101127731,0.841565349544073
0,beta,1,16,1.0,1.0,raw,21,0.2209001438199762,0.9669308213716108,0.4418969423006997,0.7101230681793342
41,beta,1,16,1.0,1.0,raw,8,0.2600439774477249,0.9510576623625518,0.4002481905034351,0.7643333758340771
42,beta,1,16,1.0,1.0,raw,10,0.2726139882953966,0.9482631378037918,0.3396768598636014,0.864078717389897
22,beta,1,16,1.0,1.0,raw,10,0.1254694586860908,0.9898492415834256,0.3860988079065486,0.8496373442440022
8,beta,1,16,1.0,1.0,raw,9,0.2053776506437481,0.9651238896680692,0.3851224725857627,0.843830987083532
6,beta,1,16,1.0,1.0,raw,11,0.2092937069689072,0.9637902330743616,0.3788467832483368,0.8306542554282083
45,beta,1,16,1.0,1.0,raw,9,0.4311288760268986,0.8530412236256809,0.4466112505581754,0.5772716758143545
19,beta,1,16,1.0,1.0,raw,11,0.1989946413780344,0.9571789637406436,0.4166004744245911,0.7708003295101704
5,beta,1,16,1.0,1.0,raw,12,0.2069563910261521,0.9628885700621712,0.428746076460255,0.7293816613094231
31,beta,1,16,1.0,1.0,raw,10,0.3808107785252212,0.8921511963934805,0.3867560474635578,0.8810358053614744
26,beta,1,16,1.0,1.0,raw,10,0.2542769000855825,0.934196964017991,0.3695588341512911,0.8777632751155034
34,beta,1,16,1.0,1.0,raw,10,0.3107954146320342,0.9173138419369576,0.3923512272822996,0.8433641975308641
14,beta,1,16,1.0,1.0,raw,10,0.2152451753070082,0.9481608072916669,0.3911763686829965,0.8139093333333334
37,beta,1,16,1.0,1.0,raw,9,0.11297015108134,0.9944004275192267,0.3296692138048101,0.8882493506493507
36,beta,1,16,1.0,1.0,raw,10,0.1942691208880702,0.9670094862402556,0.4185112792275987,0.7475105323630793
29,beta,1,16,1.0,1.0,raw,9,0.3565908892443818,0.9181790788772224,0.4201732681419845,0.7464452538222524
48,beta,1,16,1.0,1.0,raw,10,0.4388866927833714,0.9265929583014626,0.4429726952002032,0.8624724243861204
20,beta,1,16,1.0,1.0,raw,10,0.279513388522051,0.9293323863636364,0.4316373799059648,0.6841921519340874
10,beta,1,16,1.0,1.0,raw,11,0.1833404051074249,0.9733259367126644,0.3722559748516595,0.8378173550587344
3,beta,1,16,1.0,1.0,raw,10,0.1579634534625164,0.9857174034287932,0.4424991917737487,0.671487213856368
12,beta,1,16,1.0,1.0,raw,14,0.1169809985661381,0.9898339624389229,0.3490705973779683,0.8622497018391814
2,beta,1,16,1.0,1.0,raw,15,0.2700507092540561,0.9338219019747682,0.3501568561975967,0.8582251082251082
23,beta,1,16,1.0,1.0,raw,15,0.2794992740567082,0.9215506715506716,0.3848524044177345,0.8000843309062488
32,beta,1,16,1.0,1.0,raw,10,0.2213142340300485,0.9491998203437108,0.3879119498392573,0.8205048334008245
11,beta,1,16,1.0,1.0,raw,15,0.2317006839003901,0.9493047779022022,0.412864228760912,0.8160185185185186
13,beta,1,16,1.0,1.0,raw,10,0.2261979524537884,0.9608372093023256,0.3635488365508334,0.8590417682360272
38,beta,1,16,1.0,1.0,raw,11,0.1284161701729146,0.984545179507866,0.3637460381006993,0.8370020964360586
35,beta,1,16,1.0,1.0,raw,11,0.3172594505597866,0.8950438759115067,0.3937355553535787,0.7692564583198672
25,beta,1,16,1.0,1.0,raw,10,0.1307625483514339,0.9888059701492538,0.3855560433052274,0.8087190895867202
30,beta,1,16,1.0,1.0,raw,16,0.1719842368564031,0.9816855422916028,0.382319814527534,0.8076614418788919
47,beta,1,16,1.0,1.0,raw,15,0.1857777614602846,0.9785984848484848,0.406654761487335,0.7696361043952638
21,beta,1,16,1.0,1.0,raw,10,0.329161709233066,0.9142569009592156,0.3767738508940871,0.8422023182297154
7,beta,1,16,1.0,1.0,raw,10,0.2846108537960666,0.8996306017303393,0.3604862819355151,0.8499833361106482
33,beta,1,16,1.0,1.0,raw,9,0.1762158689948334,0.9659994452662723,0.4255224894005414,0.7600416834328989
43,beta,1,16,1.0,1.0,raw,11,0.2022811251462695,0.9564900911054756,0.3468327466472305,0.8546940710810588
18,beta,1,16,1.0,1.0,raw,11,0.300911478856657,0.9075220814132104,0.416643895083287,0.782735435550449
1,beta,1,16,1.0,1.0,raw,11,0.205004778870264,0.966952690166976,0.471552750781824,0.6941518269826596
27,beta,1,16,1.0,1.0,raw,11,0.2270157899863188,0.9536210317460316,0.4064575728730805,0.7692076056095671
4,beta,1,16,1.0,1.0,raw,10,0.1765560452792081,0.9838421444527176,0.4504840942426394,0.633121377056687
28,beta,1,16,1.0,1.0,raw,9,0.2987043086828313,0.9231689298529516,0.3582736013588408,0.8331932861374283
46,beta,1,16,1.0,1.0,raw,11,0.17690843940031,0.9776465311004784,0.4110475574089989,0.7874879354216021
44,beta,1,16,1.0,1.0,raw,14,0.1917343538862665,0.9710164835164836,0.4290186270991425,0.7399567727729354
40,beta,1,16,1.0,1.0,raw,14,0.1602807491493246,0.983884489986027,0.3950089310590063,0.7902810135455538
24,beta,1,16,1.0,1.0,raw,15,0.1945369198750346,0.9711434354846302,0.3884101830143015,0.8139577277929129
16,beta,1,16,1.0,1.0,raw,10,0.263823275014609,0.9357336430507162,0.3860419738152084,0.8009319816873774
49,beta,1,16,1.0,1.0,raw,10,0.1478016246178069,0.9872285191108638,0.3474971321385553,0.8717676767676767
15,beta,1,16,1.0,1.0,raw,11,0.2297999813746319,0.9470180848200084,0.4314248421658052,0.7579923622476813
39,beta,1,16,1.0,1.0,raw,11,0.3526060510957851,0.9291931472782536,0.4119097510917552,0.7686965811965811
17,beta,1,16,1.0,1.0,raw,10,0.2200208939037294,0.9616823282547212,0.4172513098619036,0.7675682251328009
9,beta,1,16,1.0,1.0,raw,10,0.3382530583886922,0.900123534484768,0.3712190516894769,0.8358251868890167
0,beta,1,16,1.0,1.0,raw,22,0.1907091193563915,0.9799391945773523,0.4307156659477864,0.7365510306686777
42,beta,1,16,1.0,1.0,raw,11,0.2916771838585337,0.9438605420536964,0.3422952125367202,0.8671644045486913
22,beta,1,16,1.0,1.0,raw,11,0.227641782372909,0.951165371809101,0.3898660343811204,0.8255119542082532
41,beta,1,16,1.0,1.0,raw,9,0.1856476560246392,0.9796852166830368,0.4415276622055418,0.7620702112286966
6,beta,1,16,1.0,1.0,raw,12,0.1807604043130675,0.9725767665556788,0.3722991439923741,0.8203309207963422
19,beta,1,16,1.0,1.0,raw,12,0.1853136805742815,0.9652230971128608,0.4040736074904988,0.7754578290349153
45,beta,1,16,1.0,1.0,raw,10,0.4497236482778795,0.8485335046028687,0.4512229163952844,0.5884276491493702
8,beta,1,16,1.0,1.0,raw,10,0.2385599273386017,0.9499532491818606,0.3932966043947912,0.8320962826280762
31,beta,1,16,1.0,1.0,raw,11,0.4263822356297619,0.8930297075482604,0.4285335130183207,0.8755312752679701
34,beta,1,16,1.0,1.0,raw,11,0.2068690888490958,0.966148926450434,0.3650762450261429,0.8417905295646524
26,beta,1,16,1.0,1.0,raw,11,0.2765198006507315,0.9272395052473764,0.3443615631763734,0.8712474361364907
5,beta,1,16,1.0,1.0,raw,13,0.1742862547114313,0.9820899091343857,0.4307945209571819,0.7178776856707832
14,beta,1,16,1.0,1.0,raw,11,0.2324236861727373,0.947564019097222,0.3980754254315434,0.82336
37,beta,1,16,1.0,1.0,raw,10,0.1150838669149193,0.9926113524942496,0.3382969105996107,0.8878025974025974
36,beta,1,16,1.0,1.0,raw,11,0.1949313354489798,0.968864468864469,0.4339962199712319,0.7502021362611174
3,beta,1,16,1.0,1.0,raw,11,0.1879841692586246,0.9721137757947572,0.4500802942007532,0.7082853372986784
10,beta,1,16,1.0,1.0,raw,12,0.2323586353851751,0.9492175762198646,0.3804046263500684,0.847785356406046
29,beta,1,16,1.0,1.0,raw,10,0.3623477879307875,0.8901096353985581,0.421128672494611,0.7313311521287322
2,beta,1,16,1.0,1.0,raw,16,0.277874505897594,0.922189705629196,0.357390605621811,0.8575070762570762
48,beta,1,16,1.0,1.0,raw,11,0.4090928415712797,0.9055930278376562,0.4167044582712508,0.8617405108962332
20,beta,1,16,1.0,1.0,raw,11,0.2259237971312133,0.958502435064935,0.4652297396873341,0.6830650148622499
23,beta,1,16,1.0,1.0,raw,16,0.2447028438585256,0.9418850380388842,0.3884301895840852,0.8075918384137563
12,beta,1,16,1.0,1.0,raw,15,0.1187017243849881,0.9916402287937384,0.3458301397065079,0.8600422656037494
35,beta,1,16,1.0,1.0,raw,12,0.3831338312335375,0.8948461253244345,0.421359895668015,0.7485833710382868
11,beta,1,16,1.0,1.0,raw,16,0.260409081666475,0.9424925345278088,0.4018400242596645,0.8183436213991769
7,beta,1,16,1.0,1.0,raw,11,0.2768996000017698,0.9103723145717896,0.3586316714046877,0.850514497583736
38,beta,1,16,1.0,1.0,raw,12,0.1253516050334512,0.9851250504235578,0.3720263758071306,0.83520964360587
30,beta,1,16,1.0,1.0,raw,17,0.2823480126967425,0.941919191919192,0.3706525488741757,0.8020032303613331
47,beta,1,16,1.0,1.0,raw,16,0.2380577665315577,0.9477982954545454,0.4180237921007955,0.7806190978034013
32,beta,1,16,1.0,1.0,raw,11,0.1496643015379753,0.9851783561449542,0.3855937817146355,0.8199649046298892
13,beta,1,16,1.0,1.0,raw,11,0.2199813298274002,0.9575116279069766,0.3674467672991963,0.858484275423312
25,beta,1,16,1.0,1.0,raw,11,0.193146752487342,0.9700231948366276,0.3937322438490174,0.7971036194061778
21,beta,1,16,1.0,1.0,raw,11,0.4260177305565825,0.9282112619901968,0.4387525611650535,0.8383350895679663
43,beta,1,16,1.0,1.0,raw,12,0.2430715193312223,0.9379402648633418,0.3558459743149838,0.8621309887028944
18,beta,1,16,1.0,1.0,raw,12,0.2558999065880495,0.9339237711213516,0.4101194456027217,0.7814268692284778
33,beta,1,16,1.0,1.0,raw,10,0.3490653360297716,0.913646449704142,0.4167789208675374,0.7518597620742666
27,beta,1,16,1.0,1.0,raw,12,0.2665569561541698,0.9305555555555556,0.4176598949680051,0.7459455390174654
1,beta,1,16,1.0,1.0,raw,12,0.1799622798179874,0.9810528756957329,0.4481905406709917,0.7111366199043081
46,beta,1,16,1.0,1.0,raw,12,0.2037308899863489,0.9659090909090908,0.3970829621573785,0.7677568658418882
4,beta,1,16,1.0,1.0,raw,11,0.2796502845128749,0.9520972946140482,0.4222890093995349,0.6823257604928764
39,beta,1,16,1.0,1.0,raw,12,0.3790615785906758,0.9034033342543982,0.4163751973495542,0.7764171101435252
28,beta,1,16,1.0,1.0,raw,10,0.4316835856742784,0.9223715377940384,0.4391105333709396,0.8298636640547865
15,beta,1,16,1.0,1.0,raw,12,0.1915950233517954,0.9727381738981472,0.422284457398153,0.7447026732133115
16,beta,1,16,1.0,1.0,raw,11,0.2610565747608518,0.932781649245064,0.3889295979131849,0.8047539241334207
24,beta,1,16,1.0,1.0,raw,16,0.1337342045383233,0.986560278680036,0.3735206551323822,0.824014340547493
44,beta,1,16,1.0,1.0,raw,15,0.1604506821661421,0.9855311355311356,0.4243343863063392,0.7317375112888005
40,beta,1,16,1.0,1.0,raw,15,0.2466373268296001,0.9475780158360504,0.392920937482911,0.7834463847597056
49,beta,1,16,1.0,1.0,raw,11,0.1524313039321988,0.9851424333032012,0.3565806928668971,0.8583737373737373
17,beta,1,16,1.0,1.0,raw,11,0.2176450256690393,0.9568241948727304,0.4089866310210431,0.7784051741616318
42,beta,1,16,1.0,1.0,raw,12,0.2799668046952051,0.9473978877719812,0.3519330297357921,0.8629566493321539
22,beta,1,16,1.0,1.0,raw,12,0.1129845029220627,0.9919996300406956,0.3600175544975472,0.8440166966296778
9,beta,1,16,1.0,1.0,raw,11,0.1534257939004551,0.9876465515232036,0.3648405961220978,0.8464326788794874
0,beta,1,16,1.0,1.0,raw,23,0.1715603462459266,0.9844996012759172,0.4192713111574597,0.754880101427416
6,beta,1,16,1.0,1.0,raw,13,0.2071393648391102,0.9641370699223084,0.3839354296638846,0.8132470834273062
19,beta,1,16,1.0,1.0,raw,13,0.1979879995259206,0.9608243414017692,0.4100202244038752,0.7767991044082546
41,beta,1,16,1.0,1.0,raw,10,0.1692812121706211,0.9854107275471338,0.4147848629868486,0.7666284159972799
45,beta,1,16,1.0,1.0,raw,11,0.4114306859091463,0.8819191702942506,0.4448486890877077,0.5684499400668728
31,beta,1,16,1.0,1.0,raw,12,0.3226221828625906,0.8930297075482605,0.3467853009173909,0.8788277735160575
34,beta,1,16,1.0,1.0,raw,12,0.4367950584334274,0.909867519415258,0.4376002435282094,0.8473339018843404
26,beta,1,16,1.0,1.0,raw,12,0.2340908871639743,0.9435438530734632,0.3615825272983611,0.8655551411937763
8,beta,1,16,1.0,1.0,raw,11,0.2163285618643656,0.9576905095839175,0.3856681462947506,0.846350009329712
14,beta,1,16,1.0,1.0,raw,12,0.2200457987743784,0.956298828125,0.3948543471985035,0.827168
5,beta,1,16,1.0,1.0,raw,14,0.2645790459568353,0.9458871353419416,0.4246805119167601,0.6924801218068009
3,beta,1,16,1.0,1.0,raw,12,0.207007244805698,0.9596983438007712,0.4351113369842305,0.703824324041301
10,beta,1,16,1.0,1.0,raw,13,0.1586349328131159,0.98037584078774,0.3592835392875297,0.8459749063197338
37,beta,1,16,1.0,1.0,raw,11,0.2502174921500819,0.946025697623086,0.3289298676553555,0.8879896103896103
36,beta,1,16,1.0,1.0,raw,12,0.1914057634308527,0.9715647600262984,0.419339579125322,0.7526490488956976
2,beta,1,16,1.0,1.0,raw,17,0.2446616830396745,0.9440769249686448,0.3681762652815955,0.8471944721944723
23,beta,1,16,1.0,1.0,raw,17,0.2778508962652466,0.9203296703296704,0.3862986932387778,0.8055864083261343
35,beta,1,16,1.0,1.0,raw,13,0.28973937044485,0.9019157088122606,0.4076388716584865,0.7612953267403529
29,beta,1,16,1.0,1.0,raw,11,0.1615514057581887,0.982407343022043,0.4093095304830223,0.7748317797394901
38,beta,1,16,1.0,1.0,raw,13,0.1628188784827048,0.9777884227511092,0.3608398231021116,0.8397693920335431
20,beta,1,16,1.0,1.0,raw,12,0.1991052771886553,0.9671012581168832,0.4624994935213357,0.6691403834260977
48,beta,1,16,1.0,1.0,raw,12,0.1562664559758652,0.9853046844215748,0.3505525068319951,0.8591118075170608
11,beta,1,16,1.0,1.0,raw,17,0.2300094537632049,0.947905001866368,0.3951380190069676,0.809835390946502
7,beta,1,16,1.0,1.0,raw,12,0.2798720353068745,0.9099105667347136,0.3558304591736568,0.846671388101983
12,beta,1,16,1.0,1.0,raw,16,0.1599275887255498,0.9740175532038072,0.3404357073585931,0.868254765342205
47,beta,1,16,1.0,1.0,raw,17,0.3130882329731711,0.9346590909090908,0.3997807393544518,0.7698840741429546
30,beta,1,16,1.0,1.0,raw,18,0.1734475513071658,0.9810478522599736,0.3902724964358442,0.8042888633800956
32,beta,1,16,1.0,1.0,raw,12,0.2457242265261039,0.944802969056568,0.3823089011913004,0.8159465885846598
18,beta,1,16,1.0,1.0,raw,13,0.3019699042668389,0.9206749231950844,0.3863406211135748,0.7986403676752202
43,beta,1,16,1.0,1.0,raw,13,0.1206182751053389,0.989386681694374,0.3496359809682652,0.8661251752288284
21,beta,1,16,1.0,1.0,raw,12,0.3585243315812645,0.9331597832969816,0.3955372740521964,0.8464172813487881
13,beta,1,16,1.0,1.0,raw,12,0.2312719283146032,0.9601627906976744,0.3697838401861682,0.8593369114898175
33,beta,1,16,1.0,1.0,raw,11,0.2205019852955425,0.9507442677514794,0.4307871705299735,0.755223326214133
25,beta,1,16,1.0,1.0,raw,12,0.1718131517624799,0.9737041145623236,0.3892628762719232,0.8084837854025841
27,beta,1,16,1.0,1.0,raw,13,0.2053601823013181,0.9633612914862916,0.4156253040283927,0.7590553213456079
46,beta,1,16,1.0,1.0,raw,13,0.1764442127793966,0.9777711323763956,0.3982273557407089,0.7807756427129946
1,beta,1,16,1.0,1.0,raw,13,0.2020307465507919,0.968622448979592,0.4476312367373103,0.6955638402698062
39,beta,1,16,1.0,1.0,raw,13,0.2151908930977163,0.9578612876485216,0.4165414343828156,0.7730809546847283
15,beta,1,16,1.0,1.0,raw,13,0.2194384826876096,0.9542373296135868,0.4278882764438758,0.7560611020185488
28,beta,1,16,1.0,1.0,raw,11,0.2731336949489871,0.9393982035225968,0.3592158462718999,0.8259353402096508
4,beta,1,16,1.0,1.0,raw,12,0.1954841336479096,0.9724745594440308,0.4517971346605568,0.6863636836682658
40,beta,1,16,1.0,1.0,raw,16,0.290702318345724,0.9298789007918024,0.3918642984416585,0.7772612003381234
24,beta,1,16,1.0,1.0,raw,17,0.1588901038767619,0.982229440286212,0.3709414119241015,0.8267487669762307
16,beta,1,16,1.0,1.0,raw,12,0.2961108889689774,0.934959349593496,0.3977164869270312,0.7859303466317854
49,beta,1,16,1.0,1.0,raw,12,0.2988265168389823,0.9157453121016156,0.3815955456569697,0.8585353535353537
44,beta,1,16,1.0,1.0,raw,16,0.1729493538044467,0.9805402930402932,0.4259222479627282,0.7406569320845466
42,beta,1,16,1.0,1.0,raw,13,0.2880780752369936,0.9384145565593588,0.3684308327612758,0.8645858058390695
22,beta,1,16,1.0,1.0,raw,13,0.2507626701911556,0.9519284128745836,0.3919184061739521,0.8470956543301716
17,beta,1,16,1.0,1.0,raw,12,0.2007249478614579,0.9693002463278898,0.4023171203096703,0.7931551842990956
6,beta,1,16,1.0,1.0,raw,14,0.1987340772146529,0.9619866814650389,0.4016544214567788,0.81320607713284
9,beta,1,16,1.0,1.0,raw,12,0.1645525527541796,0.9853157121879588,0.3827444522089331,0.8350961143514334
19,beta,1,16,1.0,1.0,raw,14,0.1919973549288107,0.9654418197725284,0.4111864141104027,0.769437931690007
0,beta,1,16,1.0,1.0,raw,24,0.1719180074983263,0.9854216507177034,0.4167220515952465,0.751524690143616
26,beta,1,16,1.0,1.0,raw,13,0.2731456015998564,0.9291604197901048,0.3463894771082157,0.8757950566639733
34,beta,1,16,1.0,1.0,raw,13,0.3771297456128543,0.9132480584741892,0.3981442213583576,0.8384401397011046
41,beta,1,16,1.0,1.0,raw,11,0.1739522351597091,0.9851472103107108,0.4106215426329939,0.7688172043010751
31,beta,1,16,1.0,1.0,raw,13,0.3523459817177072,0.8914576349554965,0.3668541104934814,0.8736756992100843
45,beta,1,16,1.0,1.0,raw,12,0.2568066656453047,0.961821166060087,0.4393626310634236,0.610671251025172
14,beta,1,16,1.0,1.0,raw,13,0.2098842303300767,0.9566243489583334,0.3877256559321265,0.82128
8,beta,1,16,1.0,1.0,raw,12,0.1955109255882982,0.9644927536231884,0.3839814963092179,0.845085315033276
5,beta,1,16,1.0,1.0,raw,15,0.2939774251740348,0.964466762314682,0.423789431304307,0.6921311960751143
3,beta,1,16,1.0,1.0,raw,13,0.2065111230418826,0.9628022017992676,0.4483184250966954,0.710411125306302
10,beta,1,16,1.0,1.0,raw,14,0.2705143263270126,0.9420289855072465,0.3707380296455715,0.8462696307523894
2,beta,1,16,1.0,1.0,raw,18,0.2895402182699586,0.915230061726877,0.3724016531465061,0.8535631035631036
23,beta,1,16,1.0,1.0,raw,18,0.165688309850264,0.9842443880905418,0.3955968685905636,0.809885227693447
37,beta,1,16,1.0,1.0,raw,12,0.2535318401776016,0.94182020957736,0.3296307686722993,0.8900779220779221
35,beta,1,16,1.0,1.0,raw,14,0.3399348630113786,0.8759115066122852,0.399626957272583,0.770322969857583
36,beta,1,16,1.0,1.0,raw,13,0.2378855217697909,0.9451253874330796,0.4213909975544097,0.7425635133409934
11,beta,1,16,1.0,1.0,raw,18,0.1449087342630736,0.98910507652109,0.3708352041554497,0.8211213991769547
38,beta,1,16,1.0,1.0,raw,14,0.1292762215475273,0.9850998386446148,0.3582301771292597,0.8340041928721174
7,beta,1,16,1.0,1.0,raw,13,0.2640738919300687,0.9270195392242636,0.3531223026949062,0.8504103482752874
47,beta,1,16,1.0,1.0,raw,18,0.2485250834464215,0.949313446969697,0.4056632683369223,0.7806810902403241
30,beta,1,16,1.0,1.0,raw,19,0.2846393210913143,0.9355167840016324,0.3727773521591147,0.8009772350951331
48,beta,1,16,1.0,1.0,raw,13,0.4237276652591307,0.9195002665554088,0.4312331058123184,0.8631424860317918
29,beta,1,16,1.0,1.0,raw,12,0.1854120668276449,0.9677815636372066,0.414098198269515,0.7604687532152191
20,beta,1,16,1.0,1.0,raw,13,0.2016096813959677,0.97169237012987,0.471398864298801,0.6481736389570492
12,beta,1,16,1.0,1.0,raw,17,0.1245431972430137,0.988953986522474,0.3447865442066438,0.8624275521519886
18,beta,1,16,1.0,1.0,raw,14,0.2994709207256484,0.9026977726574502,0.3944187759370148,0.7849908506744967
43,beta,1,16,1.0,1.0,raw,14,0.2143105479379852,0.9529210106133182,0.3570241539247872,0.8434278881833924
27,beta,1,16,1.0,1.0,raw,14,0.2050886060670364,0.962617243867244,0.4205159442999476,0.7538608792910608
32,beta,1,16,1.0,1.0,raw,13,0.2082510318713366,0.9644706049216368,0.3926763269382224,0.7966233685325359
13,beta,1,16,1.0,1.0,raw,13,0.247847236433219,0.9528837209302324,0.3768661082343307,0.8418906658213181
21,beta,1,16,1.0,1.0,raw,13,0.2734018438797146,0.9293604446633364,0.3876589318412936,0.8319388830347735
33,beta,1,16,1.0,1.0,raw,12,0.1653443678316416,0.9717779215976332,0.4303985607712552,0.7525613644101897
25,beta,1,16,1.0,1.0,raw,13,0.1716289167443458,0.9741075030254136,0.3992806470630109,0.8049970052194746
46,beta,1,16,1.0,1.0,raw,14,0.1844162878586225,0.9719397926634769,0.4137279310420087,0.7859305080284287
39,beta,1,16,1.0,1.0,raw,14,0.1893992986607179,0.9673252279635258,0.40926380248846,0.7687066602160941
1,beta,1,16,1.0,1.0,raw,14,0.1943951521328608,0.9749072356215214,0.4441950480349982,0.7079570504159851
15,beta,1,16,1.0,1.0,raw,14,0.2202025196492357,0.9532339769473608,0.4236584336872497,0.76316421167485
28,beta,1,16,1.0,1.0,raw,12,0.1783210587250888,0.9789394685616456,0.376641198794599,0.8393798710165326
4,beta,1,16,1.0,1.0,raw,13,0.1778801644976873,0.983891784561926,0.4540561284132124,0.6448604939170975
22,beta,1,16,1.0,1.0,raw,14,0.1570163174072146,0.9737791342952276,0.3723644385631233,0.8530055999834687
42,beta,1,16,1.0,1.0,raw,14,0.281480681336642,0.9319506298511262,0.3696114096286193,0.8618130030425306
40,beta,1,16,1.0,1.0,raw,17,0.2896454834739183,0.9271075919888216,0.3916381856864057,0.7778900274209843
16,beta,1,16,1.0,1.0,raw,13,0.237174237663292,0.9560346496322109,0.3881352808415387,0.8051422498364944
6,beta,1,16,1.0,1.0,raw,15,0.2234651445080064,0.955096189419164,0.3808028545989402,0.8149283415004203
44,beta,1,16,1.0,1.0,raw,17,0.2033114677799359,0.9675137362637364,0.4299530422552892,0.7335234248952298
24,beta,1,16,1.0,1.0,raw,18,0.1333279634365425,0.989361201336911,0.3698099113942383,0.8278830475688924
49,beta,1,16,1.0,1.0,raw,13,0.1500439177236296,0.9867417657557426,0.353895710162927,0.8657979797979798
17,beta,1,16,1.0,1.0,raw,13,0.2070012250756901,0.9636438281178724,0.39874390433026,0.7803110173958883
19,beta,1,16,1.0,1.0,raw,15,0.1525442381406941,0.9820890444250024,0.4147049580099429,0.7564370656696872
9,beta,1,16,1.0,1.0,raw,13,0.2099256885126808,0.9591403864531618,0.3742669211902564,0.8334634026123389
0,beta,1,16,1.0,1.0,raw,25,0.1817005120274127,0.980811403508772,0.4193483028356599,0.7528034625221326
34,beta,1,16,1.0,1.0,raw,14,0.1965807839366836,0.9662402923709456,0.3700493018063465,0.8505624593892137
26,beta,1,16,1.0,1.0,raw,14,0.2132675963003322,0.9635260494752624,0.3488168844908826,0.8790167194977936
31,beta,1,16,1.0,1.0,raw,14,0.3236334009343601,0.9051207952837822,0.3507166860418252,0.8815437563493873
41,beta,1,16,1.0,1.0,raw,12,0.1844828968830524,0.9814100567759864,0.4120299457099763,0.7773704789833821
14,beta,1,16,1.0,1.0,raw,14,0.2018941579208029,0.9616156684027778,0.3928965136226484,0.8208106666666666
45,beta,1,16,1.0,1.0,raw,13,0.353803696415548,0.8799923880206474,0.4520227080301868,0.5828338906062709
3,beta,1,16,1.0,1.0,raw,14,0.1506498690905447,0.9884332791774776,0.4412576374603312,0.6741575386935305
8,beta,1,16,1.0,1.0,raw,13,0.2100095116073395,0.9639551192145862,0.3906557452500148,0.833858561565733
10,beta,1,16,1.0,1.0,raw,15,0.2223542239656901,0.9545570117652497,0.377532651859646,0.8488905730285041
2,beta,1,16,1.0,1.0,raw,19,0.2694008000137526,0.9362811401027962,0.3532237855757678,0.8681006493506493
5,beta,1,16,1.0,1.0,raw,16,0.193034004267119,0.9767575322812052,0.4374228818227439,0.7038149213331077
35,beta,1,16,1.0,1.0,raw,15,0.2517883442076604,0.9277715980719318,0.4100376866046722,0.7591838493525521
23,beta,1,16,1.0,1.0,raw,19,0.2913067277010296,0.9195548041701888,0.3802497876008072,0.8033752931013205
7,beta,1,16,1.0,1.0,raw,14,0.2798423109544722,0.9113930203169048,0.3691107924582348,0.8394850858190301
38,beta,1,16,1.0,1.0,raw,15,0.1434152405947031,0.981847519160952,0.3622511543968977,0.8231446540880504
11,beta,1,16,1.0,1.0,raw,19,0.1442597971722087,0.989408361328854,0.3695348219265399,0.8275102880658436
47,beta,1,16,1.0,1.0,raw,19,0.2793929861666675,0.9313210227272728,0.3974563635860516,0.785051557043374
37,beta,1,16,1.0,1.0,raw,13,0.2557135887347706,0.9404028904017286,0.3325285609247435,0.8891324675324674
30,beta,1,16,1.0,1.0,raw,20,0.162696556278892,0.9850525456586064,0.3932524246849202,0.7960504261435783
36,beta,1,16,1.0,1.0,raw,14,0.2395838248551896,0.9368131868131868,0.4351271073395268,0.739297416911358
29,beta,1,16,1.0,1.0,raw,13,0.2267133194334137,0.952437243585286,0.4188887195554492,0.7438216350803548
48,beta,1,16,1.0,1.0,raw,14,0.4124771574226963,0.9198247687921562,0.4217324015897783,0.8635548316598973
18,beta,1,16,1.0,1.0,raw,15,0.2653684218368957,0.9330837173579108,0.384159229938217,0.7955870462572875
20,beta,1,16,1.0,1.0,raw,14,0.1921894922385814,0.977323457792208,0.4544658389320565,0.6659085921758733
43,beta,1,16,1.0,1.0,raw,15,0.2521976496794177,0.9309429886352965,0.3512437541073752,0.8530757813144224
12,beta,1,16,1.0,1.0,raw,18,0.2948102676714676,0.9081119885139984,0.3598269026237463,0.8576046701399785
27,beta,1,16,1.0,1.0,raw,15,0.1590625003934609,0.98699044011544,0.4038002170122876,0.7604964294932461
21,beta,1,16,1.0,1.0,raw,14,0.1590938278048941,0.983090597809517,0.3760740872018604,0.8357218124341412
32,beta,1,16,1.0,1.0,raw,14,0.1341099337046511,0.9905680448195164,0.3846011512213431,0.8085744842122751
13,beta,1,16,1.0,1.0,raw,14,0.2724258372896862,0.9383023255813951,0.3803587924990581,0.854778587903499
39,beta,1,16,1.0,1.0,raw,15,0.3778040083064208,0.923597678916828,0.4172390423770696,0.7770621673923559
33,beta,1,16,1.0,1.0,raw,13,0.2046938611272459,0.9612842085798816,0.4286066853973328,0.753510591099968
46,beta,1,16,1.0,1.0,raw,15,0.1778722375104344,0.9784688995215312,0.4006163728293914,0.7783188558392559
25,beta,1,16,1.0,1.0,raw,14,0.1189780298345821,0.9920078660750302,0.3837753759375232,0.8089864807050569
15,beta,1,16,1.0,1.0,raw,15,0.1734340089584092,0.9803244989354674,0.421644695432678,0.7619312602291325
1,beta,1,16,1.0,1.0,raw,15,0.1891241855717259,0.9747680890538032,0.4325736478160824,0.7247285175892159
42,beta,1,16,1.0,1.0,raw,15,0.281025717635978,0.9402722992747168,0.3681810410528298,0.8604535744341109
28,beta,1,16,1.0,1.0,raw,13,0.2855121142603109,0.9360679190412532,0.3927948197093625,0.834327668424259
22,beta,1,16,1.0,1.0,raw,15,0.1232691377169964,0.9896642619311876,0.3791189481589913,0.8451325604942864
6,beta,1,16,1.0,1.0,raw,16,0.1345025826413603,0.9899186089530152,0.3640549532063094,0.8341090357369856
4,beta,1,16,1.0,1.0,raw,14,0.2137348863210863,0.9585753288657236,0.4620974057889384,0.610652624129713
16,beta,1,16,1.0,1.0,raw,14,0.2416501236191679,0.9460898180410374,0.3967614732404232,0.7944428548070634
40,beta,1,16,1.0,1.0,raw,18,0.2236742206201334,0.9550069864927806,0.3946553403387929,0.7921674947941364
24,beta,1,16,1.0,1.0,raw,19,0.1543056570040702,0.9859483123852564,0.3883898684820433,0.8027465794350878
19,beta,1,16,1.0,1.0,raw,16,0.1914224617768242,0.9642509964032274,0.4138626660059043,0.751589464123524
44,beta,1,16,1.0,1.0,raw,18,0.2241383631084524,0.9541208791208792,0.4404391776202219,0.724512678971882
17,beta,1,16,1.0,1.0,raw,14,0.206965364012912,0.9599489097710064,0.405769412338454,0.7882182393252504
49,beta,1,16,1.0,1.0,raw,14,0.148690829439396,0.9868113019493312,0.3531535702515865,0.8634444444444445
34,beta,1,16,1.0,1.0,raw,15,0.4317561896785553,0.9139333028780264,0.4340578293463241,0.8417600714749838
26,beta,1,16,1.0,1.0,raw,15,0.2793672246299025,0.920727136431784,0.3488580846789546,0.877701120848613
31,beta,1,16,1.0,1.0,raw,15,0.36322197379249,0.9033637729742228,0.3774985680963504,0.8808181120809403
9,beta,1,16,1.0,1.0,raw,14,0.1512293156950982,0.9893014474512272,0.3697925442250903,0.8465456337796763
0,beta,1,16,1.0,1.0,raw,26,0.1805337281105728,0.9795404704944178,0.4245765336434017,0.7480490523968786
14,beta,1,16,1.0,1.0,raw,15,0.1491967784224096,0.9854871961805556,0.3858899183710532,0.8191253333333334
41,beta,1,16,1.0,1.0,raw,13,0.182444026263771,0.9809548906403468,0.4065115526840429,0.7861575077563857
45,beta,1,16,1.0,1.0,raw,14,0.1810272792740894,0.9805894526511096,0.4727927554660312,0.5930961243244379
10,beta,1,16,1.0,1.0,raw,16,0.2052500322175784,0.9659293160437326,0.3779598884442589,0.8456170266515095
3,beta,1,16,1.0,1.0,raw,15,0.1652293603555502,0.9821285676180316,0.4166252791194627,0.7352399103608603
2,beta,1,16,1.0,1.0,raw,20,0.2292642150962424,0.9465361630966728,0.3724806717844112,0.8411068098568097
8,beta,1,16,1.0,1.0,raw,14,0.2128374838342815,0.9647498831229546,0.3912316189735167,0.8401716667012211
35,beta,1,16,1.0,1.0,raw,16,0.3570861073092801,0.9083178840687184,0.4170648301612704,0.7381013940059897
23,beta,1,16,1.0,1.0,raw,20,0.2020469908545441,0.9685357377665068,0.386352712622147,0.8078695133489654
5,beta,1,16,1.0,1.0,raw,17,0.2133438029101294,0.9653993304638928,0.4408979105056961,0.7041744205718152
7,beta,1,16,1.0,1.0,raw,15,0.2788098630859555,0.9139690871974336,0.3613877943103649,0.8461818863522745
47,beta,1,16,1.0,1.0,raw,20,0.2113841150118698,0.9682291666666668,0.393777864469323,0.7871902961172069
11,beta,1,16,1.0,1.0,raw,20,0.1495259931590982,0.9882652108995896,0.3752570264858602,0.8226131687242799
30,beta,1,16,1.0,1.0,raw,21,0.1844967690536424,0.9805121926334048,0.3798685733117224,0.7926067390619762
38,beta,1,16,1.0,1.0,raw,16,0.1201491468448189,0.9872680516337232,0.3556670379933174,0.8464884696016772
37,beta,1,16,1.0,1.0,raw,14,0.1125321365523857,0.9939822021887124,0.3339048926826133,0.8883012987012986
18,beta,1,16,1.0,1.0,raw,16,0.3315318334673036,0.9054819508448542,0.3916954441692334,0.7847248819098684
36,beta,1,16,1.0,1.0,raw,15,0.1852086447772857,0.976143514605053,0.426374197538365,0.7552768202902251
43,beta,1,16,1.0,1.0,raw,16,0.191531967215892,0.961726307880154,0.347547310466208,0.8607446194442154
48,beta,1,16,1.0,1.0,raw,15,0.1867639279476332,0.9584173562339198,0.3644075673894653,0.8583902026678762
29,beta,1,16,1.0,1.0,raw,14,0.161632059192059,0.983589458313052,0.4197789325944064,0.7283782949564788
27,beta,1,16,1.0,1.0,raw,16,0.2237832675209506,0.9553571428571428,0.4383892830555108,0.7420416415727437
20,beta,1,16,1.0,1.0,raw,15,0.2397057990806562,0.9452364042207791,0.452254478592678,0.6860175155106032
12,beta,1,16,1.0,1.0,raw,19,0.165948192140611,0.9652872658221984,0.3436293823861944,0.8620823133094805
39,beta,1,16,1.0,1.0,raw,16,0.3449384454222432,0.9395781523441098,0.4087914603026775,0.7738973552652798
21,beta,1,16,1.0,1.0,raw,15,0.3161777212640707,0.9241539435727856,0.3711270969867405,0.8389884088514226
15,beta,1,16,1.0,1.0,raw,16,0.1919786399958964,0.9714166850206788,0.4241790900475179,0.7571412984178942
46,beta,1,16,1.0,1.0,raw,16,0.1725577697129751,0.9800887161084528,0.3960940313996589,0.7837808195139073
33,beta,1,16,1.0,1.0,raw,14,0.2039875734327572,0.9575628698224852,0.4283768170855019,0.7444929375470745
32,beta,1,16,1.0,1.0,raw,15,0.2626075314345693,0.9338817577949556,0.383592938890396,0.8107861155239905
13,beta,1,16,1.0,1.0,raw,15,0.2285227081635652,0.9598604651162792,0.3736531987389085,0.8591401493206239
25,beta,1,16,1.0,1.0,raw,15,0.2000518191530416,0.9651825332795482,0.3784791564695029,0.813778129545649
1,beta,1,16,1.0,1.0,raw,16,0.1807915727310775,0.97987012987013,0.4840174401220875,0.6788939567862984
42,beta,1,16,1.0,1.0,raw,16,0.2840179166439565,0.9399160198498536,0.3414379633265449,0.8668299419545562
22,beta,1,16,1.0,1.0,raw,16,0.1942802521942468,0.9675360710321864,0.3794384590944859,0.8449879114748
6,beta,1,16,1.0,1.0,raw,17,0.2019949159602056,0.9673048464668887,0.3788542171027578,0.8278145695364237
28,beta,1,16,1.0,1.0,raw,14,0.3095827551426029,0.9251858627078496,0.3605930997203118,0.838917715270046
19,beta,1,16,1.0,1.0,raw,17,0.1661293425692064,0.974944104209196,0.4058367755020662,0.7712650233403038
34,beta,1,16,1.0,1.0,raw,16,0.3482589640617265,0.8965052535404295,0.3715006354430503,0.8489481806367771
24,beta,1,16,1.0,1.0,raw,20,0.1304117560820567,0.9905380595961024,0.3771934138721725,0.8164997316211097
40,beta,1,16,1.0,1.0,raw,19,0.2449044371972621,0.943455985095482,0.4055358404908155,0.7744572500670062
4,beta,1,16,1.0,1.0,raw,15,0.1956889720375254,0.9726482998262596,0.43235912332889,0.6894233471052879
44,beta,1,16,1.0,1.0,raw,19,0.2696536656900303,0.9384386446886448,0.4110638703376627,0.7177140305837706
26,beta,1,16,1.0,1.0,raw,16,0.2823121756086666,0.934454647676162,0.3669105459276431,0.8751320778171421
16,beta,1,16,1.0,1.0,raw,15,0.2180807827260549,0.9598335269066978,0.4081826638382224,0.7963027305428385
17,beta,1,16,1.0,1.0,raw,15,0.187917968679585,0.9773059027461,0.3998925623553361,0.7799866185475041
31,beta,1,16,1.0,1.0,raw,16,0.3350661865903941,0.9053751011443764,0.3615914699649706,0.876453880123567
49,beta,1,16,1.0,1.0,raw,15,0.2700714971883896,0.9260830262151448,0.374099484673201,0.8623131313131314
9,beta,1,16,1.0,1.0,raw,15,0.1436423663234322,0.990024007645153,0.3714291311878136,0.8525117062351105
14,beta,1,16,1.0,1.0,raw,16,0.2475703009069988,0.9456380208333334,0.3989094202055361,0.8140906666666667
0,beta,1,16,1.0,1.0,raw,27,0.1843607181739713,0.9827302631578948,0.4178637078460013,0.7525083612040133
10,beta,1,16,1.0,1.0,raw,17,0.1945446657051205,0.9705290895222244,0.3748257351323294,0.848701107321797
45,beta,1,16,1.0,1.0,raw,15,0.4432031465446672,0.8502818811103975,0.4496364310282714,0.5674931129476584
3,beta,1,16,1.0,1.0,raw,16,0.1465384192906399,0.9901549504110188,0.4311305350537022,0.6946300291117766
41,beta,1,16,1.0,1.0,raw,14,0.1964024078915911,0.977984332702489,0.4204059737968856,0.7630158527774236
2,beta,1,16,1.0,1.0,raw,21,0.2671730149118347,0.9333300543491628,0.3549087640892114,0.8549263236763237
23,beta,1,16,1.0,1.0,raw,21,0.1574116855002449,0.9867803137033906,0.3806488237614098,0.818637130280966
35,beta,1,16,1.0,1.0,raw,17,0.397757848115528,0.8973674453096032,0.427321997303334,0.7491112403852369
7,beta,1,16,1.0,1.0,raw,16,0.1532484967607635,0.9805822883250704,0.3564901245375841,0.8470879853357773
47,beta,1,16,1.0,1.0,raw,21,0.2273396285165231,0.9611742424242424,0.3926638419483365,0.7761763064906082
8,beta,1,16,1.0,1.0,raw,15,0.1356508373005817,0.9908368396446936,0.3931557310977377,0.835102523168785
11,beta,1,16,1.0,1.0,raw,21,0.1542579263709414,0.9872153788727136,0.3888227275453074,0.8179012345679013
5,beta,1,16,1.0,1.0,raw,18,0.1750820186970148,0.9817551410808224,0.4360447590999722,0.7231538656741667
30,beta,1,16,1.0,1.0,raw,22,0.2349704014369657,0.9543924089378636,0.3818225907044361,0.8021251307890005
38,beta,1,16,1.0,1.0,raw,17,0.1342559519980974,0.9820492133924972,0.3774969102088845,0.8275366876310273
18,beta,1,16,1.0,1.0,raw,17,0.2918111309976139,0.9140745007680492,0.4238718423402346,0.7794906166219838
43,beta,1,16,1.0,1.0,raw,17,0.1213040486965875,0.9901145862684324,0.3451287946060682,0.8588789478024244
37,beta,1,16,1.0,1.0,raw,15,0.3032816093989055,0.937963242640396,0.3467680375255859,0.8817246753246752
36,beta,1,16,1.0,1.0,raw,16,0.2184511936790768,0.9546820700666854,0.4103375533707105,0.7427762883526958
27,beta,1,16,1.0,1.0,raw,17,0.1630521613681994,0.9852994227994228,0.4061098040247187,0.756001032435688
48,beta,1,16,1.0,1.0,raw,16,0.4132268678764533,0.9088844076675244,0.4216849640820462,0.8637919303960578
29,beta,1,16,1.0,1.0,raw,15,0.2093622854984083,0.9605034420415826,0.439708076272137,0.7485647262176678
39,beta,1,16,1.0,1.0,raw,17,0.3646658894756085,0.9284332688588008,0.4151375866802136,0.7726072407676182
12,beta,1,16,1.0,1.0,raw,20,0.1764032063082238,0.9661209272167288,0.3511925446195012,0.8564015650827527
20,beta,1,16,1.0,1.0,raw,16,0.3022745393299798,0.92481737012987,0.4346433599564068,0.6596445029624752
15,beta,1,16,1.0,1.0,raw,17,0.2046516434370505,0.9659838974133078,0.4256167487746476,0.757795962902346
46,beta,1,16,1.0,1.0,raw,17,0.170530544482969,0.9816836124401914,0.3987180432755047,0.7803369307712555
21,beta,1,16,1.0,1.0,raw,16,0.3843367262912723,0.9329487089284458,0.4135281155413472,0.8382297154899895
13,beta,1,16,1.0,1.0,raw,16,0.2496461226347489,0.9473488372093024,0.3788442462646335,0.8522316109356042
33,beta,1,16,1.0,1.0,raw,15,0.3040518487905455,0.9241632766272188,0.4101032404476937,0.7518391267114454
32,beta,1,16,1.0,1.0,raw,16,0.2515839674183412,0.9414225941422594,0.3926059845865167,0.812769315432618
25,beta,1,16,1.0,1.0,raw,16,0.1849037166490898,0.9697458652682532,0.3866418318884762,0.8099490887310686
42,beta,1,16,1.0,1.0,raw,17,0.263633357872839,0.9478559613182338,0.3669542220913245,0.8600327989124571
1,beta,1,16,1.0,1.0,raw,17,0.1932048179900902,0.976321892393321,0.4513786799751731,0.7094401722859378
6,beta,1,16,1.0,1.0,raw,18,0.1515268714065272,0.9833287088420272,0.3869351446270749,0.8184138765300474
22,beta,1,16,1.0,1.0,raw,17,0.2319725806947646,0.9543562708102108,0.3883433271249071,0.839718554336371
19,beta,1,16,1.0,1.0,raw,18,0.165434746738073,0.9747253815495284,0.4192883347675191,0.7569756880637053
28,beta,1,16,1.0,1.0,raw,15,0.4367364623925513,0.923520720467178,0.4430363692624027,0.839180303762368
34,beta,1,16,1.0,1.0,raw,17,0.3488644490226891,0.9183417085427136,0.3758658704432324,0.8517706302794023
26,beta,1,16,1.0,1.0,raw,17,0.2288088343867731,0.9514617691154424,0.3735831634987122,0.8577703192657509
31,beta,1,16,1.0,1.0,raw,17,0.352784987712425,0.9034100104034214,0.3691229639420257,0.8755209089212779
40,beta,1,16,1.0,1.0,raw,20,0.2600979078016205,0.9359338612016768,0.4104560301472153,0.7510772529534255
24,beta,1,16,1.0,1.0,raw,21,0.1941955481041051,0.973732523654851,0.3763321421232424,0.8110004962477593
17,beta,1,16,1.0,1.0,raw,16,0.1773775522224521,0.9723109205364474,0.4019378725944955,0.7807773407404404
16,beta,1,16,1.0,1.0,raw,16,0.1559335663496174,0.98625629113434,0.3995193305417548,0.7975903368214519
4,beta,1,16,1.0,1.0,raw,16,0.185500460390846,0.978927773641102,0.445773137416888,0.6678183767132555
44,beta,1,16,1.0,1.0,raw,20,0.2004502139066324,0.9694368131868132,0.4269462361526012,0.737683791819298
49,beta,1,16,1.0,1.0,raw,16,0.2448062672555709,0.9385995410611222,0.3647010499648326,0.8632727272727273
14,beta,1,16,1.0,1.0,raw,17,0.1902592899213611,0.9672580295138888,0.389221531181552,0.8220800000000001
9,beta,1,16,1.0,1.0,raw,16,0.1802347495079697,0.9740344498053748,0.3774616191628495,0.8484042553191491
10,beta,1,16,1.0,1.0,raw,18,0.1822575071663322,0.9678478145297368,0.366676197777041,0.8508378594585491
2,beta,1,16,1.0,1.0,raw,22,0.2842723131799439,0.9233455475493691,0.3715963273174362,0.8576319513819513
0,beta,1,16,1.0,1.0,raw,28,0.1757626470682652,0.9847488038277512,0.4018650725875298,0.7594596366974883
3,beta,1,16,1.0,1.0,raw,17,0.2574473309122767,0.945488493901404,0.4097619477462503,0.7480155821308144
35,beta,1,16,1.0,1.0,raw,18,0.2811328325991128,0.9063898158447656,0.4075181863681697,0.7601641781397452
45,beta,1,16,1.0,1.0,raw,16,0.1842914472801885,0.9791622065225148,0.4525869068444137,0.5908985763253634
41,beta,1,16,1.0,1.0,raw,15,0.1670459917180896,0.9851472103107108,0.4054162382840399,0.7788580050150877
7,beta,1,16,1.0,1.0,raw,17,0.2830682367512928,0.9045397103139884,0.362897978380679,0.8472129645059157
23,beta,1,16,1.0,1.0,raw,22,0.1540405159773483,0.987132525594064,0.374842928734055,0.8266485663745937
47,beta,1,16,1.0,1.0,raw,22,0.2340556989682514,0.9576467803030304,0.4117317277285348,0.7784906908023888
38,beta,1,16,1.0,1.0,raw,18,0.2093818485506405,0.9611738604275918,0.3720533912795835,0.8328301886792453
30,beta,1,16,1.0,1.0,raw,23,0.1734833942297308,0.9810988674625036,0.3906642703343859,0.7914588433681089
11,beta,1,16,1.0,1.0,raw,22,0.1490645965492711,0.9879852556924228,0.3840684528991371,0.8191460905349796
8,beta,1,16,1.0,1.0,raw,16,0.1977268435951636,0.9683730715287516,0.3835489817986607,0.8387825762444798
18,beta,1,16,1.0,1.0,raw,18,0.2309926108441789,0.9511568740399384,0.4026730680376603,0.7809481254521469
5,beta,1,16,1.0,1.0,raw,19,0.1765499631684377,0.9810856049736968,0.4274060979687933,0.7115653019793604
43,beta,1,16,1.0,1.0,raw,18,0.1603102641293651,0.97609655301963,0.3478838464919079,0.8664653253071657
27,beta,1,16,1.0,1.0,raw,18,0.2291329920837391,0.954455266955267,0.4173026258229697,0.7580766583498237
36,beta,1,16,1.0,1.0,raw,17,0.219541480209533,0.954541185310416,0.4187878577356735,0.7567024128686328
39,beta,1,16,1.0,1.0,raw,18,0.3625457660789778,0.9248180897117068,0.4126638144998995,0.7765481373971941
37,beta,1,16,1.0,1.0,raw,16,0.1134785299081354,0.9940286716698808,0.3257762313931913,0.8953558441558442
48,beta,1,16,1.0,1.0,raw,17,0.4328845642359526,0.91905987066268,0.4382263693218871,0.8641630414613528
29,beta,1,16,1.0,1.0,raw,16,0.1597187591404204,0.9856755441207148,0.4100618707971523,0.7583184147169578
15,beta,1,16,1.0,1.0,raw,18,0.1764164890564859,0.977730465213029,0.4283487967131719,0.7482924168030552
46,beta,1,16,1.0,1.0,raw,18,0.2325679095878792,0.9554675039872408,0.4180434864286828,0.7740962534000175
20,beta,1,16,1.0,1.0,raw,17,0.1971815704445634,0.971895292207792,0.4335671150343532,0.6812795499431443
12,beta,1,16,1.0,1.0,raw,21,0.1569178909867915,0.9730217909825626,0.3473952631776507,0.8643211348942312
21,beta,1,16,1.0,1.0,raw,17,0.3102025936681115,0.9278360186683552,0.3707120036116104,0.8482086406743942
42,beta,1,16,1.0,1.0,raw,18,0.2809720255139271,0.9376511006489374,0.3660704279596829,0.8604212070862914
25,beta,1,16,1.0,1.0,raw,17,0.197483725888308,0.9640227914481648,0.3977403900225155,0.802911354496449
33,beta,1,16,1.0,1.0,raw,16,0.1766051956052807,0.9710151627218936,0.4245014204342984,0.7536963093653594
13,beta,1,16,1.0,1.0,raw,17,0.2378013969666697,0.9571162790697676,0.3776372719645486,0.8511384877734174
22,beta,1,16,1.0,1.0,raw,18,0.2046842789578524,0.9621947835738068,0.3872948026333491,0.8275267084082408
32,beta,1,16,1.0,1.0,raw,17,0.16042330620286,0.9822234829681112,0.3823895550826157,0.8239105379559543
6,beta,1,16,1.0,1.0,raw,19,0.143003853673044,0.9888318534961154,0.3879481339248633,0.8171324298279786
1,beta,1,16,1.0,1.0,raw,18,0.189893319287157,0.9785018552875696,0.4570557351359631,0.6498207047876394
19,beta,1,16,1.0,1.0,raw,19,0.1718157752908888,0.9733644405560417,0.4190915081614735,0.7663434932302557
34,beta,1,16,1.0,1.0,raw,18,0.2873585975217048,0.9260849703060758,0.3495470662774048,0.8427956465237167
26,beta,1,16,1.0,1.0,raw,18,0.2169363501097092,0.9583489505247376,0.3563861327491333,0.8777425570265398
31,beta,1,16,1.0,1.0,raw,18,0.3910083987304741,0.9052363888567796,0.3991772385606193,0.8802375966661828
28,beta,1,16,1.0,1.0,raw,16,0.3209376979221822,0.9359037500879476,0.3696125989413313,0.8335188958679076
14,beta,1,16,1.0,1.0,raw,18,0.2265391831073899,0.9542643229166666,0.3987822256848318,0.8188586666666666
40,beta,1,16,1.0,1.0,raw,21,0.1677674651054347,0.9799953423381462,0.4353527611587199,0.7480465125868503
24,beta,1,16,1.0,1.0,raw,22,0.1372950261543866,0.98787835993033,0.3828732578563005,0.8115271265229237
17,beta,1,16,1.0,1.0,raw,17,0.1947608500513898,0.9672018976370768,0.3992798633418501,0.7785977859778598
16,beta,1,16,1.0,1.0,raw,17,0.1822018311165667,0.9752468060394888,0.4108563216060227,0.796517331589274
4,beta,1,16,1.0,1.0,raw,17,0.1915107655792197,0.9770910896003971,0.4513012423968822,0.6704617594105464
49,beta,1,16,1.0,1.0,raw,17,0.1459758387265166,0.9880165959715366,0.348607219964146,0.8663131313131313
44,beta,1,16,1.0,1.0,raw,21,0.1732302950848887,0.9808836996336996,0.4325524447457007,0.7269277212351217
2,beta,1,16,1.0,1.0,raw,23,0.2467968146942055,0.9401667363450804,0.3733878050742072,0.8521478521478523
9,beta,1,16,1.0,1.0,raw,17,0.1592479805043534,0.9864112066755238,0.3668021554130095,0.8459500533968618
3,beta,1,16,1.0,1.0,raw,18,0.1457364570904113,0.9885060258493176,0.4333748307746268,0.7015833455505057
10,beta,1,16,1.0,1.0,raw,19,0.2008453051737013,0.9659293160437326,0.3780855749400257,0.8455749231611301
35,beta,1,16,1.0,1.0,raw,19,0.3537116376679272,0.8987764182424917,0.4129179664877492,0.7466334863077155
23,beta,1,16,1.0,1.0,raw,23,0.2500684763588235,0.9447262139569832,0.3815854707219137,0.800259163272862
0,beta,1,16,1.0,1.0,raw,29,0.1992841127168178,0.9717155103668262,0.4322047452595968,0.7443657507596126
7,beta,1,16,1.0,1.0,raw,18,0.2799885461584786,0.910761154855643,0.3533827916748035,0.8532327945342443
47,beta,1,16,1.0,1.0,raw,23,0.2383720350076104,0.9528645833333332,0.3945044517858175,0.7854545078833716
41,beta,1,16,1.0,1.0,raw,16,0.2062695634840268,0.974606520853796,0.4278377425477164,0.7673615538271921
45,beta,1,16,1.0,1.0,raw,17,0.3842395923882796,0.9024477271105402,0.4434146762590065,0.5831913864530103
38,beta,1,16,1.0,1.0,raw,19,0.1671742734846635,0.9776875756353368,0.3648078998865792,0.8390670859538784
30,beta,1,16,1.0,1.0,raw,24,0.2578689195569737,0.9627078869503112,0.373308419619629,0.797208480206418
11,beta,1,16,1.0,1.0,raw,23,0.1538764077508772,0.9869820828667414,0.3782573925311987,0.817716049382716
18,beta,1,16,1.0,1.0,raw,19,0.2422989773296558,0.9393001152073732,0.40697193189442,0.7953955487467552
8,beta,1,16,1.0,1.0,raw,17,0.2643108396480256,0.9395511921458626,0.3745513059540106,0.8313084402794767
43,beta,1,16,1.0,1.0,raw,19,0.2047830093118442,0.9569127453742838,0.3555755454808532,0.8582501855364063
27,beta,1,16,1.0,1.0,raw,19,0.2280558419237095,0.9585588023088024,0.4191447674634567,0.7540652155209498
5,beta,1,16,1.0,1.0,raw,20,0.2237248876667284,0.9595648015303684,0.4447141274517618,0.7178565386567417
39,beta,1,16,1.0,1.0,raw,19,0.1647449389351087,0.977779312885696,0.4149943249096111,0.7725568456700533
36,beta,1,16,1.0,1.0,raw,18,0.233438544239124,0.9487414295106604,0.4240340334755723,0.7593514617643303
15,beta,1,16,1.0,1.0,raw,19,0.2177754816891647,0.9552162102635636,0.4364135569757333,0.7568139661756683
37,beta,1,16,1.0,1.0,raw,17,0.1054831291922458,0.9959803898789468,0.3330457335776255,0.8871584415584416
48,beta,1,16,1.0,1.0,raw,18,0.1978959032929304,0.9539902185754352,0.3590143923823179,0.8567305115147517
46,beta,1,16,1.0,1.0,raw,19,0.1750649693494348,0.979066985645933,0.3955949852090396,0.7767723962446257
29,beta,1,16,1.0,1.0,raw,17,0.1514156817617367,0.9850265396472198,0.4083498275922287,0.7703459061258925
12,beta,1,16,1.0,1.0,raw,22,0.120985871376569,0.9897644906560452,0.3385765852403967,0.8623543196702446
20,beta,1,16,1.0,1.0,raw,18,0.2454868052742721,0.9400111607142856,0.4504160970613099,0.6738982983222613
21,beta,1,16,1.0,1.0,raw,18,0.2592328135726374,0.9434086165247776,0.3822153260339096,0.8424552160168599
42,beta,1,16,1.0,1.0,raw,19,0.29059469259831,0.9355897696908004,0.3727274220956896,0.8627516561292968
22,beta,1,16,1.0,1.0,raw,19,0.1804801829956505,0.9708888272290048,0.3763954108464181,0.8443266588142914
6,beta,1,16,1.0,1.0,raw,20,0.2308181119082165,0.9549343322234554,0.3763522562372136,0.833760482234023
13,beta,1,16,1.0,1.0,raw,18,0.2359078982395811,0.9526744186046512,0.3727802702025617,0.8525267541893944
25,beta,1,16,1.0,1.0,raw,18,0.125577034345454,0.9906968535699878,0.3746114943586587,0.8136604774535809
33,beta,1,16,1.0,1.0,raw,17,0.1429355139742422,0.981092825443787,0.4289733327022084,0.7457207416349397
19,beta,1,16,1.0,1.0,raw,20,0.1615146620741005,0.9794886750267326,0.4117122019875001,0.7666603299326193
1,beta,1,16,1.0,1.0,raw,19,0.3457060129508389,0.9473330241187384,0.4378679465309205,0.6874066699850673
34,beta,1,16,1.0,1.0,raw,19,0.4262090860794575,0.926564641388762,0.4299138080076466,0.854039757959714
31,beta,1,16,1.0,1.0,raw,19,0.2940531688024526,0.9232921049589644,0.3471306782156061,0.8744220761719155
26,beta,1,16,1.0,1.0,raw,19,0.2109323518619322,0.9600356071964018,0.3513539119330865,0.8767480887562931
32,beta,1,16,1.0,1.0,raw,18,0.1321661451914907,0.988275063234286,0.3759203980346012,0.8144617844645881
28,beta,1,16,1.0,1.0,raw,17,0.4370995119020123,0.9285865053120382,0.4442103617195173,0.8303625821901981
14,beta,1,16,1.0,1.0,raw,19,0.2042301265872088,0.9632432725694444,0.3864689607864117,0.8238506666666666
24,beta,1,16,1.0,1.0,raw,23,0.1513882714631043,0.9866544273407712,0.3741311896666397,0.8236193678411198
40,beta,1,16,1.0,1.0,raw,22,0.2213272368187391,0.957731718677224,0.3948700649186145,0.7961157041832464
4,beta,1,16,1.0,1.0,raw,18,0.1807070294398308,0.979523454951601,0.4508576558116181,0.6854686800778444
2,beta,1,16,1.0,1.0,raw,24,0.2802648111006071,0.924206280894179,0.363252946304796,0.8575487012987014
17,beta,1,16,1.0,1.0,raw,18,0.195742971966446,0.967498403430344,0.4110519438378965,0.783352256599489
16,beta,1,16,1.0,1.0,raw,18,0.1570168156418787,0.9865466511807977,0.3887575908054716,0.8098634728580771
49,beta,1,16,1.0,1.0,raw,18,0.2767533882772793,0.9279836821732376,0.3738013023710958,0.8598484848484849
44,beta,1,16,1.0,1.0,raw,22,0.1697744080386446,0.9834478021978024,0.4145330598276188,0.7652538331185502
3,beta,1,16,1.0,1.0,raw,19,0.1660569195719626,0.9800189141346782,0.4478819985243493,0.6916246046872054
35,beta,1,16,1.0,1.0,raw,20,0.3702875515223487,0.9081201334816464,0.417046554559018,0.7578372438756382
10,beta,1,16,1.0,1.0,raw,20,0.0926911541295001,0.995400226521508,0.3535290288755082,0.8506694454970316
23,beta,1,16,1.0,1.0,raw,24,0.3149760382484917,0.9344181459566075,0.3917219780696488,0.7978834999382944
9,beta,1,16,1.0,1.0,raw,18,0.1567610608241289,0.98265855534578,0.386191307040463,0.8236260576686109
47,beta,1,16,1.0,1.0,raw,24,0.2580355055426801,0.9480350378787878,0.3885393731541308,0.7879961977972021
7,beta,1,16,1.0,1.0,raw,19,0.2841754008490926,0.91153883542335,0.3719953927131645,0.841703466088985
0,beta,1,16,1.0,1.0,raw,30,0.1936186487505764,0.9764503588516746,0.4372361102561705,0.7302773952390321
38,beta,1,16,1.0,1.0,raw,20,0.1240277439781498,0.985528438886648,0.3595935737342233,0.8393815513626834
41,beta,1,16,1.0,1.0,raw,17,0.1998233036978177,0.9761397120475288,0.4077181147826775,0.7682753198180968
30,beta,1,16,1.0,1.0,raw,25,0.2091201002803343,0.9671972247729824,0.3874835149273306,0.7946993630702652
45,beta,1,16,1.0,1.0,raw,18,0.1859076856704246,0.9801612788125312,0.4608829918652937,0.5879860366328097
11,beta,1,16,1.0,1.0,raw,24,0.1533643270597635,0.9875886524822696,0.3963113792606925,0.8112037037037038
18,beta,1,16,1.0,1.0,raw,20,0.2547081242735263,0.9360839093701996,0.3859999555948459,0.8023852078811865
43,beta,1,16,1.0,1.0,raw,20,0.2148388168462177,0.9555273786043016,0.3597858195482284,0.8454997113878123
27,beta,1,16,1.0,1.0,raw,20,0.220108488667509,0.9601370851370852,0.4142238914202318,0.7507635722274799
8,beta,1,16,1.0,1.0,raw,18,0.1754677201645914,0.9802010285179992,0.3825158896916871,0.8436858582298425
39,beta,1,16,1.0,1.0,raw,20,0.3584734970615155,0.9273970710140924,0.4149118385544805,0.7638334542815675
5,beta,1,16,1.0,1.0,raw,21,0.1737193828302925,0.981874701099952,0.4249365415600183,0.727393841989511
15,beta,1,16,1.0,1.0,raw,20,0.2297679218617141,0.950615471208673,0.4315675008982644,0.759923622476814
36,beta,1,16,1.0,1.0,raw,19,0.2385246097235649,0.9415093453554992,0.4257271758573482,0.7583514192093281
46,beta,1,16,1.0,1.0,raw,20,0.1697726087366959,0.977247807017544,0.4121590173119216,0.7858317978415372
48,beta,1,16,1.0,1.0,raw,19,0.4324738069000625,0.9161857079943444,0.4382936737693226,0.8539059439622291
37,beta,1,16,1.0,1.0,raw,18,0.1188792543244147,0.9929598736030112,0.3293836725855799,0.8883532467532468
29,beta,1,16,1.0,1.0,raw,18,0.2227800175850371,0.9567716663189856,0.4071481569771018,0.7502623618741897
12,beta,1,16,1.0,1.0,raw,23,0.1869074777461733,0.958015885881018,0.3555135174741919,0.8579812943318059
20,beta,1,16,1.0,1.0,raw,19,0.2277742161260729,0.956346387987013,0.4747297346300577,0.6730105531948849
42,beta,1,16,1.0,1.0,raw,20,0.2547820904372938,0.9508843364295712,0.3649251516232218,0.8599896424486978
22,beta,1,16,1.0,1.0,raw,20,0.121168790147129,0.9907047724750278,0.3770527485655605,0.852643977434753
21,beta,1,16,1.0,1.0,raw,19,0.3308002315475456,0.9230985717301062,0.3784636242304992,0.8502634351949422
6,beta,1,16,1.0,1.0,raw,21,0.1723180284612928,0.9753283388827227,0.3852309883756356,0.8196235622168002
34,beta,1,16,1.0,1.0,raw,20,0.4302614886563707,0.9227044312471449,0.4330507607296872,0.847658788174139
19,beta,1,16,1.0,1.0,raw,21,0.204883755808096,0.9554777874987848,0.3966972456126058,0.770589105041928
26,beta,1,16,1.0,1.0,raw,20,0.178367409644198,0.9700618440779608,0.3486876778479924,0.8717964654940229
31,beta,1,16,1.0,1.0,raw,20,0.3224705478060994,0.909397757484684,0.3527269998415179,0.8785893475421391
13,beta,1,16,1.0,1.0,raw,19,0.2060224770052754,0.9666744186046512,0.3616684007310095,0.8618183010679813
32,beta,1,16,1.0,1.0,raw,19,0.2166754408276313,0.9631468217384108,0.3889606112614547,0.8022095546625964
33,beta,1,16,1.0,1.0,raw,18,0.1855655560375121,0.9694665310650888,0.4275435278856683,0.7465255207849693
25,beta,1,16,1.0,1.0,raw,19,0.1363823976669387,0.9890076643807988,0.3903168989106197,0.8073714383503037
1,beta,1,16,1.0,1.0,raw,20,0.2003784737425676,0.96876159554731,0.4588702283105613,0.7009376174561412
28,beta,1,16,1.0,1.0,raw,18,0.2858116508736542,0.9384366425103778,0.3897664553476107,0.8308720038653027
14,beta,1,16,1.0,1.0,raw,20,0.2523379086033882,0.9559733072916669,0.3844336806064006,0.8152000000000001
24,beta,1,16,1.0,1.0,raw,24,0.1347604557096368,0.9898790189709552,0.3679108697680084,0.8273969273148946
40,beta,1,16,1.0,1.0,raw,23,0.1976264165897497,0.9665579878900792,0.399026734221326,0.7857864461992041
4,beta,1,16,1.0,1.0,raw,19,0.175507029581096,0.981434599156118,0.4486829298737547,0.6387411670430537
2,beta,1,16,1.0,1.0,raw,25,0.2556328535155993,0.9378796448860144,0.3716479129008516,0.8493121461871461
16,beta,1,16,1.0,1.0,raw,19,0.2005821491392585,0.967503871467286,0.4122451450103659,0.793809270765206
10,beta,1,16,1.0,1.0,raw,21,0.1752812373664077,0.9742967431754616,0.3670559302452833,0.8505747126436782
35,beta,1,16,1.0,1.0,raw,21,0.2474229655529352,0.9365714991966384,0.4231333685572809,0.7496067912007411
3,beta,1,16,1.0,1.0,raw,20,0.1915044046305037,0.9682824510778631,0.4184344718487363,0.7281923471631726
23,beta,1,16,1.0,1.0,raw,25,0.2329098603508627,0.9537193575655114,0.3874853800507506,0.8026862478917275
44,beta,1,16,1.0,1.0,raw,23,0.150746667186942,0.9885989010989013,0.4034175801696605,0.7664816487229703
7,beta,1,16,1.0,1.0,raw,20,0.2773166562668,0.9209196072713132,0.3527308019243755,0.8515247458756875
17,beta,1,16,1.0,1.0,raw,19,0.1994372833511385,0.9722881123985038,0.4018625882191333,0.7671019017882488
47,beta,1,16,1.0,1.0,raw,25,0.3077498619131961,0.930184659090909,0.3959338307380014,0.7665158184034881
49,beta,1,16,1.0,1.0,raw,19,0.1541944296481511,0.9852119694967898,0.3546757918790723,0.862050505050505
9,beta,1,16,1.0,1.0,raw,19,0.1496846547483513,0.9887653544041208,0.3766089929077758,0.843824447547852
38,beta,1,16,1.0,1.0,raw,21,0.1310761847680406,0.9847720855183542,0.3660834535590887,0.8250104821802935
30,beta,1,16,1.0,1.0,raw,26,0.1750048658001052,0.9797214569941842,0.3958017269700181,0.7937343180178991
11,beta,1,16,1.0,1.0,raw,25,0.2695112635624332,0.9387364688316536,0.3819438069752469,0.8079526748971193
18,beta,1,16,1.0,1.0,raw,21,0.2154378306699228,0.960541474654378,0.399560878044475,0.7904910847270097
41,beta,1,16,1.0,1.0,raw,18,0.1616890237273417,0.9866324892796396,0.4053380340203736,0.7755960729312763
45,beta,1,16,1.0,1.0,raw,19,0.2725090613302245,0.9464544827422154,0.4486823984991371,0.5958930035959876
27,beta,1,16,1.0,1.0,raw,21,0.2004829201629537,0.9688852813852812,0.4076752237953867,0.7580874128882389
43,beta,1,16,1.0,1.0,raw,21,0.1642397025758264,0.9792429792429792,0.3501961754332429,0.8587140265523213
8,beta,1,16,1.0,1.0,raw,19,0.1216438894440197,0.9940158952781674,0.3754071766898974,0.83542387991624
39,beta,1,16,1.0,1.0,raw,21,0.3467886954844896,0.9183245832182004,0.4079836022410347,0.7694424286405419
5,beta,1,16,1.0,1.0,raw,22,0.1941887859115284,0.974127211860354,0.4275178404760712,0.71678861444764
36,beta,1,16,1.0,1.0,raw,20,0.2523745922455651,0.9329388560157792,0.4063498300990654,0.7479573598876548
15,beta,1,16,1.0,1.0,raw,21,0.1838504640046085,0.9734233903531312,0.4299278800665584,0.7540971085651937
48,beta,1,16,1.0,1.0,raw,20,0.4223688555222838,0.916510210231092,0.4301131134630151,0.8612766220646146
46,beta,1,16,1.0,1.0,raw,21,0.2063395081990678,0.9630432615629984,0.4081346372252253,0.7710691410020181
12,beta,1,16,1.0,1.0,raw,24,0.1673717702118807,0.9709839520181552,0.3440783622958804,0.8598330299416233
37,beta,1,16,1.0,1.0,raw,19,0.1181112912463281,0.993308394711773,0.3288186099252089,0.8886649350649349
20,beta,1,16,1.0,1.0,raw,20,0.2213640612840401,0.9614701704545454,0.4576829355885591,0.6889999401520139
42,beta,1,16,1.0,1.0,raw,21,0.1809359180466933,0.9706069474487848,0.3492636329601921,0.8559113566234383
29,beta,1,16,1.0,1.0,raw,19,0.3320479893672195,0.9385300048675336,0.4124301005874787,0.7678766178982241
22,beta,1,16,1.0,1.0,raw,21,0.2090267601882594,0.9615704772475028,0.3861708950776562,0.8416609840266155
6,beta,1,16,1.0,1.0,raw,22,0.1326950198785959,0.9896642619311876,0.3794513399656681,0.8198695999835974
21,beta,1,16,1.0,1.0,raw,20,0.3078558344278989,0.927976734914046,0.3728699589182975,0.833140147523709
26,beta,1,16,1.0,1.0,raw,21,0.2792128723371234,0.9224137931034484,0.3528588237034327,0.8755464395964117
34,beta,1,16,1.0,1.0,raw,21,0.354520413034311,0.9191640018273184,0.3799922755987208,0.8501868096166342
31,beta,1,16,1.0,1.0,raw,21,0.3463206298863846,0.8949947982892151,0.3633144117416937,0.8833785997138889
19,beta,1,16,1.0,1.0,raw,22,0.138214013623325,0.9857587246038688,0.4225572085727022,0.7464672707686458
32,beta,1,16,1.0,1.0,raw,20,0.1417960442763025,0.9889369548258988,0.3808688040324201,0.8101112045603215
13,beta,1,16,1.0,1.0,raw,20,0.1522677427587916,0.9880232558139534,0.3511072177790985,0.8574676708824783
1,beta,1,16,1.0,1.0,raw,21,0.1929321192518435,0.973121521335807,0.4426802420585999,0.7094604890238823
33,beta,1,16,1.0,1.0,raw,19,0.148731993619199,0.9837971523668638,0.4165166604704306,0.7552439615769545
28,beta,1,16,1.0,1.0,raw,19,0.4314221998925499,0.9340978916015854,0.4400495762421932,0.8328834317164885
25,beta,1,16,1.0,1.0,raw,20,0.1552508595683924,0.9818727309398952,0.3777264780601765,0.8213078634380081
14,beta,1,16,1.0,1.0,raw,21,0.3089061917858233,0.9571397569444444,0.3816430856084615,0.8192746666666667
24,beta,1,16,1.0,1.0,raw,25,0.1585179481317313,0.9842300993268372,0.3754928846535924,0.8149603508167833
40,beta,1,16,1.0,1.0,raw,24,0.2576821170913596,0.9495109455053564,0.3881953591537087,0.7880337298723791
4,beta,1,16,1.0,1.0,raw,20,0.1913270202455289,0.9730950608091338,0.4492119332501217,0.6576299056083423
2,beta,1,16,1.0,1.0,raw,26,0.2744015320873099,0.9347564124634188,0.3687992636860988,0.8600462037962038
16,beta,1,16,1.0,1.0,raw,20,0.2344633492207867,0.9520663956639566,0.3902916821317947,0.8062459123610202
7,beta,1,16,1.0,1.0,raw,21,0.277426143281459,0.9120248857781664,0.3549912777688834,0.845713214464256
35,beta,1,16,1.0,1.0,raw,22,0.2644287408042076,0.9163267828451366,0.4223274877298472,0.7552733070475943
23,beta,1,16,1.0,1.0,raw,26,0.1565104578708926,0.9859350051657744,0.3920680665919774,0.8046402566950512
44,beta,1,16,1.0,1.0,raw,24,0.1694135461649416,0.9831730769230768,0.4141690638905822,0.7583435651300368
10,beta,1,16,1.0,1.0,raw,22,0.1792297649074994,0.9723089013706864,0.3660430116290397,0.8525535766915077
3,beta,1,16,1.0,1.0,raw,21,0.1486565141164291,0.989403234802008,0.4366908253867567,0.6907030808218316
47,beta,1,16,1.0,1.0,raw,26,0.2201019640636467,0.9621922348484848,0.4009358299440611,0.7882441675448928
17,beta,1,16,1.0,1.0,raw,20,0.2032066236236585,0.965286014049813,0.4051212070844262,0.7731336928753902
38,beta,1,16,1.0,1.0,raw,22,0.2049516560376154,0.9580980233965308,0.3683663983449136,0.8366876310272535
49,beta,1,16,1.0,1.0,raw,20,0.1470967652745453,0.9875066638852188,0.3497699816178767,0.8673232323232323
30,beta,1,16,1.0,1.0,raw,27,0.132792148713796,0.9907407407407408,0.385450634447566,0.7922207210410297
18,beta,1,16,1.0,1.0,raw,22,0.2554557470343069,0.9375240015360984,0.4001717318005495,0.7867675220222136
9,beta,1,16,1.0,1.0,raw,20,0.1480946408418263,0.9887420460107684,0.3694273828906552,0.8496878337303869
11,beta,1,16,1.0,1.0,raw,26,0.2200915378360266,0.9519876819708846,0.4050677593380066,0.8153395061728395
27,beta,1,16,1.0,1.0,raw,22,0.2408921378289155,0.9479392135642136,0.4234406946209544,0.7398799793512864
43,beta,1,16,1.0,1.0,raw,22,0.1827077284160968,0.9709072978303748,0.3548004659493751,0.8629710563206069
45,beta,1,16,1.0,1.0,raw,20,0.3876993097440347,0.912176788220462,0.4439067738257019,0.5761781591066809
41,beta,1,16,1.0,1.0,raw,19,0.1640457984960936,0.9863450159308148,0.4071082256552006,0.7788367546432062
8,beta,1,16,1.0,1.0,raw,20,0.1324140447929074,0.9919822346891072,0.3760905303627085,0.8400472705409161
39,beta,1,16,1.0,1.0,raw,22,0.1447531311523346,0.988003131620153,0.4030348573487612,0.7641912594742784
48,beta,1,16,1.0,1.0,raw,21,0.4161788011493379,0.9205896669216328,0.4248822722344323,0.8609570542028329
36,beta,1,16,1.0,1.0,raw,21,0.2330445835360216,0.9461585423123884,0.4192833237140042,0.7566704966168774
15,beta,1,16,1.0,1.0,raw,22,0.1677273301704867,0.9823801483004184,0.4160173442966233,0.7659901800327332
46,beta,1,16,1.0,1.0,raw,22,0.1715841053298364,0.980387759170654,0.3937395480449011,0.7837479161182768
5,beta,1,16,1.0,1.0,raw,23,0.1731635526997681,0.9829029172644668,0.4298828547892361,0.7263893588225342
12,beta,1,16,1.0,1.0,raw,25,0.2967575242358865,0.9139244610147512,0.3624385781703804,0.8599062624233674
20,beta,1,16,1.0,1.0,raw,21,0.1874811441159177,0.976359577922078,0.4388098522672002,0.6831049135196601
42,beta,1,16,1.0,1.0,raw,22,0.1736438664027644,0.9721338592696273,0.3520040494295759,0.8588567852750145
6,beta,1,16,1.0,1.0,raw,23,0.1858172805407262,0.9706807251202368,0.3725298949220912,0.8409570869128411
22,beta,1,16,1.0,1.0,raw,22,0.1190596680667329,0.9920227524972254,0.3668474489554096,0.8508565288368153
26,beta,1,16,1.0,1.0,raw,22,0.2173564322505982,0.9572947901049476,0.3582272029592533,0.8750906416392152
37,beta,1,16,1.0,1.0,raw,20,0.1121481260257489,0.993866028485792,0.3288043799950313,0.8862233766233767
34,beta,1,16,1.0,1.0,raw,22,0.4290988704994571,0.9274554591137506,0.4339389629622309,0.8454150422352177
29,beta,1,16,1.0,1.0,raw,20,0.1616354875407287,0.9825232366780244,0.4090835349063735,0.7486161697224109
31,beta,1,16,1.0,1.0,raw,22,0.2191087981858938,0.9587099757253496,0.3507626972517262,0.8774075840192399
21,beta,1,16,1.0,1.0,raw,21,0.345506903354447,0.93273763455991,0.3892879300254419,0.8374920969441517
19,beta,1,16,1.0,1.0,raw,23,0.1355723340643216,0.98811606882473,0.4123873022047716,0.765213442325159
32,beta,1,16,1.0,1.0,raw,21,0.2140008343330501,0.9619648724676736,0.3799362929485492,0.8148355813060046
28,beta,1,16,1.0,1.0,raw,20,0.3269551859326963,0.9385304533408384,0.3741008987094247,0.8366069365376131
13,beta,1,16,1.0,1.0,raw,21,0.2292171534643239,0.958372093023256,0.3699199583815618,0.8531607656234628
14,beta,1,16,1.0,1.0,raw,22,0.2220655435739537,0.951226128472222,0.3894224921971104,0.8232533333333334
33,beta,1,16,1.0,1.0,raw,20,0.1846533896159645,0.9659763313609468,0.4325772303605917,0.7514780078620733
1,beta,1,16,1.0,1.0,raw,22,0.2096914469238032,0.9672541743970317,0.4306125393796244,0.7045641551792443
25,beta,1,16,1.0,1.0,raw,21,0.1254579232747726,0.9902682533279548,0.390467383056788,0.8020022246941045
24,beta,1,16,1.0,1.0,raw,26,0.1368374377469804,0.9893376641717272,0.3785984913099691,0.8224040672061251
40,beta,1,16,1.0,1.0,raw,25,0.2474978445782873,0.9479273404750814,0.3883240643542504,0.7851163845535328
4,beta,1,16,1.0,1.0,raw,21,0.1718714832899808,0.9840655249441548,0.4315486654651025,0.6799529602764104
2,beta,1,16,1.0,1.0,raw,27,0.2655480217186414,0.9418882030347,0.3628852901333506,0.858131451881452
16,beta,1,16,1.0,1.0,raw,21,0.1731547267126008,0.9802797135114208,0.4038400141935735,0.7895274689339438
35,beta,1,16,1.0,1.0,raw,23,0.3935739971563675,0.8910888641700655,0.425258402947141,0.7592592592592593
7,beta,1,16,1.0,1.0,raw,22,0.2615029598363979,0.9329250510352872,0.3760167286212893,0.8391622229628396
10,beta,1,16,1.0,1.0,raw,23,0.2714717642510396,0.9465594156669672,0.3761105781597103,0.8436171108584902
3,beta,1,16,1.0,1.0,raw,22,0.262129887717669,0.956158005771236,0.4117970118977452,0.7451881793620542
23,beta,1,16,1.0,1.0,raw,27,0.2457569936579878,0.9434112895651356,0.3915927153465527,0.8018840758566785
44,beta,1,16,1.0,1.0,raw,25,0.1595477080005392,0.9857142857142858,0.426394397323446,0.7340510811880385
47,beta,1,16,1.0,1.0,raw,27,0.2393670591725485,0.95546875,0.3918357015979244,0.7905998801479552
38,beta,1,16,1.0,1.0,raw,23,0.1854194102905821,0.963493344090359,0.3696698628440208,0.8291090146750524
17,beta,1,16,1.0,1.0,raw,21,0.2108019198808656,0.9633017060487182,0.4065145218238886,0.7813044888690646
18,beta,1,16,1.0,1.0,raw,23,0.286773563103663,0.9213709677419356,0.3845832121212741,0.7890335758968466
30,beta,1,16,1.0,1.0,raw,28,0.1526084214703401,0.9866595245383124,0.3751066970033622,0.7995652218079865
11,beta,1,16,1.0,1.0,raw,27,0.2014886528587527,0.9627659574468084,0.3978955378922872,0.80820987654321
43,beta,1,16,1.0,1.0,raw,23,0.1286232181959493,0.9892927585235276,0.3366714820521375,0.8663416343695886
27,beta,1,16,1.0,1.0,raw,23,0.1959377675305598,0.9733495670995672,0.4137409329069135,0.7600178525337693
49,beta,1,16,1.0,1.0,raw,21,0.1489286203582797,0.9869040168741164,0.3547667603851543,0.8655151515151516
9,beta,1,16,1.0,1.0,raw,21,0.1406258741987394,0.9912127357061278,0.3727306203786984,0.8440298200936499
8,beta,1,16,1.0,1.0,raw,21,0.1973512576978874,0.9703599812996728,0.3873667249371177,0.838274625256567
39,beta,1,16,1.0,1.0,raw,23,0.1595764772958905,0.982776089159068,0.4209197674013184,0.7617823738106757
45,beta,1,16,1.0,1.0,raw,21,0.2901656263209723,0.933585480149385,0.4537258439688159,0.5821714718314303
48,beta,1,16,1.0,1.0,raw,22,0.4364276926063241,0.9236956169019308,0.4417648040706649,0.8648434117477269
41,beta,1,16,1.0,1.0,raw,20,0.1963687658995856,0.976451141508756,0.4033029474025393,0.7861362573845041
15,beta,1,16,1.0,1.0,raw,23,0.1767028122367118,0.9776570491642806,0.4095047635883125,0.7676813966175668
36,beta,1,16,1.0,1.0,raw,22,0.2102031818441706,0.962430731661501,0.4141929888691852,0.7612770756202392
46,beta,1,16,1.0,1.0,raw,23,0.2115672741496376,0.958557615629984,0.4151813038942627,0.7708936562253225
12,beta,1,16,1.0,1.0,raw,26,0.1998865584424474,0.949910844545307,0.359135713939933,0.8534094951143474
20,beta,1,16,1.0,1.0,raw,22,0.2125776510152751,0.967583198051948,0.4715008603985198,0.6756538392483092
5,beta,1,16,1.0,1.0,raw,24,0.1892706001614814,0.9768770923003348,0.4341271358781243,0.7256597868380985
6,beta,1,16,1.0,1.0,raw,24,0.2267471908986253,0.9557667406585276,0.3703789502492274,0.8243085313595637
42,beta,1,16,1.0,1.0,raw,23,0.2825744227471893,0.9510624761420028,0.3403336622070463,0.8624819282308007
22,beta,1,16,1.0,1.0,raw,23,0.2287630795429114,0.9578708842027376,0.3905171054605516,0.8421052631578947
26,beta,1,16,1.0,1.0,raw,23,0.1971964667680052,0.968117503748126,0.3562821942556044,0.8711749228251185
34,beta,1,16,1.0,1.0,raw,23,0.3407812232743803,0.9290772042028324,0.3767773312208816,0.8455673326835608
19,beta,1,16,1.0,1.0,raw,24,0.1538643750962436,0.9811655487508506,0.4064564913706818,0.7803899203683754
31,beta,1,16,1.0,1.0,raw,23,0.3321074342278357,0.9065079181597504,0.3614481340044862,0.8711566769639043
37,beta,1,16,1.0,1.0,raw,21,0.1051518482970459,0.995213643439671,0.3263732950676662,0.8826701298701299
32,beta,1,16,1.0,1.0,raw,22,0.1288002763424227,0.9895988464175118,0.3787871104651664,0.814908264025169
29,beta,1,16,1.0,1.0,raw,21,0.3089784083893481,0.9335465776603388,0.4067164091203337,0.7639360454349033
21,beta,1,16,1.0,1.0,raw,22,0.3424121767934003,0.9290555594643402,0.3881186760895531,0.8391570073761855
28,beta,1,16,1.0,1.0,raw,21,0.2990794651955489,0.9487558338610192,0.3734597323196143,0.8258513118921077
14,beta,1,16,1.0,1.0,raw,23,0.2196716579081006,0.9591742621527778,0.3953061943908303,0.820224
13,beta,1,16,1.0,1.0,raw,22,0.2479753090652607,0.9528139534883722,0.373596924306035,0.8563636164886699
24,beta,1,16,1.0,1.0,raw,27,0.149635755090655,0.9852186602645576,0.3729916077262895,0.8199532109255526
33,beta,1,16,1.0,1.0,raw,21,0.1903257428652698,0.966299926035503,0.4246165768908357,0.7609186863528029
25,beta,1,16,1.0,1.0,raw,22,0.1553685778516662,0.9829568374344494,0.3793998727704741,0.8203131684777959
4,beta,1,16,1.0,1.0,raw,22,0.1862431562369628,0.9797220153884338,0.4558562800834348,0.6548824527261186
40,beta,1,16,1.0,1.0,raw,26,0.2063297948224444,0.9650442477876108,0.398561570540779,0.7848689771766694
16,beta,1,16,1.0,1.0,raw,22,0.220576342736621,0.9566153697251258,0.3851949358966233,0.8076663669064748
1,beta,1,16,1.0,1.0,raw,23,0.1753375705941582,0.9837894248608534,0.4557666072906148,0.6979205818713747
35,beta,1,16,1.0,1.0,raw,24,0.2863938374594908,0.903547151155605,0.3995396759314329,0.7611337340831232
2,beta,1,16,1.0,1.0,raw,28,0.2744739100672516,0.9385190467993016,0.365333686423102,0.8603896103896105
3,beta,1,16,1.0,1.0,raw,23,0.1711905788960895,0.9810616164310484,0.4334004460993497,0.7257105158439273
10,beta,1,16,1.0,1.0,raw,24,0.1087984873731492,0.9935279569146844,0.3599071501826358,0.8485011157424951
7,beta,1,16,1.0,1.0,raw,23,0.2797828394609166,0.9111499951394963,0.3584809377236393,0.8473483586068989
47,beta,1,16,1.0,1.0,raw,28,0.1654987760664955,0.9865056818181818,0.4012018313269117,0.7763829479470172
44,beta,1,16,1.0,1.0,raw,26,0.209433794306999,0.9622252747252746,0.4393598160758626,0.7276481750195334
23,beta,1,16,1.0,1.0,raw,28,0.152314134311165,0.987343852728468,0.3800835361075925,0.8148936607840717
38,beta,1,16,1.0,1.0,raw,24,0.2370176659566019,0.9474082291246472,0.3818538300597738,0.8226939203354298
30,beta,1,16,1.0,1.0,raw,29,0.2580749158785024,0.9503622079379656,0.3708138062482877,0.8050812161599333
18,beta,1,16,1.0,1.0,raw,24,0.282858105665329,0.9260752688172044,0.3899517360802685,0.7795650878760798
11,beta,1,16,1.0,1.0,raw,28,0.275474021675096,0.9390630832400148,0.4180350206548265,0.8077263374485597
17,beta,1,16,1.0,1.0,raw,22,0.2109791131828614,0.9625262293586352,0.4023293612972025,0.7824094724463728
43,beta,1,16,1.0,1.0,raw,24,0.1274154534350234,0.9889170658401428,0.3421685405164421,0.8622907561639318
27,beta,1,16,1.0,1.0,raw,24,0.1582817188530894,0.9860885642135642,0.4072107362301904,0.756011786974103
8,beta,1,16,1.0,1.0,raw,22,0.1737668700998978,0.9806217858812528,0.3806590996424118,0.8432193726286983
49,beta,1,16,1.0,1.0,raw,22,0.3065917589649627,0.9189439770066986,0.3801550588342182,0.864020202020202
39,beta,1,16,1.0,1.0,raw,24,0.3645455908539953,0.924772036474164,0.4161450180344916,0.767698758264796
9,beta,1,16,1.0,1.0,raw,22,0.1818516028977329,0.977437475234832,0.3705708885896918,0.8496826994167419
48,beta,1,16,1.0,1.0,raw,23,0.1836625538403432,0.9623345618060868,0.3511450514345716,0.8592252025647897
45,beta,1,16,1.0,1.0,raw,22,0.3194137618399473,0.928257094602631,0.4478342863960521,0.5821188989127921
15,beta,1,16,1.0,1.0,raw,24,0.1753228621641889,0.9788072339280032,0.4364289900567226,0.729710856519367
41,beta,1,16,1.0,1.0,raw,21,0.1757794168164773,0.984308746376638,0.4132220898345918,0.7708678651876407
46,beta,1,16,1.0,1.0,raw,24,0.1763728042671332,0.98130980861244,0.3949741483630762,0.786237606387646
36,beta,1,16,1.0,1.0,raw,23,0.1681204820224417,0.9833051563820796,0.4045012505739493,0.7616813481424741
20,beta,1,16,1.0,1.0,raw,23,0.3345041301982646,0.903028612012987,0.4355680178313155,0.6661280347916293
12,beta,1,16,1.0,1.0,raw,27,0.1151508012075166,0.9904823657457796,0.3374508217020582,0.8641223610152114
6,beta,1,16,1.0,1.0,raw,25,0.2116123371926735,0.9593738438771736,0.3778503098038709,0.8253541918684517
42,beta,1,16,1.0,1.0,raw,24,0.2837837581046901,0.9471688509988548,0.3424865086884643,0.8616619554193728
5,beta,1,16,1.0,1.0,raw,25,0.1737057598055215,0.9830224772835964,0.4283672858423847,0.706341989511081
22,beta,1,16,1.0,1.0,raw,24,0.1812054538246573,0.9715593784683684,0.3774921733474326,0.8497716611906679
34,beta,1,16,1.0,1.0,raw,24,0.3460122466724505,0.9216080402010052,0.377171033422387,0.8436890838206628
26,beta,1,16,1.0,1.0,raw,24,0.2839272679100207,0.9132308845577212,0.3487976176216358,0.8771935276690078
31,beta,1,16,1.0,1.0,raw,24,0.2979177182630283,0.9175817824528956,0.3474364282241872,0.8768270686044825
19,beta,1,16,1.0,1.0,raw,25,0.144932171489236,0.9843734810926412,0.3940860200075002,0.7867900217561203
32,beta,1,16,1.0,1.0,raw,23,0.1335224502318955,0.990308015979954,0.3792922619775822,0.8258833546189868
28,beta,1,16,1.0,1.0,raw,22,0.3186500252286577,0.9411806093013438,0.3703742028188221,0.8357456462827971
29,beta,1,16,1.0,1.0,raw,22,0.2575230273811225,0.9554968361031916,0.4105179055080564,0.7378747659320534
37,beta,1,16,1.0,1.0,raw,22,0.1126723821507192,0.9932154557494366,0.3329552751640256,0.8804675324675324
24,beta,1,16,1.0,1.0,raw,28,0.1528000539165577,0.9871251706444476,0.3707861780159842,0.8267082569550643
21,beta,1,16,1.0,1.0,raw,23,0.3877379540503635,0.9189943478974648,0.4114436336096649,0.839799789251844
14,beta,1,16,1.0,1.0,raw,24,0.1918383411714397,0.9656575520833334,0.3838381747982466,0.8105279999999999
13,beta,1,16,1.0,1.0,raw,23,0.2235145256018109,0.9579302325581396,0.3674059076264617,0.8557733299810889
4,beta,1,16,1.0,1.0,raw,23,0.1745322197824854,0.98307272275999,0.4335913958786301,0.6762168406373259
40,beta,1,16,1.0,1.0,raw,27,0.3048207407391375,0.9337447601304144,0.4022840437059038,0.7631383625755108
33,beta,1,16,1.0,1.0,raw,22,0.1489481424522525,0.9822022928994084,0.4201516343470051,0.7663664221376172
16,beta,1,16,1.0,1.0,raw,23,0.2532553178383297,0.943283004258614,0.3873617817881389,0.8060926258992807
35,beta,1,16,1.0,1.0,raw,25,0.4069846003885436,0.900012359411692,0.4326686957633299,0.7575948548897937
25,beta,1,16,1.0,1.0,raw,23,0.1622044904717715,0.97811617587737,0.4012559982695214,0.7959057071960298
2,beta,1,16,1.0,1.0,raw,29,0.2772343916941106,0.9248948675700268,0.3544221498854681,0.8611908924408925
3,beta,1,16,1.0,1.0,raw,24,0.1533294116193341,0.9857416523194064,0.4180569956664201,0.7395438456866399
7,beta,1,16,1.0,1.0,raw,24,0.2784622499702414,0.914382229999028,0.3599984731575588,0.8472962839526745
47,beta,1,16,1.0,1.0,raw,29,0.2611142193973353,0.9459517045454546,0.3909449220924,0.7841423346351746
10,beta,1,16,1.0,1.0,raw,25,0.2682481299181383,0.9499572382867576,0.3691438139924049,0.8481221843290809
23,beta,1,16,1.0,1.0,raw,29,0.2214441686800224,0.9549638395792244,0.3867904519549648,0.8120963429182606
1,beta,1,16,1.0,1.0,raw,24,0.1862072286522563,0.9774582560296846,0.422349997956538,0.7281722046708181
44,beta,1,16,1.0,1.0,raw,27,0.1554111433890732,0.9876831501831502,0.4087495751043322,0.7513927081959229
38,beta,1,16,1.0,1.0,raw,25,0.1263174649012643,0.9866377571601452,0.3538407153489887,0.8420754716981131
18,beta,1,16,1.0,1.0,raw,25,0.3935191704032003,0.9196188556067588,0.4270807785640071,0.7796608366313461
30,beta,1,16,1.0,1.0,raw,30,0.1382826662260475,0.9905366799306192,0.3849984060291635,0.7967411952336934
11,beta,1,16,1.0,1.0,raw,29,0.1516526146049567,0.987821948488242,0.3802976916963577,0.804156378600823
27,beta,1,16,1.0,1.0,raw,25,0.1664213831830442,0.9836309523809524,0.3998579249789318,0.7632065731738794
43,beta,1,16,1.0,1.0,raw,25,0.1926202615752933,0.9636752136752136,0.3486644399278868,0.8634245897583903
8,beta,1,16,1.0,1.0,raw,23,0.188674546058971,0.9741935483870968,0.3807183615964254,0.8399332407273029
17,beta,1,16,1.0,1.0,raw,23,0.1932391264800069,0.9731320135024176,0.4115367726110333,0.7798345565873241
39,beta,1,16,1.0,1.0,raw,25,0.1771076807413056,0.9719996315740996,0.4147286005644651,0.7744113852604417
48,beta,1,16,1.0,1.0,raw,24,0.4093917078874735,0.9288876526898918,0.4231150381135478,0.8585654495598211
49,beta,1,16,1.0,1.0,raw,23,0.2362463628398117,0.9439306492362608,0.367136972075651,0.8636363636363636
15,beta,1,16,1.0,1.0,raw,25,0.1758049842917744,0.9768984166605488,0.4289710748042161,0.7565739225313692
9,beta,1,16,1.0,1.0,raw,23,0.1472477224077493,0.989651073351514,0.3653772248165481,0.8495029984391687
36,beta,1,16,1.0,1.0,raw,24,0.2064482559672753,0.9656241194702734,0.4342250352413531,0.7500212775011702
45,beta,1,16,1.0,1.0,raw,23,0.406078632597342,0.906444016270606,0.4438824026274182,0.5915399659327487
46,beta,1,16,1.0,1.0,raw,25,0.1757459711064777,0.9790171451355664,0.4056194988048145,0.7626349039220847
20,beta,1,16,1.0,1.0,raw,24,0.2380630713756671,0.9463271103896104,0.4476343658850137,0.6985456939373991
41,beta,1,16,1.0,1.0,raw,22,0.184360071563892,0.9813621445511822,0.4085436226783211,0.7751285647498831
12,beta,1,16,1.0,1.0,raw,28,0.1734186933390399,0.968413496051687,0.3467576919698124,0.8582533006925701
42,beta,1,16,1.0,1.0,raw,25,0.2676670177407138,0.9454383509352337,0.3703424377250774,0.8619208942019291
6,beta,1,16,1.0,1.0,raw,26,0.2409028313330252,0.9441361450240474,0.3788439315988038,0.8208537510507865
26,beta,1,16,1.0,1.0,raw,25,0.2737058957162147,0.932252623688156,0.3464706220337988,0.875339258706777
22,beta,1,16,1.0,1.0,raw,25,0.1215671775354335,0.9912828338882722,0.3745507489771465,0.8452978736594134
34,beta,1,16,1.0,1.0,raw,25,0.122097267989429,0.9914572864321608,0.3516599202281072,0.8383183073424302
31,beta,1,16,1.0,1.0,raw,25,0.365912679649796,0.9151543174199516,0.3853855850815049,0.8782057927145315
5,beta,1,16,1.0,1.0,raw,26,0.2060923067437134,0.969249163079866,0.4692236891114055,0.7011609710708848
19,beta,1,16,1.0,1.0,raw,26,0.1735571613860956,0.9710800038884028,0.4260480027633124,0.7509980356124453
28,beta,1,16,1.0,1.0,raw,23,0.3302454778114747,0.9387884331246042,0.3744661783433937,0.838497573682331
32,beta,1,16,1.0,1.0,raw,24,0.1951667432506627,0.971893246341867,0.3745608341085153,0.8163100021804817
14,beta,1,16,1.0,1.0,raw,25,0.1939330309372299,0.964599609375,0.3946258318242516,0.819264
24,beta,1,16,1.0,1.0,raw,29,0.1356437792939119,0.990443910935367,0.3716142116652592,0.8188898228699324
29,beta,1,16,1.0,1.0,raw,23,0.3423750755188807,0.932271747444545,0.4177051854034808,0.7563635615367205
37,beta,1,16,1.0,1.0,raw,23,0.144845266992635,0.9780896396291736,0.3238810193493686,0.8919064935064935
21,beta,1,16,1.0,1.0,raw,24,0.3031336458683885,0.936982574638242,0.370973688078123,0.8441095890410959
4,beta,1,16,1.0,1.0,raw,24,0.1893627501765401,0.9747083643584016,0.4403918603186464,0.6611162568035883
2,beta,1,16,1.0,1.0,raw,30,0.2762627286265651,0.9323217667166712,0.3695788733863019,0.8556443556443556
40,beta,1,16,1.0,1.0,raw,28,0.2578095956118585,0.9516534699580812,0.3962398583110122,0.7752819413232171
16,beta,1,16,1.0,1.0,raw,24,0.1640727403260493,0.98444154084398,0.3938052040336003,0.8013509646827992
13,beta,1,16,1.0,1.0,raw,24,0.2213288273987024,0.9606511627906976,0.3654528285844141,0.8570741465440911
10,beta,1,16,1.0,1.0,raw,26,0.10252562389413,0.9949841666088806,0.3558119280576171,0.8442697149593701
35,beta,1,16,1.0,1.0,raw,26,0.359238246108243,0.9022123346928688,0.4129507686872957,0.7649150022622973
3,beta,1,16,1.0,1.0,raw,25,0.151070519410048,0.9886515191929968,0.4223086636018854,0.722338576245628
47,beta,1,16,1.0,1.0,raw,30,0.1968728300005288,0.9718513257575758,0.4076892410737059,0.7800611658710972
7,beta,1,16,1.0,1.0,raw,25,0.2688241473754243,0.922888111208321,0.3562061082002455,0.8438906015664055
44,beta,1,16,1.0,1.0,raw,28,0.1612800618914928,0.985393772893773,0.4234509701715342,0.7354818415204619
33,beta,1,16,1.0,1.0,raw,23,0.1695261326030682,0.973072300295858,0.4287659038507901,0.7551304670814375
23,beta,1,16,1.0,1.0,raw,30,0.2180781862226437,0.957711092326477,0.3828204601783691,0.8090007816035213
25,beta,1,16,1.0,1.0,raw,24,0.2587389771559983,0.9430465913674868,0.3795829903837986,0.8106336099940104
18,beta,1,16,1.0,1.0,raw,26,0.2786797327591961,0.9225950460829492,0.4037219949877264,0.7935444061449424
38,beta,1,16,1.0,1.0,raw,26,0.1340850076810428,0.9836375554659138,0.3602739369383659,0.8343186582809223
1,beta,1,16,1.0,1.0,raw,25,0.219713236086762,0.9605287569573284,0.4259952742198064,0.7181662112331243
27,beta,1,16,1.0,1.0,raw,26,0.1798502868836442,0.9797754329004328,0.4019301242012221,0.762830164329347
11,beta,1,16,1.0,1.0,raw,30,0.1440539986218295,0.9891750653228816,0.3751428054059181,0.8190946502057613
43,beta,1,16,1.0,1.0,raw,26,0.1364187013486108,0.987296891143045,0.3489244454094304,0.8569926610043705
8,beta,1,16,1.0,1.0,raw,24,0.1971835163820388,0.9710378681626928,0.3854730560532293,0.8373312877075861
39,beta,1,16,1.0,1.0,raw,26,0.1537943636654212,0.9846872985170858,0.4082520925546478,0.7763364779874214
48,beta,1,16,1.0,1.0,raw,25,0.4314700000861147,0.9280995758292192,0.4386766312868698,0.8591839680019793
46,beta,1,16,1.0,1.0,raw,26,0.1736983446995743,0.9786184210526316,0.3959353737898222,0.7927853821181012
15,beta,1,16,1.0,1.0,raw,26,0.1693098292303821,0.9798840026429778,0.4213322574434748,0.7538134206219314
17,beta,1,16,1.0,1.0,raw,24,0.2140851847608903,0.961636711978834,0.4158253480849136,0.7771684035521673
6,beta,1,16,1.0,1.0,raw,27,0.1657159793837238,0.9799528301886792,0.3811202305238537,0.826922682631784
9,beta,1,16,1.0,1.0,raw,24,0.1556775693884781,0.9868307577558678,0.3721280391096181,0.8385874476300008
36,beta,1,16,1.0,1.0,raw,25,0.2275025006827528,0.9480839673147364,0.4182433180198308,0.7631388569726372
42,beta,1,16,1.0,1.0,raw,26,0.1321591759157328,0.9888280951775036,0.3422408136440408,0.8683727855339534
26,beta,1,16,1.0,1.0,raw,26,0.2943902054886901,0.9149878185907048,0.348432274851944,0.8802287277021568
49,beta,1,16,1.0,1.0,raw,24,0.1457207101534219,0.9879934172403404,0.3464249225516989,0.8696060606060607
45,beta,1,16,1.0,1.0,raw,24,0.4538580292712534,0.8611646328409335,0.4530603921804127,0.5748585788488634
20,beta,1,16,1.0,1.0,raw,25,0.1942143275401128,0.9750659496753248,0.4493971428966654,0.6929000339138589
22,beta,1,16,1.0,1.0,raw,26,0.1232208883437138,0.9897105068442472,0.3663167571722037,0.8465583865435085
31,beta,1,16,1.0,1.0,raw,26,0.3771915768685098,0.9020691249566524,0.3896473667063138,0.8801753985860303
34,beta,1,16,1.0,1.0,raw,26,0.4326950244329213,0.930493375970763,0.4358380973451,0.8545829272254711
12,beta,1,16,1.0,1.0,raw,29,0.1261437068710627,0.9890003010443924,0.3371729864792217,0.8595505617977528
19,beta,1,16,1.0,1.0,raw,27,0.1552712662263124,0.9789783221541752,0.4006158706886507,0.7705679825951038
41,beta,1,16,1.0,1.0,raw,23,0.1943234195223882,0.9763553170591476,0.430463298617702,0.7493624888435547
14,beta,1,16,1.0,1.0,raw,26,0.1456786759039093,0.98486328125,0.381070709282741,0.8254186666666667
28,beta,1,16,1.0,1.0,raw,24,0.3311190697285468,0.9405239334881212,0.3759949122323092,0.842667478940403
35,beta,1,16,1.0,1.0,raw,27,0.2970018617719359,0.9034235570386848,0.3941563817665716,0.7639669920065497
32,beta,1,16,1.0,1.0,raw,25,0.1350046815656496,0.9897406803300002,0.3838048839462597,0.8168395477058218
5,beta,1,16,1.0,1.0,raw,27,0.2039099802574871,0.969273075083692,0.4230757156643278,0.708498984943326
3,beta,1,16,1.0,1.0,raw,26,0.1806098547364038,0.9774727806202864,0.4133587741072387,0.7454499759147172
7,beta,1,16,1.0,1.0,raw,26,0.2621490727023149,0.9297657237289784,0.3811186274893126,0.8368396933844359
10,beta,1,16,1.0,1.0,raw,27,0.0974769758738687,0.9947761366525668,0.3516672084432801,0.851553618794998
24,beta,1,16,1.0,1.0,raw,30,0.2139921302406775,0.9634703196347032,0.3820524455550499,0.8152793672334694
4,beta,1,16,1.0,1.0,raw,25,0.200275293516097,0.9712335567138248,0.4397456234144338,0.6784647566318724
40,beta,1,16,1.0,1.0,raw,29,0.2385908601182397,0.9476711690731252,0.3960571618270448,0.7887347174401582
38,beta,1,16,1.0,1.0,raw,27,0.1346659360736363,0.9837384025816862,0.3536889931471484,0.8363626834381551
29,beta,1,16,1.0,1.0,raw,24,0.157821689942441,0.984864288528846,0.4001509344424894,0.7734222277095294
18,beta,1,16,1.0,1.0,raw,27,0.2984658332676599,0.918010752688172,0.3927386510800987,0.781777947997787
16,beta,1,16,1.0,1.0,raw,25,0.2416646373940365,0.9572444831591174,0.3849259831445641,0.8026487900588619
37,beta,1,16,1.0,1.0,raw,24,0.245500864614957,0.9489300401961012,0.3341571517114505,0.8860467532467532
27,beta,1,16,1.0,1.0,raw,27,0.2294365835802797,0.9574765512265512,0.403302744189526,0.7625505463305515
44,beta,1,16,1.0,1.0,raw,29,0.1560786380459606,0.9864239926739926,0.4169329706173868,0.7329145907112198
21,beta,1,16,1.0,1.0,raw,25,0.417934933301558,0.9336991955721288,0.4356454301528533,0.8347629083245522
43,beta,1,16,1.0,1.0,raw,27,0.1675268948548734,0.9753686484455716,0.346299857946505,0.8665168631978231
13,beta,1,16,1.0,1.0,raw,25,0.2119448239549589,0.9637674418604651,0.3680873760627229,0.8518599490604605
39,beta,1,16,1.0,1.0,raw,27,0.3474116482869008,0.9343511098830248,0.4111408042584032,0.7685756329624255
33,beta,1,16,1.0,1.0,raw,24,0.1452326573192849,0.9832193047337278,0.417557237493467,0.7592678573271014
15,beta,1,16,1.0,1.0,raw,27,0.2022263934064913,0.9657391772508136,0.4267027446213344,0.760240043644299
25,beta,1,16,1.0,1.0,raw,25,0.1317729728949723,0.989511899959661,0.382418156918462,0.8040450928381963
46,beta,1,16,1.0,1.0,raw,27,0.1758851591922983,0.980936004784689,0.3994370805967657,0.7909866631569712
1,beta,1,16,1.0,1.0,raw,26,0.182655463057912,0.9801948051948052,0.4771475249698265,0.6651192084598897
8,beta,1,16,1.0,1.0,raw,25,0.1427264682937136,0.9874941561477324,0.3815095096442819,0.8364501482387577
48,beta,1,16,1.0,1.0,raw,26,0.3138213356201007,0.928169112022808,0.3604834090527409,0.8549368080324928
31,beta,1,16,1.0,1.0,raw,27,0.3687902129601513,0.9080568720379146,0.384114309623319,0.8852549084651588
6,beta,1,16,1.0,1.0,raw,28,0.1601210823060008,0.9818026267110618,0.3771812065187318,0.8281118651713038
42,beta,1,16,1.0,1.0,raw,27,0.2052663756516018,0.9638885354370784,0.3555520138319928,0.8653194657229788
26,beta,1,16,1.0,1.0,raw,27,0.2801506092335539,0.9269818215892054,0.3570809119011507,0.8726769842749704
19,beta,1,16,1.0,1.0,raw,28,0.1576027900236894,0.980339263147662,0.4184017256129513,0.7622668609931774
22,beta,1,16,1.0,1.0,raw,27,0.1906455943442687,0.9633971513133556,0.3759387901455248,0.8511871551670697
34,beta,1,16,1.0,1.0,raw,27,0.3384465621974833,0.9218136135221564,0.3730124612483189,0.8463592430149448
36,beta,1,16,1.0,1.0,raw,26,0.2039959282819331,0.9617028270874424,0.4154836091493609,0.7476913911230264
20,beta,1,16,1.0,1.0,raw,26,0.2994559928663164,0.9286221590909092,0.4302702506662066,0.6884313842839189
17,beta,1,16,1.0,1.0,raw,25,0.19329833984375,0.9712161299151536,0.4088535875773935,0.7813146263330766
35,beta,1,16,1.0,1.0,raw,28,0.2531608497287457,0.9303176368804844,0.4073645085941204,0.7630297545946179
12,beta,1,16,1.0,1.0,raw,30,0.2608877482925337,0.9353912419239052,0.346876652601962,0.8566631096604106
9,beta,1,16,1.0,1.0,raw,25,0.1567322382252207,0.9868773745425728,0.3773712843174703,0.8400147868232974
14,beta,1,16,1.0,1.0,raw,27,0.1901760760043813,0.9673936631944444,0.3905249849073176,0.8132586666666666
7,beta,1,16,1.0,1.0,raw,27,0.27381255449766,0.9161320112763685,0.3681093777384082,0.8354753374437593
49,beta,1,16,1.0,1.0,raw,25,0.1416129929763182,0.9890132814129756,0.343294459554571,0.8690000000000001
3,beta,1,16,1.0,1.0,raw,27,0.1597732640051388,0.9848201944761028,0.4329821078698256,0.7048191509414203
45,beta,1,16,1.0,1.0,raw,25,0.4270712009505477,0.8772092580698875,0.4468108284497846,0.5798582634113515
28,beta,1,16,1.0,1.0,raw,25,0.3167816337183479,0.9359272027955629,0.3671872767995602,0.8388757011112745
10,beta,1,16,1.0,1.0,raw,28,0.3303274871796918,0.9511129602662785,0.3764271401847077,0.8491116163529957
32,beta,1,16,1.0,1.0,raw,26,0.199086407104652,0.966787225492282,0.379428601791007,0.8189992627895628
41,beta,1,16,1.0,1.0,raw,24,0.1924410697913163,0.9791102699853867,0.4100699379340438,0.7345191040843215
4,beta,1,16,1.0,1.0,raw,26,0.1941485435973995,0.972127078679573,0.4531731086711271,0.6493563259061912
27,beta,1,16,1.0,1.0,raw,28,0.2045947326950029,0.9670589826839828,0.4088820146281416,0.7557644325905531
38,beta,1,16,1.0,1.0,raw,28,0.183757647952041,0.9686869705526422,0.3636294511251821,0.83562893081761
18,beta,1,16,1.0,1.0,raw,28,0.2466734235244601,0.9438844086021504,0.4028785632452596,0.7952146899868079
39,beta,1,16,1.0,1.0,raw,28,0.3750127353095162,0.9354563875840473,0.4212846864518138,0.7663280116110305
43,beta,1,16,1.0,1.0,raw,28,0.1918451085400609,0.96301775147929,0.3549934815090411,0.8622598334295374
40,beta,1,16,1.0,1.0,raw,30,0.2860350197596044,0.9323707498835584,0.3919998578745234,0.7774364472300683
44,beta,1,16,1.0,1.0,raw,30,0.1558819489157613,0.9879349816849816,0.4077140214192212,0.7517985976519295
16,beta,1,16,1.0,1.0,raw,26,0.1878049278319628,0.9731658923732096,0.4038231511472992,0.795178629823414
5,beta,1,16,1.0,1.0,raw,28,0.1860135383761287,0.9792922046867528,0.4386503219405032,0.7125592116393165
15,beta,1,16,1.0,1.0,raw,28,0.1576538322233093,0.9837995252428848,0.4108220101292685,0.7490452809601748
29,beta,1,16,1.0,1.0,raw,25,0.3891135921405226,0.9303942702176484,0.4382996573977096,0.7261250694487313
8,beta,1,16,1.0,1.0,raw,26,0.1936777172307696,0.972674146797569,0.384891431350554,0.8421723716127962
46,beta,1,16,1.0,1.0,raw,28,0.1815783281042034,0.9782196969696968,0.4108930962653579,0.7863363165745371
31,beta,1,16,1.0,1.0,raw,28,0.3725486544061919,0.9075944977459252,0.3862366416621121,0.8804449236000247
37,beta,1,16,1.0,1.0,raw,25,0.115739732601049,0.9949115918120772,0.3156922254637301,0.8915740259740259
21,beta,1,16,1.0,1.0,raw,26,0.2833624030141535,0.933511573911208,0.3749268778399418,0.8447629083245521
13,beta,1,16,1.0,1.0,raw,26,0.1594359494051269,0.9858372093023255,0.3544076445679657,0.848394748636329
48,beta,1,16,1.0,1.0,raw,27,0.1486385640098004,0.9868344806805276,0.3555450776703714,0.8593798321753294
19,beta,1,16,1.0,1.0,raw,29,0.1612155528478936,0.9790269271896568,0.4096410149128889,0.7666708911560316
6,beta,1,16,1.0,1.0,raw,29,0.2101668833768797,0.962495375508694,0.373433895971552,0.8380456400057409
26,beta,1,16,1.0,1.0,raw,28,0.2762461555653609,0.934407796101949,0.3462983626629883,0.8774110676031244
36,beta,1,16,1.0,1.0,raw,27,0.1943493651538693,0.9695454118531042,0.4175272240585608,0.7648836120685986
33,beta,1,16,1.0,1.0,raw,25,0.1440142392748558,0.9842825443786982,0.4157138141590547,0.7623631617502916
42,beta,1,16,1.0,1.0,raw,28,0.1456149366180157,0.9855452347626924,0.3435936485522833,0.8647260643462875
20,beta,1,16,1.0,1.0,raw,27,0.2123711310944143,0.968927556818182,0.468724679263017,0.6617491571408622
25,beta,1,16,1.0,1.0,raw,26,0.1321770810694873,0.9889572408229124,0.375099069701424,0.8175216052023616
22,beta,1,16,1.0,1.0,raw,28,0.2132977346540311,0.9622641509433962,0.3848700212315813,0.8508255326183539
35,beta,1,16,1.0,1.0,raw,29,0.2769464010436619,0.906735879372142,0.4108600753833338,0.7615215564604745
34,beta,1,16,1.0,1.0,raw,28,0.3477654446340325,0.9282549109182276,0.3782359220629369,0.8522579597141001
1,beta,1,16,1.0,1.0,raw,27,0.2216330239677072,0.970570500927644,0.4297294769590519,0.6957771660182241
7,beta,1,16,1.0,1.0,raw,28,0.2805887900484564,0.9224992709244676,0.3703914220222438,0.8431928011998001
3,beta,1,16,1.0,1.0,raw,28,0.2031367830380148,0.966366788719416,0.4213657307619528,0.7486543657193121
28,beta,1,16,1.0,1.0,raw,26,0.4348719546525843,0.9302281948450948,0.4428492228397486,0.8409343948910784
14,beta,1,16,1.0,1.0,raw,28,0.2048974285603419,0.9573296440972222,0.3918537459929541,0.8146346666666666
32,beta,1,16,1.0,1.0,raw,27,0.1328037483473405,0.9893388175779496,0.3819187201400966,0.8089586642992866
4,beta,1,16,1.0,1.0,raw,27,0.1747914794108903,0.9837925043435096,0.4334606275597069,0.6435388025684522
27,beta,1,16,1.0,1.0,raw,29,0.1599037575906769,0.98859126984127,0.3934478614781976,0.7651854082422782
10,beta,1,16,1.0,1.0,raw,29,0.0984202208945467,0.9951921965651944,0.352671981227413,0.8491221422255905
16,beta,1,16,1.0,1.0,raw,27,0.1682839817810054,0.9819250871080138,0.3983813975610162,0.8015144702419883
49,beta,1,16,1.0,1.0,raw,26,0.2169331989746678,0.9503975152400156,0.3612215451976333,0.8597676767676767
17,beta,1,16,1.0,1.0,raw,26,0.1868477343919035,0.9754584435726668,0.3945644666833323,0.7888771744860306
9,beta,1,16,1.0,1.0,raw,26,0.2168172706426639,0.957485490525138,0.3851012881295833,0.83012609874312
18,beta,1,16,1.0,1.0,raw,29,0.3022803562939432,0.9236991167434716,0.3950753756022573,0.7884590833652496
38,beta,1,16,1.0,1.0,raw,29,0.1277326857895521,0.985351956434046,0.3508979662658795,0.8446331236897275
39,beta,1,16,1.0,1.0,raw,29,0.190987947327121,0.9675554941512388,0.4140923867145989,0.7750564425092727
43,beta,1,16,1.0,1.0,raw,29,0.2010774668671582,0.9590729783037476,0.3592654766208049,0.860177702646986
45,beta,1,16,1.0,1.0,raw,26,0.262066695239101,0.9574204904969196,0.4479265285855272,0.5912455575883752
15,beta,1,16,1.0,1.0,raw,29,0.1856991695003652,0.972591341800651,0.4290011038754895,0.7536715766503
8,beta,1,16,1.0,1.0,raw,27,0.1396409012688359,0.9900187003272558,0.3800225871048981,0.8350817904754007
41,beta,1,16,1.0,1.0,raw,25,0.1873879594634747,0.9805476367295116,0.4111539422991249,0.7693590887840538
31,beta,1,16,1.0,1.0,raw,29,0.374112648944544,0.9116865102300312,0.3909077002848897,0.883813986274957
48,beta,1,16,1.0,1.0,raw,28,0.4346523421801155,0.922629395266903,0.4404319712374532,0.8623641836587428
20,beta,1,16,1.0,1.0,raw,28,0.2764731025607579,0.9221286525974024,0.4395772631468649,0.6837432920382229
46,beta,1,16,1.0,1.0,raw,29,0.1875355408680922,0.97188995215311,0.4107258792093888,0.7874330964288849
36,beta,1,16,1.0,1.0,raw,28,0.1903599831581499,0.9675495444726214,0.4184907879561831,0.7602557555640665
19,beta,1,16,1.0,1.0,raw,30,0.1435622388449565,0.9837902206668612,0.4250009017822572,0.7439748220433854
5,beta,1,16,1.0,1.0,raw,29,0.3279638462327045,0.9516499282639884,0.4232217872677956,0.7109731855861952
6,beta,1,16,1.0,1.0,raw,30,0.1371117597084568,0.9895948945615982,0.3708532055698639,0.8217251348081931
35,beta,1,16,1.0,1.0,raw,30,0.3847983293140668,0.8944135459152145,0.4215139680925946,0.7560489518022968
42,beta,1,16,1.0,1.0,raw,29,0.2688597870738931,0.9539890571319508,0.3474290727024601,0.8662904861575641
26,beta,1,16,1.0,1.0,raw,29,0.2999996831018046,0.9311281859070464,0.3533439430107412,0.877069219135227
29,beta,1,16,1.0,1.0,raw,26,0.1633616988474233,0.9813411213870152,0.4214509139332675,0.7571455028088154
28,beta,1,16,1.0,1.0,raw,27,0.1563330667945213,0.9852482469101058,0.3675134916164558,0.83177530827889
7,beta,1,16,1.0,1.0,raw,29,0.2750307802834112,0.9250510352872556,0.3663123232052384,0.8472754540909848
3,beta,1,16,1.0,1.0,raw,29,0.2632813988523883,0.9507990009457068,0.4171714843933341,0.7174796322282028
32,beta,1,16,1.0,1.0,raw,28,0.3424660480858077,0.9268137011559464,0.3989053485171348,0.8112325950845715
22,beta,1,16,1.0,1.0,raw,29,0.2559447983107556,0.9524833518312984,0.3945353668300255,0.8450602359845433
34,beta,1,16,1.0,1.0,raw,29,0.3734925089905813,0.9359981726815898,0.4044098811309727,0.8314144736842105
37,beta,1,16,1.0,1.0,raw,26,0.1148377640779589,0.9939822021887126,0.3266768401351521,0.8887376623376622
21,beta,1,16,1.0,1.0,raw,27,0.3839486447976665,0.9358099392574872,0.4106408843650767,0.84927291886196
4,beta,1,16,1.0,1.0,raw,28,0.1730493179389961,0.9829982625961776,0.4574320413321375,0.6449333430465505
13,beta,1,16,1.0,1.0,raw,27,0.1992201711566573,0.9695348837209304,0.3644978036918979,0.855030006230802
27,beta,1,16,1.0,1.0,raw,30,0.1975035790227778,0.968253968253968,0.4215529943685384,0.7460530844016174
14,beta,1,16,1.0,1.0,raw,29,0.2187487397838804,0.954861111111111,0.3904371382062984,0.8203146666666666
33,beta,1,16,1.0,1.0,raw,26,0.1790624507184984,0.9729105029585798,0.4323840061825717,0.7439873711579534
16,beta,1,16,1.0,1.0,raw,28,0.230253474670104,0.9500096786682152,0.403412353506095,0.7928384565075212
25,beta,1,16,1.0,1.0,raw,27,0.159330185732375,0.9813937071399758,0.3863795941418174,0.8099597843758021
43,beta,1,16,1.0,1.0,raw,30,0.1923250702310035,0.9637221752606367,0.3574703996581743,0.847262307248289
39,beta,1,16,1.0,1.0,raw,30,0.3612473681132923,0.9445288753799392,0.4183675699295126,0.7704100145137881
1,beta,1,16,1.0,1.0,raw,28,0.1696401979929952,0.9858534322820036,0.434667940638997,0.7088916203614347
10,beta,1,16,1.0,1.0,raw,30,0.168297883197278,0.977116704805492,0.3742562707236779,0.8402698833733316
15,beta,1,16,1.0,1.0,raw,30,0.1744374034253286,0.977852825294276,0.4166044268216772,0.7566284779050737
31,beta,1,16,1.0,1.0,raw,30,0.3774533880584756,0.9038955034100103,0.3894343732262342,0.8864055729479817
38,beta,1,16,1.0,1.0,raw,30,0.1887341453828132,0.9664935457845903,0.3772714486366824,0.8243291404612159
18,beta,1,16,1.0,1.0,raw,30,0.1718513353268845,0.985311059907834,0.392791860670972,0.7902357547129665
8,beta,1,16,1.0,1.0,raw,28,0.4113194094293333,0.91986909770921,0.4301554472639005,0.8289552795803704
3,beta,1,16,1.0,1.0,raw,30,0.2010191365367834,0.9621232328620966,0.4219176129612993,0.7256476846712883
7,beta,1,16,1.0,1.0,raw,30,0.274382294142966,0.9323417906095072,0.3725560739414499,0.847046325612398
48,beta,1,16,1.0,1.0,raw,29,0.183352108467229,0.9635862132906844,0.3600645291920663,0.8571737830649652
20,beta,1,16,1.0,1.0,raw,29,0.3121634578516153,0.914468344155844,0.4306911018862009,0.6809204620264527
46,beta,1,16,1.0,1.0,raw,30,0.1930728098955897,0.9683512759170654,0.4083332055279797,0.7847240501886462
49,beta,1,16,1.0,1.0,raw,27,0.1418059419722849,0.9887119579074242,0.3476362865588263,0.8643434343434344
36,beta,1,16,1.0,1.0,raw,29,0.2008249383737533,0.9650605804451958,0.4249258285201074,0.7559789778288438
17,beta,1,16,1.0,1.0,raw,27,0.151027057341275,0.987341483441292,0.392621033254683,0.7810814646608004
9,beta,1,16,1.0,1.0,raw,27,0.1732172949194935,0.9764818311073816,0.370788790227882,0.8522036474164133
22,beta,1,16,1.0,1.0,raw,30,0.2159926990394386,0.9587495375508694,0.3872695237441181,0.8432727873866055
26,beta,1,16,1.0,1.0,raw,30,0.2831355441784716,0.9391398050974512,0.3712004056550658,0.8791513870760561
42,beta,1,16,1.0,1.0,raw,30,0.1489875290231254,0.9873011833566612,0.3538016747922919,0.8522862136676521
34,beta,1,16,1.0,1.0,raw,30,0.3366846492165823,0.943261763362266,0.3770804708944747,0.857649041585445
28,beta,1,16,1.0,1.0,raw,28,0.3388242666892526,0.9368184056849364,0.3771100483523423,0.8462701930550596
45,beta,1,16,1.0,1.0,raw,27,0.3804420924002745,0.9308974999405314,0.442344512292009,0.5898050596176898
14,beta,1,16,1.0,1.0,raw,30,0.2152425619046442,0.960693359375,0.3958055670519709,0.8169173333333334
32,beta,1,16,1.0,1.0,raw,29,0.2223274496943425,0.95487317684325,0.3832757637946911,0.8129042976253517
41,beta,1,16,1.0,1.0,raw,26,0.2020576199332516,0.974630476966198,0.4254137780760543,0.7597220451357898
4,beta,1,16,1.0,1.0,raw,29,0.1680305722041876,0.9858277488210474,0.4465865097638831,0.6677143065283228
16,beta,1,16,1.0,1.0,raw,29,0.1938556890480846,0.972173828881146,0.399503460045537,0.8055714519293656
5,beta,1,16,1.0,1.0,raw,30,0.1802517283749616,0.9801291248206598,0.4223390605354274,0.7347530028759939
29,beta,1,16,1.0,1.0,raw,27,0.258523336775649,0.9471293141413438,0.3972239244568341,0.7745848509167232
8,beta,1,16,1.0,1.0,raw,29,0.2072882406791884,0.9685133239831696,0.3894305851113822,0.8401613003545291
37,beta,1,16,1.0,1.0,raw,27,0.1124274163739427,0.994656009665652,0.3223694258470886,0.8920831168831168
21,beta,1,16,1.0,1.0,raw,28,0.3741182052831387,0.9360210136260232,0.4056230438902348,0.8520021074815594
20,beta,1,16,1.0,1.0,raw,30,0.1993995295057035,0.9734679383116884,0.4638176339434252,0.6790153011351168
48,beta,1,16,1.0,1.0,raw,30,0.1485644914098815,0.9867417657557424,0.3448799051604465,0.8626889058408759
13,beta,1,16,1.0,1.0,raw,28,0.1564983777976741,0.987093023255814,0.3559748850506336,0.8554781867272985
33,beta,1,16,1.0,1.0,raw,27,0.1480533183263349,0.9784116124260356,0.4260444527545044,0.7570908265494579
36,beta,1,16,1.0,1.0,raw,30,0.1720866233464612,0.9798769606461916,0.4154704286929472,0.7681709859994043
25,beta,1,16,1.0,1.0,raw,28,0.1385944311389721,0.9862847922549416,0.3821422392276102,0.8153717806109352
1,beta,1,16,1.0,1.0,raw,29,0.1693151648252923,0.9842532467532468,0.4432760151879065,0.7041375036824087
28,beta,1,16,1.0,1.0,raw,29,0.3278616575070646,0.9397968995520533,0.3749954898880905,0.8394638993340755
32,beta,1,16,1.0,1.0,raw,30,0.158034694162637,0.9859111646928114,0.3865922085040029,0.8190615622631323
4,beta,1,16,1.0,1.0,raw,30,0.1646106622335094,0.9857532886572352,0.4428901037407252,0.6534983192665135
16,beta,1,16,1.0,1.0,raw,30,0.1775728896410252,0.9792634533488191,0.3972480822565495,0.7980093198168737
17,beta,1,16,1.0,1.0,raw,28,0.1839280027944211,0.9731320135024176,0.3963042352666178,0.7906512306881309
49,beta,1,16,1.0,1.0,raw,28,0.2463072501598056,0.9394107966529912,0.3694337962324216,0.8665757575757576
8,beta,1,16,1.0,1.0,raw,30,0.1778273182243894,0.9781673679289388,0.3948692913119757,0.8382953579499514
9,beta,1,16,1.0,1.0,raw,28,0.1655857185799676,0.9850826282544344,0.3680717696611083,0.8401072044689065
28,beta,1,16,1.0,1.0,raw,30,0.1296599060024919,0.9906189169539624,0.3597886565847705,0.8436653152112261
45,beta,1,16,1.0,1.0,raw,28,0.4139323479851461,0.898713099740717,0.4457269379709464,0.5773873362353584
41,beta,1,16,1.0,1.0,raw,27,0.1821198448401954,0.9820568718108424,0.4131583472743195,0.7581601428024991
29,beta,1,16,1.0,1.0,raw,28,0.2076874715384304,0.9577683517604246,0.4132350895851999,0.7576599378562463
37,beta,1,16,1.0,1.0,raw,28,0.2506913074336469,0.9481632937568252,0.337025024275209,0.8870233766233766
21,beta,1,16,1.0,1.0,raw,29,0.3321136260226094,0.9308145125354722,0.3794244585053349,0.8527081138040044
13,beta,1,16,1.0,1.0,raw,29,0.2185512900408004,0.962186046511628,0.3683045015694899,0.8562543041724511
33,beta,1,16,1.0,1.0,raw,28,0.1574043548148783,0.9791974852071006,0.4204931232670268,0.754975701860278
25,beta,1,16,1.0,1.0,raw,29,0.1392009742169024,0.9879487696651876,0.3773558841752514,0.823446992384701
1,beta,1,16,1.0,1.0,raw,30,0.1736815134326296,0.98402133580705,0.4427601129506662,0.7150679086965797
49,beta,1,16,1.0,1.0,raw,29,0.2315951880138978,0.941775027235009,0.3652737438178999,0.8633838383838383
17,beta,1,16,1.0,1.0,raw,29,0.155621001678641,0.9861098439923364,0.3926285289082372,0.7854405741859616
9,beta,1,16,1.0,1.0,raw,29,0.1615835647574792,0.9873202340162692,0.3620856309202553,0.8435985377474738
45,beta,1,16,1.0,1.0,raw,29,0.4538150827113427,0.8530412236256809,0.4530528438600528,0.5782863331440709
41,beta,1,16,1.0,1.0,raw,28,0.1704591828134475,0.984859736961886,0.4053576094760934,0.7690722087636535
29,beta,1,16,1.0,1.0,raw,29,0.2151192545891069,0.9576988155668358,0.4080759060118665,0.7560137457044673
37,beta,1,16,1.0,1.0,raw,29,0.1837294462606795,0.9681451706591696,0.33478997764011,0.8785246753246753
21,beta,1,16,1.0,1.0,raw,30,0.3367025623723103,0.9302985529679402,0.381584865436337,0.8517913593256059
13,beta,1,16,1.0,1.0,raw,30,0.2206342218244016,0.9625348837209302,0.3682698469698888,0.8576753642832939
33,beta,1,16,1.0,1.0,raw,29,0.1545052931540114,0.9792899408284024,0.426405719967824,0.75582175173595
25,beta,1,16,1.0,1.0,raw,30,0.1250867095851008,0.9912515127067366,0.3739852288154528,0.8153610849662017
17,beta,1,16,1.0,1.0,raw,30,0.209214547224046,0.9624121886689172,0.4069534593515969,0.7824196099103848
49,beta,1,16,1.0,1.0,raw,30,0.140506263779522,0.9888278515634056,0.3451489354606668,0.8669191919191919
9,beta,1,16,1.0,1.0,raw,30,0.3286748321160793,0.9177213714658649,0.3688495638966939,0.8446151318491744
45,beta,1,16,1.0,1.0,raw,30,0.3763155511296177,0.9339185042460572,0.4420659865440451,0.5928648034824302
41,beta,1,16,1.0,1.0,raw,29,0.1844197623017039,0.9805236806171096,0.4151289719078865,0.7775086064006119
29,beta,1,16,1.0,1.0,raw,30,0.1548412053046355,0.9846788586792758,0.4016304730429185,0.7614873346091323
37,beta,1,16,1.0,1.0,raw,30,0.2531067070414462,0.9522758428402148,0.3246723127805976,0.8862753246753248
33,beta,1,16,1.0,1.0,raw,30,0.1424392912611031,0.9842825443786982,0.4208069810390673,0.7590408683360674
41,beta,1,16,1.0,1.0,raw,30,0.16224127883902822,0.9887406271710227,0.3992894171710763,0.765024012920226
