seed,model_type,n_samples,pre_revision,j_percentage,baseline_embedding_type,mirt_dim,rmse_mirt,auc_mirt
0,beta,1,32,0.7,raw,2,0.4549926382821183,0.5928421152164149
0,beta,1,32,0.7,raw,3,0.4550181173291237,0.5587074202775216
0,beta,1,32,0.7,raw,4,0.4550257640398153,0.5499137177032362
0,beta,1,32,0.7,raw,5,0.454655545216239,0.5667092168404132
0,beta,1,32,0.7,raw,6,0.4546536606718769,0.5868378129210694
0,beta,1,32,0.7,raw,7,0.4546077737027772,0.5818027090277286
0,beta,1,32,0.7,raw,8,0.4537645627672012,0.5839893151785924
0,beta,1,32,0.7,raw,9,0.4533187024680838,0.585809517055528
0,beta,1,32,0.7,raw,10,0.4535710342821739,0.5832565066307354
0,beta,1,32,0.7,raw,11,0.4529422029556645,0.5661537006831667
3,beta,1,32,0.7,raw,2,0.4504365584944678,0.6350810341501062
0,beta,1,32,0.7,raw,12,0.4522420073678597,0.5874406070491454
39,beta,1,32,0.7,raw,2,0.4354335312414013,0.6305603763244428
43,beta,1,32,0.7,raw,2,0.4421807810943532,0.6325746965452846
3,beta,1,32,0.7,raw,3,0.4485708124932752,0.6279664287092417
17,beta,1,32,0.7,raw,2,0.4521684250831979,0.5315489777087077
0,beta,1,32,0.7,raw,13,0.4536031633609891,0.5746164574616457
39,beta,1,32,0.7,raw,3,0.4359757403210537,0.6174187066130801
43,beta,1,32,0.7,raw,3,0.4412982606026285,0.6378151260504202
3,beta,1,32,0.7,raw,4,0.4489463311853205,0.6314875554698052
17,beta,1,32,0.7,raw,3,0.4521386493587362,0.552541158758681
13,beta,1,32,0.7,raw,2,0.4477076116526192,0.6323325358851675
0,beta,1,32,0.7,raw,14,0.4519888841466942,0.5882088740751247
39,beta,1,32,0.7,raw,4,0.4337617875017341,0.6324785348922177
43,beta,1,32,0.7,raw,4,0.4416232461848608,0.6243930905695612
3,beta,1,32,0.7,raw,5,0.447965099983793,0.6348036851244453
17,beta,1,32,0.7,raw,4,0.4521166005470988,0.5429010247195376
39,beta,1,32,0.7,raw,5,0.4328417399751326,0.6421492510047497
0,beta,1,32,0.7,raw,15,0.4523075062886067,0.5810758102262251
13,beta,1,32,0.7,raw,3,0.448897255005095,0.6613157894736842
49,beta,1,32,0.7,raw,2,0.4460562635127159,0.5745780109489051
43,beta,1,32,0.7,raw,5,0.441307343736344,0.6221055088702148
3,beta,1,32,0.7,raw,6,0.4483273660015677,0.6226123866486591
17,beta,1,32,0.7,raw,5,0.4521615209808098,0.5324656403282988
39,beta,1,32,0.7,raw,6,0.4334600603355926,0.6459170624771647
0,beta,1,32,0.7,raw,16,0.4521961228208247,0.5757747677469683
13,beta,1,32,0.7,raw,4,0.4498229565970628,0.6305741626794258
49,beta,1,32,0.7,raw,3,0.4451288212540122,0.589290602189781
43,beta,1,32,0.7,raw,6,0.4400388755747147,0.6322128851540616
3,beta,1,32,0.7,raw,7,0.4483550019091668,0.62771319699016
17,beta,1,32,0.7,raw,6,0.4520796523698764,0.5671409839250158
39,beta,1,32,0.7,raw,7,0.432298150837385,0.6320560833028863
0,beta,1,32,0.7,raw,17,0.4529810051840879,0.5648653759780631
13,beta,1,32,0.7,raw,5,0.4502592724031198,0.6247129186602871
49,beta,1,32,0.7,raw,4,0.4456689478803459,0.5884694343065694
43,beta,1,32,0.7,raw,7,0.439793230478942,0.623249299719888
2,beta,1,32,0.7,raw,2,0.456266219360303,0.5735482915267629
3,beta,1,32,0.7,raw,8,0.4462634189842756,0.6367571869573606
6,beta,1,32,0.7,raw,2,0.4493427271389264,0.5605525061825201
17,beta,1,32,0.7,raw,7,0.4521877197602534,0.5272691952794911
26,beta,1,32,0.7,raw,2,0.4435022266830919,0.5956612287400208
34,beta,1,32,0.7,raw,2,0.4509228931739225,0.5476429697996379
7,beta,1,32,0.7,raw,2,0.457304864474287,0.5803455696361828
9,beta,1,32,0.7,raw,2,0.464951590843322,0.4963639214172868
18,beta,1,32,0.7,raw,2,0.4582288814502455,0.5261206218619563
39,beta,1,32,0.7,raw,8,0.433490895624484,0.6300922542930216
37,beta,1,32,0.7,raw,2,0.4465500884203257,0.605588981154592
0,beta,1,32,0.7,raw,18,0.4517450366293778,0.5895681157364726
13,beta,1,32,0.7,raw,6,0.4480945452047175,0.6224342105263158
38,beta,1,32,0.7,raw,2,0.4605326086525019,0.6097939829954219
49,beta,1,32,0.7,raw,5,0.444870964131668,0.5768248175182482
43,beta,1,32,0.7,raw,8,0.4399496367739923,0.6262371615312792
8,beta,1,32,0.7,raw,2,0.4569639172635317,0.5985302123026675
3,beta,1,32,0.7,raw,9,0.4458664243069664,0.6399527300791048
2,beta,1,32,0.7,raw,3,0.4563204136167333,0.514004789650405
6,beta,1,32,0.7,raw,3,0.4491996761087318,0.5484890524157067
17,beta,1,32,0.7,raw,8,0.4519701909145999,0.5752756058472148
26,beta,1,32,0.7,raw,3,0.4434902653340777,0.5827606155270161
11,beta,1,32,0.7,raw,2,0.4598540811677594,0.5227621873277591
34,beta,1,32,0.7,raw,3,0.4507356822288832,0.5585139318885448
7,beta,1,32,0.7,raw,3,0.4571704000585278,0.5852283452676088
9,beta,1,32,0.7,raw,3,0.4649531131609394,0.5137483568301595
30,beta,1,32,0.7,raw,2,0.4467101833540153,0.6099468288944242
39,beta,1,32,0.7,raw,9,0.4327803534402677,0.6473899342345634
46,beta,1,32,0.7,raw,2,0.4586698550188108,0.563796111665005
10,beta,1,32,0.7,raw,2,0.4390101595052778,0.5756982721248529
23,beta,1,32,0.7,raw,2,0.4565262245738776,0.5524005354623186
18,beta,1,32,0.7,raw,3,0.4582239222705194,0.5300707761175972
37,beta,1,32,0.7,raw,3,0.4471491532908616,0.5907712197304957
12,beta,1,32,0.7,raw,2,0.4423761093608639,0.6007892983445235
0,beta,1,32,0.7,raw,19,0.4527284432550046,0.559381131361842
44,beta,1,32,0.7,raw,2,0.4482415724939187,0.5757749712973594
27,beta,1,32,0.7,raw,2,0.4577544432663497,0.6725338447138324
42,beta,1,32,0.7,raw,2,0.44180920867838,0.6341463414634146
13,beta,1,32,0.7,raw,7,0.4482599558248554,0.5947129186602871
41,beta,1,32,0.7,raw,2,0.4410384679914673,0.5960302989512843
31,beta,1,32,0.7,raw,2,0.4362895262062791,0.5925721233558086
38,beta,1,32,0.7,raw,3,0.458254294371683,0.6341329533775577
49,beta,1,32,0.7,raw,6,0.4449655787678246,0.5946167883211679
43,beta,1,32,0.7,raw,9,0.4393233043922955,0.6292250233426704
15,beta,1,32,0.7,raw,2,0.447513611522575,0.5480848369737258
40,beta,1,32,0.7,raw,2,0.4563241689308392,0.4681944444444444
19,beta,1,32,0.7,raw,2,0.4522120882057259,0.5194201147689519
3,beta,1,32,0.7,raw,10,0.4475269303929466,0.6203333011769245
5,beta,1,32,0.7,raw,2,0.4417179155156309,0.6343170404256377
2,beta,1,32,0.7,raw,4,0.4563109598848304,0.5348792711830931
8,beta,1,32,0.7,raw,3,0.4574177078070282,0.5801578660860098
4,beta,1,32,0.7,raw,2,0.4524385250863536,0.6368165995495187
35,beta,1,32,0.7,raw,2,0.4457362317319288,0.6345168463286122
25,beta,1,32,0.7,raw,2,0.430106409651689,0.58626334230712
21,beta,1,32,0.7,raw,2,0.4547933579799478,0.5995935205969788
6,beta,1,32,0.7,raw,4,0.4483858098667066,0.5663429639905905
20,beta,1,32,0.7,raw,2,0.440574892725626,0.5809931165203511
45,beta,1,32,0.7,raw,2,0.45425384593232,0.6024691358024692
17,beta,1,32,0.7,raw,9,0.4521946893685977,0.5344082366082269
11,beta,1,32,0.7,raw,3,0.4598577590192811,0.4917265723030736
26,beta,1,32,0.7,raw,4,0.4433356291339821,0.6018454240425779
34,beta,1,32,0.7,raw,4,0.4501090142871035,0.5613762486126527
22,beta,1,32,0.7,raw,2,0.4327285657672855,0.6475097979335267
7,beta,1,32,0.7,raw,4,0.4569692651171449,0.5819186287957917
9,beta,1,32,0.7,raw,4,0.4649513184280647,0.5148578733462776
39,beta,1,32,0.7,raw,10,0.4336834033003476,0.6208554073803434
46,beta,1,32,0.7,raw,3,0.4587374408468362,0.5603688933200398
30,beta,1,32,0.7,raw,3,0.4472838985258359,0.6111922782142172
23,beta,1,32,0.7,raw,3,0.4560398532325422,0.5763094103884514
47,beta,1,32,0.7,raw,2,0.4495707749700724,0.6137587139348533
10,beta,1,32,0.7,raw,3,0.4385727604816514,0.5824487520901716
18,beta,1,32,0.7,raw,4,0.4582110606723442,0.546881616357147
37,beta,1,32,0.7,raw,4,0.4465745476071278,0.6094674556213018
32,beta,1,32,0.7,raw,2,0.4456764373679512,0.6143450893715164
16,beta,1,32,0.7,raw,2,0.4520187191853171,0.6149139322216245
12,beta,1,32,0.7,raw,3,0.4423408404180142,0.5986046332837887
14,beta,1,32,0.7,raw,2,0.4442210457628779,0.5930428599282036
24,beta,1,32,0.7,raw,2,0.4423850693129348,0.589879191321499
42,beta,1,32,0.7,raw,3,0.4407016734785883,0.6362303179993825
0,beta,1,32,0.7,raw,20,0.4529629285950834,0.5692031298016689
27,beta,1,32,0.7,raw,3,0.4573501224419236,0.6502522658265415
13,beta,1,32,0.7,raw,8,0.4474872722893575,0.613403110047847
44,beta,1,32,0.7,raw,3,0.4479258133449665,0.5786681974741676
41,beta,1,32,0.7,raw,3,0.4399639466806076,0.5971622266547558
31,beta,1,32,0.7,raw,3,0.436975897487677,0.587057710966189
38,beta,1,32,0.7,raw,4,0.4592253519098309,0.6161239839297394
36,beta,1,32,0.7,raw,2,0.4408450652522218,0.5724179464016862
43,beta,1,32,0.7,raw,10,0.4396509361111356,0.6174953314659197
15,beta,1,32,0.7,raw,3,0.4473549366364051,0.5672681228236783
49,beta,1,32,0.7,raw,7,0.4450236939969477,0.5802349452554745
19,beta,1,32,0.7,raw,3,0.4521922673183023,0.5415705225007551
3,beta,1,32,0.7,raw,11,0.4478468969994614,0.6266279181940961
2,beta,1,32,0.7,raw,5,0.4562913007202065,0.5658083152281256
40,beta,1,32,0.7,raw,3,0.456323956674779,0.4668478260869565
35,beta,1,32,0.7,raw,3,0.4461000906365052,0.6087760429255088
5,beta,1,32,0.7,raw,3,0.4438573922242487,0.6365670528566456
4,beta,1,32,0.7,raw,3,0.4511354109655986,0.6384660887766478
8,beta,1,32,0.7,raw,4,0.4570961115530877,0.58886771910724
28,beta,1,32,0.7,raw,2,0.4473291876658132,0.6074478527607362
25,beta,1,32,0.7,raw,3,0.4300817588216078,0.5805002773305916
6,beta,1,32,0.7,raw,5,0.4480706013231659,0.580143555099825
21,beta,1,32,0.7,raw,3,0.4548108539852936,0.5758417763756598
20,beta,1,32,0.7,raw,3,0.4400856213546581,0.5825892857142857
45,beta,1,32,0.7,raw,3,0.4535139650615112,0.6039169472502806
11,beta,1,32,0.7,raw,4,0.4597656580585477,0.6150246854221149
17,beta,1,32,0.7,raw,10,0.4521366719307327,0.5357194890971784
26,beta,1,32,0.7,raw,5,0.4434539089164365,0.5808920513710517
7,beta,1,32,0.7,raw,5,0.4571773588942306,0.5717881278079107
34,beta,1,32,0.7,raw,5,0.4507758148500377,0.5637245166189614
22,beta,1,32,0.7,raw,3,0.4346300405539716,0.6277930472845727
48,beta,1,32,0.7,raw,2,0.4458579186615755,0.5766357421875
39,beta,1,32,0.7,raw,11,0.4330294089637784,0.6268724881256851
46,beta,1,32,0.7,raw,4,0.4583484546016533,0.569690927218345
1,beta,1,32,0.7,raw,2,0.4506849989450686,0.5956539302347685
47,beta,1,32,0.7,raw,3,0.4482018280143517,0.6186583641370413
30,beta,1,32,0.7,raw,4,0.4479954025647862,0.6160782716995593
18,beta,1,32,0.7,raw,5,0.4582761454306057,0.5026435182384611
23,beta,1,32,0.7,raw,4,0.4571498162780846,0.55560245540829
10,beta,1,32,0.7,raw,4,0.4389700205055307,0.5751656654486903
9,beta,1,32,0.7,raw,5,0.4649504851568751,0.5120840820559824
33,beta,1,32,0.7,raw,2,0.4408691311611369,0.6335704291044776
29,beta,1,32,0.7,raw,2,0.4497060040556435,0.6257722007722007
37,beta,1,32,0.7,raw,5,0.4469731469846552,0.6007284570632987
32,beta,1,32,0.7,raw,3,0.4455110375046389,0.6147895444935614
42,beta,1,32,0.7,raw,4,0.4406358866327424,0.6257975712668519
16,beta,1,32,0.7,raw,3,0.4520988025157504,0.5981038192576654
14,beta,1,32,0.7,raw,3,0.4442323501066863,0.5959789427807916
12,beta,1,32,0.7,raw,4,0.442365650239882,0.5884757316385628
24,beta,1,32,0.7,raw,3,0.4414538129989441,0.604955621301775
31,beta,1,32,0.7,raw,4,0.4370281536059433,0.591479066111541
27,beta,1,32,0.7,raw,4,0.4557499653747679,0.6375019975800744
13,beta,1,32,0.7,raw,9,0.4456012693027947,0.6271291866028709
0,beta,1,32,0.7,raw,21,0.4515089947109763,0.5894617403021063
44,beta,1,32,0.7,raw,4,0.4475005752943379,0.582284730195178
38,beta,1,32,0.7,raw,5,0.4551828943239808,0.6002289077828646
41,beta,1,32,0.7,raw,4,0.4400499825915261,0.5837259388881411
36,beta,1,32,0.7,raw,3,0.4409518139122428,0.5616825733474726
43,beta,1,32,0.7,raw,11,0.4385935535980861,0.6337301587301587
15,beta,1,32,0.7,raw,4,0.4474247811677501,0.5534852801519468
19,beta,1,32,0.7,raw,4,0.4521624107755794,0.5713802476593175
49,beta,1,32,0.7,raw,8,0.4457216223874452,0.5835082116788322
3,beta,1,32,0.7,raw,12,0.4466584094224941,0.6270861470191009
2,beta,1,32,0.7,raw,6,0.4555494299175676,0.5873926031996841
35,beta,1,32,0.7,raw,4,0.4465471352082212,0.627374679750568
40,beta,1,32,0.7,raw,4,0.4563220790207157,0.4796135265700483
5,beta,1,32,0.7,raw,4,0.4406674033248753,0.6351374869474418
4,beta,1,32,0.7,raw,4,0.4487200249088554,0.6315609855982527
8,beta,1,32,0.7,raw,5,0.4564288154725485,0.5997674073340922
28,beta,1,32,0.7,raw,3,0.4479812826819122,0.6038895705521472
6,beta,1,32,0.7,raw,6,0.4483715693425256,0.5654623318656131
25,beta,1,32,0.7,raw,4,0.4302208451429036,0.5752512885726269
11,beta,1,32,0.7,raw,5,0.4598585529128862,0.4712511580453368
7,beta,1,32,0.7,raw,6,0.4569816562447674,0.5869398336332633
26,beta,1,32,0.7,raw,6,0.4434086104291262,0.5917621196343862
45,beta,1,32,0.7,raw,4,0.4547630332528219,0.5948204264870931
17,beta,1,32,0.7,raw,11,0.4521930746698422,0.5296003108154048
21,beta,1,32,0.7,raw,4,0.4548375390119166,0.5634047200145604
34,beta,1,32,0.7,raw,6,0.4509390853832818,0.5395525439570068
22,beta,1,32,0.7,raw,4,0.433728068399171,0.6380363414261719
20,beta,1,32,0.7,raw,4,0.4404263549137273,0.5637470071827614
46,beta,1,32,0.7,raw,5,0.459034661318205,0.5567609670987039
39,beta,1,32,0.7,raw,12,0.4323069749749056,0.6375936244062842
18,beta,1,32,0.7,raw,6,0.4583022872929322,0.4736979009134353
30,beta,1,32,0.7,raw,5,0.4486119359713839,0.6044261352749569
48,beta,1,32,0.7,raw,3,0.4458628482793608,0.5641540527343749
23,beta,1,32,0.7,raw,5,0.4568212629932062,0.5601249412076845
47,beta,1,32,0.7,raw,4,0.4487155251821807,0.6114143243444392
1,beta,1,32,0.7,raw,3,0.4505578523836154,0.5876698982986408
10,beta,1,32,0.7,raw,5,0.4381985537052009,0.5852356474886975
33,beta,1,32,0.7,raw,3,0.439668424635827,0.6345149253731344
9,beta,1,32,0.7,raw,6,0.4649488827080824,0.5138810164136085
29,beta,1,32,0.7,raw,3,0.4520047744344794,0.622840250965251
37,beta,1,32,0.7,raw,6,0.4471274583123475,0.6062602555815226
42,beta,1,32,0.7,raw,5,0.4408782569347466,0.6172043840691571
32,beta,1,32,0.7,raw,4,0.4458294594973721,0.6076422256390545
31,beta,1,32,0.7,raw,5,0.4371662910775886,0.587733195780062
14,beta,1,32,0.7,raw,4,0.44463174217052,0.5855994311339473
27,beta,1,32,0.7,raw,5,0.4604417753780994,0.6458347601762437
16,beta,1,32,0.7,raw,4,0.4520058788216859,0.5977743410435719
24,beta,1,32,0.7,raw,4,0.4420500086623097,0.5922460552268244
12,beta,1,32,0.7,raw,5,0.4426338039568677,0.580364922351494
13,beta,1,32,0.7,raw,10,0.4463438505436891,0.6176973684210526
0,beta,1,32,0.7,raw,22,0.4514466476981815,0.5848403186535234
38,beta,1,32,0.7,raw,6,0.4579207412820756,0.6103312155470428
44,beta,1,32,0.7,raw,5,0.447095330481183,0.5908381171067738
41,beta,1,32,0.7,raw,5,0.4376925998179827,0.5908295500434415
15,beta,1,32,0.7,raw,5,0.4474200352823606,0.56559670781893
43,beta,1,32,0.7,raw,12,0.4400117333159032,0.6187441643323996
19,beta,1,32,0.7,raw,5,0.4521668267681561,0.5668982180610088
36,beta,1,32,0.7,raw,4,0.4410551751160859,0.5633190631423223
3,beta,1,32,0.7,raw,13,0.4466942715150924,0.6378545244067143
2,beta,1,32,0.7,raw,7,0.455890813951224,0.57532589373889
35,beta,1,32,0.7,raw,5,0.4455574600003168,0.6322811427466525
49,beta,1,32,0.7,raw,9,0.4452379063822484,0.586034443430657
40,beta,1,32,0.7,raw,5,0.4563177195680106,0.5194565217391304
5,beta,1,32,0.7,raw,5,0.4393210996881556,0.6311533489135298
11,beta,1,32,0.7,raw,6,0.4529982257949325,0.6288274131319409
6,beta,1,32,0.7,raw,7,0.4479531247434603,0.5829121177393087
4,beta,1,32,0.7,raw,5,0.4516460684563908,0.6243259845744319
26,beta,1,32,0.7,raw,7,0.4434248754036294,0.572700451232211
25,beta,1,32,0.7,raw,5,0.4302239277424801,0.5858710209824267
7,beta,1,32,0.7,raw,7,0.4573792982605801,0.5726816254105684
28,beta,1,32,0.7,raw,4,0.447726582699144,0.6095092024539878
8,beta,1,32,0.7,raw,6,0.457169454822088,0.5836591280249418
22,beta,1,32,0.7,raw,5,0.4340191721592885,0.6345243548633379
45,beta,1,32,0.7,raw,5,0.4523271574096809,0.5979236812570146
34,beta,1,32,0.7,raw,7,0.4509224635767769,0.5355336176178516
17,beta,1,32,0.7,raw,12,0.4518496718899472,0.5435991452576369
21,beta,1,32,0.7,raw,5,0.4548290373225496,0.5749014135776254
20,beta,1,32,0.7,raw,5,0.4400202503746232,0.5774765562649641
46,beta,1,32,0.7,raw,6,0.4585700579734389,0.5628489531405784
39,beta,1,32,0.7,raw,13,0.4327871879860551,0.6343624406284254
18,beta,1,32,0.7,raw,7,0.4582020849816112,0.5540197205250741
47,beta,1,32,0.7,raw,5,0.4495852758078673,0.6084001091567639
30,beta,1,32,0.7,raw,6,0.448326668019128,0.6113120329565052
23,beta,1,32,0.7,raw,6,0.4566849594849521,0.5605108599958997
48,beta,1,32,0.7,raw,4,0.4458014664743929,0.565093994140625
10,beta,1,32,0.7,raw,6,0.4381267282013812,0.5824859106954852
1,beta,1,32,0.7,raw,4,0.4495402802537218,0.5838204543294364
33,beta,1,32,0.7,raw,4,0.4427388255520137,0.6182602611940299
9,beta,1,32,0.7,raw,7,0.4649593465989836,0.492148964652251
29,beta,1,32,0.7,raw,4,0.4508974470986748,0.6211751930501931
27,beta,1,32,0.7,raw,6,0.4552086573351558,0.6341004040819122
42,beta,1,32,0.7,raw,6,0.4402677826276682,0.6283446536997016
32,beta,1,32,0.7,raw,5,0.4460853094849029,0.5968311551028254
14,beta,1,32,0.7,raw,5,0.4450099988414107,0.5759883474211788
37,beta,1,32,0.7,raw,7,0.4475032058792786,0.5902366863905326
31,beta,1,32,0.7,raw,6,0.4379832289796659,0.5824889773159918
16,beta,1,32,0.7,raw,5,0.4518527388464465,0.6018961807423346
13,beta,1,32,0.7,raw,11,0.4460874640561373,0.6144138755980861
38,beta,1,32,0.7,raw,7,0.4568556097589066,0.6164509950481173
12,beta,1,32,0.7,raw,6,0.4425588261840107,0.5883219722207986
24,beta,1,32,0.7,raw,5,0.4414857775858786,0.5955004930966469
0,beta,1,32,0.7,raw,23,0.4512280350778704,0.5914355955842375
44,beta,1,32,0.7,raw,6,0.4473726402757673,0.5773938002296211
43,beta,1,32,0.7,raw,13,0.4396522579425368,0.6167016806722689
41,beta,1,32,0.7,raw,6,0.4380252784234327,0.5875255448549297
15,beta,1,32,0.7,raw,6,0.4474797964596765,0.556289965178854
19,beta,1,32,0.7,raw,6,0.4522235717305494,0.5183207490184234
3,beta,1,32,0.7,raw,14,0.4463901697399709,0.6304143353270306
35,beta,1,32,0.7,raw,6,0.4447612026898666,0.6365712766471697
2,beta,1,32,0.7,raw,8,0.4554161813540838,0.5899293896899072
36,beta,1,32,0.7,raw,5,0.4407665715145052,0.5633452469790398
49,beta,1,32,0.7,raw,10,0.4456299771088471,0.5752509124087591
11,beta,1,32,0.7,raw,7,0.454415096208657,0.6174873641129078
40,beta,1,32,0.7,raw,6,0.4563200707386883,0.5243417874396135
6,beta,1,32,0.7,raw,8,0.447936791330136,0.5777549912539961
5,beta,1,32,0.7,raw,6,0.4411500676870267,0.626125006215504
26,beta,1,32,0.7,raw,8,0.4431160414507113,0.5999074395464538
7,beta,1,32,0.7,raw,8,0.4575700762501471,0.5648918364521853
25,beta,1,32,0.7,raw,6,0.430386806518877,0.5735196634153601
4,beta,1,32,0.7,raw,6,0.4505159473337993,0.6170796077628375
34,beta,1,32,0.7,raw,8,0.4508801958256936,0.5496933232081314
45,beta,1,32,0.7,raw,6,0.452440879948271,0.6006846240179574
22,beta,1,32,0.7,raw,6,0.434844849695096,0.6442459408561103
46,beta,1,32,0.7,raw,7,0.4582157110516575,0.5751620139581256
28,beta,1,32,0.7,raw,5,0.4479026422596843,0.6163803680981594
8,beta,1,32,0.7,raw,7,0.4570091926925182,0.5838818231305982
17,beta,1,32,0.7,raw,13,0.4518053800787306,0.5451107279879559
39,beta,1,32,0.7,raw,14,0.4329568463839841,0.6315537084398977
18,beta,1,32,0.7,raw,8,0.4582436123364785,0.529713870909201
21,beta,1,32,0.7,raw,6,0.4547840854795177,0.5801735121033792
47,beta,1,32,0.7,raw,6,0.4496568616618605,0.606291398943164
30,beta,1,32,0.7,raw,7,0.4488579503600245,0.6046536692853037
23,beta,1,32,0.7,raw,7,0.4567193817541482,0.5595581229874939
20,beta,1,32,0.7,raw,6,0.4396597651916534,0.5807561851556265
10,beta,1,32,0.7,raw,7,0.4379493585513256,0.583402489626556
48,beta,1,32,0.7,raw,5,0.4457418312965249,0.57227783203125
1,beta,1,32,0.7,raw,5,0.4500301000012075,0.5892144282862846
27,beta,1,32,0.7,raw,7,0.4531563715104951,0.628758304225738
33,beta,1,32,0.7,raw,5,0.4412302493411083,0.6234025186567164
42,beta,1,32,0.7,raw,7,0.4404585124731068,0.6181949161263764
9,beta,1,32,0.7,raw,8,0.4649525523076602,0.5124760308252632
31,beta,1,32,0.7,raw,7,0.4381359451058702,0.5834223745133439
29,beta,1,32,0.7,raw,5,0.4474422322713181,0.637270752895753
32,beta,1,32,0.7,raw,6,0.4466320864822281,0.5903565250816837
14,beta,1,32,0.7,raw,6,0.44525965996169,0.5720200479407278
37,beta,1,32,0.7,raw,8,0.4471081452300286,0.6042091392770126
38,beta,1,32,0.7,raw,8,0.4545072322727466,0.6187634308137906
16,beta,1,32,0.7,raw,6,0.4517930613684482,0.6017213555675094
13,beta,1,32,0.7,raw,12,0.4462624005590235,0.612822966507177
24,beta,1,32,0.7,raw,6,0.441303460635143,0.6020956607495069
0,beta,1,32,0.7,raw,24,0.452298957043191,0.566466917239912
12,beta,1,32,0.7,raw,7,0.442263875640121,0.6032366357439393
43,beta,1,32,0.7,raw,14,0.4403936874664839,0.6103641456582634
19,beta,1,32,0.7,raw,7,0.4522132250382618,0.5277016007248565
44,beta,1,32,0.7,raw,7,0.4473890442457068,0.5859242250287026
15,beta,1,32,0.7,raw,7,0.4472873299342115,0.5690408357075024
3,beta,1,32,0.7,raw,15,0.447487971581069,0.6231791433532703
35,beta,1,32,0.7,raw,7,0.4451259925175619,0.6173079711896361
2,beta,1,32,0.7,raw,9,0.4551658709498271,0.5892010665613273
41,beta,1,32,0.7,raw,7,0.4381533410596288,0.5840012726538504
36,beta,1,32,0.7,raw,6,0.4410161176329058,0.5636856368563685
11,beta,1,32,0.7,raw,8,0.4528311401384745,0.6279127039039322
49,beta,1,32,0.7,raw,11,0.4458130649909083,0.5873859489051094
6,beta,1,32,0.7,raw,9,0.4470671334076553,0.5897400325713252
40,beta,1,32,0.7,raw,7,0.4563195809124628,0.5147644927536232
7,beta,1,32,0.7,raw,9,0.4570293589495799,0.5768345015919359
26,beta,1,32,0.7,raw,9,0.4432705693644033,0.5953083420108758
5,beta,1,32,0.7,raw,7,0.4400463254340213,0.6408308885684451
34,beta,1,32,0.7,raw,9,0.4499029836449317,0.5634791751854664
25,beta,1,32,0.7,raw,7,0.430419921875,0.5759141763281429
22,beta,1,32,0.7,raw,7,0.4347145955453029,0.6374764595103578
4,beta,1,32,0.7,raw,7,0.4467188061997337,0.6274201988487702
46,beta,1,32,0.7,raw,8,0.4580273654562466,0.5788758723828514
39,beta,1,32,0.7,raw,15,0.433376137364746,0.6273976982097187
45,beta,1,32,0.7,raw,7,0.4544075539955006,0.5947923681257015
18,beta,1,32,0.7,raw,9,0.458250766238432,0.5166596092190431
8,beta,1,32,0.7,raw,8,0.4564755639892818,0.5987034196070669
47,beta,1,32,0.7,raw,7,0.4498517759242485,0.6150859609516485
28,beta,1,32,0.7,raw,6,0.4487064591751588,0.5989079754601226
21,beta,1,32,0.7,raw,7,0.4548250567081667,0.5688163562458292
17,beta,1,32,0.7,raw,14,0.4520459810843906,0.5444368899033558
23,beta,1,32,0.7,raw,8,0.4567000501356187,0.561439477080042
30,beta,1,32,0.7,raw,8,0.4495479869942139,0.5937799386855719
20,beta,1,32,0.7,raw,7,0.439760041613975,0.5716530327214685
10,beta,1,32,0.7,raw,8,0.4382007640571671,0.5732953489812349
48,beta,1,32,0.7,raw,6,0.4457544509528547,0.568231201171875
27,beta,1,32,0.7,raw,8,0.4542739540937027,0.6348880213683994
42,beta,1,32,0.7,raw,8,0.439704195992067,0.625566018318411
1,beta,1,32,0.7,raw,6,0.4478656292455925,0.5900698602794412
31,beta,1,32,0.7,raw,8,0.4372963942456534,0.6015130859830761
9,beta,1,32,0.7,raw,9,0.4649559174171872,0.5106007067137809
33,beta,1,32,0.7,raw,6,0.4408653962993148,0.6006996268656717
14,beta,1,32,0.7,raw,7,0.4447573329917123,0.5845672145060843
29,beta,1,32,0.7,raw,6,0.4481091603202416,0.6298624517374517
32,beta,1,32,0.7,raw,7,0.4461163409871238,0.6063088602729194
37,beta,1,32,0.7,raw,9,0.4482033905991327,0.5807766893739744
38,beta,1,32,0.7,raw,9,0.4545792558955129,0.6198495748855462
13,beta,1,32,0.7,raw,13,0.4458505157772314,0.6144976076555023
16,beta,1,32,0.7,raw,7,0.4517632609037582,0.6042764927380313
43,beta,1,32,0.7,raw,15,0.4394419011696032,0.6255952380952381
24,beta,1,32,0.7,raw,7,0.4412630574723158,0.6060281065088757
19,beta,1,32,0.7,raw,8,0.4498475028302506,0.5797281787979462
12,beta,1,32,0.7,raw,8,0.4421805957484331,0.6042937317410692
0,beta,1,32,0.7,raw,25,0.4519649652431939,0.578363236649883
15,beta,1,32,0.7,raw,8,0.4476487630114832,0.5429692940804052
3,beta,1,32,0.7,raw,16,0.4472455515792214,0.6272549681651554
2,beta,1,32,0.7,raw,10,0.4535142443469156,0.5927254098360655
35,beta,1,32,0.7,raw,8,0.4448754022590553,0.6214168318267512
41,beta,1,32,0.7,raw,8,0.4381193647416764,0.5837198203600141
44,beta,1,32,0.7,raw,8,0.4469305224038671,0.5796211251435133
11,beta,1,32,0.7,raw,9,0.4555070681018339,0.6199148616795468
36,beta,1,32,0.7,raw,7,0.4408512001557317,0.571560425749185
49,beta,1,32,0.7,raw,12,0.4460293537966332,0.5813526459854015
6,beta,1,32,0.7,raw,10,0.4477343539396223,0.5734000844441763
40,beta,1,32,0.7,raw,8,0.4563190094478684,0.53256038647343
26,beta,1,32,0.7,raw,10,0.44337905302365,0.579463149369432
7,beta,1,32,0.7,raw,10,0.4578803236784915,0.5623120194304267
34,beta,1,32,0.7,raw,10,0.4509164491737634,0.5515158595712367
5,beta,1,32,0.7,raw,8,0.4394743511583814,0.6394386156829596
46,beta,1,32,0.7,raw,9,0.4590016463256432,0.55188185443669
39,beta,1,32,0.7,raw,16,0.4341779845251953,0.6134339605407381
25,beta,1,32,0.7,raw,8,0.4305041961476495,0.5710169239302479
22,beta,1,32,0.7,raw,8,0.434579982007065,0.6374382857433705
47,beta,1,32,0.7,raw,8,0.4500645842830378,0.6157557865489097
18,beta,1,32,0.7,raw,10,0.458276714454679,0.5067207065513278
45,beta,1,32,0.7,raw,8,0.4527910745052332,0.5996408529741863
4,beta,1,32,0.7,raw,8,0.4476272254042712,0.6179327918458354
8,beta,1,32,0.7,raw,9,0.4571070648953865,0.5787103478992428
30,beta,1,32,0.7,raw,9,0.448656161094721,0.6151561601839434
28,beta,1,32,0.7,raw,7,0.4492182524305159,0.5926257668711656
23,beta,1,32,0.7,raw,9,0.4571595297214727,0.5506819908585487
10,beta,1,32,0.7,raw,9,0.437792118504805,0.587118350157924
17,beta,1,32,0.7,raw,15,0.4519484635939439,0.5460759555145451
21,beta,1,32,0.7,raw,8,0.4546418779956812,0.5960808105320633
20,beta,1,32,0.7,raw,8,0.4401566024632611,0.5639215881883479
27,beta,1,32,0.7,raw,9,0.4543512293803913,0.6417368673378536
42,beta,1,32,0.7,raw,9,0.4401350875766711,0.617268704332613
48,beta,1,32,0.7,raw,7,0.4455015718055595,0.580322265625
1,beta,1,32,0.7,raw,7,0.448443299099845,0.583927383328581
31,beta,1,32,0.7,raw,9,0.4377879489438154,0.5961214890141606
9,beta,1,32,0.7,raw,10,0.4649622149138652,0.4804387414223519
14,beta,1,32,0.7,raw,8,0.4443317958093805,0.5935016228739205
29,beta,1,32,0.7,raw,7,0.4490062210877574,0.6293074324324325
33,beta,1,32,0.7,raw,7,0.4403073802891309,0.6074160447761194
38,beta,1,32,0.7,raw,10,0.4546283414705838,0.6157736148743344
32,beta,1,32,0.7,raw,8,0.4463424316816245,0.598560926388622
37,beta,1,32,0.7,raw,10,0.4483588073216387,0.5830018397891701
43,beta,1,32,0.7,raw,16,0.4396456317990025,0.6251984126984127
13,beta,1,32,0.7,raw,14,0.4454663328856498,0.6077870813397129
3,beta,1,32,0.7,raw,17,0.4477985655166596,0.6293290565309667
2,beta,1,32,0.7,raw,11,0.4544689538096577,0.5821894133912701
19,beta,1,32,0.7,raw,9,0.4496879615012552,0.5782180610087587
24,beta,1,32,0.7,raw,8,0.4414023002515315,0.5875369822485207
16,beta,1,32,0.7,raw,8,0.4518593014038663,0.6000672404518559
15,beta,1,32,0.7,raw,9,0.4476686352785691,0.5417790440012662
12,beta,1,32,0.7,raw,9,0.4422720797899431,0.6052995745989442
35,beta,1,32,0.7,raw,9,0.4440643318831089,0.6198095422245855
0,beta,1,32,0.7,raw,26,0.4518084143547416,0.5778195399853439
41,beta,1,32,0.7,raw,9,0.436860502709231,0.6020019824031131
44,beta,1,32,0.7,raw,9,0.4465242096092764,0.5882893226176809
11,beta,1,32,0.7,raw,10,0.456583618965461,0.6161622084364335
36,beta,1,32,0.7,raw,8,0.4410547528002066,0.558239398819109
6,beta,1,32,0.7,raw,11,0.4473722905399104,0.5789975269919778
7,beta,1,32,0.7,raw,11,0.4571146766617241,0.5780803644463461
49,beta,1,32,0.7,raw,13,0.4457090686665907,0.5892563868613139
26,beta,1,32,0.7,raw,11,0.4431550315451208,0.6002314011338656
40,beta,1,32,0.7,raw,9,0.4563271894871508,0.4617572463768116
34,beta,1,32,0.7,raw,11,0.4508972488119304,0.5392137391202757
39,beta,1,32,0.7,raw,17,0.4330442400361288,0.6320332480818415
47,beta,1,32,0.7,raw,9,0.4504168579719882,0.6146394105534745
46,beta,1,32,0.7,raw,10,0.4581914505117647,0.5771311066799603
22,beta,1,32,0.7,raw,9,0.4349832009217738,0.6396650888176313
18,beta,1,32,0.7,raw,11,0.4582892653202964,0.4849918335248926
25,beta,1,32,0.7,raw,9,0.430515929888806,0.5751836469649211
5,beta,1,32,0.7,raw,9,0.4389346476215999,0.6383695490030331
30,beta,1,32,0.7,raw,10,0.4489203083666493,0.6143538034106151
4,beta,1,32,0.7,raw,9,0.4458388179667485,0.630673674151935
45,beta,1,32,0.7,raw,9,0.4523033222850289,0.5997418630751964
10,beta,1,32,0.7,raw,10,0.4379737026548351,0.5794884498668484
23,beta,1,32,0.7,raw,10,0.4566205779831888,0.5673247386003208
8,beta,1,32,0.7,raw,10,0.4573550259340788,0.5750853664571683
28,beta,1,32,0.7,raw,8,0.448914532689589,0.6042822085889571
17,beta,1,32,0.7,raw,16,0.4523488994825765,0.4988708659122917
27,beta,1,32,0.7,raw,10,0.4542751513705044,0.6280163459123804
21,beta,1,32,0.7,raw,9,0.4548115583983804,0.5593581265546321
20,beta,1,32,0.7,raw,9,0.4393875073081225,0.586841580207502
42,beta,1,32,0.7,raw,10,0.4393282734156719,0.6326155191931666
31,beta,1,32,0.7,raw,10,0.4377826390780478,0.5933581420483155
1,beta,1,32,0.7,raw,8,0.4478977849957936,0.5850441973196464
14,beta,1,32,0.7,raw,9,0.4443639893113316,0.5912651535135507
48,beta,1,32,0.7,raw,8,0.4454613821543627,0.5641845703125
38,beta,1,32,0.7,raw,11,0.4539404798722654,0.6161006259927123
9,beta,1,32,0.7,raw,11,0.4649490269286999,0.5191210699598403
29,beta,1,32,0.7,raw,8,0.4453807243152745,0.6344051640926641
33,beta,1,32,0.7,raw,8,0.4408231445275614,0.605165578358209
37,beta,1,32,0.7,raw,11,0.4478126745230314,0.5954204166873851
32,beta,1,32,0.7,raw,9,0.4463744467895036,0.6036361233903518
43,beta,1,32,0.7,raw,17,0.4397250542128111,0.6162931839402427
3,beta,1,32,0.7,raw,18,0.4464114999913037,0.6368415975303878
13,beta,1,32,0.7,raw,15,0.4464330294931434,0.6163397129186603
2,beta,1,32,0.7,raw,12,0.4552612263773734,0.5957065968793205
19,beta,1,32,0.7,raw,10,0.450668185911966,0.5695439444276653
15,beta,1,32,0.7,raw,10,0.4475442276841627,0.5533776511554289
35,beta,1,32,0.7,raw,10,0.445086538976198,0.6129815826364383
24,beta,1,32,0.7,raw,9,0.4411927947712753,0.5998397435897437
16,beta,1,32,0.7,raw,9,0.4519896918615205,0.5941433566433567
12,beta,1,32,0.7,raw,10,0.4421976135499207,0.6076828455742914
0,beta,1,32,0.7,raw,27,0.4523478947582992,0.564451693733305
41,beta,1,32,0.7,raw,10,0.4371199319364053,0.5965442553139416
11,beta,1,32,0.7,raw,11,0.4559547265754997,0.6229756194809611
44,beta,1,32,0.7,raw,10,0.4461050342796094,0.5788174512055109
7,beta,1,32,0.7,raw,12,0.4571352620244258,0.5741791777305161
6,beta,1,32,0.7,raw,12,0.4466169225633342,0.5911333614813922
36,beta,1,32,0.7,raw,9,0.441083570708146,0.5539059738423471
49,beta,1,32,0.7,raw,14,0.4460272657619632,0.5869867700729927
26,beta,1,32,0.7,raw,12,0.4432783178771015,0.5871803771838482
34,beta,1,32,0.7,raw,12,0.4503595710364597,0.5725100765231614
40,beta,1,32,0.7,raw,10,0.4563254424651273,0.4513949275362319
46,beta,1,32,0.7,raw,11,0.4588812854329098,0.5570289132602194
47,beta,1,32,0.7,raw,10,0.4503436226979939,0.6152224069066461
39,beta,1,32,0.7,raw,18,0.4336328574750069,0.6257078918523932
22,beta,1,32,0.7,raw,10,0.436420163903541,0.6087188883799053
18,beta,1,32,0.7,raw,12,0.4583087412421099,0.490460347226423
30,beta,1,32,0.7,raw,11,0.4498037095583092,0.5993964360988695
25,beta,1,32,0.7,raw,10,0.4311005678982357,0.5696776200976745
10,beta,1,32,0.7,raw,11,0.4381304523983108,0.582009041927293
4,beta,1,32,0.7,raw,10,0.4462831859911245,0.6242349782722454
45,beta,1,32,0.7,raw,10,0.4527959615505402,0.5966105499438833
5,beta,1,32,0.7,raw,10,0.4384943867142529,0.6334965939038337
23,beta,1,32,0.7,raw,11,0.4567085659367687,0.5661669822356759
28,beta,1,32,0.7,raw,9,0.4496844324321447,0.5848220858895705
8,beta,1,32,0.7,raw,11,0.4564856018906479,0.6021304498441135
27,beta,1,32,0.7,raw,11,0.4541354094986255,0.6369084309293884
17,beta,1,32,0.7,raw,17,0.4517585111184661,0.5446918556650964
20,beta,1,32,0.7,raw,10,0.4392013846010781,0.5865298284118117
42,beta,1,32,0.7,raw,11,0.439778084875766,0.623147576412473
21,beta,1,32,0.7,raw,10,0.4547631479368524,0.5910999211308621
31,beta,1,32,0.7,raw,11,0.4377545740061794,0.5984304189234
14,beta,1,32,0.7,raw,10,0.4450120414219126,0.5775022651420445
1,beta,1,32,0.7,raw,9,0.4469984330922171,0.5846640053226879
48,beta,1,32,0.7,raw,9,0.4453956794017044,0.57796630859375
38,beta,1,32,0.7,raw,12,0.4537128384402944,0.6245678781650004
43,beta,1,32,0.7,raw,18,0.4395464141160923,0.6273109243697478
9,beta,1,32,0.7,raw,12,0.4649484820950212,0.5179211037277343
33,beta,1,32,0.7,raw,9,0.4393259330635406,0.6124300373134327
3,beta,1,32,0.7,raw,19,0.4481053527877106,0.6247829442407871
29,beta,1,32,0.7,raw,9,0.4448850822474566,0.6284507722007723
37,beta,1,32,0.7,raw,12,0.4483014402100904,0.5892049127343244
32,beta,1,32,0.7,raw,10,0.4465308838497809,0.6000985008648857
13,beta,1,32,0.7,raw,16,0.4457511080323214,0.6104784688995215
15,beta,1,32,0.7,raw,11,0.447572594460483,0.5521747388414054
19,beta,1,32,0.7,raw,11,0.4499091771979076,0.5820598006644518
2,beta,1,32,0.7,raw,13,0.4530991678438225,0.5998173019948647
35,beta,1,32,0.7,raw,11,0.4442932443753836,0.6212476434475757
24,beta,1,32,0.7,raw,10,0.4413877837782967,0.5902613412228798
16,beta,1,32,0.7,raw,10,0.4516432970354307,0.6093733189887036
11,beta,1,32,0.7,raw,12,0.4551326080583204,0.6228700761084985
12,beta,1,32,0.7,raw,11,0.4425910139774328,0.5935882322792271
41,beta,1,32,0.7,raw,11,0.4379658262690746,0.5813335943905334
0,beta,1,32,0.7,raw,28,0.4517234799095544,0.5764484788312886
44,beta,1,32,0.7,raw,11,0.446172770033553,0.5810907003444316
7,beta,1,32,0.7,raw,13,0.4581384208243418,0.5520430892365
26,beta,1,32,0.7,raw,13,0.4433734068141519,0.5799028115237764
6,beta,1,32,0.7,raw,13,0.4469393410413376,0.5840641775740394
36,beta,1,32,0.7,raw,10,0.4412151530665162,0.5570611261668172
49,beta,1,32,0.7,raw,15,0.4457997617678564,0.591993613138686
46,beta,1,32,0.7,raw,12,0.4590437018828426,0.5592472582253241
22,beta,1,32,0.7,raw,11,0.4360613670886625,0.6230213264111568
34,beta,1,32,0.7,raw,13,0.4507211688115044,0.5599392487878965
39,beta,1,32,0.7,raw,19,0.4333788364923864,0.625582298136646
47,beta,1,32,0.7,raw,11,0.4506627467532119,0.6099010146617382
40,beta,1,32,0.7,raw,11,0.4563216871615019,0.4998248792270531
18,beta,1,32,0.7,raw,13,0.4581325174159856,0.5597120561369548
30,beta,1,32,0.7,raw,12,0.4495189492959538,0.5888220923548573
10,beta,1,32,0.7,raw,12,0.4380880048807644,0.5826593175202824
23,beta,1,32,0.7,raw,12,0.4571203650296159,0.5582556470772682
25,beta,1,32,0.7,raw,11,0.4309240235620528,0.5755624399680732
45,beta,1,32,0.7,raw,11,0.4520296801827603,0.601936026936027
5,beta,1,32,0.7,raw,11,0.4390812465969032,0.637424792402168
4,beta,1,32,0.7,raw,11,0.4461261443553387,0.630707801515255
27,beta,1,32,0.7,raw,12,0.4549160124217398,0.6220578499189553
28,beta,1,32,0.7,raw,10,0.4495941583757911,0.5910306748466257
8,beta,1,32,0.7,raw,12,0.4573309478166958,0.5816548720740338
17,beta,1,32,0.7,raw,18,0.4516556858150807,0.5551697343499588
20,beta,1,32,0.7,raw,11,0.4401971918090166,0.564856843575419
42,beta,1,32,0.7,raw,12,0.4394426132640364,0.6350082329937223
31,beta,1,32,0.7,raw,12,0.43784563852673,0.5998059516352873
21,beta,1,32,0.7,raw,11,0.4541831158654359,0.5900988897652126
14,beta,1,32,0.7,raw,11,0.4447311823307167,0.5876294571687444
43,beta,1,32,0.7,raw,19,0.4395155290164617,0.6260270774976657
38,beta,1,32,0.7,raw,13,0.4534877114655102,0.6285153695225638
1,beta,1,32,0.7,raw,10,0.4464586465786707,0.5894401672844786
3,beta,1,32,0.7,raw,20,0.4466143368052107,0.6289793555855682
48,beta,1,32,0.7,raw,10,0.4448031138868562,0.5932861328125001
33,beta,1,32,0.7,raw,10,0.440021926674915,0.6048041044776119
9,beta,1,32,0.7,raw,13,0.4649625834670085,0.4838577406866943
2,beta,1,32,0.7,raw,14,0.4544089476747517,0.5823498913687537
37,beta,1,32,0.7,raw,13,0.4470405012051487,0.6116180199890607
29,beta,1,32,0.7,raw,10,0.4455573095029226,0.61808638996139
19,beta,1,32,0.7,raw,12,0.4489737796412772,0.5856720024161884
35,beta,1,32,0.7,raw,12,0.4451507810107409,0.6182022526224199
15,beta,1,32,0.7,raw,12,0.4475249492360746,0.5574738841405509
32,beta,1,32,0.7,raw,11,0.4467273454883264,0.5874375360369017
13,beta,1,32,0.7,raw,17,0.4456628792969649,0.6169736842105263
11,beta,1,32,0.7,raw,13,0.4562450232299685,0.6201259484244721
24,beta,1,32,0.7,raw,11,0.4409185770733968,0.5925912228796845
16,beta,1,32,0.7,raw,11,0.4519699106750798,0.6007396449704142
41,beta,1,32,0.7,raw,12,0.4377744529088078,0.590756127705919
12,beta,1,32,0.7,raw,12,0.442448642708413,0.5966249807800729
0,beta,1,32,0.7,raw,29,0.4514778222808084,0.5788951138217148
7,beta,1,32,0.7,raw,14,0.4571600349452641,0.5811006380327952
44,beta,1,32,0.7,raw,12,0.4461931922828427,0.5725602755453502
26,beta,1,32,0.7,raw,14,0.4431141414576311,0.5963785722550041
6,beta,1,32,0.7,raw,14,0.4473222088732194,0.5817721213583449
34,beta,1,32,0.7,raw,14,0.4507862275904928,0.5637361995443659
46,beta,1,32,0.7,raw,13,0.4595687068549631,0.5483050847457627
39,beta,1,32,0.7,raw,20,0.4331480949266608,0.6266213006941908
47,beta,1,32,0.7,raw,12,0.4500857238445896,0.6161279118807215
49,beta,1,32,0.7,raw,16,0.4458236270662001,0.5852531934306571
36,beta,1,32,0.7,raw,11,0.4413276534872293,0.5520469214353979
22,beta,1,32,0.7,raw,12,0.4359061807573184,0.6230467755891486
18,beta,1,32,0.7,raw,14,0.4582891190038951,0.5041255822394289
40,beta,1,32,0.7,raw,12,0.4563171970839926,0.5269625603864734
30,beta,1,32,0.7,raw,13,0.4502920348886383,0.5913489174171297
10,beta,1,32,0.7,raw,13,0.4373586630723272,0.5960240292314362
23,beta,1,32,0.7,raw,13,0.4569407642484271,0.5621630748079451
25,beta,1,32,0.7,raw,12,0.4310183808385724,0.5635425262787646
27,beta,1,32,0.7,raw,13,0.4526830853167033,0.6332671278222953
5,beta,1,32,0.7,raw,12,0.4387657724028879,0.6291581721445976
45,beta,1,32,0.7,raw,12,0.452412736076125,0.6052188552188552
4,beta,1,32,0.7,raw,12,0.4458097893597603,0.6309125656951744
28,beta,1,32,0.7,raw,11,0.4490265974321055,0.6062760736196319
8,beta,1,32,0.7,raw,13,0.4573892837497972,0.5684787449893601
31,beta,1,32,0.7,raw,13,0.4381905623396843,0.5975093032681184
42,beta,1,32,0.7,raw,13,0.4401868840269745,0.6151975918493362
17,beta,1,32,0.7,raw,19,0.4511617849303354,0.565999708610558
20,beta,1,32,0.7,raw,12,0.4399226075621738,0.5658419792498006
14,beta,1,32,0.7,raw,12,0.4454961531876535,0.5783395075179778
43,beta,1,32,0.7,raw,20,0.4396045000244273,0.6239612511671336
21,beta,1,32,0.7,raw,12,0.4541340806044263,0.5860947643026149
38,beta,1,32,0.7,raw,14,0.4540999053596695,0.619452489956087
3,beta,1,32,0.7,raw,21,0.446998699780521,0.6295943469033379
1,beta,1,32,0.7,raw,11,0.4448157769249042,0.5929450622564395
48,beta,1,32,0.7,raw,11,0.445308166616671,0.568560791015625
2,beta,1,32,0.7,raw,15,0.453984071032006,0.5945462176575154
35,beta,1,32,0.7,raw,13,0.444544497998138,0.6277734809300527
19,beta,1,32,0.7,raw,13,0.4502114977792329,0.5698218061008758
15,beta,1,32,0.7,raw,13,0.4473954224797391,0.5619879708768598
9,beta,1,32,0.7,raw,14,0.4649512222814652,0.5148578733462776
29,beta,1,32,0.7,raw,11,0.4454562808365273,0.6273407335907336
33,beta,1,32,0.7,raw,11,0.4395798394514808,0.6116954291044775
37,beta,1,32,0.7,raw,14,0.4477870683443115,0.6007160260553925
13,beta,1,32,0.7,raw,18,0.445827387238302,0.6089832535885168
32,beta,1,32,0.7,raw,12,0.4466468495390122,0.5953656544301364
11,beta,1,32,0.7,raw,14,0.4576866308868462,0.6181440784304528
24,beta,1,32,0.7,raw,12,0.4407983493023719,0.6068293885601578
16,beta,1,32,0.7,raw,12,0.4517950073182475,0.612143625605164
0,beta,1,32,0.7,raw,30,0.4517722160922752,0.5707633028390422
7,beta,1,32,0.7,raw,15,0.4575441856621797,0.5652945395970452
12,beta,1,32,0.7,raw,13,0.4426758324155814,0.5998539285531239
41,beta,1,32,0.7,raw,13,0.4364188322827287,0.6052509208384831
26,beta,1,32,0.7,raw,15,0.4431643960547169,0.5915422885572139
44,beta,1,32,0.7,raw,13,0.4462154002092954,0.5758897818599311
6,beta,1,32,0.7,raw,15,0.4466015245699026,0.5840400506665059
47,beta,1,32,0.7,raw,13,0.4510809406276021,0.6129028256716862
34,beta,1,32,0.7,raw,15,0.4508728588773622,0.5598691512354694
22,beta,1,32,0.7,raw,13,0.4354908483761235,0.6326029419249759
46,beta,1,32,0.7,raw,14,0.457778336353653,0.5846585244267198
39,beta,1,32,0.7,raw,21,0.4336140945747913,0.6230818414322251
18,beta,1,32,0.7,raw,15,0.4582661142330698,0.4954570201439719
36,beta,1,32,0.7,raw,12,0.441149409015791,0.5655708731000353
49,beta,1,32,0.7,raw,17,0.4467645361893766,0.5765853102189781
30,beta,1,32,0.7,raw,14,0.4496598772971976,0.6047734240275915
10,beta,1,32,0.7,raw,14,0.4373660734093726,0.5957143741871556
23,beta,1,32,0.7,raw,14,0.4572758468405692,0.5536125616565564
40,beta,1,32,0.7,raw,13,0.4563229117204276,0.5005374396135266
27,beta,1,32,0.7,raw,14,0.453897294893417,0.6341803072848893
25,beta,1,32,0.7,raw,13,0.4312412779382128,0.5622776282146674
5,beta,1,32,0.7,raw,13,0.4392814979256726,0.6295683954054994
4,beta,1,32,0.7,raw,13,0.4463012660254972,0.6288762996837531
45,beta,1,32,0.7,raw,13,0.4527806914157122,0.6035465768799102
31,beta,1,32,0.7,raw,14,0.4379802009917366,0.5992287191579775
28,beta,1,32,0.7,raw,12,0.4493634695714608,0.5942331288343559
42,beta,1,32,0.7,raw,14,0.439943641716192,0.6161495317484821
8,beta,1,32,0.7,raw,14,0.4571665213172441,0.5859108229821348
20,beta,1,32,0.7,raw,13,0.4403977985214019,0.5555416999201915
43,beta,1,32,0.7,raw,21,0.4397583643154122,0.6247899159663866
17,beta,1,32,0.7,raw,20,0.4519675203897582,0.5393861395755426
14,beta,1,32,0.7,raw,13,0.4444989754168327,0.5980089688155888
3,beta,1,32,0.7,raw,22,0.4472982902758983,0.6360457264132742
21,beta,1,32,0.7,raw,13,0.4535391000591241,0.5925863010374325
38,beta,1,32,0.7,raw,15,0.454120610975859,0.6250934317481079
1,beta,1,32,0.7,raw,12,0.4468203998101566,0.5881807812945538
35,beta,1,32,0.7,raw,14,0.4447742689543402,0.6220935853434524
2,beta,1,32,0.7,raw,16,0.4545067241001341,0.5865963855421685
19,beta,1,32,0.7,raw,14,0.4496507143425779,0.5774932044699487
48,beta,1,32,0.7,raw,12,0.4445675927241455,0.578515625
15,beta,1,32,0.7,raw,14,0.4475282123133079,0.560525482747705
32,beta,1,32,0.7,raw,13,0.4470522842338629,0.5858759369594464
9,beta,1,32,0.7,raw,15,0.464942408758732,0.5302524150074168
29,beta,1,32,0.7,raw,12,0.4460075041178126,0.6178692084942086
11,beta,1,32,0.7,raw,15,0.4555906103313664,0.6227645327360359
33,beta,1,32,0.7,raw,12,0.4401659630572785,0.6008278917910448
13,beta,1,32,0.7,raw,19,0.4468926953100092,0.6076315789473684
37,beta,1,32,0.7,raw,15,0.4482323971678553,0.594599970165581
24,beta,1,32,0.7,raw,13,0.4414725802386308,0.5839373767258382
12,beta,1,32,0.7,raw,14,0.4421967542508924,0.6139869817026292
16,beta,1,32,0.7,raw,13,0.4521482891964102,0.6008875739644971
7,beta,1,32,0.7,raw,16,0.4571088578282053,0.5731472509218127
6,beta,1,32,0.7,raw,16,0.4464867986444755,0.5798781591169552
44,beta,1,32,0.7,raw,14,0.4458530725435072,0.5733295063145809
34,beta,1,32,0.7,raw,16,0.4505907419756318,0.5560488346281909
26,beta,1,32,0.7,raw,16,0.4435286177881831,0.5647576073122759
41,beta,1,32,0.7,raw,14,0.4369609270468386,0.595026860338477
46,beta,1,32,0.7,raw,15,0.4586854813704544,0.5653414755732802
22,beta,1,32,0.7,raw,14,0.4364257805671274,0.6184659235506693
47,beta,1,32,0.7,raw,14,0.4514010124127161,0.6183234513384108
39,beta,1,32,0.7,raw,22,0.4337551229047979,0.6189029959810011
36,beta,1,32,0.7,raw,13,0.4405810483019797,0.582564183129754
18,beta,1,32,0.7,raw,16,0.4582755926636864,0.4927711572197689
30,beta,1,32,0.7,raw,15,0.4493652104994629,0.5944565529794981
23,beta,1,32,0.7,raw,15,0.4564963250633804,0.5647800865905281
40,beta,1,32,0.7,raw,14,0.4563207891495346,0.50875
10,beta,1,32,0.7,raw,15,0.4378544359455744,0.5858549575772589
49,beta,1,32,0.7,raw,18,0.4460412470557092,0.5933679288321168
27,beta,1,32,0.7,raw,15,0.4536561483735314,0.6340661598520648
25,beta,1,32,0.7,raw,14,0.4306689065327774,0.5813796182307661
31,beta,1,32,0.7,raw,15,0.4387325567598188,0.5785097576851749
4,beta,1,32,0.7,raw,14,0.4467950536000746,0.6171819898527973
28,beta,1,32,0.7,raw,13,0.4497387571461622,0.6025276073619632
5,beta,1,32,0.7,raw,14,0.4395003229862628,0.6314206155835116
20,beta,1,32,0.7,raw,14,0.4401920464110423,0.5560342677573823
8,beta,1,32,0.7,raw,15,0.456776376717429,0.5945711882021082
42,beta,1,32,0.7,raw,15,0.4402500132886201,0.6248842235257795
43,beta,1,32,0.7,raw,22,0.4404032291153648,0.6129201680672269
45,beta,1,32,0.7,raw,14,0.4527211033453239,0.5987654320987654
14,beta,1,32,0.7,raw,14,0.4449952651961387,0.5888566480485371
3,beta,1,32,0.7,raw,23,0.4479694076655669,0.6254461701717152
38,beta,1,32,0.7,raw,16,0.4558529458659047,0.6132626366439315
17,beta,1,32,0.7,raw,21,0.4514258854531319,0.5575736972463697
21,beta,1,32,0.7,raw,14,0.454136246207793,0.5742886610447127
48,beta,1,32,0.7,raw,13,0.4442093553599617,0.58372802734375
35,beta,1,32,0.7,raw,15,0.4455300686372339,0.6162807560303571
19,beta,1,32,0.7,raw,15,0.4501849191918171,0.5686499546964663
2,beta,1,32,0.7,raw,17,0.4541517004411079,0.5832386924748173
1,beta,1,32,0.7,raw,13,0.4467467584198862,0.5876580172987359
15,beta,1,32,0.7,raw,15,0.447570263924583,0.5541627097182652
32,beta,1,32,0.7,raw,14,0.4467412548394004,0.5932394772246781
11,beta,1,32,0.7,raw,16,0.4548718226322614,0.6332250536512143
29,beta,1,32,0.7,raw,13,0.4463816240012001,0.6293677606177606
33,beta,1,32,0.7,raw,13,0.4402961782350228,0.6075559701492538
9,beta,1,32,0.7,raw,16,0.4649591543090848,0.4983899950554155
37,beta,1,32,0.7,raw,16,0.4481802837369124,0.5932947143354382
13,beta,1,32,0.7,raw,20,0.4458489115242389,0.6119019138755981
24,beta,1,32,0.7,raw,14,0.4405520114913806,0.6036242603550296
16,beta,1,32,0.7,raw,14,0.4519359839246071,0.6033082302313072
7,beta,1,32,0.7,raw,17,0.4578592022714958,0.558675106653411
34,beta,1,32,0.7,raw,17,0.4509751192237489,0.5541795665634675
12,beta,1,32,0.7,raw,15,0.442394786950546,0.6037235405668597
26,beta,1,32,0.7,raw,17,0.4431643288058022,0.5820432720120329
6,beta,1,32,0.7,raw,17,0.4464959097212473,0.5796489534953857
44,beta,1,32,0.7,raw,15,0.4458739438976189,0.5812858783008037
22,beta,1,32,0.7,raw,15,0.4371726821176989,0.6113019799460477
46,beta,1,32,0.7,raw,16,0.4586804296663573,0.5648180458624127
39,beta,1,32,0.7,raw,23,0.4333130383171106,0.6318619839240044
36,beta,1,32,0.7,raw,14,0.4408987723361336,0.5641962216723617
47,beta,1,32,0.7,raw,15,0.4520314108422709,0.5981542583542137
41,beta,1,32,0.7,raw,15,0.4371680976210655,0.588822672817827
18,beta,1,32,0.7,raw,17,0.4582515954334812,0.514016090980582
40,beta,1,32,0.7,raw,15,0.4563225198619289,0.4916304347826086
30,beta,1,32,0.7,raw,16,0.4495570691768556,0.5902711247365395
10,beta,1,32,0.7,raw,16,0.4374093404569285,0.5953427881340188
23,beta,1,32,0.7,raw,16,0.4569281274248844,0.5591842641614105
49,beta,1,32,0.7,raw,19,0.4461047503556437,0.5770415145985401
27,beta,1,32,0.7,raw,16,0.4549270182545974,0.6356984681414515
31,beta,1,32,0.7,raw,16,0.4383697889522446,0.5958758581727522
4,beta,1,32,0.7,raw,15,0.4479111090766274,0.6222100880485973
28,beta,1,32,0.7,raw,14,0.449432637254797,0.608760736196319
43,beta,1,32,0.7,raw,23,0.4397612275787948,0.6216619981325863
25,beta,1,32,0.7,raw,15,0.4312970446758436,0.5666878610370811
8,beta,1,32,0.7,raw,16,0.4568269876334881,0.592814371257485
42,beta,1,32,0.7,raw,16,0.43925290102861,0.6349439127302666
20,beta,1,32,0.7,raw,15,0.4395153425465908,0.574733140462889
5,beta,1,32,0.7,raw,15,0.4390598487095182,0.6362314156431804
3,beta,1,32,0.7,raw,24,0.4463852125637737,0.6267967393401505
45,beta,1,32,0.7,raw,15,0.4532449497755825,0.599023569023569
14,beta,1,32,0.7,raw,15,0.4447390059119559,0.5886272665756787
38,beta,1,32,0.7,raw,17,0.4551291048367191,0.6152830981967672
48,beta,1,32,0.7,raw,14,0.4442421782786604,0.58494873046875
17,beta,1,32,0.7,raw,22,0.4520079886882503,0.5400417658200185
19,beta,1,32,0.7,raw,16,0.4497081247123819,0.575040773180308
21,beta,1,32,0.7,raw,15,0.4538462751886051,0.5851968695019111
35,beta,1,32,0.7,raw,16,0.4451583963746116,0.6175013293372649
2,beta,1,32,0.7,raw,18,0.4547952419454433,0.5812388899861742
32,beta,1,32,0.7,raw,15,0.4473938237664325,0.5811671151258889
15,beta,1,32,0.7,raw,16,0.4474679081347634,0.563076923076923
1,beta,1,32,0.7,raw,14,0.4470150008010066,0.5762522573899819
11,beta,1,32,0.7,raw,17,0.4558826260819241,0.6286104628663235
24,beta,1,32,0.7,raw,15,0.4411039921067723,0.5947361932938857
33,beta,1,32,0.7,raw,14,0.4403415938620962,0.5999067164179104
9,beta,1,32,0.7,raw,17,0.4649439631557846,0.5308674730761346
16,beta,1,32,0.7,raw,15,0.4524823762032884,0.5861215707369554
29,beta,1,32,0.7,raw,14,0.4461392541448216,0.6120656370656371
37,beta,1,32,0.7,raw,17,0.4480990345400723,0.5985157376560091
13,beta,1,32,0.7,raw,21,0.4458051098449406,0.619043062200957
12,beta,1,32,0.7,raw,16,0.4425901554422005,0.6047229767823279
7,beta,1,32,0.7,raw,18,0.4569844442021795,0.5865119615418497
6,beta,1,32,0.7,raw,18,0.4460503839368208,0.588877495626998
34,beta,1,32,0.7,raw,18,0.4506571587345152,0.5538057129505227
22,beta,1,32,0.7,raw,16,0.4369624957275652,0.6168499007482058
26,beta,1,32,0.7,raw,18,0.44352564445764,0.5659146129816036
44,beta,1,32,0.7,raw,16,0.4453562330220727,0.5811366245694604
40,beta,1,32,0.7,raw,16,0.4563196952052957,0.499987922705314
46,beta,1,32,0.7,raw,17,0.459359668942968,0.5470588235294117
39,beta,1,32,0.7,raw,24,0.4340779805289416,0.6129544208987943
18,beta,1,32,0.7,raw,18,0.4582106216480827,0.540281894622225
36,beta,1,32,0.7,raw,15,0.4412077229430419,0.5604388411033869
47,beta,1,32,0.7,raw,16,0.4512811338563083,0.6128904214939592
10,beta,1,32,0.7,raw,17,0.438012368040652,0.5770483681179167
30,beta,1,32,0.7,raw,17,0.449579458956542,0.5855168614677141
41,beta,1,32,0.7,raw,16,0.4369724703591301,0.5918452257125025
23,beta,1,32,0.7,raw,17,0.4566185057465693,0.5582315271530047
27,beta,1,32,0.7,raw,17,0.4548178325412281,0.6317147227358857
49,beta,1,32,0.7,raw,20,0.4454430171367426,0.5956546532846716
31,beta,1,32,0.7,raw,17,0.4384581937956752,0.5925844048978789
43,beta,1,32,0.7,raw,24,0.439980508334658,0.6214402427637722
4,beta,1,32,0.7,raw,16,0.4466181236845961,0.6319932655336381
28,beta,1,32,0.7,raw,15,0.4495952023974357,0.5986503067484663
8,beta,1,32,0.7,raw,17,0.4569088698642667,0.5924679566486861
42,beta,1,32,0.7,raw,17,0.4402294168810817,0.6100391067201811
20,beta,1,32,0.7,raw,16,0.4397495880428638,0.5768779928172386
3,beta,1,32,0.7,raw,25,0.4471655821210657,0.6295702295967587
14,beta,1,32,0.7,raw,16,0.4456107161641608,0.5738206925026665
25,beta,1,32,0.7,raw,16,0.4313612849626129,0.5648885942721087
38,beta,1,32,0.7,raw,18,0.4543468182205217,0.6232131178174344
5,beta,1,32,0.7,raw,16,0.4398438306303611,0.6378101536472577
45,beta,1,32,0.7,raw,16,0.4528431344578617,0.6034231200897867
48,beta,1,32,0.7,raw,15,0.4446728445655302,0.574658203125
17,beta,1,32,0.7,raw,23,0.4514074329903412,0.5497061823126609
35,beta,1,32,0.7,raw,17,0.4442216998796338,0.6225044714071639
19,beta,1,32,0.7,raw,17,0.4489847983800864,0.5821685291452734
2,beta,1,32,0.7,raw,19,0.4535730547360898,0.5913736914872605
32,beta,1,32,0.7,raw,16,0.4475059030452508,0.5709206227176629
11,beta,1,32,0.7,raw,18,0.4550506190554079,0.6243476833229745
15,beta,1,32,0.7,raw,17,0.4477509110578323,0.5537321937321937
21,beta,1,32,0.7,raw,16,0.4536783358568937,0.5788873384699387
1,beta,1,32,0.7,raw,15,0.4451016211204429,0.5903787662769698
16,beta,1,32,0.7,raw,16,0.4518435379144962,0.6079343733189886
24,beta,1,32,0.7,raw,16,0.4415833109644298,0.5848249506903354
9,beta,1,32,0.7,raw,18,0.4649581447858121,0.5064520797404696
29,beta,1,32,0.7,raw,15,0.4469559276101537,0.6283180501930502
33,beta,1,32,0.7,raw,15,0.4403379391265229,0.6083372201492537
6,beta,1,32,0.7,raw,19,0.4468375743852992,0.5768743591290186
12,beta,1,32,0.7,raw,17,0.4426853080446425,0.6028266106299011
13,beta,1,32,0.7,raw,22,0.4464722472351796,0.601549043062201
7,beta,1,32,0.7,raw,19,0.4578925274371875,0.5625259554761336
37,beta,1,32,0.7,raw,18,0.4483131568592237,0.600753319079111
44,beta,1,32,0.7,raw,17,0.4460362860016409,0.5737657864523535
22,beta,1,32,0.7,raw,17,0.4367525152484457,0.6315086272713392
26,beta,1,32,0.7,raw,19,0.4436590383546429,0.566099733888696
34,beta,1,32,0.7,raw,19,0.4507819302981845,0.5542613470412991
40,beta,1,32,0.7,raw,17,0.4563257037024907,0.4736594202898551
18,beta,1,32,0.7,raw,19,0.4581619849114411,0.5485572560643639
46,beta,1,32,0.7,raw,18,0.4581950278839105,0.5724950149551347
36,beta,1,32,0.7,raw,16,0.4411012726864197,0.5631750520403754
39,beta,1,32,0.7,raw,25,0.4331632659434183,0.6306288819875776
47,beta,1,32,0.7,raw,17,0.4511762346329545,0.6197003150661142
10,beta,1,32,0.7,raw,18,0.438344888945778,0.5565244317829937
30,beta,1,32,0.7,raw,18,0.449615452623428,0.5878161525196398
23,beta,1,32,0.7,raw,18,0.4569154576393359,0.5582918269636634
41,beta,1,32,0.7,raw,17,0.4368825881528217,0.596434121807658
27,beta,1,32,0.7,raw,18,0.4542866155461431,0.6309556423076044
31,beta,1,32,0.7,raw,18,0.438376553351329,0.5927072203185831
49,beta,1,32,0.7,raw,21,0.4456840437499782,0.5996578467153285
43,beta,1,32,0.7,raw,25,0.4412722088679315,0.6091036414565826
4,beta,1,32,0.7,raw,17,0.446292601723692,0.6229040111027689
28,beta,1,32,0.7,raw,16,0.4495555278704657,0.5966932515337423
42,beta,1,32,0.7,raw,18,0.4392272877550382,0.6288334877019657
20,beta,1,32,0.7,raw,17,0.4393715168094532,0.5782995810055866
8,beta,1,32,0.7,raw,18,0.4573714465482572,0.5749430890285544
3,beta,1,32,0.7,raw,26,0.4483370877868593,0.6231550260466912
14,beta,1,32,0.7,raw,17,0.4451613922732625,0.5853700496610889
48,beta,1,32,0.7,raw,16,0.4442901252353267,0.57376708984375
25,beta,1,32,0.7,raw,17,0.4318999982684595,0.5363844207849132
38,beta,1,32,0.7,raw,19,0.4541388219498666,0.6183546669158181
5,beta,1,32,0.7,raw,17,0.4406437829255061,0.624173337974243
45,beta,1,32,0.7,raw,17,0.4525759922677323,0.5987991021324355
32,beta,1,32,0.7,raw,17,0.4469029817957151,0.5920983086680761
17,beta,1,32,0.7,raw,24,0.4517543220302713,0.5332426788402701
35,beta,1,32,0.7,raw,18,0.445088882517164,0.6142867501329337
19,beta,1,32,0.7,raw,18,0.4497422360899912,0.574823316218665
11,beta,1,32,0.7,raw,19,0.457387149838117,0.6190587876584617
15,beta,1,32,0.7,raw,18,0.4476619780009231,0.5507818930041153
2,beta,1,32,0.7,raw,20,0.4532357935449111,0.5872136085324906
21,beta,1,32,0.7,raw,17,0.4543392584752075,0.5739610507795911
16,beta,1,32,0.7,raw,17,0.4523606101206281,0.5872646584185045
24,beta,1,32,0.7,raw,17,0.4408403330369188,0.5988720414201183
1,beta,1,32,0.7,raw,16,0.4479026755284335,0.5821333523429332
6,beta,1,32,0.7,raw,20,0.4462995966162665,0.5806622836117981
12,beta,1,32,0.7,raw,18,0.4428900869180853,0.5931269540259341
9,beta,1,32,0.7,raw,19,0.4649510139637647,0.5174929750720583
22,beta,1,32,0.7,raw,18,0.4371773347361326,0.6283783783783784
7,beta,1,32,0.7,raw,20,0.4572507706026119,0.5728955614562753
44,beta,1,32,0.7,raw,18,0.445419967800905,0.5814121699196325
29,beta,1,32,0.7,raw,16,0.4451231135483971,0.6382601351351351
13,beta,1,32,0.7,raw,23,0.4457968704369637,0.6178708133971291
33,beta,1,32,0.7,raw,16,0.4398856344658418,0.6043376865671642
34,beta,1,32,0.7,raw,20,0.4508985707219123,0.5488579940417081
26,beta,1,32,0.7,raw,20,0.4434878125456847,0.5731690385282888
40,beta,1,32,0.7,raw,18,0.4563149275370963,0.5132729468599034
18,beta,1,32,0.7,raw,20,0.4582367672484631,0.5184864799467667
37,beta,1,32,0.7,raw,19,0.4486359173904347,0.5869176072795982
39,beta,1,32,0.7,raw,26,0.4341710689099398,0.6096889842893679
47,beta,1,32,0.7,raw,18,0.4514166758209071,0.6168349500111638
46,beta,1,32,0.7,raw,19,0.4587152057050542,0.5584745762711865
36,beta,1,32,0.7,raw,17,0.4410437555523422,0.5696817354646977
23,beta,1,32,0.7,raw,19,0.4565392805144302,0.5621148349594183
30,beta,1,32,0.7,raw,19,0.4500581279934827,0.5932769687679632
10,beta,1,32,0.7,raw,19,0.4377095708265185,0.5880101566854523
41,beta,1,32,0.7,raw,18,0.4372784530450966,0.5917350922062189
31,beta,1,32,0.7,raw,19,0.4386316887374616,0.5935055205531606
27,beta,1,32,0.7,raw,19,0.4544755933459224,0.6283587882108531
43,beta,1,32,0.7,raw,26,0.440772876545026,0.6172619047619048
4,beta,1,32,0.7,raw,18,0.4467815961791735,0.6232794120992879
49,beta,1,32,0.7,raw,22,0.4468629515297446,0.5840214416058395
28,beta,1,32,0.7,raw,17,0.4496661901826127,0.5947361963190183
42,beta,1,32,0.7,raw,19,0.4406350073793967,0.5977024801893588
8,beta,1,32,0.7,raw,19,0.4568459061623208,0.5916019201266888
20,beta,1,32,0.7,raw,18,0.4401244228449176,0.562824221867518
3,beta,1,32,0.7,raw,27,0.4475717288342796,0.63254871695929
48,beta,1,32,0.7,raw,17,0.4434732971366877,0.593768310546875
14,beta,1,32,0.7,raw,18,0.445379419485258,0.5727425995802319
38,beta,1,32,0.7,raw,20,0.4551637593523024,0.613064094179202
25,beta,1,32,0.7,raw,18,0.4315995416896886,0.566403766284717
45,beta,1,32,0.7,raw,18,0.4527771041757192,0.6022446689113355
11,beta,1,32,0.7,raw,20,0.455523882452321,0.6244180455712829
32,beta,1,32,0.7,raw,18,0.4475000258664172,0.5804343647895445
5,beta,1,32,0.7,raw,18,0.4402117983183259,0.6194868479936353
35,beta,1,32,0.7,raw,19,0.4443510283537986,0.6318944264513946
19,beta,1,32,0.7,raw,19,0.4493923846822766,0.5748233162186651
17,beta,1,32,0.7,raw,25,0.4515970546872598,0.5437812636588801
2,beta,1,32,0.7,raw,21,0.4536949880738501,0.5873123642109421
15,beta,1,32,0.7,raw,19,0.4475934855082079,0.5541627097182653
16,beta,1,32,0.7,raw,18,0.4523426734503024,0.5938273265196343
21,beta,1,32,0.7,raw,18,0.4542061962050229,0.5804283200873628
24,beta,1,32,0.7,raw,18,0.4411175551765879,0.5912105522682446
1,beta,1,32,0.7,raw,17,0.446504353153884,0.5776898583784811
6,beta,1,32,0.7,raw,21,0.4460867458668821,0.5849086193377164
22,beta,1,32,0.7,raw,19,0.4368884717313103,0.6219524609355117
12,beta,1,32,0.7,raw,19,0.4427232590197539,0.6009686843319153
44,beta,1,32,0.7,raw,19,0.4458079676973301,0.5866819747416762
7,beta,1,32,0.7,raw,21,0.4582175321663607,0.5513509432062721
34,beta,1,32,0.7,raw,21,0.4508807741836611,0.5497283719843449
26,beta,1,32,0.7,raw,21,0.442928020347326,0.5936943191021636
39,beta,1,32,0.7,raw,27,0.4339138773768733,0.6229790829375229
18,beta,1,32,0.7,raw,21,0.458228442443058,0.5284556288185832
13,beta,1,32,0.7,raw,24,0.4459310886427408,0.6111961722488038
46,beta,1,32,0.7,raw,20,0.458604533703949,0.569005483549352
9,beta,1,32,0.7,raw,20,0.4649589459949382,0.4967920500729628
40,beta,1,32,0.7,raw,19,0.4563148785539453,0.5283937198067633
29,beta,1,32,0.7,raw,17,0.4440253041774252,0.6337837837837839
36,beta,1,32,0.7,raw,18,0.4412151868395191,0.5702839637092023
47,beta,1,32,0.7,raw,19,0.4512076920993758,0.6044431764618323
33,beta,1,32,0.7,raw,17,0.4403377022444668,0.596513526119403
37,beta,1,32,0.7,raw,20,0.4485882024046631,0.5853637312913331
23,beta,1,32,0.7,raw,20,0.4572523511468456,0.5502478322218068
30,beta,1,32,0.7,raw,20,0.4506170486140197,0.5986300057482277
10,beta,1,32,0.7,raw,20,0.4380967804259518,0.5752028240540038
27,beta,1,32,0.7,raw,20,0.4548455491287571,0.6301851471360409
31,beta,1,32,0.7,raw,20,0.4379161830661086,0.5933458605062452
41,beta,1,32,0.7,raw,19,0.4372039201773595,0.59196759627504
43,beta,1,32,0.7,raw,27,0.4397294426158077,0.6244397759103641
4,beta,1,32,0.7,raw,19,0.4470371345684711,0.6238368257001797
28,beta,1,32,0.7,raw,18,0.4499410213126538,0.5965276073619632
49,beta,1,32,0.7,raw,23,0.4466812280545775,0.5894844890510949
8,beta,1,32,0.7,raw,20,0.4566843558485534,0.5912183896669471
42,beta,1,32,0.7,raw,20,0.4398834664553595,0.617435937017598
20,beta,1,32,0.7,raw,19,0.4395124946332771,0.5793595371109338
3,beta,1,32,0.7,raw,28,0.4484872750493967,0.6153048427551611
48,beta,1,32,0.7,raw,18,0.4450688281033256,0.5792724609375
14,beta,1,32,0.7,raw,19,0.4453456431319105,0.588891055269466
38,beta,1,32,0.7,raw,21,0.4552670197298423,0.6167896851350089
25,beta,1,32,0.7,raw,19,0.431662908470825,0.5501968370784237
32,beta,1,32,0.7,raw,19,0.4470312512266765,0.5942485104747262
35,beta,1,32,0.7,raw,20,0.4444956062923615,0.6271813216029389
11,beta,1,32,0.7,raw,21,0.4587689320194421,0.6183668922167627
45,beta,1,32,0.7,raw,19,0.4525112237381365,0.6046913580246913
15,beta,1,32,0.7,raw,20,0.4478589915321943,0.5523520101297879
2,beta,1,32,0.7,raw,22,0.4549547773199467,0.5817943906774639
19,beta,1,32,0.7,raw,20,0.4491746797920275,0.5828571428571429
17,beta,1,32,0.7,raw,26,0.452057732532561,0.5350760040794522
5,beta,1,32,0.7,raw,19,0.4398755565140053,0.6313460295360748
16,beta,1,32,0.7,raw,19,0.4522598656600488,0.599125874125874
24,beta,1,32,0.7,raw,19,0.4409764991345927,0.5958826429980276
21,beta,1,32,0.7,raw,19,0.4533803812090987,0.5905114360249955
6,beta,1,32,0.7,raw,22,0.445932224779799,0.5887809879968635
22,beta,1,32,0.7,raw,20,0.4376508588911685,0.6132742912403929
44,beta,1,32,0.7,raw,20,0.4456569778129359,0.586142365097589
12,beta,1,32,0.7,raw,20,0.4425035021530185,0.6013915227307672
1,beta,1,32,0.7,raw,18,0.4461174766523958,0.5820858283433133
7,beta,1,32,0.7,raw,22,0.458144437994246,0.5539118835181154
34,beta,1,32,0.7,raw,22,0.4505617549444,0.5572638588702612
18,beta,1,32,0.7,raw,22,0.4582542618544499,0.5216260359324904
39,beta,1,32,0.7,raw,28,0.434608012075034,0.6070172634271099
26,beta,1,32,0.7,raw,22,0.4437747471584579,0.5600717343514984
46,beta,1,32,0.7,raw,21,0.4592147573613553,0.5545613160518446
40,beta,1,32,0.7,raw,20,0.4563204952543251,0.5088707729468599
47,beta,1,32,0.7,raw,20,0.451425571866594,0.6148626857525614
36,beta,1,32,0.7,raw,19,0.4411686451886415,0.5567861958812825
13,beta,1,32,0.7,raw,25,0.4457730705615256,0.6140789473684211
29,beta,1,32,0.7,raw,18,0.443643672051427,0.6373914092664092
30,beta,1,32,0.7,raw,21,0.4502527692625973,0.5786908411573098
9,beta,1,32,0.7,raw,21,0.4649604522643577,0.4951760151473124
37,beta,1,32,0.7,raw,21,0.4484587003102736,0.5882228631097409
23,beta,1,32,0.7,raw,21,0.4569638846544763,0.5603902603745825
33,beta,1,32,0.7,raw,18,0.440682890315408,0.6015158582089553
10,beta,1,32,0.7,raw,21,0.4380903858600138,0.5770979129250016
27,beta,1,32,0.7,raw,21,0.4562849162079666,0.6304248567449718
31,beta,1,32,0.7,raw,21,0.438428914427218,0.5938616852732029
41,beta,1,32,0.7,raw,20,0.436818017067552,0.5938521029381172
43,beta,1,32,0.7,raw,28,0.4412100026533229,0.6080999066293185
4,beta,1,32,0.7,raw,20,0.4465997395027381,0.623245284735968
28,beta,1,32,0.7,raw,19,0.4497596635368731,0.607398773006135
42,beta,1,32,0.7,raw,21,0.4396391411319139,0.6242538849439127
49,beta,1,32,0.7,raw,24,0.4466076471292441,0.5770415145985403
8,beta,1,32,0.7,raw,21,0.456569715726153,0.5960558222398179
20,beta,1,32,0.7,raw,20,0.4401559423053547,0.5697077015163607
3,beta,1,32,0.7,raw,29,0.447644102720651,0.6268208566467297
48,beta,1,32,0.7,raw,19,0.4441387367711655,0.586572265625
14,beta,1,32,0.7,raw,20,0.4454673196802421,0.582433966808501
38,beta,1,32,0.7,raw,22,0.4544747080800249,0.6246963468186489
32,beta,1,32,0.7,raw,20,0.4470956970980872,0.5939602152604266
11,beta,1,32,0.7,raw,22,0.4552197542947415,0.6337644975549119
25,beta,1,32,0.7,raw,20,0.4317943420114999,0.5759006480066018
15,beta,1,32,0.7,raw,21,0.4476106803561545,0.5551123773345995
2,beta,1,32,0.7,raw,23,0.4542004549366039,0.5783996642306932
35,beta,1,32,0.7,raw,21,0.4453279592942634,0.623700874945618
19,beta,1,32,0.7,raw,21,0.4491958944062572,0.5796254907882815
45,beta,1,32,0.7,raw,20,0.4523929075105047,0.6034792368125701
17,beta,1,32,0.7,raw,27,0.4518305111850523,0.5453839055898207
5,beta,1,32,0.7,raw,20,0.438777013528527,0.6368281040226742
16,beta,1,32,0.7,raw,20,0.4528528086568559,0.5823964497041421
24,beta,1,32,0.7,raw,20,0.4413540058107182,0.5836785009861932
6,beta,1,32,0.7,raw,23,0.4464132858111792,0.581060377586103
7,beta,1,32,0.7,raw,23,0.4580967050273987,0.557114631967079
21,beta,1,32,0.7,raw,20,0.4530909953018832,0.5888127161317721
44,beta,1,32,0.7,raw,21,0.4465310840754548,0.5725373134328358
12,beta,1,32,0.7,raw,21,0.4429029896951982,0.5935754189944135
22,beta,1,32,0.7,raw,21,0.4371810840629443,0.6255535196213162
34,beta,1,32,0.7,raw,23,0.4509163665577788,0.5424090192184123
1,beta,1,32,0.7,raw,19,0.4461695972371794,0.5886916642904667
47,beta,1,32,0.7,raw,21,0.4518798293914837,0.6180505594284156
39,beta,1,32,0.7,raw,29,0.433199660456763,0.6311426744610888
18,beta,1,32,0.7,raw,23,0.4582011256129618,0.5395680842054322
26,beta,1,32,0.7,raw,23,0.4429588693529352,0.5968876547495083
46,beta,1,32,0.7,raw,22,0.4584397026378345,0.5709621136590229
40,beta,1,32,0.7,raw,21,0.4563229443752873,0.4921316425120773
36,beta,1,32,0.7,raw,20,0.4413489583062031,0.5632405116321695
23,beta,1,32,0.7,raw,22,0.4571832746361327,0.5530819233227607
30,beta,1,32,0.7,raw,22,0.4500645842830378,0.586558727725618
13,beta,1,32,0.7,raw,26,0.4458448005995976,0.6098325358851675
9,beta,1,32,0.7,raw,22,0.4649622950341386,0.4981849756991763
29,beta,1,32,0.7,raw,19,0.4448997860483352,0.6242760617760619
37,beta,1,32,0.7,raw,22,0.4491291288456273,0.5766993187807667
27,beta,1,32,0.7,raw,22,0.4539259211993556,0.6347510444490104
33,beta,1,32,0.7,raw,19,0.4403116275191208,0.6033232276119402
10,beta,1,32,0.7,raw,22,0.4376501438813968,0.5879915773827956
31,beta,1,32,0.7,raw,22,0.4387593706059539,0.5796519410977242
43,beta,1,32,0.7,raw,29,0.440273147134801,0.6219887955182073
4,beta,1,32,0.7,raw,21,0.4477491971333013,0.6113462107250928
41,beta,1,32,0.7,raw,21,0.4367706998113271,0.5996157564336323
42,beta,1,32,0.7,raw,22,0.4402047743911452,0.6101806112997838
28,beta,1,32,0.7,raw,20,0.4499160993032781,0.5995705521472392
3,beta,1,32,0.7,raw,30,0.4481804167294559,0.6336822303685125
20,beta,1,32,0.7,raw,21,0.4401596493330758,0.5639465283320032
8,beta,1,32,0.7,raw,22,0.4571885873308374,0.586616024150047
48,beta,1,32,0.7,raw,20,0.4442529118699541,0.5749267578124999
49,beta,1,32,0.7,raw,25,0.4460212688720397,0.5830976277372263
14,beta,1,32,0.7,raw,21,0.4452689802085755,0.5865628333199527
38,beta,1,32,0.7,raw,23,0.4553733653830573,0.6187167149397366
11,beta,1,32,0.7,raw,23,0.4559818675290517,0.6282996962696282
32,beta,1,32,0.7,raw,21,0.4473303702189257,0.5884345569863539
15,beta,1,32,0.7,raw,22,0.4477110730965014,0.5572016460905349
19,beta,1,32,0.7,raw,22,0.4499530264391378,0.5676472364844458
2,beta,1,32,0.7,raw,24,0.4543921248607753,0.5818684574363026
35,beta,1,32,0.7,raw,22,0.4453984395137715,0.6251510610528351
25,beta,1,32,0.7,raw,21,0.4314139103028021,0.5817042979477536
45,beta,1,32,0.7,raw,21,0.4525779348511628,0.6039506172839506
16,beta,1,32,0.7,raw,21,0.4519097870380389,0.6021247982786444
24,beta,1,32,0.7,raw,21,0.4410556650019993,0.5909516765285996
17,beta,1,32,0.7,raw,28,0.4522787446006871,0.4976263901704628
5,beta,1,32,0.7,raw,21,0.4400601750645486,0.6346153846153846
6,beta,1,32,0.7,raw,24,0.4463327999928492,0.5866095663188371
7,beta,1,32,0.7,raw,24,0.4585668409728802,0.5434101405685664
44,beta,1,32,0.7,raw,22,0.446412584836005,0.5713777267508611
12,beta,1,32,0.7,raw,22,0.4434810085068726,0.5784173030598125
47,beta,1,32,0.7,raw,22,0.4523031246146111,0.6055471482795406
22,beta,1,32,0.7,raw,22,0.4376914422929281,0.6200819463531327
21,beta,1,32,0.7,raw,21,0.4534952032598914,0.5834617484681187
39,beta,1,32,0.7,raw,30,0.4340042542334771,0.6181151808549508
34,beta,1,32,0.7,raw,24,0.4508874665576114,0.5548688591623343
23,beta,1,32,0.7,raw,23,0.4571272920296015,0.5593410436691229
46,beta,1,32,0.7,raw,23,0.4586152398242379,0.567023928215354
18,beta,1,32,0.7,raw,24,0.4581894504233462,0.5298409049664268
26,beta,1,32,0.7,raw,24,0.4429175910808478,0.5958463496471134
36,beta,1,32,0.7,raw,21,0.4415881195789223,0.5535655839650183
40,beta,1,32,0.7,raw,22,0.4563236464542057,0.4876388888888888
1,beta,1,32,0.7,raw,20,0.446992715923434,0.5760859233913126
30,beta,1,32,0.7,raw,23,0.4503761474452885,0.5958397202529221
31,beta,1,32,0.7,raw,23,0.4386345593554151,0.5904412758065903
27,beta,1,32,0.7,raw,23,0.4555306865267066,0.6247403145903249
13,beta,1,32,0.7,raw,27,0.4458122460853777,0.6133014354066986
10,beta,1,32,0.7,raw,23,0.4380554862117423,0.5803307115872918
43,beta,1,32,0.7,raw,30,0.4401449056726845,0.6142857142857143
37,beta,1,32,0.7,raw,23,0.4479080983015136,0.607030978071702
29,beta,1,32,0.7,raw,20,0.4454022534586629,0.6184966216216216
9,beta,1,32,0.7,raw,23,0.4649533855751451,0.5106067366948468
33,beta,1,32,0.7,raw,20,0.4394169262706169,0.6141324626865672
4,beta,1,32,0.7,raw,22,0.4463431327669731,0.629285828043592
28,beta,1,32,0.7,raw,21,0.449775765102436,0.6053251533742332
42,beta,1,32,0.7,raw,23,0.4394769619728708,0.6248456313677061
8,beta,1,32,0.7,raw,23,0.4573717071881735,0.5833374573167714
41,beta,1,32,0.7,raw,22,0.4364876615128474,0.5985878437083175
20,beta,1,32,0.7,raw,22,0.4393354470260513,0.5806564245810055
48,beta,1,32,0.7,raw,21,0.4436438231979848,0.5862060546875
11,beta,1,32,0.7,raw,24,0.4575081317991889,0.6184958896719948
15,beta,1,32,0.7,raw,23,0.4475002922557963,0.563798670465337
38,beta,1,32,0.7,raw,24,0.4552561039449952,0.6003573764365131
19,beta,1,32,0.7,raw,23,0.450330933108217,0.5663424947145879
14,beta,1,32,0.7,raw,22,0.4453018588752249,0.5846819052425136
49,beta,1,32,0.7,raw,26,0.4465344044714566,0.5935903284671533
35,beta,1,32,0.7,raw,23,0.4450481198846601,0.6217068690481946
32,beta,1,32,0.7,raw,22,0.4475510531877935,0.5834254276379012
2,beta,1,32,0.7,raw,25,0.45441999858008,0.5792514319573376
7,beta,1,32,0.7,raw,25,0.457776171704338,0.5602985037061274
25,beta,1,32,0.7,raw,22,0.4321172852758573,0.5474100028409475
16,beta,1,32,0.7,raw,22,0.4524932601068478,0.5966043571812802
24,beta,1,32,0.7,raw,22,0.4407584238615934,0.5962031558185404
47,beta,1,32,0.7,raw,23,0.4515904718203115,0.6174675630752438
45,beta,1,32,0.7,raw,22,0.4528342169009029,0.6040740740740742
23,beta,1,32,0.7,raw,24,0.4565161059631285,0.5665287810996273
31,beta,1,32,0.7,raw,24,0.4382009000784624,0.5962811490610761
6,beta,1,32,0.7,raw,25,0.4467182558102991,0.5753423005006333
17,beta,1,32,0.7,raw,29,0.4514489252154343,0.5495604875916663
44,beta,1,32,0.7,raw,23,0.4463967291511321,0.5779678530424799
27,beta,1,32,0.7,raw,24,0.4554492926653768,0.6273428760587174
12,beta,1,32,0.7,raw,23,0.4429625192839794,0.6000333145405157
5,beta,1,32,0.7,raw,22,0.4419876253480064,0.6306250310775197
22,beta,1,32,0.7,raw,23,0.438159156561681,0.6105894029622843
34,beta,1,32,0.7,raw,25,0.4510493752112299,0.4963958175127052
18,beta,1,32,0.7,raw,25,0.4583398717356079,0.4818099328534269
46,beta,1,32,0.7,raw,24,0.4584634787564793,0.5709621136590228
26,beta,1,32,0.7,raw,25,0.4429448748685523,0.5901885919241004
21,beta,1,32,0.7,raw,22,0.4540547500600069,0.5739974519201602
36,beta,1,32,0.7,raw,22,0.4410051701052352,0.575337444195698
40,beta,1,32,0.7,raw,23,0.4562755760444649,0.5888888888888889
1,beta,1,32,0.7,raw,21,0.4470414678585195,0.582430377340557
30,beta,1,32,0.7,raw,24,0.4499736745074629,0.585409082199655
13,beta,1,32,0.7,raw,28,0.4463963619601788,0.6124401913875599
10,beta,1,32,0.7,raw,24,0.4378842811907629,0.5874156190004335
15,beta,1,32,0.7,raw,24,0.4476890059332234,0.5631908831908832
29,beta,1,32,0.7,raw,21,0.4451976092517715,0.6250482625482625
11,beta,1,32,0.7,raw,25,0.4562008478522209,0.6254031170476001
19,beta,1,32,0.7,raw,24,0.4500449502535138,0.5631168831168831
37,beta,1,32,0.7,raw,24,0.4489984054855716,0.5844686987220924
33,beta,1,32,0.7,raw,21,0.4400426682461222,0.600058302238806
9,beta,1,32,0.7,raw,24,0.4649580646648235,0.5015738250581893
35,beta,1,32,0.7,raw,24,0.4444939803873369,0.6310363996712911
42,beta,1,32,0.7,raw,24,0.4400747691913163,0.6172944324379952
28,beta,1,32,0.7,raw,22,0.4498570261430833,0.5912269938650307
4,beta,1,32,0.7,raw,23,0.4468720716100391,0.6277955998452892
8,beta,1,32,0.7,raw,24,0.4574980023345691,0.5780917503835306
20,beta,1,32,0.7,raw,23,0.4392496273623228,0.5860809058260175
48,beta,1,32,0.7,raw,22,0.4432983356419631,0.5843505859375
41,beta,1,32,0.7,raw,23,0.4374278724342381,0.5909274464934715
7,beta,1,32,0.7,raw,26,0.4574150690864069,0.5751985200659426
38,beta,1,32,0.7,raw,25,0.4547669980268094,0.6108567691301504
14,beta,1,32,0.7,raw,23,0.4448263794294824,0.5940636074824236
23,beta,1,32,0.7,raw,25,0.4569522104630797,0.5606073396929534
49,beta,1,32,0.7,raw,27,0.4470536841770291,0.5759238138686131
32,beta,1,32,0.7,raw,23,0.4471640992189839,0.5870771670190275
47,beta,1,32,0.7,raw,24,0.4529864658498121,0.6072093080949663
31,beta,1,32,0.7,raw,25,0.4391162683274153,0.5805976198371469
2,beta,1,32,0.7,raw,26,0.454441263438509,0.5767208176970176
27,beta,1,32,0.7,raw,25,0.4542227306526162,0.6401616327648791
24,beta,1,32,0.7,raw,23,0.441029700298745,0.5937006903353057
16,beta,1,32,0.7,raw,23,0.4525234735048715,0.5907073695535234
25,beta,1,32,0.7,raw,23,0.4312942461452543,0.5877920426412695
45,beta,1,32,0.7,raw,23,0.4533839965424124,0.6000561167227834
44,beta,1,32,0.7,raw,24,0.4457734215520661,0.5741791044776119
12,beta,1,32,0.7,raw,24,0.44291158573051,0.5988032391984008
6,beta,1,32,0.7,raw,26,0.4460859775701197,0.5855479823873575
34,beta,1,32,0.7,raw,26,0.4509108312523323,0.5387347391786903
17,beta,1,32,0.7,raw,30,0.4516577973175307,0.5423364576756835
18,beta,1,32,0.7,raw,26,0.4581778237202172,0.5313774121347771
22,beta,1,32,0.7,raw,24,0.4376399633774473,0.6258080114012318
5,beta,1,32,0.7,raw,23,0.4403567200839776,0.6350256078762866
26,beta,1,32,0.7,raw,26,0.4432386662518247,0.5796135601064445
15,beta,1,32,0.7,raw,25,0.4479176129471593,0.5466666666666666
46,beta,1,32,0.7,raw,25,0.4591115572420886,0.5560817547357926
19,beta,1,32,0.7,raw,25,0.449494467998278,0.574122621564482
36,beta,1,32,0.7,raw,23,0.4411269291592077,0.5743555503187883
11,beta,1,32,0.7,raw,26,0.456562633396889,0.6252272114268291
40,beta,1,32,0.7,raw,24,0.4563281038137678,0.4621497584541063
21,beta,1,32,0.7,raw,23,0.4538275107078972,0.5816174240126191
35,beta,1,32,0.7,raw,25,0.4456206978514003,0.6247401749891237
1,beta,1,32,0.7,raw,22,0.4472428195253293,0.5893926432848589
30,beta,1,32,0.7,raw,25,0.4504815968386178,0.6031806859551638
10,beta,1,32,0.7,raw,25,0.4379346425564948,0.5777667678206478
13,beta,1,32,0.7,raw,29,0.4465564786372916,0.608133971291866
7,beta,1,32,0.7,raw,27,0.4572922540051187,0.5771365289505808
29,beta,1,32,0.7,raw,22,0.4450655804755025,0.6222007722007723
9,beta,1,32,0.7,raw,25,0.464967518846169,0.4944041775708824
33,beta,1,32,0.7,raw,22,0.4406214970929665,0.5990788246268656
42,beta,1,32,0.7,raw,25,0.4399729388216626,0.6127405577853247
37,beta,1,32,0.7,raw,25,0.4486099097816803,0.590379642981453
28,beta,1,32,0.7,raw,23,0.449643605882079,0.6042331288343558
20,beta,1,32,0.7,raw,24,0.4395765851694564,0.5768281125299282
23,beta,1,32,0.7,raw,26,0.4572172520018319,0.5519844667687744
4,beta,1,32,0.7,raw,24,0.4476716476641698,0.625122289718563
31,beta,1,32,0.7,raw,26,0.4384441066361095,0.5944020731243015
47,beta,1,32,0.7,raw,25,0.4509748383658829,0.6144037311766604
8,beta,1,32,0.7,raw,25,0.4566753338364882,0.5942247735933093
48,beta,1,32,0.7,raw,23,0.4440696001928153,0.58214111328125
27,beta,1,32,0.7,raw,26,0.455382789495979,0.6283245439810059
41,beta,1,32,0.7,raw,24,0.4370007391035171,0.5886391169740208
38,beta,1,32,0.7,raw,26,0.4541194296982694,0.6223488741474353
14,beta,1,32,0.7,raw,24,0.4452121521169099,0.5858746889013775
32,beta,1,32,0.7,raw,24,0.4470165175323979,0.5933836248318278
49,beta,1,32,0.7,raw,28,0.4468144635898923,0.583462591240876
2,beta,1,32,0.7,raw,27,0.4549160124217398,0.5733507801698597
16,beta,1,32,0.7,raw,24,0.452555166591005,0.5912183969876278
19,beta,1,32,0.7,raw,26,0.4500022192741347,0.5703292056780429
15,beta,1,32,0.7,raw,26,0.44755894400616,0.5655713833491611
11,beta,1,32,0.7,raw,27,0.4571884569587001,0.6208061168247863
24,beta,1,32,0.7,raw,24,0.4409830714899449,0.5970537475345168
25,beta,1,32,0.7,raw,24,0.4318046775901106,0.5693258837376046
45,beta,1,32,0.7,raw,24,0.4534396033103529,0.5942312008978676
35,beta,1,32,0.7,raw,26,0.4447277479528711,0.6152414559868518
44,beta,1,32,0.7,raw,25,0.4465707436742342,0.5764293915040184
12,beta,1,32,0.7,raw,25,0.4426358911671249,0.611270565322126
6,beta,1,32,0.7,raw,27,0.446625380390175,0.5755473792146693
5,beta,1,32,0.7,raw,24,0.4399931916338687,0.6390159614141514
34,beta,1,32,0.7,raw,27,0.4508585812302725,0.5554237981190491
26,beta,1,32,0.7,raw,27,0.443357072731796,0.5744186046511628
22,beta,1,32,0.7,raw,25,0.4372740570831121,0.6341426171934648
18,beta,1,32,0.7,raw,27,0.4583316788499043,0.4978706672312625
7,beta,1,32,0.7,raw,28,0.4578744983029877,0.5717692510979954
36,beta,1,32,0.7,raw,24,0.4418200013763302,0.5419530523807653
46,beta,1,32,0.7,raw,26,0.4589357228567445,0.5553215353938186
40,beta,1,32,0.7,raw,25,0.4563229770301447,0.5106642512077295
1,beta,1,32,0.7,raw,23,0.4469143350002037,0.5897490732820074
21,beta,1,32,0.7,raw,24,0.4533369127855682,0.5844627798337682
31,beta,1,32,0.7,raw,27,0.4386208345743217,0.5955196934527098
23,beta,1,32,0.7,raw,27,0.4566623470468719,0.5638635294685175
30,beta,1,32,0.7,raw,26,0.4508169850906789,0.5853372293542825
47,beta,1,32,0.7,raw,26,0.4523859409559752,0.6052928626361358
27,beta,1,32,0.7,raw,27,0.4543531315773794,0.6295345067689428
10,beta,1,32,0.7,raw,26,0.4384862987907153,0.5586300860841023
13,beta,1,32,0.7,raw,30,0.4464662062585243,0.6021411483253587
9,beta,1,32,0.7,raw,26,0.4649464790245379,0.5250786912529095
33,beta,1,32,0.7,raw,23,0.4407796378716402,0.6059001865671642
29,beta,1,32,0.7,raw,23,0.4444838728237262,0.6306708494208494
37,beta,1,32,0.7,raw,26,0.4486766529708956,0.5911441499676793
42,beta,1,32,0.7,raw,26,0.4401012811810706,0.6100262426674901
20,beta,1,32,0.7,raw,25,0.4396155332761388,0.5809432362330407
8,beta,1,32,0.7,raw,26,0.4571580303443529,0.5887192557034691
28,beta,1,32,0.7,raw,24,0.4495467439804901,0.6112331288343558
4,beta,1,32,0.7,raw,25,0.4471096616454458,0.6196391600118308
48,beta,1,32,0.7,raw,24,0.4441724874831946,0.58150634765625
41,beta,1,32,0.7,raw,25,0.4368015743051269,0.597254004576659
38,beta,1,32,0.7,raw,27,0.4548620603355747,0.6057063440156965
14,beta,1,32,0.7,raw,25,0.4459354326805735,0.5701620580105744
15,beta,1,32,0.7,raw,27,0.4477308261126967,0.5571509971509971
32,beta,1,32,0.7,raw,25,0.4475989952555093,0.582620603497982
49,beta,1,32,0.7,raw,29,0.4466700357279234,0.5918681569343066
11,beta,1,32,0.7,raw,28,0.4567232642927832,0.6220257291287982
19,beta,1,32,0.7,raw,27,0.449880560282788,0.5742796738145575
2,beta,1,32,0.7,raw,28,0.4540332865916482,0.5814734347224966
35,beta,1,32,0.7,raw,27,0.4448854339385718,0.6215014260163388
7,beta,1,32,0.7,raw,29,0.4583794198563,0.5389048991354467
16,beta,1,32,0.7,raw,25,0.4526798758564565,0.5910973641742872
24,beta,1,32,0.7,raw,25,0.4399951728371779,0.6136834319526627
45,beta,1,32,0.7,raw,25,0.4530424832155691,0.5994388327721661
25,beta,1,32,0.7,raw,25,0.4318402549358744,0.585532812943898
5,beta,1,32,0.7,raw,25,0.4397668862811834,0.6177589378946845
23,beta,1,32,0.7,raw,28,0.4561924858944456,0.5692905124277909
47,beta,1,32,0.7,raw,27,0.4529024597116757,0.6058324443672629
31,beta,1,32,0.7,raw,28,0.4385970699835606,0.5892192623705832
6,beta,1,32,0.7,raw,28,0.4464009017543845,0.5826165631220218
44,beta,1,32,0.7,raw,26,0.4458382832023618,0.580390355912744
12,beta,1,32,0.7,raw,26,0.4433636770165732,0.5813835784941828
26,beta,1,32,0.7,raw,28,0.4432799650488951,0.572428554899919
22,beta,1,32,0.7,raw,26,0.4371743522941157,0.6374510103323663
36,beta,1,32,0.7,raw,25,0.4412042949120755,0.5689878637916814
27,beta,1,32,0.7,raw,28,0.4541056643064914,0.637707462959158
34,beta,1,32,0.7,raw,28,0.4510168164156717,0.5100998890122087
18,beta,1,32,0.7,raw,28,0.4581530245214734,0.5586594882342266
40,beta,1,32,0.7,raw,26,0.4563277609415011,0.4732246376811594
21,beta,1,32,0.7,raw,25,0.4528474121903882,0.5812534126069283
1,beta,1,32,0.7,raw,24,0.4480068943906665,0.5777611443779108
46,beta,1,32,0.7,raw,27,0.4592214743009986,0.550660518444666
9,beta,1,32,0.7,raw,27,0.4649381141089337,0.5515261882077691
30,beta,1,32,0.7,raw,27,0.4509184649990958,0.5708708564859167
33,beta,1,32,0.7,raw,24,0.4405474114249871,0.5996385261194029
29,beta,1,32,0.7,raw,24,0.4467854816967179,0.615160472972973
10,beta,1,32,0.7,raw,27,0.4379735835744636,0.5730166594413824
37,beta,1,32,0.7,raw,27,0.4484510246922268,0.5929839391377852
15,beta,1,32,0.7,raw,28,0.447953557188266,0.5545679012345679
41,beta,1,32,0.7,raw,26,0.436068423583738,0.6061136333043722
8,beta,1,32,0.7,raw,27,0.4578321726090769,0.5739842628792003
19,beta,1,32,0.7,raw,28,0.449550522731553,0.5836786469344608
42,beta,1,32,0.7,raw,27,0.4408290093155185,0.5976638880312853
28,beta,1,32,0.7,raw,25,0.4503833601432681,0.5897300613496932
20,beta,1,32,0.7,raw,26,0.4394234371753687,0.584098164405427
48,beta,1,32,0.7,raw,25,0.4436696181228985,0.5814208984375
4,beta,1,32,0.7,raw,26,0.4470359012397785,0.6282165039929015
11,beta,1,32,0.7,raw,29,0.456562731310024,0.6220843643357217
35,beta,1,32,0.7,raw,28,0.4465282642222764,0.6150843524919031
38,beta,1,32,0.7,raw,28,0.4556567070895067,0.5957792207792206
49,beta,1,32,0.7,raw,30,0.4471790613088647,0.5673129562043796
32,beta,1,32,0.7,raw,26,0.4473643631204856,0.586788871804728
14,beta,1,32,0.7,raw,26,0.445233973890995,0.5833629617735775
7,beta,1,32,0.7,raw,30,0.458187515370144,0.5561582119980368
2,beta,1,32,0.7,raw,29,0.4537200637799413,0.5855100730792021
23,beta,1,32,0.7,raw,29,0.4574497458732534,0.54865591722042
47,beta,1,32,0.7,raw,28,0.4527505280951333,0.6155573197052768
31,beta,1,32,0.7,raw,29,0.4397892323614369,0.5733760730997384
45,beta,1,32,0.7,raw,26,0.4533599869025342,0.6027272727272728
5,beta,1,32,0.7,raw,26,0.440173630809664,0.6274799860772712
25,beta,1,32,0.7,raw,26,0.4325133429381947,0.5577997537845479
27,beta,1,32,0.7,raw,29,0.455827791350578,0.6418167705408305
16,beta,1,32,0.7,raw,26,0.4527665232977174,0.5859601936525014
24,beta,1,32,0.7,raw,26,0.4411728841271198,0.5898545364891519
6,beta,1,32,0.7,raw,29,0.4466203424139881,0.5782857832197358
22,beta,1,32,0.7,raw,27,0.4375351823556895,0.6306306306306306
12,beta,1,32,0.7,raw,27,0.4427696036032735,0.5997834554866486
26,beta,1,32,0.7,raw,29,0.4431596717936398,0.5997685988661344
44,beta,1,32,0.7,raw,27,0.4455216903565305,0.5759242250287026
34,beta,1,32,0.7,raw,29,0.4502315713509531,0.5604299316548864
1,beta,1,32,0.7,raw,25,0.4477349363612056,0.5819788993441688
21,beta,1,32,0.7,raw,26,0.4525262889285862,0.5987380937936055
18,beta,1,32,0.7,raw,29,0.4581683107436567,0.5418063033089346
15,beta,1,32,0.7,raw,29,0.4479897979060043,0.552605254827477
36,beta,1,32,0.7,raw,26,0.4419537246427603,0.5443554193996046
19,beta,1,32,0.7,raw,29,0.4491721087581968,0.5731319842947749
9,beta,1,32,0.7,raw,28,0.4649302297978316,0.5448630591299943
33,beta,1,32,0.7,raw,25,0.4403149271316722,0.6019006529850748
29,beta,1,32,0.7,raw,25,0.4451967557432019,0.6131394787644788
40,beta,1,32,0.7,raw,27,0.4563205115818416,0.4842934782608695
46,beta,1,32,0.7,raw,28,0.4594284020089884,0.548654037886341
35,beta,1,32,0.7,raw,29,0.447016750875232,0.6184620776332963
37,beta,1,32,0.7,raw,28,0.4490648420640453,0.5817463079906519
30,beta,1,32,0.7,raw,28,0.4506886193686479,0.5942589576547231
11,beta,1,32,0.7,raw,30,0.4566091397724147,0.6221781806667995
10,beta,1,32,0.7,raw,28,0.4380615241178227,0.581433083544931
41,beta,1,32,0.7,raw,27,0.4371236476664559,0.5948983712478126
47,beta,1,32,0.7,raw,29,0.4520496235715423,0.618583939070679
8,beta,1,32,0.7,raw,28,0.4577193989007189,0.572128470332063
42,beta,1,32,0.7,raw,28,0.4398180146082358,0.6164582690130698
23,beta,1,32,0.7,raw,30,0.4573228020231666,0.5540829001796934
31,beta,1,32,0.7,raw,30,0.4389310999917966,0.5913808137749776
28,beta,1,32,0.7,raw,26,0.4497744730227679,0.6117914110429448
48,beta,1,32,0.7,raw,26,0.4436090749288328,0.58685302734375
4,beta,1,32,0.7,raw,27,0.4471807774185741,0.6230063931927288
38,beta,1,32,0.7,raw,29,0.4539446323732054,0.6170816593478463
20,beta,1,32,0.7,raw,27,0.4402565118729405,0.5670765163607342
27,beta,1,32,0.7,raw,30,0.4553466953954376,0.6344656758669498
32,beta,1,32,0.7,raw,27,0.4476244457457689,0.583065058620027
14,beta,1,32,0.7,raw,27,0.4449551302812455,0.5878129623470312
19,beta,1,32,0.7,raw,30,0.4494662888215594,0.5749562065841135
2,beta,1,32,0.7,raw,30,0.4542323918716743,0.5862507406675884
15,beta,1,32,0.7,raw,30,0.4476024242482913,0.5615954415954416
5,beta,1,32,0.7,raw,27,0.4409985642896364,0.6299661876584953
25,beta,1,32,0.7,raw,27,0.4321509576548318,0.559098472652498
35,beta,1,32,0.7,raw,30,0.4444417135913053,0.6291632426161358
45,beta,1,32,0.7,raw,27,0.4528402222860616,0.5994612794612795
47,beta,1,32,0.7,raw,30,0.452375070940293,0.613932372423032
24,beta,1,32,0.7,raw,27,0.4412125694241344,0.5914940828402366
16,beta,1,32,0.7,raw,27,0.4530552119740962,0.5842253899946207
6,beta,1,32,0.7,raw,30,0.4465639198713106,0.5762108691718439
1,beta,1,32,0.7,raw,26,0.44710299604479,0.5914599372683205
22,beta,1,32,0.7,raw,28,0.4378818140155834,0.632361174734056
21,beta,1,32,0.7,raw,27,0.452473056344064,0.5839470970090397
29,beta,1,32,0.7,raw,26,0.4450574278208314,0.6281249999999999
34,beta,1,32,0.7,raw,30,0.4506257289716562,0.6003388048367311
26,beta,1,32,0.7,raw,30,0.443471331471861,0.5796945505032975
33,beta,1,32,0.7,raw,26,0.4407672645651675,0.604384328358209
12,beta,1,32,0.7,raw,28,0.4431622104597669,0.5986751063502639
9,beta,1,32,0.7,raw,29,0.4649523279661591,0.5125061807305925
18,beta,1,32,0.7,raw,30,0.4582063452045687,0.5326356542253947
44,beta,1,32,0.7,raw,28,0.4459850853684218,0.5791504018369691
37,beta,1,32,0.7,raw,29,0.4493583130689471,0.5765377156779872
36,beta,1,32,0.7,raw,27,0.4417359462719671,0.559653326001859
46,beta,1,32,0.7,raw,29,0.4589681419586187,0.5583499501495512
41,beta,1,32,0.7,raw,28,0.4371923148085724,0.5890429398303944
30,beta,1,32,0.7,raw,29,0.451134271417033,0.5901154435715654
10,beta,1,32,0.7,raw,29,0.438360423996302,0.5701987985384283
40,beta,1,32,0.7,raw,28,0.4563274343962457,0.489987922705314
42,beta,1,32,0.7,raw,29,0.4407643571258174,0.5938689924873932
38,beta,1,32,0.7,raw,30,0.4548537884269197,0.6160188732131178
14,beta,1,32,0.7,raw,28,0.4447893951888083,0.5970226284822976
8,beta,1,32,0.7,raw,29,0.4573184195262195,0.5797001039243828
28,beta,1,32,0.7,raw,27,0.4502455379248039,0.5996932515337423
48,beta,1,32,0.7,raw,27,0.4441207029090214,0.5778076171875001
4,beta,1,32,0.7,raw,28,0.4473354668205132,0.6280913703273951
20,beta,1,32,0.7,raw,28,0.440031628772374,0.5690467877094971
22,beta,1,32,0.7,raw,29,0.4380530880344044,0.6363948694457169
32,beta,1,32,0.7,raw,28,0.4472545139315246,0.5897438977512973
45,beta,1,32,0.7,raw,28,0.453082707503177,0.5995959595959596
5,beta,1,32,0.7,raw,28,0.4399729388216626,0.6295311023817811
25,beta,1,32,0.7,raw,28,0.4319897788701827,0.5697046767407568
46,beta,1,32,0.7,raw,30,0.4591136669107235,0.5509970089730807
10,beta,1,32,0.7,raw,30,0.4376345495681914,0.5889019632129807
30,beta,1,32,0.7,raw,30,0.450451858473738,0.5804632113431691
29,beta,1,32,0.7,raw,27,0.4452448341759644,0.6222611003861005
1,beta,1,32,0.7,raw,27,0.4465985716979287,0.5854600323163197
42,beta,1,32,0.7,raw,30,0.4396599346540366,0.6245240300504271
21,beta,1,32,0.7,raw,28,0.4537223298854915,0.5619486743917976
24,beta,1,32,0.7,raw,28,0.4408051778471054,0.5912475345167653
16,beta,1,32,0.7,raw,28,0.452139423849014,0.6065155997848305
33,beta,1,32,0.7,raw,27,0.4397212926896703,0.611951958955224
14,beta,1,32,0.7,raw,29,0.4452867667810642,0.5847163124634422
9,beta,1,32,0.7,raw,30,0.4649625834670085,0.5015135252475307
37,beta,1,32,0.7,raw,30,0.4484815436343187,0.5906220476356223
41,beta,1,32,0.7,raw,29,0.4365088953245732,0.5998604975587073
22,beta,1,32,0.7,raw,30,0.437743868298507,0.6413701837430651
12,beta,1,32,0.7,raw,29,0.4434314618764801,0.5901222387371226
44,beta,1,32,0.7,raw,29,0.4464725809884133,0.5744661308840413
36,beta,1,32,0.7,raw,28,0.4412026906519817,0.5737402301559247
40,beta,1,32,0.7,raw,29,0.4563172623945276,0.5142089371980676
45,beta,1,32,0.7,raw,29,0.4536308884668144,0.5989001122334455
8,beta,1,32,0.7,raw,30,0.4571302420847835,0.5917627554807741
25,beta,1,32,0.7,raw,29,0.4324521337603165,0.5606948145943532
5,beta,1,32,0.7,raw,29,0.4395894157145553,0.6294440853264383
14,beta,1,32,0.7,raw,30,0.4451889067347391,0.5851291991145875
48,beta,1,32,0.7,raw,28,0.4433482836709788,0.5919921875
28,beta,1,32,0.7,raw,28,0.4497937875703272,0.6125153374233129
4,beta,1,32,0.7,raw,29,0.4473928911810321,0.6219939480809047
20,beta,1,32,0.7,raw,29,0.4393711946195118,0.5866420590582603
21,beta,1,32,0.7,raw,29,0.4529486345849352,0.5869805253897955
32,beta,1,32,0.7,raw,29,0.447733738235982,0.5848488852585046
1,beta,1,32,0.7,raw,28,0.446919519701037,0.5856560688147514
29,beta,1,32,0.7,raw,28,0.4463336179432995,0.6197031853281854
33,beta,1,32,0.7,raw,28,0.4400711630309988,0.6029034514925373
41,beta,1,32,0.7,raw,30,0.4379029632109629,0.5783232785521115
24,beta,1,32,0.7,raw,29,0.4406828395947116,0.602638067061144
16,beta,1,32,0.7,raw,29,0.4520715108400865,0.606508875739645
12,beta,1,32,0.7,raw,30,0.443250315020084,0.5847855056122188
44,beta,1,32,0.7,raw,30,0.446324553633146,0.5741102181400689
36,beta,1,32,0.7,raw,29,0.4413237874470744,0.5725881413403506
25,beta,1,32,0.7,raw,30,0.4319478318319075,0.58119022172919
45,beta,1,32,0.7,raw,30,0.4519146341535718,0.6143434343434344
40,beta,1,32,0.7,raw,30,0.4563073514139252,0.5935144927536231
5,beta,1,32,0.7,raw,30,0.4424752987147268,0.6216871363930188
21,beta,1,32,0.7,raw,30,0.452740621317972,0.592331493053449
29,beta,1,32,0.7,raw,29,0.4454050469852967,0.6225265444015444
1,beta,1,32,0.7,raw,29,0.4459796225068675,0.5913292462693659
48,beta,1,32,0.7,raw,29,0.444024414856111,0.578857421875
33,beta,1,32,0.7,raw,29,0.4411304422401167,0.5966767723880597
28,beta,1,32,0.7,raw,29,0.4500809729098149,0.6013006134969325
4,beta,1,32,0.7,raw,30,0.4479787380620521,0.6249857802652835
20,beta,1,32,0.7,raw,30,0.4399325489503171,0.5702189744612929
32,beta,1,32,0.7,raw,30,0.4478431371469439,0.5845185469921199
24,beta,1,32,0.7,raw,30,0.4409584711171876,0.5871055226824458
16,beta,1,32,0.7,raw,30,0.4524074825789961,0.6016272189349111
29,beta,1,32,0.7,raw,30,0.445678593915821,0.6310448841698844
36,beta,1,32,0.7,raw,30,0.4415311552235676,0.5673513739968318
33,beta,1,32,0.7,raw,30,0.4410969654956547,0.6103544776119404
1,beta,1,32,0.7,raw,30,0.4465195375815651,0.5787947913696416
28,beta,1,32,0.7,raw,30,0.4505879144579737,0.5827116564417179
48,beta,1,32,0.7,raw,30,0.4439215939483875,0.57410888671875
0,beta,1,max,1.0,raw,2,0.4401964809352456,0.6401200064350284
0,beta,1,max,1.0,raw,3,0.4402895956261771,0.6411759672224295
36,beta,1,max,1.0,raw,2,0.4557953123500217,0.6175504488330342
0,beta,1,max,1.0,raw,4,0.4412492118266471,0.6255422709489271
36,beta,1,max,1.0,raw,3,0.4536543582183879,0.6165059245960502
0,beta,1,max,1.0,raw,5,0.4417130914466681,0.6301371551013003
36,beta,1,max,1.0,raw,4,0.4537975647326778,0.6189177737881508
0,beta,1,max,1.0,raw,6,0.4417208166785887,0.626593781982605
13,beta,1,max,1.0,raw,2,0.4372096119783846,0.6655619870420927
36,beta,1,max,1.0,raw,5,0.4537606056539743,0.6093314183123878
6,beta,1,max,1.0,raw,2,0.4403195296268546,0.6110501071464527
15,beta,1,max,1.0,raw,2,0.4381303333605425,0.6291649537783681
34,beta,1,max,1.0,raw,2,0.4293569160106981,0.668220010184534
18,beta,1,max,1.0,raw,2,0.4287863384840392,0.6598544963298744
38,beta,1,max,1.0,raw,2,0.4214660110220586,0.6491766790662058
47,beta,1,max,1.0,raw,2,0.4144264097529079,0.6536722699436932
31,beta,1,max,1.0,raw,2,0.4081147568251192,0.6968753449278513
10,beta,1,max,1.0,raw,2,0.427576427822275,0.6482767443368961
39,beta,1,max,1.0,raw,2,0.4139480792604061,0.6540205515398746
3,beta,1,max,1.0,raw,2,0.4285707874662282,0.6513015004304514
19,beta,1,max,1.0,raw,2,0.4234363133600365,0.6395410834343657
43,beta,1,max,1.0,raw,2,0.4375233984548488,0.6276961946959222
0,beta,1,max,1.0,raw,7,0.441679355226147,0.6283172058284928
13,beta,1,max,1.0,raw,3,0.4370592826660474,0.652984529595941
46,beta,1,max,1.0,raw,2,0.4266988333793196,0.6701121610753676
9,beta,1,max,1.0,raw,2,0.4201830029863315,0.6721418221226438
36,beta,1,max,1.0,raw,6,0.4507723108261447,0.6101314183123878
2,beta,1,max,1.0,raw,2,0.4209707777693609,0.6457326512239969
6,beta,1,max,1.0,raw,3,0.440016491374995,0.6134616214350435
24,beta,1,max,1.0,raw,2,0.4267139717820679,0.6518774422012374
15,beta,1,max,1.0,raw,3,0.4382589773138854,0.6278315361182262
20,beta,1,max,1.0,raw,2,0.4106961647620902,0.6673305543143387
34,beta,1,max,1.0,raw,3,0.4298016309885167,0.6651843521908872
18,beta,1,max,1.0,raw,3,0.4302798782815483,0.6504032645371987
38,beta,1,max,1.0,raw,3,0.4229407095377935,0.652057283331585
47,beta,1,max,1.0,raw,3,0.4152645979295634,0.6503059980311223
31,beta,1,max,1.0,raw,3,0.4105709522565998,0.6949481420710114
7,beta,1,max,1.0,raw,2,0.4131301784046554,0.682453104086658
10,beta,1,max,1.0,raw,3,0.4274645437628631,0.647647910975935
22,beta,1,max,1.0,raw,2,0.4381385298856008,0.6213606295660633
27,beta,1,max,1.0,raw,2,0.4537951840741986,0.6074628437455832
39,beta,1,max,1.0,raw,3,0.4154664834410096,0.6538258307688638
3,beta,1,max,1.0,raw,3,0.4293908916125669,0.6506868773828558
30,beta,1,max,1.0,raw,2,0.4527643017755942,0.6080479291604198
35,beta,1,max,1.0,raw,2,0.4197274046082212,0.6818203361427144
1,beta,1,max,1.0,raw,2,0.4346758596423525,0.65177438617218
19,beta,1,max,1.0,raw,3,0.424442443741346,0.6332945277196077
32,beta,1,max,1.0,raw,2,0.4413792931081338,0.6280909217682332
49,beta,1,max,1.0,raw,2,0.446848245633461,0.641690106476642
12,beta,1,max,1.0,raw,2,0.4234815666100824,0.6331970284392462
33,beta,1,max,1.0,raw,2,0.431428486058584,0.6319220631333697
28,beta,1,max,1.0,raw,2,0.4403970879714432,0.6479671011271085
42,beta,1,max,1.0,raw,2,0.4330923600992374,0.6515632665833517
21,beta,1,max,1.0,raw,2,0.4278387700020143,0.6400635622980756
23,beta,1,max,1.0,raw,2,0.4195054406835138,0.6618110454791419
43,beta,1,max,1.0,raw,3,0.4378623994140805,0.6249418825674615
0,beta,1,max,1.0,raw,8,0.4416424448491027,0.6308785525293427
29,beta,1,max,1.0,raw,2,0.4238644070191784,0.6741303420548703
46,beta,1,max,1.0,raw,3,0.427293454406262,0.6681261249617034
13,beta,1,max,1.0,raw,4,0.4381416077942058,0.6463986221910122
14,beta,1,max,1.0,raw,2,0.4386441562553794,0.5949313962873285
9,beta,1,max,1.0,raw,3,0.4210635965340656,0.677939457405874
25,beta,1,max,1.0,raw,2,0.4352473610464396,0.6043080100057587
16,beta,1,max,1.0,raw,2,0.423054934748047,0.6655357182772969
6,beta,1,max,1.0,raw,4,0.440593680492904,0.6050739957716702
36,beta,1,max,1.0,raw,7,0.4519844664155769,0.6078987432675045
2,beta,1,max,1.0,raw,3,0.4219610161865373,0.6412186923800804
15,beta,1,max,1.0,raw,4,0.4384521783450314,0.6246929977126353
5,beta,1,max,1.0,raw,2,0.4026713102675044,0.6763869161890074
26,beta,1,max,1.0,raw,2,0.4392319864607971,0.6266190073048016
24,beta,1,max,1.0,raw,3,0.4280397204925448,0.6444504368826658
4,beta,1,max,1.0,raw,2,0.4380652828849299,0.6533946017552574
20,beta,1,max,1.0,raw,3,0.411902099840832,0.6680162449142777
40,beta,1,max,1.0,raw,2,0.4177162263208543,0.6663512032221882
34,beta,1,max,1.0,raw,4,0.4300881685198157,0.6672755158951478
18,beta,1,max,1.0,raw,4,0.4307758246831841,0.6437031551615692
38,beta,1,max,1.0,raw,4,0.423040228991378,0.6435327393938504
45,beta,1,max,1.0,raw,2,0.4142307623377289,0.654353862178477
11,beta,1,max,1.0,raw,2,0.4440223509526124,0.6268818121722024
47,beta,1,max,1.0,raw,4,0.4166000630869934,0.6553374654973438
31,beta,1,max,1.0,raw,4,0.4117928686147907,0.6845965998419579
7,beta,1,max,1.0,raw,3,0.4158170880021998,0.6874787382513652
44,beta,1,max,1.0,raw,2,0.4299536487637014,0.6383597771723115
22,beta,1,max,1.0,raw,3,0.438291157901175,0.6153881396012701
10,beta,1,max,1.0,raw,4,0.4282699089121347,0.6402154249760359
39,beta,1,max,1.0,raw,4,0.4167430231543556,0.6488907178129248
27,beta,1,max,1.0,raw,3,0.4541664651409484,0.6056583786210548
3,beta,1,max,1.0,raw,4,0.4302912372053691,0.6472094453326774
35,beta,1,max,1.0,raw,3,0.421299258954519,0.685003417131061
41,beta,1,max,1.0,raw,2,0.4328796761502803,0.6514480753650095
30,beta,1,max,1.0,raw,3,0.4522137852155617,0.6131231259370314
48,beta,1,max,1.0,raw,2,0.4490020229149598,0.5938179672562142
8,beta,1,max,1.0,raw,2,0.428828195164293,0.6494429674182551
1,beta,1,max,1.0,raw,3,0.4350833907162352,0.6482291452640229
19,beta,1,max,1.0,raw,4,0.424280689698514,0.64511944781219
37,beta,1,max,1.0,raw,2,0.4345446461159549,0.655526481487216
32,beta,1,max,1.0,raw,3,0.4416221495751505,0.6244725282387394
17,beta,1,max,1.0,raw,2,0.4455841641220662,0.6490360082304528
49,beta,1,max,1.0,raw,3,0.4457081994211657,0.6391896036061584
12,beta,1,max,1.0,raw,3,0.4244972431881895,0.6293960039283185
42,beta,1,max,1.0,raw,3,0.433235742357483,0.654753233246469
23,beta,1,max,1.0,raw,3,0.4209688663195079,0.6603849938162065
33,beta,1,max,1.0,raw,3,0.4317456631136164,0.6311656394286429
28,beta,1,max,1.0,raw,3,0.4405181017857358,0.6440572266810776
21,beta,1,max,1.0,raw,3,0.4282531553431667,0.6398777918246945
43,beta,1,max,1.0,raw,4,0.437545637747652,0.6263404016242603
46,beta,1,max,1.0,raw,4,0.4276446418176324,0.6761618221507353
0,beta,1,max,1.0,raw,9,0.4417271249555384,0.6308333704146143
29,beta,1,max,1.0,raw,3,0.4250979759378105,0.673323229298072
13,beta,1,max,1.0,raw,5,0.4378323484736909,0.6466632563694024
14,beta,1,max,1.0,raw,3,0.4386040517088448,0.5978249526061903
9,beta,1,max,1.0,raw,4,0.4217511984407304,0.6730651210364814
16,beta,1,max,1.0,raw,3,0.4242088260508514,0.6581049882008819
25,beta,1,max,1.0,raw,3,0.4351657003475745,0.6062924404933295
26,beta,1,max,1.0,raw,3,0.4392465232935156,0.6297813453166847
6,beta,1,max,1.0,raw,5,0.4405004609416234,0.61213127957314
15,beta,1,max,1.0,raw,5,0.4383553080284283,0.6292980320231054
36,beta,1,max,1.0,raw,8,0.4507224085863694,0.6109500897666068
2,beta,1,max,1.0,raw,4,0.4226942760968455,0.634872372276642
5,beta,1,max,1.0,raw,3,0.4049518826240386,0.676914268659627
24,beta,1,max,1.0,raw,4,0.4280683180605374,0.643476948333876
4,beta,1,max,1.0,raw,3,0.4382817742655673,0.6514406358668653
38,beta,1,max,1.0,raw,5,0.4235074636506504,0.6411536181953158
18,beta,1,max,1.0,raw,5,0.4313548250921856,0.6473577884433648
34,beta,1,max,1.0,raw,5,0.4312472730356879,0.6567396760348214
40,beta,1,max,1.0,raw,3,0.4184213487329859,0.6671930763740185
20,beta,1,max,1.0,raw,4,0.4135232689109727,0.6594550339832083
11,beta,1,max,1.0,raw,3,0.4440976688275723,0.6269425073996152
45,beta,1,max,1.0,raw,3,0.4158338409272933,0.6593718575618133
31,beta,1,max,1.0,raw,5,0.4124348516747728,0.6866525757633168
47,beta,1,max,1.0,raw,5,0.4174569463516762,0.6623192178245403
7,beta,1,max,1.0,raw,4,0.4171394784842097,0.690672503034534
22,beta,1,max,1.0,raw,4,0.4381251806947169,0.6200020440456597
10,beta,1,max,1.0,raw,5,0.4282734578706597,0.6442283668110522
44,beta,1,max,1.0,raw,3,0.4301052143875311,0.6368249672262867
39,beta,1,max,1.0,raw,5,0.417857734696641,0.6519946205777811
27,beta,1,max,1.0,raw,4,0.4536418105106553,0.5961995726649687
30,beta,1,max,1.0,raw,4,0.4522425345600184,0.6119088893053473
3,beta,1,max,1.0,raw,5,0.4310443954725562,0.6369477923994589
35,beta,1,max,1.0,raw,4,0.4227718956587985,0.6679519916490935
41,beta,1,max,1.0,raw,3,0.4331260426826642,0.6523916371875174
19,beta,1,max,1.0,raw,5,0.4255167813460295,0.6324713435467871
8,beta,1,max,1.0,raw,3,0.4298363167810952,0.6437854728420889
48,beta,1,max,1.0,raw,3,0.4487817878143507,0.6120791258365201
1,beta,1,max,1.0,raw,4,0.4354524895048358,0.6434700534209986
37,beta,1,max,1.0,raw,3,0.4341435426398102,0.6552826205885692
17,beta,1,max,1.0,raw,3,0.4445731399723749,0.6416172839506173
42,beta,1,max,1.0,raw,4,0.4343071987560322,0.6476380331827086
49,beta,1,max,1.0,raw,4,0.4466475668276458,0.6367032800345579
32,beta,1,max,1.0,raw,4,0.4423471230095663,0.6109120066936271
23,beta,1,max,1.0,raw,4,0.4218906646928549,0.650354472832445
12,beta,1,max,1.0,raw,4,0.4247288778777502,0.6294319336702745
43,beta,1,max,1.0,raw,5,0.4377738912741218,0.6237055203991347
33,beta,1,max,1.0,raw,4,0.4319376549216119,0.6322476955121044
46,beta,1,max,1.0,raw,5,0.42781222954373,0.6771979238472733
28,beta,1,max,1.0,raw,4,0.4409682877766396,0.6396945412694743
21,beta,1,max,1.0,raw,4,0.4291139936838575,0.6324813878353702
14,beta,1,max,1.0,raw,4,0.438780749186283,0.5900249638680857
0,beta,1,max,1.0,raw,10,0.4426989068168394,0.6156682674370446
29,beta,1,max,1.0,raw,4,0.4262718908500253,0.6645871715054105
13,beta,1,max,1.0,raw,6,0.4376831352586035,0.6435273719136962
9,beta,1,max,1.0,raw,5,0.4231072020907913,0.6609011981881058
26,beta,1,max,1.0,raw,4,0.4390125524544575,0.6228851624233009
6,beta,1,max,1.0,raw,6,0.441084195694668,0.5985398599185975
16,beta,1,max,1.0,raw,4,0.425545373377874,0.6565310273694832
25,beta,1,max,1.0,raw,4,0.434888418975795,0.6132235129331031
15,beta,1,max,1.0,raw,6,0.4392509504013765,0.6169514014061496
2,beta,1,max,1.0,raw,5,0.423208372475448,0.639086675660581
36,beta,1,max,1.0,raw,9,0.4494443409918572,0.6124028725314183
38,beta,1,max,1.0,raw,6,0.4239737967905448,0.6400116667479643
18,beta,1,max,1.0,raw,6,0.4315207647242734,0.646814938294174
5,beta,1,max,1.0,raw,4,0.4066494665000021,0.6743292308442336
24,beta,1,max,1.0,raw,5,0.4285475260875339,0.6418912135026593
4,beta,1,max,1.0,raw,4,0.4389945456159463,0.6364436716895734
31,beta,1,max,1.0,raw,6,0.4139782621958568,0.6764616566531194
11,beta,1,max,1.0,raw,4,0.443943093156281,0.6233257655055495
34,beta,1,max,1.0,raw,6,0.432028755608475,0.6506422924901185
40,beta,1,max,1.0,raw,4,0.4193861449362523,0.6649765473641276
47,beta,1,max,1.0,raw,6,0.4182746694600792,0.6504942091642186
45,beta,1,max,1.0,raw,4,0.4175676578248283,0.6590740857474763
22,beta,1,max,1.0,raw,5,0.438416593737011,0.6137687620484158
20,beta,1,max,1.0,raw,5,0.4144544365922342,0.6536325433315302
7,beta,1,max,1.0,raw,5,0.4180964159068982,0.6816243604323075
10,beta,1,max,1.0,raw,6,0.4288460555509077,0.6361517320244949
39,beta,1,max,1.0,raw,6,0.4184685152452135,0.6451922159402658
3,beta,1,max,1.0,raw,6,0.431472745673399,0.6423201328249908
35,beta,1,max,1.0,raw,5,0.4235621905697923,0.6625954631733914
30,beta,1,max,1.0,raw,5,0.4521652284474647,0.612797507496252
44,beta,1,max,1.0,raw,4,0.4307743891355407,0.6311455327398152
27,beta,1,max,1.0,raw,5,0.4530625464709986,0.6009928888346945
19,beta,1,max,1.0,raw,6,0.4256925928048954,0.6295640223740769
8,beta,1,max,1.0,raw,4,0.4305669281424917,0.6400983554160855
41,beta,1,max,1.0,raw,4,0.4340759208257709,0.6443733918689395
1,beta,1,max,1.0,raw,5,0.4359523442520025,0.6412439644544894
48,beta,1,max,1.0,raw,4,0.4484115978562499,0.6000698344885278
23,beta,1,max,1.0,raw,5,0.4227646524742618,0.6475886549964984
17,beta,1,max,1.0,raw,4,0.4443900945168108,0.634781207133059
42,beta,1,max,1.0,raw,5,0.4345171092179952,0.6474358429958902
43,beta,1,max,1.0,raw,6,0.4379234989019234,0.6244634861039621
37,beta,1,max,1.0,raw,4,0.4348251624183437,0.6504412075888479
32,beta,1,max,1.0,raw,5,0.4421548993120155,0.6195565472040162
49,beta,1,max,1.0,raw,5,0.4465330362710698,0.6317138155833792
12,beta,1,max,1.0,raw,5,0.4256283721846257,0.6275892511899588
46,beta,1,max,1.0,raw,6,0.4290880356515723,0.6626601873659621
33,beta,1,max,1.0,raw,5,0.4320493463240893,0.6325261537836583
28,beta,1,max,1.0,raw,5,0.4413306247439827,0.6331857205522947
21,beta,1,max,1.0,raw,5,0.4290396574959463,0.6383709088355106
14,beta,1,max,1.0,raw,5,0.4386954663829572,0.596859808172382
29,beta,1,max,1.0,raw,5,0.4273582093409582,0.6502839112902006
13,beta,1,max,1.0,raw,7,0.4383612738190696,0.6457012836285564
0,beta,1,max,1.0,raw,11,0.4429615941890946,0.6220139585351411
9,beta,1,max,1.0,raw,6,0.4238269296093093,0.6540177049340021
26,beta,1,max,1.0,raw,5,0.4391906123747934,0.6240246807076757
6,beta,1,max,1.0,raw,7,0.440670311403904,0.6098161251815737
15,beta,1,max,1.0,raw,7,0.4385470904953447,0.6301413001085708
16,beta,1,max,1.0,raw,5,0.4260277340887372,0.648363291490904
25,beta,1,max,1.0,raw,5,0.4350837332058739,0.6103374094202898
2,beta,1,max,1.0,raw,6,0.4238258572706738,0.6343629579946801
38,beta,1,max,1.0,raw,7,0.4243783148409972,0.641489053904251
36,beta,1,max,1.0,raw,10,0.4501365904667792,0.6146815080789946
18,beta,1,max,1.0,raw,7,0.4326179452721566,0.6494507980083101
11,beta,1,max,1.0,raw,5,0.4439040380071669,0.6238130614742073
24,beta,1,max,1.0,raw,6,0.4293192412474262,0.628744030174753
47,beta,1,max,1.0,raw,7,0.4185527215823359,0.6487125640880111
34,beta,1,max,1.0,raw,7,0.4324463448841828,0.6460195446058342
31,beta,1,max,1.0,raw,7,0.4145725275992488,0.6713898100693397
22,beta,1,max,1.0,raw,6,0.4382910729053773,0.619600283347019
4,beta,1,max,1.0,raw,5,0.4393500143519354,0.6387488270684992
5,beta,1,max,1.0,raw,5,0.4079180730627257,0.6722141728800519
7,beta,1,max,1.0,raw,6,0.4187032360326306,0.6739861397698043
40,beta,1,max,1.0,raw,5,0.4199781158399805,0.6706552080146835
10,beta,1,max,1.0,raw,7,0.428972672702486,0.6398739810737375
39,beta,1,max,1.0,raw,7,0.4196375749423692,0.6411707698179824
45,beta,1,max,1.0,raw,5,0.418525948296572,0.659617999585761
3,beta,1,max,1.0,raw,7,0.431591894238458,0.655951912433895
20,beta,1,max,1.0,raw,6,0.4144976326848383,0.6637536452576374
35,beta,1,max,1.0,raw,6,0.4240592642697918,0.6685207333256877
30,beta,1,max,1.0,raw,6,0.4528192442239702,0.6023566341829086
27,beta,1,max,1.0,raw,6,0.4528215148375928,0.5974334956393537
44,beta,1,max,1.0,raw,5,0.4309702193720798,0.6295362141981163
19,beta,1,max,1.0,raw,7,0.426880092255364,0.6246645266174364
41,beta,1,max,1.0,raw,5,0.4345052091716446,0.6410629609663372
8,beta,1,max,1.0,raw,5,0.4308628825704613,0.6453448250813575
23,beta,1,max,1.0,raw,6,0.4235822254331275,0.6506504521292784
1,beta,1,max,1.0,raw,6,0.4362669837891971,0.6422414346620094
48,beta,1,max,1.0,raw,5,0.4484751974602891,0.5952310886711281
43,beta,1,max,1.0,raw,7,0.4379619645767909,0.6244759338319152
42,beta,1,max,1.0,raw,6,0.4353222460179502,0.6400162144117507
17,beta,1,max,1.0,raw,5,0.4444227699700217,0.6309327846364884
46,beta,1,max,1.0,raw,7,0.4291563392371847,0.6677661970549937
32,beta,1,max,1.0,raw,6,0.4420844412899725,0.6206341514433134
37,beta,1,max,1.0,raw,5,0.4346831271721555,0.643088285386926
49,beta,1,max,1.0,raw,6,0.4461000405317338,0.6317296436379464
12,beta,1,max,1.0,raw,6,0.4263945196375689,0.6232373039690388
33,beta,1,max,1.0,raw,6,0.4322946866247867,0.6305418929003624
14,beta,1,max,1.0,raw,6,0.4390075119718377,0.5877065150064755
21,beta,1,max,1.0,raw,6,0.429539446899977,0.6384674813878354
28,beta,1,max,1.0,raw,6,0.4415809488188335,0.6311470604684571
29,beta,1,max,1.0,raw,6,0.4271638976457715,0.6618360907669084
13,beta,1,max,1.0,raw,8,0.4383759075086874,0.6424780026658989
0,beta,1,max,1.0,raw,12,0.4422524704397841,0.6316052315412235
26,beta,1,max,1.0,raw,6,0.4392922340024444,0.6232787506405421
9,beta,1,max,1.0,raw,7,0.4242435476175469,0.6602004286201354
6,beta,1,max,1.0,raw,8,0.4404255598259669,0.6171725561260446
2,beta,1,max,1.0,raw,7,0.42429616021602,0.6294106733449455
15,beta,1,max,1.0,raw,8,0.43895829209646,0.6224115622595368
16,beta,1,max,1.0,raw,6,0.4261363237554358,0.6613027248139125
38,beta,1,max,1.0,raw,8,0.4246364216406799,0.6370365123773772
25,beta,1,max,1.0,raw,6,0.4354077617367408,0.6018781792878395
11,beta,1,max,1.0,raw,6,0.4442966988812885,0.6173259555683188
18,beta,1,max,1.0,raw,8,0.4340697244931394,0.6220858211383121
36,beta,1,max,1.0,raw,11,0.4483902464370307,0.6134951526032316
47,beta,1,max,1.0,raw,8,0.4196388000216793,0.6480791047804323
34,beta,1,max,1.0,raw,8,0.4333060573130279,0.6412352384878393
22,beta,1,max,1.0,raw,7,0.4383489342307685,0.6204989585939785
24,beta,1,max,1.0,raw,7,0.4289731590181694,0.643353820688158
31,beta,1,max,1.0,raw,8,0.4154561359431701,0.6826987759145495
7,beta,1,max,1.0,raw,7,0.420768735510417,0.6767173632515796
10,beta,1,max,1.0,raw,8,0.4293685596377298,0.6415466658017956
4,beta,1,max,1.0,raw,6,0.4393940525617822,0.6393801401998123
39,beta,1,max,1.0,raw,8,0.420023404644346,0.6375879672702116
5,beta,1,max,1.0,raw,6,0.4090225901415953,0.6751419600746023
40,beta,1,max,1.0,raw,6,0.4209400519312793,0.6525425079025186
35,beta,1,max,1.0,raw,7,0.4247668896225315,0.6638327103700565
3,beta,1,max,1.0,raw,8,0.4323126795460768,0.6358808879596606
27,beta,1,max,1.0,raw,7,0.4520306691318634,0.6076284291419213
45,beta,1,max,1.0,raw,6,0.4192517278200053,0.6564937969208233
30,beta,1,max,1.0,raw,7,0.4526958735554117,0.6045118065967017
20,beta,1,max,1.0,raw,7,0.4150371775864827,0.6551700189318219
19,beta,1,max,1.0,raw,8,0.4261577236717632,0.6362931224512289
44,beta,1,max,1.0,raw,6,0.4314661838634495,0.6279040732036885
23,beta,1,max,1.0,raw,7,0.4246197703614709,0.641046341996887
43,beta,1,max,1.0,raw,8,0.4381573030913367,0.6224583926282536
41,beta,1,max,1.0,raw,6,0.434829411792849,0.6384040593460095
42,beta,1,max,1.0,raw,7,0.4353202093171539,0.6439162965290577
8,beta,1,max,1.0,raw,6,0.4316412291371532,0.6331303027661552
1,beta,1,max,1.0,raw,7,0.4367239745344495,0.6356540219847955
48,beta,1,max,1.0,raw,6,0.4483681794661567,0.5949364394120459
46,beta,1,max,1.0,raw,8,0.4302644670670837,0.6478271484375
17,beta,1,max,1.0,raw,6,0.4430525638199622,0.6349938271604938
32,beta,1,max,1.0,raw,7,0.4420346032801243,0.6185870171524195
37,beta,1,max,1.0,raw,6,0.4348534679526325,0.6447227340290465
49,beta,1,max,1.0,raw,7,0.4470910477068977,0.6220613403064708
14,beta,1,max,1.0,raw,7,0.4388462029377469,0.5921748596955535
12,beta,1,max,1.0,raw,7,0.4262946821660489,0.6272395350349202
33,beta,1,max,1.0,raw,7,0.4322516487932943,0.6303718695557313
21,beta,1,max,1.0,raw,7,0.4296161592388006,0.6374494310998736
28,beta,1,max,1.0,raw,7,0.4415916121187264,0.6352998491303941
29,beta,1,max,1.0,raw,7,0.4284208876312764,0.6495339740622759
13,beta,1,max,1.0,raw,9,0.4387354436997433,0.6408688068421075
26,beta,1,max,1.0,raw,7,0.4395132744209,0.6146963603226724
0,beta,1,max,1.0,raw,13,0.4430196359461104,0.6203408511352005
2,beta,1,max,1.0,raw,8,0.4247069147653216,0.6297677096376847
9,beta,1,max,1.0,raw,8,0.4247890951868601,0.6548493741171886
6,beta,1,max,1.0,raw,9,0.4410039536964963,0.602867785592038
15,beta,1,max,1.0,raw,9,0.4390378897615105,0.6240506646006598
38,beta,1,max,1.0,raw,9,0.4248328364023769,0.6350786904108819
16,beta,1,max,1.0,raw,7,0.4271621011189127,0.649165120593692
11,beta,1,max,1.0,raw,7,0.4438683365472344,0.6186959335584952
25,beta,1,max,1.0,raw,7,0.4349309389332401,0.6113950475093579
18,beta,1,max,1.0,raw,9,0.4342503087400086,0.6300730306964408
47,beta,1,max,1.0,raw,9,0.420123703824932,0.6507447224228285
36,beta,1,max,1.0,raw,12,0.4494082673058507,0.6130822262118492
31,beta,1,max,1.0,raw,9,0.4159106986383821,0.672157506206642
22,beta,1,max,1.0,raw,8,0.4386730306173645,0.6161137758104817
34,beta,1,max,1.0,raw,9,0.4329066287808505,0.6406432624457431
7,beta,1,max,1.0,raw,8,0.4211615428248068,0.6772739565234046
10,beta,1,max,1.0,raw,9,0.4298865637470412,0.6300075435979118
24,beta,1,max,1.0,raw,8,0.4299520545111867,0.6309125013567785
3,beta,1,max,1.0,raw,9,0.4322047107825071,0.6437858197023736
39,beta,1,max,1.0,raw,9,0.4202831399866455,0.6468182685655669
4,beta,1,max,1.0,raw,7,0.4392744082398195,0.6401487553126897
27,beta,1,max,1.0,raw,8,0.452407004985323,0.6059192275822316
30,beta,1,max,1.0,raw,8,0.4524080095783261,0.6136451305597201
40,beta,1,max,1.0,raw,7,0.4214300528972485,0.6517035026001835
35,beta,1,max,1.0,raw,8,0.4257142250432678,0.6575777221778827
5,beta,1,max,1.0,raw,7,0.4101417175624877,0.6688387008936454
45,beta,1,max,1.0,raw,7,0.4196621823716395,0.6499146007246182
20,beta,1,max,1.0,raw,8,0.4154448376876017,0.6645947737588487
19,beta,1,max,1.0,raw,9,0.426989075873849,0.6359607489253829
23,beta,1,max,1.0,raw,8,0.4246787575165045,0.6400824862528486
43,beta,1,max,1.0,raw,9,0.4384298830736984,0.620687114583018
44,beta,1,max,1.0,raw,7,0.4318088186540264,0.6218561232305048
46,beta,1,max,1.0,raw,9,0.4305017732114082,0.6509183995863972
42,beta,1,max,1.0,raw,8,0.4354042538177064,0.6522675025167616
41,beta,1,max,1.0,raw,7,0.4354754162659,0.6317491531056333
1,beta,1,max,1.0,raw,8,0.4368803370235727,0.6314824327100883
48,beta,1,max,1.0,raw,7,0.4479327328336325,0.595880138623327
8,beta,1,max,1.0,raw,7,0.4315063992829173,0.6401265036610879
17,beta,1,max,1.0,raw,7,0.4442096572680677,0.6287318244170097
32,beta,1,max,1.0,raw,8,0.4425195983544545,0.6153067912425045
14,beta,1,max,1.0,raw,8,0.4391084294036304,0.5921046605477035
37,beta,1,max,1.0,raw,7,0.435591759528619,0.6445953199351768
49,beta,1,max,1.0,raw,8,0.4471261919062775,0.621545279777352
33,beta,1,max,1.0,raw,8,0.4329001919705218,0.6238484112481417
21,beta,1,max,1.0,raw,8,0.4304434974865193,0.6317337406939177
12,beta,1,max,1.0,raw,8,0.4263636604194649,0.6264080181496525
28,beta,1,max,1.0,raw,8,0.4423585257695036,0.62566750872436
29,beta,1,max,1.0,raw,8,0.428443269002125,0.6553271559560867
26,beta,1,max,1.0,raw,8,0.4391891873675919,0.6225702219404109
13,beta,1,max,1.0,raw,10,0.439378469271685,0.6367367244400359
0,beta,1,max,1.0,raw,14,0.4423724714337875,0.6321956796314234
15,beta,1,max,1.0,raw,10,0.439105850333176,0.6206927447322097
2,beta,1,max,1.0,raw,9,0.4246769329325503,0.6327827536169052
9,beta,1,max,1.0,raw,9,0.4246617745473759,0.6660193731430519
6,beta,1,max,1.0,raw,10,0.4409198782067337,0.6052606031841913
11,beta,1,max,1.0,raw,8,0.444034012720326,0.6210689435354033
38,beta,1,max,1.0,raw,10,0.4250395903659877,0.644101710521656
16,beta,1,max,1.0,raw,8,0.427573029905798,0.6508585095750081
18,beta,1,max,1.0,raw,10,0.4341596913677364,0.6374055357081996
25,beta,1,max,1.0,raw,8,0.4357272232338194,0.5956579476197331
47,beta,1,max,1.0,raw,10,0.4211830186086102,0.6392566671429027
34,beta,1,max,1.0,raw,10,0.4333812605353662,0.6421621523315308
31,beta,1,max,1.0,raw,10,0.4173064287380194,0.6555169510931432
10,beta,1,max,1.0,raw,10,0.4300022879528566,0.633683846370064
3,beta,1,max,1.0,raw,10,0.4329246823184068,0.6330073176731029
7,beta,1,max,1.0,raw,9,0.4223513386531862,0.6663579246360705
36,beta,1,max,1.0,raw,13,0.4486550816749707,0.6136685816876123
22,beta,1,max,1.0,raw,9,0.4386247923832312,0.6168006456364911
39,beta,1,max,1.0,raw,10,0.4212977557463668,0.6297958562942818
24,beta,1,max,1.0,raw,9,0.4303247754486833,0.6322102599587539
30,beta,1,max,1.0,raw,9,0.452867155047663,0.6047968203398301
35,beta,1,max,1.0,raw,9,0.4254677869804766,0.6620469083155651
4,beta,1,max,1.0,raw,8,0.4396775753308264,0.639320803665066
27,beta,1,max,1.0,raw,9,0.4521478772417391,0.6030814125889242
40,beta,1,max,1.0,raw,8,0.4222958196665713,0.6527438946670744
19,beta,1,max,1.0,raw,10,0.4267452596044703,0.63361346853301
5,beta,1,max,1.0,raw,8,0.4107147592192343,0.6665140693715231
20,beta,1,max,1.0,raw,9,0.4165585695554914,0.6581310558312363
45,beta,1,max,1.0,raw,8,0.4208910381613778,0.6402928489738579
23,beta,1,max,1.0,raw,9,0.4246336493971393,0.6412878075927217
43,beta,1,max,1.0,raw,10,0.4385915490758758,0.6204839138348086
44,beta,1,max,1.0,raw,8,0.4309931598372796,0.6406571255389288
46,beta,1,max,1.0,raw,10,0.430881402152107,0.6500818589154412
42,beta,1,max,1.0,raw,9,0.4360789141425888,0.6416314494259954
1,beta,1,max,1.0,raw,9,0.4368589166073768,0.6399617320731457
41,beta,1,max,1.0,raw,8,0.4352752283191788,0.6375560718093962
48,beta,1,max,1.0,raw,8,0.4476679695552595,0.6010744054732313
8,beta,1,max,1.0,raw,8,0.4314142557055551,0.6424579652874631
17,beta,1,max,1.0,raw,8,0.4444996794097654,0.6302338820301784
14,beta,1,max,1.0,raw,9,0.4396623749051124,0.5773192935037634
32,beta,1,max,1.0,raw,9,0.4423874608484057,0.6161128155069029
49,beta,1,max,1.0,raw,9,0.4467062971815149,0.6377363903462058
33,beta,1,max,1.0,raw,9,0.4327026007316476,0.6279607485220419
37,beta,1,max,1.0,raw,8,0.4354596927441411,0.6416244748603929
28,beta,1,max,1.0,raw,9,0.4417863913724834,0.6336206751330637
12,beta,1,max,1.0,raw,9,0.4272103430913002,0.6241280193815294
21,beta,1,max,1.0,raw,9,0.4305058229686169,0.6322801657536171
26,beta,1,max,1.0,raw,9,0.438837934740579,0.6308866081434311
29,beta,1,max,1.0,raw,9,0.4296712005298095,0.6486421568182574
15,beta,1,max,1.0,raw,11,0.4396013476159333,0.6167840653954401
13,beta,1,max,1.0,raw,11,0.4388446070350254,0.6402432800948039
2,beta,1,max,1.0,raw,10,0.4250983790525798,0.6317642438353858
6,beta,1,max,1.0,raw,11,0.4412706386235009,0.6023903007291712
11,beta,1,max,1.0,raw,9,0.4448762563841513,0.6054907330526786
38,beta,1,max,1.0,raw,11,0.4260528293288251,0.6330784378318024
0,beta,1,max,1.0,raw,15,0.443263056035114,0.6178161293303804
9,beta,1,max,1.0,raw,10,0.4253699039285123,0.6620573766499439
18,beta,1,max,1.0,raw,11,0.4341846254714033,0.6318112666193636
34,beta,1,max,1.0,raw,11,0.4338420122817014,0.6410700429205365
31,beta,1,max,1.0,raw,11,0.4172820930538147,0.6607631492674761
25,beta,1,max,1.0,raw,9,0.4353772504509047,0.6069035536039927
16,beta,1,max,1.0,raw,9,0.4277914523010866,0.6444540952040338
10,beta,1,max,1.0,raw,11,0.4298918498231887,0.630461600924451
47,beta,1,max,1.0,raw,11,0.4215362036147628,0.6422713071638313
3,beta,1,max,1.0,raw,11,0.4336932471961445,0.6266363300946992
7,beta,1,max,1.0,raw,10,0.4229282723636827,0.6589581214305276
22,beta,1,max,1.0,raw,10,0.4392216560270347,0.6083418208217768
36,beta,1,max,1.0,raw,14,0.4485403328465416,0.6088689407540395
39,beta,1,max,1.0,raw,11,0.4212257192615176,0.6467314940719006
27,beta,1,max,1.0,raw,10,0.4525352619457725,0.5998112742177303
30,beta,1,max,1.0,raw,10,0.4529849526598794,0.6012095514742629
24,beta,1,max,1.0,raw,10,0.4308151360744779,0.6218682161076738
35,beta,1,max,1.0,raw,10,0.4271965477689187,0.6529830266887299
4,beta,1,max,1.0,raw,9,0.4402114428933775,0.6281331070265497
19,beta,1,max,1.0,raw,11,0.4269571079023003,0.6427880111319298
40,beta,1,max,1.0,raw,9,0.4222841751018778,0.6547950443560722
20,beta,1,max,1.0,raw,10,0.4170964130874779,0.6473911420239411
5,beta,1,max,1.0,raw,9,0.4108660233273984,0.6641870597097361
43,beta,1,max,1.0,raw,11,0.4387898674537015,0.6207638195012162
23,beta,1,max,1.0,raw,10,0.4246415800709961,0.6510434189923059
45,beta,1,max,1.0,raw,9,0.4207998279729825,0.6504173908345114
46,beta,1,max,1.0,raw,11,0.4312485860718478,0.6480889413871017
44,beta,1,max,1.0,raw,9,0.4321601468447831,0.6241598484589139
42,beta,1,max,1.0,raw,10,0.4359416284673305,0.6509008405754875
41,beta,1,max,1.0,raw,9,0.4352318347096026,0.6453819192191143
1,beta,1,max,1.0,raw,10,0.4373316270538855,0.6339146291349907
14,beta,1,max,1.0,raw,10,0.4390825701433201,0.5877335435553804
48,beta,1,max,1.0,raw,9,0.447259628055798,0.600500791706501
17,beta,1,max,1.0,raw,9,0.4438914832371706,0.6338302469135803
8,beta,1,max,1.0,raw,9,0.4330000894328371,0.6250108960948395
32,beta,1,max,1.0,raw,10,0.442091873531683,0.6200341653883699
33,beta,1,max,1.0,raw,10,0.432948517342128,0.6265714055459715
28,beta,1,max,1.0,raw,10,0.442004953993139,0.6305419648626778
37,beta,1,max,1.0,raw,9,0.4361797404891078,0.6324932389888418
49,beta,1,max,1.0,raw,10,0.4470779491620595,0.6227419466528611
26,beta,1,max,1.0,raw,10,0.4394197408923215,0.6186207074940455
12,beta,1,max,1.0,raw,10,0.4276205634327718,0.6126893582948086
21,beta,1,max,1.0,raw,10,0.4306249622405856,0.629511167298778
15,beta,1,max,1.0,raw,12,0.4397426075620334,0.6139913986655282
29,beta,1,max,1.0,raw,10,0.4294161373183037,0.6585785982012397
6,beta,1,max,1.0,raw,12,0.4408223839585662,0.614820008341603
38,beta,1,max,1.0,raw,12,0.4257409662911173,0.6352838273882588
11,beta,1,max,1.0,raw,10,0.4448728231262642,0.609388753972069
13,beta,1,max,1.0,raw,12,0.4391550027732807,0.6374869287217314
2,beta,1,max,1.0,raw,11,0.4254028493702851,0.6284030021651701
0,beta,1,max,1.0,raw,16,0.4427647741653996,0.6340837443650715
34,beta,1,max,1.0,raw,12,0.4341152937924666,0.6329596983438007
18,beta,1,max,1.0,raw,12,0.4350967818603004,0.6296578370891829
31,beta,1,max,1.0,raw,12,0.4181975335699257,0.6547849489822534
9,beta,1,max,1.0,raw,11,0.4259790958292481,0.6525269714090887
10,beta,1,max,1.0,raw,12,0.430505199931526,0.6283336576599952
22,beta,1,max,1.0,raw,11,0.4385040206637856,0.6199639825057885
47,beta,1,max,1.0,raw,12,0.4223676383615126,0.6355521370933809
25,beta,1,max,1.0,raw,10,0.4353790301920316,0.6080672929263844
16,beta,1,max,1.0,raw,10,0.4286369833451718,0.6327970775229197
3,beta,1,max,1.0,raw,12,0.4339973358498823,0.6310490714549256
39,beta,1,max,1.0,raw,12,0.4215953747915456,0.6446998974212171
7,beta,1,max,1.0,raw,11,0.4228789604772834,0.6697666653516543
27,beta,1,max,1.0,raw,11,0.4523836022776837,0.598030018761726
30,beta,1,max,1.0,raw,11,0.4525186823049483,0.6126073681909046
36,beta,1,max,1.0,raw,15,0.4491162888148993,0.6092861759425494
35,beta,1,max,1.0,raw,11,0.4265192967149313,0.6692065000386183
24,beta,1,max,1.0,raw,11,0.4313375004165909,0.6220937805275155
19,beta,1,max,1.0,raw,12,0.4284512508865101,0.6228741871486829
4,beta,1,max,1.0,raw,10,0.440199425976252,0.6372698984379312
43,beta,1,max,1.0,raw,12,0.4385861300250562,0.6220418983794404
20,beta,1,max,1.0,raw,11,0.4173985094073978,0.6481161514310576
40,beta,1,max,1.0,raw,10,0.4223670738799643,0.6563800091771184
5,beta,1,max,1.0,raw,10,0.4121681822269329,0.670995079034499
23,beta,1,max,1.0,raw,11,0.4261986847302277,0.6305114856689166
46,beta,1,max,1.0,raw,12,0.4307176206333565,0.6624319039139093
42,beta,1,max,1.0,raw,11,0.4365559678896302,0.6397513093366137
45,beta,1,max,1.0,raw,10,0.4220976418645979,0.6447041943201227
44,beta,1,max,1.0,raw,10,0.4321017154393379,0.6224636032222619
14,beta,1,max,1.0,raw,11,0.4392583288153247,0.58838147793607
41,beta,1,max,1.0,raw,10,0.435913564510291,0.6332486699245212
1,beta,1,max,1.0,raw,11,0.4378902874280869,0.6257030768440517
17,beta,1,max,1.0,raw,10,0.4441114256695757,0.6317969821673526
48,beta,1,max,1.0,raw,10,0.4476275083625519,0.596939232791587
8,beta,1,max,1.0,raw,10,0.4330400419651017,0.6290751394700139
33,beta,1,max,1.0,raw,11,0.4331888937783925,0.6278605035442825
32,beta,1,max,1.0,raw,11,0.4428851073885819,0.6109200251011018
28,beta,1,max,1.0,raw,11,0.4425253396402909,0.6264686876500526
37,beta,1,max,1.0,raw,10,0.4365436114059482,0.6290275756355868
26,beta,1,max,1.0,raw,11,0.4393580355021295,0.6186249020398775
15,beta,1,max,1.0,raw,13,0.4394220637894261,0.6190404663272513
12,beta,1,max,1.0,raw,11,0.4280556469453805,0.6105414441018762
49,beta,1,max,1.0,raw,11,0.4474346058231453,0.619773856670371
21,beta,1,max,1.0,raw,11,0.4306707576309145,0.6403739991571851
6,beta,1,max,1.0,raw,13,0.4417249997172171,0.5978132056205147
38,beta,1,max,1.0,raw,13,0.4263559714784812,0.6340135818052187
29,beta,1,max,1.0,raw,11,0.4299851686947259,0.6538082229906129
11,beta,1,max,1.0,raw,11,0.4436891816329416,0.6240315642928936
2,beta,1,max,1.0,raw,12,0.4255815965309406,0.6299102053723762
13,beta,1,max,1.0,raw,13,0.4390625128966631,0.642513450200187
18,beta,1,max,1.0,raw,13,0.435014270789543,0.6312684164701726
34,beta,1,max,1.0,raw,13,0.4345501670025509,0.636181769684037
0,beta,1,max,1.0,raw,17,0.4436161121349798,0.6190007906870078
10,beta,1,max,1.0,raw,13,0.4304937428109412,0.6250994001157967
31,beta,1,max,1.0,raw,13,0.4179167670607644,0.6712398951584074
47,beta,1,max,1.0,raw,13,0.4219632056532456,0.6516896923579756
22,beta,1,max,1.0,raw,12,0.4388168985222168,0.6146607412837312
9,beta,1,max,1.0,raw,12,0.4265767811211582,0.6438751156787297
7,beta,1,max,1.0,raw,12,0.4235665529385637,0.6661378030031452
3,beta,1,max,1.0,raw,13,0.4344744115730988,0.6308609027179929
39,beta,1,max,1.0,raw,13,0.4226513183644491,0.6347172523199502
25,beta,1,max,1.0,raw,11,0.4355313935543398,0.6076702568624628
30,beta,1,max,1.0,raw,12,0.4534827004374717,0.5946780515992004
35,beta,1,max,1.0,raw,12,0.4278833138685948,0.6522416730835395
16,beta,1,max,1.0,raw,11,0.4283633550124724,0.6463697355017738
36,beta,1,max,1.0,raw,16,0.4491191919547382,0.6113802513464991
27,beta,1,max,1.0,raw,12,0.4522096168207883,0.5975394980060471
19,beta,1,max,1.0,raw,13,0.4281194338471494,0.6319960321834013
24,beta,1,max,1.0,raw,12,0.4312984439343287,0.6227406246608054
43,beta,1,max,1.0,raw,13,0.439218941915464,0.6129103124379716
40,beta,1,max,1.0,raw,11,0.4235697191458237,0.6440504868971144
4,beta,1,max,1.0,raw,11,0.4411031475680849,0.626818733785947
23,beta,1,max,1.0,raw,12,0.4259357522045612,0.6429971298369204
20,beta,1,max,1.0,raw,12,0.4177546799681234,0.6485596822746409
46,beta,1,max,1.0,raw,13,0.4310462622430571,0.6603429457720589
5,beta,1,max,1.0,raw,11,0.4128557650629851,0.6648550196880237
42,beta,1,max,1.0,raw,12,0.4373612865163506,0.6307549892633418
45,beta,1,max,1.0,raw,11,0.4218616306870966,0.65108467585797
14,beta,1,max,1.0,raw,12,0.4393955955996087,0.5873446327683615
44,beta,1,max,1.0,raw,11,0.4320661423787748,0.6298419679398239
41,beta,1,max,1.0,raw,11,0.4359464309488534,0.6366184443379732
1,beta,1,max,1.0,raw,12,0.4372941793224496,0.6392387507704952
48,beta,1,max,1.0,raw,11,0.4479342131911255,0.5909267447418738
17,beta,1,max,1.0,raw,11,0.4439950662534255,0.6354924554183813
8,beta,1,max,1.0,raw,11,0.4328516030120073,0.6403801405354097
33,beta,1,max,1.0,raw,12,0.4339107179669252,0.6148876240695399
15,beta,1,max,1.0,raw,14,0.4396692888762766,0.6149453456872107
26,beta,1,max,1.0,raw,12,0.4400866371440823,0.6101110226372648
28,beta,1,max,1.0,raw,12,0.4424264141094438,0.628791365326135
32,beta,1,max,1.0,raw,12,0.4423855408843326,0.6254974898898341
37,beta,1,max,1.0,raw,11,0.4371157218738223,0.6288069395844301
38,beta,1,max,1.0,raw,14,0.4270975606766058,0.6287842593786688
12,beta,1,max,1.0,raw,12,0.427581672758289,0.6270923941869099
6,beta,1,max,1.0,raw,14,0.4415262447410694,0.6016888150609081
21,beta,1,max,1.0,raw,12,0.4313960526037295,0.6265778199185279
49,beta,1,max,1.0,raw,12,0.4473826659207415,0.6207354109853294
11,beta,1,max,1.0,raw,12,0.4443531242651812,0.6193306322222986
29,beta,1,max,1.0,raw,12,0.430537094810846,0.6421961453407994
2,beta,1,max,1.0,raw,13,0.4255905249157142,0.6311700334338985
34,beta,1,max,1.0,raw,14,0.4346116292793197,0.6405120153252989
18,beta,1,max,1.0,raw,14,0.4360588895996276,0.6229843744674523
10,beta,1,max,1.0,raw,14,0.4309738843964814,0.6240936871617093
13,beta,1,max,1.0,raw,14,0.4396772025284552,0.6403896539648373
31,beta,1,max,1.0,raw,14,0.4189411865600297,0.6654681710875091
22,beta,1,max,1.0,raw,13,0.4390994874300969,0.6109437499779736
47,beta,1,max,1.0,raw,14,0.4229057576819257,0.6389709254573008
0,beta,1,max,1.0,raw,18,0.4440048996777437,0.6128248748078905
39,beta,1,max,1.0,raw,14,0.4230626308504641,0.6285139197022829
7,beta,1,max,1.0,raw,13,0.4244810252548749,0.6634809063065134
3,beta,1,max,1.0,raw,14,0.4344528039369595,0.6300547288156438
9,beta,1,max,1.0,raw,13,0.4265186678545226,0.6554435974867273
25,beta,1,max,1.0,raw,12,0.4360279283426428,0.5982227481044246
30,beta,1,max,1.0,raw,13,0.4530488969758064,0.6039675474762619
35,beta,1,max,1.0,raw,13,0.4282822953454627,0.6620662174465606
16,beta,1,max,1.0,raw,12,0.4297104742670719,0.6319875845816343
27,beta,1,max,1.0,raw,13,0.451848550631837,0.6048370334856626
36,beta,1,max,1.0,raw,17,0.4485512293504829,0.6123770197486536
19,beta,1,max,1.0,raw,14,0.4294201452628975,0.6153332690400088
24,beta,1,max,1.0,raw,13,0.4314448054851628,0.625067160534028
43,beta,1,max,1.0,raw,14,0.4390502778656582,0.6164955945135798
23,beta,1,max,1.0,raw,13,0.4260630768554775,0.6431466244648125
40,beta,1,max,1.0,raw,12,0.4238767288395491,0.6443442821454063
46,beta,1,max,1.0,raw,14,0.4316186683559366,0.6556869207643996
20,beta,1,max,1.0,raw,13,0.4177690902562249,0.6557598010394864
4,beta,1,max,1.0,raw,12,0.4404471112714639,0.6354287409615279
42,beta,1,max,1.0,raw,13,0.4374415154194447,0.6332410466330926
5,beta,1,max,1.0,raw,12,0.4134061938173402,0.6621531557616083
14,beta,1,max,1.0,raw,13,0.4393006632500931,0.5919567543217524
44,beta,1,max,1.0,raw,12,0.4328062105238281,0.6209442319942595
45,beta,1,max,1.0,raw,12,0.4234830092857889,0.6337223578004508
41,beta,1,max,1.0,raw,12,0.4363705326737853,0.6348287689844576
1,beta,1,max,1.0,raw,13,0.4389332896805647,0.6196277224162728
48,beta,1,max,1.0,raw,12,0.4477195435362058,0.5932787105640536
17,beta,1,max,1.0,raw,12,0.4440412109823443,0.6201604938271605
8,beta,1,max,1.0,raw,12,0.4335916536297681,0.6242884244731133
26,beta,1,max,1.0,raw,13,0.4396513936686088,0.616422765478049
33,beta,1,max,1.0,raw,13,0.4337200633774735,0.618918389449773
15,beta,1,max,1.0,raw,15,0.4397987024198336,0.6160294063392678
28,beta,1,max,1.0,raw,13,0.4429154042680226,0.6219217108707649
38,beta,1,max,1.0,raw,15,0.4270128060080017,0.6276723768693692
11,beta,1,max,1.0,raw,13,0.4441328821371257,0.6196417386165234
6,beta,1,max,1.0,raw,15,0.4417866274777653,0.5985783319670364
32,beta,1,max,1.0,raw,13,0.4430155492210788,0.6152503137637708
12,beta,1,max,1.0,raw,13,0.4279494245775118,0.6161420354027723
37,beta,1,max,1.0,raw,12,0.4369782163255775,0.6286375917381476
2,beta,1,max,1.0,raw,14,0.4257772078015998,0.6330575440493527
49,beta,1,max,1.0,raw,13,0.4467008764981683,0.6337170537395428
21,beta,1,max,1.0,raw,13,0.4317850415047524,0.6270301306363254
29,beta,1,max,1.0,raw,13,0.4300898315610402,0.6583958785216647
18,beta,1,max,1.0,raw,15,0.43479063471093,0.6531020229843745
10,beta,1,max,1.0,raw,15,0.430895390738833,0.6296582918315328
31,beta,1,max,1.0,raw,15,0.4194056154096648,0.6619737259017273
34,beta,1,max,1.0,raw,15,0.4346273149116576,0.644329700041223
22,beta,1,max,1.0,raw,14,0.4388272384843773,0.6191484787718811
13,beta,1,max,1.0,raw,15,0.4397945010595213,0.6371364259473506
7,beta,1,max,1.0,raw,14,0.4238197220351655,0.6712817882795807
39,beta,1,max,1.0,raw,15,0.4233879405224211,0.6315095779956583
3,beta,1,max,1.0,raw,15,0.4347184346680316,0.6285257040954373
47,beta,1,max,1.0,raw,15,0.4228661514831376,0.6416541573131931
0,beta,1,max,1.0,raw,19,0.444066882155485,0.6121758953417924
30,beta,1,max,1.0,raw,14,0.453255470171331,0.6035708708145928
9,beta,1,max,1.0,raw,14,0.427359778401779,0.6475409137401978
35,beta,1,max,1.0,raw,14,0.42816346128018,0.6670930278823851
27,beta,1,max,1.0,raw,14,0.451893167961502,0.5978173212024133
25,beta,1,max,1.0,raw,13,0.4360009636026198,0.5997808990786064
19,beta,1,max,1.0,raw,15,0.4292305337116688,0.6189008596935964
36,beta,1,max,1.0,raw,18,0.4486104246340296,0.6151339317773789
16,beta,1,max,1.0,raw,13,0.4289600109322591,0.6480695110151712
43,beta,1,max,1.0,raw,15,0.4388098183090708,0.6182332300508337
23,beta,1,max,1.0,raw,14,0.4265421097461759,0.6425754011439182
24,beta,1,max,1.0,raw,14,0.431718862356143,0.6225330375556279
40,beta,1,max,1.0,raw,13,0.4242280224933595,0.6418556260834098
46,beta,1,max,1.0,raw,15,0.4311336284303803,0.6717960133272058
20,beta,1,max,1.0,raw,14,0.4187401400302015,0.6457015357117659
42,beta,1,max,1.0,raw,14,0.4374080970149021,0.6353873983577847
4,beta,1,max,1.0,raw,13,0.4407275729810619,0.6311965281227576
5,beta,1,max,1.0,raw,13,0.4139324559822088,0.6683963669160344
14,beta,1,max,1.0,raw,14,0.439069181778318,0.5997109446853238
45,beta,1,max,1.0,raw,13,0.4233890139701903,0.6483200806865562
44,beta,1,max,1.0,raw,13,0.4324675187003028,0.6240111668918706
48,beta,1,max,1.0,raw,13,0.4472959083399836,0.5988075854445507
41,beta,1,max,1.0,raw,13,0.4366367372267047,0.6353378738406933
1,beta,1,max,1.0,raw,14,0.438295084689058,0.6231896573864804
17,beta,1,max,1.0,raw,13,0.4438582986661566,0.624613854595336
8,beta,1,max,1.0,raw,13,0.4334768361048381,0.6342622859522702
26,beta,1,max,1.0,raw,14,0.4401206308780178,0.609979943080013
11,beta,1,max,1.0,raw,14,0.4441634461672022,0.617285029643549
15,beta,1,max,1.0,raw,16,0.4394615172538508,0.6186425491994224
33,beta,1,max,1.0,raw,14,0.4341183315756787,0.6161521522203608
28,beta,1,max,1.0,raw,14,0.4429972509940385,0.6261186351253282
38,beta,1,max,1.0,raw,16,0.4270206401524443,0.6344038098012711
6,beta,1,max,1.0,raw,16,0.4410152560317841,0.6146387942069005
32,beta,1,max,1.0,raw,14,0.4432150652114391,0.609319829870311
2,beta,1,max,1.0,raw,15,0.4260492268974221,0.6279496935863531
12,beta,1,max,1.0,raw,14,0.4282799990112783,0.6182526511016743
18,beta,1,max,1.0,raw,16,0.4368111773629304,0.6229109409712431
37,beta,1,max,1.0,raw,13,0.4369023703049606,0.6386697581519215
10,beta,1,max,1.0,raw,16,0.4313623903852919,0.6199912551922296
34,beta,1,max,1.0,raw,16,0.4343546299995116,0.6479788549673853
22,beta,1,max,1.0,raw,15,0.4390425226139788,0.6150808279089764
49,beta,1,max,1.0,raw,14,0.4473760543495325,0.6261993873223878
29,beta,1,max,1.0,raw,14,0.430488204516443,0.6534037590641364
31,beta,1,max,1.0,raw,16,0.419880851693472,0.6540977016890963
21,beta,1,max,1.0,raw,14,0.4309539684166934,0.6418991431380812
39,beta,1,max,1.0,raw,16,0.423876588221651,0.627585343161812
7,beta,1,max,1.0,raw,15,0.426001343144059,0.6520065659138506
3,beta,1,max,1.0,raw,16,0.435283923638583,0.6270532529824129
13,beta,1,max,1.0,raw,16,0.4394735543482727,0.6396302822173777
30,beta,1,max,1.0,raw,15,0.4533521148820795,0.6013891491754123
47,beta,1,max,1.0,raw,16,0.4230113971800325,0.6398043387069733
35,beta,1,max,1.0,raw,15,0.4292458952605844,0.647543410437229
27,beta,1,max,1.0,raw,15,0.4508130847393492,0.6047888820837987
0,beta,1,max,1.0,raw,20,0.4440943805436971,0.6190606912178976
9,beta,1,max,1.0,raw,15,0.4273011264779928,0.652584201938532
19,beta,1,max,1.0,raw,16,0.4290953630946724,0.6212595062272678
25,beta,1,max,1.0,raw,14,0.4362554901236661,0.5993823633506095
36,beta,1,max,1.0,raw,19,0.4486591668498799,0.6123184919210054
16,beta,1,max,1.0,raw,14,0.4294746565352594,0.6446185484051233
23,beta,1,max,1.0,raw,15,0.4263204083225784,0.6472381619986662
43,beta,1,max,1.0,raw,16,0.4390646340532129,0.625159886019183
24,beta,1,max,1.0,raw,15,0.4315640308206576,0.6316505888418539
40,beta,1,max,1.0,raw,14,0.4248923551051262,0.6393424339757315
46,beta,1,max,1.0,raw,16,0.43244818837398,0.6451571595435049
20,beta,1,max,1.0,raw,15,0.4188412268036854,0.6489679364314103
42,beta,1,max,1.0,raw,15,0.4374652916900802,0.6416722794314111
5,beta,1,max,1.0,raw,14,0.4141012569498691,0.6721401532829919
4,beta,1,max,1.0,raw,14,0.4407358564432468,0.6429658607937296
14,beta,1,max,1.0,raw,15,0.4398745402371388,0.582182555324061
45,beta,1,max,1.0,raw,14,0.4234897299785717,0.6431249831152575
44,beta,1,max,1.0,raw,14,0.4325597307270609,0.6267626149429338
48,beta,1,max,1.0,raw,14,0.4474794801077819,0.5972686125717017
1,beta,1,max,1.0,raw,15,0.4385019987413097,0.6308416375590714
41,beta,1,max,1.0,raw,14,0.4369028136877628,0.6348912358379835
17,beta,1,max,1.0,raw,14,0.443422993536274,0.6289876543209877
26,beta,1,max,1.0,raw,15,0.4395575166265472,0.619651866677759
11,beta,1,max,1.0,raw,15,0.4444257372985482,0.614161132996076
15,beta,1,max,1.0,raw,17,0.4401022292175384,0.6119332974944396
8,beta,1,max,1.0,raw,14,0.4345260597585677,0.6183200885247171
38,beta,1,max,1.0,raw,17,0.4269133574593134,0.6381310217224692
28,beta,1,max,1.0,raw,15,0.44274210707545,0.6304526829386623
33,beta,1,max,1.0,raw,15,0.4338564205988862,0.6207237818433413
2,beta,1,max,1.0,raw,16,0.4264057898597569,0.6263009509916683
6,beta,1,max,1.0,raw,17,0.4415297883937181,0.6032100789575873
18,beta,1,max,1.0,raw,17,0.4372973483629609,0.6209133639667721
32,beta,1,max,1.0,raw,15,0.4435172955076855,0.5995209873099986
10,beta,1,max,1.0,raw,17,0.4313594368277444,0.625736341643303
12,beta,1,max,1.0,raw,15,0.4292886443386093,0.6122732576641562
22,beta,1,max,1.0,raw,16,0.4388947054253547,0.6194857463057399
37,beta,1,max,1.0,raw,14,0.4378695289777493,0.6318516525769258
39,beta,1,max,1.0,raw,17,0.4236703042675279,0.626271499797228
49,beta,1,max,1.0,raw,15,0.4476696671477425,0.6167902683844503
3,beta,1,max,1.0,raw,17,0.4352599597396117,0.6230786496125937
21,beta,1,max,1.0,raw,15,0.4319822763067832,0.6241796600646159
29,beta,1,max,1.0,raw,15,0.4319270982799422,0.6376230105789855
31,beta,1,max,1.0,raw,17,0.4198705420057256,0.6652089775418678
34,beta,1,max,1.0,raw,17,0.4352081247362386,0.641198258929654
7,beta,1,max,1.0,raw,16,0.4251912430028363,0.6655180319639482
30,beta,1,max,1.0,raw,16,0.4531813290541107,0.6049139492753622
13,beta,1,max,1.0,raw,17,0.4391172184904863,0.6514981778133884
35,beta,1,max,1.0,raw,16,0.4287137355148318,0.6589112224669346
47,beta,1,max,1.0,raw,17,0.4233676148911703,0.6334002673446182
27,beta,1,max,1.0,raw,16,0.4510751430636621,0.6002931346493331
19,beta,1,max,1.0,raw,17,0.4289945910975345,0.6253957483742972
9,beta,1,max,1.0,raw,16,0.4276731961188681,0.6448666041595637
25,beta,1,max,1.0,raw,15,0.435915718081349,0.6020570142288127
0,beta,1,max,1.0,raw,21,0.4444129122618343,0.6172527220512679
36,beta,1,max,1.0,raw,20,0.4488855038080246,0.6166190305206463
23,beta,1,max,1.0,raw,16,0.4269714693559266,0.6420944765915493
43,beta,1,max,1.0,raw,17,0.4400452248945635,0.6073774655753036
46,beta,1,max,1.0,raw,17,0.4323342045763208,0.6548868815104167
16,beta,1,max,1.0,raw,15,0.4297012500296883,0.6462854332783027
24,beta,1,max,1.0,raw,16,0.4322978578453543,0.6168410126994465
40,beta,1,max,1.0,raw,15,0.4243221655697315,0.6465547568063628
42,beta,1,max,1.0,raw,16,0.4380055980172222,0.6340974968266921
20,beta,1,max,1.0,raw,16,0.4187761334192864,0.6510128818701347
14,beta,1,max,1.0,raw,16,0.439569500242978,0.5866884396643955
5,beta,1,max,1.0,raw,15,0.4148064533716584,0.6608864991227638
4,beta,1,max,1.0,raw,15,0.4412361424893402,0.62788334161285
45,beta,1,max,1.0,raw,15,0.4238237301646961,0.6416688429223661
44,beta,1,max,1.0,raw,15,0.4330533070424673,0.617747410490676
48,beta,1,max,1.0,raw,15,0.4472241778097315,0.6008092584847037
1,beta,1,max,1.0,raw,16,0.4385897314079852,0.6254167094719539
41,beta,1,max,1.0,raw,15,0.4365827447597591,0.6394494421397645
17,beta,1,max,1.0,raw,15,0.4436758986913816,0.6268415637860082
26,beta,1,max,1.0,raw,16,0.4399656739987999,0.6144600675741333
15,beta,1,max,1.0,raw,18,0.4403542836806594,0.6131089317901527
11,beta,1,max,1.0,raw,16,0.4444826156480013,0.6188263415899652
8,beta,1,max,1.0,raw,15,0.4339746228623697,0.631496493878816
38,beta,1,max,1.0,raw,18,0.4276610882129658,0.6236618487318593
28,beta,1,max,1.0,raw,16,0.4434455754174519,0.622648095128037
2,beta,1,max,1.0,raw,17,0.4269866678894774,0.6221653868615745
33,beta,1,max,1.0,raw,16,0.4341057512391374,0.6181957083355992
18,beta,1,max,1.0,raw,18,0.4368825369909222,0.6227182167744414
10,beta,1,max,1.0,raw,18,0.4316537949982387,0.6294967291055551
6,beta,1,max,1.0,raw,18,0.4418299000721898,0.6056384921833426
22,beta,1,max,1.0,raw,17,0.4392720336783079,0.6127703514701269
32,beta,1,max,1.0,raw,16,0.4431430103854775,0.6106944638125784
12,beta,1,max,1.0,raw,16,0.4288050520005038,0.6142014871491289
39,beta,1,max,1.0,raw,18,0.424582254338539,0.626824649920084
3,beta,1,max,1.0,raw,18,0.4355119939273675,0.6243875292091995
37,beta,1,max,1.0,raw,15,0.4367193341464536,0.6389549076683285
21,beta,1,max,1.0,raw,16,0.4317101124891065,0.6325807697710352
49,beta,1,max,1.0,raw,16,0.4472421698271303,0.623643156509782
34,beta,1,max,1.0,raw,18,0.4356590605491134,0.6418044811949852
31,beta,1,max,1.0,raw,18,0.4201742434097807,0.6577387669526034
7,beta,1,max,1.0,raw,17,0.4261960450197019,0.6507544454564322
30,beta,1,max,1.0,raw,17,0.4534466686938648,0.6012056471764118
29,beta,1,max,1.0,raw,16,0.4317246955023141,0.6426057520397144
27,beta,1,max,1.0,raw,17,0.450874263482567,0.6007569816068573
47,beta,1,max,1.0,raw,18,0.4238069590544004,0.6367495774219708
35,beta,1,max,1.0,raw,17,0.4306223842668747,0.6323977376719975
13,beta,1,max,1.0,raw,18,0.4387787115587224,0.6441269241746683
19,beta,1,max,1.0,raw,18,0.4299060612466193,0.6215698363275652
9,beta,1,max,1.0,raw,17,0.4276234905447101,0.6482109371194779
23,beta,1,max,1.0,raw,17,0.4279005346287746,0.6310378940454318
0,beta,1,max,1.0,raw,22,0.4444973327623205,0.6141947143771542
25,beta,1,max,1.0,raw,16,0.4364505339982499,0.5923200703042519
43,beta,1,max,1.0,raw,18,0.4390672473039928,0.6241297524247839
36,beta,1,max,1.0,raw,21,0.4486696287135785,0.6156689407540394
46,beta,1,max,1.0,raw,18,0.4327025835129373,0.6458210664636949
16,beta,1,max,1.0,raw,16,0.4297368454775639,0.6363971656570624
24,beta,1,max,1.0,raw,17,0.4325713570388975,0.6137523065233909
42,beta,1,max,1.0,raw,17,0.4378737488080007,0.6399009104764568
40,beta,1,max,1.0,raw,16,0.4251775048328886,0.6402684307127562
20,beta,1,max,1.0,raw,17,0.4190768233318473,0.6472041020907316
14,beta,1,max,1.0,raw,17,0.4395362605824009,0.5914289468250841
5,beta,1,max,1.0,raw,16,0.41451438501404,0.6664198355873144
4,beta,1,max,1.0,raw,16,0.4410539757379321,0.6370108185681955
45,beta,1,max,1.0,raw,16,0.4241381623103003,0.639452964360436
44,beta,1,max,1.0,raw,16,0.4329906943744092,0.6231200843625253
48,beta,1,max,1.0,raw,16,0.4471848927227922,0.6022063217017208
1,beta,1,max,1.0,raw,17,0.4380584116301516,0.6315061896445449
41,beta,1,max,1.0,raw,16,0.4375863330672621,0.6276313381212095
17,beta,1,max,1.0,raw,16,0.4439553276036641,0.6241310013717422
11,beta,1,max,1.0,raw,17,0.4443782576644104,0.619113516723096
26,beta,1,max,1.0,raw,17,0.4400414322451916,0.6110362695387188
15,beta,1,max,1.0,raw,19,0.4400077710494966,0.6166302348501618
2,beta,1,max,1.0,raw,18,0.4269300588954191,0.6228115587949515
8,beta,1,max,1.0,raw,16,0.4340403894075639,0.633760460251046
38,beta,1,max,1.0,raw,19,0.4275658854805127,0.6322268186863081
28,beta,1,max,1.0,raw,17,0.4431998180021935,0.6239714890809891
18,beta,1,max,1.0,raw,19,0.4370392859943823,0.6142120152072404
10,beta,1,max,1.0,raw,19,0.4318111134765114,0.6257204256126772
22,beta,1,max,1.0,raw,18,0.4398620398396219,0.6057701999288108
39,beta,1,max,1.0,raw,19,0.4247395958852697,0.6349650516472244
6,beta,1,max,1.0,raw,19,0.4427316229435,0.5861680401547511
33,beta,1,max,1.0,raw,17,0.434545932043012,0.6072146244973827
3,beta,1,max,1.0,raw,19,0.4353376150998956,0.6326817119665478
32,beta,1,max,1.0,raw,17,0.4437936848642395,0.5992448751917447
12,beta,1,max,1.0,raw,17,0.4290526989500188,0.618592101616154
34,beta,1,max,1.0,raw,19,0.4360597951662173,0.6360029341157643
31,beta,1,max,1.0,raw,19,0.4204834133215301,0.6650384699233897
37,beta,1,max,1.0,raw,16,0.4369643713166942,0.6370630502998587
7,beta,1,max,1.0,raw,18,0.4268536667359208,0.6586659599904633
21,beta,1,max,1.0,raw,17,0.4322189840625457,0.6262751088636044
49,beta,1,max,1.0,raw,17,0.447864597827911,0.6171338690690136
27,beta,1,max,1.0,raw,18,0.4511500101447355,0.600830074742061
30,beta,1,max,1.0,raw,18,0.4531128487108677,0.6085925787106448
29,beta,1,max,1.0,raw,17,0.4310174646799841,0.6532234595127677
47,beta,1,max,1.0,raw,19,0.4235513372235111,0.6444381816129792
19,beta,1,max,1.0,raw,19,0.4296869451345849,0.6240414554171719
35,beta,1,max,1.0,raw,18,0.4300941450442463,0.6407220210691875
13,beta,1,max,1.0,raw,19,0.4397233090056254,0.6429198745157286
23,beta,1,max,1.0,raw,18,0.4277690368264356,0.6359484748537996
43,beta,1,max,1.0,raw,19,0.4392123940522614,0.6214020178776287
9,beta,1,max,1.0,raw,18,0.4281337215064283,0.6510082314548732
46,beta,1,max,1.0,raw,19,0.4322097788851863,0.660695094688266
25,beta,1,max,1.0,raw,17,0.4363926770605477,0.5989894513628947
0,beta,1,max,1.0,raw,23,0.444014414063598,0.6195255193376028
36,beta,1,max,1.0,raw,22,0.4485113794165377,0.6143511669658887
42,beta,1,max,1.0,raw,18,0.4382102854458731,0.641510592609965
16,beta,1,max,1.0,raw,17,0.4314426123282891,0.6234622029065107
24,beta,1,max,1.0,raw,18,0.432056847722834,0.6331155703896667
40,beta,1,max,1.0,raw,17,0.4251645197514444,0.6480868257367187
14,beta,1,max,1.0,raw,18,0.4398638353115197,0.5849537323798262
5,beta,1,max,1.0,raw,17,0.416040607830541,0.6444776327046522
20,beta,1,max,1.0,raw,18,0.420644413526977,0.6337217933491687
4,beta,1,max,1.0,raw,17,0.4414011693341366,0.630837749075454
45,beta,1,max,1.0,raw,17,0.423701623417029,0.6501460342617691
41,beta,1,max,1.0,raw,17,0.4375046321078723,0.6273792843672327
44,beta,1,max,1.0,raw,17,0.4329535423204383,0.6243568599258539
1,beta,1,max,1.0,raw,18,0.439021021013816,0.6253223238134374
48,beta,1,max,1.0,raw,17,0.4463936080184011,0.6046606118546844
15,beta,1,max,1.0,raw,20,0.4402557672483531,0.6174343041457168
17,beta,1,max,1.0,raw,17,0.4429848555339959,0.6330895061728397
26,beta,1,max,1.0,raw,18,0.4399366643144138,0.6218781218781219
11,beta,1,max,1.0,raw,18,0.4451752836068737,0.6122830492449861
2,beta,1,max,1.0,raw,19,0.4267506195090679,0.6310527215091415
18,beta,1,max,1.0,raw,20,0.4371984839269575,0.6199119417737442
38,beta,1,max,1.0,raw,20,0.4271629034522299,0.6377043769014427
10,beta,1,max,1.0,raw,20,0.4320778337028702,0.6247471453247712
8,beta,1,max,1.0,raw,17,0.4345357645425081,0.6265887111614753
28,beta,1,max,1.0,raw,18,0.4437554056886045,0.6237572124633524
6,beta,1,max,1.0,raw,20,0.4418723422217395,0.6044918813191239
22,beta,1,max,1.0,raw,19,0.4398509958324236,0.605995397373049
39,beta,1,max,1.0,raw,20,0.4245790781338852,0.6282527016388749
3,beta,1,max,1.0,raw,20,0.4348710123467575,0.6416240314844422
33,beta,1,max,1.0,raw,18,0.4345710325770895,0.6131208882360225
34,beta,1,max,1.0,raw,20,0.4360227679194016,0.6343355197749704
32,beta,1,max,1.0,raw,18,0.4429123427119282,0.6150128991772417
12,beta,1,max,1.0,raw,18,0.4293802897087216,0.6124802814154265
31,beta,1,max,1.0,raw,20,0.421817351747013,0.6567349411021108
7,beta,1,max,1.0,raw,19,0.4265932861508918,0.6501263841219691
49,beta,1,max,1.0,raw,18,0.4475383343607015,0.6280558862226677
47,beta,1,max,1.0,raw,20,0.423996641348186,0.6405314142973918
37,beta,1,max,1.0,raw,17,0.4376467901294972,0.6326971015390331
27,beta,1,max,1.0,raw,19,0.4504071314517303,0.6054075756358064
19,beta,1,max,1.0,raw,20,0.4293416799085426,0.6269243221646644
21,beta,1,max,1.0,raw,18,0.4319982816178531,0.6340167158308752
35,beta,1,max,1.0,raw,19,0.4297969852025362,0.6545102034129182
30,beta,1,max,1.0,raw,19,0.4534443519174489,0.6050271739130435
29,beta,1,max,1.0,raw,18,0.4323868148912092,0.6441195422327498
13,beta,1,max,1.0,raw,20,0.4405152096152229,0.6400645145124039
23,beta,1,max,1.0,raw,19,0.4274999071701127,0.6418817728256891
46,beta,1,max,1.0,raw,20,0.4327923697737708,0.6542861040900735
43,beta,1,max,1.0,raw,20,0.4401295013208385,0.6084832948126617
9,beta,1,max,1.0,raw,19,0.4279478576786149,0.6517147849593298
0,beta,1,max,1.0,raw,24,0.443727903084562,0.6250247303620389
25,beta,1,max,1.0,raw,18,0.4358861824649127,0.6081947643727805
36,beta,1,max,1.0,raw,23,0.4490213540963468,0.6102312387791742
42,beta,1,max,1.0,raw,19,0.4381020694777827,0.6420626142831851
16,beta,1,max,1.0,raw,18,0.430851677058908,0.635353925641607
24,beta,1,max,1.0,raw,19,0.4330283766196479,0.6164726473461414
40,beta,1,max,1.0,raw,18,0.4249782514617299,0.6500149765473642
14,beta,1,max,1.0,raw,19,0.4392476767205515,0.5993366743622952
5,beta,1,max,1.0,raw,18,0.4156887399944324,0.6592488526962456
4,beta,1,max,1.0,raw,18,0.4418169828201794,0.6307542639509853
20,beta,1,max,1.0,raw,19,0.4197309192912404,0.6549216122621764
45,beta,1,max,1.0,raw,18,0.425305021445891,0.6278542719148948
15,beta,1,max,1.0,raw,21,0.4396131775052448,0.6241600259304936
41,beta,1,max,1.0,raw,18,0.4380164844359039,0.6286857786087259
44,beta,1,max,1.0,raw,18,0.4332312881767546,0.6254724751151359
48,beta,1,max,1.0,raw,18,0.4465449995398409,0.60485256333652
1,beta,1,max,1.0,raw,19,0.4386878407291274,0.6287272703924389
17,beta,1,max,1.0,raw,18,0.443599887763784,0.6270380658436214
26,beta,1,max,1.0,raw,19,0.4405592497338951,0.6087558347880251
11,beta,1,max,1.0,raw,19,0.4451734091389632,0.6059610343576606
2,beta,1,max,1.0,raw,20,0.4273997003447143,0.6260688774013878
18,beta,1,max,1.0,raw,21,0.4372281012997506,0.6330456929860167
38,beta,1,max,1.0,raw,21,0.428405426933961,0.6284959316726817
10,beta,1,max,1.0,raw,21,0.4318746734871851,0.6257882939696863
6,beta,1,max,1.0,raw,21,0.4417501477153295,0.6055381772159181
22,beta,1,max,1.0,raw,20,0.4399067381346457,0.6052398053222721
39,beta,1,max,1.0,raw,21,0.4249555122708739,0.6299896824828837
3,beta,1,max,1.0,raw,21,0.4363170707757206,0.6307723527241422
8,beta,1,max,1.0,raw,18,0.4353985041917261,0.6129740406593833
28,beta,1,max,1.0,raw,19,0.4430982013717973,0.6288883962473291
34,beta,1,max,1.0,raw,21,0.4367238209929884,0.6351142122747884
7,beta,1,max,1.0,raw,20,0.426555472095989,0.6663742193543519
33,beta,1,max,1.0,raw,19,0.4346165321716677,0.6135981984732625
47,beta,1,max,1.0,raw,21,0.4244984366912722,0.6399866784355708
31,beta,1,max,1.0,raw,21,0.4211104847939149,0.6623100734583064
32,beta,1,max,1.0,raw,19,0.4435353875003181,0.6124675777436899
12,beta,1,max,1.0,raw,19,0.4292619158157901,0.6225173403778439
37,beta,1,max,1.0,raw,18,0.4379767987331329,0.6299159260520855
27,beta,1,max,1.0,raw,20,0.4518840173161911,0.5959556979389814
19,beta,1,max,1.0,raw,21,0.4300562576707962,0.6266425796318748
49,beta,1,max,1.0,raw,19,0.447601059312564,0.6285234733346743
30,beta,1,max,1.0,raw,20,0.4540671879053146,0.5927977417541229
21,beta,1,max,1.0,raw,19,0.4323821279561866,0.624727840988903
35,beta,1,max,1.0,raw,20,0.4304838430593766,0.6597830589876399
29,beta,1,max,1.0,raw,19,0.43250409234597,0.651477639527954
23,beta,1,max,1.0,raw,20,0.4273444885303315,0.651285219028024
13,beta,1,max,1.0,raw,21,0.4397130240031697,0.640158633827582
43,beta,1,max,1.0,raw,21,0.4395294631775229,0.614368042308818
46,beta,1,max,1.0,raw,21,0.4338118374138935,0.6421320298138786
9,beta,1,max,1.0,raw,20,0.4279312481975779,0.6619082119721397
25,beta,1,max,1.0,raw,19,0.436250998460343,0.6036732771859104
42,beta,1,max,1.0,raw,20,0.4377516125170573,0.6558644626738623
0,beta,1,max,1.0,raw,25,0.4442967324200491,0.6215296199568031
36,beta,1,max,1.0,raw,24,0.4484187756925784,0.6126068222621185
16,beta,1,max,1.0,raw,19,0.4309580830782276,0.6334826717418308
24,beta,1,max,1.0,raw,20,0.4323658956047245,0.6324215782047108
40,beta,1,max,1.0,raw,19,0.4253074039151119,0.6480167227490569
14,beta,1,max,1.0,raw,20,0.4401097965068493,0.5808975730615462
5,beta,1,max,1.0,raw,19,0.4178856205493503,0.6339424739905838
20,beta,1,max,1.0,raw,20,0.4201930745004843,0.6497241804049763
4,beta,1,max,1.0,raw,19,0.4417611948407164,0.6306552547331234
15,beta,1,max,1.0,raw,22,0.44049504846048,0.6117270920954158
45,beta,1,max,1.0,raw,19,0.4260003112581396,0.6180079906105823
48,beta,1,max,1.0,raw,19,0.446390002832577,0.6029203513384321
26,beta,1,max,1.0,raw,20,0.4397309675332366,0.6165129482134382
11,beta,1,max,1.0,raw,20,0.4444567338002717,0.6233913163511555
44,beta,1,max,1.0,raw,19,0.4334364597167806,0.6214631071695393
41,beta,1,max,1.0,raw,19,0.4376344303955362,0.6313268771757985
17,beta,1,max,1.0,raw,19,0.444381024095825,0.6278518518518519
1,beta,1,max,1.0,raw,20,0.4394517177983112,0.6206178087117319
18,beta,1,max,1.0,raw,22,0.4375666669732441,0.6324393244118348
2,beta,1,max,1.0,raw,21,0.4276154235151125,0.6176629041842103
10,beta,1,max,1.0,raw,22,0.4322568542373874,0.6239954882557712
39,beta,1,max,1.0,raw,22,0.4250082996904362,0.6295337436484649
6,beta,1,max,1.0,raw,22,0.442293288580852,0.5979077677582662
22,beta,1,max,1.0,raw,21,0.4394956949596018,0.6190152633823317
38,beta,1,max,1.0,raw,22,0.4281909021763854,0.6244509913060677
3,beta,1,max,1.0,raw,22,0.4362475314794616,0.6275771737793631
34,beta,1,max,1.0,raw,22,0.4357559831146129,0.6469406993380054
8,beta,1,max,1.0,raw,19,0.4349366090888475,0.6266819333062141
28,beta,1,max,1.0,raw,20,0.4441015107202378,0.6157770930209836
7,beta,1,max,1.0,raw,21,0.4276688930606397,0.6524871171670288
31,beta,1,max,1.0,raw,22,0.4217775373553366,0.6602346031071376
47,beta,1,max,1.0,raw,22,0.4253691332443614,0.6213837856598121
12,beta,1,max,1.0,raw,20,0.4300768388803431,0.606897483891499
32,beta,1,max,1.0,raw,20,0.4437557079055541,0.6145670059963743
33,beta,1,max,1.0,raw,20,0.4342203853064372,0.6235869880708476
30,beta,1,max,1.0,raw,21,0.4534812217628799,0.6054898332083958
19,beta,1,max,1.0,raw,22,0.4297059662058713,0.6240572991292848
37,beta,1,max,1.0,raw,19,0.4375615417247664,0.6297378688879943
21,beta,1,max,1.0,raw,20,0.4324807841105961,0.6332476471414525
23,beta,1,max,1.0,raw,21,0.4287608471713312,0.6279941566663567
49,beta,1,max,1.0,raw,20,0.4481208154916583,0.6215109856591231
27,beta,1,max,1.0,raw,21,0.4503159433798406,0.6059039854118573
35,beta,1,max,1.0,raw,21,0.4304804680920345,0.6497490398095769
29,beta,1,max,1.0,raw,20,0.4329087456788416,0.641437435148127
13,beta,1,max,1.0,raw,22,0.4394965934447805,0.6448059278055959
43,beta,1,max,1.0,raw,22,0.4398163036503419,0.6142570220324785
46,beta,1,max,1.0,raw,22,0.4325400083426972,0.6686452229817708
9,beta,1,max,1.0,raw,21,0.4281977925754168,0.6547358263114316
25,beta,1,max,1.0,raw,20,0.4366684913718462,0.5975344022938861
42,beta,1,max,1.0,raw,21,0.4384378530836689,0.6375569415255528
0,beta,1,max,1.0,raw,26,0.444159319642706,0.6280652813100074
36,beta,1,max,1.0,raw,25,0.4485843325018038,0.6136682226211849
16,beta,1,max,1.0,raw,20,0.4312518686447569,0.6338540485823495
14,beta,1,max,1.0,raw,21,0.4406696182007613,0.5690387972295737
24,beta,1,max,1.0,raw,21,0.4325582666508247,0.6248738196027352
40,beta,1,max,1.0,raw,20,0.4249209891532898,0.6519020215152441
5,beta,1,max,1.0,raw,20,0.4167725925111275,0.6566346826699612
15,beta,1,max,1.0,raw,23,0.4401052933928684,0.6151930556873162
20,beta,1,max,1.0,raw,21,0.4208366720457427,0.6366541679405471
4,beta,1,max,1.0,raw,20,0.4406256905678823,0.6442029585472209
48,beta,1,max,1.0,raw,20,0.4466902517679912,0.6044574569789676
45,beta,1,max,1.0,raw,20,0.4260251108075729,0.6253676371266221
11,beta,1,max,1.0,raw,21,0.4440724356584729,0.6194964169006034
26,beta,1,max,1.0,raw,21,0.4403174314364882,0.61404655526419
44,beta,1,max,1.0,raw,20,0.4337716467949752,0.6199350097096111
41,beta,1,max,1.0,raw,20,0.4382363661904668,0.6349355873039868
10,beta,1,max,1.0,raw,23,0.432682213298719,0.6174609066251528
18,beta,1,max,1.0,raw,23,0.4377537740656904,0.6248502669323078
1,beta,1,max,1.0,raw,21,0.4398641910173466,0.6222380958495993
2,beta,1,max,1.0,raw,22,0.4272118603751659,0.6273038404353802
17,beta,1,max,1.0,raw,20,0.4444397857375491,0.6191433470507545
39,beta,1,max,1.0,raw,23,0.4252218018298439,0.6221734177819127
38,beta,1,max,1.0,raw,23,0.4286686522326356,0.6257041978242116
6,beta,1,max,1.0,raw,23,0.4431047422569817,0.5900990205807481
22,beta,1,max,1.0,raw,22,0.4403215093618232,0.6036813967175446
34,beta,1,max,1.0,raw,23,0.4365272436466739,0.6394159654695798
31,beta,1,max,1.0,raw,23,0.422284316250039,0.6665617811429008
3,beta,1,max,1.0,raw,23,0.4360903270372513,0.6307130119296519
8,beta,1,max,1.0,raw,20,0.435557224167833,0.6179686894661398
7,beta,1,max,1.0,raw,22,0.4271510601617284,0.6642104522899226
47,beta,1,max,1.0,raw,23,0.4243198302452383,0.6481417330950848
28,beta,1,max,1.0,raw,21,0.4433704324427331,0.6301777619952792
30,beta,1,max,1.0,raw,22,0.4535228035397293,0.6044594890054973
12,beta,1,max,1.0,raw,21,0.4295525078701288,0.620720168904006
19,beta,1,max,1.0,raw,23,0.4300542826544507,0.6334967072633088
33,beta,1,max,1.0,raw,21,0.4344839974738975,0.6170890824046477
23,beta,1,max,1.0,raw,22,0.4282902976259529,0.6389223142972381
32,beta,1,max,1.0,raw,21,0.4434724907111461,0.615027541486543
37,beta,1,max,1.0,raw,20,0.4378080645819168,0.6338260871809164
27,beta,1,max,1.0,raw,22,0.4510019486040535,0.5980348685432089
35,beta,1,max,1.0,raw,22,0.430761330621026,0.6559736014923032
21,beta,1,max,1.0,raw,21,0.4322880166447371,0.6335373647984268
49,beta,1,max,1.0,raw,21,0.4470031001145647,0.6332755169673447
43,beta,1,max,1.0,raw,23,0.4400152553005337,0.6124749783846887
29,beta,1,max,1.0,raw,21,0.432577540387087,0.6538097355707418
13,beta,1,max,1.0,raw,23,0.4401523029555316,0.6380996210169653
46,beta,1,max,1.0,raw,23,0.4337057192458531,0.6461029052734376
9,beta,1,max,1.0,raw,22,0.4289172291001883,0.6521303151332132
25,beta,1,max,1.0,raw,21,0.4362331679794188,0.6083316087196469
42,beta,1,max,1.0,raw,22,0.43808688241463,0.6574427873632113
0,beta,1,max,1.0,raw,27,0.4437689884582561,0.629696971771447
14,beta,1,max,1.0,raw,22,0.4399215067132144,0.5918343750586558
16,beta,1,max,1.0,raw,21,0.4312797004036685,0.6423558000887727
36,beta,1,max,1.0,raw,26,0.4491843168910999,0.611057091561939
24,beta,1,max,1.0,raw,22,0.4330803864967064,0.6216185688700748
40,beta,1,max,1.0,raw,21,0.4264635166840273,0.6436120245742837
5,beta,1,max,1.0,raw,21,0.4169022688747421,0.6531646796318877
15,beta,1,max,1.0,raw,24,0.4409726638074184,0.6029024233416606
20,beta,1,max,1.0,raw,22,0.4208670159668281,0.6387766485971639
48,beta,1,max,1.0,raw,21,0.4464303592237369,0.6036941324091778
11,beta,1,max,1.0,raw,22,0.4442583121100128,0.619963943566618
4,beta,1,max,1.0,raw,21,0.4421140346898337,0.6223277860572942
26,beta,1,max,1.0,raw,22,0.4399283996759366,0.6165171427592702
45,beta,1,max,1.0,raw,21,0.4256799384859607,0.6403120600586538
10,beta,1,max,1.0,raw,24,0.4324038907578283,0.6228080923105752
18,beta,1,max,1.0,raw,24,0.437537055489884,0.6333047242215895
39,beta,1,max,1.0,raw,24,0.4252718406711038,0.6256121925618454
44,beta,1,max,1.0,raw,21,0.433976356851173,0.6166747552124133
1,beta,1,max,1.0,raw,22,0.4392084415383666,0.628772858023423
2,beta,1,max,1.0,raw,23,0.428386087233493,0.6131103726693818
38,beta,1,max,1.0,raw,24,0.4286857545447002,0.6313594968731645
34,beta,1,max,1.0,raw,24,0.4370693744155345,0.6326568903222677
17,beta,1,max,1.0,raw,21,0.4438377689817249,0.6275356652949247
22,beta,1,max,1.0,raw,23,0.4400410597510797,0.6071499307491427
6,beta,1,max,1.0,raw,24,0.4420818795813346,0.6052595245286275
41,beta,1,max,1.0,raw,21,0.4375485325188538,0.6354721775757739
31,beta,1,max,1.0,raw,24,0.4226988413111461,0.6626239063213023
3,beta,1,max,1.0,raw,24,0.4363595710426398,0.6338583815028902
47,beta,1,max,1.0,raw,24,0.4249868594269892,0.6417572330810586
7,beta,1,max,1.0,raw,23,0.4287785713529716,0.6553584180515748
30,beta,1,max,1.0,raw,23,0.4535101207625848,0.6037114255372313
8,beta,1,max,1.0,raw,21,0.4353356298147056,0.6238298804819463
28,beta,1,max,1.0,raw,22,0.4442647688326154,0.6188915160609759
19,beta,1,max,1.0,raw,24,0.4300069488474025,0.6291296980050699
23,beta,1,max,1.0,raw,23,0.428893778051596,0.6384738304135616
27,beta,1,max,1.0,raw,23,0.4508546647133324,0.6001632297881893
35,beta,1,max,1.0,raw,23,0.4316397619454571,0.640981816649854
32,beta,1,max,1.0,raw,22,0.4442133807845045,0.606586947427137
12,beta,1,max,1.0,raw,22,0.4301006238493822,0.61466788941852
33,beta,1,max,1.0,raw,22,0.4345807020681327,0.6160542004283671
37,beta,1,max,1.0,raw,21,0.4378265456479545,0.6305139658749573
21,beta,1,max,1.0,raw,22,0.4326692640249135,0.6312557943531394
43,beta,1,max,1.0,raw,24,0.4399906346830783,0.614581335809422
46,beta,1,max,1.0,raw,24,0.4334540958431484,0.6473143334482231
49,beta,1,max,1.0,raw,22,0.4478233225353884,0.6272110638101425
13,beta,1,max,1.0,raw,24,0.4398167440955844,0.6430744991049498
29,beta,1,max,1.0,raw,22,0.433006593584643,0.6382700923581427
25,beta,1,max,1.0,raw,22,0.4360666637421432,0.6101608239754295
9,beta,1,max,1.0,raw,23,0.4288905121742229,0.6513400467585602
14,beta,1,max,1.0,raw,23,0.440389407191573,0.5800041293616383
42,beta,1,max,1.0,raw,23,0.4384312765613726,0.6447214642358551
0,beta,1,max,1.0,raw,28,0.4436760498269608,0.6318910426457552
16,beta,1,max,1.0,raw,22,0.4309925547917052,0.6378149757790771
36,beta,1,max,1.0,raw,27,0.4494922468802493,0.6109892280071814
24,beta,1,max,1.0,raw,23,0.4330945965112965,0.6240400792358624
5,beta,1,max,1.0,raw,22,0.4179695521551973,0.6506203674582502
40,beta,1,max,1.0,raw,22,0.426392597554439,0.6400804272458449
15,beta,1,max,1.0,raw,25,0.4401478849136804,0.6200658934952408
11,beta,1,max,1.0,raw,23,0.4449577759148263,0.614521836061844
26,beta,1,max,1.0,raw,23,0.4395665340317122,0.6204684049330655
10,beta,1,max,1.0,raw,25,0.4325307583207689,0.627613232047318
48,beta,1,max,1.0,raw,22,0.4463558856511112,0.6043640953632887
20,beta,1,max,1.0,raw,23,0.4202092806203841,0.6541407481009383
45,beta,1,max,1.0,raw,22,0.4262350271621257,0.6293275219801826
4,beta,1,max,1.0,raw,22,0.4419192481109726,0.6321024452171994
39,beta,1,max,1.0,raw,25,0.4263181888036896,0.6206749922469526
1,beta,1,max,1.0,raw,23,0.4397422178717312,0.6225539988699403
18,beta,1,max,1.0,raw,25,0.4381688658974818,0.6319534859221482
44,beta,1,max,1.0,raw,22,0.4334382989954443,0.6243944498479959
38,beta,1,max,1.0,raw,25,0.4286246071616503,0.6332294507206856
2,beta,1,max,1.0,raw,24,0.4283047187495802,0.619478369976308
6,beta,1,max,1.0,raw,25,0.442227637420472,0.6013533531805957
34,beta,1,max,1.0,raw,25,0.4367824869612579,0.6394911370304809
17,beta,1,max,1.0,raw,22,0.4441335196081865,0.6248727709190672
31,beta,1,max,1.0,raw,25,0.4217929760349451,0.6681383588325968
3,beta,1,max,1.0,raw,25,0.4361469770455547,0.6341587750584183
41,beta,1,max,1.0,raw,22,0.4389607532213036,0.6238202353875975
22,beta,1,max,1.0,raw,24,0.4398768437946655,0.611905508703053
47,beta,1,max,1.0,raw,25,0.4264256037607463,0.6165418340832421
30,beta,1,max,1.0,raw,24,0.4532997353488411,0.6072065529735132
7,beta,1,max,1.0,raw,24,0.4278984974263539,0.6646972927326128
8,beta,1,max,1.0,raw,22,0.4356443869054572,0.6230341628893538
23,beta,1,max,1.0,raw,24,0.4293626250714545,0.6262457049557971
19,beta,1,max,1.0,raw,25,0.4308226762568928,0.6243090763804695
27,beta,1,max,1.0,raw,24,0.4514434459515991,0.5961323685501371
28,beta,1,max,1.0,raw,23,0.4438567879286151,0.6202459060026427
35,beta,1,max,1.0,raw,24,0.4316874690118659,0.6450414151603594
32,beta,1,max,1.0,raw,23,0.4437021283399369,0.6055842978664064
46,beta,1,max,1.0,raw,25,0.4338138811963034,0.6572983685661765
33,beta,1,max,1.0,raw,23,0.4347185203623485,0.6138137579352418
12,beta,1,max,1.0,raw,23,0.4307239862735524,0.6084852362979363
43,beta,1,max,1.0,raw,25,0.4396493600761939,0.6199775940896842
21,beta,1,max,1.0,raw,23,0.4328557684853851,0.6290247928079787
37,beta,1,max,1.0,raw,22,0.4379496817872805,0.6305694474550729
49,beta,1,max,1.0,raw,23,0.4479217547489946,0.628466426388005
13,beta,1,max,1.0,raw,25,0.4402637549736743,0.6411499424588732
29,beta,1,max,1.0,raw,23,0.4339893701301929,0.6392744455637537
25,beta,1,max,1.0,raw,23,0.437274568243753,0.5866880818696611
14,beta,1,max,1.0,raw,24,0.440579424861621,0.5802755410402237
9,beta,1,max,1.0,raw,24,0.4283939658319695,0.6572253543422142
42,beta,1,max,1.0,raw,24,0.4388498361414455,0.6432607299621033
0,beta,1,max,1.0,raw,29,0.444292925754554,0.6226992206085209
36,beta,1,max,1.0,raw,28,0.4489445056541267,0.61171921005386
16,beta,1,max,1.0,raw,23,0.4312693004159226,0.6364552830990008
15,beta,1,max,1.0,raw,26,0.4405823166105976,0.6145704866710938
24,beta,1,max,1.0,raw,24,0.4331999700378062,0.6251475496580919
11,beta,1,max,1.0,raw,24,0.4448045209088863,0.613741122022379
26,beta,1,max,1.0,raw,24,0.4402510794691881,0.6140185916253096
5,beta,1,max,1.0,raw,23,0.4170685101954537,0.6609798411045984
40,beta,1,max,1.0,raw,23,0.4260001538515932,0.6546079968389926
10,beta,1,max,1.0,raw,26,0.4328340456175399,0.6212233962046574
39,beta,1,max,1.0,raw,26,0.4263158818899207,0.632082707125647
20,beta,1,max,1.0,raw,24,0.4212149295301088,0.6383871351802639
48,beta,1,max,1.0,raw,23,0.4459338788565176,0.6063030293977055
45,beta,1,max,1.0,raw,23,0.4264679017862508,0.6364818500274658
1,beta,1,max,1.0,raw,24,0.4396892506633032,0.6255027480994452
18,beta,1,max,1.0,raw,26,0.438311182451736,0.6231904220412033
4,beta,1,max,1.0,raw,23,0.4416330143265847,0.6391434840205332
38,beta,1,max,1.0,raw,26,0.4294120252323744,0.6200301892138043
2,beta,1,max,1.0,raw,25,0.427796137282975,0.6234035377196092
6,beta,1,max,1.0,raw,26,0.4425106074521946,0.5999985617925818
34,beta,1,max,1.0,raw,26,0.4369536291972429,0.6366761439414148
44,beta,1,max,1.0,raw,23,0.4340336432590456,0.6209271151547127
3,beta,1,max,1.0,raw,26,0.436651514026433,0.6263980445209691
22,beta,1,max,1.0,raw,25,0.4398671382831326,0.6119312354846327
17,beta,1,max,1.0,raw,23,0.4445274694781455,0.6221227709190671
47,beta,1,max,1.0,raw,26,0.4266582521276927,0.621785976867971
31,beta,1,max,1.0,raw,26,0.4233331206776743,0.65982384723396
41,beta,1,max,1.0,raw,23,0.4380139499657181,0.6295824902910894
30,beta,1,max,1.0,raw,25,0.4542488105519016,0.5951899050474763
7,beta,1,max,1.0,raw,25,0.4296545536241664,0.647568685096279
23,beta,1,max,1.0,raw,25,0.4284479990256367,0.6458335144882702
8,beta,1,max,1.0,raw,23,0.4363813062205076,0.6196878510963894
19,beta,1,max,1.0,raw,26,0.4314614351229547,0.6130338642124987
27,beta,1,max,1.0,raw,25,0.4507063739016125,0.6014889521977824
35,beta,1,max,1.0,raw,25,0.4320016274807879,0.6489275240544962
46,beta,1,max,1.0,raw,26,0.4342677745618343,0.6493440515854779
28,beta,1,max,1.0,raw,24,0.4441195453616975,0.6204746698758745
33,beta,1,max,1.0,raw,24,0.4350669680216499,0.6122019759398949
32,beta,1,max,1.0,raw,24,0.4435508751379914,0.612870589875889
43,beta,1,max,1.0,raw,26,0.4400495762421932,0.614945011320704
12,beta,1,max,1.0,raw,24,0.4306252217672854,0.6132385700647077
37,beta,1,max,1.0,raw,23,0.4380096974660175,0.6318848770115298
21,beta,1,max,1.0,raw,24,0.4325894417917835,0.6337062789717658
49,beta,1,max,1.0,raw,24,0.447895506055882,0.6273584625682997
29,beta,1,max,1.0,raw,24,0.4335614097837764,0.6438236815595306
13,beta,1,max,1.0,raw,26,0.439941507862346,0.6389491395111052
14,beta,1,max,1.0,raw,25,0.4400915467599138,0.5889704750642866
25,beta,1,max,1.0,raw,24,0.4369524526633525,0.5965288775314329
42,beta,1,max,1.0,raw,25,0.4397288834780921,0.6348210045226581
9,beta,1,max,1.0,raw,25,0.4294856898018819,0.6550786006526715
0,beta,1,max,1.0,raw,30,0.4448871588957298,0.6234549941639769
36,beta,1,max,1.0,raw,29,0.4487281608314646,0.6128624775583483
16,beta,1,max,1.0,raw,24,0.4321437337454379,0.6332693615703205
15,beta,1,max,1.0,raw,27,0.4403699170343608,0.6215024138548947
26,beta,1,max,1.0,raw,25,0.4405204188911014,0.611282349560866
11,beta,1,max,1.0,raw,25,0.4445967527108345,0.6164283598623501
24,beta,1,max,1.0,raw,25,0.43336981068121,0.6240560213828286
5,beta,1,max,1.0,raw,24,0.4174989216613549,0.6645978833367915
10,beta,1,max,1.0,raw,27,0.4330115662697258,0.6245939910678034
40,beta,1,max,1.0,raw,24,0.4263346863686151,0.648839476904252
20,beta,1,max,1.0,raw,25,0.4212614295325804,0.6412713717927612
48,beta,1,max,1.0,raw,24,0.4461001741444449,0.6028927163001913
39,beta,1,max,1.0,raw,27,0.4262583622993124,0.6263526086023045
45,beta,1,max,1.0,raw,24,0.4269401806599356,0.630122680786814
2,beta,1,max,1.0,raw,26,0.4286487160543641,0.6140590691043746
1,beta,1,max,1.0,raw,25,0.4393916277771068,0.6252118861721799
38,beta,1,max,1.0,raw,27,0.4298070914563476,0.6157209762916446
18,beta,1,max,1.0,raw,27,0.438912071306213,0.624302459247508
34,beta,1,max,1.0,raw,27,0.4367804058956809,0.6357331652076919
6,beta,1,max,1.0,raw,27,0.4420509356649002,0.6097488889847693
44,beta,1,max,1.0,raw,24,0.43431056114134,0.6125680562184135
4,beta,1,max,1.0,raw,24,0.4418315189178742,0.6370308273996799
3,beta,1,max,1.0,raw,27,0.4371534235000723,0.6228363669905301
22,beta,1,max,1.0,raw,26,0.4401499839122734,0.6103848092165315
31,beta,1,max,1.0,raw,27,0.4235906155201863,0.6557525316674656
47,beta,1,max,1.0,raw,27,0.4256077334112794,0.6366269303057762
17,beta,1,max,1.0,raw,24,0.4443565615384477,0.6248679698216736
30,beta,1,max,1.0,raw,26,0.4539063885371773,0.6000780859570214
41,beta,1,max,1.0,raw,24,0.4384588735024228,0.6307281323847533
7,beta,1,max,1.0,raw,26,0.4283777041064654,0.6579329835400475
8,beta,1,max,1.0,raw,24,0.4364002403831606,0.6113617212924221
27,beta,1,max,1.0,raw,26,0.4510653316318536,0.5976787560171931
19,beta,1,max,1.0,raw,27,0.4308368569764319,0.6233701642235203
23,beta,1,max,1.0,raw,26,0.4288701693675014,0.6401443576312826
35,beta,1,max,1.0,raw,26,0.4314920160962819,0.6469840307635417
28,beta,1,max,1.0,raw,25,0.4445629504118522,0.617693453714566
46,beta,1,max,1.0,raw,27,0.4346873265148834,0.6383610145718444
32,beta,1,max,1.0,raw,25,0.4439779495346205,0.6036766141402873
43,beta,1,max,1.0,raw,27,0.4403677852460819,0.6074645996709762
33,beta,1,max,1.0,raw,25,0.4352545847982689,0.613787550097919
12,beta,1,max,1.0,raw,25,0.4303770947367988,0.612239381050312
37,beta,1,max,1.0,raw,24,0.4378792107053215,0.632883545453607
49,beta,1,max,1.0,raw,25,0.4474355383216003,0.6274484846286508
21,beta,1,max,1.0,raw,25,0.4334822846525094,0.620023177412558
29,beta,1,max,1.0,raw,25,0.4339323182563779,0.6376299684475785
13,beta,1,max,1.0,raw,27,0.4402120521931134,0.6409082269448931
14,beta,1,max,1.0,raw,26,0.4399903976140403,0.5910032471798338
42,beta,1,max,1.0,raw,26,0.4392435718634858,0.633590878119494
25,beta,1,max,1.0,raw,25,0.436755261745976,0.5972734607447931
9,beta,1,max,1.0,raw,26,0.4294457188856442,0.6572375310506064
36,beta,1,max,1.0,raw,30,0.4497814468959021,0.6133289048473969
15,beta,1,max,1.0,raw,28,0.4404656507606986,0.6150810591447152
16,beta,1,max,1.0,raw,25,0.432177593699665,0.6350563132466256
24,beta,1,max,1.0,raw,26,0.4333320721583475,0.6278906165201346
10,beta,1,max,1.0,raw,28,0.4325493787404971,0.6254468500673879
26,beta,1,max,1.0,raw,26,0.4404308209119199,0.6096587107783749
40,beta,1,max,1.0,raw,25,0.4265504590804814,0.6408349903130417
20,beta,1,max,1.0,raw,26,0.4220599546136847,0.6323776045953764
11,beta,1,max,1.0,raw,26,0.444945217387684,0.6145020667592008
5,beta,1,max,1.0,raw,25,0.4181720916390575,0.654596319709962
39,beta,1,max,1.0,raw,28,0.4262595333923827,0.6216852739807724
48,beta,1,max,1.0,raw,25,0.4461240400729937,0.6041557122370937
45,beta,1,max,1.0,raw,25,0.4265532712671673,0.6434044443643983
38,beta,1,max,1.0,raw,28,0.4292116998760736,0.6264031335842642
1,beta,1,max,1.0,raw,26,0.4397612953481165,0.6305510966714608
34,beta,1,max,1.0,raw,28,0.4374127471293034,0.6383575013943112
6,beta,1,max,1.0,raw,28,0.4423303973070073,0.605379974399908
2,beta,1,max,1.0,raw,27,0.4283509883167455,0.6219326757064855
18,beta,1,max,1.0,raw,28,0.4385803711484485,0.6302917819551901
44,beta,1,max,1.0,raw,25,0.4341059743587865,0.6201867279382397
4,beta,1,max,1.0,raw,25,0.4426389546353237,0.6274238284484185
3,beta,1,max,1.0,raw,28,0.4370429683146697,0.6411702127659574
31,beta,1,max,1.0,raw,28,0.4231081177683545,0.6634871526216164
22,beta,1,max,1.0,raw,27,0.4406335870433627,0.6025177003781484
47,beta,1,max,1.0,raw,28,0.4265329567316612,0.6223036390312705
8,beta,1,max,1.0,raw,25,0.436001800935858,0.622567144157756
7,beta,1,max,1.0,raw,27,0.4291242201964985,0.6561671506483868
30,beta,1,max,1.0,raw,27,0.4539291710901603,0.601566404297851
17,beta,1,max,1.0,raw,25,0.4441894457446908,0.6245384087791495
23,beta,1,max,1.0,raw,27,0.429566036743186,0.6284814355765108
27,beta,1,max,1.0,raw,27,0.4506665657438827,0.6018447183108349
19,beta,1,max,1.0,raw,28,0.4313281209648918,0.6202792626474154
41,beta,1,max,1.0,raw,25,0.4387264771418523,0.6317981895856511
35,beta,1,max,1.0,raw,27,0.4319885025812388,0.6465829274514989
28,beta,1,max,1.0,raw,26,0.4435490609958149,0.634798185791304
32,beta,1,max,1.0,raw,26,0.4440090444176314,0.608567145446939
12,beta,1,max,1.0,raw,26,0.4307783152605168,0.6110858652395144
46,beta,1,max,1.0,raw,28,0.4339211404983827,0.652467316272212
43,beta,1,max,1.0,raw,28,0.4398835003306054,0.6182160723717631
33,beta,1,max,1.0,raw,26,0.4351740040744323,0.6112686493332399
37,beta,1,max,1.0,raw,25,0.4381825368216826,0.6337360908968921
49,beta,1,max,1.0,raw,26,0.448349501452398,0.6188868261123331
29,beta,1,max,1.0,raw,26,0.4341003791698899,0.6375322557712495
21,beta,1,max,1.0,raw,26,0.4332383563727257,0.631535327995505
14,beta,1,max,1.0,raw,27,0.4406923073568756,0.5765200743285095
13,beta,1,max,1.0,raw,28,0.4401772530568315,0.6406591774583018
25,beta,1,max,1.0,raw,26,0.436577522631021,0.604397240018236
42,beta,1,max,1.0,raw,27,0.4398721858533775,0.6402798129267144
9,beta,1,max,1.0,raw,27,0.4301112946098058,0.645908625980225
40,beta,1,max,1.0,raw,26,0.4264290457643243,0.6458215432854083
15,beta,1,max,1.0,raw,29,0.4410816112852015,0.6205458316204451
16,beta,1,max,1.0,raw,26,0.4317091977984877,0.643219578552748
24,beta,1,max,1.0,raw,27,0.4335388629987043,0.6256549848040813
20,beta,1,max,1.0,raw,27,0.4214801706806172,0.6423406963617977
26,beta,1,max,1.0,raw,27,0.4409785941890938,0.6060807631836324
10,beta,1,max,1.0,raw,29,0.43214963011968,0.6320586094314193
48,beta,1,max,1.0,raw,26,0.4459001612118234,0.6056987930210325
11,beta,1,max,1.0,raw,27,0.444438545201145,0.6172232939265234
44,beta,1,max,1.0,raw,26,0.4337671981172338,0.6259849734286238
39,beta,1,max,1.0,raw,29,0.4269928448656037,0.6295921896991817
4,beta,1,max,1.0,raw,26,0.4428203011083356,0.6179306728487056
2,beta,1,max,1.0,raw,28,0.4283246709390511,0.6256506348870363
45,beta,1,max,1.0,raw,26,0.426593495734465,0.631189196166188
38,beta,1,max,1.0,raw,29,0.4304347390033279,0.6133328344116946
5,beta,1,max,1.0,raw,26,0.4179519935172462,0.6567595350023513
1,beta,1,max,1.0,raw,27,0.4400670997163608,0.6297109358948018
8,beta,1,max,1.0,raw,26,0.4367781371817469,0.6048234590500543
34,beta,1,max,1.0,raw,29,0.4371362434154255,0.6377803777977158
6,beta,1,max,1.0,raw,29,0.4420988674772296,0.6063899555593908
3,beta,1,max,1.0,raw,29,0.4373855611447851,0.6239269462550732
18,beta,1,max,1.0,raw,29,0.438837578202906,0.623665725767721
31,beta,1,max,1.0,raw,29,0.4228009024000056,0.6664148864957418
19,beta,1,max,1.0,raw,29,0.4307690101132705,0.6294796373856497
22,beta,1,max,1.0,raw,28,0.4404399557671764,0.605143946629263
23,beta,1,max,1.0,raw,28,0.4296295647144192,0.6335428487723046
47,beta,1,max,1.0,raw,29,0.4269154168148585,0.6161181143919214
7,beta,1,max,1.0,raw,28,0.4285761940781991,0.6665837637140066
27,beta,1,max,1.0,raw,28,0.4508350981444522,0.6015152795829742
28,beta,1,max,1.0,raw,27,0.4442914164948882,0.6217044020368407
30,beta,1,max,1.0,raw,28,0.454062675533799,0.5976808470764617
17,beta,1,max,1.0,raw,26,0.4436129882338579,0.6289835390946502
41,beta,1,max,1.0,raw,26,0.4382798873145803,0.6341319512333768
35,beta,1,max,1.0,raw,28,0.432281501681149,0.6584284941920474
12,beta,1,max,1.0,raw,27,0.4303935232738295,0.6198462207044283
32,beta,1,max,1.0,raw,27,0.4435294241116744,0.6121883279877283
43,beta,1,max,1.0,raw,29,0.4400529794062685,0.6183876491624698
46,beta,1,max,1.0,raw,29,0.4341273933111815,0.6553661870021446
33,beta,1,max,1.0,raw,27,0.4352964185768949,0.6123035313095205
37,beta,1,max,1.0,raw,26,0.4378909169722714,0.6387384649924132
29,beta,1,max,1.0,raw,27,0.4342469458881649,0.63722278187687
14,beta,1,max,1.0,raw,28,0.4405689061760194,0.575389755429172
21,beta,1,max,1.0,raw,27,0.4335016548021757,0.6278437982862761
49,beta,1,max,1.0,raw,27,0.4478123417685656,0.6249769998582071
25,beta,1,max,1.0,raw,27,0.4368280461664637,0.5980405389192821
42,beta,1,max,1.0,raw,28,0.439603754295427,0.6401618958710737
40,beta,1,max,1.0,raw,27,0.4275150520619508,0.6371274982155603
13,beta,1,max,1.0,raw,29,0.4399520076782636,0.644555655990236
16,beta,1,max,1.0,raw,27,0.432547639031251,0.6265520071273698
20,beta,1,max,1.0,raw,28,0.4218690659847423,0.6408370275863691
24,beta,1,max,1.0,raw,28,0.433330421560237,0.632933422880712
9,beta,1,max,1.0,raw,28,0.4303035654540841,0.6502958940139302
15,beta,1,max,1.0,raw,30,0.4407669095881352,0.6152846293309723
48,beta,1,max,1.0,raw,27,0.4459944238666957,0.6035735092017208
26,beta,1,max,1.0,raw,28,0.4408687424665853,0.6089382975317195
44,beta,1,max,1.0,raw,27,0.4340403035793608,0.6259309379155449
10,beta,1,max,1.0,raw,30,0.4333783551205357,0.6218477250286488
4,beta,1,max,1.0,raw,27,0.4426862842080487,0.6294295413147873
8,beta,1,max,1.0,raw,27,0.436735199975033,0.6085408434061678
11,beta,1,max,1.0,raw,28,0.4448931878196654,0.6130384447038731
39,beta,1,max,1.0,raw,30,0.4262321779155387,0.6409536844867483
38,beta,1,max,1.0,raw,30,0.4301510131494992,0.6148519839819426
2,beta,1,max,1.0,raw,29,0.4283768692632564,0.628622005676877
3,beta,1,max,1.0,raw,30,0.4366558138788456,0.6416289509285451
6,beta,1,max,1.0,raw,30,0.4428295885717846,0.600330787706203
1,beta,1,max,1.0,raw,28,0.4401199029520627,0.627618399424697
34,beta,1,max,1.0,raw,30,0.4375713835109931,0.6350263100463154
18,beta,1,max,1.0,raw,30,0.438720703125,0.6220672303797782
23,beta,1,max,1.0,raw,29,0.4291028119547819,0.6413553644491742
31,beta,1,max,1.0,raw,30,0.4232144989688007,0.6680738350156202
45,beta,1,max,1.0,raw,27,0.4270308121121698,0.6398293815531562
19,beta,1,max,1.0,raw,30,0.4315130640783999,0.6150752920753885
5,beta,1,max,1.0,raw,27,0.4184668238238487,0.6540972076478594
28,beta,1,max,1.0,raw,28,0.4441797841439072,0.6298981242710047
7,beta,1,max,1.0,raw,29,0.4293875080546736,0.6552712270151564
22,beta,1,max,1.0,raw,29,0.4407146403257599,0.6080260510095118
27,beta,1,max,1.0,raw,29,0.4508373787510998,0.6018364043997217
47,beta,1,max,1.0,raw,30,0.4262632389194087,0.6338311631969928
30,beta,1,max,1.0,raw,29,0.453642927336409,0.6065053410794603
35,beta,1,max,1.0,raw,29,0.4320054907129734,0.656868550457685
43,beta,1,max,1.0,raw,30,0.4402019986396282,0.6108392796466191
32,beta,1,max,1.0,raw,28,0.4434108284153266,0.6146946032631432
46,beta,1,max,1.0,raw,30,0.4344723194521428,0.6542627671185661
12,beta,1,max,1.0,raw,28,0.4310774775963439,0.6133699702638612
17,beta,1,max,1.0,raw,27,0.4434212292783749,0.6286910150891631
41,beta,1,max,1.0,raw,27,0.4384179872669245,0.6267561775033124
14,beta,1,max,1.0,raw,29,0.4403832320181018,0.5914953920078082
42,beta,1,max,1.0,raw,29,0.4396642728688077,0.6377032762649626
33,beta,1,max,1.0,raw,28,0.435362601536016,0.6129397265605294
26,beta,1,max,1.0,raw,29,0.4405935621206406,0.6118570023398575
11,beta,1,max,1.0,raw,29,0.444847767915257,0.6147379110714337
16,beta,1,max,1.0,raw,28,0.4325516524093597,0.6350192713605549
23,beta,1,max,1.0,raw,30,0.4292722950112626,0.6403216107694993
2,beta,1,max,1.0,raw,30,0.4283121465695163,0.6211188242284827
20,beta,1,max,1.0,raw,29,0.4221519514826952,0.6411401866136733
37,beta,1,max,1.0,raw,27,0.4382864321098028,0.6272811961312565
40,beta,1,max,1.0,raw,28,0.4268612245316943,0.6466726572856123
27,beta,1,max,1.0,raw,30,0.4508353295108698,0.5994669397324583
21,beta,1,max,1.0,raw,28,0.4334494720158742,0.6346993959825817
29,beta,1,max,1.0,raw,28,0.4336129605273316,0.6567925435849965
25,beta,1,max,1.0,raw,28,0.4361354289678936,0.6134375899798445
7,beta,1,max,1.0,raw,30,0.4295185450523638,0.6590776160312585
35,beta,1,max,1.0,raw,30,0.4329983515344652,0.6454158952766355
22,beta,1,max,1.0,raw,30,0.4402627395929026,0.6125821583007637
49,beta,1,max,1.0,raw,28,0.4473990362168914,0.6290533834115394
24,beta,1,max,1.0,raw,29,0.4337209051141738,0.6257903234559862
48,beta,1,max,1.0,raw,28,0.4459278138785536,0.6044918140535372
30,beta,1,max,1.0,raw,30,0.4538578979424026,0.6066685407296352
13,beta,1,max,1.0,raw,30,0.4404438803134734,0.6417189365006317
4,beta,1,max,1.0,raw,28,0.4426659862983935,0.6292542915493735
44,beta,1,max,1.0,raw,28,0.4339722879754117,0.6221555001104204
9,beta,1,max,1.0,raw,29,0.4299206188030354,0.6432754127904144
14,beta,1,max,1.0,raw,30,0.4406916649080188,0.5840430204403401
8,beta,1,max,1.0,raw,28,0.4364817042531078,0.6118238973152023
42,beta,1,max,1.0,raw,30,0.4395729579725588,0.635130006003644
26,beta,1,max,1.0,raw,30,0.4406050271722331,0.612211441462666
11,beta,1,max,1.0,raw,30,0.4446202804094019,0.6136779989858694
28,beta,1,max,1.0,raw,29,0.4440685264022777,0.6281185502232722
1,beta,1,max,1.0,raw,29,0.4403639615364881,0.6267342562153277
45,beta,1,max,1.0,raw,28,0.4270828022216968,0.6377755965191916
5,beta,1,max,1.0,raw,28,0.419200348309789,0.6526887544315146
12,beta,1,max,1.0,raw,29,0.4311988433958176,0.6142302309426938
32,beta,1,max,1.0,raw,29,0.4438952765607279,0.6054424069167481
41,beta,1,max,1.0,raw,28,0.4391864391263605,0.6214992794448447
17,beta,1,max,1.0,raw,28,0.4436469300880439,0.630034293552812
16,beta,1,max,1.0,raw,29,0.4326330832150866,0.6307667989743231
20,beta,1,max,1.0,raw,30,0.4222240064015811,0.6450525916605911
33,beta,1,max,1.0,raw,29,0.4357950846164205,0.6104224637856828
40,beta,1,max,1.0,raw,29,0.4274517850289068,0.6414117467115326
37,beta,1,max,1.0,raw,28,0.438777115410524,0.6284466318810062
29,beta,1,max,1.0,raw,29,0.4341525008818767,0.6418624701643569
21,beta,1,max,1.0,raw,29,0.4332518045439563,0.6360236690546425
48,beta,1,max,1.0,raw,29,0.4460702104921627,0.6034301057600383
25,beta,1,max,1.0,raw,29,0.437119676265745,0.5971538625347923
24,beta,1,max,1.0,raw,30,0.4338170413114959,0.630474261912515
49,beta,1,max,1.0,raw,29,0.4482971523385501,0.6242314325378637
44,beta,1,max,1.0,raw,29,0.4335310950847121,0.6390655950853862
4,beta,1,max,1.0,raw,29,0.4426986543681906,0.6284284097808688
8,beta,1,max,1.0,raw,29,0.4369860593625755,0.6160146564582365
9,beta,1,max,1.0,raw,30,0.4300828155622129,0.6502331839657105
28,beta,1,max,1.0,raw,30,0.444228240994218,0.6253103810282987
12,beta,1,max,1.0,raw,30,0.4313224897412088,0.6095059831575058
1,beta,1,max,1.0,raw,30,0.4405138565464748,0.628084227963838
45,beta,1,max,1.0,raw,29,0.4278858212822461,0.6313611954097513
32,beta,1,max,1.0,raw,30,0.4444239267275663,0.606748012829452
5,beta,1,max,1.0,raw,29,0.4192998493018722,0.6600140191333227
41,beta,1,max,1.0,raw,29,0.439542786670217,0.6244242898611924
17,beta,1,max,1.0,raw,29,0.4436689967784028,0.6286831275720165
16,beta,1,max,1.0,raw,30,0.4324386434913465,0.6392050044865387
48,beta,1,max,1.0,raw,30,0.4460737347496871,0.6040851308556405
40,beta,1,max,1.0,raw,30,0.4280225053322725,0.639747119404507
44,beta,1,max,1.0,raw,30,0.4353744268082277,0.6120649553854611
4,beta,1,max,1.0,raw,30,0.4430268338721878,0.6313510790969806
8,beta,1,max,1.0,raw,30,0.4365361188373574,0.6231125542383388
33,beta,1,max,1.0,raw,30,0.4349674082198935,0.6230464514260667
29,beta,1,max,1.0,raw,30,0.434224674916073,0.6525806129579714
37,beta,1,max,1.0,raw,29,0.4381222727278473,0.6366553251994757
21,beta,1,max,1.0,raw,30,0.4335035797387126,0.6357704733810928
25,beta,1,max,1.0,raw,30,0.4370837786205243,0.5994453492417698
49,beta,1,max,1.0,raw,30,0.4477349197205994,0.630614755044368
45,beta,1,max,1.0,raw,30,0.4274858597597502,0.6382246556262964
5,beta,1,max,1.0,raw,30,0.4197187420314833,0.6507458143255567
41,beta,1,max,1.0,raw,30,0.4393809789139555,0.6258585288181459
17,beta,1,max,1.0,raw,30,0.4439723445048433,0.6273141289437586
37,beta,1,max,1.0,raw,30,0.4396790157006541,0.6196428018456012
