seed,model_type,n_samples,pre_revision,j_percentage,baseline_embedding_type,mirt_dim,rmse_mirt,auc_mirt,val_rmse_mirt,val_auc_mirt
0,beta,1,16,1.0,raw,2,0.458557596032524,0.6193181818181819,0.4668165386319945,0.7152964778112882
0,beta,1,16,1.0,raw,3,0.4496261739368188,0.6209753787878787,0.4572904454984703,0.7518445713054718
0,beta,1,16,1.0,raw,4,0.4437761238628901,0.6287131180223285,0.4291675195716358,0.7546585523481258
0,beta,1,16,1.0,raw,5,0.4467074980624635,0.632600677830941,0.4296078868284532,0.7690112020680742
0,beta,1,16,1.0,raw,6,0.4472357394299553,0.6179226475279107,0.4374198840219133,0.7532313657906076
12,beta,1,16,1.0,raw,2,0.4531277459160047,0.584165064956117,0.3522425114909812,0.8717610209417308
1,beta,1,16,1.0,raw,2,0.484314422511057,0.5696196660482375,0.4944560284528563,0.6448634378870719
28,beta,1,16,1.0,raw,2,0.4412441968941492,0.6408569619362556,0.3649018349654439,0.8266080962006945
32,beta,1,16,1.0,raw,2,0.4533041238256808,0.5732690352930052,0.3920801334912665,0.8010734138393713
20,beta,1,16,1.0,raw,2,0.4522814462345425,0.6205864448051948,0.4746138176101792,0.7051136848002144
36,beta,1,16,1.0,raw,2,0.4610046564092497,0.6016248708556401,0.4155468515911407,0.7611176857330701
40,beta,1,16,1.0,raw,2,0.4400048924575081,0.6364462040055893,0.4066919527081214,0.7710577118471855
8,beta,1,16,1.0,raw,2,0.4554847897671037,0.5865825151940159,0.3989145938046987,0.8438210862619809
44,beta,1,16,1.0,raw,2,0.4497582885822364,0.5917811355311355,0.3948578191136856,0.8059133049361062
24,beta,1,16,1.0,raw,2,0.4535754529867794,0.5648213529162548,0.3845327418056972,0.7962519936204147
16,beta,1,16,1.0,raw,2,0.4416725401967645,0.5869628339140534,0.4241672688363128,0.7705502227241358
48,beta,1,16,1.0,raw,2,0.445643619774328,0.6194979486822891,0.3758906675041324,0.8522666462808655
4,beta,1,16,1.0,raw,2,0.46582168802822,0.5277736411020104,0.5391741098050346,0.6075771510320866
25,beta,1,16,1.0,raw,2,0.4597995094122474,0.5725342880193627,0.4231915945841786,0.7674824715737507
34,beta,1,16,1.0,raw,2,0.4578166635994476,0.5962539972590224,0.3914467560296412,0.8434936404003913
19,beta,1,16,1.0,raw,2,0.4274718293171747,0.6308204529989306,0.4147483795081472,0.7156197164780854
3,beta,1,16,1.0,raw,2,0.432195039850252,0.6370183564101942,0.4380562515847248,0.6865554439895987
14,beta,1,16,1.0,raw,2,0.4441127510013615,0.5762532552083334,0.381674905758151,0.8552030291160725
22,beta,1,16,1.0,raw,2,0.4547700616921252,0.5843969663337032,0.3705410907703281,0.8395137399121464
38,beta,1,16,1.0,raw,2,0.4620674314190596,0.5742991125453811,0.3830211226637121,0.8406893004115227
26,beta,1,16,1.0,raw,2,0.481937025805836,0.5827633058470765,0.3756237009060907,0.8625657122441689
7,beta,1,16,1.0,raw,2,0.4445513192793633,0.5803198211334694,0.3828352707299143,0.8544944396043663
46,beta,1,16,1.0,raw,2,0.4410912056179625,0.598883572567783,0.3700798841212772,0.8313735030951802
27,beta,1,16,1.0,raw,2,0.4470858483304509,0.6263528138528138,0.387851942886103,0.7479133226324239
15,beta,1,16,1.0,raw,2,0.4491365108676463,0.6064165626605976,0.3867095599382992,0.8029215717894962
43,beta,1,16,1.0,raw,2,0.4554881593942796,0.6012256973795436,0.3578707476851935,0.8314786585365853
42,beta,1,16,1.0,raw,2,0.4454789603463782,0.6102048606692964,0.3853811771789869,0.82945931619401
11,beta,1,16,1.0,raw,2,0.4416382610285443,0.6216405375139978,0.3638156119224832,0.8549155807939969
18,beta,1,16,1.0,raw,2,0.4492307080874851,0.5903177803379416,0.4115243528814866,0.7560572687224669
39,beta,1,16,1.0,raw,2,0.4452214231546724,0.6096757852077,0.377042651045573,0.8076942218683123
35,beta,1,16,1.0,raw,2,0.4371017278116532,0.6582622667161043,0.4109679047682659,0.7876225815001324
47,beta,1,16,1.0,raw,2,0.4614558941738629,0.5357954545454545,0.4145794646243959,0.7656087078151623
31,beta,1,16,1.0,raw,2,0.4546703591016185,0.6044850306322969,0.4420571043962654,0.8585686465433301
21,beta,1,16,1.0,raw,2,0.4405771587994512,0.6439175402800253,0.3778549633032799,0.8426854359829148
30,beta,1,16,1.0,raw,2,0.4740636223042329,0.5243852668095093,0.4271783393541808,0.7980270246838657
6,beta,1,16,1.0,raw,2,0.450271219403782,0.5581992230854607,0.3927757752518247,0.7952471819238739
10,beta,1,16,1.0,raw,2,0.4497656934087746,0.6135496844878995,0.3822325380976114,0.8479958219088655
23,beta,1,16,1.0,raw,2,0.4494977167780154,0.5838733915656993,0.393283097145735,0.809155375459035
2,beta,1,16,1.0,raw,2,0.4589740508521384,0.5826918820549394,0.3588701724435594,0.8613690430511857
17,beta,1,16,1.0,raw,2,0.4543015890623091,0.5790758142505246,0.4022100281945279,0.8009641873278237
13,beta,1,16,1.0,raw,2,0.4524239180816329,0.5994883720930233,0.358837451277913,0.8627490960498057
33,beta,1,16,1.0,raw,2,0.4460867959731467,0.5932414940828403,0.4293627291873592,0.7512523839796568
9,beta,1,16,1.0,raw,2,0.4514302921461772,0.5809617043097218,0.3664985849475475,0.850781961737018
29,beta,1,16,1.0,raw,2,0.4386077548659569,0.6161602113900285,0.4105510083543081,0.7586206896551724
49,beta,1,16,1.0,raw,2,0.4558980701436228,0.5665113691676518,0.3532459853538784,0.8227487562189055
5,beta,1,16,1.0,raw,2,0.4367120151989977,0.6188426590148254,0.4932422538183881,0.6720882383581624
45,beta,1,16,1.0,raw,2,0.4458123964967103,0.6433311924641404,0.4491595021857804,0.5992847146633493
41,beta,1,16,1.0,raw,2,0.4523030916695331,0.6016577629782239,0.4002406886278717,0.7735009164702802
37,beta,1,16,1.0,raw,2,0.4645115121856129,0.5965751992379005,0.3874190568984921,0.824373494593348
0,beta,1,16,1.0,raw,7,0.4464517209317968,0.6222836921850079,0.4402212254372106,0.7468359543300301
12,beta,1,16,1.0,raw,3,0.4361487194804284,0.6232313641942432,0.360909069477351,0.8406590561983898
1,beta,1,16,1.0,raw,3,0.4672350562651692,0.5685760667903524,0.4861398661903671,0.6612408823051035
32,beta,1,16,1.0,raw,3,0.452824723293953,0.5782332222301019,0.397085457666378,0.7956296722254169
20,beta,1,16,1.0,raw,3,0.4429920540252006,0.5839716923701299,0.4381129705053723,0.6611864138443366
44,beta,1,16,1.0,raw,3,0.4429794902273179,0.610782967032967,0.4041388566815257,0.7740415935855676
40,beta,1,16,1.0,raw,3,0.4411925921229349,0.6285281788542152,0.3864493153934581,0.7857015850436904
24,beta,1,16,1.0,raw,3,0.4525304708706603,0.5832509532551899,0.3929882090246034,0.7793685207336523
8,beta,1,16,1.0,raw,3,0.454378187359908,0.5888265544647031,0.3804005720397487,0.8203961661341853
36,beta,1,16,1.0,raw,3,0.4641003956076512,0.5910350333427257,0.4367560976331006,0.7472189349112427
28,beta,1,16,1.0,raw,3,0.4512043895812698,0.6229742723797461,0.3965945537048906,0.8303011454931841
16,beta,1,16,1.0,raw,3,0.4435327501805813,0.5809862562911343,0.4309488682564837,0.7673630717108977
48,beta,1,16,1.0,raw,3,0.446726111304363,0.5996105973159028,0.3728821076020392,0.8509160869454426
4,beta,1,16,1.0,raw,3,0.4546034961457335,0.5558947629684785,0.5115389325976478,0.6312972613938279
34,beta,1,16,1.0,raw,3,0.4548297089454097,0.5628597533120145,0.3853718778859291,0.8497654348862296
19,beta,1,16,1.0,raw,3,0.4265082915239133,0.6379410906969962,0.3982773627311854,0.7589803615554688
3,beta,1,16,1.0,raw,3,0.4443028364323226,0.6103324522903077,0.4488379315532528,0.67619911948714
38,beta,1,16,1.0,raw,3,0.4349402406904631,0.5748285599031867,0.3530552221241285,0.8410108024691358
25,beta,1,16,1.0,raw,3,0.4533918844423037,0.5653237192416296,0.4027547126319079,0.7928494524828654
22,beta,1,16,1.0,raw,3,0.4446209674531151,0.5926285608583056,0.3548635004107884,0.8435105730922465
14,beta,1,16,1.0,raw,3,0.4565782992314113,0.5554741753472222,0.3734927882681755,0.8655699177438307
26,beta,1,16,1.0,raw,3,0.4445907532836368,0.5953429535232383,0.3505017702871503,0.8584571020262337
46,beta,1,16,1.0,raw,3,0.4407292804013115,0.6039423843700159,0.3696371704951502,0.8356445814072933
42,beta,1,16,1.0,raw,3,0.446601591301247,0.612291640157781,0.3871890012143938,0.8304267161410018
18,beta,1,16,1.0,raw,3,0.450874858372864,0.5836453533026114,0.4027408196038168,0.790644010908328
27,beta,1,16,1.0,raw,3,0.448549319159323,0.5941332972582972,0.4055730975761253,0.7554173354735152
35,beta,1,16,1.0,raw,3,0.4438844839665805,0.6313434680509208,0.4408579095805621,0.7491253644314869
7,beta,1,16,1.0,raw,3,0.4410096302419059,0.608729464372509,0.393391388364167,0.8515220622149335
31,beta,1,16,1.0,raw,3,0.4564389686649643,0.5734365969252109,0.3410050839502412,0.8593501768052068
43,beta,1,16,1.0,raw,3,0.4561747978889025,0.5835211796750259,0.3597559361183463,0.8314786585365853
11,beta,1,16,1.0,raw,3,0.4394107035188818,0.6274029488615155,0.3918039269920386,0.8085357197180955
39,beta,1,16,1.0,raw,3,0.4543241386072071,0.5847379570783826,0.4055820439109635,0.792042004678246
15,beta,1,16,1.0,raw,3,0.4502756870372763,0.6024276240119424,0.3861532797282811,0.8023705853894533
47,beta,1,16,1.0,raw,3,0.4626355172420013,0.5287878787878788,0.4282726750146896,0.7456321049820708
30,beta,1,16,1.0,raw,3,0.4586715768674396,0.5425466789103153,0.4133889460003468,0.7950359792422684
10,beta,1,16,1.0,raw,3,0.4464861144718651,0.6271640894066524,0.3787427136378146,0.8499151325238283
23,beta,1,16,1.0,raw,3,0.4688352030566393,0.5702545317929933,0.4344933602426045,0.7907559832847916
6,beta,1,16,1.0,raw,3,0.4502087009780891,0.5639798372179061,0.3859837222508988,0.8148789364605975
2,beta,1,16,1.0,raw,3,0.4472558632664093,0.5781176991368074,0.3620962689938362,0.862648044406927
21,beta,1,16,1.0,raw,3,0.4416871147850411,0.6598184760430591,0.3758088369414616,0.843356078758204
17,beta,1,16,1.0,raw,3,0.4503112941463719,0.5638399781041876,0.4186220144288975,0.7677435512146258
33,beta,1,16,1.0,raw,3,0.456467256030797,0.5738489275147929,0.4548117877419406,0.7457342657342658
13,beta,1,16,1.0,raw,3,0.4532207026210402,0.5966860465116279,0.3630374993102205,0.8352771660821575
9,beta,1,16,1.0,raw,3,0.4530615104394,0.5990257091578677,0.3498593294628257,0.8619926105881164
49,beta,1,16,1.0,raw,3,0.4606860169844977,0.5728623415154255,0.3621256095267484,0.8507711442786069
29,beta,1,16,1.0,raw,3,0.4413723046407666,0.6243886609646988,0.4235542045040977,0.7574661896424857
45,beta,1,16,1.0,raw,3,0.4454600441094349,0.6524655676871477,0.4555768730375852,0.5877909086197066
5,beta,1,16,1.0,raw,3,0.4373856633508987,0.6172883787661405,0.5053567635536215,0.6113267006979894
41,beta,1,16,1.0,raw,3,0.4563050328338511,0.5840979325874998,0.4253803605731987,0.7786200576067034
37,beta,1,16,1.0,raw,3,0.4474431647538791,0.611979832245173,0.3874257878026899,0.8226566904115205
0,beta,1,16,1.0,raw,8,0.4461055854256152,0.6213118022328548,0.4272455008366421,0.7308272296423955
12,beta,1,16,1.0,raw,4,0.4430110251893207,0.5929879813815622,0.3563026038031626,0.8677745851777071
1,beta,1,16,1.0,raw,4,0.4532071072081748,0.6224373840445269,0.4375293245024564,0.663367823138614
32,beta,1,16,1.0,raw,4,0.4502061027508079,0.5847103042337423,0.4174918368392371,0.751888058271037
19,beta,1,16,1.0,raw,4,0.4325850498498791,0.5995674151842132,0.4259615525124612,0.7318897125764079
20,beta,1,16,1.0,raw,4,0.4454300541229332,0.600192775974026,0.4768279383874283,0.701813354767211
44,beta,1,16,1.0,raw,4,0.4478579268271555,0.5860576923076922,0.3881466446091823,0.814407416687547
34,beta,1,16,1.0,raw,4,0.4585160158681836,0.5673595248972133,0.3888282652937636,0.848818393918868
8,beta,1,16,1.0,raw,4,0.4550076376881778,0.5705937353903694,0.3777022354985972,0.8368434504792333
40,beta,1,16,1.0,raw,4,0.4402462224034668,0.6531904983698182,0.4003610553522327,0.7825899207478155
24,beta,1,16,1.0,raw,4,0.4522600468752668,0.5691992656404463,0.3797228164888345,0.7991053628389155
36,beta,1,16,1.0,raw,4,0.4562915946342201,0.5886634732788578,0.3999785559091727,0.7777120315581854
48,beta,1,16,1.0,raw,4,0.4458617286760373,0.5783788795401339,0.3764846341365153,0.8414239482200648
28,beta,1,16,1.0,raw,4,0.4400439719693688,0.6460048312577686,0.3680736724225358,0.8284351837453999
16,beta,1,16,1.0,raw,4,0.4641686192950275,0.5315766550522648,0.4261771295295232,0.7902126858648597
4,beta,1,16,1.0,raw,4,0.4590248739353013,0.5138744105237031,0.5204613469839042,0.6206059677089721
3,beta,1,16,1.0,raw,4,0.4350091154689043,0.6367758675040617,0.4378931288770947,0.6912412141808914
38,beta,1,16,1.0,raw,4,0.4379514510745962,0.5761395724082291,0.3731963572168983,0.8407150205761318
22,beta,1,16,1.0,raw,4,0.4507159617198314,0.5888133555308915,0.3559428605972948,0.8235774849320666
46,beta,1,16,1.0,raw,4,0.442650922156795,0.5872208931419457,0.370136411464544,0.8373340902332873
42,beta,1,16,1.0,raw,4,0.4451425629664349,0.598905713195063,0.3858353900579969,0.8322820037105751
35,beta,1,16,1.0,raw,4,0.4438936820260136,0.6268693610184155,0.4410294131074033,0.7440100715610918
26,beta,1,16,1.0,raw,4,0.4648725035934522,0.5848247751124437,0.3594002922114233,0.8569259429388046
7,beta,1,16,1.0,raw,4,0.4416958356917929,0.5777680567706813,0.3937707501953537,0.8523164044483165
14,beta,1,16,1.0,raw,4,0.455454772813275,0.5647515190972222,0.3804422882402939,0.8633111372241808
31,beta,1,16,1.0,raw,4,0.4593200105724485,0.5695526528725003,0.346982775088882,0.8531748065392302
27,beta,1,16,1.0,raw,4,0.4438171711976567,0.6042117604617604,0.422752403984476,0.7169074371321562
18,beta,1,16,1.0,raw,4,0.4495555775901092,0.5848214285714286,0.429649784860476,0.7566734843717223
43,beta,1,16,1.0,raw,4,0.4567618268762373,0.5810556964403119,0.3857121902584245,0.8339557926829267
39,beta,1,16,1.0,raw,4,0.4452342249021128,0.6036888643271622,0.4342008413085712,0.7122505350121933
15,beta,1,16,1.0,raw,4,0.4433002852668076,0.5949391870396201,0.405540066071981,0.7409691985163683
10,beta,1,16,1.0,raw,4,0.444751469748536,0.6201604142107575,0.3671627036305173,0.8552944248596422
30,beta,1,16,1.0,raw,4,0.4663886196312282,0.5465768799102132,0.3911572073321091,0.8357092431354578
11,beta,1,16,1.0,raw,4,0.4468340561523102,0.6369914147069803,0.3933987935837039,0.8383613040612483
23,beta,1,16,1.0,raw,4,0.4505318068856576,0.5868789330327792,0.3792448988403568,0.8023173356971003
25,beta,1,16,1.0,raw,4,0.4420377383357658,0.5844594594594594,0.3984618833972037,0.7696620361860245
47,beta,1,16,1.0,raw,4,0.4610532679895909,0.5326704545454546,0.4117669947694826,0.7884209455507235
6,beta,1,16,1.0,raw,4,0.4505968434006511,0.5528348131705513,0.3989758127465387,0.798273770408937
2,beta,1,16,1.0,raw,4,0.4534680284861498,0.5628704227430342,0.360280244381001,0.8642467961016038
21,beta,1,16,1.0,raw,4,0.4452918700408733,0.6497689908299913,0.3782776800189657,0.8511954370246901
17,beta,1,16,1.0,raw,4,0.4588269065036634,0.5784371863881033,0.405352224022446,0.8039318807913849
33,beta,1,16,1.0,raw,4,0.4460629280519081,0.5785179363905325,0.4325878055833445,0.7600127145581692
13,beta,1,16,1.0,raw,4,0.4560175519114687,0.5872790697674419,0.3537384300563985,0.8631432998939726
9,beta,1,16,1.0,raw,4,0.4528215641986321,0.5901219028972333,0.37671309819327,0.8481374633060027
29,beta,1,16,1.0,raw,4,0.4369939193084301,0.6135873722272442,0.4025341435279497,0.7463271675420569
49,beta,1,16,1.0,raw,4,0.4566306616460607,0.5764086873884524,0.3623218994987632,0.8536567164179104
45,beta,1,16,1.0,raw,4,0.4454589903962255,0.6280596588881753,0.4481127516749884,0.6036256673404862
5,beta,1,16,1.0,raw,4,0.4382229009672582,0.6293639406982305,0.4763060489473465,0.6657334097301801
41,beta,1,16,1.0,raw,4,0.4589192120985005,0.5707543779795415,0.4233753405058004,0.7746268656716417
37,beta,1,16,1.0,raw,4,0.4644721493301779,0.5814261483770534,0.3992637967190346,0.8197611848511249
0,beta,1,16,1.0,raw,9,0.4454923567710295,0.6341457336523126,0.426179087548976,0.7413964885825075
12,beta,1,16,1.0,raw,5,0.4327766004195961,0.6221661301901211,0.3660568727031775,0.8518676710413916
34,beta,1,16,1.0,raw,5,0.4477171804827004,0.5620603015075377,0.3795185058388921,0.8497278041193147
19,beta,1,16,1.0,raw,5,0.4348835876781394,0.5891416350733936,0.438709715300678,0.742203147353362
1,beta,1,16,1.0,raw,5,0.4522754169563192,0.6201298701298701,0.4573671459681927,0.6806586009733882
3,beta,1,16,1.0,raw,5,0.4374545959345463,0.6340842406459903,0.4315697624761145,0.7488092479596303
38,beta,1,16,1.0,raw,5,0.4348665920485335,0.5760135135135136,0.3523716938754113,0.8471193415637861
44,beta,1,16,1.0,raw,5,0.4459623146504324,0.5887591575091575,0.4140409068109302,0.802480581307943
32,beta,1,16,1.0,raw,5,0.452907904873873,0.5727726165992956,0.4136828715562129,0.7855344706408536
35,beta,1,16,1.0,raw,5,0.4327765143407586,0.6524039055740947,0.4213885045372882,0.7815133845746091
42,beta,1,16,1.0,raw,5,0.441006014831552,0.6047079781142639,0.3747490599571485,0.8373442883646964
8,beta,1,16,1.0,raw,5,0.4551863643952105,0.5694950911640954,0.3842507223483601,0.8343130990415336
36,beta,1,16,1.0,raw,5,0.4538647434081151,0.6042312388466234,0.4047042342448727,0.7824194608809993
20,beta,1,16,1.0,raw,5,0.4474915512715255,0.580864448051948,0.4739184904294277,0.684934176074434
40,beta,1,16,1.0,raw,5,0.4406712074941554,0.6339543549138332,0.4113231227530739,0.7791861410282462
22,beta,1,16,1.0,raw,5,0.4435133477603251,0.5459674435812061,0.3690018569646284,0.8498569823271018
46,beta,1,16,1.0,raw,5,0.4412541085070863,0.58958831738437,0.3755160992342044,0.823358473224664
24,beta,1,16,1.0,raw,5,0.4531396172895295,0.5475921480016946,0.3747977466348086,0.8003015350877193
48,beta,1,16,1.0,raw,5,0.4493935783853939,0.5340611454928957,0.4426282155712743,0.8601788854063144
4,beta,1,16,1.0,raw,5,0.4556734832169163,0.5379498634896998,0.4611834984939335,0.6686337625178826
26,beta,1,16,1.0,raw,5,0.4475210867873761,0.5777736131934033,0.3699130297915521,0.8544505690807942
39,beta,1,16,1.0,raw,5,0.4604262733607982,0.574007552730957,0.4141629654983125,0.7960857014880802
28,beta,1,16,1.0,raw,5,0.4517895322516658,0.6333169164380026,0.3955091688344799,0.829588451770072
31,beta,1,16,1.0,raw,5,0.4545156416273535,0.5906715986591146,0.4387447497061872,0.851464408343156
14,beta,1,16,1.0,raw,5,0.4404056990829873,0.5608723958333334,0.3727811695949095,0.8484789136963049
27,beta,1,16,1.0,raw,5,0.4440603889989641,0.5909767316017316,0.4141929888691852,0.7510567148207596
16,beta,1,16,1.0,raw,5,0.4430670257490038,0.5731465350367789,0.436871809913656,0.7419662463140724
7,beta,1,16,1.0,raw,5,0.4440183405761068,0.5778895693593856,0.3704650572709801,0.8283708297032747
15,beta,1,16,1.0,raw,5,0.4462077360949198,0.6070528350830825,0.3987926695304911,0.7897650916518839
10,beta,1,16,1.0,raw,5,0.4469930492880529,0.6353234865820678,0.3745917840194634,0.8401880141010577
18,beta,1,16,1.0,raw,5,0.4495331203248088,0.5876296082949309,0.3943196286234148,0.7976452695615691
43,beta,1,16,1.0,raw,5,0.4552454006574427,0.5713581290504367,0.3575772432429331,0.838033536585366
23,beta,1,16,1.0,raw,5,0.4523467582642136,0.571029397952475,0.4148247198995112,0.7963783715334938
30,beta,1,16,1.0,raw,5,0.4615147741976126,0.5402765023977145,0.4364236978006129,0.8077185073258939
11,beta,1,16,1.0,raw,5,0.4428381523826777,0.6534387831280328,0.3772598165356042,0.8482102114282817
47,beta,1,16,1.0,raw,5,0.4653034021270814,0.5125710227272727,0.4225849606226814,0.7848350754049999
2,beta,1,16,1.0,raw,5,0.4487470057183043,0.5546811597767012,0.3644691856255422,0.8613050929833985
6,beta,1,16,1.0,raw,5,0.4508782624522457,0.5477941176470588,0.3913192492434445,0.8089142192791792
25,beta,1,16,1.0,raw,5,0.4538902201095404,0.5714249697458653,0.4064638052037124,0.7936503768283396
21,beta,1,16,1.0,raw,5,0.4377252986361174,0.6297051994652781,0.3650778572772151,0.8544509844775497
17,beta,1,16,1.0,raw,5,0.4559584031990279,0.5840251801842897,0.4051334736899172,0.8022789882294015
33,beta,1,16,1.0,raw,5,0.435490112711442,0.6035040680473374,0.4091340542568485,0.7555371900826445
13,beta,1,16,1.0,raw,5,0.4545163956749413,0.6124883720930232,0.3642079009768626,0.8633879781420766
9,beta,1,16,1.0,raw,5,0.4599603219645728,0.5611495699601425,0.3811550850834395,0.8344721125620003
29,beta,1,16,1.0,raw,5,0.4363294849015972,0.6153257770669633,0.4378980460716363,0.7274745629392809
49,beta,1,16,1.0,raw,5,0.4585529491204108,0.5587233154857103,0.3597248903422699,0.8568283582089553
45,beta,1,16,1.0,raw,5,0.4455828264458416,0.6217084136159281,0.4472954252884959,0.6013320893588348
5,beta,1,16,1.0,raw,5,0.4352667724679699,0.6345289335246292,0.4766372559495103,0.6685071361600167
41,beta,1,16,1.0,raw,5,0.4499519335719102,0.5917638885561651,0.3988984937918651,0.762699659596753
37,beta,1,16,1.0,raw,5,0.4576197202045006,0.5772206603313274,0.3967182803667676,0.8243094347358173
0,beta,1,16,1.0,raw,10,0.444914891269388,0.6296850079744817,0.4314770798668236,0.7528947651874192
19,beta,1,16,1.0,raw,6,0.437737502618469,0.5993000874890638,0.4223824204535055,0.759656652360515
34,beta,1,16,1.0,raw,6,0.454032023037805,0.5698492462311557,0.3851137474394717,0.8504553322796717
12,beta,1,16,1.0,raw,6,0.4344773439551878,0.5908575133733182,0.3531068788790729,0.8693018560223655
38,beta,1,16,1.0,raw,6,0.4347595145866337,0.6052087535296491,0.3520006839910819,0.8389531893004116
3,beta,1,16,1.0,raw,6,0.4318370458484299,0.628700986929848,0.4176530447857248,0.7297314693236528
35,beta,1,16,1.0,raw,6,0.4325753874207277,0.6365097021381783,0.4139021617014992,0.7895308772859793
1,beta,1,16,1.0,raw,6,0.4526640915644093,0.6174860853432282,0.4649344283703857,0.6841868204736822
42,beta,1,16,1.0,raw,6,0.4465807205871662,0.5902023158162616,0.3832744224863975,0.8272462231645906
22,beta,1,16,1.0,raw,6,0.4491239198851663,0.5842582315945246,0.3511654412992474,0.8358361426090509
46,beta,1,16,1.0,raw,6,0.4410303591487636,0.5996561004784688,0.3836157604048272,0.8206282269618577
26,beta,1,16,1.0,raw,6,0.448102625975973,0.5892522488755623,0.3631371858492299,0.84740723727862
39,beta,1,16,1.0,raw,6,0.4631771536790966,0.5484019526572718,0.3945452055020879,0.8075075897078585
31,beta,1,16,1.0,raw,6,0.4551712235601291,0.5771587099757254,0.3511822127198628,0.8671014195664428
14,beta,1,16,1.0,raw,6,0.4410814761522638,0.5670166015625,0.3697983669515731,0.8530095312704009
27,beta,1,16,1.0,raw,6,0.4422136534919535,0.6030393217893217,0.4042623016759861,0.7589218833600855
7,beta,1,16,1.0,raw,6,0.4484156686340116,0.5700641586468358,0.3764456856648463,0.8531107466816994
32,beta,1,16,1.0,raw,6,0.4510250926184549,0.5572654421672222,0.3928094817950725,0.7966647498562391
44,beta,1,16,1.0,raw,6,0.4442776149159123,0.582257326007326,0.41901445151742,0.7892633425206715
43,beta,1,16,1.0,raw,6,0.4564812766431398,0.5989245796938104,0.3630048048657711,0.8374745934959349
15,beta,1,16,1.0,raw,6,0.4438318935906444,0.6004943347282383,0.3832170723059708,0.7955437295059936
8,beta,1,16,1.0,raw,6,0.4667094479972598,0.5637213651238897,0.3916164975635967,0.8259041533546325
18,beta,1,16,1.0,raw,6,0.4487269819620211,0.6113191244239631,0.3923149175467638,0.7806534508076358
30,beta,1,16,1.0,raw,6,0.4637833690205489,0.5315529027650239,0.3905489275291368,0.8356844725727944
20,beta,1,16,1.0,raw,6,0.4431412618259997,0.6154119318181819,0.4430376809931466,0.702525787634114
11,beta,1,16,1.0,raw,6,0.4406895177695175,0.6238101903695409,0.3707708459705404,0.8501622471226487
48,beta,1,16,1.0,raw,6,0.4496482454494543,0.5851123009526459,0.4446022828373837,0.8549040593226818
10,beta,1,16,1.0,raw,6,0.4422964554933368,0.6172942237015464,0.3575428825615287,0.8542760151455804
23,beta,1,16,1.0,raw,6,0.4494500103979675,0.5972104818258664,0.3792377280448198,0.8210966189692289
24,beta,1,16,1.0,raw,6,0.4563506838344827,0.5797203784776161,0.3914421689423378,0.789785187400319
40,beta,1,16,1.0,raw,6,0.4439439490750913,0.6341639496972519,0.3887450949552626,0.784914143466775
47,beta,1,16,1.0,raw,6,0.4598106090024035,0.5381155303030303,0.403666497798814,0.7808931614150201
36,beta,1,16,1.0,raw,6,0.4568375723207341,0.5950737296891143,0.4040620278387416,0.7883234714003946
4,beta,1,16,1.0,raw,6,0.4571635714961704,0.5386944651278233,0.4859418139005569,0.6117412630288167
28,beta,1,16,1.0,raw,6,0.4493933960142895,0.6211684138933841,0.3949866735045247,0.8254807443114083
2,beta,1,16,1.0,raw,6,0.4467223420187178,0.5388682586134815,0.3602431219425165,0.8689471260839536
16,beta,1,16,1.0,raw,6,0.4427828127722858,0.5732433217189314,0.4147709418017293,0.753008344312692
6,beta,1,16,1.0,raw,6,0.450035894472335,0.56673140954495,0.3881714633029977,0.8077642420259818
25,beta,1,16,1.0,raw,6,0.4471854591989501,0.5748033481242437,0.4373288330663358,0.746540269425698
21,beta,1,16,1.0,raw,6,0.4381249256106761,0.6497572644761838,0.3793508340029726,0.8442415876653818
17,beta,1,16,1.0,raw,6,0.4493696539803578,0.5804899188030289,0.3892313701799554,0.798885549711996
13,beta,1,16,1.0,raw,6,0.4525549031770987,0.5569302325581396,0.3596954782630202,0.8552320365386185
33,beta,1,16,1.0,raw,6,0.4357288305542874,0.5918084319526628,0.40290053276468,0.7617927527018437
9,beta,1,16,1.0,raw,6,0.4542856151074304,0.5921031163321913,0.3487267033852526,0.8572097378277154
29,beta,1,16,1.0,raw,6,0.4358759436677826,0.6287926198919871,0.4185644343563437,0.7524041511253203
49,beta,1,16,1.0,raw,6,0.458582893256068,0.5633822404561575,0.3634545107900719,0.8545398009950248
45,beta,1,16,1.0,raw,6,0.445546774559003,0.6301529532101144,0.4492864308994815,0.5968485979370757
5,beta,1,16,1.0,raw,6,0.4368253683513616,0.6254901960784314,0.4635810853149439,0.6812949265548495
41,beta,1,16,1.0,raw,6,0.4563387653799844,0.6014182018542031,0.4240870761426324,0.784446190102121
37,beta,1,16,1.0,raw,6,0.4542958653997222,0.5807058714189456,0.3671096353962249,0.842784297647722
0,beta,1,16,1.0,raw,11,0.4468261358581868,0.6248255582137161,0.4299520371823226,0.7568397242567859
19,beta,1,16,1.0,raw,7,0.4394311687494636,0.6005881209293282,0.4213754734205259,0.7537000910391468
3,beta,1,16,1.0,raw,7,0.4336422558020755,0.6303741603821625,0.438225740259605,0.6593033135089209
34,beta,1,16,1.0,raw,7,0.4496669357931483,0.5623115577889447,0.3706976533411592,0.8390030355485312
35,beta,1,16,1.0,raw,7,0.4259436061586573,0.6593746137683847,0.4086868121801604,0.762430426716141
38,beta,1,16,1.0,raw,7,0.4353815628880151,0.5845350947962888,0.3559410185803263,0.847582304526749
46,beta,1,16,1.0,raw,7,0.4439130006872358,0.58126495215311,0.3945995875934528,0.8263860730408455
12,beta,1,16,1.0,raw,7,0.4330953190419551,0.6044276682953941,0.3496251449011842,0.8569024876394605
42,beta,1,16,1.0,raw,7,0.4493721907240023,0.5599440132332357,0.3715064514531832,0.8393188444208853
22,beta,1,16,1.0,raw,7,0.4437716075848139,0.570754716981132,0.3666485828939821,0.8548881397486975
26,beta,1,16,1.0,raw,7,0.4556729272927642,0.5654516491754122,0.3767248658388276,0.8543612514673609
7,beta,1,16,1.0,raw,7,0.4474041986479043,0.5894818703217654,0.3691002959973418,0.848991697842464
15,beta,1,16,1.0,raw,7,0.4464718133556029,0.6049237696693831,0.402548524911007,0.7923721980325754
14,beta,1,16,1.0,raw,7,0.440022079065534,0.551025390625,0.371569378871783,0.8561300430865649
39,beta,1,16,1.0,raw,7,0.4466890841998132,0.6011789628810905,0.412700139246317,0.7615711939481411
27,beta,1,16,1.0,raw,7,0.4416371475857504,0.6056096681096681,0.4051551002636185,0.7510299625468165
1,beta,1,16,1.0,raw,7,0.4530189817643221,0.6374536178107606,0.4617634824200269,0.6854754963904564
43,beta,1,16,1.0,raw,7,0.4558784748904122,0.5733070348454964,0.381036492269654,0.8194232723577235
31,beta,1,16,1.0,raw,7,0.455062702228683,0.5698531961622934,0.350805622859838,0.870842515246246
30,beta,1,16,1.0,raw,7,0.4616477795580854,0.5358891949801041,0.3893200822129511,0.8368734595806343
11,beta,1,16,1.0,raw,7,0.4442489203459802,0.6277062336692796,0.3663462274512039,0.8345206104547991
23,beta,1,16,1.0,raw,7,0.4509532117849162,0.5730487461256691,0.3733261620770856,0.8184880334304165
47,beta,1,16,1.0,raw,7,0.4607592415816818,0.5212831439393939,0.4125732956415656,0.7836906487627477
18,beta,1,16,1.0,raw,7,0.4510799495963112,0.5894537250384024,0.3940899713365482,0.7988514789175583
44,beta,1,16,1.0,raw,7,0.4413079346400532,0.5816849816849817,0.3934257807361065,0.7803432723628163
10,beta,1,16,1.0,raw,7,0.4429563799817924,0.6209694195964219,0.3710497177502826,0.8615093354223788
2,beta,1,16,1.0,raw,7,0.4486453003529976,0.578609546762413,0.3660571373000748,0.8623538740951064
32,beta,1,16,1.0,raw,7,0.4499842382690641,0.5826537125026594,0.3960951600059076,0.8001916810427449
8,beta,1,16,1.0,raw,7,0.4550447083348173,0.5804581580177652,0.3823870416037745,0.8236805111821088
6,beta,1,16,1.0,raw,7,0.4504079089194065,0.5455049944506104,0.4011646511538095,0.8065005307587323
36,beta,1,16,1.0,raw,7,0.4519374676549955,0.5977740208509439,0.3958652905898676,0.7791058514135436
24,beta,1,16,1.0,raw,7,0.4529466113456754,0.5821447064915501,0.3803550119391503,0.7966880980861244
20,beta,1,16,1.0,raw,7,0.4472335737313375,0.5792664366883118,0.451716420561182,0.7088037217005834
48,beta,1,16,1.0,raw,7,0.4432563830161893,0.5679600398674176,0.368743683065845,0.8467624799327269
28,beta,1,16,1.0,raw,7,0.4452196994925864,0.6259996716620935,0.3783069866238098,0.8317654071424868
40,beta,1,16,1.0,raw,7,0.4461790654627173,0.6407545412203075,0.3995529343766646,0.7755283478967689
4,beta,1,16,1.0,raw,7,0.4564398337979273,0.5310995284189626,0.4647469620156478,0.6612763131003475
16,beta,1,16,1.0,raw,7,0.4424032581311981,0.5835269066976383,0.3974273255028626,0.793199071459941
25,beta,1,16,1.0,raw,7,0.4539229339054663,0.5730889471561114,0.4092798042268915,0.792718153409837
21,beta,1,16,1.0,raw,7,0.4370094682859303,0.6283683951312179,0.3646276605997453,0.8393452442962809
17,beta,1,16,1.0,raw,7,0.4588501104838785,0.5824742268041238,0.4060285588271212,0.7914099674430253
9,beta,1,16,1.0,raw,7,0.453948456579602,0.5872782789082348,0.3574666688293066,0.849352161149914
13,beta,1,16,1.0,raw,7,0.4517820781386966,0.5716279069767441,0.352913084837667,0.8705244270451025
33,beta,1,16,1.0,raw,7,0.4411600489692304,0.5769693047337279,0.436884481138894,0.7427336300063573
29,beta,1,16,1.0,raw,7,0.4372903798511334,0.6076999745033956,0.4097419462826421,0.758316206135343
45,beta,1,16,1.0,raw,7,0.4455026923140017,0.6500868241394895,0.4467230591861357,0.5928186388845695
49,beta,1,16,1.0,raw,7,0.4579815399508009,0.5667663352108105,0.3577775696608397,0.8456840796019901
5,beta,1,16,1.0,raw,7,0.4370211808016765,0.6246532759445241,0.4456258140064311,0.6741327221585582
41,beta,1,16,1.0,raw,7,0.4551181366320984,0.5777735189133508,0.4275085689288208,0.7781225451688923
37,beta,1,16,1.0,raw,7,0.4482438662960886,0.5929041102256093,0.3863727678785513,0.8280120945011018
19,beta,1,16,1.0,raw,8,0.426951506280928,0.6166520851560222,0.4037802523684867,0.7497854077253219
3,beta,1,16,1.0,raw,8,0.4459542452175051,0.5724435607070977,0.4254798697462525,0.7544090007981257
0,beta,1,16,1.0,raw,12,0.4479490497622889,0.6219597288676236,0.4179244329897865,0.7592093925032313
34,beta,1,16,1.0,raw,8,0.4551794733316373,0.5776381909547739,0.3733530635424004,0.852775896239432
35,beta,1,16,1.0,raw,8,0.4288755200882385,0.6462241997280929,0.4106132141581803,0.7869334746885767
38,beta,1,16,1.0,raw,8,0.4355183065992426,0.5749798305768455,0.3539937826879514,0.8439686213991768
42,beta,1,16,1.0,raw,8,0.4411288377114418,0.5849599185647029,0.3621130999689367,0.8303472038165916
46,beta,1,16,1.0,raw,8,0.4409927693366764,0.5998803827751196,0.4016925022448274,0.8214729813748547
22,beta,1,16,1.0,raw,8,0.4505953883257638,0.5699223085460599,0.3475863890159555,0.8498442128920216
26,beta,1,16,1.0,raw,8,0.4557203255658647,0.5775393553223389,0.3805526280619256,0.8515924054509263
7,beta,1,16,1.0,raw,8,0.4412812081180204,0.5922766598619618,0.3932859577659517,0.854840362835033
39,beta,1,16,1.0,raw,8,0.4494128264103899,0.5970802247397993,0.406208641441203,0.7692728811028717
27,beta,1,16,1.0,raw,8,0.44332186502428,0.612914862914863,0.4042769901711417,0.751457998929909
14,beta,1,16,1.0,raw,8,0.439849200308115,0.5704210069444445,0.3825382495903821,0.8630891761326543
15,beta,1,16,1.0,raw,8,0.4428585096966618,0.599368621980765,0.4119694187379085,0.7821184755147019
11,beta,1,16,1.0,raw,8,0.4436757139700481,0.6455533781261664,0.3676006954775448,0.8369543172945291
31,beta,1,16,1.0,raw,8,0.4551290229854247,0.5761183678187493,0.3539987287471596,0.8613360323886641
30,beta,1,16,1.0,raw,8,0.4561877495613048,0.5559126619732682,0.3803068407902433,0.8249464336582406
23,beta,1,16,1.0,raw,8,0.4520084172536928,0.5695031464262234,0.3871850756737872,0.8088894516905154
43,beta,1,16,1.0,raw,8,0.4544176047865946,0.5792007138160984,0.3674193725565609,0.8296112804878049
12,beta,1,16,1.0,raw,8,0.4337333248352048,0.616677859342797,0.3519658424035838,0.8584685874038984
18,beta,1,16,1.0,raw,8,0.4505293593582984,0.5826372887864824,0.4062054683046762,0.7957441787287604
47,beta,1,16,1.0,raw,8,0.4596811727455301,0.5356770833333333,0.4041068326109533,0.7890821698329137
10,beta,1,16,1.0,raw,8,0.4477285796046493,0.6009754293507154,0.3751776195129386,0.8557644601122861
2,beta,1,16,1.0,raw,8,0.4457154040772342,0.574650173376288,0.3549074205381103,0.8530427442253089
1,beta,1,16,1.0,raw,8,0.4534050635021854,0.6134972170686457,0.4459471446640367,0.6979869130581655
6,beta,1,16,1.0,raw,8,0.450491784836934,0.5448691268960415,0.3906007759212516,0.8097609058282362
44,beta,1,16,1.0,raw,8,0.4429565818232171,0.5812271062271063,0.3878533452031735,0.8102480581307943
8,beta,1,16,1.0,raw,8,0.4637411488410676,0.5601449275362318,0.3986023580533077,0.8413162939297125
32,beta,1,16,1.0,raw,8,0.4503247122660587,0.5677847906767841,0.3835668138731052,0.8041403105232892
36,beta,1,16,1.0,raw,8,0.4519400889001107,0.5873250680942989,0.3949686024657483,0.7790664036817883
24,beta,1,16,1.0,raw,8,0.452900765282289,0.5763310266911453,0.3746473521850381,0.7968625398724083
20,beta,1,16,1.0,raw,8,0.4438234832526316,0.6220576298701298,0.4207882128343764,0.7005346291086674
48,beta,1,16,1.0,raw,8,0.4432995961762475,0.5485246737593584,0.3666159056437207,0.8487118721810258
28,beta,1,16,1.0,raw,8,0.4366855021805445,0.623677853608199,0.3773814520156387,0.8269968382314828
40,beta,1,16,1.0,raw,8,0.4415736260871827,0.6452026082906381,0.3934242467791712,0.7690256045519204
16,beta,1,16,1.0,raw,8,0.442027271208347,0.5674845141308555,0.391871675480273,0.7941652550348202
4,beta,1,16,1.0,raw,8,0.4565787887800789,0.5418217920079424,0.4710525070786557,0.6421801553239321
25,beta,1,16,1.0,raw,8,0.4482079453364541,0.5954013715207745,0.4125462607250676,0.7750059084582861
21,beta,1,16,1.0,raw,8,0.4372143323679364,0.6479045005745914,0.3725921695723382,0.851221481404313
17,beta,1,16,1.0,raw,8,0.4570719056916318,0.5874007845999453,0.3909159530446642,0.7909216128224392
13,beta,1,16,1.0,raw,8,0.4590752045059517,0.5864883720930233,0.3445915411617784,0.8660114726911889
9,beta,1,16,1.0,raw,8,0.4541942378812455,0.566860126331492,0.3754436729333913,0.8543627897560482
33,beta,1,16,1.0,raw,8,0.4365044574750283,0.5882951183431953,0.4093799146692089,0.7652383979656707
45,beta,1,16,1.0,raw,8,0.4452004710038582,0.6489807083898285,0.447052734216073,0.6055434613590421
29,beta,1,16,1.0,raw,8,0.4364432617565414,0.6144449852815057,0.4272380893502425,0.7102839308822411
49,beta,1,16,1.0,raw,8,0.456420735198219,0.5703822172774263,0.3507723193316812,0.8576990049751243
5,beta,1,16,1.0,raw,8,0.4361522555768622,0.6369440459110474,0.4869690161342416,0.6568001875195333
37,beta,1,16,1.0,raw,8,0.4530352964071205,0.5975394409721415,0.3865926132253274,0.8228104340695946
41,beta,1,16,1.0,raw,8,0.4489502809455894,0.5975133555326642,0.407023884858548,0.7545496203194553
19,beta,1,16,1.0,raw,9,0.4307163924691226,0.60498687664042,0.4386231447160499,0.7337235011054754
3,beta,1,16,1.0,raw,9,0.431796826714088,0.6351026940517471,0.4108456041110407,0.7411626889112022
35,beta,1,16,1.0,raw,9,0.4270883846759579,0.628723272772216,0.4115325180811655,0.7681023058574079
34,beta,1,16,1.0,raw,9,0.4485638197982696,0.5725902238465053,0.3754479395274024,0.8522490655026217
38,beta,1,16,1.0,raw,9,0.435395612238055,0.5827198467123841,0.3525341382303574,0.8480066872427984
0,beta,1,16,1.0,raw,13,0.4466785425889554,0.6186453349282297,0.4187009939299002,0.7553856096510123
46,beta,1,16,1.0,raw,9,0.4422204433341619,0.5750847288676236,0.3964548522781693,0.8198713270078123
42,beta,1,16,1.0,raw,9,0.4445160385505898,0.5543453365568138,0.3833638522017097,0.8214285714285714
7,beta,1,16,1.0,raw,9,0.4414776600826747,0.591474676776514,0.3915360127141928,0.8525213959924154
39,beta,1,16,1.0,raw,9,0.4518928382117362,0.5668232476743115,0.3894828119317368,0.8031279550092072
26,beta,1,16,1.0,raw,9,0.4619536433288773,0.5766726011994003,0.3789245954968565,0.8584315827081099
22,beta,1,16,1.0,raw,9,0.4475590438890451,0.5988022567517572,0.3665481235777699,0.8402799060169578
27,beta,1,16,1.0,raw,9,0.4437335112020064,0.5954635642135642,0.4202402903701985,0.7457597645799893
14,beta,1,16,1.0,raw,9,0.4455424267317542,0.5742187500000001,0.370152011330177,0.8581407494450974
15,beta,1,16,1.0,raw,9,0.4454007479580019,0.5869613097423096,0.3906894439944263,0.7831532548513681
31,beta,1,16,1.0,raw,9,0.4544637732646107,0.5539012830886603,0.3412116681218308,0.8638984266898989
43,beta,1,16,1.0,raw,9,0.4561923062413272,0.5863388748004132,0.3557116757845375,0.8392911585365853
30,beta,1,16,1.0,raw,9,0.4585578559982443,0.5516018773594531,0.395419056670453,0.8110625332854436
11,beta,1,16,1.0,raw,9,0.439941507862346,0.6377379619260918,0.3770986286068088,0.8433934999746489
18,beta,1,16,1.0,raw,9,0.4491901056859787,0.6009264592933948,0.3852604235737251,0.8029421019509125
23,beta,1,16,1.0,raw,9,0.4505423906346877,0.5825349863811402,0.4011765744417838,0.8146384703051791
47,beta,1,16,1.0,raw,9,0.4619330146240434,0.5338304924242424,0.4181975692017967,0.7923119961343811
10,beta,1,16,1.0,raw,9,0.4423971279093309,0.6345144811964033,0.3633238449556568,0.8499281890586239
2,beta,1,16,1.0,raw,9,0.4482786375696295,0.5721417504856995,0.3504261407108196,0.8671117591384646
6,beta,1,16,1.0,raw,9,0.4505289128484948,0.5560950795412505,0.3908715423757995,0.8079285244907243
12,beta,1,16,1.0,raw,9,0.4399737685956618,0.5913206585925017,0.3648275057262027,0.8536279154047267
1,beta,1,16,1.0,raw,9,0.4532201601274925,0.6183673469387755,0.4327805772432244,0.6943335793911944
44,beta,1,16,1.0,raw,9,0.4442777323066058,0.5819253663003663,0.3972427369072543,0.8036958155850665
32,beta,1,16,1.0,raw,9,0.4501017475335369,0.5753492660095029,0.389077133455036,0.798351543032394
8,beta,1,16,1.0,raw,9,0.4536033933155184,0.5913510986442263,0.3669013673837445,0.8425559105431311
36,beta,1,16,1.0,raw,9,0.4524524400017353,0.5772987696064619,0.3916432650994758,0.7704667981591059
20,beta,1,16,1.0,raw,9,0.4464693101959655,0.6204849837662337,0.4635220980710627,0.684179119018913
24,beta,1,16,1.0,raw,9,0.4525182871521747,0.5720001882973215,0.3876601811017096,0.802482057416268
48,beta,1,16,1.0,raw,9,0.4498325963706252,0.5406439051526319,0.3647057078113853,0.8491960349616492
16,beta,1,16,1.0,raw,9,0.4429318555642091,0.573352206736353,0.3985381092877243,0.786699291047117
28,beta,1,16,1.0,raw,9,0.4405643401089242,0.6300100846642746,0.378037114609603,0.8331389623179392
40,beta,1,16,1.0,raw,9,0.4434787068701149,0.6311131811830462,0.3908502120248376,0.7794147530989636
4,beta,1,16,1.0,raw,9,0.4560865436022539,0.5514023330851328,0.4795290433622211,0.6482347230737788
25,beta,1,16,1.0,raw,9,0.4507963425937685,0.5864511899959661,0.4165797281959475,0.7794438171266511
21,beta,1,16,1.0,raw,9,0.4353013137563137,0.6419006074251273,0.3609021330511171,0.8352041879362432
17,beta,1,16,1.0,raw,9,0.4500343216946917,0.5798056746647204,0.3893445390631603,0.7975206611570248
33,beta,1,16,1.0,raw,9,0.4360016129632302,0.5925711908284024,0.4033590487520035,0.7613223140495868
9,beta,1,16,1.0,raw,9,0.4557753366970124,0.6040020511386149,0.3715428295334765,0.8515917602996255
13,beta,1,16,1.0,raw,9,0.4508043253527797,0.5849302325581396,0.335251762545516,0.8610635347850909
45,beta,1,16,1.0,raw,9,0.4480357972748659,0.6082685125716596,0.449549892941915,0.5997771212356813
29,beta,1,16,1.0,raw,9,0.4401570594950779,0.6157198154972997,0.4054658180380713,0.7543325467509071
49,beta,1,16,1.0,raw,9,0.4581533822899489,0.5657928285005678,0.3541162983289461,0.8580348258706467
5,beta,1,16,1.0,raw,9,0.4364339408188564,0.6318747010999521,0.4598201042055695,0.6896942389832275
37,beta,1,16,1.0,raw,9,0.456205845355373,0.5655568205580984,0.3859591682621627,0.8317275662378927
41,beta,1,16,1.0,raw,9,0.4541164272705657,0.5793546223318881,0.4330096907654505,0.7737234878240377
19,beta,1,16,1.0,raw,10,0.4283156951780665,0.6216584038106348,0.3973411923295064,0.7584471322668747
3,beta,1,16,1.0,raw,10,0.4484485325801938,0.6310895026552535,0.4530770506646289,0.6647357174120131
35,beta,1,16,1.0,raw,10,0.4294853255004335,0.638857990359659,0.4224995828660339,0.7787569573283859
38,beta,1,16,1.0,raw,10,0.4364827284296242,0.5804255748285599,0.3604858892406595,0.8439686213991768
34,beta,1,16,1.0,raw,10,0.4492304261390172,0.5640703517587939,0.3766186470498662,0.8553473319786258
7,beta,1,16,1.0,raw,10,0.442539280047798,0.6029697676679304,0.3860845085035312,0.8536616614564649
39,beta,1,16,1.0,raw,10,0.461562880074894,0.5630008289582757,0.3902097974947649,0.8034763350420544
42,beta,1,16,1.0,raw,10,0.4433557619460177,0.5755185138058277,0.368323557175203,0.82618605883912
46,beta,1,16,1.0,raw,10,0.4439780502231311,0.5808911483253587,0.3665414158252654,0.8201416484199713
27,beta,1,16,1.0,raw,10,0.4436611375350738,0.6004013347763348,0.399410462304937,0.752541466024612
26,beta,1,16,1.0,raw,10,0.4532675354495958,0.56711488005997,0.3660824766552097,0.848109018527025
15,beta,1,16,1.0,raw,10,0.4435963774439014,0.597973717054548,0.3922420790488263,0.7912702252324894
22,beta,1,16,1.0,raw,10,0.4440514628510487,0.5747317795042545,0.3683679557440026,0.8537005822862397
31,beta,1,16,1.0,raw,10,0.4548809950691104,0.5798173621546642,0.3622393690593569,0.8587608261159227
14,beta,1,16,1.0,raw,10,0.4429237645634057,0.5630696614583334,0.3705052377212175,0.8577882230056143
11,beta,1,16,1.0,raw,10,0.4413952952688187,0.6466498693542367,0.3863849547950947,0.822985854078994
0,beta,1,16,1.0,raw,14,0.4462518655647156,0.6318530701754386,0.4233586924227646,0.7654970917707884
43,beta,1,16,1.0,raw,10,0.4552072333694308,0.5788954635108482,0.3739436888771589,0.8367251016260162
30,beta,1,16,1.0,raw,10,0.4669175411028721,0.5247933884297521,0.3932379875288489,0.8270023903592969
47,beta,1,16,1.0,raw,10,0.4586376909978215,0.5362926136363636,0.3984768231004667,0.7937616032145673
23,beta,1,16,1.0,raw,10,0.4509811824067969,0.5938762092608246,0.3871603477015463,0.8015448904647334
10,beta,1,16,1.0,raw,10,0.4435597945624378,0.6154219540947229,0.360225562420322,0.8545893719806763
2,beta,1,16,1.0,raw,10,0.4459868394840859,0.5473280377738977,0.3646651948123869,0.8649246668201468
18,beta,1,16,1.0,raw,10,0.449868238550386,0.5919258832565284,0.3834635783672045,0.8103629116844975
6,beta,1,16,1.0,raw,10,0.4503226772378687,0.5647775619681835,0.3903733969065217,0.8041500278016479
12,beta,1,16,1.0,raw,10,0.4332286397232602,0.6233239932380797,0.3592274611762104,0.8454091273847428
1,beta,1,16,1.0,raw,10,0.4537412793395994,0.609577922077922,0.4529610370085901,0.7033292879752774
32,beta,1,16,1.0,raw,10,0.4498633362619292,0.5764366593385812,0.3910951264890984,0.8030924541562839
44,beta,1,16,1.0,raw,10,0.4448579677002014,0.5726419413919414,0.3968112706657878,0.8082560761713856
8,beta,1,16,1.0,raw,10,0.4555046636644165,0.56781206171108,0.4042994365518849,0.8342364217252397
20,beta,1,16,1.0,raw,10,0.4442127434280492,0.6098062094155844,0.4112895204807992,0.7358761706428945
36,beta,1,16,1.0,raw,10,0.4535441268914916,0.5770170000939231,0.4016305101445865,0.7830374753451677
48,beta,1,16,1.0,raw,10,0.4488028217882298,0.574728229376724,0.4352281884222949,0.8529037025711592
24,beta,1,16,1.0,raw,10,0.4551990332042604,0.5736242526950054,0.3884940003959138,0.7962146132376395
16,beta,1,16,1.0,raw,10,0.4438614376266069,0.5786391792489354,0.4195238045257308,0.7813288161114249
40,beta,1,16,1.0,raw,10,0.4422453946875996,0.6360037261294831,0.4304000148832574,0.7722642755537492
28,beta,1,16,1.0,raw,10,0.4376312978455332,0.6234902319472784,0.3717108965473437,0.8358990307365365
4,beta,1,16,1.0,raw,10,0.4558316651382931,0.5615040953090097,0.4785991984974789,0.61817903126916
25,beta,1,16,1.0,raw,10,0.4516503245340391,0.5823668818071803,0.4174692252803404,0.7747301804049264
21,beta,1,16,1.0,raw,10,0.4356644305003002,0.6358029034452027,0.3582306346916844,0.8459344723408688
33,beta,1,16,1.0,raw,10,0.4358970192603203,0.5732017381656804,0.4038824823348171,0.7605085823267641
17,beta,1,16,1.0,raw,10,0.4503196825861663,0.5871270869446219,0.3944243106755501,0.8036814425244178
13,beta,1,16,1.0,raw,10,0.453575239444424,0.5824418604651163,0.3584440446570436,0.8542669167822092
9,beta,1,16,1.0,raw,10,0.455597985778916,0.5875812880218166,0.3716379892970685,0.8526799271181295
45,beta,1,16,1.0,raw,10,0.4460360020339136,0.5920692690121079,0.447336282937596,0.5932203389830508
29,beta,1,16,1.0,raw,10,0.4364877297904247,0.6208423150916719,0.4411594747560718,0.7341351399355509
5,beta,1,16,1.0,raw,10,0.4362063696502455,0.6286944045911047,0.4600585866242653,0.663910303156579
49,beta,1,16,1.0,raw,10,0.4581841655948621,0.554875646107132,0.3477033411771966,0.8586940298507463
37,beta,1,16,1.0,raw,10,0.4567765072071814,0.5826808243685959,0.3935314578638381,0.8263337262337929
41,beta,1,16,1.0,raw,10,0.4517869431157473,0.5774381333397217,0.4242750878623749,0.7677271537051583
3,beta,1,16,1.0,raw,11,0.4332393366243754,0.6438080457819055,0.4382616803701215,0.7167168713472877
19,beta,1,16,1.0,raw,11,0.4367347564220656,0.6015116166034802,0.4170088932166212,0.7624138379503187
35,beta,1,16,1.0,raw,11,0.4271475542056732,0.6485477691261896,0.4082808899613263,0.7825072886297377
38,beta,1,16,1.0,raw,11,0.4362022703342569,0.5743243243243243,0.3564332306786961,0.8505787037037037
34,beta,1,16,1.0,raw,11,0.4528651808006669,0.5647327546825034,0.3734491386355631,0.8485612503449487
7,beta,1,16,1.0,raw,11,0.4451993999409037,0.5930057353941868,0.3695986494734786,0.8514708143289089
46,beta,1,16,1.0,raw,11,0.4419873893500955,0.5909090909090909,0.3994385541574591,0.8284945800556861
26,beta,1,16,1.0,raw,11,0.4571629684917294,0.5581662293853074,0.3774634153751972,0.8585336599806054
27,beta,1,16,1.0,raw,11,0.4418897428305823,0.6068948412698412,0.4000126985680023,0.7666800428036382
15,beta,1,16,1.0,raw,11,0.4430568856319338,0.596505396079583,0.389068765091913,0.7855050260710638
42,beta,1,16,1.0,raw,11,0.4500261431623407,0.549713704033592,0.3668591471858641,0.8412801484230057
39,beta,1,16,1.0,raw,11,0.4511019334622272,0.5924979276043106,0.3774594479057435,0.8224879311202906
31,beta,1,16,1.0,raw,11,0.454016531910056,0.5646977228066119,0.3606661118951457,0.8565571670168606
43,beta,1,16,1.0,raw,11,0.4559799557868986,0.5853526815065276,0.3676545439687461,0.8277311991869918
22,beta,1,16,1.0,raw,11,0.4493166775320188,0.5632630410654828,0.3546517173429713,0.8474563285320258
11,beta,1,16,1.0,raw,11,0.4433165037963115,0.6384145203434117,0.3749185115967789,0.835040308269533
14,beta,1,16,1.0,raw,11,0.4493200768343842,0.5472276475694444,0.3718817125243541,0.8684815250032641
30,beta,1,16,1.0,raw,11,0.4585328986170053,0.5630292827262524,0.3872579803235561,0.8327987020225164
47,beta,1,16,1.0,raw,11,0.4603258536034063,0.5198390151515151,0.4092202724094919,0.7933928435187304
23,beta,1,16,1.0,raw,11,0.4500169876653895,0.5892504930966469,0.3803275478837121,0.8114347220463468
10,beta,1,16,1.0,raw,11,0.4444847947503312,0.6198368120564918,0.3537816895825132,0.8554772163467815
2,beta,1,16,1.0,raw,11,0.445685163799663,0.5569190664732067,0.3558672044648546,0.8591307906786382
0,beta,1,16,1.0,raw,15,0.4474494090066661,0.6262210925039873,0.4094529434433702,0.7615790607496769
18,beta,1,16,1.0,raw,11,0.4504104728990407,0.5973742319508448,0.3942510346246083,0.7979730438430879
6,beta,1,16,1.0,raw,11,0.4510666695669397,0.5321864594894562,0.3824351065882315,0.8073598544204621
12,beta,1,16,1.0,raw,11,0.4361491807120238,0.5879860130143806,0.3445709677053098,0.8635034040019675
1,beta,1,16,1.0,raw,11,0.4538626914208359,0.6124768089053804,0.4535097593310953,0.6997510228083127
32,beta,1,16,1.0,raw,11,0.4538180378800711,0.5748292083303784,0.40498577157682,0.8032330202542969
44,beta,1,16,1.0,raw,11,0.4444375393582754,0.5548992673992674,0.3886695938426796,0.8009270859433726
8,beta,1,16,1.0,raw,11,0.4554509121786345,0.5647966339410939,0.3880015972242219,0.8391821086261981
20,beta,1,16,1.0,raw,11,0.446750427435877,0.6025517451298702,0.4461117648948217,0.7094126386808421
36,beta,1,16,1.0,raw,11,0.451149233955926,0.5699962430731662,0.402881485186442,0.7625904010519395
16,beta,1,16,1.0,raw,11,0.4426639833862107,0.5899390243902439,0.3939715844293934,0.7866992910471172
24,beta,1,16,1.0,raw,11,0.4550365379879765,0.54417925905004,0.3986462812750959,0.7919657097288675
40,beta,1,16,1.0,raw,11,0.4433190583707028,0.614462040055892,0.3944927423399424,0.7815738671001828
28,beta,1,16,1.0,raw,11,0.4408836309130563,0.6330589366542367,0.3652878992364971,0.8280723578499973
4,beta,1,16,1.0,raw,11,0.4559978637582532,0.5354678580292878,0.4686202823445206,0.6498441651338647
48,beta,1,16,1.0,raw,11,0.4429692640082928,0.5679948079642121,0.3585088907865821,0.857363096603216
25,beta,1,16,1.0,raw,11,0.441483904329156,0.5863881605486083,0.3995922409366828,0.7699640240539902
21,beta,1,16,1.0,raw,11,0.446854831667258,0.5719880860245314,0.4299820497281451,0.8359985415147412
17,beta,1,16,1.0,raw,11,0.4537443499305305,0.5836374418392483,0.3964857279937659,0.8060856498873027
13,beta,1,16,1.0,raw,11,0.4515822884734735,0.5800232558139535,0.3526311526919618,0.8638093684582552
33,beta,1,16,1.0,raw,11,0.4488886408102233,0.5741725221893491,0.4171650548319071,0.7722822631913542
45,beta,1,16,1.0,raw,11,0.4453744343302493,0.6293441804039107,0.4415381580508684,0.6242808272430416
9,beta,1,16,1.0,raw,11,0.4580660297019939,0.5753909982984873,0.3703754500310084,0.8556154469075817
5,beta,1,16,1.0,raw,11,0.4369809273042852,0.6146102343376375,0.4364063865533021,0.6977028857172622
29,beta,1,16,1.0,raw,11,0.4368523163152383,0.6243886609646988,0.4185483247573278,0.7416584202380045
49,beta,1,16,1.0,raw,11,0.4573534946165926,0.5675080546090907,0.3531847612061813,0.860136815920398
37,beta,1,16,1.0,raw,11,0.4486484390347269,0.582518181184507,0.3727323794226556,0.8252575206272741
41,beta,1,16,1.0,raw,11,0.4480721809936618,0.6027597441487196,0.422147574495782,0.765606179628175
3,beta,1,16,1.0,raw,12,0.4333708937884766,0.6304469070540023,0.4290052025330582,0.6962101902628666
19,beta,1,16,1.0,raw,12,0.4292803309049568,0.6030912802566345,0.3998566765613112,0.7653140850565744
35,beta,1,16,1.0,raw,12,0.426925922863959,0.639031022123347,0.4067199080073739,0.7758282533792737
38,beta,1,16,1.0,raw,12,0.4524888802315984,0.5636345300524406,0.3755864683436125,0.8449588477366256
34,beta,1,16,1.0,raw,12,0.449285485659404,0.5734810415714938,0.3720775813796916,0.856187752439728
7,beta,1,16,1.0,raw,12,0.4411957331617526,0.5932973656070769,0.3865709696761603,0.8498308819761184
27,beta,1,16,1.0,raw,12,0.4428970346140085,0.5954071969696969,0.3991805608888966,0.7608079186730872
15,beta,1,16,1.0,raw,12,0.4431470791221717,0.6006656388419842,0.3874345378033276,0.7778584099338816
26,beta,1,16,1.0,raw,12,0.4530367107537205,0.5696214392803598,0.3619158321199421,0.8555223804419947
42,beta,1,16,1.0,raw,12,0.4476961620706516,0.5681129914747423,0.3866215015244459,0.8279485820302147
46,beta,1,16,1.0,raw,12,0.4441338047923122,0.5829096889952153,0.3686182473690554,0.8247100802854594
39,beta,1,16,1.0,raw,12,0.460416321373144,0.5363590310398821,0.3964985624133358,0.8013984969890011
43,beta,1,16,1.0,raw,12,0.4548936068677854,0.5751150558842867,0.3701760640281893,0.8384146341463417
31,beta,1,16,1.0,raw,12,0.4580346528670129,0.5645590105190151,0.3474667171793107,0.8679213857428383
11,beta,1,16,1.0,raw,12,0.443981574306619,0.6110022396416572,0.3921595567270032,0.8442427622572631
22,beta,1,16,1.0,raw,12,0.4442334067294632,0.5897844987051424,0.3543011699782091,0.8585401981816324
23,beta,1,16,1.0,raw,12,0.4515667793044759,0.5762421339344416,0.4088399564699277,0.8155628719767
47,beta,1,16,1.0,raw,12,0.4623359060443942,0.525497159090909,0.4158928381015436,0.7977670964624501
30,beta,1,16,1.0,raw,12,0.4599504570870503,0.5323691460055097,0.3937828595210508,0.8307922864467867
14,beta,1,16,1.0,raw,12,0.4401145873632436,0.569091796875,0.3767566860848571,0.8600208904556732
10,beta,1,16,1.0,raw,12,0.4431866885075465,0.6278575225943647,0.3696003024725997,0.8543412978195588
2,beta,1,16,1.0,raw,12,0.4457938955220209,0.5397289919582913,0.3552787818108268,0.87153710382933
6,beta,1,16,1.0,raw,12,0.4502783841427054,0.5683615427302996,0.3863474286601688,0.798299044634282
18,beta,1,16,1.0,raw,12,0.4505546939304348,0.5992463517665131,0.4118521552052757,0.7954688483322843
0,beta,1,16,1.0,raw,16,0.4461569225255177,0.6248504784688995,0.4277849211068866,0.7479534683326152
12,beta,1,16,1.0,raw,12,0.4356789837613548,0.6120695644119214,0.3598378973487825,0.8602806036602729
1,beta,1,16,1.0,raw,12,0.4533386548895168,0.6211966604823748,0.4347919541823943,0.7096475533924707
32,beta,1,16,1.0,raw,12,0.4495914737375727,0.5921802236248019,0.3835551784413948,0.8130726471152002
44,beta,1,16,1.0,raw,12,0.4432808054403093,0.5774038461538462,0.3972897735127853,0.8125908293660736
8,beta,1,16,1.0,raw,12,0.4633172238360092,0.5695418419822347,0.3947515911036406,0.8428370607028753
20,beta,1,16,1.0,raw,12,0.4455763721016231,0.614650974025974,0.4490747635666025,0.7093395686432112
36,beta,1,16,1.0,raw,12,0.4508059284985177,0.6081055696440312,0.3917792243062308,0.7967258382642998
16,beta,1,16,1.0,raw,12,0.4423058550255869,0.575687185443283,0.4036791592858602,0.773599347512391
24,beta,1,16,1.0,raw,12,0.4527096653564817,0.5592901190980558,0.3798697893514006,0.8000024920255183
28,beta,1,16,1.0,raw,12,0.4430499740758573,0.6058772485283426,0.381743827305261,0.8219172756958482
40,beta,1,16,1.0,raw,12,0.4427717743090609,0.6271308802980905,0.4029663232003274,0.7777827169274538
4,beta,1,16,1.0,raw,12,0.4560894187102138,0.542367833209233,0.456504322395042,0.6818414060903331
48,beta,1,16,1.0,raw,12,0.4478444015256494,0.5916602925155876,0.4195847688490635,0.8590194429579796
25,beta,1,16,1.0,raw,12,0.4434901813346996,0.5747529245663575,0.4228171319136898,0.7567422074000157
21,beta,1,16,1.0,raw,12,0.4375896191768758,0.643096695513497,0.3678827602398832,0.8533440983435775
17,beta,1,16,1.0,raw,12,0.4506232158186428,0.5758370586625308,0.3846476804947225,0.805985474580516
13,beta,1,16,1.0,raw,12,0.4537767622808338,0.6151162790697675,0.3548166980787354,0.8547290868064052
33,beta,1,16,1.0,raw,12,0.4394486660201299,0.5739413831360947,0.4394439187675003,0.7409027336300064
45,beta,1,16,1.0,raw,12,0.4459276133820058,0.6299269725730869,0.4464724474871497,0.6038329964235734
9,beta,1,16,1.0,raw,12,0.4563508634252521,0.5821271239773442,0.3597930466994145,0.8504150217633364
29,beta,1,16,1.0,raw,12,0.4369531347123705,0.6213754259091857,0.4107719160305819,0.7471898708482403
37,beta,1,16,1.0,raw,12,0.4473812836607838,0.6070540672413393,0.3910049307443989,0.8176856454671245
5,beta,1,16,1.0,raw,12,0.4364399499443392,0.6308225729316116,0.4376525442667227,0.7057766434003541
49,beta,1,16,1.0,raw,12,0.461368569354332,0.5619219803907933,0.3556304186724935,0.8586691542288557
41,beta,1,16,1.0,raw,12,0.4509016111001634,0.5919794935677839,0.4261556956212135,0.7686043466876147
3,beta,1,16,1.0,raw,13,0.4342434972222369,0.6463784281869105,0.4266101747636724,0.7255348729435391
19,beta,1,16,1.0,raw,13,0.4298619696396796,0.6040147759307866,0.4233053296725347,0.7437768240343348
35,beta,1,16,1.0,raw,13,0.4291032807598343,0.6507477444073663,0.411446476616621,0.7913994169096209
38,beta,1,16,1.0,raw,13,0.4439516187052963,0.5619453408632513,0.3772507910419965,0.8426954732510288
27,beta,1,16,1.0,raw,13,0.4421739400934519,0.6050234487734487,0.4032552819092334,0.7603798822899945
7,beta,1,16,1.0,raw,13,0.4434137016991359,0.5713278895693594,0.3787517429223576,0.8385819709936966
15,beta,1,16,1.0,raw,13,0.4441677068473894,0.5907544722609696,0.3880841589677178,0.7945761436327474
42,beta,1,16,1.0,raw,13,0.4545801245677834,0.5365568138440006,0.3797661374137103,0.8374238006891068
46,beta,1,16,1.0,raw,13,0.4411061710091182,0.5999800637958532,0.3882667116632529,0.8266969426648285
34,beta,1,16,1.0,raw,13,0.4500171863399949,0.5790315212425765,0.3551726522824416,0.8582323574421113
39,beta,1,16,1.0,raw,13,0.4505969756799533,0.5941788707746154,0.3851496334165304,0.7969566515701986
31,beta,1,16,1.0,raw,13,0.4561111774623934,0.5627326320656572,0.3476149288009373,0.8726618152001231
43,beta,1,16,1.0,raw,13,0.4559917529054708,0.5800225415610032,0.3819102924664556,0.8377413617886178
23,beta,1,16,1.0,raw,13,0.4517410783187549,0.5559547290316521,0.4092484373180496,0.7895086741800683
11,beta,1,16,1.0,raw,13,0.4415366562490677,0.6327920865994773,0.3612603201266508,0.8487172336865588
26,beta,1,16,1.0,raw,13,0.4501386097845002,0.5552380059970015,0.3574549133373437,0.8498443321594447
22,beta,1,16,1.0,raw,13,0.4470934140697456,0.5246716611172771,0.3602918042924945,0.8358616814792114
30,beta,1,16,1.0,raw,13,0.4561067179828916,0.532700744821957,0.3887619412602853,0.8161404986314265
14,beta,1,16,1.0,raw,13,0.43986429264753,0.5522189670138888,0.3673292251759315,0.8622535579057318
10,beta,1,16,1.0,raw,13,0.4480500318420998,0.6103367773848323,0.3674239553870796,0.842786264525395
47,beta,1,16,1.0,raw,13,0.4585267565531826,0.5272017045454545,0.4064457678437145,0.775285470867984
2,beta,1,16,1.0,raw,13,0.4476780551572885,0.5681823770995745,0.3512679667646127,0.8587215102448009
18,beta,1,16,1.0,raw,13,0.450094480662649,0.5861415130568355,0.4147365589631188,0.7645007342143906
6,beta,1,16,1.0,raw,13,0.4510332034802228,0.5479328523862375,0.3920693778163421,0.8082191780821917
0,beta,1,16,1.0,raw,17,0.4463057400114428,0.6293859649122806,0.4200358214032033,0.7457857604480828
12,beta,1,16,1.0,raw,13,0.4350969530998829,0.5839566496074845,0.3551613453114805,0.8623773653283633
1,beta,1,16,1.0,raw,13,0.4536193420202363,0.6185296846011131,0.4498173250186314,0.6923317527243611
32,beta,1,16,1.0,raw,13,0.4505625321452658,0.5751601541261849,0.4095633626702041,0.7829531659318893
44,beta,1,16,1.0,raw,13,0.4431302827323807,0.5730540293040294,0.3807454256620789,0.8124404911049862
8,beta,1,16,1.0,raw,13,0.4554680394057526,0.5531089294062645,0.3840906642212274,0.8392204472843451
20,beta,1,16,1.0,raw,13,0.4443488485954736,0.6047077922077922,0.4670579571201195,0.6793808532144727
24,beta,1,16,1.0,raw,13,0.4540065050614864,0.5761427293696748,0.3870505633750357,0.8005881180223284
16,beta,1,16,1.0,raw,13,0.4429642180895545,0.5863821138211381,0.3960476805250251,0.7901373988330511
36,beta,1,16,1.0,raw,13,0.4514223534658521,0.5809617732694655,0.402860920188079,0.7555950032873109
28,beta,1,16,1.0,raw,13,0.4411621431520636,0.5967775979736862,0.3842731945778422,0.8265044316591509
4,beta,1,16,1.0,raw,13,0.4566853510324598,0.5230578307272277,0.4613075225906795,0.6599989781320253
48,beta,1,16,1.0,raw,13,0.4487737856806583,0.5855063393829821,0.4358126594874688,0.8489539535713375
40,beta,1,16,1.0,raw,13,0.4449062167151105,0.6376804843968328,0.3941595762931013,0.776620605567974
25,beta,1,16,1.0,raw,13,0.4458451849559467,0.5780808793868495,0.418642944201944,0.7658806228828025
21,beta,1,16,1.0,raw,13,0.4359664435673936,0.6445976688008631,0.3557180641232718,0.8475231794978645
45,beta,1,16,1.0,raw,13,0.4494301174301745,0.5858250671995052,0.4500343713614382,0.5979500336909759
33,beta,1,16,1.0,raw,13,0.4367987939843272,0.5666605029585798,0.416731223429975,0.7549904640813732
17,beta,1,16,1.0,raw,13,0.4569963132106473,0.5887464647386187,0.3822544857657609,0.8013523666416228
9,beta,1,16,1.0,raw,13,0.4585275202534278,0.5907978463044542,0.3646992317542019,0.8552358538313596
13,beta,1,16,1.0,raw,13,0.4511552287412085,0.5702325581395349,0.3324835669608403,0.8599352961966125
3,beta,1,16,1.0,raw,14,0.4336000046837374,0.644050534688038,0.4233384533851609,0.7334260188975567
19,beta,1,16,1.0,raw,14,0.4308187678301883,0.6004423058228833,0.4199179005989245,0.7587462608921836
29,beta,1,16,1.0,raw,13,0.436709404915336,0.6069350763739193,0.4182157232452506,0.7359874146811803
37,beta,1,16,1.0,raw,13,0.4517896476905013,0.5837728571760497,0.3861560966946429,0.828473325475324
41,beta,1,16,1.0,raw,13,0.4491611277899893,0.5814388041108689,0.407769479345937,0.7793532338308458
5,beta,1,16,1.0,raw,13,0.4371133696754516,0.6231229076996653,0.4521946728921088,0.673624856755912
35,beta,1,16,1.0,raw,14,0.4268456026122666,0.6463477938450131,0.4170097865516001,0.7812748476013782
49,beta,1,16,1.0,raw,13,0.4576983351809907,0.5676239482650719,0.3435985925323649,0.8617164179104477
38,beta,1,16,1.0,raw,14,0.443871895072646,0.5827450584913272,0.3645665391959501,0.8437371399176955
27,beta,1,16,1.0,raw,14,0.4413771324343878,0.6024080086580086,0.3937350255147205,0.7633493846976993
15,beta,1,16,1.0,raw,14,0.4436166831682906,0.5893595673347527,0.3830903271267732,0.7928559909691986
42,beta,1,16,1.0,raw,14,0.4504110518601639,0.5710904695253849,0.3779454585291411,0.8382851842035516
7,beta,1,16,1.0,raw,14,0.4421824492041385,0.5817779721979197,0.3996010228511962,0.8455644954645621
46,beta,1,16,1.0,raw,14,0.4439482454269336,0.5886413476874003,0.3833489065876885,0.8354688724893898
34,beta,1,16,1.0,raw,14,0.457700288580632,0.5717907720420283,0.3717290960718491,0.8511954040290008
31,beta,1,16,1.0,raw,14,0.4572380282835504,0.5952837822217084,0.357634330101134,0.8602085788961206
23,beta,1,16,1.0,raw,14,0.4513434707174828,0.5760308068000376,0.3940516852604793,0.8196910219070533
43,beta,1,16,1.0,raw,14,0.4557789003392054,0.5770404808866347,0.3739905878287684,0.8222560975609756
39,beta,1,16,1.0,raw,14,0.4537891256524943,0.5817905498756563,0.3919098893594241,0.8056785945354104
11,beta,1,16,1.0,raw,14,0.4450159926166022,0.6371313923105637,0.3714244774184075,0.8363205394716827
30,beta,1,16,1.0,raw,14,0.4583913827750657,0.5514998469543924,0.3791423140904209,0.8302721046308567
22,beta,1,16,1.0,raw,14,0.4444595667961792,0.5755526267110618,0.3693855926040499,0.848273572377158
26,beta,1,16,1.0,raw,14,0.4536878444461695,0.5767194527736131,0.3728070711634315,0.8576149645281478
10,beta,1,16,1.0,raw,14,0.4442186976435117,0.6158611284469409,0.3552306289424998,0.8497453975714846
14,beta,1,16,1.0,raw,14,0.4439784697583465,0.5528428819444444,0.3582692758095581,0.8577359968664316
47,beta,1,16,1.0,raw,14,0.460213189091529,0.5213068181818182,0.4167060138084888,0.7927189033849598
2,beta,1,16,1.0,raw,14,0.4483793127875053,0.5789046553377765,0.3493005144803768,0.85996214155987
6,beta,1,16,1.0,raw,14,0.451449222282055,0.5433083610802811,0.4076102847952894,0.7866223525248952
18,beta,1,16,1.0,raw,14,0.4506267540695188,0.5868135560675882,0.3889416855591915,0.8018276693937487
0,beta,1,16,1.0,raw,18,0.4471714636954967,0.6317533891547049,0.420563726255863,0.7586842955622577
12,beta,1,16,1.0,raw,14,0.4394542778847724,0.5928027232938888,0.3673830120566768,0.8632833734565505
1,beta,1,16,1.0,raw,14,0.4532759020548063,0.6275278293135436,0.4587553061404498,0.6886784190573899
32,beta,1,16,1.0,raw,14,0.4508952163677732,0.5761293525281895,0.3911557787643755,0.8130982045875662
8,beta,1,16,1.0,raw,14,0.4600954446303438,0.548013090229079,0.4057626184850603,0.8441022364217253
44,beta,1,16,1.0,raw,14,0.4423124750063745,0.5842032967032967,0.3921857362684736,0.7965672763718367
20,beta,1,16,1.0,raw,14,0.4468973967801797,0.6013595779220778,0.4460198155746003,0.7003154189957741
24,beta,1,16,1.0,raw,14,0.4534436125182287,0.5753424657534246,0.391703680332123,0.7961772328548644
16,beta,1,16,1.0,raw,14,0.4429563968019147,0.5931813782423538,0.3998018727764865,0.788857519292302
28,beta,1,16,1.0,raw,14,0.4380960661439617,0.6320035648115574,0.3802679703157325,0.82676359301301
36,beta,1,16,1.0,raw,14,0.4511187303297146,0.5892270123039354,0.4104211406012087,0.7646153846153846
4,beta,1,16,1.0,raw,14,0.4558104651460742,0.5344998758997269,0.4471715969880718,0.6427038626609443
48,beta,1,16,1.0,raw,14,0.4477568515027604,0.6199847020374105,0.4190236087363803,0.8543307086614172
40,beta,1,16,1.0,raw,14,0.4417419170056798,0.6481369352585002,0.4096880647552112,0.767209408656777
25,beta,1,16,1.0,raw,14,0.4437762749643359,0.56169322307382,0.4097772936618724,0.7775268506604344
21,beta,1,16,1.0,raw,14,0.436060957022484,0.6574262998663195,0.370482835345021,0.8489295759974997
33,beta,1,16,1.0,raw,14,0.439813186640635,0.5760678624260355,0.4326905302475832,0.7520915448188176
45,beta,1,16,1.0,raw,14,0.4460246598809831,0.5916529888912676,0.4478636994944466,0.6048825999067018
17,beta,1,16,1.0,raw,14,0.4549574958158185,0.5689946172794453,0.4006985108631815,0.8067493112947658
13,beta,1,16,1.0,raw,14,0.4557083088779271,0.5775813953488372,0.3689921650739634,0.863822961694261
9,beta,1,16,1.0,raw,14,0.4545735029485761,0.5878376803486935,0.367945679672346,0.8483272598441136
3,beta,1,16,1.0,raw,15,0.4330506058858595,0.6289919736172069,0.4108201965465347,0.751396719960866
19,beta,1,16,1.0,raw,15,0.4314983357787501,0.6038203557888597,0.4213288268527836,0.7604109767199897
35,beta,1,16,1.0,raw,15,0.4281728230517982,0.6294771968854282,0.3951922252564984,0.7684998674794593
29,beta,1,16,1.0,raw,14,0.4374692258910593,0.6223489326194285,0.4090152309841495,0.7410367663850195
37,beta,1,16,1.0,raw,14,0.4502278148643833,0.616371198215572,0.3851420115533715,0.8202736637113718
41,beta,1,16,1.0,raw,14,0.4503959159176367,0.5895120139903698,0.4163337529897802,0.776394344069128
49,beta,1,16,1.0,raw,14,0.4580474706207051,0.5600213244327006,0.3526018039318055,0.8559701492537314
38,beta,1,16,1.0,raw,15,0.4386248263556853,0.5823164582492941,0.371123101930785,0.8357124485596709
27,beta,1,16,1.0,raw,15,0.4437114813030815,0.5958243145743145,0.4053213252075153,0.7422953451043338
5,beta,1,16,1.0,raw,14,0.4374704010351387,0.625609756097561,0.4412937189656616,0.6874153557662257
42,beta,1,16,1.0,raw,15,0.4466658656388307,0.5740679475760275,0.3820461465314482,0.8391995759342699
46,beta,1,16,1.0,raw,15,0.4429382979809837,0.5817633572567783,0.390315161849414,0.8252642391803855
15,beta,1,16,1.0,raw,15,0.4422661330599715,0.6113843819592297,0.3857658089274181,0.7973445143256463
7,beta,1,16,1.0,raw,15,0.4413126787240142,0.6056187421016818,0.3913359085804645,0.8545584994618972
23,beta,1,16,1.0,raw,15,0.4513707073739645,0.5650417958110266,0.3915488000651398,0.8195643915410915
34,beta,1,16,1.0,raw,15,0.4504037403536204,0.5667884878940155,0.3558428127148837,0.8583577933318282
39,beta,1,16,1.0,raw,15,0.4602605083080288,0.5359215252832275,0.3829293170115037,0.7994201960881899
43,beta,1,16,1.0,raw,15,0.4562444516719877,0.560251714097868,0.3708836412416332,0.837525406504065
11,beta,1,16,1.0,raw,15,0.4413697219183017,0.625886524822695,0.3751609576024053,0.8443948689347461
31,beta,1,16,1.0,raw,15,0.4534184064992401,0.5721188301930412,0.3349221209842605,0.867472966740122
26,beta,1,16,1.0,raw,15,0.4608838001587428,0.5598997376311844,0.377926119213361,0.8571683764609809
30,beta,1,16,1.0,raw,15,0.4560597846258921,0.549280685644322,0.3840527587102206,0.8167597626980097
22,beta,1,16,1.0,raw,15,0.4444790787745549,0.5661764705882353,0.3671197219952403,0.8528067218306261
47,beta,1,16,1.0,raw,15,0.4582395150514236,0.5313446969696969,0.412005732371441,0.7841611352712291
14,beta,1,16,1.0,raw,15,0.4324847808817242,0.5650227864583334,0.3682753093824614,0.8537668102885495
10,beta,1,16,1.0,raw,15,0.44408241836686,0.6257772230312275,0.3562836999179084,0.8611698655176917
6,beta,1,16,1.0,raw,15,0.4509873776731233,0.5431465038845726,0.3914730403357786,0.7980336652681596
18,beta,1,16,1.0,raw,15,0.4513900691612006,0.5782210061443932,0.3830713447972491,0.803033878749738
2,beta,1,16,1.0,raw,15,0.4498839884467132,0.5923075031355285,0.3379343919577592,0.8683907604942062
0,beta,1,16,1.0,raw,19,0.4470187342844049,0.6262210925039873,0.4271222092992518,0.7549143688065488
12,beta,1,16,1.0,raw,15,0.4374194241301956,0.5877312831438298,0.3541636981091722,0.8661567135202299
1,beta,1,16,1.0,raw,15,0.4543399800181511,0.6178107606679035,0.4241872751210916,0.7121498367260125
32,beta,1,16,1.0,raw,15,0.4495855078174705,0.5841193295983736,0.3871695078193923,0.8060954571592869
8,beta,1,16,1.0,raw,15,0.4554877504602718,0.5820476858345021,0.3793315663369181,0.845699680511182
44,beta,1,16,1.0,raw,15,0.442292597921394,0.5813186813186814,0.3782546349245891,0.8106364319719368
20,beta,1,16,1.0,raw,15,0.4449829756234114,0.6142197646103896,0.4536422046847647,0.6930814852702982
24,beta,1,16,1.0,raw,15,0.4530971288330753,0.5675987384079462,0.4105923468672288,0.7913676236044658
16,beta,1,16,1.0,raw,15,0.4450964989400849,0.5652947154471546,0.4064759213142035,0.7950436037392559
36,beta,1,16,1.0,raw,15,0.4545286569688569,0.6016953132337748,0.3926890961297209,0.797646285338593
28,beta,1,16,1.0,raw,15,0.441714542046371,0.6314876052440255,0.3669312577273008,0.8197273622557405
40,beta,1,16,1.0,raw,15,0.4433485189444748,0.6298789007918025,0.4030162413213816,0.7680730542572648
4,beta,1,16,1.0,raw,15,0.4557032895688748,0.5305038471084635,0.4470380178963895,0.691957899039444
48,beta,1,16,1.0,raw,15,0.4427444630259947,0.565167002758269,0.3576846381537373,0.8575414723644982
25,beta,1,16,1.0,raw,15,0.4438831747382461,0.581055869302138,0.4085686976846953,0.7748352196633492
21,beta,1,16,1.0,raw,15,0.4372576655484227,0.6450432702455499,0.3647878028073877,0.8468199812480466
33,beta,1,16,1.0,raw,15,0.4424341437261923,0.5673770340236686,0.4541794740842556,0.7353846153846154
45,beta,1,16,1.0,raw,15,0.446489068087579,0.6577463783629486,0.4479805176343234,0.5874539988596901
19,beta,1,16,1.0,raw,16,0.428140821651838,0.6100174978127735,0.4005573948847185,0.7561711535960463
3,beta,1,16,1.0,raw,16,0.4321268889816527,0.6514706952156938,0.4243126134845594,0.737815710203136
17,beta,1,16,1.0,raw,15,0.4522014611546641,0.5724614542468753,0.3852755270959972,0.8093538692712247
35,beta,1,16,1.0,raw,16,0.428255208256011,0.6305524657026326,0.3875848146648282,0.796064139941691
13,beta,1,16,1.0,raw,15,0.4508469142061099,0.5830930232558139,0.3346804453714475,0.8582769214039094
9,beta,1,16,1.0,raw,15,0.4548815028236047,0.5866256438943663,0.3792396730137222,0.8538440125518778
27,beta,1,16,1.0,raw,16,0.4413451262157311,0.6008297258297258,0.4044700657032455,0.7534777956126271
38,beta,1,16,1.0,raw,16,0.4469227705277931,0.5558693021379588,0.3562164617110725,0.8577674897119342
42,beta,1,16,1.0,raw,16,0.4417868804475702,0.6032574118844637,0.3802090104850417,0.8377153458786113
46,beta,1,16,1.0,raw,16,0.4419197033198674,0.5880681818181818,0.3945844633266834,0.8197631984429488
15,beta,1,16,1.0,raw,16,0.4421437103641596,0.6137092235029245,0.3927257127567297,0.7928963070472503
29,beta,1,16,1.0,raw,15,0.4365416316053361,0.624411839695895,0.4305892844815394,0.7496384258202025
7,beta,1,16,1.0,raw,16,0.4416138996086432,0.5905997861378439,0.3849573964537204,0.8489852918567108
37,beta,1,16,1.0,raw,15,0.4500567042863992,0.5708543414112782,0.3919263905194856,0.8198380566801619
41,beta,1,16,1.0,raw,15,0.4507178792590006,0.5852478259827996,0.4232351488233147,0.7770751505629746
39,beta,1,16,1.0,raw,16,0.4537618371244448,0.5924749009855392,0.3790240153929743,0.8075573582839796
23,beta,1,16,1.0,raw,16,0.4511567480680767,0.5657227387996618,0.3841861873633452,0.8158287957452197
49,beta,1,16,1.0,raw,15,0.4604814180379715,0.5705908258581925,0.3624972220018424,0.8590174129353234
5,beta,1,16,1.0,raw,15,0.4374208549028409,0.6281444285031086,0.4529260001087975,0.663675903739973
43,beta,1,16,1.0,raw,16,0.4573351672807008,0.5604395604395604,0.37738362372149,0.8316692073170731
34,beta,1,16,1.0,raw,16,0.452548169607065,0.5762220191868432,0.3659490640834427,0.8603647675672964
31,beta,1,16,1.0,raw,16,0.4580325544949954,0.5738758525026009,0.3548908356603084,0.8572874493927125
11,beta,1,16,1.0,raw,16,0.4450543642590151,0.6420539380365808,0.3693103299273266,0.8399457486183644
26,beta,1,16,1.0,raw,16,0.4476956960930914,0.5849887556221889,0.3637004812362231,0.8472286020517533
30,beta,1,16,1.0,raw,16,0.4595751105956616,0.5390776451382512,0.3883769195713013,0.8236831349624107
47,beta,1,16,1.0,raw,16,0.4622685884500311,0.5264914772727272,0.4181888571189669,0.7979196866814171
22,beta,1,16,1.0,raw,16,0.4445375592901935,0.5781307806141325,0.3484616433747055,0.8632138114209827
6,beta,1,16,1.0,raw,16,0.4511725850946032,0.5429384017758045,0.3985607480182159,0.8007000960420563
14,beta,1,16,1.0,raw,16,0.4361420401089427,0.5733778211805556,0.3697155910018754,0.8524481002741872
10,beta,1,16,1.0,raw,16,0.4436401956663834,0.6305850264660333,0.3532753544129493,0.8497584541062801
18,beta,1,16,1.0,raw,16,0.4513344409904148,0.5957661290322581,0.3738307008086525,0.8090387035871618
2,beta,1,16,1.0,raw,16,0.4528613474465033,0.5458279025158006,0.3557071724604204,0.8683651804670914
0,beta,1,16,1.0,raw,20,0.447518256523632,0.6108702153110048,0.4190984237202078,0.7555741059887979
12,beta,1,16,1.0,raw,16,0.4332272982925859,0.6186693837852858,0.3479934942580083,0.8677616422044473
1,beta,1,16,1.0,raw,16,0.4541056971207939,0.6183441558441558,0.4688797929997305,0.7008019818084003
32,beta,1,16,1.0,raw,16,0.4512682725054635,0.5692267687870837,0.3977701919484693,0.7987732413264328
8,beta,1,16,1.0,raw,16,0.4589047789038671,0.5591164095371669,0.4010638462060107,0.8303769968051119
44,beta,1,16,1.0,raw,16,0.4429090288059314,0.5785256410256411,0.3788681404376314,0.8134803307441745
20,beta,1,16,1.0,raw,16,0.4445378442151158,0.6035663555194805,0.4255862007998124,0.7042490226882467
24,beta,1,16,1.0,raw,16,0.4529830282697283,0.5538765711057759,0.3743921559053625,0.7943331339712919
36,beta,1,16,1.0,raw,16,0.450813613602524,0.5891096083403776,0.3887263504267861,0.7883103221564761
16,beta,1,16,1.0,raw,16,0.4432728048494303,0.5740176151761517,0.3971426061594416,0.784189723320158
28,beta,1,16,1.0,raw,16,0.4411992456948048,0.616923473815052,0.3803501735511846,0.8268802156222463
25,beta,1,16,1.0,raw,16,0.4440652211244821,0.564567365873336,0.4099758841528257,0.7730232924555553
3,beta,1,16,1.0,raw,17,0.4370281536059433,0.6304711559446154,0.4330537199566425,0.7112201024690405
21,beta,1,16,1.0,raw,16,0.4475548987305791,0.5716832008255353,0.4353700116211552,0.8453614959891655
40,beta,1,16,1.0,raw,16,0.4438328168715364,0.622286911970191,0.4037183593894568,0.7832122536069904
19,beta,1,16,1.0,raw,17,0.4300557032811588,0.6071133469427433,0.4249168511002694,0.744596176355833
4,beta,1,16,1.0,raw,16,0.4565665988620632,0.5303301067262347,0.4541165257111331,0.6598840179848764
48,beta,1,16,1.0,raw,16,0.448749263730946,0.601627146929977,0.4321818173876883,0.8598858395127793
35,beta,1,16,1.0,raw,17,0.4348696759822655,0.617797552836485,0.4035318480311213,0.7835807050092765
33,beta,1,16,1.0,raw,16,0.440581487982714,0.5841346153846154,0.4452398307802044,0.7382072472981565
45,beta,1,16,1.0,raw,16,0.4494305318759845,0.5909036846737553,0.4508575731848601,0.5857564919919142
17,beta,1,16,1.0,raw,16,0.4521527218049249,0.592076452878387,0.3924132992724246,0.8035061357375408
13,beta,1,16,1.0,raw,16,0.4536890761141392,0.5944651162790697,0.3606664217625196,0.8588070576081341
9,beta,1,16,1.0,raw,16,0.4551899490164856,0.5883737733957998,0.3709781667500538,0.8565644295981375
27,beta,1,16,1.0,raw,17,0.4431369072103903,0.5934343434343434,0.3988329477046617,0.7619983948635635
7,beta,1,16,1.0,raw,17,0.4437143022658334,0.5845241567026345,0.3866684235472611,0.8474222313329575
38,beta,1,16,1.0,raw,17,0.4375201629352109,0.5684751916095199,0.3573588748294742,0.8368119855967078
42,beta,1,16,1.0,raw,17,0.4454245008196594,0.5905713195062985,0.3744010513106486,0.8412138881526636
46,beta,1,16,1.0,raw,17,0.4453219362564158,0.5780751594896331,0.3712276417970858,0.8223177357878517
23,beta,1,16,1.0,raw,17,0.4512509693653124,0.5879825302902226,0.3910897351438746,0.8189565657844751
15,beta,1,16,1.0,raw,17,0.4430940985564923,0.5988057656070284,0.3839310245182078,0.8013761221308391
39,beta,1,16,1.0,raw,17,0.4513931887576718,0.6014783089251174,0.3802632483795918,0.8110287164684218
43,beta,1,16,1.0,raw,17,0.4560264889088155,0.5631398516013901,0.38254099579444,0.8273501016260162
31,beta,1,16,1.0,raw,17,0.4541353438743119,0.5613223904750896,0.3443669937504683,0.8605032542407626
37,beta,1,16,1.0,raw,16,0.4510599302980079,0.5753851158251818,0.3856913859076261,0.8218495362066315
11,beta,1,16,1.0,raw,17,0.444045003026829,0.628639417693169,0.3657616669612083,0.8424681843532932
29,beta,1,16,1.0,raw,16,0.4384564775314481,0.5730709500961917,0.415951432840929,0.7332597498160413
26,beta,1,16,1.0,raw,17,0.4560294787609684,0.5641866566716642,0.3852504058021324,0.8400193946817741
34,beta,1,16,1.0,raw,17,0.4502257793982154,0.5681361352215624,0.3597176618217425,0.8596497829959109
41,beta,1,16,1.0,raw,16,0.4493633369290508,0.5810555063124356,0.4287610556953744,0.7628567687876407
30,beta,1,16,1.0,raw,17,0.4589997633931333,0.5631823283338434,0.3861176028075652,0.8324023730199033
5,beta,1,16,1.0,raw,16,0.4363932746190221,0.6280966044954566,0.47097389062872,0.6547166371497031
49,beta,1,16,1.0,raw,16,0.4586109833996679,0.5721669795795378,0.3515378943415687,0.8597512437810947
22,beta,1,16,1.0,raw,17,0.4486638498095038,0.5717952275249722,0.3522950381928461,0.8546455204821739
47,beta,1,16,1.0,raw,17,0.4589514213257402,0.5308712121212121,0.4238810176630323,0.7730220492866408
14,beta,1,16,1.0,raw,17,0.4378480548566699,0.5630967881944445,0.3780226482236717,0.866105235670453
6,beta,1,16,1.0,raw,17,0.4509373835763761,0.564187939326674,0.3802667947354531,0.8148789364605975
18,beta,1,16,1.0,raw,17,0.4501022937856052,0.5840773809523809,0.4030102144986711,0.792807321166352
2,beta,1,16,1.0,raw,17,0.4481576411810394,0.5601160760396429,0.3619073709691742,0.8525439336965697
10,beta,1,16,1.0,raw,17,0.4441918611120509,0.6209694195964218,0.3557427157516135,0.8571353962658311
0,beta,1,16,1.0,raw,21,0.4475984625940791,0.6135865231259968,0.4192259588769864,0.7573648211977596
12,beta,1,16,1.0,raw,17,0.4373077072168779,0.5987309820994373,0.3468836010047008,0.8704537806424892
1,beta,1,16,1.0,raw,17,0.4539693496362971,0.610134508348794,0.4457749090803365,0.6865139439738761
32,beta,1,16,1.0,raw,17,0.4525905943643785,0.5377160012292272,0.3896510762290233,0.815015015015015
8,beta,1,16,1.0,raw,17,0.455734875961145,0.5688405797101448,0.3748480767226544,0.8416996805111822
44,beta,1,16,1.0,raw,17,0.4432567359995557,0.5809294871794872,0.3867855977552747,0.8130919569030318
3,beta,1,16,1.0,raw,18,0.4321770075519429,0.6370183564101942,0.4380277958186928,0.6909322623001468
19,beta,1,16,1.0,raw,18,0.428880714392888,0.6107708758627396,0.4226136099694534,0.7460137859279492
24,beta,1,16,1.0,raw,17,0.4530259056915464,0.5802028903638845,0.3844669363901045,0.8047871810207337
36,beta,1,16,1.0,raw,17,0.4511184330454613,0.5775335775335775,0.3965801818549031,0.792965154503616
16,beta,1,16,1.0,raw,17,0.4457602007175289,0.5650164537359659,0.4085804413766973,0.7854194115063681
20,beta,1,16,1.0,raw,17,0.4462965081927276,0.6172635957792207,0.4415315939581778,0.6760196314834436
35,beta,1,16,1.0,raw,18,0.4411840301455041,0.6289457421826721,0.423542629718702,0.7846673734428837
28,beta,1,16,1.0,raw,17,0.4417603346927795,0.611458992940735,0.3645156684027461,0.8298216969885451
25,beta,1,16,1.0,raw,17,0.4444598685343243,0.5802238805970149,0.4115470919262896,0.7679157585147449
21,beta,1,16,1.0,raw,17,0.437858706969128,0.6402823705996858,0.369748135364053,0.8531878320658401
40,beta,1,16,1.0,raw,17,0.4481725368531442,0.6375640428504891,0.398324482914565,0.7803800040642146
4,beta,1,16,1.0,raw,17,0.4568205453694214,0.5256391164060561,0.4564571361128501,0.6704220314735336
48,beta,1,16,1.0,raw,17,0.448706973916726,0.621491319565167,0.4317381390509018,0.8635552837448717
33,beta,1,16,1.0,raw,17,0.4390881357820264,0.5687869822485208,0.4410961209435139,0.7471837253655436
45,beta,1,16,1.0,raw,17,0.4470638336338804,0.5940555198744024,0.4476251448231846,0.6016819571865444
38,beta,1,16,1.0,raw,18,0.4450221035054051,0.5748033481242436,0.3709506712698554,0.8406121399176956
27,beta,1,16,1.0,raw,18,0.4418341663923052,0.5993641774891776,0.381987831753263,0.7753076511503478
7,beta,1,16,1.0,raw,18,0.4418743824448647,0.5735394186837757,0.3913530050826871,0.856441859273305
13,beta,1,16,1.0,raw,17,0.4519762077800287,0.5833255813953488,0.3547182019427497,0.8593643802843705
17,beta,1,16,1.0,raw,17,0.4514575895782433,0.5695648207280358,0.3874202684698779,0.8049711995992987
46,beta,1,16,1.0,raw,18,0.4424600765300385,0.5710476475279107,0.385895575435438,0.8148433487416538
9,beta,1,16,1.0,raw,17,0.4540856635479087,0.6074167307647484,0.3759722622712177,0.8445060228768095
42,beta,1,16,1.0,raw,18,0.4499740884526331,0.5736098740297748,0.3613571361545464,0.8346011131725416
23,beta,1,16,1.0,raw,18,0.4516390408915579,0.576007326007326,0.3965374953290491,0.8024186399898696
43,beta,1,16,1.0,raw,18,0.4555050725832404,0.5722973607588991,0.3605724784381515,0.8405360772357723
15,beta,1,16,1.0,raw,18,0.4430588363192489,0.6003230306144923,0.3803815534179448,0.7944014406278558
31,beta,1,16,1.0,raw,18,0.4544190148308588,0.6011790544445729,0.3593649655475366,0.8526751396504894
39,beta,1,16,1.0,raw,18,0.4554251628716085,0.5706917196278898,0.3872651180458714,0.8110536007564824
26,beta,1,16,1.0,raw,18,0.4521611255159057,0.5591032608695652,0.3698239939174971,0.8584188230490482
11,beta,1,16,1.0,raw,18,0.4430707924995461,0.6225970511384845,0.3652634022647484,0.8420118643208436
34,beta,1,16,1.0,raw,18,0.4506207522537296,0.5546368204659662,0.3593784000401746,0.8528009834173755
47,beta,1,16,1.0,raw,18,0.4583556068672545,0.5309185606060607,0.4039752067568694,0.793647160550342
30,beta,1,16,1.0,raw,18,0.4575131801624453,0.5654780124477095,0.3882359499381811,0.8311019184800783
22,beta,1,16,1.0,raw,18,0.4482040887735506,0.5489964853866075,0.3623180129898681,0.8475712534477474
14,beta,1,16,1.0,raw,18,0.4317872329223414,0.5844997829861112,0.3850085851715317,0.8602950776863821
29,beta,1,16,1.0,raw,17,0.4382804823000027,0.6156734580349071,0.4032763256258605,0.7628200248661543
37,beta,1,16,1.0,raw,17,0.4486736141212975,0.5790329700968888,0.3640414252341332,0.8352252344590785
41,beta,1,16,1.0,raw,17,0.4489373030313588,0.5807201207388065,0.4002888806095466,0.7817098716941608
6,beta,1,16,1.0,raw,18,0.4505847231447997,0.5685812060673325,0.3935117485153842,0.799903957943689
18,beta,1,16,1.0,raw,18,0.4507211853418584,0.5886616743471582,0.3975500808212933,0.780063457100902
2,beta,1,16,1.0,raw,18,0.44472861911464,0.5600668912770823,0.3547360760871008,0.865052566955721
5,beta,1,16,1.0,raw,17,0.4370483383094752,0.6312529890004783,0.4485314294090063,0.7013100322950307
49,beta,1,16,1.0,raw,17,0.4580861331694985,0.5651438240270727,0.3532834739733159,0.8554228855721393
10,beta,1,16,1.0,raw,18,0.4441111572474665,0.6202759864087095,0.3589676331112252,0.8541976759368064
0,beta,1,16,1.0,raw,22,0.4482152926618786,0.604490629984051,0.4259399678193079,0.7526254847048686
12,beta,1,16,1.0,raw,18,0.4349340224107154,0.5967394576569484,0.3603584888485234,0.8597887706763996
1,beta,1,16,1.0,raw,18,0.4537674854261836,0.6179267161410018,0.4549481120233784,0.608104895717342
32,beta,1,16,1.0,raw,18,0.4497981439960092,0.5620877951918304,0.383460022716427,0.8146444316657082
8,beta,1,16,1.0,raw,18,0.4569976337818182,0.5392239364188873,0.388661676781054,0.8312715654952076
19,beta,1,16,1.0,raw,19,0.4314909110056869,0.5908185087975114,0.4202320284191966,0.7511379893354141
3,beta,1,16,1.0,raw,19,0.4349155554801388,0.6395159921433594,0.4252533396007232,0.7431580031410108
44,beta,1,16,1.0,raw,18,0.4421570056334828,0.5714743589743589,0.4006837841594112,0.7831746429466301
35,beta,1,16,1.0,raw,19,0.4313077203850337,0.6259794833765913,0.4115228682823209,0.7797641134375828
24,beta,1,16,1.0,raw,18,0.453164542873415,0.5639740149696371,0.3852961218540487,0.795604066985646
36,beta,1,16,1.0,raw,18,0.4502907277442168,0.5811965811965811,0.396385725555341,0.7848389217619988
16,beta,1,16,1.0,raw,18,0.4441005208908081,0.569517034456059,0.4235989174972639,0.7712152581717799
28,beta,1,16,1.0,raw,18,0.4422472310246395,0.6411970261966744,0.3706014278628824,0.831026797283989
20,beta,1,16,1.0,raw,18,0.4461964650993414,0.6230722402597402,0.4388990512038896,0.6887825313896704
25,beta,1,16,1.0,raw,18,0.4419026579557455,0.566231343283582,0.3991688019623051,0.7778419684357027
38,beta,1,16,1.0,raw,19,0.4473898269581721,0.5615167406212183,0.3730222883660385,0.8471965020576131
21,beta,1,16,1.0,raw,18,0.436475439654443,0.6429090738525763,0.3556523320600918,0.8507657047609125
27,beta,1,16,1.0,raw,19,0.4417963076856834,0.6043470418470419,0.3914450810828313,0.7613162118780097
7,beta,1,16,1.0,raw,19,0.4428846195262612,0.5740254690385924,0.3874321724380298,0.8492351253010814
40,beta,1,16,1.0,raw,18,0.4439136049063475,0.6268747088961342,0.3957734334529976,0.7802021946758788
33,beta,1,16,1.0,raw,18,0.4422632354741857,0.5730168269230769,0.4369762896449512,0.7499300699300699
48,beta,1,16,1.0,raw,18,0.4492888686147144,0.6257214380084835,0.4396350060355471,0.8552225874678286
4,beta,1,16,1.0,raw,18,0.4554826632905225,0.5406428394142467,0.4550394524772283,0.6556177191906806
46,beta,1,16,1.0,raw,19,0.443080259682067,0.607082336523126,0.3907065497150833,0.8260076230638229
42,beta,1,16,1.0,raw,19,0.4434615702208835,0.5789795139330703,0.3908760408534631,0.8303206997084548
45,beta,1,16,1.0,raw,18,0.4475961821301648,0.6170460762625181,0.4476756419563601,0.594840097444669
23,beta,1,16,1.0,raw,19,0.4527092045393646,0.5731309289001597,0.4152549272046251,0.8191338482968216
31,beta,1,16,1.0,raw,19,0.4545368692280868,0.5831695757715871,0.3513562233079887,0.8613616563316763
17,beta,1,16,1.0,raw,18,0.4534953018353083,0.564410181552778,0.4004775534446197,0.8072001001753069
9,beta,1,16,1.0,raw,18,0.4569321060237972,0.5937347038668623,0.374110040025909,0.8443541856463206
15,beta,1,16,1.0,raw,19,0.4439389813664417,0.5978268849570516,0.4091710565426051,0.7616110304789551
43,beta,1,16,1.0,raw,19,0.4559167657468689,0.5888630600169061,0.3908180141429053,0.8398501016260164
13,beta,1,16,1.0,raw,18,0.451610269626726,0.5637674418604651,0.3497208465514692,0.8640268602343473
39,beta,1,16,1.0,raw,19,0.4560929145557035,0.5523625310859352,0.3926013730885032,0.8095232170407605
26,beta,1,16,1.0,raw,19,0.4504989129909649,0.5921336206896552,0.3558646083409287,0.857436329301281
11,beta,1,16,1.0,raw,19,0.444554235470848,0.6348217618514371,0.3763065821852803,0.8426076154743192
34,beta,1,16,1.0,raw,19,0.4544013561701181,0.5647555961626314,0.3741327429829528,0.8568023882993403
47,beta,1,16,1.0,raw,19,0.4587917329427107,0.5464725378787879,0.4060960257783113,0.794282953129371
22,beta,1,16,1.0,raw,19,0.4471783615340832,0.5830558638549759,0.3618164474343136,0.8407012973746042
30,beta,1,16,1.0,raw,19,0.4557106304940337,0.5536424854606672,0.3898366984797973,0.8193978276216545
14,beta,1,16,1.0,raw,19,0.442417876009792,0.5587836371527778,0.3539706510511465,0.8551246899072986
18,beta,1,16,1.0,raw,19,0.4498342526683103,0.5980222734254993,0.4005462158090558,0.7923091042584435
6,beta,1,16,1.0,raw,19,0.4514732510235468,0.5461177395486496,0.3925487829981262,0.8040615680129405
2,beta,1,16,1.0,raw,19,0.4505941151313828,0.5493200206576003,0.3399378438016089,0.8681605402501725
41,beta,1,16,1.0,raw,18,0.4490949708989558,0.5816783652348897,0.4190938192863427,0.7505236973029589
10,beta,1,16,1.0,raw,19,0.4450587670762032,0.6355777454175624,0.3634776333194068,0.8594072333202768
37,beta,1,16,1.0,raw,18,0.4482058508279599,0.5875136504100932,0.402636652874068,0.823348536872854
29,beta,1,16,1.0,raw,18,0.4374765832628741,0.5944185615279419,0.4266106637724901,0.7296313212047398
49,beta,1,16,1.0,raw,18,0.4599097804557202,0.558421991980159,0.3497133579869613,0.8604601990049751
5,beta,1,16,1.0,raw,18,0.4371507988086144,0.635844093735055,0.4510428173881576,0.671424106677779
0,beta,1,16,1.0,raw,23,0.4485711114659286,0.6253488835725678,0.417723895930133,0.7480611805256355
1,beta,1,16,1.0,raw,19,0.4533606935699183,0.6353896103896103,0.4417126866272962,0.7069450873922454
19,beta,1,16,1.0,raw,20,0.4312865241796335,0.6020462719937785,0.4013050523169928,0.7574196904669007
12,beta,1,16,1.0,raw,19,0.4376726831512654,0.595766852696663,0.3462897673468992,0.8707255830809455
3,beta,1,16,1.0,raw,20,0.4380879028385073,0.5830645747957031,0.404341561616736,0.7681444864962282
35,beta,1,16,1.0,raw,20,0.438770442089746,0.6331726609813373,0.418378628983158,0.7817916777100451
32,beta,1,16,1.0,raw,19,0.449536750025246,0.5754674609365766,0.390501880316414,0.7974186952910356
8,beta,1,16,1.0,raw,19,0.4551635956621627,0.5738195418419823,0.3773877499281775,0.8379169329073481
44,beta,1,16,1.0,raw,19,0.4416332842548945,0.5937042124542125,0.3901138394442145,0.7864946128789777
24,beta,1,16,1.0,raw,19,0.4535824176977193,0.5724003201054464,0.384946441764554,0.8050239234449761
7,beta,1,16,1.0,raw,20,0.4429478352771211,0.5762613006707495,0.3895728245846095,0.8461794700968586
38,beta,1,16,1.0,raw,20,0.4460350833135569,0.544347519160952,0.3659816990847239,0.8500257201646091
27,beta,1,16,1.0,raw,20,0.4415262784902764,0.6038735569985569,0.3861405259453597,0.7694890315676832
36,beta,1,16,1.0,raw,19,0.4511060460274246,0.5710998403306096,0.3825513571811724,0.7887179487179486
46,beta,1,16,1.0,raw,20,0.4428540177086683,0.5799690988835725,0.4151084931585678,0.8281161300786636
28,beta,1,16,1.0,raw,19,0.4409288508528726,0.640634161213912,0.3732373215833761,0.8297439485823875
42,beta,1,16,1.0,raw,20,0.4430173991835821,0.5671713958518896,0.3720240726924147,0.8329843625761992
20,beta,1,16,1.0,raw,19,0.4452217243764879,0.6019937094155845,0.4527163800669739,0.7054546783091593
16,beta,1,16,1.0,raw,19,0.4431144272978187,0.5696864111498258,0.4068198059370732,0.787251395947048
25,beta,1,16,1.0,raw,19,0.4435164555643814,0.5832240822912464,0.4099972371264152,0.7621517292087918
23,beta,1,16,1.0,raw,20,0.4503401483999649,0.5776275007044238,0.3748275240987494,0.8124097758642522
31,beta,1,16,1.0,raw,20,0.4564251916096313,0.572696798058028,0.3542407907259415,0.8632322041715779
21,beta,1,16,1.0,raw,19,0.4374444108796719,0.634114308496916,0.3521839265718236,0.8549588498801959
43,beta,1,16,1.0,raw,20,0.4550221453768968,0.5706067436836667,0.3551543176063903,0.8392784552845528
15,beta,1,16,1.0,raw,20,0.4436527743411971,0.6033820326456696,0.3938147582434519,0.792063108100844
39,beta,1,16,1.0,raw,20,0.4510852681053939,0.5857281016855485,0.3902704155424747,0.7770989896979048
40,beta,1,16,1.0,raw,19,0.4433854553349303,0.6334653004191895,0.4091215251654996,0.7734073359073359
33,beta,1,16,1.0,raw,19,0.4393906951640531,0.5643259985207101,0.414071172947291,0.7650476795931342
26,beta,1,16,1.0,raw,20,0.4512053473140091,0.5722685532233882,0.3738899490750154,0.8484024906854489
4,beta,1,16,1.0,raw,19,0.4565421690908354,0.532464631422189,0.4566398150695457,0.652002861230329
45,beta,1,16,1.0,raw,19,0.443777618086038,0.6356240633697281,0.4508224389151934,0.5976390400663453
48,beta,1,16,1.0,raw,19,0.4423836882795208,0.5749947847854808,0.3558636871311122,0.8557449736258695
34,beta,1,16,1.0,raw,20,0.4503131637727185,0.5777295568752855,0.3685516219827817,0.8542685833270616
17,beta,1,16,1.0,raw,19,0.4531214319285956,0.5621521758963598,0.3984476723961874,0.7981091910843977
9,beta,1,16,1.0,raw,19,0.4572710565543907,0.588327156609095,0.3744301638775187,0.8505162465836622
11,beta,1,16,1.0,raw,20,0.4426217854740483,0.6289427025009332,0.3569918270591371,0.8578689854484611
13,beta,1,16,1.0,raw,19,0.4514940110904599,0.559046511627907,0.345401211817719,0.8632520457820188
22,beta,1,16,1.0,raw,20,0.4485561791992897,0.5929522752497225,0.3491539892958071,0.8457707631014404
14,beta,1,16,1.0,raw,20,0.4351435448865238,0.5677083333333334,0.3842172927177254,0.8508029768899333
47,beta,1,16,1.0,raw,20,0.4587520904389444,0.5424952651515151,0.4039687331547781,0.7933928435187305
18,beta,1,16,1.0,raw,20,0.451107862811355,0.5907018049155146,0.3813594176448339,0.8112806796727502
30,beta,1,16,1.0,raw,20,0.4585479284526506,0.5398428731762065,0.3831998266920024,0.8278445894898502
2,beta,1,16,1.0,raw,20,0.4496880443429203,0.5488281730319947,0.3463296009138116,0.8648735067659172
6,beta,1,16,1.0,raw,20,0.4510175267544035,0.5555401405845357,0.3812533175214666,0.8068417328008897
10,beta,1,16,1.0,raw,20,0.4447068395584472,0.6342602223609088,0.3530920874187404,0.8670714192453324
41,beta,1,16,1.0,raw,19,0.4506476523304871,0.5789952806458568,0.4176076773310934,0.7785938727415553
29,beta,1,16,1.0,raw,19,0.4376945063231643,0.6153025983357672,0.4201265058277659,0.7382710410799015
37,beta,1,16,1.0,raw,19,0.4482975678317729,0.594367898882409,0.3762955736523395,0.8242197509352741
49,beta,1,16,1.0,raw,19,0.4596810430803258,0.5678789143082308,0.3617615651771285,0.8574253731343283
5,beta,1,16,1.0,raw,19,0.4380480875373007,0.6293878527020564,0.4381348737782224,0.7025731847067402
3,beta,1,16,1.0,raw,21,0.4328702784783909,0.6363636363636364,0.4185899414367678,0.737339409386988
19,beta,1,16,1.0,raw,21,0.4306970873429758,0.6031398852921163,0.4024206291746726,0.7624528547275329
35,beta,1,16,1.0,raw,21,0.4285037119903829,0.6281053021876158,0.4115712417334554,0.769082957858468
0,beta,1,16,1.0,raw,24,0.4475998774746087,0.6322019537480064,0.4273391535091599,0.755627962085308
1,beta,1,16,1.0,raw,20,0.4543686440244978,0.6174397031539889,0.4420529076457629,0.688853578890738
12,beta,1,16,1.0,raw,20,0.4331644699696088,0.6023898293309867,0.3478696146954948,0.8579249825269861
32,beta,1,16,1.0,raw,20,0.4494735990012227,0.5774531357114152,0.3828952466323475,0.8076800204459779
8,beta,1,16,1.0,raw,20,0.4584496975337647,0.5489247311827956,0.4471381393050533,0.8286006389776359
44,beta,1,16,1.0,raw,20,0.4423489757675174,0.5726648351648351,0.3904640629163824,0.807078426459534
38,beta,1,16,1.0,raw,21,0.4410775234955196,0.5642144009681324,0.3601680795046662,0.8442386831275721
7,beta,1,16,1.0,raw,21,0.444391804630893,0.5608778069407991,0.3911543501914244,0.8400937836314253
46,beta,1,16,1.0,raw,21,0.4460775262183976,0.5666118421052632,0.3687973040611507,0.8219122536696132
27,beta,1,16,1.0,raw,21,0.4433917735357438,0.6045950577200577,0.3898760482160023,0.7539994649545211
42,beta,1,16,1.0,raw,21,0.4458037561189933,0.5654154472579208,0.3796015583308324,0.8297111052213093
24,beta,1,16,1.0,raw,20,0.4531791424467937,0.5776255707762558,0.3986477764485315,0.7971242025518341
31,beta,1,16,1.0,raw,21,0.4566491314672465,0.5876777251184834,0.3533228459222577,0.8564418592733049
23,beta,1,16,1.0,raw,21,0.4511543369600116,0.5793415985723678,0.3884866742888928,0.8124351019374445
28,beta,1,16,1.0,raw,20,0.4411471965487997,0.6075189380613991,0.3917604347694295,0.8141294770123879
26,beta,1,16,1.0,raw,21,0.4476203344826863,0.5500843328335833,0.3547875721117083,0.8635864849691217
43,beta,1,16,1.0,raw,21,0.4553436683349452,0.5656992580069504,0.3589881805450663,0.8407012195121951
36,beta,1,16,1.0,raw,20,0.4474633458645903,0.5976331360946746,0.3817310237902151,0.794043392504931
15,beta,1,16,1.0,raw,21,0.4433139155940869,0.6003230306144923,0.3879414504943861,0.7984061710476804
39,beta,1,16,1.0,raw,21,0.4522215946738856,0.6211430413558073,0.3830884017079347,0.8135420295625343
16,beta,1,16,1.0,raw,20,0.4426335346386983,0.5725658149438637,0.3939789220102389,0.7938515590689504
21,beta,1,16,1.0,raw,20,0.4380456212847168,0.627125401627618,0.3585585982103918,0.8482524221273049
20,beta,1,16,1.0,raw,20,0.44455668237538,0.6219054383116883,0.4281945387896912,0.706173200345865
25,beta,1,16,1.0,raw,20,0.4436587024848522,0.566634731746672,0.3972279195980853,0.7872429820645466
34,beta,1,16,1.0,raw,21,0.4523324941970774,0.5842622201918685,0.375964058011671,0.8416121020546399
33,beta,1,16,1.0,raw,20,0.4414396864118444,0.5604428624260355,0.4311469003197658,0.7572155117609662
22,beta,1,16,1.0,raw,21,0.4491732532847518,0.5590085090640029,0.350867421413207,0.8404076003677596
45,beta,1,16,1.0,raw,20,0.4473825993059017,0.5964104759865839,0.4474350554208573,0.5962136526201214
18,beta,1,16,1.0,raw,21,0.4502663876909981,0.5918058755760369,0.3937276644653931,0.7958752884413678
40,beta,1,16,1.0,raw,20,0.4463748139984845,0.6292501164415464,0.4021770539368424,0.7627641739483845
14,beta,1,16,1.0,raw,21,0.4409809426657749,0.5814073350694444,0.3585820364441418,0.8639639639639641
47,beta,1,16,1.0,raw,21,0.4592747358296362,0.5199573863636364,0.4004537579144705,0.8040360112916762
11,beta,1,16,1.0,raw,21,0.4429184826245168,0.6368281075027995,0.3627363240314731,0.8403006641991584
4,beta,1,16,1.0,raw,20,0.4564360467886849,0.521891288160834,0.4581311675901666,0.6487201103617413
48,beta,1,16,1.0,raw,20,0.4491201375448055,0.5491389101360591,0.4351544857845465,0.8593761944805443
30,beta,1,16,1.0,raw,21,0.4579574622354572,0.5539740842771146,0.3817035221055782,0.8291078881856802
9,beta,1,16,1.0,raw,20,0.4555416611536795,0.5767895018996341,0.3674022371307067,0.8565264702905152
17,beta,1,16,1.0,raw,20,0.4525633652721868,0.5608064957576863,0.4008921018187361,0.8023791635361883
13,beta,1,16,1.0,raw,20,0.4512110441305348,0.5558604651162791,0.3364813195438151,0.8606013647608949
2,beta,1,16,1.0,raw,21,0.4456152305227668,0.5686250399626196,0.3568832007032106,0.8621364438646304
6,beta,1,16,1.0,raw,21,0.4520217685120435,0.5173880873103959,0.3895029929478234,0.7966056715361675
10,beta,1,16,1.0,raw,21,0.4476333672232296,0.6352079143841158,0.3757262746842212,0.852141271706489
41,beta,1,16,1.0,raw,20,0.4504381298676362,0.582085619145725,0.4202263548823781,0.7684734223618749
49,beta,1,16,1.0,raw,20,0.4578550690008218,0.5601835755510745,0.3424942205282548,0.8618781094527364
29,beta,1,16,1.0,raw,20,0.4389867554352445,0.6089979834503859,0.401713683468455,0.7421024587044226
5,beta,1,16,1.0,raw,20,0.4374321476226955,0.6279531324725013,0.4399697213158465,0.6987576830919888
37,beta,1,16,1.0,raw,20,0.4482192488641442,0.6007574525430424,0.369245120804666,0.8257187516014963
3,beta,1,16,1.0,raw,22,0.4452303091125601,0.6330415383496205,0.4485849304288897,0.6906748023995264
19,beta,1,16,1.0,raw,22,0.4328147316610043,0.6003450957519199,0.4190392377798869,0.7543113538821693
35,beta,1,16,1.0,raw,22,0.428542432059552,0.6370782350760105,0.4194692256833567,0.7710045056983832
0,beta,1,16,1.0,raw,25,0.4476497117076019,0.6332735247208932,0.4185897812436252,0.7615521327014219
32,beta,1,16,1.0,raw,21,0.4502604472607289,0.5822754887360235,0.3950062338119843,0.8057504312823461
12,beta,1,16,1.0,raw,21,0.4359898559687336,0.602829817289211,0.3497224124187982,0.8724340555512412
1,beta,1,16,1.0,raw,21,0.4540740302158428,0.610621521335807,0.4530720679837999,0.6803958612233664
38,beta,1,16,1.0,raw,22,0.4447938173794472,0.5658783783783785,0.365528192501321,0.848070987654321
27,beta,1,16,1.0,raw,22,0.4420903904639509,0.5949900793650793,0.3957305845955012,0.7579721776350989
7,beta,1,16,1.0,raw,22,0.4444424176749402,0.5731019733644406,0.3790905494407039,0.8504714805514273
46,beta,1,16,1.0,raw,22,0.4442177248475667,0.5774272328548644,0.376943064342903,0.819965939502068
8,beta,1,16,1.0,raw,21,0.4592427601853611,0.5555399719495091,0.402140705021334,0.8395399361022364
42,beta,1,16,1.0,raw,22,0.4496138618039878,0.5569919837129406,0.3726278818077281,0.8401272197190566
31,beta,1,16,1.0,raw,22,0.4550466567525807,0.5349323777597965,0.4445835136435851,0.8606057500128119
44,beta,1,16,1.0,raw,21,0.4421677729920744,0.5828754578754579,0.3841173549056413,0.8045978451515912
23,beta,1,16,1.0,raw,22,0.4503879424624858,0.5987132525594064,0.3827921414314056,0.8154489046473345
26,beta,1,16,1.0,raw,22,0.4561210437016604,0.5492878560719641,0.3697320751297114,0.8585081406624815
43,beta,1,16,1.0,raw,22,0.4543635115292679,0.5850943927867005,0.3710929669823667,0.8407774390243903
39,beta,1,16,1.0,raw,22,0.4510984650046029,0.5983466887722206,0.3758722928605879,0.7991091424874335
15,beta,1,16,1.0,raw,22,0.4438154588693913,0.605095073783129,0.3880565123400994,0.7966725796914474
24,beta,1,16,1.0,raw,21,0.4530948760444029,0.57703714164666,0.3751438381583851,0.8134968102073366
28,beta,1,16,1.0,raw,21,0.4418683629164735,0.5986772672905087,0.3625663984260421,0.8286165966931012
34,beta,1,16,1.0,raw,22,0.4536248606999326,0.5661032434901782,0.3734556425148684,0.8529013321291488
36,beta,1,16,1.0,raw,21,0.4501955607448729,0.5835211796750259,0.4039980387474837,0.77456936226167
16,beta,1,16,1.0,raw,21,0.4461344611836605,0.5595480061943476,0.4019013537402393,0.7898362507058159
21,beta,1,16,1.0,raw,21,0.43721971729884,0.6452777973217009,0.3517706043177522,0.8494244192103344
22,beta,1,16,1.0,raw,22,0.4472500827537617,0.5641648168701442,0.3558915317381659,0.8478138727142712
25,beta,1,16,1.0,raw,21,0.4439427071531403,0.5623235175473982,0.4022311821655878,0.7713426643207899
47,beta,1,16,1.0,raw,22,0.459030084160137,0.5188446969696969,0.4197972489767545,0.777892220442003
14,beta,1,16,1.0,raw,22,0.4315318147383641,0.5454644097222222,0.3607811989831702,0.8596944770857814
11,beta,1,16,1.0,raw,22,0.4440023322688526,0.6415173572228443,0.3687631604707216,0.8365360239314508
30,beta,1,16,1.0,raw,22,0.4587415661673223,0.5430058157330884,0.3868851929648362,0.8323094834099158
20,beta,1,16,1.0,raw,21,0.445315427937837,0.5682071834415584,0.4207651409602665,0.7254758686200723
18,beta,1,16,1.0,raw,22,0.4513929906886956,0.5843413978494623,0.3841275961875386,0.7984188168659534
2,beta,1,16,1.0,raw,22,0.4472208458752247,0.5664117256473945,0.3529718125857639,0.8723045046427749
45,beta,1,16,1.0,raw,21,0.4499699158678913,0.5978615095506554,0.4508370647552172,0.5828538848286944
33,beta,1,16,1.0,raw,21,0.441282086083813,0.5736177884615384,0.4365408123748703,0.7519516846789573
48,beta,1,16,1.0,raw,21,0.4485586707132573,0.5645875344783626,0.4261545941759225,0.858382386667686
40,beta,1,16,1.0,raw,21,0.4428608482042122,0.6303679552864462,0.4161642104743356,0.774753606990449
9,beta,1,16,1.0,raw,21,0.4548260559603198,0.5920564995454863,0.3806303460508342,0.8607019941289603
4,beta,1,16,1.0,raw,21,0.4572300437850118,0.529957805907173,0.4507464430145556,0.6755824647455548
13,beta,1,16,1.0,raw,21,0.4519193328383915,0.5864186046511628,0.3507808366700862,0.8524726096294485
6,beta,1,16,1.0,raw,22,0.4510798339758521,0.5538753237143914,0.3837254401123239,0.8091164130819389
17,beta,1,16,1.0,raw,21,0.4517654543641379,0.5775476690083021,0.3938313876915321,0.8079639368895568
10,beta,1,16,1.0,raw,22,0.446875006002146,0.6334512169752444,0.3775833474920255,0.8553597075336207
29,beta,1,16,1.0,raw,21,0.438279700318995,0.6390376190807315,0.4044028433539895,0.7567811017228693
49,beta,1,16,1.0,raw,21,0.4597798859775595,0.5698722851911087,0.355317722976665,0.8577363184079604
41,beta,1,16,1.0,raw,21,0.449439069374643,0.5852598040390006,0.4180787734920443,0.7691280439905734
5,beta,1,16,1.0,raw,21,0.4370165265207779,0.6231707317073172,0.4501825194289198,0.6823757683091989
37,beta,1,16,1.0,raw,21,0.4489950867173794,0.5793117869838983,0.3868782600733838,0.8167888074616921
19,beta,1,16,1.0,raw,23,0.4312918276474017,0.604002624671916,0.4170684923312885,0.7589673559630642
35,beta,1,16,1.0,raw,23,0.4396042119020089,0.6288715857125201,0.4193939261280427,0.773535648025444
3,beta,1,16,1.0,raw,23,0.4335314903580329,0.6371638497538737,0.429368976095441,0.7361036018640097
38,beta,1,16,1.0,raw,23,0.4453824640826833,0.5510538523598225,0.3774085184749128,0.8381815843621399
27,beta,1,16,1.0,raw,23,0.4413079852889058,0.6136589105339105,0.3971433565773964,0.7672953451043338
0,beta,1,16,1.0,raw,26,0.4485770410490541,0.5984848484848484,0.4142273448799212,0.7582534467901766
46,beta,1,16,1.0,raw,23,0.4430737688824595,0.5725179425837321,0.3815120289044821,0.8250479820506581
7,beta,1,16,1.0,raw,23,0.4414246141782778,0.5940507436570428,0.3863965435791124,0.8511761389842669
12,beta,1,16,1.0,raw,22,0.4368827757464023,0.5966005140911932,0.354504503608903,0.8683181900546194
1,beta,1,16,1.0,raw,22,0.4551896380230641,0.614169758812616,0.4287038641761035,0.6869017978905751
32,beta,1,16,1.0,raw,22,0.4498433290713461,0.5536723163841809,0.38677061099248,0.8121781355823908
31,beta,1,16,1.0,raw,23,0.4526373113239446,0.5801872615882556,0.349757456186695,0.8531619945677241
42,beta,1,16,1.0,raw,23,0.4495207890687936,0.5643211604529839,0.3579958699883221,0.838616485555261
39,beta,1,16,1.0,raw,23,0.4513900526553419,0.584922170028553,0.3798588644682291,0.8074578211317375
23,beta,1,16,1.0,raw,23,0.451961041828737,0.5825819479665633,0.4045506109597271,0.8163606432822591
26,beta,1,16,1.0,raw,23,0.4481560285618363,0.5682158920539729,0.3504595834330074,0.8569769815750524
15,beta,1,16,1.0,raw,23,0.4430594080707999,0.6063676186280986,0.3829943361299309,0.7926947266569908
43,beta,1,16,1.0,raw,23,0.4570458238674431,0.5567530759838453,0.3760354924773816,0.8316946138211383
8,beta,1,16,1.0,raw,22,0.4555853934792972,0.5712833099579242,0.3923413715723428,0.8408562300319489
44,beta,1,16,1.0,raw,22,0.4421540399299747,0.5714972527472527,0.398824391735213,0.7905412177399147
34,beta,1,16,1.0,raw,23,0.4531469668621373,0.5772498857925994,0.3754040805973392,0.8377235894734201
24,beta,1,16,1.0,raw,22,0.4530519558140952,0.5632914371793061,0.3881713481387097,0.7881902910685805
14,beta,1,16,1.0,raw,23,0.4372055391103415,0.5507269965277778,0.3722764092691589,0.8629063846455151
22,beta,1,16,1.0,raw,23,0.44839031290217,0.5783620051794303,0.3601588739394717,0.8488865052610072
30,beta,1,16,1.0,raw,23,0.4579225961106328,0.5624681154984186,0.3797886395852547,0.8336409011530698
47,beta,1,16,1.0,raw,23,0.459040877739942,0.5228693181818183,0.4030525852190024,0.8036672515958394
11,beta,1,16,1.0,raw,23,0.4436157762326889,0.6230869727510264,0.3660104635194304,0.8523424428332405
2,beta,1,16,1.0,raw,23,0.4450303405158832,0.5534761330939675,0.3604983312591998,0.8656409075793621
28,beta,1,16,1.0,raw,22,0.4420539189145879,0.617439433382584,0.3651164471369924,0.8288109677084953
18,beta,1,16,1.0,raw,23,0.4515322447412128,0.5882776497695853,0.3821212015172201,0.8016047828823158
36,beta,1,16,1.0,raw,22,0.4492073721066736,0.5884286653517423,0.3868097333132674,0.795318869165023
25,beta,1,16,1.0,raw,22,0.4432166958080619,0.5705677692617992,0.4058124863944616,0.7765158477981144
21,beta,1,16,1.0,raw,22,0.4380139329558015,0.6455123243978518,0.3668853856100049,0.8377825815189083
16,beta,1,16,1.0,raw,22,0.4437045967353565,0.5724206349206349,0.4021363325552838,0.779233327059414
6,beta,1,16,1.0,raw,23,0.4511994357587874,0.5540834258231595,0.3895349743692192,0.809571349138149
45,beta,1,16,1.0,raw,22,0.4419521736780791,0.6312471752420372,0.4512585808474388,0.6076556263929923
9,beta,1,16,1.0,raw,22,0.4552481992477507,0.5871151201547677,0.3713916586648439,0.8609930154873975
48,beta,1,16,1.0,raw,22,0.4485379076739803,0.5774401409266856,0.4267915760362826,0.8610452819611141
10,beta,1,16,1.0,raw,23,0.4487789156956445,0.636456094121998,0.3867066892034002,0.8505026765896331
33,beta,1,16,1.0,raw,22,0.4411308307040763,0.5697577662721893,0.4217811939357888,0.7640305149396058
20,beta,1,16,1.0,raw,22,0.4451621119554099,0.6122159090909091,0.44850498382857,0.7026414818603631
40,beta,1,16,1.0,raw,22,0.4463374739752321,0.6226362366092222,0.3916563152744473,0.7742963828490145
13,beta,1,16,1.0,raw,22,0.4527644169658981,0.5552093023255813,0.3547860811002538,0.8613761792132235
4,beta,1,16,1.0,raw,22,0.4568285533345762,0.525018615040953,0.4628480175383822,0.6638054363376252
17,beta,1,16,1.0,raw,22,0.4508590935147824,0.5858270230818355,0.3813493950837138,0.8126596543951916
29,beta,1,16,1.0,raw,22,0.4385269407969779,0.6034350879632849,0.4088391910734124,0.7441323488366192
49,beta,1,16,1.0,raw,22,0.4592597946717333,0.5643557471664,0.3613486825404596,0.8554104477611939
41,beta,1,16,1.0,raw,22,0.4503149837555115,0.5759768104831948,0.4135094854323216,0.7638910709609845
5,beta,1,16,1.0,raw,22,0.4373351876584919,0.6304638928742228,0.4470628503632475,0.6555891238670695
37,beta,1,16,1.0,raw,22,0.4484624550019874,0.5992471944050745,0.3641032486733201,0.8371342182134988
19,beta,1,16,1.0,raw,24,0.4307192985422128,0.5932001555361135,0.40828844483814,0.7633892573806738
35,beta,1,16,1.0,raw,24,0.4379495627003775,0.6469657644296132,0.406964718731693,0.7783196395441294
3,beta,1,16,1.0,raw,24,0.4344339735491406,0.6369456097383545,0.4194587282547942,0.7327051311758195
38,beta,1,16,1.0,raw,24,0.4435179506623584,0.5548860427591771,0.3628025592753116,0.8471064814814815
27,beta,1,16,1.0,raw,24,0.4421706543534236,0.6016865079365079,0.4008225507072382,0.7654628143392189
46,beta,1,16,1.0,raw,24,0.445208286338355,0.5820125598086124,0.3850384630769605,0.8152623469305004
7,beta,1,16,1.0,raw,24,0.4441656100610663,0.589700592981433,0.3678498077917848,0.8512273868702915
31,beta,1,16,1.0,raw,24,0.4545488349290342,0.5738527337880014,0.3472909401075745,0.862066314764516
0,beta,1,16,1.0,raw,27,0.4492376738169726,0.6189942185007975,0.4157069319084908,0.7548739767341662
43,beta,1,16,1.0,raw,24,0.4569616346240292,0.5666619705081244,0.3768499361627035,0.8348323170731708
26,beta,1,16,1.0,raw,24,0.4552755950654045,0.5696448650674663,0.3716616050342762,0.8614683815648445
39,beta,1,16,1.0,raw,24,0.4520874147040488,0.588468269319333,0.3859711172929905,0.8078932961727966
12,beta,1,16,1.0,raw,23,0.4364524629997778,0.6114906328879421,0.3571114990398203,0.8671274365147162
42,beta,1,16,1.0,raw,24,0.442952629078582,0.5909912202570301,0.3768363930015464,0.836628677445004
1,beta,1,16,1.0,raw,23,0.4545140843512019,0.6095547309833024,0.4689220907299721,0.663705631388642
23,beta,1,16,1.0,raw,24,0.450485020428691,0.5746219592373438,0.3712489757138388,0.8193871090287449
32,beta,1,16,1.0,raw,23,0.4494162249855027,0.5918256388435809,0.3838066892968294,0.8079611526420037
15,beta,1,16,1.0,raw,24,0.4434033006595139,0.5860313731248317,0.3807877693353886,0.7994140729989787
8,beta,1,16,1.0,raw,23,0.4555894165115557,0.5603319308087891,0.376002283578898,0.8430670926517572
34,beta,1,16,1.0,raw,24,0.4517021860723018,0.5641160347190498,0.3588129084454703,0.8511201424951707
22,beta,1,16,1.0,raw,24,0.448597320627467,0.5929291527931928,0.3511903382434604,0.8537388905914803
44,beta,1,16,1.0,raw,23,0.4422657961323671,0.5762591575091575,0.3868176304952639,0.8085692808819844
30,beta,1,16,1.0,raw,24,0.4571461655345904,0.5292317110498929,0.3724893728122799,0.833702827559728
14,beta,1,16,1.0,raw,24,0.4358637388441342,0.5563151041666666,0.3685993282774084,0.8571876224050137
47,beta,1,16,1.0,raw,24,0.4585331910941828,0.5363399621212122,0.4021968943899946,0.8001831082627604
2,beta,1,16,1.0,raw,24,0.4449842816159225,0.5806015296461157,0.3668310179983231,0.8716650039649043
24,beta,1,16,1.0,raw,23,0.4527049255008762,0.5580191121781293,0.3763364580374968,0.7984387460127591
18,beta,1,16,1.0,raw,24,0.4515690892144682,0.5926459293394777,0.3738720340910835,0.8108742395636669
11,beta,1,16,1.0,raw,24,0.4433214952865016,0.6405608435983576,0.3521390214402739,0.8525072250671805
21,beta,1,16,1.0,raw,23,0.4373730918197239,0.6330354839466217,0.3527338646835404,0.8501015730805292
36,beta,1,16,1.0,raw,23,0.4516294231784177,0.5523386869540716,0.3876464197956631,0.7717685733070349
28,beta,1,16,1.0,raw,23,0.4393163680165323,0.6118107835549613,0.3788112835986507,0.8223448919297154
10,beta,1,16,1.0,raw,24,0.4545069699901788,0.6491228070175438,0.3604199104310114,0.8579449014231623
6,beta,1,16,1.0,raw,24,0.4510767452469026,0.5403949315575287,0.3729580478866712,0.8000429661830865
25,beta,1,16,1.0,raw,23,0.444045003026829,0.5708198870512302,0.4146342199172764,0.7632809012368373
16,beta,1,16,1.0,raw,23,0.4447679536411068,0.5779616724738675,0.4095254861716418,0.7937637241985067
9,beta,1,16,1.0,raw,23,0.4562313709636334,0.5977670559168357,0.3674543912313998,0.8522244154266627
45,beta,1,16,1.0,raw,23,0.4494209497911288,0.5809724303622825,0.4492739104529588,0.6071502617529674
48,beta,1,16,1.0,raw,23,0.4482493846706117,0.602820851586584,0.4237044720962233,0.8594016767321561
33,beta,1,16,1.0,raw,23,0.4384355929463049,0.5817307692307693,0.440878476626968,0.7432422123331215
20,beta,1,16,1.0,raw,23,0.4464185597795759,0.6143212256493507,0.4428267283230012,0.7179861897628877
40,beta,1,16,1.0,raw,23,0.4450191234112114,0.6336981835118769,0.3881094807825436,0.7815992684413737
13,beta,1,16,1.0,raw,23,0.4508856819342706,0.5848604651162791,0.3372131899468193,0.864393877606503
4,beta,1,16,1.0,raw,23,0.4568155382811853,0.5215686274509804,0.4551059075908173,0.6650316779072144
17,beta,1,16,1.0,raw,23,0.4517522934421066,0.5826566919076727,0.3822723392448109,0.8129476584022038
29,beta,1,16,1.0,raw,23,0.438480929414545,0.5937000208608582,0.423391759168499,0.7431681510238258
49,beta,1,16,1.0,raw,23,0.4590899893811985,0.5698954639223048,0.3582429678586797,0.8608146766169155
41,beta,1,16,1.0,raw,23,0.4502038189462927,0.5638550176077426,0.4228594913576242,0.7612463995810421
5,beta,1,16,1.0,raw,23,0.4376563405939435,0.6124103299856527,0.4695418028193047,0.6708250859464528
37,beta,1,16,1.0,raw,23,0.4497806849102753,0.5971095982713353,0.3835865680465095,0.8282298980167068
35,beta,1,16,1.0,raw,25,0.4421178264116842,0.6311333580521568,0.4295443383058317,0.7731645905115292
19,beta,1,16,1.0,raw,25,0.4294107065804468,0.6026781374550403,0.4247083357358728,0.7409025881128884
3,beta,1,16,1.0,raw,25,0.4375912026302108,0.6094716166735372,0.4127594940784946,0.7396822944826342
38,beta,1,16,1.0,raw,25,0.4475632722440699,0.5131101250504236,0.4307713623627844,0.8453446502057612
27,beta,1,16,1.0,raw,25,0.4420201749954802,0.6077516233766234,0.3927770272066719,0.7677367576243982
46,beta,1,16,1.0,raw,25,0.4444151922954111,0.5644437799043062,0.3944895882846198,0.8186143324412727
7,beta,1,16,1.0,raw,25,0.4417301272589163,0.5985467094390979,0.382248384986245,0.8526623276789833
31,beta,1,16,1.0,raw,25,0.4544229498149657,0.5399375794705814,0.3988129025355479,0.8590298775175524
43,beta,1,16,1.0,raw,25,0.4551017165720164,0.5792007138160984,0.371365437686578,0.8425177845528455
39,beta,1,16,1.0,raw,25,0.4545989399295955,0.5652574375978632,0.3826261183439783,0.8026924799681481
42,beta,1,16,1.0,raw,25,0.4494258403270916,0.5576281969716249,0.3633521636332593,0.8457593426981183
23,beta,1,16,1.0,raw,25,0.4503679420337421,0.589461820231051,0.3714263830637917,0.8163353172090667
26,beta,1,16,1.0,raw,25,0.4478583593638828,0.5629685157421289,0.3563876170664851,0.85448884805798
15,beta,1,16,1.0,raw,25,0.4426843150486242,0.6110662457479873,0.3816979005095257,0.7985808740525722
0,beta,1,16,1.0,raw,28,0.4486095444022353,0.6064344098883572,0.4041341555520225,0.7669915984489445
34,beta,1,16,1.0,raw,25,0.4525802066754446,0.5521470991320238,0.3684085064805225,0.8479340708963649
12,beta,1,16,1.0,raw,24,0.4343842526006144,0.6091054350091472,0.3480032678380814,0.8628562553389765
1,beta,1,16,1.0,raw,24,0.4546062003531417,0.6082792207792208,0.439793450713172,0.6870644463072554
32,beta,1,16,1.0,raw,24,0.4498690831960426,0.5536723163841808,0.3875686669267349,0.8058015462270781
30,beta,1,16,1.0,raw,25,0.4583931544307866,0.5458626670747883,0.3834290502436399,0.8378766673684993
47,beta,1,16,1.0,raw,25,0.4579217988606824,0.5279356060606061,0.3969292798807637,0.7937361715114062
22,beta,1,16,1.0,raw,25,0.4449941936392714,0.5733213096559379,0.3610768449656557,0.8530876494023905
14,beta,1,16,1.0,raw,25,0.4368069813814058,0.5710177951388888,0.3727531475072408,0.8658832745789268
8,beta,1,16,1.0,raw,24,0.4551680643818441,0.5584618980832164,0.3843776082516387,0.8383514376996807
2,beta,1,16,1.0,raw,25,0.447362264662418,0.5653296608710622,0.3498486493897601,0.8665489985419385
18,beta,1,16,1.0,raw,25,0.4521407915626475,0.578581029185868,0.3776787804735372,0.811293790644011
44,beta,1,16,1.0,raw,24,0.441770453974225,0.5882783882783883,0.3986894147760864,0.8031946880481082
11,beta,1,16,1.0,raw,25,0.4443632851034287,0.6415640164240387,0.3612230096455797,0.8376894995690312
24,beta,1,16,1.0,raw,24,0.4527741751238222,0.5658334510191593,0.3745743004187486,0.7968376196172249
10,beta,1,16,1.0,raw,25,0.4453818116707014,0.6148209786653722,0.3505190304638475,0.8587021804413109
6,beta,1,16,1.0,raw,25,0.4508618697561947,0.5699223085460599,0.3845171440727265,0.7986781580144569
21,beta,1,16,1.0,raw,24,0.4374289795587641,0.6421116817936631,0.3608269385893717,0.842079904156683
36,beta,1,16,1.0,raw,24,0.4507892852543065,0.553489245796938,0.3952531347820031,0.763602892833662
28,beta,1,16,1.0,raw,24,0.4427636635555119,0.578578296864373,0.3649563470629544,0.830314103560877
25,beta,1,16,1.0,raw,24,0.4439920289230513,0.5676053852359823,0.4058461933363512,0.7733777999527323
9,beta,1,16,1.0,raw,24,0.455289439636511,0.5807286203761974,0.3825973567915711,0.857222390930256
45,beta,1,16,1.0,raw,24,0.4458182457869551,0.6362425366921193,0.4416643417795038,0.6176333385165604
16,beta,1,16,1.0,raw,24,0.4436321343788499,0.5725174216027875,0.4070403590436936,0.792032122466905
33,beta,1,16,1.0,raw,24,0.4388720591486502,0.5753282174556213,0.4331805863979718,0.746497139224412
20,beta,1,16,1.0,raw,24,0.4477731582013766,0.615716314935065,0.4265571139767619,0.7317233568375288
40,beta,1,16,1.0,raw,24,0.4461208669300543,0.6493479273404752,0.3866281885015,0.784723633407844
13,beta,1,16,1.0,raw,24,0.4539735346970206,0.5795813953488371,0.3488445974392821,0.8617296033493733
48,beta,1,16,1.0,raw,24,0.4438264042264123,0.5510047979973576,0.3574626461601419,0.8574905078612746
4,beta,1,16,1.0,raw,24,0.4562816014515474,0.5215438073963762,0.4443702265326125,0.685532904148784
17,beta,1,16,1.0,raw,24,0.4514761555100564,0.5625855305172885,0.3906332968784398,0.804069621838217
29,beta,1,16,1.0,raw,24,0.4375714175652324,0.6116867162691515,0.4239477700675664,0.7333485575093248
49,beta,1,16,1.0,raw,24,0.458019752590815,0.5800477481862643,0.3415304289835952,0.8621890547263681
5,beta,1,16,1.0,raw,24,0.4377940586135236,0.6208990913438547,0.462896113624707,0.6752005417230962
41,beta,1,16,1.0,raw,24,0.4491299417034347,0.5807440768512085,0.4078135844833745,0.7813170987169415
37,beta,1,16,1.0,raw,24,0.4482542547459108,0.5884895095146263,0.3662054239493803,0.8151488751089018
19,beta,1,16,1.0,raw,26,0.4305865851709478,0.5989598522406921,0.4129976038355278,0.755793991416309
35,beta,1,16,1.0,raw,26,0.4380203796668619,0.6282041774811519,0.4073451759070522,0.7802146832759078
3,beta,1,16,1.0,raw,26,0.4334226390928565,0.6352724362860398,0.4127345292630648,0.7387811848304627
38,beta,1,16,1.0,raw,26,0.4375583916253163,0.5679457442517144,0.3527079571265467,0.8451131687242799
27,beta,1,16,1.0,raw,26,0.442703349889494,0.6006493506493507,0.3914075642028796,0.7686864633493846
46,beta,1,16,1.0,raw,26,0.4449821551902582,0.5781000797448166,0.3725826510640206,0.8273186819127943
7,beta,1,16,1.0,raw,26,0.4434255138925247,0.5845727617381161,0.3766768436231566,0.8434889560805616
31,beta,1,16,1.0,raw,26,0.4547024432738539,0.5767425731129349,0.3457587353650321,0.8582291292984163
43,beta,1,16,1.0,raw,26,0.4550558584111318,0.5637738330046023,0.3556675616976754,0.8435594512195123
39,beta,1,16,1.0,raw,26,0.4575259473873914,0.5238786036658377,0.4013950124780946,0.8019583934703628
42,beta,1,16,1.0,raw,26,0.4491885962939309,0.5516477923399923,0.3690346055951942,0.8344288364696528
26,beta,1,16,1.0,raw,26,0.4476115958426068,0.569270052473763,0.3507546467877705,0.8633568111060073
23,beta,1,16,1.0,raw,26,0.4536678416902366,0.5607213299520992,0.4249052082264182,0.8152589590983917
15,beta,1,16,1.0,raw,26,0.4423368147963605,0.5991483738345202,0.3829423528481755,0.8005294844917488
34,beta,1,16,1.0,raw,26,0.4536264210287433,0.5598218364550023,0.3804518451107492,0.8513208399187175
30,beta,1,16,1.0,raw,26,0.4578615943441708,0.5395367819610243,0.3814666796753319,0.8299005461909067
0,beta,1,16,1.0,raw,29,0.448017171924456,0.6201405502392344,0.4193325787051273,0.7516695389918139
14,beta,1,16,1.0,raw,26,0.4409707714751135,0.5771755642361112,0.359601633509436,0.8643687165426296
47,beta,1,16,1.0,raw,26,0.4588443948468013,0.507125946969697,0.4039011506693959,0.7914600340784822
12,beta,1,16,1.0,raw,25,0.4353078691026731,0.5906722552856449,0.3616124246100545,0.8605653490719888
22,beta,1,16,1.0,raw,26,0.4474801128113474,0.5646735109137996,0.3647464205779995,0.8548753703136174
32,beta,1,16,1.0,raw,25,0.4500826117396713,0.5746164574616457,0.4015155898424943,0.81208868442911
2,beta,1,16,1.0,raw,26,0.4448830893258859,0.5622556132110272,0.3566240672417873,0.8684675005755506
18,beta,1,16,1.0,raw,26,0.4513817666380345,0.5964381720430108,0.3828180663035007,0.8014605621984477
1,beta,1,16,1.0,raw,25,0.4542486465320567,0.6211502782931355,0.4229035554773386,0.7112365033092698
11,beta,1,16,1.0,raw,26,0.4458156553964574,0.6220371407241507,0.3855859174352561,0.8352684682857577
8,beta,1,16,1.0,raw,25,0.4564413518574654,0.5350631136044881,0.4175582724010205,0.8302364217252396
44,beta,1,16,1.0,raw,25,0.4426700930815869,0.5760073260073261,0.3843436856423701,0.8082310197945376
10,beta,1,16,1.0,raw,26,0.4452012408287651,0.625176247601877,0.3527089921979314,0.8567959263611439
6,beta,1,16,1.0,raw,26,0.450831197949827,0.5787782093969663,0.3795413171493881,0.8102032047717738
24,beta,1,16,1.0,raw,25,0.4528701328539343,0.5668337805394719,0.3877464664256409,0.7945324960127591
21,beta,1,16,1.0,raw,25,0.4374931028367378,0.6319332066887122,0.3752765232029602,0.8451270965725597
36,beta,1,16,1.0,raw,25,0.4505079098503493,0.5829811214426599,0.392585678407492,0.7857593688362919
28,beta,1,16,1.0,raw,25,0.4391636721703768,0.6359905251061235,0.3657421111978983,0.8321541491732752
9,beta,1,16,1.0,raw,25,0.4550784851858653,0.5954129081882386,0.3816230551229349,0.85200931268347
25,beta,1,16,1.0,raw,25,0.4449394570913246,0.5624243646631707,0.4105437491866873,0.7504923715238571
45,beta,1,16,1.0,raw,25,0.4434379810440863,0.6152620186017745,0.47386343149098,0.5823096459855907
16,beta,1,16,1.0,raw,25,0.4428039802749282,0.5761469221835076,0.3927351035177175,0.7791705878662399
33,beta,1,16,1.0,raw,25,0.437964516359649,0.5640255177514792,0.4239508807052928,0.7550921805467261
20,beta,1,16,1.0,raw,25,0.445095260234023,0.612114448051948,0.4443597808141749,0.7053085382338972
13,beta,1,16,1.0,raw,25,0.4522730777065145,0.5896976744186047,0.3437880039881459,0.8642171655384281
40,beta,1,16,1.0,raw,25,0.4443976223226628,0.6289706567303214,0.4004100515723562,0.7754140418614103
48,beta,1,16,1.0,raw,25,0.4492975746325778,0.6184317270472615,0.439796042692362,0.8542415207807761
4,beta,1,16,1.0,raw,25,0.4560084513521038,0.5454703400347481,0.463561798758643,0.6613529531984468
17,beta,1,16,1.0,raw,25,0.4534511707645385,0.5733053553507892,0.396739107430726,0.8035061357375408
29,beta,1,16,1.0,raw,25,0.439686268314678,0.598521196949679,0.3961259885229727,0.7600162391210576
49,beta,1,16,1.0,raw,25,0.460437487294008,0.5662100456621004,0.3529781449727983,0.8597014925373134
5,beta,1,16,1.0,raw,25,0.4376511312755362,0.631922525107604,0.4484001662500738,0.6746666319408272
41,beta,1,16,1.0,raw,25,0.4502629293441896,0.5809357257504252,0.4161862842664078,0.7645326001571091
35,beta,1,16,1.0,raw,27,0.4367423991178963,0.6408107774069954,0.4006228448092712,0.782069970845481
19,beta,1,16,1.0,raw,27,0.4294542199562053,0.589384660250802,0.4250791167500219,0.7322148523865263
3,beta,1,16,1.0,raw,27,0.4344561137477485,0.6331870316933,0.4245031755674583,0.7391673746813934
37,beta,1,16,1.0,raw,25,0.4487152927227503,0.5760589233021214,0.3568593585967513,0.8262440424332497
38,beta,1,16,1.0,raw,27,0.4420294287041649,0.5523144413069787,0.3621875542746792,0.8494727366255145
27,beta,1,16,1.0,raw,27,0.4419631314641019,0.5991838023088023,0.3854246353494097,0.7655163188871055
46,beta,1,16,1.0,raw,27,0.4463352538397032,0.5877442185007975,0.3776634717826069,0.8233449571540562
7,beta,1,16,1.0,raw,27,0.4420941823885914,0.5948041217070088,0.3851933885044086,0.8519576692461435
31,beta,1,16,1.0,raw,27,0.4538530387482086,0.5681192925673333,0.3350971489929319,0.8709129810895301
43,beta,1,16,1.0,raw,27,0.4563198258256413,0.6101249178172254,0.4096674231433531,0.8405106707317073
39,beta,1,16,1.0,raw,27,0.4547801536201363,0.5629087224831905,0.3928281642549186,0.8016722241576668
26,beta,1,16,1.0,raw,27,0.4477352858137918,0.569785419790105,0.3538463373397029,0.860830398611749
42,beta,1,16,1.0,raw,27,0.4490505898899816,0.5579844763964881,0.3714963836814795,0.83600583090379
34,beta,1,16,1.0,raw,27,0.4548127706416033,0.5587711283691182,0.3694644496615514,0.8510197937833973
23,beta,1,16,1.0,raw,27,0.4508089695015732,0.583615102845872,0.3845823015830822,0.8117006458148665
15,beta,1,16,1.0,raw,27,0.4441682268488657,0.5866431735310672,0.3885828232465637,0.7998844272429178
30,beta,1,16,1.0,raw,27,0.458788338859965,0.5472783389450057,0.3868584043551566,0.820562044066831
47,beta,1,16,1.0,raw,27,0.4589552038134825,0.5118252840909091,0.4002378590998252,0.8026754151725541
14,beta,1,16,1.0,raw,27,0.4344710847530809,0.5787760416666667,0.3709260260358815,0.8574095834965401
18,beta,1,16,1.0,raw,27,0.4512342599781249,0.583453341013825,0.3936060453086837,0.7996250262219425
2,beta,1,16,1.0,raw,27,0.4491651420119152,0.5540909426259744,0.3532367470408898,0.8655769575115749
22,beta,1,16,1.0,raw,27,0.4448776966698148,0.5680956344802072,0.348871400547355,0.8573015629788538
12,beta,1,16,1.0,raw,26,0.4358255666505141,0.5998425306254777,0.3537146498065605,0.8638528642799823
32,beta,1,16,1.0,raw,26,0.4496773079359317,0.5709051367515307,0.3826997357321455,0.8080250463229187
11,beta,1,16,1.0,raw,27,0.4429932986122867,0.6488895110115714,0.3666245426379322,0.8428357754905441
0,beta,1,16,1.0,raw,30,0.4484969767561097,0.6233801834130781,0.4111122615507427,0.7645411460577337
1,beta,1,16,1.0,raw,26,0.4546075606453328,0.6129638218923933,0.4791372037896361,0.6816595143068049
10,beta,1,16,1.0,raw,27,0.4476958791557622,0.6145436053902873,0.3675359128090738,0.8558950254602429
8,beta,1,16,1.0,raw,26,0.457664881918197,0.5782608695652174,0.4410338898923494,0.8183642172523962
44,beta,1,16,1.0,raw,26,0.4419697565783254,0.5804487179487179,0.3758759004666471,0.8236657479328489
6,beta,1,16,1.0,raw,27,0.4514043630083202,0.5516555678875323,0.3825208175516791,0.807208209068392
24,beta,1,16,1.0,raw,26,0.4530832994938264,0.5493809725556654,0.3742641739961078,0.7966008771929824
21,beta,1,16,1.0,raw,26,0.4375081742749191,0.6498510753066442,0.3627274917518004,0.8515209917699761
36,beta,1,16,1.0,raw,26,0.4500050339152323,0.5931013431013432,0.3896591261542564,0.7873109796186717
28,beta,1,16,1.0,raw,26,0.4403089539687654,0.6316752269049462,0.3571706629044627,0.838892344373607
9,beta,1,16,1.0,raw,26,0.457764680988471,0.5845978136727035,0.3595692897203975,0.8648522117623241
25,beta,1,16,1.0,raw,26,0.4428566590704231,0.5787111738604276,0.4021505799498141,0.7776712796407657
16,beta,1,16,1.0,raw,26,0.4434565803073589,0.581833139759969,0.3980181113679737,0.7870255348516219
45,beta,1,16,1.0,raw,26,0.4459325088136112,0.6023216537025142,0.4420683966596239,0.6079147877468511
33,beta,1,16,1.0,raw,26,0.4370537934747341,0.569526627218935,0.4123968775768826,0.7594914176732359
13,beta,1,16,1.0,raw,26,0.4535558559503536,0.5734186046511628,0.3477680262350612,0.8608052633009813
20,beta,1,16,1.0,raw,26,0.4456272518694935,0.5812956574675324,0.4194652469934636,0.7241118945842924
40,beta,1,16,1.0,raw,26,0.4440117460288752,0.6314857941313461,0.402240128738025,0.7753632391790285
48,beta,1,16,1.0,raw,26,0.4437759056051552,0.5626868785202698,0.3611783722547449,0.8439466911296283
17,beta,1,16,1.0,raw,26,0.4518076392970462,0.5841848371498951,0.379417585656818,0.8127598297019785
4,beta,1,16,1.0,raw,26,0.4570003238223992,0.5205758252668156,0.464801914672634,0.6397021254853874
29,beta,1,16,1.0,raw,26,0.4376298847857475,0.622858864705746,0.417970407785711,0.7544213544441909
35,beta,1,16,1.0,raw,28,0.4283344814394,0.6417006550488197,0.4072773670733517,0.7828915981977207
49,beta,1,16,1.0,raw,26,0.4594301696657532,0.5660477945437266,0.3529745144181269,0.8629353233830845
19,beta,1,16,1.0,raw,28,0.4291401411241643,0.6201516477107029,0.4188819072555731,0.7536740798543374
3,beta,1,16,1.0,raw,28,0.4354054687587174,0.6474938771551201,0.4324818177618427,0.7365670296851266
5,beta,1,16,1.0,raw,26,0.438255815226941,0.6236250597800095,0.4599115138622607,0.6884831753307636
41,beta,1,16,1.0,raw,26,0.4495380262143264,0.5771985722157009,0.4156546661000323,0.7683948677664311
37,beta,1,16,1.0,raw,26,0.4492326983069314,0.5825414159250912,0.3890324937210837,0.8160585250858401
27,beta,1,16,1.0,raw,28,0.4425815699982799,0.6052940115440115,0.3944158668624137,0.7621455323702514
38,beta,1,16,1.0,raw,28,0.4413580910396641,0.5630798709156919,0.3708835809754442,0.8416795267489712
7,beta,1,16,1.0,raw,28,0.4455500019571781,0.5885583746476135,0.383457807704194,0.8472044278173527
46,beta,1,16,1.0,raw,28,0.4465227913203172,0.574386961722488,0.3735575351369202,0.8247100802854592
43,beta,1,16,1.0,raw,28,0.4548925094913999,0.5726965342349958,0.3678936357227133,0.8326473577235771
31,beta,1,16,1.0,raw,28,0.4556200296421291,0.5942665587793319,0.3587922056140395,0.8602854507251577
39,beta,1,16,1.0,raw,28,0.4544587074213659,0.5708759325780602,0.3807893150643219,0.8071965361071021
26,beta,1,16,1.0,raw,28,0.4529432557094175,0.5784998125937031,0.3617513909659174,0.860409329862706
42,beta,1,16,1.0,raw,28,0.4506256628362302,0.5502481231708869,0.3563510299777992,0.8414789292340312
23,beta,1,16,1.0,raw,28,0.4513425628006267,0.5863623555931248,0.3876885478392835,0.8213118905913638
34,beta,1,16,1.0,raw,28,0.4520531012128829,0.5667884878940155,0.3585960820273904,0.8641905622036576
30,beta,1,16,1.0,raw,28,0.4587952731553757,0.5395112743597592,0.3810162539043794,0.8361798838260611
15,beta,1,16,1.0,raw,28,0.4433970498365852,0.5994420380295133,0.3892325761101204,0.7907461162178143
47,beta,1,16,1.0,raw,28,0.4581284028742666,0.5361032196969696,0.4076987988632769,0.7955799699905903
18,beta,1,16,1.0,raw,28,0.4520457173737742,0.5678043394777266,0.3939920650157559,0.7990481434864696
12,beta,1,16,1.0,raw,27,0.4367180887398124,0.5907880415904407,0.3505391379230071,0.8682534751883202
14,beta,1,16,1.0,raw,28,0.4432539625512476,0.549831814236111,0.3574589152503503,0.8670714192453322
2,beta,1,16,1.0,raw,28,0.4447649550922869,0.5425325234242432,0.3493114565999065,0.871166193436165
11,beta,1,16,1.0,raw,28,0.4443844779193577,0.6350433930571109,0.3608514270291225,0.8404400953201847
22,beta,1,16,1.0,raw,28,0.4453564003168953,0.5656908990011099,0.3588307239680038,0.8499846766779038
32,beta,1,16,1.0,raw,27,0.4484958637284968,0.5977353851972673,0.3976080432443356,0.8060826784231041
10,beta,1,16,1.0,raw,28,0.4447128709269525,0.6240205256223563,0.3526674919043646,0.8618226922574748
44,beta,1,16,1.0,raw,27,0.4422221449904371,0.5740842490842492,0.4018748986702372,0.7937233775995991
1,beta,1,16,1.0,raw,27,0.4541523730656471,0.6170918367346939,0.4507361781232705,0.661691293305141
6,beta,1,16,1.0,raw,28,0.4508316772128493,0.5600721420643728,0.3860773296561832,0.8121872314613557
8,beta,1,16,1.0,raw,27,0.4537653837407268,0.5692847124824684,0.3770771711945439,0.8419552715654952
24,beta,1,16,1.0,raw,27,0.4525317550813364,0.5932307112931319,0.3751558337672036,0.8102696371610846
36,beta,1,16,1.0,raw,27,0.4509453638386411,0.572039072039072,0.3961488027141195,0.7727942143326758
21,beta,1,16,1.0,raw,27,0.4370407862026891,0.6419475128403576,0.3551118547221486,0.856417335139077
28,beta,1,16,1.0,raw,27,0.4394912872698536,0.63638922113558,0.3567750215864653,0.8386202249520551
16,beta,1,16,1.0,raw,27,0.4430117315467651,0.5676780874951607,0.3944654315397002,0.7891461195809022
40,beta,1,16,1.0,raw,27,0.4485564117411789,0.6247088961341407,0.3996029246416547,0.7791861410282462
9,beta,1,16,1.0,raw,27,0.4576017942945274,0.5791669580215836,0.3760790994704366,0.8520346188885516
20,beta,1,16,1.0,raw,27,0.445173459348028,0.6216010551948051,0.4534672234045335,0.698805304884732
25,beta,1,16,1.0,raw,27,0.4422517965635011,0.5791397741024606,0.412479559796539,0.7620598198576718
4,beta,1,16,1.0,raw,27,0.4562219480486966,0.5277240009928023,0.4602460847995791,0.6353080931943593
48,beta,1,16,1.0,raw,27,0.4429198451689211,0.5488028185337135,0.3615858035544259,0.8468007033101445
33,beta,1,16,1.0,raw,27,0.4388789176646546,0.5588480029585798,0.4289970399136446,0.7438906547997457
45,beta,1,16,1.0,raw,27,0.4504873689633569,0.6263945384048146,0.451282603229929,0.5916783289275903
13,beta,1,16,1.0,raw,27,0.4533646706076757,0.5517441860465117,0.3417628680069021,0.8502976918685263
17,beta,1,16,1.0,raw,27,0.456162205178926,0.5482392117507526,0.3808079024525221,0.8052091159529176
35,beta,1,16,1.0,raw,29,0.4291465128021266,0.6406377456433073,0.4115715313777151,0.7799761463026769
3,beta,1,16,1.0,raw,29,0.4369015346976873,0.6192924173719052,0.4285601826594424,0.7090574393038284
19,beta,1,16,1.0,raw,29,0.430476435404052,0.5897491980169145,0.4110267665493513,0.7658213031603591
29,beta,1,16,1.0,raw,27,0.4379332304754982,0.6216535706835409,0.4086673597328123,0.7530638654182842
49,beta,1,16,1.0,raw,27,0.460676410243993,0.5376074913659226,0.352547125050502,0.862910447761194
5,beta,1,16,1.0,raw,27,0.437451223651667,0.6356767097082735,0.443224596552106,0.6830398999895821
41,beta,1,16,1.0,raw,27,0.449630913106699,0.5801691301535588,0.4087584336895232,0.7712228332024091
27,beta,1,16,1.0,raw,29,0.4429854946571057,0.6024531024531025,0.3989252396279887,0.7592696629213483
37,beta,1,16,1.0,raw,27,0.4482479552186707,0.5880480494435278,0.3702595218152709,0.8333803105621894
38,beta,1,16,1.0,raw,29,0.4422032916211358,0.5762404195240017,0.3667421887208851,0.8496913580246913
7,beta,1,16,1.0,raw,29,0.4422138051272848,0.6003207932341791,0.3745222425909449,0.8537257213139957
46,beta,1,16,1.0,raw,29,0.4471195432155622,0.5662629585326955,0.3722286938564142,0.8234666017895277
43,beta,1,16,1.0,raw,29,0.4565298476348108,0.5819949281487742,0.3662086791922556,0.8390879065040651
31,beta,1,16,1.0,raw,29,0.4543923380192341,0.5850421916541441,0.3683764707576722,0.864334033721109
26,beta,1,16,1.0,raw,29,0.447526913744606,0.5806784107946027,0.3673975729119253,0.8534553156739653
39,beta,1,16,1.0,raw,29,0.4549941611701337,0.58469190384084,0.3809083173556304,0.8087704673269298
34,beta,1,16,1.0,raw,29,0.4508844756570856,0.5716994061215167,0.3743088432600916,0.8473946965705828
42,beta,1,16,1.0,raw,29,0.4481102410550216,0.5616745132968572,0.3644175447716126,0.8370792472833287
23,beta,1,16,1.0,raw,29,0.451674260099682,0.5556729595191134,0.3821508372540593,0.8104343421552488
30,beta,1,16,1.0,raw,29,0.4580781797186586,0.5480563207835935,0.3877774399026008,0.8353005288515127
12,beta,1,16,1.0,raw,28,0.4349013535687926,0.606280249172128,0.3530151132915825,0.8642799823975563
15,beta,1,16,1.0,raw,29,0.4435739712069675,0.5909502483909649,0.3774378530870514,0.7933263452131376
47,beta,1,16,1.0,raw,29,0.4582478884322095,0.5206676136363636,0.4036189121579936,0.7929986521197324
18,beta,1,16,1.0,raw,29,0.4518084968076097,0.5921178955453149,0.3768385480772715,0.8101006922592826
2,beta,1,16,1.0,raw,29,0.4448254749602785,0.5573617293362516,0.3639778922986303,0.8690430511856342
14,beta,1,16,1.0,raw,29,0.4381019674388016,0.5757649739583334,0.3674381901863833,0.8670322496409453
32,beta,1,16,1.0,raw,28,0.4495010981360696,0.5832092286599059,0.3883578695000624,0.8125103827231488
11,beta,1,16,1.0,raw,29,0.4440867301563803,0.6089958939902949,0.3749936818544285,0.8330248947928814
22,beta,1,16,1.0,raw,29,0.4472885792268407,0.5829633740288569,0.3670264357522706,0.8397052814383492
44,beta,1,16,1.0,raw,28,0.4417460661120895,0.6009157509157509,0.3736400781015772,0.8200325732899022
10,beta,1,16,1.0,raw,29,0.4451315328069892,0.6152254813582044,0.3461249950935195,0.8649301475388432
24,beta,1,16,1.0,raw,28,0.4522347913634115,0.5794850068257779,0.3745758121161131,0.8097961523125998
6,beta,1,16,1.0,raw,29,0.4516321781875043,0.546187106918239,0.3845539382075719,0.8122504170247181
8,beta,1,16,1.0,raw,28,0.4566740449630717,0.5332515194015894,0.4238802442718407,0.8351182108626198
36,beta,1,16,1.0,raw,28,0.4503249273498015,0.5873015873015873,0.4074874700772977,0.7856541748849442
1,beta,1,16,1.0,raw,28,0.4550003345456832,0.6131725417439703,0.439688928706187,0.678043714889837
28,beta,1,16,1.0,raw,28,0.4403654334994215,0.626163840615399,0.3757574458523471,0.8299901518685534
16,beta,1,16,1.0,raw,28,0.444851167869557,0.548054587688734,0.4102529320981111,0.7816927034318337
21,beta,1,16,1.0,raw,28,0.4376828799169361,0.6444569525551725,0.3498310686192319,0.8490077091363684
40,beta,1,16,1.0,raw,28,0.4444057200204478,0.6270144387517467,0.396291338151214,0.784380715301768
20,beta,1,16,1.0,raw,28,0.4490818810312347,0.6195971996753247,0.4478754442304856,0.6909989891978128
4,beta,1,16,1.0,raw,28,0.4564754987013959,0.5279970215934475,0.4880104687410122,0.6229818107500511
48,beta,1,16,1.0,raw,28,0.4425654087108438,0.5636835639617087,0.3539722296913446,0.856929898325816
9,beta,1,16,1.0,raw,28,0.455243093034949,0.5901219028972333,0.380183769982882,0.8558178965482337
25,beta,1,16,1.0,raw,28,0.4435598113596781,0.5767698668818072,0.389188145644481,0.7815183424805021
13,beta,1,16,1.0,raw,28,0.4519670423311769,0.5929302325581396,0.3575862860753666,0.8585623793600303
33,beta,1,16,1.0,raw,28,0.4385431489745736,0.5767381656804733,0.4249235666489984,0.7508582326764146
45,beta,1,16,1.0,raw,28,0.4495069657264447,0.5875258688360807,0.4498564133446744,0.5905509770383041
17,beta,1,16,1.0,raw,28,0.4521636136435029,0.5731913146610711,0.379485130538939,0.8137991485098923
35,beta,1,16,1.0,raw,30,0.4428740378285119,0.6477567667779014,0.4242856417303128,0.7764510999204877
19,beta,1,16,1.0,raw,30,0.4301229351374388,0.5971128608923884,0.4190614268198858,0.7493302119911561
3,beta,1,16,1.0,raw,30,0.4345540247232943,0.6396614854870389,0.4324167790582148,0.7225998300764656
29,beta,1,16,1.0,raw,28,0.4382652334186823,0.5962728600236424,0.4335116746907754,0.7318007662835249
27,beta,1,16,1.0,raw,30,0.4425308283072537,0.5909992784992786,0.4045277180670374,0.7544676297485285
49,beta,1,16,1.0,raw,28,0.4588311446870113,0.5754120019470134,0.336926081346284,0.8637810945273633
5,beta,1,16,1.0,raw,28,0.4376342260994804,0.6242945958871353,0.4569884060071383,0.6811516824669236
7,beta,1,16,1.0,raw,30,0.4429767991399362,0.5804899387576553,0.3911626167946442,0.8470250602162661
38,beta,1,16,1.0,raw,30,0.44261325114315,0.5717275110931828,0.3623699119239614,0.8492412551440329
41,beta,1,16,1.0,raw,28,0.4488512443251995,0.5852957382076037,0.3962253231643937,0.7792484943702539
43,beta,1,16,1.0,raw,30,0.4557945277255055,0.574023199023199,0.3718752812937466,0.8368648373983739
46,beta,1,16,1.0,raw,30,0.4462197247821872,0.5814393939393939,0.3798373079871702,0.8231422160949368
39,beta,1,16,1.0,raw,30,0.4524945444231306,0.5821359491572258,0.3727656197949857,0.8073209575474045
31,beta,1,16,1.0,raw,30,0.4560361445902809,0.5800254305860595,0.3469609691005449,0.8624506739097012
37,beta,1,16,1.0,raw,28,0.4493325628316246,0.5871651293013314,0.3788907745976443,0.8241685030492494
23,beta,1,16,1.0,raw,30,0.4507440462412131,0.586456278763971,0.3814470110424252,0.8115486893757122
47,beta,1,16,1.0,raw,30,0.4583289153435215,0.5188920454545455,0.4071324374603247,0.7896035197477175
15,beta,1,16,1.0,raw,30,0.4433489894910924,0.5996867581920075,0.3839204868941906,0.7934741708326614
26,beta,1,16,1.0,raw,30,0.4529801992368851,0.5512556221889056,0.3684846610379667,0.8579849946409432
11,beta,1,16,1.0,raw,30,0.4451726225295426,0.6243234415826802,0.3530413887321926,0.8487299092430157
34,beta,1,16,1.0,raw,30,0.4520798666186803,0.581749657377798,0.3739430114490399,0.8547326961190136
42,beta,1,16,1.0,raw,30,0.4460346323046893,0.5652627560758365,0.3680583690839669,0.8362708719851577
30,beta,1,16,1.0,raw,30,0.4588059098685389,0.5465003571064178,0.3848366647579994,0.8200666328135645
14,beta,1,16,1.0,raw,30,0.4362842664131401,0.5684407552083334,0.3655910891921834,0.8640684162423293
2,beta,1,16,1.0,raw,30,0.4443256586583675,0.588544868799646,0.3581476191422783,0.8701813623922442
18,beta,1,16,1.0,raw,30,0.4522225008259294,0.5993903609831029,0.3675384264922338,0.8110709041325781
12,beta,1,16,1.0,raw,29,0.4335140979909754,0.6111201167125953,0.3497112701082417,0.8595687401309828
22,beta,1,16,1.0,raw,30,0.4458495131197875,0.5436783203847576,0.3581164339382554,0.8527684135253858
6,beta,1,16,1.0,raw,30,0.4509815954271998,0.5623612652608213,0.3844882914430923,0.8040110195622504
10,beta,1,16,1.0,raw,30,0.4486479574394856,0.6332431870189306,0.3803755009485231,0.8536231884057972
32,beta,1,16,1.0,raw,29,0.4497123162935493,0.5653263361936506,0.3872609046893079,0.8080889400038336
44,beta,1,16,1.0,raw,29,0.4417066986307544,0.5895375457875458,0.3733689281121887,0.8192432974191931
24,beta,1,16,1.0,raw,29,0.4535245120732726,0.582968507272984,0.4155510470917248,0.7973983253588516
8,beta,1,16,1.0,raw,29,0.455702717331433,0.5622487143525011,0.3938595180489271,0.8422108626198084
36,beta,1,16,1.0,raw,29,0.4501758165751313,0.573166150089227,0.3962952298906043,0.7946614069690994
28,beta,1,16,1.0,raw,29,0.4426374902328409,0.62386547526912,0.3657834011505111,0.8232389986005287
16,beta,1,16,1.0,raw,29,0.4431875458871852,0.5753484320557491,0.4098678301399047,0.7809523809523808
1,beta,1,16,1.0,raw,29,0.4546003330221101,0.6169526901669758,0.4429793052155837,0.7013149498917762
40,beta,1,16,1.0,raw,29,0.446866919704557,0.6295295761527713,0.3943242578160774,0.7733438325543589
21,beta,1,16,1.0,raw,29,0.4370918413588158,0.6386641337742444,0.3574932214787885,0.8529143660798
4,beta,1,16,1.0,raw,29,0.4574927258043505,0.5011417225117895,0.4678463968547748,0.6615317800940118
20,beta,1,16,1.0,raw,29,0.4451807396024783,0.6155641233766234,0.4191387947945574,0.7148807131635674
48,beta,1,16,1.0,raw,29,0.4432446167431241,0.5415942331316784,0.3467826475459203,0.8534260887292002
9,beta,1,16,1.0,raw,29,0.455536558230359,0.5935715451133954,0.3610232329831012,0.855362384856767
33,beta,1,16,1.0,raw,29,0.4400498979354461,0.5590329142011835,0.4360980322807651,0.7544564526382708
13,beta,1,16,1.0,raw,29,0.4523489983077947,0.5897093023255814,0.349087405413389,0.8576652257836502
25,beta,1,16,1.0,raw,29,0.4453014238552799,0.5761899959661154,0.4031892983960166,0.7836191276489588
45,beta,1,16,1.0,raw,29,0.4449779357958618,0.6129784247960227,0.4497026242382969,0.5890219250505364
17,beta,1,16,1.0,raw,29,0.4515460390832773,0.582337377976462,0.384699956256863,0.8048835462058602
29,beta,1,16,1.0,raw,29,0.438074467067071,0.6235310479104373,0.4250922797099888,0.7378777498667884
5,beta,1,16,1.0,raw,29,0.4375265828639713,0.6337159253945481,0.4494490489247739,0.6858526929888529
49,beta,1,16,1.0,raw,29,0.4588217426871375,0.5777298750666389,0.3404343614022124,0.8516666666666666
41,beta,1,16,1.0,raw,29,0.4500601311086136,0.5823251802697458,0.4137271386713816,0.7656978266561927
37,beta,1,16,1.0,raw,29,0.4497635895890243,0.5689490926833802,0.3816397863123101,0.8276277353559165
12,beta,1,16,1.0,raw,30,0.4348638164894756,0.613898988027696,0.3544271109882524,0.8653154202583418
32,beta,1,16,1.0,raw,30,0.4504933394787526,0.5667210363331205,0.4094260300433205,0.8105935722956998
44,beta,1,16,1.0,raw,30,0.4424269698380292,0.5647664835164835,0.3681457069738843,0.8218366324229517
24,beta,1,16,1.0,raw,30,0.4533764700433222,0.56220872758085,0.3953194251980531,0.8033791866028708
8,beta,1,16,1.0,raw,30,0.455792337308249,0.5540205703599813,0.398449374003283,0.8300447284345048
36,beta,1,16,1.0,raw,30,0.4481779397368537,0.5823236592467362,0.3926098938798589,0.7865746219592373
28,beta,1,16,1.0,raw,30,0.4423006499329461,0.6138511691174746,0.3797056476353341,0.8257010314621883
16,beta,1,16,1.0,raw,30,0.4429177424751822,0.5738966318234612,0.3897052235920595,0.7892465022899805
40,beta,1,16,1.0,raw,30,0.4434984467972713,0.6421052631578947,0.4099283766117326,0.7807102214996952
4,beta,1,16,1.0,raw,30,0.4561601635265308,0.5359394390667659,0.4763105695860812,0.6396638054363377
20,beta,1,16,1.0,raw,30,0.4455325101824026,0.6064833603896104,0.4519152606477037,0.6785283694421103
48,beta,1,16,1.0,raw,30,0.4484907470884129,0.5999350995526505,0.4231343722185894,0.857031827332263
1,beta,1,16,1.0,raw,30,0.454544966599896,0.612987012987013,0.4397221059946975,0.6971486481414291
21,beta,1,16,1.0,raw,30,0.4380040841031944,0.6330354839466217,0.3681397569156449,0.845999583289926
9,beta,1,16,1.0,raw,30,0.4551037957150737,0.5946204228142554,0.3839761021014902,0.8556913655228262
33,beta,1,16,1.0,raw,30,0.4369214353591589,0.5586399778106509,0.4090727527519614,0.7538461538461538
25,beta,1,16,1.0,raw,30,0.4429829886164735,0.569307180314643,0.4037299858069335,0.7855492240224784
13,beta,1,16,1.0,raw,30,0.4514435449750296,0.5751162790697675,0.3365899558809282,0.8635510969741458
45,beta,1,16,1.0,raw,30,0.4566847637110723,0.5998834415661647,0.4587561019418884,0.5978852433525113
17,beta,1,16,1.0,raw,30,0.4533263285384393,0.5794179363196789,0.3929856306208193,0.8133483596293514
5,beta,1,16,1.0,raw,30,0.4381640707707886,0.6187470109995217,0.4450632033308375,0.6985623502448173
49,beta,1,16,1.0,raw,30,0.4608459705059494,0.565074287833484,0.3475874500562848,0.8627487562189055
29,beta,1,16,1.0,raw,30,0.4392083397564231,0.6274018960202118,0.3923933818603177,0.7713201897947273
41,beta,1,16,1.0,raw,30,0.4498204720858578,0.5800253934791462,0.4104551043963162,0.7846032992930086
37,beta,1,16,1.0,raw,30,0.44836470647800347,0.5883733358117056,0.3564562861177362,0.8309588479475222
