seed,model_type,n_samples,pre_revision,j_percentage,baseline_embedding_type,mirt_dim,rmse_mirt,auc_mirt,val_rmse_mirt,val_auc_mirt
0,bernoulli,1,16,1.0,raw,2,0.4441179180799228,0.616763855661882,0.4618695098488711,0.7285383455407152
0,bernoulli,1,16,1.0,raw,3,0.4438262027805619,0.6192932615629984,0.4579863553419692,0.7540930633347693
0,bernoulli,1,16,1.0,raw,4,0.446629767720494,0.6414473684210527,0.4285817918489522,0.7806710469625162
0,bernoulli,1,16,1.0,raw,5,0.4473780861274068,0.6472288676236044,0.4359663068489489,0.7563550193881947
0,bernoulli,1,16,1.0,raw,6,0.447741392869719,0.631030701754386,0.4358019744606422,0.7542950236966826
1,bernoulli,1,16,1.0,raw,2,0.4518718986088227,0.6055426716141001,0.5540513702668939,0.6189773168015815
0,bernoulli,1,16,1.0,raw,7,0.4454966214658767,0.625847288676236,0.4555060212734979,0.7580784144765187
40,bernoulli,1,16,1.0,raw,2,0.4424850143707644,0.6351653469958082,0.4427650265763492,0.7827677301361512
32,bernoulli,1,16,1.0,raw,2,0.4480092392856403,0.5820863768527055,0.4256161710968958,0.7894831001213981
8,bernoulli,1,16,1.0,raw,2,0.4526187930214856,0.5904394576905097,0.4317589507022821,0.8660830670926517
28,bernoulli,1,16,1.0,raw,2,0.4360187864915206,0.6406576139215273,0.4057188963987875,0.8332685429948685
4,bernoulli,1,16,1.0,raw,2,0.4555052525074066,0.5158600148920327,0.5272868090370281,0.6392039648477419
36,bernoulli,1,16,1.0,raw,2,0.4497540974295178,0.6075655114116654,0.4544384434836725,0.7505062458908612
12,bernoulli,1,16,1.0,raw,2,0.434937705424606,0.6050065998193733,0.3858007652133237,0.870673811187906
48,bernoulli,1,16,1.0,raw,2,0.4447971172430597,0.6192893401015227,0.4162230713184128,0.8660143210254058
16,bernoulli,1,16,1.0,raw,2,0.441443686459089,0.5807200929152149,0.4528773716383558,0.7355103833364703
20,bernoulli,1,16,1.0,raw,2,0.439821724484173,0.6272575081168832,0.4820097579987278,0.7037009974060136
44,bernoulli,1,16,1.0,raw,2,0.4415570060728367,0.6022435897435898,0.433324833551211,0.7997995489852168
24,bernoulli,1,16,1.0,raw,2,0.4503179784384615,0.5688932824930565,0.4150273040901007,0.8222812001594896
18,bernoulli,1,16,1.0,raw,2,0.4493377859546334,0.5970382104454686,0.453497421201589,0.759466121250262
39,bernoulli,1,16,1.0,raw,2,0.4451315328069892,0.6070507506677719,0.4482515454614041,0.8005399890509132
26,bernoulli,1,16,1.0,raw,2,0.4435710821645098,0.5988451086956521,0.3800761655029722,0.8771755218700558
6,bernoulli,1,16,1.0,raw,2,0.4497278065806311,0.557413059563448,0.4186600289552588,0.8145250973057676
3,bernoulli,1,16,1.0,raw,2,0.4455292492115415,0.6237299643541308,0.4899224432563436,0.702904147678999
35,bernoulli,1,16,1.0,raw,2,0.427061431214614,0.6418489679891237,0.4715316255749861,0.7612377418499866
31,bernoulli,1,16,1.0,raw,2,0.4532591851277414,0.5932030979077564,0.3827003587228685,0.8733536616614564
14,bernoulli,1,16,1.0,raw,2,0.4334152129039552,0.5792914496527778,0.3833491009427154,0.8623580101840972
30,bernoulli,1,16,1.0,raw,2,0.4581790921021687,0.5383889399040914,0.4146934955568834,0.8278817453338453
47,bernoulli,1,16,1.0,raw,2,0.456470128740814,0.5377130681818182,0.4317274222122501,0.7942066580198877
15,bernoulli,1,16,1.0,raw,2,0.4413383904342146,0.6061963145143527,0.4314610552214573,0.7952749556523141
43,bernoulli,1,16,1.0,raw,2,0.4553459590852781,0.6008734854888701,0.3930504458012544,0.8513719512195123
29,bernoulli,1,16,1.0,raw,2,0.435449255707819,0.6228356859745499,0.4536347481664868,0.7526832610184973
22,bernoulli,1,16,1.0,raw,2,0.4439408442636996,0.5841657417684055,0.3844759475144678,0.8572887935437736
10,bernoulli,1,16,1.0,raw,2,0.4464649713526816,0.6288976723759332,0.3816984860963109,0.8724768246507377
46,bernoulli,1,16,1.0,raw,2,0.4418106420987591,0.5990081738437001,0.392788010094048,0.8558375908955749
7,bernoulli,1,16,1.0,raw,2,0.4408435779900289,0.5873189462428308,0.400820524585364,0.8389407061958695
34,bernoulli,1,16,1.0,raw,2,0.4495299049492563,0.5963910461397899,0.3929170123220455,0.862007977722586
41,bernoulli,1,16,1.0,raw,2,0.4473256233318866,0.6022087535634717,0.4309228651453861,0.7988347735009165
2,bernoulli,1,16,1.0,raw,2,0.4430381182358648,0.6021690480289207,0.3825038716799692,0.8605632721970685
37,bernoulli,1,16,1.0,raw,2,0.4463214987689127,0.6130021608308742,0.3995444124729286,0.8397222364577461
42,bernoulli,1,16,1.0,raw,2,0.4418327499111433,0.6100521694872121,0.3994674460404636,0.8355950172276703
19,bernoulli,1,16,1.0,raw,2,0.4278443425925117,0.6385000486050354,0.4595317093199322,0.7217973728703344
27,bernoulli,1,16,1.0,raw,2,0.442607325830435,0.6068272005772006,0.4285527069822116,0.7748394863563403
23,bernoulli,1,16,1.0,raw,2,0.4495812653372326,0.5722856203625435,0.439769037924362,0.8231986830441941
38,bernoulli,1,16,1.0,raw,2,0.4384877430737169,0.5888967325534489,0.3736645642681398,0.8782150205761318
45,bernoulli,1,16,1.0,raw,2,0.4413384579613564,0.6545588620090869,0.4890009344673199,0.6135515471932824
25,bernoulli,1,16,1.0,raw,2,0.4407294494524615,0.5753832190399354,0.432396360917927,0.7790236600929599
33,bernoulli,1,16,1.0,raw,2,0.4381035320339002,0.5939811390532544,0.4510957728024442,0.7825429116338207
17,bernoulli,1,16,1.0,raw,2,0.4522815450744994,0.5642163123802573,0.433809089455981,0.7938454795892813
11,bernoulli,1,16,1.0,raw,2,0.4420065553414229,0.6241601343784995,0.4017804285488913,0.8495031181868885
9,bernoulli,1,16,1.0,raw,2,0.4510158748021401,0.5812647134233037,0.3866785779953078,0.8669020143739244
13,bernoulli,1,16,1.0,raw,2,0.4516844541870053,0.5982325581395349,0.3675112413127334,0.8747111437348775
5,bernoulli,1,16,1.0,raw,2,0.4407007943564956,0.6007651841224295,0.6248184178743594,0.6162946661110533
49,bernoulli,1,16,1.0,raw,2,0.456487283013525,0.5467399114572468,0.3807098094996041,0.8747512437810945
21,bernoulli,1,16,1.0,raw,2,0.4410484180134916,0.6532517179108328,0.4427527760656122,0.8433691009480154
1,bernoulli,1,16,1.0,raw,3,0.4515821069862781,0.616952690166976,0.5090955517684115,0.6551603338045966
0,bernoulli,1,16,1.0,raw,8,0.4467727911044939,0.6161034688995215,0.4614973547592068,0.7380439465747521
40,bernoulli,1,16,1.0,raw,3,0.4416722871614708,0.6282952957615278,0.4320689531537186,0.7897530989636252
32,bernoulli,1,16,1.0,raw,3,0.4484008308863194,0.5788241968654706,0.4350122840286919,0.7825314676378505
8,bernoulli,1,16,1.0,raw,3,0.4523054801814711,0.5928705002337541,0.4205591024328743,0.8574313099041534
28,bernoulli,1,16,1.0,raw,3,0.4369829733148149,0.6312648045216821,0.4053768899163658,0.8322837298502048
4,bernoulli,1,16,1.0,raw,3,0.4543694967017954,0.5405311491685282,0.477734593962949,0.7021638054363375
36,bernoulli,1,16,1.0,raw,3,0.448509319548811,0.595895557434019,0.4485211470476141,0.7678369493754108
48,bernoulli,1,16,1.0,raw,3,0.4442187479604854,0.6110840692580488,0.3824865549504518,0.8652498534770533
16,bernoulli,1,16,1.0,raw,3,0.4423955111333639,0.6037553232675184,0.4443534931445615,0.7638998682476943
20,bernoulli,1,16,1.0,raw,3,0.4420896657813177,0.5968445616883117,0.5057016664434173,0.6913156260275474
44,bernoulli,1,16,1.0,raw,3,0.442105777049722,0.6171474358974359,0.449974419608495,0.7822600851916812
12,bernoulli,1,16,1.0,raw,3,0.4326617043627691,0.6266586388162008,0.3814854098338587,0.8653154202583416
24,bernoulli,1,16,1.0,raw,3,0.4498995887468302,0.5827566727863296,0.4262866599016027,0.8015226275917066
18,bernoulli,1,16,1.0,raw,3,0.4502660732969313,0.5947340629800307,0.4261877586698495,0.808920704845815
39,bernoulli,1,16,1.0,raw,3,0.4470232510909415,0.594984802431611,0.430887972867449,0.8217165181904146
26,bernoulli,1,16,1.0,raw,3,0.4440857067393105,0.6049123875562219,0.3860204924025838,0.8740813045475426
6,bernoulli,1,16,1.0,raw,3,0.4504829530464931,0.5618063263041065,0.4136290710896758,0.823826012232725
3,bernoulli,1,16,1.0,raw,3,0.4371623371073244,0.644802250297049,0.4766634380819224,0.7024922118380063
35,bernoulli,1,16,1.0,raw,3,0.4250728769088822,0.6508713385242862,0.4490234116151461,0.7523058574078982
31,bernoulli,1,16,1.0,raw,3,0.4531539381586583,0.5740839209339961,0.3818417521860852,0.8751473376723209
15,bernoulli,1,16,1.0,raw,3,0.4431086432016681,0.5997357022245063,0.4335665995027479,0.804198247594474
30,bernoulli,1,16,1.0,raw,3,0.4577066696280291,0.5415773900622386,0.449814741094343,0.806975390445994
46,bernoulli,1,16,1.0,raw,3,0.4418432553717061,0.6061852073365231,0.3855123293781431,0.8546211445408591
47,bernoulli,1,16,1.0,raw,3,0.458598295121033,0.530279356060606,0.4684740048741616,0.7573434042877851
14,bernoulli,1,16,1.0,raw,3,0.4354369191504927,0.5547688802083334,0.3872411070714378,0.8708055881968926
43,bernoulli,1,16,1.0,raw,3,0.4589329629876674,0.5733774772236311,0.397484668519995,0.85390625
10,bernoulli,1,16,1.0,raw,3,0.4480427982108264,0.6515035942953562,0.3986751371321595,0.849027288157723
22,bernoulli,1,16,1.0,raw,3,0.4440957227033217,0.5926748057713651,0.3906684088429434,0.8510445397895597
7,bernoulli,1,16,1.0,raw,3,0.4400458005617002,0.6089481870321766,0.3851666563226084,0.855583457182391
34,bernoulli,1,16,1.0,raw,3,0.4497819438423546,0.5608040201005025,0.3914647802878057,0.8631996186748953
2,bernoulli,1,16,1.0,raw,3,0.4439576603338235,0.5962914689029339,0.3818224150855952,0.8647839766710154
38,bernoulli,1,16,1.0,raw,3,0.4394831498803337,0.5732906413876564,0.3771946977941519,0.8778613683127572
29,bernoulli,1,16,1.0,raw,3,0.4361465841426116,0.6278886493753332,0.4528843964389756,0.753101925858263
42,bernoulli,1,16,1.0,raw,3,0.4420151182422122,0.616185265300929,0.3981077288080763,0.8338722501987809
27,bernoulli,1,16,1.0,raw,3,0.4432338755440023,0.5953733766233766,0.4336707416259162,0.7758560727661851
23,bernoulli,1,16,1.0,raw,3,0.4484889529280669,0.5808913308913308,0.4131464091018302,0.8270229200962391
19,bernoulli,1,16,1.0,raw,3,0.4302232696612788,0.6114270438417421,0.4503511502517744,0.7621407205098193
41,bernoulli,1,16,1.0,raw,3,0.4489305483930272,0.583570898114654,0.4391994507090463,0.7945142707515056
17,bernoulli,1,16,1.0,raw,3,0.4522400303917909,0.5655962047258462,0.4312304796417303,0.786701728024042
37,bernoulli,1,16,1.0,raw,3,0.4468454944766758,0.6095169497432561,0.4128438181407498,0.8348664992569057
25,bernoulli,1,16,1.0,raw,3,0.4435929846681427,0.5656262605889472,0.449961736164896,0.7794832068485597
11,bernoulli,1,16,1.0,raw,3,0.4421283756533836,0.6333286674132139,0.4020984420342516,0.8408837397961771
45,bernoulli,1,16,1.0,raw,3,0.4445555092036549,0.6512167273246271,0.4877321741902896,0.5892681283367025
33,bernoulli,1,16,1.0,raw,3,0.437429575701579,0.594790125739645,0.4612668202597514,0.7594532739987288
9,bernoulli,1,16,1.0,raw,3,0.4511920544623924,0.5997482693517936,0.3821653423296084,0.8695718190100212
21,bernoulli,1,16,1.0,raw,3,0.436258478847402,0.6755552428527873,0.3670745838319066,0.8848057089280132
13,bernoulli,1,16,1.0,raw,3,0.4520116149983981,0.593906976744186,0.3858678106176403,0.847837316151483
49,bernoulli,1,16,1.0,raw,3,0.456504763060265,0.579560994831143,0.3808088415806898,0.872400497512438
5,bernoulli,1,16,1.0,raw,3,0.4378223764148286,0.6326877092300335,0.4891936208679065,0.6897072611730388
1,bernoulli,1,16,1.0,raw,4,0.4530764257769691,0.6224721706864563,0.4790721070930698,0.6528457217210706
0,bernoulli,1,16,1.0,raw,9,0.4484676716453756,0.6386562998405103,0.4338554245685173,0.7681225764756572
40,bernoulli,1,16,1.0,raw,4,0.4421880937713842,0.6536329762459245,0.4348851981166549,0.7832630562893721
28,bernoulli,1,16,1.0,raw,4,0.4372485494082486,0.6468256760242971,0.405614649518621,0.8325169750686776
36,bernoulli,1,16,1.0,raw,4,0.4493537036693455,0.5792007138160985,0.4372685365101152,0.7874161735700198
16,bernoulli,1,16,1.0,raw,4,0.4474102436123773,0.5827768099109563,0.4576867448383015,0.7961854570550222
4,bernoulli,1,16,1.0,raw,4,0.4568162232932399,0.5340034748076445,0.5346081286522724,0.6250127733496832
20,bernoulli,1,16,1.0,raw,4,0.4436738835454052,0.6074979707792207,0.4747851168052534,0.6879056909380976
32,bernoulli,1,16,1.0,raw,4,0.449592037181491,0.5865541450960926,0.4749324625086703,0.7127084531339849
48,bernoulli,1,16,1.0,raw,4,0.4442117873916515,0.5927033354194191,0.40068251972022,0.8376270927299136
44,bernoulli,1,16,1.0,raw,4,0.4422417388379479,0.5888507326007326,0.4243926406699564,0.8130418441493361
8,bernoulli,1,16,1.0,raw,4,0.4520826848050343,0.5730014025245442,0.4021283285959571,0.8624153354632587
12,bernoulli,1,16,1.0,raw,4,0.4338790023979583,0.6029919181159252,0.3920362728096648,0.8619114182910097
18,bernoulli,1,16,1.0,raw,4,0.4490991184327046,0.6097830261136713,0.422007645840556,0.8012507866582755
24,bernoulli,1,16,1.0,raw,4,0.4509820910511838,0.5583957068210705,0.4130976970613033,0.8272777113237639
39,bernoulli,1,16,1.0,raw,4,0.4447030364034763,0.602675693101225,0.4538463080216622,0.7861071019758126
6,bernoulli,1,16,1.0,raw,4,0.4512047528594447,0.5459211986681466,0.4232908966384634,0.8220315422332306
26,bernoulli,1,16,1.0,raw,4,0.4438449032806194,0.5941248125937031,0.3768064974687815,0.8713953963150104
31,bernoulli,1,16,1.0,raw,4,0.4533340859611425,0.5759796555311525,0.379814004427749,0.8628222210833802
35,bernoulli,1,16,1.0,raw,4,0.4403414246620449,0.6295019157088123,0.4733544386968182,0.7494964219454014
3,bernoulli,1,16,1.0,raw,4,0.4373610820927063,0.6497247750915396,0.4743409673321546,0.7145670811771067
30,bernoulli,1,16,1.0,raw,4,0.458221093075091,0.5512192633404753,0.4118600968253597,0.8286744033390718
47,bernoulli,1,16,1.0,raw,4,0.4570941718713669,0.5407315340909091,0.4436908608639903,0.794740723786272
43,bernoulli,1,16,1.0,raw,4,0.4569350573391352,0.5747863247863247,0.3982996795748303,0.8529979674796749
15,bernoulli,1,16,1.0,raw,4,0.4406535389633327,0.5907055282284708,0.4245619507865661,0.7921706176423158
46,bernoulli,1,16,1.0,raw,4,0.4426767749383908,0.5811777312599682,0.3962818060483657,0.8458762468575136
14,bernoulli,1,16,1.0,raw,4,0.4342222212645485,0.5726182725694444,0.3847770301948698,0.8704269486878182
22,bernoulli,1,16,1.0,raw,4,0.4440213609467167,0.6211154273029966,0.3841214863647186,0.8618730207375626
10,bernoulli,1,16,1.0,raw,4,0.4460589527247241,0.629498647805284,0.3800782630034114,0.869656613134874
34,bernoulli,1,16,1.0,raw,4,0.4493925007368855,0.5698035632709,0.3903693888722399,0.8631745314969519
7,bernoulli,1,16,1.0,raw,4,0.4418342001179918,0.5705259064839117,0.3891031757218277,0.8563906113872803
2,bernoulli,1,16,1.0,raw,4,0.4464387371404436,0.5813884858470846,0.387987502371186,0.8663955183792496
42,bernoulli,1,16,1.0,raw,4,0.4426415804483334,0.598422191118463,0.398246064665341,0.8340312748476014
38,bernoulli,1,16,1.0,raw,4,0.4387397231286808,0.576517749092376,0.3776736710696539,0.8756944444444444
23,bernoulli,1,16,1.0,raw,4,0.4497461125957008,0.5799990607682916,0.4384039837893327,0.8166392300873749
19,bernoulli,1,16,1.0,raw,4,0.4283399606104195,0.6187421016817343,0.4722443827481305,0.7093510209390038
27,bernoulli,1,16,1.0,raw,4,0.4436874520183171,0.6038510101010102,0.4680835118263143,0.7249197431781702
11,bernoulli,1,16,1.0,raw,4,0.4436237034589277,0.6354283314669652,0.404069919739328,0.8459286112660346
29,bernoulli,1,16,1.0,raw,4,0.4367571211661765,0.6193588762951117,0.444803934650248,0.7628834589327852
37,bernoulli,1,16,1.0,raw,4,0.4466137696046525,0.6064499639861521,0.4044547394751043,0.8398247322297956
41,bernoulli,1,16,1.0,raw,4,0.4480196331758735,0.5723833936228828,0.4381395331841513,0.7888452474469757
17,bernoulli,1,16,1.0,raw,4,0.4511157905101542,0.5653453152084664,0.4419747464206722,0.7788880540946657
25,bernoulli,1,16,1.0,raw,4,0.4409242547179618,0.5865520371117385,0.4430619304953052,0.746619048869515
45,bernoulli,1,16,1.0,raw,4,0.4408618980063766,0.6406669996907635,0.501567232103693,0.6218058363136889
33,bernoulli,1,16,1.0,raw,4,0.4361930638133493,0.5887342825443787,0.4340986113498167,0.7815511760966306
9,bernoulli,1,16,1.0,raw,4,0.4532960042882999,0.5907046127310445,0.3898344432507312,0.8587787225427675
21,bernoulli,1,16,1.0,raw,4,0.4362093757908199,0.65379113018598,0.3796598275229826,0.8771747056985103
5,bernoulli,1,16,1.0,raw,4,0.4383209904079976,0.6412003825920611,0.4708726981116634,0.6738983227419523
13,bernoulli,1,16,1.0,raw,4,0.4525530922023424,0.5910697674418605,0.3755774423131456,0.866460049479379
49,bernoulli,1,16,1.0,raw,4,0.4560341840623621,0.5753888232158172,0.377145629113763,0.8703358208955224
1,bernoulli,1,16,1.0,raw,5,0.4523260208634916,0.6196892393320965,0.5122602087877441,0.6735521163061292
0,bernoulli,1,16,1.0,raw,10,0.4561305993756508,0.6427183014354066,0.4595516189683643,0.762319582076691
40,bernoulli,1,16,1.0,raw,5,0.4434323355849168,0.6341173730787146,0.4387816491354431,0.7811166429587482
28,bernoulli,1,16,1.0,raw,5,0.4376065431018941,0.6438706348647951,0.4072213664283682,0.8320634426994247
4,bernoulli,1,16,1.0,raw,5,0.4544904786697872,0.5401588483494664,0.4927153103625445,0.6496781115879828
36,bernoulli,1,16,1.0,raw,5,0.4474755173651031,0.6073541842772612,0.4197070969744825,0.806535174227482
48,bernoulli,1,16,1.0,raw,5,0.4448495097670116,0.5373988827851564,0.3888994825241028,0.8666258950640877
16,bernoulli,1,16,1.0,raw,5,0.4427372773376403,0.5845189701897019,0.4286078326908259,0.7938515590689503
18,bernoulli,1,16,1.0,raw,5,0.449320823019266,0.6043106758832565,0.4180160566992265,0.8041876442206839
44,bernoulli,1,16,1.0,raw,5,0.4439781005673779,0.5909340659340659,0.4551047288706805,0.7980581307942872
8,bernoulli,1,16,1.0,raw,5,0.4540314979234851,0.5698457223001403,0.4427928245550593,0.8614313099041534
20,bernoulli,1,16,1.0,raw,5,0.4436055646816497,0.6026785714285715,0.5069088745557211,0.6947377394566024
39,bernoulli,1,16,1.0,raw,5,0.4483577604209914,0.5886985355070461,0.4328345103812759,0.8253993928233714
32,bernoulli,1,16,1.0,raw,5,0.4495189327213895,0.5794860884570835,0.4735274994164843,0.7053734585649479
6,bernoulli,1,16,1.0,raw,5,0.4512810017775463,0.5481178320384757,0.4248739076540295,0.822044179345903
12,bernoulli,1,16,1.0,raw,5,0.4333983487940969,0.6066276080865154,0.405210467122923,0.8400119075353991
31,bernoulli,1,16,1.0,raw,5,0.4527689751872585,0.5882094555542712,0.38066416897486,0.8757366883616051
24,bernoulli,1,16,1.0,raw,5,0.4523608901181083,0.5511227227792684,0.4466048277594832,0.8182441188197768
26,bernoulli,1,16,1.0,raw,5,0.4447428925221309,0.5928129685157421,0.3957667880422421,0.8738324911958352
30,bernoulli,1,16,1.0,raw,5,0.4582824046565537,0.5458371594735232,0.4224472403455244,0.8170693947313014
35,bernoulli,1,16,1.0,raw,5,0.4266743873044185,0.6578420467185763,0.4380954879148311,0.7852637158759608
47,bernoulli,1,16,1.0,raw,5,0.4569817866759028,0.5232717803030303,0.4310435657941829,0.7929350728618296
3,bernoulli,1,16,1.0,raw,5,0.434177572680225,0.6359029074419845,0.4998735774669357,0.7148374140727582
43,bernoulli,1,16,1.0,raw,5,0.4541777188009152,0.5907767446228984,0.3932011722764054,0.8529217479674798
15,bernoulli,1,16,1.0,raw,5,0.4405569497444912,0.6065633947580942,0.4253239757214512,0.7989437187550394
46,bernoulli,1,16,1.0,raw,5,0.4423385328485769,0.5908094098883573,0.3880151539158621,0.8505528072878652
22,bernoulli,1,16,1.0,raw,5,0.4448598434972605,0.5687893081761006,0.3861690814862395,0.8586295842271938
14,bernoulli,1,16,1.0,raw,5,0.4353035559354978,0.5581868489583334,0.3850128038246583,0.8685076380728555
34,bernoulli,1,16,1.0,raw,5,0.4487364958481849,0.5616491548652354,0.3914468892637388,0.8587215574120067
10,bernoulli,1,16,1.0,raw,5,0.446009759294751,0.644476804659871,0.3868196914406223,0.863689776733255
2,bernoulli,1,16,1.0,raw,5,0.4475206039789449,0.5730762609743502,0.3906560313296883,0.8630189548000919
7,bernoulli,1,16,1.0,raw,5,0.4409540949455605,0.5962136677359775,0.3940874568590107,0.8545969353764157
42,bernoulli,1,16,1.0,raw,5,0.4424711059307144,0.6185010815625398,0.3996458989639651,0.8355155049032601
23,bernoulli,1,16,1.0,raw,5,0.4498443062644028,0.5924908424908425,0.4197063513958033,0.8161960238065088
38,bernoulli,1,16,1.0,raw,5,0.4385976305641467,0.5738705123033481,0.3752599848105676,0.8790123456790124
27,bernoulli,1,16,1.0,raw,5,0.4420393227102666,0.5914502164502164,0.4469775975766626,0.7528089887640449
19,bernoulli,1,16,1.0,raw,5,0.4285055202798456,0.6097015650821425,0.439689132047551,0.7651190011705034
11,bernoulli,1,16,1.0,raw,5,0.4445046911367541,0.651875699888018,0.4068573849464302,0.8523297672767834
41,bernoulli,1,16,1.0,raw,5,0.4491773835085033,0.5964113743621685,0.4440259585825378,0.7860565593087196
37,bernoulli,1,16,1.0,raw,5,0.4469114675514032,0.5984339784846303,0.4031374426703157,0.837076564341721
17,bernoulli,1,16,1.0,raw,5,0.4529440781715845,0.5734193960405072,0.4367492569587907,0.7981467568244429
25,bernoulli,1,16,1.0,raw,5,0.4430600975349242,0.5706938281565146,0.446364014589986,0.7771723431632572
29,bernoulli,1,16,1.0,raw,5,0.4364094766783671,0.6166933222075424,0.5006996564407191,0.7101316891223262
45,bernoulli,1,16,1.0,raw,5,0.4494902080831441,0.6171055448512096,0.4897310020730559,0.601772663660395
9,bernoulli,1,16,1.0,raw,5,0.4592942672943562,0.5662774164976809,0.4846880424196416,0.8232361575058204
33,bernoulli,1,16,1.0,raw,5,0.4358959937076279,0.5925249630177515,0.4369858036135893,0.776567069294342
21,bernoulli,1,16,1.0,raw,5,0.4378160459114807,0.6354276601233613,0.3692649147660573,0.8835686008959267
5,bernoulli,1,16,1.0,raw,5,0.4395501262843827,0.6321855571496892,0.5174353348601108,0.6783258672778415
13,bernoulli,1,16,1.0,raw,5,0.4514013590272077,0.6018139534883722,0.3691058268620159,0.8751733137590736
49,bernoulli,1,16,1.0,raw,5,0.4568532287273978,0.55686901699001,0.3844345914966032,0.8637810945273632
1,bernoulli,1,16,1.0,raw,6,0.4528259573095768,0.6227504638218924,0.5134905651065216,0.6846372314737197
0,bernoulli,1,16,1.0,raw,11,0.4494122295847904,0.6297846889952152,0.4304270016179391,0.761861805256355
40,bernoulli,1,16,1.0,raw,6,0.4446280221576308,0.6347461574289707,0.44345684912568,0.7858285917496444
28,bernoulli,1,16,1.0,raw,6,0.4384897820533852,0.6258355027087877,0.4079761695552387,0.8310267972839891
18,bernoulli,1,16,1.0,raw,6,0.4502334413083542,0.6067588325652843,0.4398584827510121,0.794013530522341
39,bernoulli,1,16,1.0,raw,6,0.4464258697972976,0.6087316938380768,0.4161348127386687,0.8296670482257502
16,bernoulli,1,16,1.0,raw,6,0.4430895080664679,0.5834543166860241,0.4529621061671439,0.7557312252964428
48,bernoulli,1,16,1.0,raw,6,0.4443682480686761,0.5905708921493638,0.386385706823239,0.8674413271156639
4,bernoulli,1,16,1.0,raw,6,0.4553486916081028,0.5417721518987341,0.4835689513668669,0.6692979767014101
6,bernoulli,1,16,1.0,raw,6,0.4508741478093625,0.5588004069552348,0.418753039647927,0.8215892432896932
36,bernoulli,1,16,1.0,raw,6,0.4486562441269019,0.5954611627688551,0.4238960633563726,0.8055095332018408
44,bernoulli,1,16,1.0,raw,6,0.44133236359519,0.5891483516483517,0.4281242544627137,0.8072538210974692
31,bernoulli,1,16,1.0,raw,6,0.4567226770201503,0.580349092590452,0.3911947101307037,0.8726233792856044
20,bernoulli,1,16,1.0,raw,6,0.4447606163741286,0.6151075487012987,0.4775635570648719,0.6675678637974499
8,bernoulli,1,16,1.0,raw,6,0.453913561553634,0.5563113604488078,0.4413732499471717,0.8621597444089456
26,bernoulli,1,16,1.0,raw,6,0.4441212565175446,0.6077351949025487,0.376005275670284,0.875414688919512
30,bernoulli,1,16,1.0,raw,6,0.4585769955695477,0.5401234567901234,0.4128913691720599,0.8347184206289245
32,bernoulli,1,16,1.0,raw,6,0.4485267450668129,0.5662009786539962,0.4311233977367947,0.7839371286179796
35,bernoulli,1,16,1.0,raw,6,0.426571296768868,0.6400939315288592,0.4427178400552294,0.7886032335011928
47,bernoulli,1,16,1.0,raw,6,0.4572941276756342,0.5376420454545454,0.4515224267410515,0.7509091833880115
12,bernoulli,1,16,1.0,raw,6,0.433890129726756,0.6235092513257532,0.3871288052175728,0.854042090549041
46,bernoulli,1,16,1.0,raw,6,0.4424712574778165,0.6076804226475279,0.3935204010598441,0.848620009190928
15,bernoulli,1,16,1.0,raw,6,0.4410027710736724,0.6035043927269168,0.4293949171441508,0.8013492447454712
3,bernoulli,1,16,1.0,raw,6,0.4350142194079112,0.6412134144862873,0.4601036546891571,0.731945624468989
43,bernoulli,1,16,1.0,raw,6,0.4556706872385728,0.5905419366957829,0.396948200143476,0.8527566056910569
24,bernoulli,1,16,1.0,raw,6,0.4507350210355182,0.5770606788118439,0.4188358368365517,0.8123255582137161
22,bernoulli,1,16,1.0,raw,6,0.444934919130921,0.5843507214206437,0.3873453939325271,0.8526790274798242
34,bernoulli,1,16,1.0,raw,6,0.4498661352101927,0.5627227044312472,0.3892155587499289,0.8637139058227341
14,bernoulli,1,16,1.0,raw,6,0.434396070202594,0.5831705729166667,0.3864577983156735,0.8697088392740567
10,bernoulli,1,16,1.0,raw,6,0.4479986622153897,0.6294755333656935,0.3883968894886979,0.8599686643164903
2,bernoulli,1,16,1.0,raw,6,0.4446518665655026,0.5820770725229324,0.3919717651277985,0.8516358427339933
42,bernoulli,1,16,1.0,raw,6,0.4430021283526992,0.6061967171395852,0.3988005349295787,0.832626557116353
23,bernoulli,1,16,1.0,raw,6,0.4500169711091684,0.5755142293603832,0.4160219290528816,0.8201595542611118
7,bernoulli,1,16,1.0,raw,6,0.4420634752907573,0.5759210654223776,0.397466786034596,0.8582099113411572
19,bernoulli,1,16,1.0,raw,6,0.4282947510042505,0.6234810926411976,0.442031400780974,0.7593445181428015
27,bernoulli,1,16,1.0,raw,6,0.4416879244702886,0.612666847041847,0.4397232242866537,0.7709470304975923
38,bernoulli,1,16,1.0,raw,6,0.4383001843610685,0.6046540943929003,0.3779820447825247,0.8715663580246913
11,bernoulli,1,16,1.0,raw,6,0.4455735294851358,0.6396509891750652,0.4068996114069915,0.8360923794554581
41,bernoulli,1,16,1.0,raw,6,0.4484803807295674,0.6171933018709724,0.4353262338162851,0.7878764074365017
37,bernoulli,1,16,1.0,raw,6,0.4471305743225386,0.5926717628197681,0.4069215652376169,0.8322272331266335
25,bernoulli,1,16,1.0,raw,6,0.4401229331475318,0.5740217829770069,0.4698387059713877,0.7429032851028072
17,bernoulli,1,16,1.0,raw,6,0.4524250708499913,0.5720052914880029,0.4223054350120443,0.8082143751565238
45,bernoulli,1,16,1.0,raw,6,0.4453707372497275,0.6270605865981588,0.4891226880754698,0.5737573213082465
33,bernoulli,1,16,1.0,raw,6,0.4360801272039625,0.5905371671597633,0.4281121593136835,0.7931468531468531
9,bernoulli,1,16,1.0,raw,6,0.4528521999123321,0.5917068736451996,0.3830879738357675,0.8694832472922361
29,bernoulli,1,16,1.0,raw,6,0.4356069822703727,0.6473587835801868,0.4842681151562893,0.7074928319504707
21,bernoulli,1,16,1.0,raw,6,0.4365605417479365,0.6471071085156781,0.3728443814480845,0.8834253568080007
5,bernoulli,1,16,1.0,raw,6,0.438408436399883,0.6263151602104255,0.4864847934341897,0.7081597041358476
13,bernoulli,1,16,1.0,raw,6,0.4517598470006271,0.5867209302325582,0.3671711654276366,0.8672824402577278
49,bernoulli,1,16,1.0,raw,6,0.4572946490434558,0.5593491412280092,0.3783724652896362,0.8744527363184078
1,bernoulli,1,16,1.0,raw,7,0.4527593650207394,0.624582560296846,0.4830060040246878,0.694996684474583
0,bernoulli,1,16,1.0,raw,12,0.448630304126096,0.6376470295055822,0.4307728498080537,0.771138517880224
40,bernoulli,1,16,1.0,raw,7,0.4446600099002897,0.6328132277596645,0.4403645029487138,0.7870859581385897
18,bernoulli,1,16,1.0,raw,7,0.4499681772794959,0.5950220814132104,0.4325050053554925,0.8048431927837214
39,bernoulli,1,16,1.0,raw,7,0.4469326228890704,0.6073040434742563,0.4368073225196203,0.8181207385656697
6,bernoulli,1,16,1.0,raw,7,0.4511975367790818,0.5485340362560118,0.4157023436781479,0.8199337815295962
28,bernoulli,1,16,1.0,raw,7,0.4387188010792798,0.6375384038087196,0.4066892413448973,0.8328279686933084
30,bernoulli,1,16,1.0,raw,7,0.457906406783432,0.5373686358534844,0.4376315361925171,0.8083996977991356
26,bernoulli,1,16,1.0,raw,7,0.4445542689901792,0.5934688905547226,0.3853966819461983,0.8696983616597764
16,bernoulli,1,16,1.0,raw,7,0.4471319240314428,0.5616531165311653,0.4584639987945083,0.7854131375870506
36,bernoulli,1,16,1.0,raw,7,0.4479101609341614,0.5977505400582324,0.425468872692302,0.788310322156476
48,bernoulli,1,16,1.0,raw,7,0.4443404815776832,0.5928192290754004,0.3865890478086086,0.8622302066610606
31,bernoulli,1,16,1.0,raw,7,0.4530633522717152,0.5694832967287019,0.3787665945452753,0.864487777379183
4,bernoulli,1,16,1.0,raw,7,0.4554902367733696,0.5254653760238273,0.4956772625416351,0.62575362763131
35,bernoulli,1,16,1.0,raw,7,0.4256436886934644,0.6630329996292176,0.4424725877223747,0.77520540683806
44,bernoulli,1,16,1.0,raw,7,0.4410472524028251,0.595169413919414,0.4366057828173794,0.7809070408418942
46,bernoulli,1,16,1.0,raw,7,0.4433713734889556,0.5916193181818182,0.392200003192888,0.8478090449544509
15,bernoulli,1,16,1.0,raw,7,0.4412097662394708,0.604666813498764,0.4444536996248647,0.79093425791539
47,bernoulli,1,16,1.0,raw,7,0.4570247617081676,0.5299005681818182,0.4396654929839995,0.7734289565372192
43,bernoulli,1,16,1.0,raw,7,0.4537027227714787,0.5781910397295013,0.3983280181064611,0.8398119918699188
20,bernoulli,1,16,1.0,raw,7,0.4447989262949554,0.5884993912337662,0.4900948527306141,0.7303228477829333
8,bernoulli,1,16,1.0,raw,7,0.4535714120913139,0.5709677419354838,0.4331530143848672,0.850300319488818
32,bernoulli,1,16,1.0,raw,7,0.4483594221669112,0.5883507079876132,0.4314934319894706,0.7836304389495878
3,bernoulli,1,16,1.0,raw,7,0.4337520654008045,0.6354179296297194,0.486356864600897,0.7098040730156279
22,bernoulli,1,16,1.0,raw,7,0.4447446347846322,0.5838651498335183,0.3863914916061845,0.862703034017775
34,bernoulli,1,16,1.0,raw,7,0.4486248402599221,0.5748058474189128,0.3948298731042118,0.8549961114874188
12,bernoulli,1,16,1.0,raw,7,0.4338601471060193,0.6179746659565107,0.3907236165495162,0.84843778312754
24,bernoulli,1,16,1.0,raw,7,0.4527637751909742,0.5833451019159253,0.4560249041158457,0.8225677830940988
14,bernoulli,1,16,1.0,raw,7,0.4358407641312858,0.5445963541666667,0.3842170212355012,0.8660660660660662
2,bernoulli,1,16,1.0,raw,7,0.4442160811530256,0.5999065489511349,0.3836949356782822,0.8636456654644054
42,bernoulli,1,16,1.0,raw,7,0.4436063204788442,0.5842219111846291,0.3961316310668216,0.8362311158229526
23,bernoulli,1,16,1.0,raw,7,0.4501327338757966,0.5616370808678501,0.4166059111964175,0.8274534633405091
10,bernoulli,1,16,1.0,raw,7,0.4463223501266203,0.6222869426530754,0.3840971818850859,0.8746311528920225
7,bernoulli,1,16,1.0,raw,7,0.4408563547607239,0.5903810634781763,0.3897641997121082,0.857031209962589
38,bernoulli,1,16,1.0,raw,7,0.439075239682253,0.5750554659136748,0.3796618684507901,0.8749871399176956
19,bernoulli,1,16,1.0,raw,7,0.4371720515392291,0.6057645572081269,0.4892893950420356,0.7013265704252829
27,bernoulli,1,16,1.0,raw,7,0.443378397663736,0.6024080086580087,0.446660394422893,0.7744649545211344
11,bernoulli,1,16,1.0,raw,7,0.4458409570178814,0.6348917506532288,0.4047389723104281,0.8406175531105815
41,bernoulli,1,16,1.0,raw,7,0.4480415011335604,0.5913326785329277,0.430182137588494,0.7879025923016496
25,bernoulli,1,16,1.0,raw,7,0.4420587898270207,0.5764673255344896,0.4369054739751268,0.7796145059215882
37,bernoulli,1,16,1.0,raw,7,0.4486001274747748,0.5908129835730384,0.4178157954346394,0.8386460308512274
17,bernoulli,1,16,1.0,raw,7,0.4527929832564791,0.5724614542468753,0.4355240033221469,0.7978712747307788
45,bernoulli,1,16,1.0,raw,7,0.4540547500600069,0.626204238921002,0.4950654644255514,0.5901363188721297
9,bernoulli,1,16,1.0,raw,7,0.4538219944925162,0.5760902500990607,0.3881153742507273,0.8633717987650573
33,bernoulli,1,16,1.0,raw,7,0.4401268266641575,0.5755593565088758,0.4780444258072142,0.7558296249205341
29,bernoulli,1,16,1.0,raw,7,0.4371874408026567,0.6063787868252092,0.4789735121421496,0.7481160082210551
21,bernoulli,1,16,1.0,raw,7,0.4374221664403213,0.6338328760055347,0.3741040255029431,0.8760417751849151
49,bernoulli,1,16,1.0,raw,7,0.4571731868649325,0.5674616971466981,0.37704383667837,0.8681840796019902
13,bernoulli,1,16,1.0,raw,7,0.4521146889402803,0.5792325581395349,0.3722535130390747,0.8743577195987275
5,bernoulli,1,16,1.0,raw,7,0.4383372571930322,0.6300573888091823,0.4722243455842219,0.6964136889259297
1,bernoulli,1,16,1.0,raw,8,0.4532239740077602,0.6043367346938775,0.4960525375428963,0.7080085578090007
0,bernoulli,1,16,1.0,raw,13,0.4480670761436622,0.6103219696969697,0.436622659556278,0.7638948728996123
39,bernoulli,1,16,1.0,raw,8,0.445816140051308,0.6023302938196555,0.4368102392404782,0.7874632956751108
18,bernoulli,1,16,1.0,raw,8,0.4499279063807983,0.5984062980030722,0.4328594347572981,0.7878382630585273
40,bernoulli,1,16,1.0,raw,8,0.442890658887484,0.646856078248719,0.4364880711781511,0.7804181060760007
6,bernoulli,1,16,1.0,raw,8,0.4507138292744506,0.5458055863854976,0.4289570408332748,0.8181266744174291
30,bernoulli,1,16,1.0,raw,8,0.4583031326516495,0.5545352515049485,0.4189810215241257,0.8256276241314822
26,bernoulli,1,16,1.0,raw,8,0.4440532413835562,0.6107805472263867,0.3802247849480299,0.8635864849691216
35,bernoulli,1,16,1.0,raw,8,0.4284457035795719,0.6549746632060314,0.424238085789089,0.7944871455075536
31,bernoulli,1,16,1.0,raw,8,0.4556218938368422,0.5730898162062189,0.3905073560945011,0.8724824475990365
28,bernoulli,1,16,1.0,raw,8,0.4380469989861479,0.6407279720443726,0.4091371318383209,0.8268931736899393
46,bernoulli,1,16,1.0,raw,8,0.4426066524944255,0.6034439792663477,0.3935895767081528,0.8478631092368827
47,bernoulli,1,16,1.0,raw,8,0.4569122616019073,0.5368371212121212,0.4303996686665596,0.7922738485796393
15,bernoulli,1,16,1.0,raw,8,0.4405158184948036,0.5978268849570516,0.4438208980069271,0.7900876202762995
36,bernoulli,1,16,1.0,raw,8,0.4488073870430452,0.5931717854794778,0.4292834376140348,0.7970545693622616
43,bernoulli,1,16,1.0,raw,8,0.4564116100295602,0.5655348924579695,0.4035262535741265,0.8499237804878049
16,bernoulli,1,16,1.0,raw,8,0.4432482979392707,0.5794134727061557,0.4277842766903209,0.7936633414894284
48,bernoulli,1,16,1.0,raw,8,0.4453525357904532,0.5346406137728021,0.4215654544429875,0.858885661137018
3,bernoulli,1,16,1.0,raw,8,0.4349083432284728,0.6434685613133199,0.4455334299390993,0.7607811333384826
4,bernoulli,1,16,1.0,raw,8,0.4552516360895042,0.5446016381236038,0.4966406323449574,0.6589643368076844
44,bernoulli,1,16,1.0,raw,8,0.4413158189081228,0.5845695970695971,0.423447028893941,0.8096467050864445
20,bernoulli,1,16,1.0,raw,8,0.4440797507407077,0.6234527191558441,0.4645415854691625,0.714661503050674
22,bernoulli,1,16,1.0,raw,8,0.445471450813533,0.5828477617462079,0.3885870030963599,0.8614260905097559
8,bernoulli,1,16,1.0,raw,8,0.4527544117559361,0.5688172043010753,0.4153788891982451,0.8637571884984026
32,bernoulli,1,16,1.0,raw,8,0.4487959157145048,0.5819918209110465,0.4384225756877759,0.7857644878921475
34,bernoulli,1,16,1.0,raw,8,0.4520463272043412,0.578620374600274,0.3955821403079341,0.8639146032462808
42,bernoulli,1,16,1.0,raw,8,0.4439615034380751,0.5852144038681766,0.4008423280929383,0.8246885767293931
14,bernoulli,1,16,1.0,raw,8,0.4346581702412438,0.5668809678819444,0.3936838737850087,0.8526308917613266
2,bernoulli,1,16,1.0,raw,8,0.4450838271491082,0.5765929714974302,0.3859755763680328,0.8559972373570716
23,bernoulli,1,16,1.0,raw,8,0.4501965371733783,0.559876021414483,0.4125801398718013,0.8235532480688867
38,bernoulli,1,16,1.0,raw,8,0.438958937082236,0.5686012505042355,0.3776131025988955,0.8781249999999999
10,bernoulli,1,16,1.0,raw,8,0.4477282800693912,0.606615352610776,0.3846795038961805,0.86653610131871
12,bernoulli,1,16,1.0,raw,8,0.4334960690004428,0.6217956140147745,0.3815329635085469,0.8652248194455231
7,bernoulli,1,16,1.0,raw,8,0.4408372232677746,0.5889715174492077,0.3881341866774325,0.8578896120535029
27,bernoulli,1,16,1.0,raw,8,0.4426465458854848,0.5929608585858586,0.4374390457470472,0.7563402889245586
19,bernoulli,1,16,1.0,raw,8,0.4284538419237632,0.6142461358996794,0.4431029599173759,0.7591884510339447
24,bernoulli,1,16,1.0,raw,8,0.4513947568006662,0.5776726451066233,0.4115725451310186,0.8238387161084529
11,bernoulli,1,16,1.0,raw,8,0.4458211035551391,0.6487728630085853,0.4128226124046861,0.8379683618110836
41,bernoulli,1,16,1.0,raw,8,0.4491511418426278,0.6001485278968929,0.4377468298400211,0.7891856506938989
17,bernoulli,1,16,1.0,raw,8,0.4522522216065405,0.5780038317671745,0.4355413838540746,0.7849987478086652
37,bernoulli,1,16,1.0,raw,8,0.4466478003632314,0.618857315458073,0.4064687543393757,0.8309332240045098
25,bernoulli,1,16,1.0,raw,8,0.4414154321846393,0.5855435659540137,0.4447386708577643,0.7696882960006304
45,bernoulli,1,16,1.0,raw,8,0.4461679440343386,0.6458288731891816,0.4873147630892167,0.5891774218628518
33,bernoulli,1,16,1.0,raw,8,0.4366393479447827,0.5931721523668638,0.4395795343635644,0.7876541640178004
9,bernoulli,1,16,1.0,raw,8,0.4544379844196011,0.5506374845581894,0.3905310517822114,0.8499088976617066
29,bernoulli,1,16,1.0,raw,8,0.4372823548503028,0.6250144867069977,0.450287749426299,0.7464286620486666
13,bernoulli,1,16,1.0,raw,8,0.4522623697184488,0.572767441860465,0.3996552576179064,0.8642171655384281
49,bernoulli,1,16,1.0,raw,8,0.4576399572408526,0.5620378740467746,0.3768760918685254,0.8723631840796021
21,bernoulli,1,16,1.0,raw,8,0.4369721293498442,0.651070616102629,0.3739429516759117,0.8847275757891446
5,bernoulli,1,16,1.0,raw,8,0.4377749464659674,0.6488043998087041,0.5080314750982972,0.6803573288884257
1,bernoulli,1,16,1.0,raw,9,0.4529072633022732,0.6137059369202226,0.4936046784855447,0.6888535788907378
39,bernoulli,1,16,1.0,raw,9,0.447794256191422,0.5781062908722483,0.4122581213491795,0.8282237595182401
18,bernoulli,1,16,1.0,raw,9,0.4496555029624074,0.6125672043010753,0.4205665430426513,0.8035058737151248
6,bernoulli,1,16,1.0,raw,9,0.4518533489374612,0.552649833518313,0.4170689746634797,0.8218419855431431
0,bernoulli,1,16,1.0,raw,14,0.4531796192267321,0.632899720893142,0.4502156515760862,0.7683514648858251
30,bernoulli,1,16,1.0,raw,9,0.4580664363342699,0.5474186307519641,0.419371132868349,0.8283152301804535
40,bernoulli,1,16,1.0,raw,9,0.4436201933274962,0.6308453656264555,0.4357081230250375,0.7819167852062588
31,bernoulli,1,16,1.0,raw,9,0.4545071994874339,0.5637729742226332,0.3893918983135878,0.8664608209911341
26,bernoulli,1,16,1.0,raw,9,0.4447540160807819,0.6078757496251874,0.3842751916148935,0.8759123156229265
35,bernoulli,1,16,1.0,raw,9,0.4266007961646697,0.6445186009145965,0.4611972949560345,0.7666313278558177
47,bernoulli,1,16,1.0,raw,9,0.4571050274631923,0.5405776515151516,0.4403411877818638,0.7952112102947534
15,bernoulli,1,16,1.0,raw,9,0.4415680917762418,0.6034309766781686,0.4315157230613424,0.8063215610385421
46,bernoulli,1,16,1.0,raw,9,0.4430567847340805,0.5787480063795853,0.3908459229397077,0.8551212391533534
3,bernoulli,1,16,1.0,raw,9,0.4455414902711012,0.6197046485123305,0.4890261042400542,0.7183839242038053
43,bernoulli,1,16,1.0,raw,9,0.4544671996443715,0.5819949281487743,0.3920999528049634,0.8587017276422766
28,bernoulli,1,16,1.0,raw,9,0.4382498820022363,0.6304322334013462,0.4166033358922914,0.829329290416213
36,bernoulli,1,16,1.0,raw,9,0.4486073022945792,0.5934652953883722,0.4248352039820263,0.8013675213675214
22,bernoulli,1,16,1.0,raw,9,0.4450306251253089,0.5983398076211616,0.3897382398486437,0.8568290938808868
16,bernoulli,1,16,1.0,raw,9,0.4429970659897219,0.5876887340301975,0.4370043194533333,0.7856452726017944
48,bernoulli,1,16,1.0,raw,9,0.4448090266994871,0.5311174466309714,0.3831729165398937,0.867122798970517
44,bernoulli,1,16,1.0,raw,9,0.4440887602062117,0.5876831501831502,0.4552568731318094,0.7948383863693309
20,bernoulli,1,16,1.0,raw,9,0.4449061999687032,0.6157416801948052,0.4703458007479872,0.6985860947718389
4,bernoulli,1,16,1.0,raw,9,0.4553582962139066,0.5344750558451229,0.5383198639815435,0.6299305129777233
34,bernoulli,1,16,1.0,raw,9,0.4500065571254259,0.5870260392873459,0.3923239003412471,0.8621083264343594
42,bernoulli,1,16,1.0,raw,9,0.4438320446731036,0.5778088815370912,0.3990785453336845,0.8325735489000795
14,bernoulli,1,16,1.0,raw,9,0.4348102378747988,0.578857421875,0.3903479929073387,0.8689515602559081
2,bernoulli,1,16,1.0,raw,9,0.4454548758731582,0.5635344170376018,0.3822312905901682,0.8666385286368404
10,bernoulli,1,16,1.0,raw,9,0.4471049790713692,0.6490534636987726,0.3808178805708819,0.8689776733254995
8,bernoulli,1,16,1.0,raw,9,0.4539121006967741,0.5934899485741,0.4374754421971117,0.8592715654952077
38,bernoulli,1,16,1.0,raw,9,0.4388390722635995,0.574362141992739,0.3798959528751393,0.8772376543209877
23,bernoulli,1,16,1.0,raw,9,0.4500882068915906,0.5864797595566825,0.4318397200896231,0.818804609345321
19,bernoulli,1,16,1.0,raw,9,0.4283776519288125,0.6138086905803442,0.4675096313484019,0.7408505657432696
27,bernoulli,1,16,1.0,raw,9,0.4423768841007291,0.5980564574314575,0.4513891778439632,0.7529159978598181
7,bernoulli,1,16,1.0,raw,9,0.4412225661786503,0.5918149120248858,0.3902533479799867,0.857031209962589
32,bernoulli,1,16,1.0,raw,9,0.4486283444492251,0.5771221899156088,0.4306651524121253,0.7874896172768513
11,bernoulli,1,16,1.0,raw,9,0.4462206431223868,0.6350783874580067,0.4062074492251838,0.8446737311767988
12,bernoulli,1,16,1.0,raw,9,0.4348740619836808,0.5925711506842972,0.3932975326459236,0.8520359296937693
24,bernoulli,1,16,1.0,raw,9,0.4516676453665421,0.5613143153038648,0.4124543251412922,0.8249227472089314
41,bernoulli,1,16,1.0,raw,9,0.4478540339778111,0.5819418824713125,0.4404152912231496,0.7794317884262896
17,bernoulli,1,16,1.0,raw,9,0.451909836498664,0.5779582154912873,0.4363262917557797,0.7825569747057352
45,bernoulli,1,16,1.0,raw,9,0.4473852638917558,0.6426651442707961,0.4883121938437167,0.5839553205825947
37,bernoulli,1,16,1.0,raw,9,0.4514163127132777,0.5640697971607147,0.4282825041025053,0.8411187413519193
33,bernoulli,1,16,1.0,raw,9,0.4367281201334952,0.5865153476331362,0.4401274360810336,0.7875397329942785
25,bernoulli,1,16,1.0,raw,9,0.4417209178816038,0.5863503428801935,0.4681026439141424,0.7598539954307924
9,bernoulli,1,16,1.0,raw,9,0.4545934822436794,0.5975572803766636,0.3930387878192566,0.8620179167931977
13,bernoulli,1,16,1.0,raw,9,0.4521379078242484,0.5837906976744186,0.3836919258795734,0.8691515102085203
29,bernoulli,1,16,1.0,raw,9,0.4376007713338097,0.6260807083420253,0.4450158084515275,0.7629342061860903
49,bernoulli,1,16,1.0,raw,9,0.4574485406180412,0.5686438124377071,0.3802107937180153,0.8724004975124378
21,bernoulli,1,16,1.0,raw,9,0.4375427940420001,0.6508009099650555,0.3735436930958718,0.8773179497864361
5,bernoulli,1,16,1.0,raw,9,0.4386706358160925,0.6361071257771401,0.4509407045722394,0.7280315657881029
1,bernoulli,1,16,1.0,raw,10,0.4535703607955353,0.6099721706864564,0.4909658256532537,0.6975490134747956
39,bernoulli,1,16,1.0,raw,10,0.4471234924497883,0.6177581283964262,0.4121474478974301,0.8249141492061912
18,bernoulli,1,16,1.0,raw,10,0.4500617700143622,0.6010464669738863,0.4282937942276625,0.7878579295154186
6,bernoulli,1,16,1.0,raw,10,0.4513126005197182,0.5704541250462449,0.4161907776524353,0.8164712126573319
30,bernoulli,1,16,1.0,raw,10,0.4574395011027285,0.5420620344862769,0.4499889571106497,0.8341982388129947
31,bernoulli,1,16,1.0,raw,10,0.4557849159655622,0.5748006010865796,0.3933340736896745,0.8715599856505919
0,bernoulli,1,16,1.0,raw,15,0.4517899280418362,0.6256105462519935,0.4348413029669371,0.7748411245152952
35,bernoulli,1,16,1.0,raw,10,0.4266448755337199,0.6399456185885551,0.4638396244894904,0.7820964749536178
26,bernoulli,1,16,1.0,raw,10,0.4446066566160301,0.5964439655172413,0.3806413858078114,0.8683330781401521
47,bernoulli,1,16,1.0,raw,10,0.4568955635734574,0.5454308712121212,0.4341774182382605,0.7837415121690701
40,bernoulli,1,16,1.0,raw,10,0.4433401834644669,0.6368421052631579,0.4422667395290124,0.7728485064011379
15,bernoulli,1,16,1.0,raw,10,0.4419399174939859,0.5952573232508627,0.4277663371367963,0.7952749556523142
46,bernoulli,1,16,1.0,raw,10,0.4456006506517889,0.5873704146730463,0.4178672738646173,0.8371448652447762
3,bernoulli,1,16,1.0,raw,10,0.4356880472388009,0.6444870147190765,0.4735366251697127,0.7135501145696559
43,bernoulli,1,16,1.0,raw,10,0.4538765955050955,0.5910937353245045,0.394390439881423,0.8480564024390245
22,bernoulli,1,16,1.0,raw,10,0.4468107283996387,0.5687893081761006,0.3953344082698446,0.8637373582592706
28,bernoulli,1,16,1.0,raw,10,0.4381504672888911,0.6273130232885387,0.4218742759133235,0.8300031099362464
14,bernoulli,1,16,1.0,raw,10,0.4355400495464789,0.568359375,0.3855721980381112,0.8668102885494189
36,bernoulli,1,16,1.0,raw,10,0.4485255158341624,0.5777449046679816,0.4195832594985417,0.8035897435897436
42,bernoulli,1,16,1.0,raw,10,0.4439313450842717,0.5915765364550197,0.3983822578580569,0.828372647760403
34,bernoulli,1,16,1.0,raw,10,0.4508587134327824,0.5598104157149384,0.3930501235527404,0.8612177316173704
16,bernoulli,1,16,1.0,raw,10,0.4458997267755825,0.5433846302748742,0.4536126078260861,0.7863730472426123
48,bernoulli,1,16,1.0,raw,10,0.4450543642590151,0.542660454766706,0.3978793217409001,0.8593252299773209
2,bernoulli,1,16,1.0,raw,10,0.4450987587328032,0.5670265351794014,0.3840915759249085,0.8635817153966183
10,bernoulli,1,16,1.0,raw,10,0.4482284410816406,0.6167625915909668,0.3845900507753917,0.86388562475519
4,bernoulli,1,16,1.0,raw,10,0.4549722179901909,0.5572598659717052,0.4823837265190098,0.6441472511751483
38,bernoulli,1,16,1.0,raw,10,0.4388894429015567,0.5773749495764421,0.3775677586684813,0.8783822016460906
44,bernoulli,1,16,1.0,raw,10,0.444311170621357,0.579635989010989,0.4544696915406994,0.7958155850663995
20,bernoulli,1,16,1.0,raw,10,0.4446587364668269,0.6114042207792207,0.4634602739547893,0.722114646889043
23,bernoulli,1,16,1.0,raw,10,0.4500720006244317,0.5798581760120222,0.426619483299588,0.8022540205141193
19,bernoulli,1,16,1.0,raw,10,0.4285882239797313,0.6226548070380091,0.4402141508857483,0.7618676030693197
7,bernoulli,1,16,1.0,raw,10,0.4409090803735369,0.5990813648293964,0.3886662008360159,0.8590170655460463
27,bernoulli,1,16,1.0,raw,10,0.4430123033591094,0.5951930014430015,0.4342626618497754,0.7493846976993045
11,bernoulli,1,16,1.0,raw,10,0.444883474513104,0.650895856662934,0.406128626812221,0.8402055975257314
8,bernoulli,1,16,1.0,raw,10,0.4539761277741106,0.5820126227208976,0.431682377517682,0.8541980830670927
32,bernoulli,1,16,1.0,raw,10,0.4534561164183918,0.5657754769165306,0.457888687356189,0.7911826720337359
12,bernoulli,1,16,1.0,raw,10,0.4341551951828923,0.6105411851886159,0.3857389039491378,0.8581967849654424
24,bernoulli,1,16,1.0,raw,10,0.4512894052117703,0.5792260980087558,0.4113361100656206,0.8257949561403508
41,bernoulli,1,16,1.0,raw,10,0.4490974926040397,0.5892245406415447,0.4356788469527036,0.7838832155014402
17,bernoulli,1,16,1.0,raw,10,0.4523633112655609,0.570796460176991,0.4240561017177116,0.8028925619834711
45,bernoulli,1,16,1.0,raw,10,0.4432821836787796,0.6230167225671401,0.4865598777499432,0.5938293681646193
37,bernoulli,1,16,1.0,raw,10,0.4487317638357773,0.5871186598201632,0.4240195725316228,0.8355775636754984
33,bernoulli,1,16,1.0,raw,10,0.4372227335128046,0.5751433062130178,0.4417945875248601,0.7854863318499683
25,bernoulli,1,16,1.0,raw,10,0.4430985040369954,0.5836778943122227,0.4652663321613467,0.758330926183661
9,bernoulli,1,16,1.0,raw,10,0.4548532151207456,0.5784677062210102,0.3915878445703092,0.8635362890980869
13,bernoulli,1,16,1.0,raw,10,0.4529870415185679,0.5845813953488371,0.3741238810276844,0.8620694342495175
29,bernoulli,1,16,1.0,raw,10,0.4363673739765408,0.6203323830053542,0.4980425516576677,0.7293775849382153
49,bernoulli,1,16,1.0,raw,10,0.4588307062560666,0.5401803305287068,0.3863344498628627,0.8741169154228856
21,bernoulli,1,16,1.0,raw,10,0.4395546859367762,0.6456061352283122,0.3763921447302625,0.8714579643712888
5,bernoulli,1,16,1.0,raw,10,0.4382972095596066,0.6157819225251077,0.4806093614958301,0.6984842171059484
1,bernoulli,1,16,1.0,raw,11,0.4532581331077775,0.6159090909090909,0.4979020600058513,0.6850876424737573
39,bernoulli,1,16,1.0,raw,11,0.4484183603116638,0.6019388413005434,0.4068248789397332,0.8324789727765889
18,bernoulli,1,16,1.0,raw,11,0.4501461407666023,0.6019105222734256,0.4386616339638813,0.8053282987203692
30,bernoulli,1,16,1.0,raw,11,0.4583198606793992,0.5609886746250382,0.4101557595386297,0.8321794379559331
6,bernoulli,1,16,1.0,raw,11,0.4513150768166845,0.5464761376248612,0.4187702266590732,0.8173810847697518
31,bernoulli,1,16,1.0,raw,11,0.4559896614718048,0.5771355912611259,0.3952813712970404,0.8690616512068878
35,bernoulli,1,16,1.0,raw,11,0.4266691312153735,0.6513657149919664,0.4329400676751931,0.795229260535383
15,bernoulli,1,16,1.0,raw,11,0.4426695039961743,0.6001027824682476,0.4526306448223386,0.7860828898564747
47,bernoulli,1,16,1.0,raw,11,0.4571224186923233,0.5318655303030303,0.4258200776481208,0.8008951959512729
46,bernoulli,1,16,1.0,raw,11,0.4429812898828822,0.5804675039872409,0.400889574250468,0.8507555483469844
26,bernoulli,1,16,1.0,raw,11,0.4451675513758711,0.587823275862069,0.3827214035324687,0.8769968866431889
3,bernoulli,1,16,1.0,raw,11,0.4372945030426948,0.6495792817478601,0.4620638679031109,0.7466208388043563
43,bernoulli,1,16,1.0,raw,11,0.4540349603848316,0.5874894336432799,0.4001346421133177,0.8434451219512196
0,bernoulli,1,16,1.0,raw,16,0.4500331959136349,0.6234051036682616,0.4299773192523196,0.7645546100818613
40,bernoulli,1,16,1.0,raw,11,0.445275455741013,0.6139264089427107,0.4365951001358917,0.7799481812639708
22,bernoulli,1,16,1.0,raw,11,0.4457729535646174,0.5815529041805402,0.3874178260919348,0.8544667483910511
28,bernoulli,1,16,1.0,raw,11,0.440011614787084,0.6343722882806819,0.4037149821292444,0.8296402840408438
42,bernoulli,1,16,1.0,raw,11,0.4440403552510131,0.5924926835475252,0.4016371512879607,0.8297906175457196
14,bernoulli,1,16,1.0,raw,11,0.4357031469155276,0.5444878472222222,0.3858870415385831,0.8714453584018802
10,bernoulli,1,16,1.0,raw,11,0.4478782223312205,0.6242054411390796,0.3816422071004382,0.8611437524481003
38,bernoulli,1,16,1.0,raw,11,0.4383758055334464,0.574475594997983,0.3783089363778572,0.8794881687242798
34,bernoulli,1,16,1.0,raw,11,0.4492176719320878,0.5698720877112837,0.3934577841525473,0.8551591781440506
7,bernoulli,1,16,1.0,raw,11,0.440937502270975,0.5956790123456791,0.3895756359495886,0.8615025880182443
16,bernoulli,1,16,1.0,raw,11,0.4429923567629217,0.6010936895083236,0.4466987248856189,0.785908777213125
27,bernoulli,1,16,1.0,raw,11,0.4420141574525512,0.6110434704184704,0.4268867420128703,0.771107544141252
2,bernoulli,1,16,1.0,raw,11,0.4455184962000481,0.5714039790472912,0.3828436196582084,0.8626224643798122
36,bernoulli,1,16,1.0,raw,11,0.4498665823778285,0.5890156851695313,0.4490099214209574,0.7902169625246547
19,bernoulli,1,16,1.0,raw,11,0.4297532638161789,0.6034558180227472,0.4541944675365191,0.7570165171023541
48,bernoulli,1,16,1.0,raw,11,0.4449873289168759,0.5605544352502143,0.3983793029169747,0.8615039624901257
23,bernoulli,1,16,1.0,raw,11,0.4504757254037638,0.5707711092326477,0.4194415516925509,0.8126756996327719
11,bernoulli,1,16,1.0,raw,11,0.4478431205103582,0.639324374766704,0.410240073948136,0.839996450844192
4,bernoulli,1,16,1.0,raw,11,0.4554240340567335,0.5363862000496401,0.4734533854926011,0.6681356018802371
44,bernoulli,1,16,1.0,raw,11,0.4436460400082507,0.5771978021978021,0.4409984629208513,0.8017539463793535
20,bernoulli,1,16,1.0,raw,11,0.4448622887208371,0.6019683441558441,0.4766368495289552,0.7064167671379684
8,bernoulli,1,16,1.0,raw,11,0.4546985762515323,0.5643525011687704,0.443305041643168,0.8610223642172524
32,bernoulli,1,16,1.0,raw,11,0.4496235060604708,0.5753729049949177,0.4452013077699984,0.7840776947159926
12,bernoulli,1,16,1.0,raw,11,0.4349798437359577,0.5887038881041151,0.3882106555646668,0.8620020191038285
24,bernoulli,1,16,1.0,raw,11,0.4523748568313005,0.5587958386291955,0.424654265332088,0.8251844098883572
41,bernoulli,1,16,1.0,raw,11,0.4476526576458922,0.605275135950938,0.4294484253671842,0.783490442524221
17,bernoulli,1,16,1.0,raw,11,0.4530093769014567,0.5673752394854484,0.4438382893697568,0.8068995742549461
45,bernoulli,1,16,1.0,raw,11,0.4465347548635643,0.6326744213706321,0.4844868130990556,0.6047271030943865
37,bernoulli,1,16,1.0,raw,11,0.447414023755266,0.5876530588535979,0.4032019563897103,0.8370445344129553
25,bernoulli,1,16,1.0,raw,11,0.4418447392689561,0.587661355385236,0.4421223764349803,0.7685197342506762
33,bernoulli,1,16,1.0,raw,11,0.4365142377528285,0.5889885355029585,0.4351990683838395,0.7868785759694851
13,bernoulli,1,16,1.0,raw,11,0.4526778678748843,0.6005348837209302,0.3692176375208887,0.8794415898648831
9,bernoulli,1,16,1.0,raw,11,0.4539475374599756,0.5777451460270844,0.39612677848395,0.8689012045753619
49,bernoulli,1,16,1.0,raw,11,0.457694102786501,0.5577498087754676,0.3743059769433236,0.8748507462686567
21,bernoulli,1,16,1.0,raw,11,0.4398819420665912,0.6469194868547573,0.3778228608786125,0.8813418064381706
29,bernoulli,1,16,1.0,raw,11,0.437326669417372,0.6276568620633707,0.4643579396724644,0.7436121894902439
1,bernoulli,1,16,1.0,raw,12,0.4538743301697634,0.621938775510204,0.4692794670583733,0.6997510228083126
39,bernoulli,1,16,1.0,raw,12,0.4501682529881696,0.6069125909551443,0.4298370967892275,0.8257104464241278
5,bernoulli,1,16,1.0,raw,11,0.4391053413043227,0.6202295552367288,0.4586271316102408,0.6960100010417752
18,bernoulli,1,16,1.0,raw,12,0.4500755763167963,0.6060147849462366,0.4265869112680099,0.807386721208307
30,bernoulli,1,16,1.0,raw,12,0.4590127165140254,0.5330450974390368,0.4101065105978125,0.8306808189148016
6,bernoulli,1,16,1.0,raw,12,0.4506553236008352,0.5733906770255272,0.422506971668531,0.8063741596320073
15,bernoulli,1,16,1.0,raw,12,0.4433410573527894,0.6108949416342412,0.4262699507354036,0.7835295382465194
47,bernoulli,1,16,1.0,raw,12,0.4571617461829899,0.536032196969697,0.4228307881879509,0.8045827929096412
46,bernoulli,1,16,1.0,raw,12,0.4433889841283996,0.5920554226475279,0.3973674242390083,0.8359284188900603
31,bernoulli,1,16,1.0,raw,12,0.4547016895347953,0.5738874118599006,0.3912375415853778,0.8748398503561728
35,bernoulli,1,16,1.0,raw,12,0.4336600725467711,0.6380917068347547,0.4404301780816367,0.7866551815531407
43,bernoulli,1,16,1.0,raw,12,0.4558309949917185,0.575795998872922,0.4123571654316901,0.8499618902439026
26,bernoulli,1,16,1.0,raw,12,0.4449533553536973,0.5876827211394303,0.3845324705461819,0.8660235798499464
3,bernoulli,1,16,1.0,raw,12,0.436078196555399,0.6389097698780282,0.461977141833536,0.7193043433485236
22,bernoulli,1,16,1.0,raw,12,0.4453697502411399,0.5924898261191269,0.3893122932064862,0.8600597609561754
38,bernoulli,1,16,1.0,raw,12,0.4393848450915643,0.5715510286405808,0.3807619606050563,0.8778034979423868
42,bernoulli,1,16,1.0,raw,12,0.4441236051520902,0.5895152054968826,0.4042823346605484,0.8256692287304532
0,bernoulli,1,16,1.0,raw,17,0.4490042464580107,0.6275667862838915,0.4358972243705692,0.754133455407152
40,bernoulli,1,16,1.0,raw,12,0.442340267737671,0.6221471821145784,0.467360933830312,0.7730898191424507
14,bernoulli,1,16,1.0,raw,12,0.4355195041147474,0.5628797743055555,0.3871709895827971,0.8626974800887846
34,bernoulli,1,16,1.0,raw,12,0.4502325146047722,0.5647099132023755,0.3916174297970879,0.8610922957276536
10,bernoulli,1,16,1.0,raw,12,0.4470144007739806,0.6243903566558029,0.3871512835900972,0.8697349523436481
2,bernoulli,1,16,1.0,raw,12,0.445652798244397,0.5654526227774636,0.3828226983405184,0.864157266006702
28,bernoulli,1,16,1.0,raw,12,0.4387154554967097,0.6242876240061914,0.4178461090984455,0.8290830871300471
7,bernoulli,1,16,1.0,raw,12,0.441244011154814,0.5980606590842812,0.3902182177615391,0.8576333726233794
19,bernoulli,1,16,1.0,raw,12,0.4289164647899296,0.6142704384174201,0.4450288337570673,0.7552867733125244
23,bernoulli,1,16,1.0,raw,12,0.4502666358966852,0.5745515168592092,0.4196043899117849,0.8269596049132582
27,bernoulli,1,16,1.0,raw,12,0.4425130824940724,0.599679834054834,0.4456150298855777,0.7663590155163189
11,bernoulli,1,16,1.0,raw,12,0.4458207526021382,0.6178844718178425,0.4076675844499285,0.8367134817218476
36,bernoulli,1,16,1.0,raw,12,0.4486432078863125,0.6035502958579881,0.4282263969858261,0.7972912557527942
16,bernoulli,1,16,1.0,raw,12,0.4433833716532178,0.5861885404568332,0.438521554928213,0.7768868812347073
48,bernoulli,1,16,1.0,raw,12,0.4476244790351944,0.5850891222214496,0.4595539049558528,0.859299747725709
4,bernoulli,1,16,1.0,raw,12,0.4551416933905652,0.5437081161578555,0.4610915169165741,0.7147455548743102
44,bernoulli,1,16,1.0,raw,12,0.4417352547410964,0.5817422161172161,0.417711142897571,0.8156727637183663
20,bernoulli,1,16,1.0,raw,12,0.443968770002793,0.611911525974026,0.4755953840692252,0.7204705710423441
8,bernoulli,1,16,1.0,raw,12,0.4548167841265141,0.585413744740533,0.4442560648131183,0.8633993610223643
32,bernoulli,1,16,1.0,raw,12,0.4488552115212714,0.5907855234853321,0.4289008482434812,0.8095201584563287
12,bernoulli,1,16,1.0,raw,12,0.4344267190016175,0.6289048931292406,0.3817438858569348,0.8622220496492454
24,bernoulli,1,16,1.0,raw,12,0.4519895929577417,0.559125358941769,0.4156453808828277,0.820860745614035
41,bernoulli,1,16,1.0,raw,12,0.451899515597596,0.6038138130944111,0.4529439465777382,0.789146373396177
17,bernoulli,1,16,1.0,raw,12,0.453173618339208,0.5599625946537725,0.4219481793265463,0.8057851239669421
45,bernoulli,1,16,1.0,raw,12,0.4518990374670733,0.6074954209186708,0.492411093408473,0.6086663556730421
37,bernoulli,1,16,1.0,raw,12,0.4476592152016317,0.614094193638328,0.406858556945487,0.8345846358837699
25,bernoulli,1,16,1.0,raw,12,0.4432797465468664,0.5795179507866075,0.4533165987019605,0.7591055907145294
33,bernoulli,1,16,1.0,raw,12,0.4366461903409713,0.5857063609467456,0.4429395090775903,0.7663318499682136
39,bernoulli,1,16,1.0,raw,13,0.4494189769835918,0.5936262319241042,0.439289791695239,0.8127706166326583
9,bernoulli,1,16,1.0,raw,12,0.4551114082444239,0.5759970165256508,0.3930950272843613,0.8569187164692784
13,bernoulli,1,16,1.0,raw,12,0.453375582631265,0.6062558139534884,0.3722695845786642,0.8672484571677133
49,bernoulli,1,16,1.0,raw,12,0.4579872175519353,0.5588160304104953,0.3760762466459197,0.8705472636815921
18,bernoulli,1,16,1.0,raw,13,0.4503681074669031,0.6104910714285714,0.4355608505949094,0.7743470736312147
1,bernoulli,1,16,1.0,raw,13,0.4538671401175111,0.6169294990723562,0.5032038265579325,0.6731892852227659
21,bernoulli,1,16,1.0,raw,12,0.4376709127370287,0.6473416355918289,0.3751730122410172,0.8823835816230857
29,bernoulli,1,16,1.0,raw,12,0.4373559033285135,0.6190807315207565,0.4886200606749586,0.7098906396691279
30,bernoulli,1,16,1.0,raw,13,0.4576073789176269,0.5290786654423019,0.4491998253858079,0.8311762301680683
5,bernoulli,1,16,1.0,raw,12,0.4377834559846655,0.6237446197991392,0.4912716503808131,0.679055109907282
6,bernoulli,1,16,1.0,raw,13,0.4513191214058433,0.557944876063633,0.4474864897473369,0.7908494667138453
31,bernoulli,1,16,1.0,raw,13,0.454630521107781,0.5703849265980812,0.3915054317453209,0.8706118997591349
15,bernoulli,1,16,1.0,raw,13,0.4414140987542396,0.5919291290409416,0.4295814209823642,0.7951943234962103
46,bernoulli,1,16,1.0,raw,13,0.4557462053292683,0.6138232655502391,0.4735954505892394,0.8451193469034682
47,bernoulli,1,16,1.0,raw,13,0.4577983059814695,0.5272964015151516,0.4625571454030354,0.7804353907581191
35,bernoulli,1,16,1.0,raw,13,0.4265169908889,0.6542578173278952,0.4539840382089122,0.7843095679830374
43,bernoulli,1,16,1.0,raw,13,0.4546406161332574,0.5763125763125764,0.3973593429704019,0.8537982723577237
26,bernoulli,1,16,1.0,raw,13,0.4454346372186679,0.5780078710644677,0.3831483574323405,0.8727479201755729
3,bernoulli,1,16,1.0,raw,13,0.4390954490597799,0.6418438856422319,0.4716793873787946,0.7211194356478979
42,bernoulli,1,16,1.0,raw,13,0.4463533651492364,0.5367604020867793,0.4189327033575156,0.8332626557116353
22,bernoulli,1,16,1.0,raw,13,0.4462477583521684,0.5607658157602664,0.3872320640909681,0.8484523444682808
38,bernoulli,1,16,1.0,raw,13,0.4387832282870553,0.5674919322307381,0.3807492806182998,0.8773405349794239
14,bernoulli,1,16,1.0,raw,13,0.4353847287372761,0.5638020833333334,0.3851795777535666,0.8700613657135396
34,bernoulli,1,16,1.0,raw,13,0.4501236964129825,0.5871174052078574,0.3938128852582027,0.8572288703243772
10,bernoulli,1,16,1.0,raw,13,0.4482190660152293,0.6106834939786885,0.3888277670912487,0.8650868259563911
2,bernoulli,1,16,1.0,raw,13,0.4449053291546525,0.5905860364459091,0.3924683564484296,0.8562018775739901
7,bernoulli,1,16,1.0,raw,13,0.4423246366467129,0.5766258384368621,0.3888758023743305,0.8529954389381438
0,bernoulli,1,16,1.0,raw,18,0.4511327685297407,0.6476026714513556,0.4321364235089444,0.7591151443343387
27,bernoulli,1,16,1.0,raw,13,0.4420254171019651,0.6058351370851371,0.4433816072376594,0.7893525949705725
23,bernoulli,1,16,1.0,raw,13,0.4511039319423675,0.5624823894054662,0.44162419095412,0.8071672787134355
28,bernoulli,1,16,1.0,raw,13,0.4400595994162161,0.6055958160369613,0.409710832974532,0.83032706162857
19,bernoulli,1,16,1.0,raw,13,0.4303541733696408,0.6057888597258676,0.453392558194058,0.7621797372870334
40,bernoulli,1,16,1.0,raw,13,0.4433801788961123,0.639310666045645,0.4374780479100879,0.7738391587075797
11,bernoulli,1,16,1.0,raw,13,0.4460822362800181,0.64079413960433,0.4023790621770213,0.8432033666277949
16,bernoulli,1,16,1.0,raw,13,0.4437342667812741,0.5801393728222998,0.4410223177325147,0.7888198757763975
36,bernoulli,1,16,1.0,raw,13,0.4484441464293786,0.5766413074105381,0.4206580517778944,0.8012754766600919
48,bernoulli,1,16,1.0,raw,13,0.444055489706909,0.5765014023132373,0.3877345336753863,0.8589684784547562
4,bernoulli,1,16,1.0,raw,13,0.4564614289441541,0.5157359146190121,0.4971525202973388,0.6574315348456979
20,bernoulli,1,16,1.0,raw,13,0.4459476625905827,0.6065848214285714,0.4803349533491636,0.6617344391265695
44,bernoulli,1,16,1.0,raw,13,0.4420906095538154,0.5746794871794872,0.4212283901195681,0.8128163367577048
8,bernoulli,1,16,1.0,raw,13,0.4549359602977441,0.5594436652641421,0.4450825047089168,0.8640638977635783
32,bernoulli,1,16,1.0,raw,13,0.450233772273457,0.575609294849065,0.460965382007488,0.7586607884480224
12,bernoulli,1,16,1.0,raw,13,0.4355444972225681,0.5772873584512423,0.3839282882568988,0.8633998602158889
24,bernoulli,1,16,1.0,raw,13,0.4517305556410256,0.5698818434307772,0.413602051141816,0.8223185805422648
41,bernoulli,1,16,1.0,raw,13,0.4503234879412578,0.5840739764750976,0.4352237375137553,0.7910316836868291
17,bernoulli,1,16,1.0,raw,13,0.4523780190461168,0.5792810874920171,0.4294785945418818,0.7997119959929878
39,bernoulli,1,16,1.0,raw,14,0.4489538655718887,0.5880537901814498,0.4202361594150016,0.8237570298113772
25,bernoulli,1,16,1.0,raw,13,0.441829225551404,0.5772993142396128,0.449114945069535,0.7387279745804994
37,bernoulli,1,16,1.0,raw,13,0.4478726328415402,0.5945073073259137,0.4054715143598283,0.8341618408240659
45,bernoulli,1,16,1.0,raw,13,0.4451338091596976,0.6261566640500487,0.484817840813296,0.599841911574146
33,bernoulli,1,16,1.0,raw,13,0.4367554493942452,0.5748197115384615,0.4361766658180267,0.7734774316592499
18,bernoulli,1,16,1.0,raw,14,0.4509579535304751,0.589885752688172,0.4294842499419732,0.8109791273337528
9,bernoulli,1,16,1.0,raw,13,0.4546427137727611,0.5887467076894389,0.3884577520773191,0.8564252454701892
30,bernoulli,1,16,1.0,raw,14,0.4585657198916251,0.5530813182328334,0.4072048446755383,0.8311390743240733
1,bernoulli,1,16,1.0,raw,14,0.4533704060263119,0.6228432282003711,0.50640695164016,0.6870769577239231
49,bernoulli,1,16,1.0,raw,13,0.457841839029262,0.5713789027188652,0.3789762845155815,0.8719900497512438
13,bernoulli,1,16,1.0,raw,13,0.4528368329551868,0.5723953488372093,0.379213189145981,0.8754179920071773
21,bernoulli,1,16,1.0,raw,13,0.4370334385423958,0.6373742348554141,0.375960689060971,0.8832560683404521
15,bernoulli,1,16,1.0,raw,14,0.4461609971756519,0.5817487702811834,0.4411144304714472,0.793084448744826
6,bernoulli,1,16,1.0,raw,14,0.4520171862727606,0.5504300776914539,0.4371685236915523,0.8134383056159329
47,bernoulli,1,16,1.0,raw,14,0.4571391410309388,0.5342092803030304,0.4286608829691491,0.7956562651000738
29,bernoulli,1,16,1.0,raw,13,0.4367049691033943,0.6313422803235752,0.4698799025768709,0.7350485904950395
31,bernoulli,1,16,1.0,raw,14,0.453588281769993,0.6012484105883712,0.3916836697695655,0.8735586532055551
46,bernoulli,1,16,1.0,raw,14,0.4437403113690987,0.5846291866028708,0.3941164196434241,0.8509988376179276
5,bernoulli,1,16,1.0,raw,13,0.4386693789648037,0.6271879483500719,0.4884049525921315,0.6852536722575269
43,bernoulli,1,16,1.0,raw,14,0.4543308786539072,0.577345731191885,0.3983312352908651,0.8464811991869919
35,bernoulli,1,16,1.0,raw,14,0.4289629810106788,0.6528488443950069,0.4297213107591686,0.7910283593957064
3,bernoulli,1,16,1.0,raw,14,0.4341888467952585,0.6410072989160747,0.4612202342955681,0.7186735665920033
26,bernoulli,1,16,1.0,raw,14,0.4452505905215991,0.6043853073463268,0.3852886382523989,0.8750574184657786
42,bernoulli,1,16,1.0,raw,14,0.4440589796191166,0.59050769818043,0.4086421996178813,0.8318181818181818
38,bernoulli,1,16,1.0,raw,14,0.4387474327881743,0.5887454618797903,0.3814622264887705,0.8729295267489712
22,bernoulli,1,16,1.0,raw,14,0.4478425881392892,0.5660377358490566,0.4153215591326706,0.8609472366942487
14,bernoulli,1,16,1.0,raw,14,0.4364132838189421,0.550265842013889,0.39224595397968,0.85475910693302
10,bernoulli,1,16,1.0,raw,14,0.4485632384529217,0.6262626262626262,0.3840640492792129,0.8642250946598773
34,bernoulli,1,16,1.0,raw,14,0.4524237204639051,0.5811329374143446,0.3992578252193896,0.8643034545044028
7,bernoulli,1,16,1.0,raw,14,0.441753217325978,0.5764071157771945,0.3897762805906674,0.8590170655460462
2,bernoulli,1,16,1.0,raw,14,0.4477817106609968,0.5853232668519293,0.4048265314066022,0.8618806435934823
23,bernoulli,1,16,1.0,raw,14,0.4508803445463847,0.5783788860711938,0.4388367293025185,0.8175889578320882
27,bernoulli,1,16,1.0,raw,14,0.4418665924513404,0.6073683261183261,0.4428217480810306,0.7701578384162653
19,bernoulli,1,16,1.0,raw,14,0.4287984493674168,0.6142947409351609,0.4447393912239641,0.7555728963454285
11,bernoulli,1,16,1.0,raw,14,0.4473736228655211,0.6456233669279581,0.4061856585682611,0.8416949754094205
28,bernoulli,1,16,1.0,raw,14,0.4387254412208932,0.626269377799667,0.4233972495117189,0.8278520706992174
0,bernoulli,1,16,1.0,raw,19,0.4469288386744728,0.6279904306220097,0.4379999165600214,0.7760124946143903
40,bernoulli,1,16,1.0,raw,14,0.4431217245672254,0.6478574755472752,0.4371548040132811,0.7761125787441576
36,bernoulli,1,16,1.0,raw,14,0.4474167048064142,0.5987132525594064,0.4351105835544707,0.7862984878369493
16,bernoulli,1,16,1.0,raw,14,0.4436587696588306,0.6013598528842431,0.4512634184472239,0.78743961352657
48,bernoulli,1,16,1.0,raw,14,0.4437631289460709,0.5843358134575714,0.3881427095583815,0.8669699054608465
4,bernoulli,1,16,1.0,raw,14,0.4552405726395697,0.5312980888557954,0.489136656114616,0.6471745350500715
44,bernoulli,1,16,1.0,raw,14,0.4415163392373264,0.5966002747252748,0.4232646518971957,0.8063142069656728
20,bernoulli,1,16,1.0,raw,14,0.4452995833815796,0.5987723214285714,0.4808362935133223,0.7097901672086028
8,bernoulli,1,16,1.0,raw,14,0.4546092159351595,0.5458508648901356,0.4339791209180101,0.8610479233226838
32,bernoulli,1,16,1.0,raw,14,0.448903661601607,0.584639387277498,0.4211058315886543,0.7978276148488914
12,bernoulli,1,16,1.0,raw,14,0.4355900319703812,0.5889817752356252,0.3891198916407817,0.8610312961093421
24,bernoulli,1,16,1.0,raw,14,0.4518609667613155,0.5784493715576896,0.4238331877937822,0.820736144338118
41,bernoulli,1,16,1.0,raw,14,0.4498156852222462,0.5934168603119085,0.4315375813521049,0.7924849437025399
39,bernoulli,1,16,1.0,raw,15,0.4493400741608261,0.5821589757759971,0.4124012677203265,0.8234210919225602
17,bernoulli,1,16,1.0,raw,14,0.4525562367084226,0.5584572575494937,0.4248931792596309,0.8026922113698974
18,bernoulli,1,16,1.0,raw,15,0.45105624678248,0.5962941628264209,0.4202189614397624,0.795534403188588
37,bernoulli,1,16,1.0,raw,14,0.446764969784673,0.618508794349311,0.412995240555834,0.8337006098498436
25,bernoulli,1,16,1.0,raw,14,0.4427737094254031,0.5657271077047197,0.4646099528425673,0.765381686405294
33,bernoulli,1,16,1.0,raw,14,0.4366412249219905,0.5887573964497042,0.4385622276445565,0.7707056579783852
45,bernoulli,1,16,1.0,raw,14,0.4412997463324565,0.6412854730131544,0.5224420276677938,0.5940885295184782
30,bernoulli,1,16,1.0,raw,15,0.4574364227405241,0.5503775124987246,0.4488332338100473,0.8300491695668866
6,bernoulli,1,16,1.0,raw,15,0.451759715061824,0.545111912689604,0.423129036939062,0.8024440175908609
9,bernoulli,1,16,1.0,raw,14,0.4550496366694938,0.5772090529799782,0.3897424646570383,0.8568807571616561
47,bernoulli,1,16,1.0,raw,15,0.4576626353340989,0.5321732954545455,0.4636879825766922,0.7869459067673762
15,bernoulli,1,16,1.0,raw,15,0.441421086559933,0.61304847906419,0.4530126827077207,0.7975460947159061
1,bernoulli,1,16,1.0,raw,15,0.4540127082770665,0.6187499999999999,0.4754908190471674,0.7060317539755027
31,bernoulli,1,16,1.0,raw,15,0.45278342296472,0.589827765576234,0.3866863622492984,0.8766591503100497
46,bernoulli,1,16,1.0,raw,15,0.4525164266365621,0.6009768740031898,0.4553106311610506,0.8475927878247236
13,bernoulli,1,16,1.0,raw,14,0.4522057120050577,0.5674651162790698,0.3729793827057893,0.8746567707908545
21,bernoulli,1,16,1.0,raw,14,0.436869865709295,0.6509533525645537,0.3808107198300771,0.8799484321283467
49,bernoulli,1,16,1.0,raw,14,0.4583998183955753,0.5365180909996986,0.3768767640244935,0.8742412935323384
43,bernoulli,1,16,1.0,raw,15,0.4542299314788527,0.5734714003944773,0.3960619212045965,0.8489964430894309
35,bernoulli,1,16,1.0,raw,15,0.4304619485695103,0.6493387714744779,0.4282283282366486,0.7834879406307979
29,bernoulli,1,16,1.0,raw,14,0.437251156473348,0.6328720765825279,0.4792025715050058,0.7198371013168913
5,bernoulli,1,16,1.0,raw,14,0.4387773191744472,0.6288498326159733,0.5125129593396978,0.6753307636212105
3,bernoulli,1,16,1.0,raw,15,0.434454776107046,0.6317320982565047,0.4814832877450601,0.7220720372801936
26,bernoulli,1,16,1.0,raw,15,0.4465594651564242,0.5856212518740629,0.4089810018755565,0.873883529832083
42,bernoulli,1,16,1.0,raw,15,0.4443445225818983,0.5952411248250413,0.4071379640650891,0.830956798303737
38,bernoulli,1,16,1.0,raw,15,0.4420192479283785,0.5772993142396128,0.3908335319849308,0.8737782921810702
22,bernoulli,1,16,1.0,raw,15,0.4458983733368876,0.5629508879023307,0.3869490082473851,0.8597277556440903
10,bernoulli,1,16,1.0,raw,15,0.4468112620001581,0.629614220003236,0.3841154734283307,0.8717326021673848
14,bernoulli,1,16,1.0,raw,15,0.4350568640746252,0.570339626736111,0.3849211828567417,0.8627758192975584
7,bernoulli,1,16,1.0,raw,15,0.441088705706291,0.6026052299018179,0.3900460912599328,0.8637574950033312
34,bernoulli,1,16,1.0,raw,15,0.4504718055581772,0.575513933302878,0.3918877980090842,0.8624093725696798
2,bernoulli,1,16,1.0,raw,15,0.4450634711787584,0.599291739419128,0.3825162013368872,0.8633642851661423
23,bernoulli,1,16,1.0,raw,15,0.4508257607577935,0.5470320278012586,0.4205253877346682,0.8170317842218564
27,bernoulli,1,16,1.0,raw,15,0.4429745957999703,0.5931186868686869,0.4338209742487948,0.7678705189941146
19,bernoulli,1,16,1.0,raw,15,0.4325172188258417,0.6038325070477302,0.4559292508451695,0.7683443880868774
11,bernoulli,1,16,1.0,raw,15,0.4465943675753302,0.6183044046285928,0.4048458187355179,0.8385260862951884
28,bernoulli,1,16,1.0,raw,15,0.4400844701238097,0.6350875958629424,0.4125526539113499,0.830054942207018
0,bernoulli,1,16,1.0,raw,20,0.4472392045259306,0.6161034688995215,0.4510904213835709,0.7741679233089185
36,bernoulli,1,16,1.0,raw,15,0.4496547241937968,0.6046304123227201,0.4403837564882546,0.8057593688362918
40,bernoulli,1,16,1.0,raw,15,0.4432743007692047,0.6288775034932463,0.4615518064816256,0.7719721601300549
4,bernoulli,1,16,1.0,raw,15,0.4556544669555747,0.5328121121866469,0.4625105122067482,0.7029812998160636
16,bernoulli,1,16,1.0,raw,15,0.4457536152250717,0.5661053039101819,0.4498236356944041,0.7971767363071711
48,bernoulli,1,16,1.0,raw,15,0.4438641401362702,0.5669749437915769,0.3984832176458238,0.8668042708253701
44,bernoulli,1,16,1.0,raw,15,0.441967817941948,0.591735347985348,0.4300055800397458,0.799724379854673
20,bernoulli,1,16,1.0,raw,15,0.4471375227804318,0.613179788961039,0.484695128817997,0.6408242300244784
8,bernoulli,1,16,1.0,raw,15,0.4549613933899938,0.5988195418419823,0.4453918319442232,0.8567156549520766
32,bernoulli,1,16,1.0,raw,15,0.4490239591790446,0.586979646833558,0.4353169916527797,0.7882691201840138
12,bernoulli,1,16,1.0,raw,15,0.4354330350302808,0.5921080054651136,0.3918998324361016,0.8594263674251249
24,bernoulli,1,16,1.0,raw,15,0.4523737039349835,0.5675045897472109,0.4602480435741642,0.8128488835725678
41,bernoulli,1,16,1.0,raw,15,0.4504730129404106,0.590805644060082,0.4391385117842886,0.7974469756480754
39,bernoulli,1,16,1.0,raw,16,0.4517768502914031,0.6038961038961039,0.4122418014585575,0.8359130045289405
18,bernoulli,1,16,1.0,raw,16,0.4513726056251203,0.5897417434715821,0.42934348466869,0.8061149569960143
17,bernoulli,1,16,1.0,raw,15,0.453266384823833,0.5605556062403065,0.4261729687083167,0.804282494365139
30,bernoulli,1,16,1.0,raw,16,0.4575604855050557,0.5422916028976634,0.454078821412678,0.8323899877385714
25,bernoulli,1,16,1.0,raw,15,0.4417196022405995,0.5856696248487293,0.4393401954507629,0.7606155300543578
37,bernoulli,1,16,1.0,raw,15,0.4475450600682275,0.5765468528543879,0.4172788969927892,0.8346999436273254
6,bernoulli,1,16,1.0,raw,16,0.4522047563910092,0.5358398076211617,0.4246631956689713,0.8169893342769043
47,bernoulli,1,16,1.0,raw,16,0.4572199407502954,0.5416429924242424,0.4430152969528661,0.8052567330434119
15,bernoulli,1,16,1.0,raw,16,0.4410592293279529,0.6187504588503048,0.4305762203531713,0.7984061710476805
46,bernoulli,1,16,1.0,raw,16,0.4437830408985713,0.5851525119617225,0.3938509864581206,0.8466061146703431
33,bernoulli,1,16,1.0,raw,15,0.4369702367434703,0.574842825443787,0.4397591944942883,0.7607819453273998
45,bernoulli,1,16,1.0,raw,15,0.4459930707153746,0.6529888912676325,0.4895746571874536,0.5679974602187322
31,bernoulli,1,16,1.0,raw,16,0.4531149698660062,0.5753554502369668,0.3874730739159956,0.8692025828934558
43,bernoulli,1,16,1.0,raw,16,0.4545378199391335,0.5628346012961398,0.3982843029732796,0.8496061991869919
9,bernoulli,1,16,1.0,raw,15,0.4545636031201553,0.5869752697946531,0.3885489609709462,0.8657505820427169
1,bernoulli,1,16,1.0,raw,16,0.4537345305346352,0.6177643784786642,0.5031861475399341,0.6985123925582094
35,bernoulli,1,16,1.0,raw,16,0.4309539338395393,0.6300828080583365,0.4330901236756298,0.7789954943016169
13,bernoulli,1,16,1.0,raw,15,0.4521664477854104,0.5777441860465116,0.3759639192907675,0.8752820596471196
3,bernoulli,1,16,1.0,raw,16,0.4356718354518087,0.6476636193894129,0.4608729689087484,0.7458098401174017
21,bernoulli,1,16,1.0,raw,15,0.4381384958754402,0.6523839677290744,0.3725868104421063,0.881198562350245
49,bernoulli,1,16,1.0,raw,15,0.4581441615314149,0.5761537213452935,0.3738417420652618,0.8765547263681591
26,bernoulli,1,16,1.0,raw,16,0.4449529869716208,0.6083676911544228,0.3833131047108319,0.8735007400602256
42,bernoulli,1,16,1.0,raw,16,0.4451449229498802,0.6031556177630741,0.3967390510920819,0.8359528226875165
5,bernoulli,1,16,1.0,raw,15,0.4380630888573695,0.636441893830703,0.4866808489252811,0.6700697989373893
29,bernoulli,1,16,1.0,raw,15,0.4373976553691002,0.6292098370535198,0.4702609822898699,0.7419629037578341
38,bernoulli,1,16,1.0,raw,16,0.4392015542403238,0.5637605889471561,0.3805479879721286,0.8743698559670782
22,bernoulli,1,16,1.0,raw,16,0.4458131485526125,0.5741305956344802,0.3829459327614751,0.8671084891204414
10,bernoulli,1,16,1.0,raw,16,0.4492914887292644,0.644083859186834,0.3823199899178943,0.8712103407755581
14,bernoulli,1,16,1.0,raw,16,0.435792708193273,0.5869683159722222,0.3856378728118367,0.8614179396788092
34,bernoulli,1,16,1.0,raw,16,0.4520532989926291,0.5783691183188671,0.3986671945041864,0.8628734853616316
7,bernoulli,1,16,1.0,raw,16,0.4417834737753717,0.5862739379799747,0.3893197568767333,0.8617203915338492
27,bernoulli,1,16,1.0,raw,16,0.4425048828125,0.5955762987012987,0.4587546402647158,0.7737426431246657
23,bernoulli,1,16,1.0,raw,16,0.4509405228268298,0.5609796186719264,0.4183242035087362,0.8205647714321894
2,bernoulli,1,16,1.0,raw,16,0.4449193457045096,0.577822590561444,0.3832923062110428,0.8648223467116875
19,bernoulli,1,16,1.0,raw,16,0.429403575379465,0.6096286575289199,0.441745307132122,0.7621927428794381
11,bernoulli,1,16,1.0,raw,16,0.4474331404645038,0.6441652668906308,0.4080436979283711,0.8397809663844242
0,bernoulli,1,16,1.0,raw,21,0.4570159257455262,0.5791716507177034,0.4595660318482492,0.7548335846617837
28,bernoulli,1,16,1.0,raw,16,0.4411619573781818,0.6225286709350595,0.4078356718006185,0.8253641217021717
36,bernoulli,1,16,1.0,raw,16,0.4484125449384565,0.5915985723678031,0.4272258819158901,0.791413543721236
40,bernoulli,1,16,1.0,raw,16,0.4449179892834995,0.6251746623195156,0.4400124783534646,0.7740677707782971
16,bernoulli,1,16,1.0,raw,16,0.4459959273633486,0.5644357336430508,0.4546749801485138,0.7934625760712717
4,bernoulli,1,16,1.0,raw,16,0.4556982865543477,0.5374286423430131,0.4676113763775871,0.6960709176374412
48,bernoulli,1,16,1.0,raw,16,0.4484668243602904,0.605266207727789,0.472005932686787,0.8656830517544529
44,bernoulli,1,16,1.0,raw,16,0.4423566225227714,0.5721039377289378,0.4161500668777839,0.8183162114758206
20,bernoulli,1,16,1.0,raw,16,0.4456001490422347,0.6148538961038961,0.4884383444800127,0.7005468074482726
8,bernoulli,1,16,1.0,raw,16,0.4544795114465047,0.5689808321645629,0.4349470412968365,0.8579424920127795
32,bernoulli,1,16,1.0,raw,16,0.4489450533142642,0.574498262534572,0.4265332012804043,0.7888186058398825
39,bernoulli,1,16,1.0,raw,17,0.4529208512655392,0.5984848484848484,0.4372768684592426,0.8150102025581047
18,bernoulli,1,16,1.0,raw,17,0.4505853680233773,0.5889976958525346,0.4371675522502365,0.8020767778477029
24,bernoulli,1,16,1.0,raw,16,0.4531643455786618,0.5578778891870264,0.4459892618229467,0.8234150717703349
12,bernoulli,1,16,1.0,raw,16,0.4332183897116959,0.6024593011138644,0.3953493153915566,0.8584038725375994
41,bernoulli,1,16,1.0,raw,16,0.4483501827815204,0.5966269793737873,0.4329446453156319,0.780230426813302
30,bernoulli,1,16,1.0,raw,17,0.4577766762475744,0.5623405774920927,0.4205990675914513,0.840366108916164
6,bernoulli,1,16,1.0,raw,17,0.4511102411356232,0.5686274509803921,0.4166786390809741,0.8269852904008492
47,bernoulli,1,16,1.0,raw,17,0.4572925961542205,0.5378787878787878,0.4588436803871605,0.797131303883421
46,bernoulli,1,16,1.0,raw,17,0.4449826407529193,0.5946969696969697,0.3973897734347061,0.8420241667342471
15,bernoulli,1,16,1.0,raw,17,0.442342996384421,0.5962606759170888,0.4484349087896149,0.7934876095253455
25,bernoulli,1,16,1.0,raw,16,0.4436438399920436,0.5618066760790642,0.4618771560474087,0.7569128961949529
17,bernoulli,1,16,1.0,raw,16,0.4525106474640614,0.5789617735608065,0.422041948275391,0.8054094665664913
37,bernoulli,1,16,1.0,raw,16,0.4476887063714879,0.5797067775738283,0.4136525770086124,0.8369932865269307
31,bernoulli,1,16,1.0,raw,17,0.453880354623561,0.5585943821523524,0.3996632365362444,0.8738148926356788
33,bernoulli,1,16,1.0,raw,16,0.4374863418082015,0.58177699704142,0.458558847116201,0.7741131595677051
43,bernoulli,1,16,1.0,raw,17,0.4562615001221987,0.571992110453649,0.4200933594199943,0.8412601626016261
45,bernoulli,1,16,1.0,raw,16,0.4549156521072343,0.5995623111872308,0.4959623658425102,0.5865404550873373
35,bernoulli,1,16,1.0,raw,17,0.433261589459894,0.6265974539611914,0.4362046445261284,0.7864033925258415
3,bernoulli,1,16,1.0,raw,17,0.4390767499029915,0.6344964717864158,0.4700853401176862,0.7452820473211298
1,bernoulli,1,16,1.0,raw,17,0.4542193188317631,0.6153988868274582,0.5054449792192764,0.6802832584733569
26,bernoulli,1,16,1.0,raw,17,0.4453938727736349,0.5855978260869564,0.3861826639213707,0.8719185423365488
9,bernoulli,1,16,1.0,raw,16,0.4540279697959003,0.6009836141994732,0.3879550476972989,0.8707738637513919
13,bernoulli,1,16,1.0,raw,16,0.4520236475463773,0.5866046511627907,0.3735249835854398,0.8784356904004568
42,bernoulli,1,16,1.0,raw,17,0.4460538248343928,0.634953556432116,0.4043116728060226,0.8288364696527963
21,bernoulli,1,16,1.0,raw,16,0.4377157496762578,0.6458875677196932,0.3783367045115091,0.8770184394207731
38,bernoulli,1,16,1.0,raw,17,0.4389721590817992,0.5630546591367487,0.3806350047107359,0.8775205761316872
49,bernoulli,1,16,1.0,raw,16,0.4578338813345654,0.5724914818162854,0.3735966451062864,0.8769900497512437
29,bernoulli,1,16,1.0,raw,16,0.4384291353467791,0.6042927010175463,0.4771843277201852,0.7199766562634797
5,bernoulli,1,16,1.0,raw,16,0.4381114739685051,0.6203491152558586,0.4962434167449293,0.6738071674132722
22,bernoulli,1,16,1.0,raw,17,0.4453848060665404,0.5839807621161672,0.3833365065332738,0.866623250587394
10,bernoulli,1,16,1.0,raw,17,0.447443797508796,0.6179529852298731,0.3878266234673316,0.8734038386212298
14,bernoulli,1,16,1.0,raw,17,0.4354630291210203,0.5661892361111112,0.3897806196755883,0.8647277712495104
34,bernoulli,1,16,1.0,raw,17,0.4543550501645504,0.5637734125171312,0.4026647971996169,0.8614936905747472
2,bernoulli,1,16,1.0,raw,17,0.4450211157235857,0.5788062858126553,0.3869464858756551,0.8584273399329803
27,bernoulli,1,16,1.0,raw,17,0.4428043840966208,0.59992784992785,0.442082486303143,0.7867576243980737
7,bernoulli,1,16,1.0,raw,17,0.4422469446239517,0.5845727617381161,0.3905363936066068,0.8561343719571568
19,bernoulli,1,16,1.0,raw,17,0.4292665500360834,0.6043550111791581,0.4489568361432925,0.7538951749252176
23,bernoulli,1,16,1.0,raw,17,0.4502139304856256,0.5955433455433456,0.4141612385036555,0.8233126503735596
11,bernoulli,1,16,1.0,raw,17,0.4471734964029494,0.6494027622247107,0.4030010261936705,0.8432160421842518
28,bernoulli,1,16,1.0,raw,17,0.4411307800348836,0.6198550622669387,0.4067776078243335,0.8267117607422381
40,bernoulli,1,16,1.0,raw,17,0.4449196806226409,0.6390312063344201,0.4341270500670713,0.78335196098354
36,bernoulli,1,16,1.0,raw,17,0.4482013791858011,0.5788250211327135,0.4257792901510227,0.7940433925049311
0,bernoulli,1,16,1.0,raw,22,0.4516663916904884,0.6186204146730462,0.4309582040970897,0.7610068397242568
4,bernoulli,1,16,1.0,raw,17,0.456186508307246,0.530578307272276,0.4899791493893971,0.6858139178418149
48,bernoulli,1,16,1.0,raw,17,0.4484362047289707,0.6165078923579722,0.4738499880886207,0.8715821930025737
16,bernoulli,1,16,1.0,raw,17,0.4447493589620704,0.5672183507549361,0.4555937175189467,0.7809021895978417
44,bernoulli,1,16,1.0,raw,17,0.4437680482552084,0.5870535714285714,0.4296208590068481,0.8119644199448759
8,bernoulli,1,16,1.0,raw,17,0.4552994055033404,0.5792075736325386,0.4504995579923775,0.8576741214057508
20,bernoulli,1,16,1.0,raw,17,0.4464680419230591,0.6135349025974026,0.4831493776445901,0.6989514449599941
39,bernoulli,1,16,1.0,raw,18,0.4516591994816724,0.5815602836879433,0.4196297094929096,0.8305753247399592
32,bernoulli,1,16,1.0,raw,17,0.4490549867090408,0.5679266245892727,0.4229016879988633,0.795169637722829
18,bernoulli,1,16,1.0,raw,18,0.4508804602179994,0.5929099462365591,0.4305225927115591,0.7986285924061254
6,bernoulli,1,16,1.0,raw,18,0.4510880759886234,0.5764659637439882,0.4200130097610887,0.8122630541373907
47,bernoulli,1,16,1.0,raw,18,0.4569115278146482,0.5383049242424243,0.4266800798726725,0.8024973932504259
30,bernoulli,1,16,1.0,raw,18,0.4570632988541845,0.5695337210488726,0.4291617558331054,0.8315230180453549
41,bernoulli,1,16,1.0,raw,17,0.4518186878662387,0.5869966221881513,0.4545439175558113,0.7946059177795234
24,bernoulli,1,16,1.0,raw,17,0.4519253338946285,0.579343783834675,0.4153794093659947,0.8203125
12,bernoulli,1,16,1.0,raw,17,0.4358918914727296,0.6018108978070074,0.386845269362679,0.8586239030830162
46,bernoulli,1,16,1.0,raw,18,0.444308118682951,0.5708732057416268,0.3934942345772435,0.8409158489443949
15,bernoulli,1,16,1.0,raw,18,0.4425234539475859,0.5992462618995179,0.4255280222882755,0.796350051067032
31,bernoulli,1,16,1.0,raw,18,0.4523303858441485,0.5975725349670559,0.390126444236089,0.868062317429406
25,bernoulli,1,16,1.0,raw,17,0.4421182308600956,0.5784338442920532,0.4622700390162569,0.7568866363803471
17,bernoulli,1,16,1.0,raw,17,0.4530711635309086,0.5616503968616002,0.4260223650893193,0.7981843225644879
43,bernoulli,1,16,1.0,raw,18,0.4546870077595881,0.5749037287498826,0.3994996555085779,0.8517530487804879
37,bernoulli,1,16,1.0,raw,17,0.4475895737129114,0.5809149840842026,0.4082706158344737,0.8366729872392764
35,bernoulli,1,16,1.0,raw,18,0.4340856356733965,0.6372636262513904,0.4328092574951783,0.7794328120858733
3,bernoulli,1,16,1.0,raw,18,0.4360852186078541,0.6388370232061884,0.4691002173257169,0.694858525784609
33,bernoulli,1,16,1.0,raw,17,0.4372208079096808,0.5725776627218935,0.4367571723427673,0.77446916719644
45,bernoulli,1,16,1.0,raw,17,0.4465908307431267,0.6249910797116962,0.4839261036077465,0.6064894003006273
26,bernoulli,1,16,1.0,raw,18,0.4456439541481402,0.5800927661169415,0.3857314482533948,0.8710636451794008
42,bernoulli,1,16,1.0,raw,18,0.4463712086608676,0.5665351825932052,0.426933130352771,0.8320169626292074
1,bernoulli,1,16,1.0,raw,18,0.4546927920423516,0.6179730983302413,0.4767322863192061,0.6665832572222153
9,bernoulli,1,16,1.0,raw,17,0.4549369265519574,0.6029648276344312,0.3897479702209706,0.8573868812632857
38,bernoulli,1,16,1.0,raw,18,0.438889154309717,0.5852662363856393,0.3786996100995615,0.8740612139917696
21,bernoulli,1,16,1.0,raw,17,0.4387384664753059,0.6505546565350969,0.3710508622935034,0.8799614543181582
13,bernoulli,1,16,1.0,raw,17,0.4514244825642963,0.5793953488372093,0.3866820655146155,0.8735149389663703
49,bernoulli,1,16,1.0,raw,17,0.4583245587231486,0.5734418097953319,0.3861267297754785,0.8692910447761194
29,bernoulli,1,16,1.0,raw,17,0.4383498180695786,0.6218621792643072,0.4554605637038784,0.7473040521681764
22,bernoulli,1,16,1.0,raw,18,0.4477440553203437,0.5481871994080652,0.4006708420638002,0.8661635509245069
7,bernoulli,1,16,1.0,raw,18,0.4418981393909152,0.576480023330417,0.391670278099671,0.8640137344334546
10,bernoulli,1,16,1.0,raw,18,0.4476381108468614,0.6158611284469407,0.3869929256876902,0.8678678678678678
5,bernoulli,1,16,1.0,raw,17,0.4406315579839435,0.640650406504065,0.4672205450816877,0.6918429003021148
2,bernoulli,1,16,1.0,raw,18,0.4451292564426398,0.5752403905270147,0.3837998560972277,0.8677256797892205
34,bernoulli,1,16,1.0,raw,18,0.4509480073726409,0.5566240292370945,0.3915426538161395,0.8618574546549258
27,bernoulli,1,16,1.0,raw,18,0.4427778488632702,0.6083378427128427,0.4306283706787803,0.7732611021936864
14,bernoulli,1,16,1.0,raw,18,0.4351809379929888,0.5778266059027778,0.3855891829663144,0.8678025851938895
19,bernoulli,1,16,1.0,raw,18,0.4288410866853487,0.6170409254398757,0.4426544063110951,0.7726102223956302
23,bernoulli,1,16,1.0,raw,18,0.4504841273207455,0.5698083967314737,0.4208991101606972,0.8173736862099532
11,bernoulli,1,16,1.0,raw,18,0.4475600094224521,0.6202640910787608,0.4062885669594834,0.8334051614865893
40,bernoulli,1,16,1.0,raw,18,0.4442156953870991,0.6275034932463903,0.4363111965682917,0.779363950416582
28,bernoulli,1,16,1.0,raw,18,0.4409939350913496,0.6517507446234667,0.408641342688138,0.8267895091483958
36,bernoulli,1,16,1.0,raw,18,0.44923871866708,0.5920799286183901,0.4275628534200407,0.7960815253122946
0,bernoulli,1,16,1.0,raw,23,0.4508016479214128,0.6400642942583732,0.4338726315303197,0.7603672985781991
48,bernoulli,1,16,1.0,raw,18,0.4441644023076514,0.5942099529471757,0.3880572995282664,0.8661672145350763
4,bernoulli,1,16,1.0,raw,18,0.4551071354210469,0.5467609828741624,0.4934733563441827,0.6854434907010014
16,bernoulli,1,16,1.0,raw,18,0.4436227965376781,0.5763646922183507,0.4348238944517776,0.7815672250454859
44,bernoulli,1,16,1.0,raw,18,0.4422256662187674,0.5709478021978022,0.4373690545440334,0.8008393886244047
39,bernoulli,1,16,1.0,raw,19,0.4497129127208961,0.5803859261306069,0.4155434628866684,0.8204598616433584
18,bernoulli,1,16,1.0,raw,19,0.4503750059756178,0.6090149769585254,0.4255999958015026,0.7978943780155233
8,bernoulli,1,16,1.0,raw,18,0.4571621699170563,0.5422043010752688,0.4776075193175852,0.8556932907348243
20,bernoulli,1,16,1.0,raw,18,0.4444918348540786,0.6221590909090909,0.4662009069916286,0.716354292255794
6,bernoulli,1,16,1.0,raw,19,0.4520686596219118,0.5559563448020718,0.4396469366996159,0.8179876661780315
47,bernoulli,1,16,1.0,raw,19,0.4565257186486667,0.5609138257575758,0.4286699210251536,0.7947280079346914
30,bernoulli,1,16,1.0,raw,19,0.457813945807039,0.5510407101316193,0.4664035081383449,0.8207973644121326
32,bernoulli,1,16,1.0,raw,18,0.4490930132497199,0.573765453986715,0.4233510720986969,0.8009328477413584
46,bernoulli,1,16,1.0,raw,19,0.4437487400735511,0.6016746411483254,0.395581481100878,0.848065850296002
15,bernoulli,1,16,1.0,raw,19,0.4457018639081119,0.6056946381812397,0.4420589583697428,0.7639224856205987
31,bernoulli,1,16,1.0,raw,19,0.4529901830123174,0.5885215582013641,0.3848951867097714,0.873981448265259
24,bernoulli,1,16,1.0,raw,18,0.4522983804986666,0.5645389069340487,0.4138465894224194,0.8227173046251993
43,bernoulli,1,16,1.0,raw,19,0.4541063205920918,0.5859279609279608,0.398979865041759,0.8500889227642277
41,bernoulli,1,16,1.0,raw,18,0.4499521985096637,0.5883381644826677,0.4334732438072403,0.7868028279654361
12,bernoulli,1,16,1.0,raw,18,0.4350063236916952,0.6003751476275386,0.3871199713218081,0.8547280681318112
3,bernoulli,1,16,1.0,raw,19,0.4361381281021842,0.6463784281869105,0.4508666785624762,0.7503153883782602
35,bernoulli,1,16,1.0,raw,19,0.428190258370812,0.6456556667902608,0.4477215404731067,0.7821958653591305
17,bernoulli,1,16,1.0,raw,18,0.4532502593183328,0.5490374965787793,0.426945363608522,0.8007262709742049
37,bernoulli,1,16,1.0,raw,18,0.4479062685387949,0.5893491949162387,0.4116906845979596,0.8291651719366576
25,bernoulli,1,16,1.0,raw,18,0.441999273374012,0.571979628882614,0.4408421583259822,0.765644284551351
33,bernoulli,1,16,1.0,raw,18,0.4368206437585706,0.5837185650887574,0.4488208501241158,0.7681881754609027
26,bernoulli,1,16,1.0,raw,19,0.4458173266178561,0.6001686656671664,0.3977100613201656,0.8724161690399632
45,bernoulli,1,16,1.0,raw,18,0.4532753431901163,0.6221484811722449,0.4941048741129761,0.592015238687607
42,bernoulli,1,16,1.0,raw,19,0.4450156912555312,0.5864868303855453,0.4031089432054333,0.8321892393320964
38,bernoulli,1,16,1.0,raw,19,0.4391374259361223,0.5714753933037515,0.380641698987736,0.8688400205761317
9,bernoulli,1,16,1.0,raw,18,0.4552646794861665,0.6028482856676689,0.3913247516629098,0.8525407429901811
1,bernoulli,1,16,1.0,raw,19,0.4540124949403719,0.6391929499072356,0.4691039020989185,0.6928322093910693
21,bernoulli,1,16,1.0,raw,18,0.4387397231286808,0.6464035272872254,0.37762399380249,0.8744791124075425
7,bernoulli,1,16,1.0,raw,19,0.4425896335866376,0.5787158549625742,0.3903893713771623,0.8495233946599701
2,bernoulli,1,16,1.0,raw,19,0.4451624801644307,0.578166883899368,0.3899234957729155,0.8596423912209347
13,bernoulli,1,16,1.0,raw,18,0.4524768929878041,0.583139534883721,0.3712713719969086,0.8764238914716036
34,bernoulli,1,16,1.0,raw,19,0.4512149575541245,0.5752398355413431,0.3949962179992792,0.8622713930909912
19,bernoulli,1,16,1.0,raw,19,0.4303134693530986,0.6030669777388937,0.4446321443322113,0.7507218103784628
14,bernoulli,1,16,1.0,raw,19,0.4367337328365755,0.5546061197916666,0.416906343508539,0.8618096357226791
22,bernoulli,1,16,1.0,raw,19,0.4454369454753063,0.5708009618941916,0.3871513798132016,0.8577868015119012
27,bernoulli,1,16,1.0,raw,19,0.4426465458854848,0.6054292929292929,0.4338890479156462,0.7623194221508827
10,bernoulli,1,16,1.0,raw,19,0.4495145238655805,0.644592376857823,0.3853421611770148,0.8709361535448492
23,bernoulli,1,16,1.0,raw,19,0.4523177519922036,0.5778153470461163,0.4653196223106497,0.8189692288210713
49,bernoulli,1,16,1.0,raw,18,0.4583064327871012,0.5601256287230837,0.3768849484157042,0.874776119402985
29,bernoulli,1,16,1.0,raw,18,0.4379486270164415,0.6031337644577336,0.4716017601450702,0.7302149146177462
5,bernoulli,1,16,1.0,raw,18,0.4370529070150128,0.639167862266858,0.5013933437228172,0.6589228044587978
11,bernoulli,1,16,1.0,raw,19,0.4475712460804774,0.6370147443075774,0.4100527859935395,0.8337600770673833
28,bernoulli,1,16,1.0,raw,19,0.4415813368864774,0.6342550247426065,0.4075937056894942,0.8273467060591925
40,bernoulli,1,16,1.0,raw,19,0.4453226556791094,0.6352585002328831,0.4415351713164222,0.771667344035765
0,bernoulli,1,16,1.0,raw,24,0.4537290788719292,0.6379211523125996,0.4352552523901349,0.7759182464454977
36,bernoulli,1,16,1.0,raw,19,0.4491077451802109,0.5863858363858364,0.4229645434967659,0.8021564760026298
48,bernoulli,1,16,1.0,raw,19,0.4439870617523603,0.5796073522935354,0.3896523191024452,0.8548021303162345
39,bernoulli,1,16,1.0,raw,20,0.4491122907458895,0.5886294556507323,0.4446661591921336,0.784875329716817
16,bernoulli,1,16,1.0,raw,19,0.444148600564573,0.5815427797135114,0.4387006293339038,0.7892715979672501
4,bernoulli,1,16,1.0,raw,19,0.4559412943922028,0.5261355174981385,0.5104328626541379,0.6322552626200695
44,bernoulli,1,16,1.0,raw,19,0.4415973823413631,0.5997710622710622,0.4264250795953272,0.7992107241292908
18,bernoulli,1,16,1.0,raw,20,0.4511140728539037,0.5963421658986175,0.4343321930080374,0.8040434235368157
47,bernoulli,1,16,1.0,raw,20,0.4568567839616572,0.5527225378787878,0.424194511578201,0.8027517102820376
6,bernoulli,1,16,1.0,raw,20,0.4521566270782777,0.5573668146503884,0.4410854456650555,0.8161931961785371
30,bernoulli,1,16,1.0,raw,20,0.4579264359072793,0.5394602591572288,0.4166070557709191,0.8271386284539453
8,bernoulli,1,16,1.0,raw,19,0.4548184714177593,0.5846891070593736,0.4410251221086134,0.8611629392971246
31,bernoulli,1,16,1.0,raw,20,0.4530201001255291,0.5810657727430355,0.3870304277370498,0.8652436836980475
46,bernoulli,1,16,1.0,raw,20,0.444394654806406,0.5733901515151515,0.4002206953496918,0.8512556429594788
20,bernoulli,1,16,1.0,raw,19,0.444140380751946,0.605367288961039,0.492289078539248,0.6941653574951592
15,bernoulli,1,16,1.0,raw,20,0.4445487382663442,0.6153488485916355,0.4207105106424487,0.8017120894479385
32,bernoulli,1,16,1.0,raw,19,0.4489626112761403,0.5754910999219913,0.4393855742352829,0.7850616574020829
43,bernoulli,1,16,1.0,raw,20,0.4556351882674574,0.5735183619799004,0.412068857669025,0.8515688516260164
24,bernoulli,1,16,1.0,raw,19,0.4520917819884663,0.5740008473379467,0.4130805986929676,0.8252840909090909
41,bernoulli,1,16,1.0,raw,19,0.4503843361646263,0.5927940013894546,0.4324055276621951,0.7833857030636291
35,bernoulli,1,16,1.0,raw,20,0.437401266537443,0.6403164009393153,0.4498071879997767,0.7914789292340313
3,bernoulli,1,16,1.0,raw,20,0.4370892674352687,0.635854409660758,0.4531333692369694,0.7494271517211194
12,bernoulli,1,16,1.0,raw,19,0.4360038002760655,0.5892249264756965,0.3886937082570483,0.8595299112112035
37,bernoulli,1,16,1.0,raw,19,0.4482177528253764,0.6199377308952345,0.4093726347352632,0.8322016091836213
33,bernoulli,1,16,1.0,raw,19,0.4374259136685968,0.5677237426035504,0.4366907400794765,0.7925746980292435
25,bernoulli,1,16,1.0,raw,19,0.4432448856899966,0.5809802339653085,0.4595758725538044,0.7684278248995563
26,bernoulli,1,16,1.0,raw,20,0.448226645871337,0.5914308470764618,0.4466609282030079,0.8734241821058542
17,bernoulli,1,16,1.0,raw,19,0.4533062276496992,0.5596432807225618,0.4334390553320693,0.8017405459554221
38,bernoulli,1,16,1.0,raw,20,0.439353711221592,0.5558440903590157,0.3802258430873421,0.8784336419753087
42,bernoulli,1,16,1.0,raw,20,0.4482432180488391,0.5653899987275736,0.4132503425852883,0.8313278558176518
45,bernoulli,1,16,1.0,raw,19,0.4465664391847764,0.6273222483884012,0.4843219297315384,0.6033794640543202
1,bernoulli,1,16,1.0,raw,20,0.4536639986952438,0.6235621521335807,0.5039547150245307,0.6727638970560637
9,bernoulli,1,16,1.0,raw,19,0.4563317937561426,0.5834090856117289,0.3952708158265673,0.8622330195363903
2,bernoulli,1,16,1.0,raw,20,0.4451824634154097,0.5719696038167376,0.3833418514334992,0.864003785844013
7,bernoulli,1,16,1.0,raw,20,0.4419955817752629,0.5845484592203751,0.387470516498316,0.8638599907753804
34,bernoulli,1,16,1.0,raw,20,0.4511364349053328,0.570557332115121,0.3955449216411292,0.8570908908456888
14,bernoulli,1,16,1.0,raw,20,0.4355157918059647,0.5665283203125,0.394447261066335,0.8633372502937721
22,bernoulli,1,16,1.0,raw,20,0.4457095200048928,0.5828246392896781,0.395189830911312,0.8641842884870773
21,bernoulli,1,16,1.0,raw,19,0.4417179155156309,0.6389455662656254,0.3778690417618455,0.8822794041045943
19,bernoulli,1,16,1.0,raw,20,0.4300751584649743,0.6073928258967629,0.4415777261569623,0.7617765639224867
27,bernoulli,1,16,1.0,raw,20,0.4431554014217849,0.6191152597402597,0.4326659233249005,0.7613295880149814
23,bernoulli,1,16,1.0,raw,20,0.4507254005623316,0.559500328731098,0.4141091554375798,0.8212485754083828
11,bernoulli,1,16,1.0,raw,20,0.4420829750506608,0.6287094064949608,0.4201541879020979,0.8368782639557876
10,bernoulli,1,16,1.0,raw,20,0.4490575252302532,0.6380047615745557,0.3813488284983183,0.8713800757279018
13,bernoulli,1,16,1.0,raw,19,0.4531862283314508,0.5731627906976744,0.3707215500524641,0.869165103444526
29,bernoulli,1,16,1.0,raw,19,0.4381009640542215,0.5974086178522588,0.483473831616564,0.7121488924411966
49,bernoulli,1,16,1.0,raw,19,0.4598906639502698,0.5664881904364555,0.442310740008268,0.8742786069651742
5,bernoulli,1,16,1.0,raw,19,0.4388645214480276,0.6363940698230511,0.4560415523361033,0.7137201791853318
28,bernoulli,1,16,1.0,raw,20,0.4407214701674815,0.6121156687539576,0.4115569040878222,0.8276836158192091
40,bernoulli,1,16,1.0,raw,20,0.446951426793036,0.6296227293898464,0.4496239203280227,0.7798973785815891
36,bernoulli,1,16,1.0,raw,20,0.4490045451420593,0.5960129613975768,0.4270232398701752,0.7961867192636423
39,bernoulli,1,16,1.0,raw,21,0.4503215025426134,0.6406465874550981,0.4219970703125,0.8254616035435225
0,bernoulli,1,16,1.0,raw,25,0.4529714159641982,0.6448116028708134,0.4331491269854612,0.7744506678155966
18,bernoulli,1,16,1.0,raw,21,0.4505294255078613,0.5973982334869431,0.4311914307447895,0.7836296412838263
48,bernoulli,1,16,1.0,raw,20,0.4483648394158442,0.5469832881348075,0.4655408520796265,0.8667660474479525
16,bernoulli,1,16,1.0,raw,20,0.4440577044620669,0.5839140534262486,0.4357985381003409,0.7909028169897735
47,bernoulli,1,16,1.0,raw,21,0.4572513571969857,0.5296164772727272,0.4474337232781746,0.7837160804659088
4,bernoulli,1,16,1.0,raw,20,0.4556923024844412,0.5211218664681062,0.50275710024152,0.6630773554056817
30,bernoulli,1,16,1.0,raw,21,0.4575404729294612,0.5493572084481175,0.4227185293346378,0.83081705700945
44,bernoulli,1,16,1.0,raw,20,0.4424758038667454,0.5773351648351649,0.4205624507235644,0.8150714106740167
6,bernoulli,1,16,1.0,raw,21,0.4518424166411644,0.541944136145024,0.447854616243754,0.7953166860435728
31,bernoulli,1,16,1.0,raw,21,0.4535301633306772,0.5805109235926482,0.4028630840008121,0.867396094911085
46,bernoulli,1,16,1.0,raw,21,0.4438290901623481,0.5754834529505582,0.4023505645471146,0.8451193469034681
15,bernoulli,1,16,1.0,raw,21,0.4420214054633578,0.6012040231994714,0.4402303815658857,0.8006773101112724
8,bernoulli,1,16,1.0,raw,20,0.456145202018938,0.5806451612903226,0.4610909352076056,0.8555271565495207
20,bernoulli,1,16,1.0,raw,20,0.4440740295513373,0.624898538961039,0.4770581997438073,0.7028119786148356
43,bernoulli,1,16,1.0,raw,21,0.4554139891170843,0.5707006668545129,0.4171062018800179,0.8444105691056909
35,bernoulli,1,16,1.0,raw,21,0.4309944044997902,0.6339883821530096,0.4401316850474684,0.7692817386694937
32,bernoulli,1,16,1.0,raw,20,0.4491999746628344,0.5782568612155166,0.4232981484195344,0.7950099035205418
3,bernoulli,1,16,1.0,raw,21,0.4373326322035771,0.6114115279225976,0.4670856173366179,0.7422955124739321
41,bernoulli,1,16,1.0,raw,20,0.4525921911828984,0.5897036628895863,0.4550946441402713,0.7826656192720608
24,bernoulli,1,16,1.0,raw,20,0.4531005819910488,0.5785905945487925,0.4469942493986221,0.824773225677831
12,bernoulli,1,16,1.0,raw,20,0.4336067747617044,0.6007225065419263,0.4002985964824097,0.8615360720664751
26,bernoulli,1,16,1.0,raw,21,0.4460994559756521,0.5890882683658171,0.3892169370115146,0.8743428775583116
38,bernoulli,1,16,1.0,raw,21,0.4392865691857874,0.5724838644614764,0.3829971374237912,0.8712962962962963
42,bernoulli,1,16,1.0,raw,21,0.4447901824759647,0.5794375874793231,0.4050475628616007,0.8257222369467268
37,bernoulli,1,16,1.0,raw,20,0.4482783550223487,0.6166848672134576,0.4107520544415184,0.8322272331266336
33,bernoulli,1,16,1.0,raw,20,0.4370830797292278,0.573802699704142,0.4313731853797349,0.7851239669421487
25,bernoulli,1,16,1.0,raw,20,0.4423819030348164,0.5702148043565954,0.4532293659906191,0.760589270239752
17,bernoulli,1,16,1.0,raw,20,0.4541067143629967,0.5588678040324788,0.4571859472878112,0.790320560981718
45,bernoulli,1,16,1.0,raw,20,0.4486746104676958,0.6102190822807393,0.4879893384017013,0.5911081739491006
2,bernoulli,1,16,1.0,raw,21,0.4453026117933561,0.5809212306027594,0.3851756510771332,0.8598470314378535
34,bernoulli,1,16,1.0,raw,21,0.4507366740171122,0.5856327089995432,0.3940396220125359,0.8612804495622287
7,bernoulli,1,16,1.0,raw,21,0.4430485278485362,0.5669048313405269,0.3888088540852279,0.8594398606057501
27,bernoulli,1,16,1.0,raw,21,0.4431540732268733,0.5964894480519479,0.426367924226971,0.767174959871589
14,bernoulli,1,16,1.0,raw,21,0.4350803082973548,0.5894911024305556,0.386203750477117,0.8709492100796449
19,bernoulli,1,16,1.0,raw,21,0.4298155333764318,0.6113298337707787,0.4411223688682204,0.7654961633502406
9,bernoulli,1,16,1.0,raw,20,0.4563172950497915,0.5614525790737244,0.3878271421670016,0.8650167020953538
22,bernoulli,1,16,1.0,raw,21,0.4460716135174515,0.5528926193118757,0.3856828668106205,0.8575697211155379
23,bernoulli,1,16,1.0,raw,21,0.4504870051066749,0.5827697943082558,0.4167784739528652,0.8254653665949094
1,bernoulli,1,16,1.0,raw,21,0.4544501166713823,0.6091836734693877,0.5100266822211657,0.6841367748070114
10,bernoulli,1,16,1.0,raw,21,0.4504877824365024,0.6441994313847861,0.392218999623546,0.8648909779344561
21,bernoulli,1,16,1.0,raw,20,0.4392085772475878,0.6292361453129764,0.3755438754789436,0.8822794041045942
11,bernoulli,1,16,1.0,raw,21,0.4482210773491905,0.6263064576334454,0.4079691932994314,0.836105055011915
13,bernoulli,1,16,1.0,raw,20,0.4533079863075971,0.5681395348837209,0.3701107457387966,0.8698039855367968
29,bernoulli,1,16,1.0,raw,20,0.439349946519174,0.6241105161903437,0.4579360027182024,0.7301134201111366
49,bernoulli,1,16,1.0,raw,20,0.4585837705913836,0.5549451823007209,0.3751982721056122,0.8779726368159203
5,bernoulli,1,16,1.0,raw,20,0.4394573804861232,0.6355093256814921,0.4581327450970571,0.7085373476403792
40,bernoulli,1,16,1.0,raw,21,0.4474901693479056,0.6304611085235212,0.4474288109677538,0.7865398293029873
28,bernoulli,1,16,1.0,raw,21,0.4404731441466717,0.6138746218250897,0.408811198444916,0.8302622712901052
39,bernoulli,1,16,1.0,raw,22,0.4497081081447899,0.5955604679008935,0.4409029969707716,0.8222764146717763
18,bernoulli,1,16,1.0,raw,22,0.451645557064517,0.5845574116743472,0.4154156760079915,0.8010016782043214
36,bernoulli,1,16,1.0,raw,21,0.4483460781733324,0.5870432985817602,0.428789275013719,0.7914003944773175
47,bernoulli,1,16,1.0,raw,22,0.4581635135267144,0.5278645833333333,0.4551310692633678,0.7852928460619008
0,bernoulli,1,16,1.0,raw,26,0.4496024276236414,0.6143341307814991,0.4391833176463249,0.7649181387333046
6,bernoulli,1,16,1.0,raw,22,0.4510703695149108,0.5609045504994451,0.4428552122117953,0.8046302380832028
30,bernoulli,1,16,1.0,raw,22,0.4589768916392526,0.5443577186001429,0.4063688984521095,0.834037230155683
46,bernoulli,1,16,1.0,raw,22,0.4441852523673846,0.5873205741626795,0.3959042105044467,0.8453491201038034
31,bernoulli,1,16,1.0,raw,22,0.4550612614335415,0.5262628597849959,0.4894354187608528,0.8608555834571823
15,bernoulli,1,16,1.0,raw,22,0.4438772663777275,0.6157404008516262,0.4204890833899339,0.798164274579369
16,bernoulli,1,16,1.0,raw,21,0.444116710196812,0.5803329461866047,0.4349035978100025,0.7861346383085513
48,bernoulli,1,16,1.0,raw,21,0.4488113214253945,0.5698954639223048,0.4749997578168553,0.8640904110287184
4,bernoulli,1,16,1.0,raw,21,0.4556726820318932,0.5274137503102507,0.4984216962598933,0.6575081749437972
44,bernoulli,1,16,1.0,raw,21,0.4419227886122395,0.5826236263736264,0.4580577343247672,0.7819343522926585
43,bernoulli,1,16,1.0,raw,22,0.4544504117761744,0.5824175824175823,0.3982896343439676,0.8527184959349594
8,bernoulli,1,16,1.0,raw,21,0.4560194634960099,0.5532491818606825,0.4556048868656142,0.8538402555910541
35,bernoulli,1,16,1.0,raw,22,0.4302656618888427,0.6409096527005315,0.4508992647231015,0.7640604293665518
3,bernoulli,1,16,1.0,raw,22,0.4395580759822491,0.645190232546861,0.4717506529061105,0.7352668571869931
20,bernoulli,1,16,1.0,raw,21,0.4463189780728445,0.5999137581168831,0.4716172423797696,0.6962356752280394
32,bernoulli,1,16,1.0,raw,21,0.4489678387030264,0.587807011323074,0.4337001532514555,0.7863778672289311
38,bernoulli,1,16,1.0,raw,22,0.4389298948095969,0.5755344897135942,0.3784473826144126,0.8796424897119342
42,bernoulli,1,16,1.0,raw,22,0.4483407770245609,0.5576027484412776,0.4334425791557648,0.8284521600848131
26,bernoulli,1,16,1.0,raw,22,0.4462379743521115,0.584684220389805,0.3935688480073031,0.8762057877813506
41,bernoulli,1,16,1.0,raw,21,0.4500732090791959,0.5945667537072085,0.4321421303315114,0.7804529981670595
24,bernoulli,1,16,1.0,raw,21,0.4523899430323282,0.5615261497905193,0.4145839933968406,0.8245738636363635
12,bernoulli,1,16,1.0,raw,21,0.4328240100418075,0.6170252182571846,0.4031961356098466,0.8601900028474542
33,bernoulli,1,16,1.0,raw,21,0.4372881478593172,0.5823086168639053,0.4472001706666825,0.779135410044501
37,bernoulli,1,16,1.0,raw,21,0.448126584772476,0.5893724296568229,0.4069110004477924,0.836724235125301
25,bernoulli,1,16,1.0,raw,21,0.4418646702240211,0.5646177894312222,0.4545183627497167,0.7547202016753762
17,bernoulli,1,16,1.0,raw,21,0.4529653136276637,0.5675348964510537,0.4301355626750196,0.8044828449787127
2,bernoulli,1,16,1.0,raw,22,0.4452516279945833,0.5715269409536926,0.3924802971407896,0.8677000997621057
7,bernoulli,1,16,1.0,raw,22,0.4428516286927485,0.5747302420530768,0.3944557419839512,0.8480756418797724
14,bernoulli,1,16,1.0,raw,22,0.4358797554684391,0.5534939236111112,0.391129435040159,0.8685533359446403
27,bernoulli,1,16,1.0,raw,22,0.4432921337610832,0.5896464646464645,0.4407127130740477,0.7659176029962547
45,bernoulli,1,16,1.0,raw,21,0.4481882299721289,0.6224933989866552,0.4886067945534135,0.5725198258435702
34,bernoulli,1,16,1.0,raw,22,0.4508503184964799,0.5748058474189128,0.3923073209427101,0.8600010034871177
23,bernoulli,1,16,1.0,raw,22,0.450221460207817,0.6070489339720109,0.4159865033339897,0.8225275421045968
22,bernoulli,1,16,1.0,raw,22,0.4458306460284709,0.5625,0.3881561653475557,0.8510317703544796
19,bernoulli,1,16,1.0,raw,22,0.4326887911058641,0.6002478856809565,0.4736189850037377,0.7540642476264793
10,bernoulli,1,16,1.0,raw,22,0.4473075680452173,0.641841758546564,0.384475501807905,0.8711972842407625
9,bernoulli,1,16,1.0,raw,21,0.4562122799683508,0.5802857609025011,0.3915778935383307,0.8646371090191314
11,bernoulli,1,16,1.0,raw,22,0.4483584583550279,0.6477696901829041,0.4096228810029432,0.8386021396339299
1,bernoulli,1,16,1.0,raw,22,0.4541790967809324,0.6153293135435992,0.493302475040946,0.674940883556245
21,bernoulli,1,16,1.0,raw,21,0.4385389185960555,0.6506484673655575,0.3770584789360796,0.8808339410355246
13,bernoulli,1,16,1.0,raw,21,0.4525882896679213,0.5884651162790698,0.374891404481452,0.8647473017426529
29,bernoulli,1,16,1.0,raw,21,0.4382387123612766,0.6293952669030897,0.4711254014347235,0.7422166400243587
5,bernoulli,1,16,1.0,raw,21,0.4381393971438045,0.6211142993782879,0.4729809237054921,0.7094749453068028
49,bernoulli,1,16,1.0,raw,21,0.4582460024025089,0.5746007463551446,0.3742586397321736,0.8761691542288558
39,bernoulli,1,16,1.0,raw,23,0.4513099756300994,0.5884222160817906,0.4193733891542882,0.8262205743293684
40,bernoulli,1,16,1.0,raw,22,0.4450972187271589,0.6235444806707032,0.4365817378835887,0.7805578134525503
18,bernoulli,1,16,1.0,raw,23,0.4606435290922739,0.5339381720430108,0.4864863555755167,0.7963472834067548
28,bernoulli,1,16,1.0,raw,22,0.4400471889322843,0.6248035835737236,0.4183401614495651,0.826024983154512
47,bernoulli,1,16,1.0,raw,23,0.4572087456752807,0.5302083333333333,0.423941460850898,0.8084611276417183
6,bernoulli,1,16,1.0,raw,23,0.4516446167618184,0.5602802441731409,0.4230495280202873,0.8216903401910732
31,bernoulli,1,16,1.0,raw,23,0.4530764751102367,0.5935729973413478,0.3995320488627492,0.8698944293547891
15,bernoulli,1,16,1.0,raw,23,0.4463710751292855,0.620757164182757,0.4457734215520661,0.7833548352416276
30,bernoulli,1,16,1.0,raw,23,0.4595768452644914,0.5595857565554535,0.4209304938975833,0.8304578838508319
36,bernoulli,1,16,1.0,raw,22,0.4493373880045408,0.5834976988823143,0.4305541575145926,0.7884681130834977
0,bernoulli,1,16,1.0,raw,27,0.4581671886872451,0.5927781100478469,0.4599797919229806,0.7652682033606204
46,bernoulli,1,16,1.0,raw,23,0.4443654480241517,0.5713466905901116,0.3940627271574426,0.8500121644635472
43,bernoulli,1,16,1.0,raw,23,0.4547888691959268,0.5644078144078144,0.39658512282417,0.8442454268292683
16,bernoulli,1,16,1.0,raw,22,0.4441794654416898,0.5744531552458382,0.4619798996441806,0.7781918564527259
4,bernoulli,1,16,1.0,raw,22,0.4559205570694113,0.5335318937701663,0.4907389472041287,0.6861843449826281
48,bernoulli,1,16,1.0,raw,22,0.4475888246418268,0.5803143035950211,0.4523456052962816,0.8617970083836608
44,bernoulli,1,16,1.0,raw,22,0.4427224343989964,0.5711538461538461,0.4334415134169861,0.7882736156351792
8,bernoulli,1,16,1.0,raw,22,0.4553973015940235,0.5755259467040673,0.4470374845665343,0.8598594249201278
3,bernoulli,1,16,1.0,raw,23,0.4347603543108592,0.6445597613909164,0.4622780976346258,0.7385623439149352
35,bernoulli,1,16,1.0,raw,23,0.4314602263443017,0.6454579162031888,0.4279395878393923,0.7912138881526636
38,bernoulli,1,16,1.0,raw,23,0.4394510735357932,0.5629538120209762,0.3804952396829414,0.8756815843621399
42,bernoulli,1,16,1.0,raw,23,0.4489009728338943,0.590100521694872,0.4160526599428124,0.8319904585210707
20,bernoulli,1,16,1.0,raw,22,0.444511479506283,0.6144480519480519,0.4780397189509137,0.711519491432538
26,bernoulli,1,16,1.0,raw,23,0.4461709498531293,0.5917822338830585,0.389566169027465,0.8729265554024396
32,bernoulli,1,16,1.0,raw,22,0.4491069322822291,0.571330638488996,0.4258541254795295,0.7952335314037442
41,bernoulli,1,16,1.0,raw,22,0.4533306510170419,0.5706345974175311,0.4616835746985576,0.7795365278868813
24,bernoulli,1,16,1.0,raw,22,0.4532468401771904,0.567210375182413,0.4564514721253627,0.7939967105263157
33,bernoulli,1,16,1.0,raw,22,0.4384521443592001,0.5710059171597632,0.4412192226947473,0.792396694214876
12,bernoulli,1,16,1.0,raw,22,0.4348451923726127,0.5985920385336823,0.3942244630536461,0.8616007869327742
37,bernoulli,1,16,1.0,raw,22,0.4470622837317312,0.6132809777178838,0.41982773901135,0.8353789781171526
7,bernoulli,1,16,1.0,raw,23,0.4415599082930112,0.6045615825799553,0.3888603596875838,0.8646799569517758
25,bernoulli,1,16,1.0,raw,22,0.4443788947834747,0.5640127067365873,0.4593340576507124,0.7668522360232137
14,bernoulli,1,16,1.0,raw,23,0.4359287931058138,0.5493977864583333,0.3845099553393163,0.8690821256038648
2,bernoulli,1,16,1.0,raw,23,0.4452993658705487,0.568575855200059,0.3901345034501794,0.8621876039188602
23,bernoulli,1,16,1.0,raw,23,0.4516715218428509,0.5863623555931248,0.4478592577080585,0.8217804229454224
27,bernoulli,1,16,1.0,raw,23,0.4415704202447852,0.6071203102453102,0.4480287130810437,0.7801163723916531
17,bernoulli,1,16,1.0,raw,22,0.4539960513027233,0.566919076726576,0.4415388498904287,0.8049336338592538
34,bernoulli,1,16,1.0,raw,23,0.4533210856288511,0.5687756966651439,0.4097013948646322,0.8547326961190136
22,bernoulli,1,16,1.0,raw,23,0.4462460720466397,0.5625,0.3901874762258135,0.8573909490244151
10,bernoulli,1,16,1.0,raw,23,0.4493332095072903,0.642280932898782,0.3848903279648505,0.8676459067763416
19,bernoulli,1,16,1.0,raw,23,0.4290887649287675,0.6114513463594827,0.4530476142310229,0.7609702171933932
45,bernoulli,1,16,1.0,raw,22,0.4477866191000362,0.6249910797116962,0.4861703639778588,0.5883157103612708
11,bernoulli,1,16,1.0,raw,23,0.4479245159289416,0.6257232176185145,0.4114305410374648,0.8345713126806268
9,bernoulli,1,16,1.0,raw,22,0.4552354336083566,0.5844579633125888,0.4077924094969826,0.8691416135236361
1,bernoulli,1,16,1.0,raw,23,0.4549984514293937,0.6028756957328386,0.5356788589480256,0.6628298322219024
21,bernoulli,1,16,1.0,raw,22,0.4412428291753941,0.6561364009474893,0.3815465352360625,0.8767449734347327
13,bernoulli,1,16,1.0,raw,22,0.4525540470808443,0.5617209302325581,0.3749164845929054,0.8732022945382378
5,bernoulli,1,16,1.0,raw,22,0.4398525033896261,0.6318627450980393,0.469303297288164,0.6651474111886654
29,bernoulli,1,16,1.0,raw,22,0.4378306978243436,0.6195906636070743,0.4842514680417741,0.7399710740656161
49,bernoulli,1,16,1.0,raw,22,0.4589937249712552,0.5602299330134668,0.3759204178541706,0.8733830845771144
39,bernoulli,1,16,1.0,raw,24,0.4488108898070742,0.5991065671916735,0.4187502462471764,0.8131687652416264
18,bernoulli,1,16,1.0,raw,24,0.4513564289681054,0.595766129032258,0.4332258708682044,0.7992448080553807
47,bernoulli,1,16,1.0,raw,24,0.4568870838722479,0.5441287878787879,0.425794163779312,0.8063375804277613
40,bernoulli,1,16,1.0,raw,23,0.4452330033133416,0.6285980437820214,0.4327263446812754,0.7846220280430808
6,bernoulli,1,16,1.0,raw,24,0.4516378036329075,0.5442101368849426,0.4230595312928737,0.818278319769499
15,bernoulli,1,16,1.0,raw,24,0.4431898658473033,0.5966277561608301,0.4377308474903584,0.7810836961780359
31,bernoulli,1,16,1.0,raw,24,0.4531208564305765,0.593087504334759,0.3918311190639278,0.8691641469789371
28,bernoulli,1,16,1.0,raw,23,0.4399950712372251,0.6178146767044255,0.4238538250844045,0.8264396413206864
30,bernoulli,1,16,1.0,raw,24,0.4577811682854222,0.5294612794612794,0.4342574118210616,0.8390161132510124
46,bernoulli,1,16,1.0,raw,24,0.4463078434370967,0.5916068580542264,0.3971214062663511,0.8406320114616278
0,bernoulli,1,16,1.0,raw,28,0.4474762499756375,0.6223086124401915,0.450640658795669,0.7771300086169753
36,bernoulli,1,16,1.0,raw,23,0.4499408391634403,0.5682821452052221,0.4378638117235026,0.7850624589086127
43,bernoulli,1,16,1.0,raw,24,0.4547995996096433,0.5679768948999718,0.3958174447166845,0.8463541666666666
48,bernoulli,1,16,1.0,raw,23,0.4449649257446013,0.5797464246807129,0.3881771638925519,0.8650077720867415
16,bernoulli,1,16,1.0,raw,23,0.4434690297848787,0.6010452961672473,0.4283215572758306,0.7920823138214442
4,bernoulli,1,16,1.0,raw,23,0.4562790051476826,0.5227599900719782,0.4807750996818318,0.6881514408338443
44,bernoulli,1,16,1.0,raw,23,0.4425135876029589,0.5783653846153847,0.4207436792632136,0.807617138561764
3,bernoulli,1,16,1.0,raw,24,0.4351013368102508,0.6416013967360993,0.4540132990550824,0.7442264617285859
35,bernoulli,1,16,1.0,raw,24,0.4350676359014054,0.6530960326288469,0.4297154677565792,0.7921017757752451
38,bernoulli,1,16,1.0,raw,24,0.4395795174142295,0.561668011294877,0.3790662172202857,0.8796939300411522
42,bernoulli,1,16,1.0,raw,24,0.4454056659079883,0.5890571319506299,0.4010521424977138,0.8192154783991518
8,bernoulli,1,16,1.0,raw,23,0.4554154287963033,0.566982234689107,0.4512077581494913,0.8577252396166134
26,bernoulli,1,16,1.0,raw,24,0.4462048140122927,0.5938437031484258,0.3925910871652731,0.8731945082427398
20,bernoulli,1,16,1.0,raw,23,0.446627265446125,0.6147524350649352,0.4670376495862187,0.7235638693020594
32,bernoulli,1,16,1.0,raw,23,0.4490706655812479,0.5906673285582584,0.4310729838309471,0.7890358443549932
24,bernoulli,1,16,1.0,raw,23,0.452487892283953,0.562891305371181,0.4220612609259868,0.821757874800638
41,bernoulli,1,16,1.0,raw,23,0.4514444031771837,0.5752341709987303,0.4364752348159114,0.7892903901544908
7,bernoulli,1,16,1.0,raw,24,0.4416706339939839,0.5929328278409643,0.3904333598206073,0.8598626556654537
14,bernoulli,1,16,1.0,raw,24,0.4358963184662415,0.561984592013889,0.3861589136404554,0.8679592636114375
23,bernoulli,1,16,1.0,raw,24,0.4517178885188773,0.5769700385085,0.4473356833415169,0.8264024313030264
2,bernoulli,1,16,1.0,raw,24,0.4445325646942488,0.5998573641885744,0.3871371962695731,0.8639654158033407
33,bernoulli,1,16,1.0,raw,23,0.4378038951727946,0.5804132766272189,0.4572967019234754,0.7791862682771774
37,bernoulli,1,16,1.0,raw,23,0.4482889919736007,0.6127465786844489,0.4102075090621228,0.8295879669963615
27,bernoulli,1,16,1.0,raw,24,0.442549448860333,0.6057449494949495,0.4353882368136239,0.778036383092563
12,bernoulli,1,16,1.0,raw,23,0.4330694964241893,0.6035476923789453,0.3977375427071994,0.8652636483653025
22,bernoulli,1,16,1.0,raw,24,0.4454602113652707,0.5862467628560858,0.3884425996612894,0.8647142200429053
10,bernoulli,1,16,1.0,raw,24,0.4510535212919865,0.6463721887062849,0.3906748739828579,0.8690168429298863
19,bernoulli,1,16,1.0,raw,24,0.4299101512765473,0.5956547098279382,0.4511054844745477,0.7515801794771753
34,bernoulli,1,16,1.0,raw,24,0.4512119523120294,0.5641845591594336,0.3932559675805468,0.8595745214620808
25,bernoulli,1,16,1.0,raw,23,0.4426259599980671,0.5724586526825333,0.4886690049731336,0.7439799375016412
11,bernoulli,1,16,1.0,raw,24,0.4493519461160388,0.6497293766330722,0.4121856438086696,0.8334558637124171
17,bernoulli,1,16,1.0,raw,23,0.4530380922042765,0.5665085302435909,0.4242509587321466,0.8070623591284749
45,bernoulli,1,16,1.0,raw,23,0.4512122165099391,0.5912486024881658,0.4911666455786089,0.598675685481781
9,bernoulli,1,16,1.0,raw,23,0.4556137665461365,0.5976738223434259,0.3927858666531003,0.8579562708776192
1,bernoulli,1,16,1.0,raw,24,0.4549001091780231,0.6045454545454545,0.511739774082811,0.6701114767225093
21,bernoulli,1,16,1.0,raw,23,0.439124056210523,0.6305260442318066,0.3788925247066101,0.8851312636732992
5,bernoulli,1,16,1.0,raw,23,0.440112640555098,0.6094930655188905,0.4887533728246581,0.6379831232420043
13,bernoulli,1,16,1.0,raw,23,0.4528619726309419,0.6122790697674418,0.3715829736444501,0.8731615148302204
49,bernoulli,1,16,1.0,raw,23,0.4582964672809795,0.5688987784808659,0.373878371191306,0.8737686567164179
29,bernoulli,1,16,1.0,raw,23,0.4391821131562486,0.5927265141506155,0.4698392292765553,0.7475704752480272
39,bernoulli,1,16,1.0,raw,25,0.4520522441663164,0.5750898038132082,0.4179801226343235,0.8190787836559996
47,bernoulli,1,16,1.0,raw,25,0.4573087257499565,0.5333570075757575,0.4454222594065578,0.7943973957935964
18,bernoulli,1,16,1.0,raw,25,0.4514714852186379,0.5784610215053764,0.4226545795682661,0.8069016152716594
6,bernoulli,1,16,1.0,raw,25,0.4513195671338598,0.5704541250462449,0.4224707494293785,0.8142344437143001
15,bernoulli,1,16,1.0,raw,25,0.4423535402562697,0.6101852531630081,0.4300133423343201,0.7998306724721819
31,bernoulli,1,16,1.0,raw,25,0.4535811528878778,0.5502716448965438,0.4112669121241774,0.8717393532516784
46,bernoulli,1,16,1.0,raw,25,0.4485124591821314,0.5660386762360446,0.4050395980361987,0.8496201984159165
40,bernoulli,1,16,1.0,raw,24,0.4451999354727031,0.6469492314857941,0.4346115778500858,0.7799481812639707
30,bernoulli,1,16,1.0,raw,25,0.4584991487476429,0.555198449137843,0.4085209717859337,0.8304207280068368
28,bernoulli,1,16,1.0,raw,24,0.4399039266288783,0.6096296817467577,0.4247087918488689,0.8295495775669931
43,bernoulli,1,16,1.0,raw,25,0.4539593709829071,0.5810556964403117,0.4009562335316959,0.8456808943089431
36,bernoulli,1,16,1.0,raw,24,0.4495927663431605,0.5733539964309196,0.4333280144267222,0.776173570019724
0,bernoulli,1,16,1.0,raw,29,0.4488985994020988,0.6164025119617225,0.4477819103273635,0.7672070228349849
38,bernoulli,1,16,1.0,raw,25,0.4398521476743474,0.5537010891488504,0.382107143235694,0.869264403292181
35,bernoulli,1,16,1.0,raw,25,0.4370063483052083,0.6311704362872328,0.4411465040950187,0.7895838855022528
3,bernoulli,1,16,1.0,raw,25,0.436786069100094,0.6234147287761584,0.4510785456315886,0.7404289281944336
4,bernoulli,1,16,1.0,raw,24,0.4560243976344569,0.5331844130057085,0.4814164035002469,0.6807684447169424
16,bernoulli,1,16,1.0,raw,24,0.4458873451647787,0.5419812233836625,0.4639263878238882,0.7886943973900494
48,bernoulli,1,16,1.0,raw,24,0.4477833079894374,0.5974665646802494,0.4578979946155876,0.8602298499095381
42,bernoulli,1,16,1.0,raw,25,0.4452961031923365,0.5452856597531492,0.4178839445979749,0.8336867214418235
44,bernoulli,1,16,1.0,raw,24,0.4441632113253735,0.5987408424908425,0.4354340103412569,0.8004635429716863
26,bernoulli,1,16,1.0,raw,25,0.4461848431524281,0.5859492128935533,0.3890704119693617,0.8746363497167354
8,bernoulli,1,16,1.0,raw,24,0.4564957048562955,0.5676484338475924,0.4647864939585466,0.8618785942492013
14,bernoulli,1,16,1.0,raw,25,0.436153075537158,0.5693630642361112,0.3927020546320997,0.8678809244026636
23,bernoulli,1,16,1.0,raw,25,0.4509932259264467,0.5908471870010332,0.4310277324591893,0.821109282005825
7,bernoulli,1,16,1.0,raw,25,0.4422435920374008,0.5966754155730534,0.3886558874474693,0.8582227233126632
32,bernoulli,1,16,1.0,raw,24,0.4492109878532845,0.5663664515518994,0.4217911919601157,0.7967158648009711
2,bernoulli,1,16,1.0,raw,25,0.4450282812775566,0.5877087278361164,0.3849629898055291,0.8643107461693911
20,bernoulli,1,16,1.0,raw,24,0.4463012326373737,0.6201552353896104,0.4900589891368038,0.7118239499226675
24,bernoulli,1,16,1.0,raw,24,0.4530409044298921,0.5672692180953726,0.4391657758730275,0.8153284489633175
41,bernoulli,1,16,1.0,raw,24,0.4504293631894138,0.5863498071532952,0.4326759625673291,0.7828620057606703
33,bernoulli,1,16,1.0,raw,24,0.4374337316460571,0.5764376849112426,0.436436245464831,0.7732994278448824
22,bernoulli,1,16,1.0,raw,25,0.4462520325237757,0.5707315945246023,0.385688546229532,0.8635075084278272
27,bernoulli,1,16,1.0,raw,25,0.4426605666327474,0.610705266955267,0.4381739500347805,0.7670411985018728
19,bernoulli,1,16,1.0,raw,25,0.4296001865800793,0.5981335666375037,0.4499073886940392,0.7407075042268176
34,bernoulli,1,16,1.0,raw,25,0.4517637226857758,0.5455116491548653,0.3940869463992056,0.8648302852412133
11,bernoulli,1,16,1.0,raw,25,0.4482746486503522,0.6456000373273609,0.404972047076612,0.8337727526238402
10,bernoulli,1,16,1.0,raw,25,0.4500988507311865,0.6239049534244042,0.3819810635419313,0.8656352004178092
37,bernoulli,1,16,1.0,raw,24,0.4489116282262058,0.6141871326006645,0.4105259818323961,0.8332265669041152
12,bernoulli,1,16,1.0,raw,24,0.434979689578844,0.6067897089132298,0.3930703867835133,0.8494732209883255
25,bernoulli,1,16,1.0,raw,24,0.4432969574537103,0.5710972166196047,0.4636821498230543,0.7582915364617526
45,bernoulli,1,16,1.0,raw,24,0.4452550081317311,0.6351721020956731,0.4793423886751386,0.6244104079199709
17,bernoulli,1,16,1.0,raw,24,0.453522951393848,0.5608977283094607,0.4458549608647422,0.8073503631354872
9,bernoulli,1,16,1.0,raw,24,0.4560138267493397,0.5808917791296646,0.387691622699696,0.8663199716570502
1,bernoulli,1,16,1.0,raw,25,0.4542731832425852,0.6205936920222634,0.47940289506981,0.695384538391282
21,bernoulli,1,16,1.0,raw,24,0.4393437736940476,0.6425338305307347,0.3757931150280262,0.8773570163558704
5,bernoulli,1,16,1.0,raw,24,0.4389743485657567,0.6105691056910569,0.4896581082022432,0.6940306281904365
13,bernoulli,1,16,1.0,raw,24,0.4531784190555843,0.5778837209302325,0.3680784900085528,0.8749286355109698
49,bernoulli,1,16,1.0,raw,24,0.4576091698901933,0.5714484389124539,0.400532506599845,0.876386815920398
29,bernoulli,1,16,1.0,raw,24,0.4383757205540609,0.6052198502653965,0.4727496850846329,0.7380299916267032
39,bernoulli,1,16,1.0,raw,26,0.4507488893631694,0.598369715390992,0.4190077479506486,0.8250758970785845
47,bernoulli,1,16,1.0,raw,26,0.4583075545026071,0.5120265151515152,0.4455514066205848,0.7997634851606011
18,bernoulli,1,16,1.0,raw,26,0.4523881313972128,0.6101190476190476,0.4161179107859692,0.80254877281309
6,bernoulli,1,16,1.0,raw,26,0.4516787138554544,0.5841194968553458,0.4170087145493958,0.8092048728706466
31,bernoulli,1,16,1.0,raw,26,0.452966744641184,0.5751242630909722,0.3959288251870413,0.8706503356736535
15,bernoulli,1,16,1.0,raw,26,0.4440549192378823,0.6013263832807185,0.4238093323650382,0.7944820727839595
30,bernoulli,1,16,1.0,raw,26,0.4575789666424553,0.5396898275686155,0.4303074266166498,0.8321051262679432
46,bernoulli,1,16,1.0,raw,26,0.4447056500288902,0.5828847687400319,0.39793972635942,0.843767739842673
40,bernoulli,1,16,1.0,raw,25,0.4454415117738545,0.6287144853283652,0.4335332433049385,0.7840504978662873
28,bernoulli,1,16,1.0,raw,25,0.4394485134306645,0.6339149604821877,0.4237764036904171,0.8284740579484788
43,bernoulli,1,16,1.0,raw,26,0.4553640883314082,0.5654174884944115,0.4087333156376994,0.8492378048780488
36,bernoulli,1,16,1.0,raw,25,0.4492514888609265,0.5855640086409317,0.4309839457655082,0.7829848783694938
0,bernoulli,1,16,1.0,raw,30,0.4498662842661207,0.6302830940988836,0.4407835086844422,0.7641641533821628
35,bernoulli,1,16,1.0,raw,26,0.4338017385830034,0.6355827462612781,0.4293923317855295,0.7861913596607474
38,bernoulli,1,16,1.0,raw,26,0.4391913757696066,0.5731141589350545,0.3812855805538092,0.8743698559670783
42,bernoulli,1,16,1.0,raw,26,0.4473681103425526,0.5859524112482504,0.4007017462028571,0.8275642724622316
3,bernoulli,1,16,1.0,raw,26,0.4388617881507275,0.56866073377143,0.451014437598749,0.7634587163049356
4,bernoulli,1,16,1.0,raw,25,0.4555182395731527,0.5381484239265326,0.4919698627611752,0.665759758839158
16,bernoulli,1,16,1.0,raw,25,0.4446064722814001,0.580574912891986,0.4604471313817596,0.782106782106782
48,bernoulli,1,16,1.0,raw,25,0.4484429501989835,0.6178059013049626,0.4699419126733418,0.8655938638738119
26,bernoulli,1,16,1.0,raw,26,0.4465388093808125,0.5798936469265368,0.3900541521342589,0.8752232940335833
44,bernoulli,1,16,1.0,raw,25,0.4430749123462852,0.5702838827838828,0.4312891327338191,0.8138436482084691
8,bernoulli,1,16,1.0,raw,25,0.4564995566550835,0.5587307152875175,0.4635673919425784,0.8527412140575082
14,bernoulli,1,16,1.0,raw,26,0.4353197300920523,0.5867241753472222,0.3861490542402074,0.8681159420289856
23,bernoulli,1,16,1.0,raw,26,0.4531923441335367,0.5635625058701982,0.4680113535801922,0.8238318348740028
2,bernoulli,1,16,1.0,raw,26,0.445205374431045,0.5796178343949046,0.3852620480526811,0.86298058475942
32,bernoulli,1,16,1.0,raw,25,0.4493925504745658,0.5835756329338344,0.432586272708771,0.79401955146636
7,bernoulli,1,16,1.0,raw,26,0.4425795498696241,0.5855448624477496,0.3866875953840671,0.8604776302977502
27,bernoulli,1,16,1.0,raw,26,0.4423760083077379,0.5958468614718614,0.4582928256716643,0.7700374531835207
22,bernoulli,1,16,1.0,raw,26,0.4463942255704594,0.5557482426933038,0.3831543272097903,0.863098886505261
20,bernoulli,1,16,1.0,raw,25,0.4450615460182425,0.6110237418831168,0.4812398940424818,0.6930327719118776
24,bernoulli,1,16,1.0,raw,25,0.4526646182649911,0.5627265452148943,0.4192326234106506,0.8183811802232854
34,bernoulli,1,16,1.0,raw,26,0.4513712851034223,0.5588853357697579,0.3960591558815179,0.8576302651714708
41,bernoulli,1,16,1.0,raw,25,0.4526682886926545,0.5829360611359988,0.4550671064491831,0.7824823252160251
11,bernoulli,1,16,1.0,raw,26,0.4499417664677593,0.6193775662560657,0.4134524547844949,0.8418851087562744
19,bernoulli,1,16,1.0,raw,26,0.4340927414490029,0.6089967920676582,0.4584018338195043,0.7636493692287684
33,bernoulli,1,16,1.0,raw,25,0.4373163791608203,0.5716531065088758,0.4315128568842358,0.7810807374443738
10,bernoulli,1,16,1.0,raw,26,0.4474693234281011,0.6227954603240644,0.3930272811467238,0.8698655176916046
37,bernoulli,1,16,1.0,raw,25,0.4491549902738845,0.5801017681637585,0.4088064599196765,0.8284605135038179
12,bernoulli,1,16,1.0,raw,25,0.4363348978280233,0.5950952921288469,0.3880348736401102,0.8603970904196112
25,bernoulli,1,16,1.0,raw,25,0.4431996330824342,0.5661809197256958,0.4603538373940298,0.7480370788582232
45,bernoulli,1,16,1.0,raw,25,0.4488664323546286,0.6379314446109565,0.4887856586550876,0.5852835225211217
17,bernoulli,1,16,1.0,raw,25,0.4532894954043228,0.5629048444484992,0.4231928797976957,0.8081517655897821
9,bernoulli,1,16,1.0,raw,25,0.456520414560284,0.5916835652518472,0.395184721669535,0.8667628302459762
1,bernoulli,1,16,1.0,raw,26,0.4545857299225194,0.6250695732838589,0.509025182134797,0.6753787831396149
21,bernoulli,1,16,1.0,raw,25,0.4413286326535965,0.63638922113558,0.3758623222088044,0.8802088759245755
39,bernoulli,1,16,1.0,raw,27,0.4541253688683706,0.5982315556783642,0.428405583456752,0.8256357935599463
47,bernoulli,1,16,1.0,raw,27,0.4573665595223235,0.5196496212121212,0.4275423254565574,0.8005645838101777
13,bernoulli,1,16,1.0,raw,25,0.4525081283144883,0.6059767441860465,0.3713662803175778,0.8797678275290215
5,bernoulli,1,16,1.0,raw,25,0.4392993912411924,0.6404830224772836,0.4585798875575393,0.7164418168559225
18,bernoulli,1,16,1.0,raw,27,0.4612766892896618,0.5332541282642089,0.4889087612079073,0.7978419341304804
49,bernoulli,1,16,1.0,raw,25,0.4586343770008192,0.5699418213846974,0.3751668161654305,0.8741542288557215
31,bernoulli,1,16,1.0,raw,27,0.4527143228745867,0.5867529765345046,0.3907850319161914,0.8738020806641725
29,bernoulli,1,16,1.0,raw,25,0.4403491401182745,0.6008622488005007,0.4524180224489612,0.7458704422623125
6,bernoulli,1,16,1.0,raw,27,0.4519947194417612,0.5574361820199778,0.440878747017244,0.8117702067431634
15,bernoulli,1,16,1.0,raw,27,0.4440382746424658,0.5774416954212858,0.4280446812545113,0.8006235553405364
30,bernoulli,1,16,1.0,raw,27,0.4574247443209336,0.5556575859606163,0.4272923733305361,0.8274358752059054
46,bernoulli,1,16,1.0,raw,27,0.4477819768827993,0.5917563795853269,0.3994895098995504,0.8445111237261103
40,bernoulli,1,16,1.0,raw,26,0.4446805686437294,0.6318467629250115,0.4419655084249033,0.7727087990245884
28,bernoulli,1,16,1.0,raw,26,0.4403034206832352,0.6337390651750745,0.412787489700144,0.8283185611361634
43,bernoulli,1,16,1.0,raw,27,0.4546824032212729,0.5900253592561285,0.4131995150934385,0.8496061991869919
36,bernoulli,1,16,1.0,raw,26,0.4486508636098134,0.5974922513384051,0.4270341620012719,0.79069033530572
35,bernoulli,1,16,1.0,raw,27,0.4353319672820627,0.6400444938820912,0.4328219787991938,0.7853564802544394
42,bernoulli,1,16,1.0,raw,27,0.4450076716276096,0.5647537854688891,0.4173037684865329,0.8286774450039756
38,bernoulli,1,16,1.0,raw,27,0.4396631544269073,0.561466317063332,0.3799415876328993,0.8789094650205762
3,bernoulli,1,16,1.0,raw,27,0.4379038309357008,0.6320715827250903,0.4623077843727138,0.72768466311372
4,bernoulli,1,16,1.0,raw,26,0.4561743405721847,0.5225862496897493,0.5059282116099187,0.6310417944001635
48,bernoulli,1,16,1.0,raw,26,0.4442585469015698,0.5549220035695246,0.3951492190989371,0.8626761460642663
16,bernoulli,1,16,1.0,raw,26,0.4438288383565447,0.5991337591947348,0.4380390388736277,0.7858083945040467
26,bernoulli,1,16,1.0,raw,27,0.4466697688433876,0.6027220764617691,0.394377121231976,0.8747384269892309
8,bernoulli,1,16,1.0,raw,26,0.4566758885403832,0.5855890603085554,0.4707008773306845,0.8507987220447285
44,bernoulli,1,16,1.0,raw,26,0.4422248238221968,0.5775869963369963,0.4281978969745494,0.8094838386369331
2,bernoulli,1,16,1.0,raw,27,0.445297090364164,0.5789415439096969,0.3848537015073539,0.863108484894994
14,bernoulli,1,16,1.0,raw,27,0.4355597387218926,0.58251953125,0.3855191322247213,0.8642250946598773
23,bernoulli,1,16,1.0,raw,27,0.4505849215690757,0.5764064994834225,0.4142823805081775,0.8207673800177282
32,bernoulli,1,16,1.0,raw,26,0.4492324495299828,0.5809044275819681,0.4286991891141875,0.7921794134560091
24,bernoulli,1,16,1.0,raw,26,0.452875315177275,0.548769006260886,0.4173084997945503,0.828249601275917
22,bernoulli,1,16,1.0,raw,27,0.4468191658832238,0.5581067332593416,0.3983230987568097,0.8659337010930637
20,bernoulli,1,16,1.0,raw,26,0.4464334467212953,0.6106939935064936,0.4673779115527527,0.7161959738409265
27,bernoulli,1,16,1.0,raw,27,0.442714928596587,0.6061056998556997,0.4344483793836711,0.7712279293739968
7,bernoulli,1,16,1.0,raw,27,0.4434418286521568,0.5890201224846894,0.4148736781300091,0.8516758058730078
34,bernoulli,1,16,1.0,raw,27,0.4510471782685288,0.5749428962996802,0.3932389538117504,0.8626853315270566
10,bernoulli,1,16,1.0,raw,27,0.4516202176968211,0.6274876915609181,0.3942694409075816,0.869539104321713
11,bernoulli,1,16,1.0,raw,27,0.4484692333038875,0.6596911160880925,0.4098749558570049,0.8360543527860873
19,bernoulli,1,16,1.0,raw,27,0.4296611604420354,0.5962865752891999,0.4482818619201036,0.7581480036415659
41,bernoulli,1,16,1.0,raw,26,0.4500409107685172,0.5754018637855449,0.4321977291151668,0.7850615344330977
12,bernoulli,1,16,1.0,raw,26,0.436547212571973,0.5934511266007456,0.3897871377696457,0.8597240558101006
37,bernoulli,1,16,1.0,raw,26,0.4495038330394186,0.5883965705522898,0.4104953998558829,0.8328678317019422
33,bernoulli,1,16,1.0,raw,26,0.4384790093368533,0.5674232618343195,0.4470460011016143,0.7825429116338207
45,bernoulli,1,16,1.0,raw,26,0.4451153469340563,0.6173077380527605,0.4816639463744955,0.6066708132483284
25,bernoulli,1,16,1.0,raw,26,0.4429494163963193,0.5786607503025414,0.4590997753759294,0.7740342953178752
17,bernoulli,1,16,1.0,raw,26,0.4529846730481429,0.5765897272146703,0.4220615610241878,0.8037816178312047
9,bernoulli,1,16,1.0,raw,26,0.4551591268986076,0.6007272218725962,0.3893585847912192,0.8667375240408947
1,bernoulli,1,16,1.0,raw,27,0.4541214969320346,0.6144712430426715,0.5236121782949126,0.6482790546373567
39,bernoulli,1,16,1.0,raw,28,0.4501072927888903,0.5834024131896474,0.4077685474958014,0.8311725476534116
47,bernoulli,1,16,1.0,raw,28,0.4569928894898403,0.5364583333333334,0.4280836168879472,0.8013021032018515
21,bernoulli,1,16,1.0,raw,26,0.4386177430420904,0.6539318464316706,0.3812379764787174,0.8790238566517345
18,bernoulli,1,16,1.0,raw,28,0.4520780207795,0.5634840629800307,0.4412740661390772,0.7999134675896791
31,bernoulli,1,16,1.0,raw,28,0.4523133374731289,0.5978268408276499,0.3955380651889429,0.8661405217034797
13,bernoulli,1,16,1.0,raw,26,0.4535917147631161,0.5668139534883722,0.3727114302689727,0.8717614115216269
49,bernoulli,1,16,1.0,raw,26,0.4588486978188383,0.571726583686809,0.3768984305276983,0.8728980099502487
15,bernoulli,1,16,1.0,raw,28,0.443696754914669,0.5796931209162323,0.4377406854700593,0.78870343492985
6,bernoulli,1,16,1.0,raw,28,0.4522625509326634,0.5702460229374768,0.4137195390396552,0.8219304453318506
5,bernoulli,1,16,1.0,raw,26,0.439093989807589,0.6244380679100909,0.496347362542391,0.6898505052609648
30,bernoulli,1,16,1.0,raw,28,0.458655966286449,0.5501989592898684,0.4099640895655086,0.833479892495758
46,bernoulli,1,16,1.0,raw,28,0.4496677808169274,0.5846790271132376,0.4136031680012997,0.8461195361284567
29,bernoulli,1,16,1.0,raw,26,0.4383730691889567,0.6217694643395221,0.4655027446645424,0.7387277663596458
40,bernoulli,1,16,1.0,raw,27,0.4480512291215287,0.6306474149976712,0.4530091795391256,0.7814468603942288
28,bernoulli,1,16,1.0,raw,27,0.4413860620253823,0.6477168789136706,0.4068371308044133,0.8269061317576322
43,bernoulli,1,16,1.0,raw,28,0.4554727832229566,0.5791302714379637,0.40775659769943,0.8475609756097561
35,bernoulli,1,16,1.0,raw,28,0.4298901513533499,0.642368063280188,0.441160133412279,0.7822289954943017
36,bernoulli,1,16,1.0,raw,27,0.4489579148375411,0.5865971635202405,0.4270862040384467,0.7901643655489808
4,bernoulli,1,16,1.0,raw,27,0.4552465953793863,0.5459915611814347,0.5065689706830339,0.631233394645412
38,bernoulli,1,16,1.0,raw,28,0.4393923569095699,0.5672398144413069,0.3803107197828794,0.8760416666666666
42,bernoulli,1,16,1.0,raw,28,0.4453843543991836,0.5616490647665098,0.4114391427051492,0.8390405512854493
16,bernoulli,1,16,1.0,raw,27,0.4459064771985953,0.5502322880371661,0.4607607939206647,0.7925967752054709
3,bernoulli,1,16,1.0,raw,28,0.4372924414517737,0.6256941244938043,0.462466645326793,0.7568033778738961
48,bernoulli,1,16,1.0,raw,27,0.4451916681287614,0.5439121062513038,0.4118664463932133,0.8584715745483271
26,bernoulli,1,16,1.0,raw,28,0.4470628170320018,0.6001686656671664,0.4068457563353581,0.8713826366559486
8,bernoulli,1,16,1.0,raw,27,0.4555927199505068,0.5698690977092099,0.4440195822865112,0.8530607028753994
44,bernoulli,1,16,1.0,raw,27,0.4422991170299098,0.6007097069597069,0.4179061058373368,0.8136682535705336
2,bernoulli,1,16,1.0,raw,28,0.4454112529009312,0.5651452180114601,0.3851139022109728,0.8629677947458624
23,bernoulli,1,16,1.0,raw,28,0.4514140020215197,0.5871841833380295,0.4406388456455377,0.8238065088008104
32,bernoulli,1,16,1.0,raw,27,0.448293662180275,0.5979481360660001,0.4361327469001854,0.7872340425531914
14,bernoulli,1,16,1.0,raw,28,0.4358005041804467,0.5527886284722222,0.388388314635549,0.8710014362188274
20,bernoulli,1,16,1.0,raw,27,0.4454877408200104,0.6157416801948052,0.4854780373914238,0.7037740674436448
24,bernoulli,1,16,1.0,raw,27,0.4518438347216771,0.6015393306030222,0.4142703488335651,0.8191287878787878
7,bernoulli,1,16,1.0,raw,28,0.4424694894250618,0.5867599883347915,0.3914868764772659,0.8566084149028852
27,bernoulli,1,16,1.0,raw,28,0.4432773430174426,0.5989132395382396,0.4343623488799988,0.7701043338683787
22,bernoulli,1,16,1.0,raw,28,0.4456034094942436,0.5693442471328154,0.4135014853987024,0.8673128000817244
10,bernoulli,1,16,1.0,raw,28,0.4502149399721744,0.6374269005847953,0.3833907100852918,0.8681420550985768
34,bernoulli,1,16,1.0,raw,28,0.4512049840363128,0.5666057560529922,0.3913784009577973,0.8599257419532877
11,bernoulli,1,16,1.0,raw,28,0.442828023849739,0.6394643523702874,0.4231625265894521,0.8358642194392334
19,bernoulli,1,16,1.0,raw,28,0.4313363431103767,0.633761057645572,0.4424571128579553,0.7639224866692678
12,bernoulli,1,16,1.0,raw,27,0.4371856002548203,0.5903248963712573,0.3902455776008009,0.85976288472988
41,bernoulli,1,16,1.0,raw,27,0.4504543725827799,0.5892484967539469,0.4353405245532143,0.7723095051060487
37,bernoulli,1,16,1.0,raw,27,0.4491458667841403,0.6008503915053788,0.4090655584199136,0.8331496950750781
33,bernoulli,1,16,1.0,raw,27,0.4383728652371307,0.5690412352071006,0.4405875758247073,0.771176096630642
45,bernoulli,1,16,1.0,raw,27,0.4494759693967661,0.6279169342753158,0.4892272482821956,0.5821023169025035
17,bernoulli,1,16,1.0,raw,27,0.4533704388938314,0.5600994434814341,0.4258104541807246,0.7990232907588279
25,bernoulli,1,16,1.0,raw,27,0.4424879778559704,0.5726603469140783,0.4537830999875349,0.7512145164255142
47,bernoulli,1,16,1.0,raw,29,0.4572744618990418,0.525875946969697,0.4258448352056661,0.7995345998321508
39,bernoulli,1,16,1.0,raw,29,0.4501292248458498,0.5830570139080777,0.4074891887880571,0.8335614393072214
9,bernoulli,1,16,1.0,raw,27,0.4564801177962803,0.5923828170524205,0.394307176770194,0.8611575058204273
1,bernoulli,1,16,1.0,raw,28,0.4545372954091467,0.6128014842300556,0.5063194333251474,0.6711499243059291
18,bernoulli,1,16,1.0,raw,29,0.4510372505970261,0.6026785714285715,0.4272633053173793,0.7995070274805958
31,bernoulli,1,16,1.0,raw,29,0.4549966338054094,0.5750317882325743,0.4890053225112544,0.8611310408445652
21,bernoulli,1,16,1.0,raw,27,0.4394380524487659,0.6465207908253008,0.3768600388462589,0.8835295343264924
15,bernoulli,1,16,1.0,raw,29,0.4430888018330123,0.5886009348310207,0.4319181111316691,0.7980433263452131
6,bernoulli,1,16,1.0,raw,29,0.4524395296093699,0.5504300776914539,0.4383760604715043,0.8088383966031442
30,bernoulli,1,16,1.0,raw,29,0.4575754658675666,0.5468574635241301,0.4232256074130278,0.8343097063449796
46,bernoulli,1,16,1.0,raw,29,0.4501511558342458,0.5863736044657097,0.4155297822802272,0.8511610304652233
13,bernoulli,1,16,1.0,raw,27,0.4531904041837483,0.5535813953488371,0.3767761447494497,0.8604110594568143
40,bernoulli,1,16,1.0,raw,28,0.4458937114610491,0.6259897531439217,0.432925887008131,0.7828058321479373
49,bernoulli,1,16,1.0,raw,27,0.4596461780214085,0.5329137982986811,0.3796928342593641,0.8746703980099503
5,bernoulli,1,16,1.0,raw,27,0.4395511433113198,0.6307747489239598,0.4608219939515908,0.7043572247109073
28,bernoulli,1,16,1.0,raw,28,0.4392395178554269,0.6330120312390065,0.4248872523256885,0.8288239257761884
29,bernoulli,1,16,1.0,raw,27,0.4381814996147742,0.6407296664580581,0.4614995180987138,0.7505899368196697
43,bernoulli,1,16,1.0,raw,29,0.4547352952514308,0.5827932751009675,0.4025839301678489,0.8524136178861789
35,bernoulli,1,16,1.0,raw,29,0.4303021283309184,0.6367816091954024,0.4391466894920365,0.7856612774980122
36,bernoulli,1,16,1.0,raw,28,0.4489854953394118,0.5896027049873203,0.4227628724999426,0.7986850756081526
16,bernoulli,1,16,1.0,raw,28,0.4462266707266022,0.5644599303135889,0.463019711164467,0.7790200138026224
4,bernoulli,1,16,1.0,raw,28,0.4557612126300389,0.5389178456192604,0.4985991613416584,0.6377222562844881
38,bernoulli,1,16,1.0,raw,29,0.439053756653962,0.5870058491327148,0.3806619572666881,0.875025720164609
42,bernoulli,1,16,1.0,raw,29,0.4490907071943342,0.5895661025575772,0.4128838985187531,0.8276172806785053
48,bernoulli,1,16,1.0,raw,28,0.4480060794952132,0.5930278376561666,0.4538527596712866,0.8607522360675789
26,bernoulli,1,16,1.0,raw,29,0.4471215095053176,0.5986225637181409,0.4024112792889092,0.8742025213086306
3,bernoulli,1,16,1.0,raw,29,0.440303082253729,0.6218143019956837,0.473494314807127,0.7302850081099869
44,bernoulli,1,16,1.0,raw,28,0.4419613108046292,0.6088369963369964,0.4252378163013612,0.8049987471811576
8,bernoulli,1,16,1.0,raw,28,0.4559442848030182,0.5574333800841514,0.4513580136458364,0.8617891373801917
2,bernoulli,1,16,1.0,raw,29,0.4449626485279143,0.5817081868037283,0.3899910742092869,0.8616632133630062
23,bernoulli,1,16,1.0,raw,29,0.45125625283725,0.5610265802573494,0.4159825450657943,0.8195010763581106
32,bernoulli,1,16,1.0,raw,28,0.4488072044337442,0.5916601659456777,0.4245259740878609,0.7958852469490767
14,bernoulli,1,16,1.0,raw,29,0.4361855139795784,0.5767415364583333,0.3887044423323252,0.8685206946076511
24,bernoulli,1,16,1.0,raw,28,0.4526918412668874,0.5778844795932778,0.4287099121359553,0.824436802232855
20,bernoulli,1,16,1.0,raw,28,0.448896059982156,0.6067750608766234,0.4944611968311178,0.7014967179374765
7,bernoulli,1,16,1.0,raw,29,0.4417792406955932,0.599591717701954,0.3901887937698778,0.8649746322964177
10,bernoulli,1,16,1.0,raw,29,0.4498591792119551,0.6122090469916557,0.3839434441825576,0.8704661182922052
34,bernoulli,1,16,1.0,raw,29,0.4507284090485218,0.5705801735952489,0.3952266305834688,0.8547076089410702
27,bernoulli,1,16,1.0,raw,29,0.4420791156158927,0.5929608585858586,0.4340754917197135,0.7818084537185661
22,bernoulli,1,16,1.0,raw,29,0.4456126389521213,0.5813448020717721,0.3926792299261019,0.853394115844315
11,bernoulli,1,16,1.0,raw,29,0.4497938703925017,0.58673945502053,0.4115027170346506,0.8337347259544694
19,bernoulli,1,16,1.0,raw,29,0.4342217579861311,0.5990813648293963,0.4575187821519514,0.762882039276889
12,bernoulli,1,16,1.0,raw,28,0.4370646524604066,0.6167704883866336,0.3926390036071626,0.859141622013409
41,bernoulli,1,16,1.0,raw,28,0.4514827730487392,0.5970102771722205,0.4409350183851023,0.7782272846294841
37,bernoulli,1,16,1.0,raw,28,0.4495647756295407,0.593972908292479,0.4103203399850523,0.8293061036232255
33,bernoulli,1,16,1.0,raw,28,0.4387321322082277,0.5713757396449705,0.4595809954736248,0.781716465352829
45,bernoulli,1,16,1.0,raw,28,0.4512762138963226,0.6024524845976356,0.4914673729318947,0.5868320116104286
47,bernoulli,1,16,1.0,raw,30,0.4574402503306066,0.520501893939394,0.4370176517360878,0.7946644286767885
39,bernoulli,1,16,1.0,raw,30,0.4554181118227036,0.5708759325780602,0.4226649447408783,0.8293808789130543
25,bernoulli,1,16,1.0,raw,28,0.4425782872845317,0.573013311819282,0.4501903806734845,0.7764239384469945
17,bernoulli,1,16,1.0,raw,28,0.4534454527984984,0.5610345771371226,0.456449448089734,0.7963623841723015
18,bernoulli,1,16,1.0,raw,30,0.4505632266640541,0.6070948540706606,0.4316198766908628,0.8010672330606251
31,bernoulli,1,16,1.0,raw,30,0.453191308398666,0.5744538203675875,0.3934971315310867,0.8693947624660483
15,bernoulli,1,16,1.0,raw,30,0.4471878583841334,0.5954286273646086,0.4429159930263838,0.7962694189109282
6,bernoulli,1,16,1.0,raw,30,0.4517877017176169,0.5687199408065113,0.4186866691012806,0.8133498458272254
9,bernoulli,1,16,1.0,raw,28,0.4552110960707057,0.5955294501550008,0.398547587426344,0.8635742484057091
30,bernoulli,1,16,1.0,raw,30,0.4576580444540397,0.5375216814610754,0.4278852814930484,0.8312010007307317
1,bernoulli,1,16,1.0,raw,29,0.4544934950196229,0.6174165120593692,0.4964515567140418,0.6906927571408911
46,bernoulli,1,16,1.0,raw,30,0.4492594493175766,0.5804924242424242,0.4085818819616346,0.8439164166193603
40,bernoulli,1,16,1.0,raw,29,0.4466452815086853,0.6329296693060084,0.4362591961380518,0.7805070107701687
28,bernoulli,1,16,1.0,raw,29,0.4400889395914302,0.6314641525364104,0.4218018786322051,0.8251049603483128
21,bernoulli,1,16,1.0,raw,28,0.4379535946246529,0.6391566406341612,0.3795104371383407,0.881914782789874
13,bernoulli,1,16,1.0,raw,28,0.4522004066739622,0.5928139534883721,0.3738286280454242,0.8764102982355979
43,bernoulli,1,16,1.0,raw,30,0.4545389017803194,0.5815253122945431,0.3975403727415851,0.8471417682926832
5,bernoulli,1,16,1.0,raw,28,0.4388175437158169,0.6282281205164992,0.4793089071565185,0.6999296801750183
49,bernoulli,1,16,1.0,raw,28,0.4591364831690566,0.5767100108940035,0.3865357360887923,0.8694402985074627
35,bernoulli,1,16,1.0,raw,30,0.4323809906775289,0.6510938079347423,0.432619288592263,0.7833024118738404
36,bernoulli,1,16,1.0,raw,29,0.4487532982399531,0.581313985160139,0.4252238168129301,0.7974753451676528
38,bernoulli,1,16,1.0,raw,30,0.4390680957586935,0.5865016135538523,0.3793302110819772,0.8732253086419753
3,bernoulli,1,16,1.0,raw,30,0.4379586982730369,0.6399282232837848,0.4587976278688557,0.7422568934888392
29,bernoulli,1,16,1.0,raw,28,0.4387990025111261,0.5908026794613263,0.4814002768478104,0.7243536068610287
42,bernoulli,1,16,1.0,raw,30,0.4489763684054211,0.5856979259447767,0.4143239041869525,0.828584680625497
26,bernoulli,1,16,1.0,raw,30,0.4473272889120227,0.5598528860569716,0.3934273714999443,0.8731307099474303
23,bernoulli,1,16,1.0,raw,30,0.4507006707060998,0.5936648821264205,0.4132120467514015,0.8248448778016968
4,bernoulli,1,16,1.0,raw,29,0.4564415314125608,0.5165053363117399,0.5099294698788707,0.6759656652360515
16,bernoulli,1,16,1.0,raw,29,0.4449620959662259,0.5705090979481222,0.4553695367814717,0.7921826965305226
2,bernoulli,1,16,1.0,raw,30,0.4446247880670805,0.5966111698595775,0.3851917057083192,0.8658967078505102
7,bernoulli,1,16,1.0,raw,30,0.4437742434850376,0.5752405949256343,0.4096273190651262,0.8540588325731564
48,bernoulli,1,16,1.0,raw,29,0.4487633926550183,0.5825974086178523,0.4745965649795165,0.8613255867288433
27,bernoulli,1,16,1.0,raw,30,0.4431162095912994,0.5866251803751804,0.4410332817280051,0.7700775815944354
14,bernoulli,1,16,1.0,raw,30,0.4357710462423985,0.5806749131944444,0.3864312114435265,0.8675806241023633
11,bernoulli,1,16,1.0,raw,30,0.4509162178489685,0.6360115714818962,0.4146115783034817,0.8356107083100948
34,bernoulli,1,16,1.0,raw,30,0.4511498615129392,0.5650296939241662,0.3918018922646176,0.8611675572614836
19,bernoulli,1,16,1.0,raw,30,0.429937463360272,0.6067609604355011,0.4543230562546236,0.7526466380543634
44,bernoulli,1,16,1.0,raw,29,0.442523757005884,0.5974587912087912,0.413804819791407,0.8211099974943623
22,bernoulli,1,16,1.0,raw,30,0.4470413178607197,0.558060488346282,0.4073919788192232,0.8589488201041986
10,bernoulli,1,16,1.0,raw,30,0.4511163025025789,0.6391835979936666,0.3940209780847271,0.867789528659094
8,bernoulli,1,16,1.0,raw,29,0.45654234860628,0.551566152407667,0.4630969428754167,0.8627220447284344
32,bernoulli,1,16,1.0,raw,29,0.4493643814869697,0.5696759095099638,0.4241018685751481,0.7976870487508785
24,bernoulli,1,16,1.0,raw,29,0.4533856398662066,0.5797439156428,0.4534576773278444,0.8272901714513557
20,bernoulli,1,16,1.0,raw,29,0.4462227636461727,0.6212713068181819,0.4602720014647998,0.7211038447018134
12,bernoulli,1,16,1.0,raw,29,0.4376003456841817,0.6026445592015376,0.3922313658054801,0.8592192798529678
41,bernoulli,1,16,1.0,raw,29,0.4546491213459975,0.5738566945356107,0.46967307438528,0.7762110500130924
33,bernoulli,1,16,1.0,raw,29,0.4378856083551093,0.560049926035503,0.4331117304851391,0.7751048951048951
37,bernoulli,1,16,1.0,raw,29,0.4485807947502374,0.5646274309347337,0.4217986461632599,0.8356608414902885
45,bernoulli,1,16,1.0,raw,29,0.4475869269894686,0.6053426580080401,0.4857685899480511,0.5830093816410097
25,bernoulli,1,16,1.0,raw,29,0.4425950204531635,0.5733662767244857,0.4477586485966229,0.7660907013996481
17,bernoulli,1,16,1.0,raw,29,0.453516560766288,0.5707052276252167,0.4449472602655724,0.805634861006762
9,bernoulli,1,16,1.0,raw,29,0.4556912070314408,0.5972309628697293,0.3865497104067859,0.8661554813240208
1,bernoulli,1,16,1.0,raw,30,0.4548109686572658,0.6165584415584415,0.4855505767460193,0.6858007932238166
28,bernoulli,1,16,1.0,raw,30,0.4418399334472966,0.6283683951312179,0.4098814088867724,0.8287202612346447
40,bernoulli,1,16,1.0,raw,30,0.4462651720059056,0.6496040987424313,0.4364646684312786,0.7795290591343222
21,bernoulli,1,16,1.0,raw,29,0.4386815736671689,0.6411735734890593,0.3812775492485817,0.8813287842483593
13,bernoulli,1,16,1.0,raw,29,0.4525169699737708,0.5843953488372093,0.3726727272085683,0.8759617214474078
49,bernoulli,1,16,1.0,raw,29,0.4599098128559024,0.5649583941775027,0.423851733275327,0.8729477611940298
5,bernoulli,1,16,1.0,raw,29,0.444038291421606,0.6435437589670013,0.4700651633713787,0.708589436399625
36,bernoulli,1,16,1.0,raw,30,0.4483062598617015,0.5868554522400676,0.4352702643778542,0.8012886259040105
4,bernoulli,1,16,1.0,raw,30,0.4553438319603512,0.5488955075701166,0.5039317102432018,0.651543020641733
16,bernoulli,1,16,1.0,raw,30,0.4434840493371199,0.5891647309330237,0.4379083566878353,0.7881673881673882
29,bernoulli,1,16,1.0,raw,29,0.4388978798850049,0.6271237512458568,0.4634449211344409,0.7463525411687093
48,bernoulli,1,16,1.0,raw,30,0.4452011906228335,0.5731173075585843,0.3884146908165083,0.8655428993705883
8,bernoulli,1,16,1.0,raw,30,0.4565502635352619,0.5550841514726508,0.4619557722749021,0.8528051118210862
44,bernoulli,1,16,1.0,raw,30,0.4442510167390934,0.5733058608058608,0.4299571664956204,0.8090328238536707
32,bernoulli,1,16,1.0,raw,30,0.4494302666307102,0.5847339432191571,0.4274444991329515,0.8007411666986135
24,bernoulli,1,16,1.0,raw,30,0.4536004695992503,0.5640799322129644,0.4523004395828793,0.8294457735247208
20,bernoulli,1,16,1.0,raw,30,0.444372003789316,0.6097808441558441,0.4890625310782036,0.6891113465590102
12,bernoulli,1,16,1.0,raw,30,0.4385029502354008,0.639325660560869,0.4006761230843358,0.8564365406021072
41,bernoulli,1,16,1.0,raw,30,0.4512510354090934,0.5909733368468965,0.4360290048470768,0.7859649122807019
33,bernoulli,1,16,1.0,raw,30,0.4378514240831995,0.5635401257396451,0.4355334976947376,0.7823521932612841
37,bernoulli,1,16,1.0,raw,30,0.4485487377951814,0.6028485791956133,0.4058106871434734,0.8312919592066828
45,bernoulli,1,16,1.0,raw,30,0.4557623242622899,0.6177240181736008,0.4968444520928681,0.601967034675789
17,bernoulli,1,16,1.0,raw,30,0.4531837129372846,0.5712526229358635,0.4251764359005426,0.802992737290258
25,bernoulli,1,16,1.0,raw,30,0.4436633878454652,0.5627521177894312,0.4573168392103263,0.7677713295344134
9,bernoulli,1,16,1.0,raw,30,0.4564316068068006,0.5926625177726499,0.3914624963728157,0.8631060836117015
13,bernoulli,1,16,1.0,raw,30,0.4530776591070485,0.5873720930232558,0.3725276149204086,0.8698855449528314
21,bernoulli,1,16,1.0,raw,30,0.4380082345965764,0.6421820399165085,0.3846947270635639,0.8826179810396917
5,bernoulli,1,16,1.0,raw,30,0.4395263949877702,0.6263271162123385,0.4692022367322475,0.7003203458693614
49,bernoulli,1,16,1.0,raw,30,0.4588705043359476,0.573186843752173,0.3877137033246763,0.8736567164179104
29,bernoulli,1,16,1.0,raw,30,0.43889299086807976,0.6445077996430476,0.46615730747471973,0.7354291948948264
