seed,model_type,n_samples,pre_revision,j_percentage,train_retention,baseline_embedding_type,pre_population_match,pre_population_match_version,mirt_dim,rmse_mirt,auc_mirt,val_rmse_mirt,val_auc_mirt
2,beta,54,none,1.0,1.0,sae,none,,2,0.26069923647186,0.5275081974428381,0.1891166412450264,0.934563758389262
3,beta,54,none,1.0,1.0,sae,none,,2,0.2634902187057488,0.5865250998784088,0.1960403707885748,0.909884501745904
1,beta,54,none,1.0,1.0,sae,none,,2,0.3363695360623804,0.5404194004009477,0.2820790443183559,0.7987045641984993
2,beta,54,none,1.0,1.0,sae,none,,3,0.2641328243986869,0.5564468211527035,0.1880088596723011,0.9333903583804888
3,beta,54,none,1.0,1.0,sae,none,,3,0.2666485224576121,0.5482890394302588,0.2003991275790492,0.908160981287492
1,beta,54,none,1.0,1.0,sae,none,,3,0.3381699857031106,0.554606342263532,0.2861174231026391,0.7857971422632578
2,beta,54,none,1.0,1.0,sae,none,,4,0.265267299580528,0.5768579036552892,0.1791114800223079,0.9331490985656008
3,beta,54,none,1.0,1.0,sae,none,,4,0.268874266083876,0.5891957616814313,0.2002795158640901,0.9083736234219716
1,beta,54,none,1.0,1.0,sae,none,,4,0.3389848180637422,0.5407895935848369,0.2817879274416233,0.80294222168581
0,beta,54,none,1.0,1.0,sae,none,,2,0.3261591971668943,0.6006553262688231,0.2685700429514495,0.8589007325648172
2,beta,54,none,1.0,1.0,sae,none,,5,0.2736968989887185,0.5817763693580686,0.1884695951132595,0.934465061192262
3,beta,54,none,1.0,1.0,sae,none,,5,0.2706513144714004,0.5141783915233629,0.2067912167768358,0.903964097054347
1,beta,54,none,1.0,1.0,sae,none,,5,0.3451736404023602,0.5378679150719884,0.3006218698501209,0.7913087790584623
0,beta,54,none,1.0,1.0,sae,none,,3,0.3254956070344231,0.6020705521472394,0.2651088833467375,0.8655225302200495
2,beta,54,none,1.0,1.0,sae,none,,6,0.2871205463960818,0.5463017979357848,0.2154261411511584,0.937842698600693
3,beta,54,none,1.0,1.0,sae,none,,6,0.2740759208594485,0.5186837762723641,0.2094365958094964,0.8936789327603187
1,beta,54,none,1.0,1.0,sae,none,,6,0.3394463506621845,0.5455622380171314,0.2828962175795674,0.7939640201422833
0,beta,54,none,1.0,1.0,sae,none,,4,0.3320791097816738,0.6319297267150028,0.2624630521702443,0.8761713333239953
2,beta,54,none,1.0,1.0,sae,none,,7,0.2743278992616059,0.5675161198037015,0.1841332341630008,0.938939334122911
3,beta,54,none,1.0,1.0,sae,none,,7,0.274275924829981,0.534588327253778,0.2022849741374418,0.9067844032590204
4,beta,54,none,1.0,1.0,sae,none,,2,0.3514054901467636,0.6653535434330508,0.3230522727284726,0.8182279271195038
1,beta,54,none,1.0,1.0,sae,none,,7,0.3391278278684278,0.5451066156369602,0.2809096502263156,0.802841644372029
0,beta,54,none,1.0,1.0,sae,none,,5,0.3449677334257404,0.5919687674288902,0.2937847598795121,0.876129312397574
2,beta,54,none,1.0,1.0,sae,none,,8,0.2854234540902645,0.5713342576087674,0.2002800645767869,0.9350791770847042
3,beta,54,none,1.0,1.0,sae,none,,8,0.2756985099884008,0.5298006774361647,0.2048314109158633,0.9068515534067508
4,beta,54,none,1.0,1.0,sae,none,,3,0.3558643989752708,0.6576147816349384,0.3216136463887805,0.8203542585150794
1,beta,54,none,1.0,1.0,sae,none,,8,0.3396410063270119,0.54848391652998,0.2812959977788755,0.7989191291345659
0,beta,54,none,1.0,1.0,sae,none,,6,0.3472913584491359,0.6345231455660904,0.2957797552112304,0.8763008978471278
8,beta,54,none,1.0,1.0,sae,none,,2,0.3148484913584934,0.5722312135685996,0.2655114885024934,0.8555618123538076
3,beta,54,none,1.0,1.0,sae,none,,9,0.2771412822291693,0.5169901858606912,0.2075632744854793,0.9028001611603548
2,beta,54,none,1.0,1.0,sae,none,,9,0.2916404876994789,0.4317466605048304,0.2140068051356925,0.9366802649471422
4,beta,54,none,1.0,1.0,sae,none,,4,0.3570047456348443,0.6404175331946889,0.3224749492186537,0.8155358745269401
1,beta,54,none,1.0,1.0,sae,none,,9,0.3400550601883656,0.536284627300893,0.2804909901846411,0.8025533227391897
0,beta,54,none,1.0,1.0,sae,none,,7,0.3305046778959576,0.6082403792526492,0.2645884935121134,0.8760032496183099
8,beta,54,none,1.0,1.0,sae,none,,3,0.3175379564658091,0.5901919762102132,0.2650156605339667,0.8576554333073436
2,beta,54,none,1.0,1.0,sae,none,,10,0.2893560568539285,0.607281970027068,0.2058160312777103,0.935188840636926
3,beta,54,none,1.0,1.0,sae,none,,10,0.2829652247427843,0.4995548896994962,0.2081975295583532,0.9066612946548483
5,beta,54,none,1.0,1.0,sae,none,,2,0.3235204023732992,0.6175681844117311,0.2759090845936944,0.8558150378073748
7,beta,54,none,1.0,1.0,sae,none,,2,0.2698335334641804,0.5626012731481481,0.1973698784331004,0.8964245130519678
4,beta,54,none,1.0,1.0,sae,none,,5,0.3568129642234317,0.6575147976323789,0.3316985314523862,0.8092934337325894
1,beta,54,none,1.0,1.0,sae,none,,10,0.340414477833108,0.5531597412064881,0.2813467812913492,0.802948926840062
2,beta,54,none,1.0,1.0,sae,none,,11,0.2863436107949478,0.5054906362095906,0.1938685062447375,0.9416809229284556
0,beta,54,none,1.0,1.0,sae,none,,8,0.3315894946795138,0.5897239263803682,0.2625866775232148,0.8798131469471797
8,beta,54,none,1.0,1.0,sae,none,,4,0.3180304858661538,0.5811589626179292,0.2656975394662658,0.8545727569378265
3,beta,54,none,1.0,1.0,sae,none,,11,0.2787980513575401,0.5053413236060448,0.2056954040266345,0.9093249171814844
6,beta,54,none,1.0,1.0,sae,none,,2,0.3649719846111618,0.6894565960355435,0.3400590806356919,0.7890266974984235
7,beta,54,none,1.0,1.0,sae,none,,3,0.2717529039157591,0.543699363425926,0.1959681853613355,0.8953281797666491
5,beta,54,none,1.0,1.0,sae,none,,3,0.3258950206326451,0.5865095667389403,0.281566349240325,0.8457094204220641
30,beta,54,none,1.0,1.0,sae,none,,2,0.312571803426854,0.6190506418394696,0.2503268965677953,0.8713685671500055
4,beta,54,none,1.0,1.0,sae,none,,6,0.3565745707214784,0.6476163813789794,0.3238827446497815,0.8171159923530099
1,beta,54,none,1.0,1.0,sae,none,,11,0.3458828324298604,0.5410117094951704,0.2875454244802486,0.7985436404964497
2,beta,54,none,1.0,1.0,sae,none,,12,0.3006284499020012,0.4768711075900618,0.2255980665901247,0.9381278238364696
3,beta,54,none,1.0,1.0,sae,none,,12,0.2844017052949074,0.527672833072781,0.2090285958537769,0.9055421255260094
10,beta,54,none,1.0,1.0,sae,none,,2,0.2734701409612395,0.5707464392115251,0.1932882698406397,0.9159693314076968
23,beta,54,none,1.0,1.0,sae,none,,2,0.2767149015015779,0.5511663073421966,0.1709865451937513,0.933163558285272
0,beta,54,none,1.0,1.0,sae,none,,9,0.3320369495575842,0.6189835471277189,0.2625976579523565,0.8772848878741615
8,beta,54,none,1.0,1.0,sae,none,,5,0.3200266073944524,0.5890603823734523,0.2677565348804536,0.8573666580034076
20,beta,54,none,1.0,1.0,sae,none,,2,0.2692666897679365,0.5525178571428572,0.1434897386154285,0.9603638435293592
12,beta,54,none,1.0,1.0,sae,none,,2,0.2703198630372014,0.5503269042170644,0.2121826614311364,0.8616887371542865
6,beta,54,none,1.0,1.0,sae,none,,3,0.365049345913583,0.6850307587149692,0.3202126859200737,0.829976876182468
7,beta,54,none,1.0,1.0,sae,none,,4,0.2726072923269481,0.5471498842592593,0.1943576551407745,0.8949040508314527
5,beta,54,none,1.0,1.0,sae,none,,4,0.3266228624617733,0.6213245083494998,0.2750552956301377,0.8622716860264753
45,beta,54,none,1.0,1.0,sae,none,,2,0.3535448241425332,0.5180327868852459,0.3449987142303943,0.6366638795986621
30,beta,54,none,1.0,1.0,sae,none,,3,0.3145936095325614,0.5921639159260826,0.2499983012618525,0.8731363453741918
24,beta,54,none,1.0,1.0,sae,none,,2,0.2775210230398827,0.4484429703335176,0.1565420223309803,0.950849113910678
22,beta,54,none,1.0,1.0,sae,none,,2,0.3285222146986975,0.5532789395665649,0.2748127277990164,0.8176697530864196
27,beta,54,none,1.0,1.0,sae,none,,2,0.3103689727797152,0.5812959515812024,0.265669622600062,0.8274652338811631
4,beta,54,none,1.0,1.0,sae,none,,7,0.3578704978547758,0.6617941129419292,0.3278952429961804,0.8047286489017207
31,beta,54,none,1.0,1.0,sae,none,,2,0.3331255550809319,0.6033172720533728,0.2883928377614612,0.8414154517749772
49,beta,54,none,1.0,1.0,sae,none,,2,0.3513166203565151,0.5877859933035714,0.2861117462631591,0.8694989866129635
28,beta,54,none,1.0,1.0,sae,none,,2,0.3203930520907794,0.5764818355640535,0.2779850999034611,0.8100210270030987
1,beta,54,none,1.0,1.0,sae,none,,12,0.3422780600776768,0.548928148350647,0.2798255371991401,0.809868646028202
11,beta,54,none,1.0,1.0,sae,none,,2,0.2655784762535548,0.613860810967817,0.1950039906582491,0.8888475081256771
39,beta,54,none,1.0,1.0,sae,none,,2,0.3353238378138471,0.5892828999211979,0.2957534434794436,0.8112018643377529
2,beta,54,none,1.0,1.0,sae,none,,13,0.29836631445195,0.5178473185009133,0.2157198555636324,0.9368008948545862
3,beta,54,none,1.0,1.0,sae,none,,13,0.2813036655512664,0.5438813618203926,0.2075720866354807,0.9031806786641596
44,beta,54,none,1.0,1.0,sae,none,,2,0.3207170211624967,0.6451850124656968,0.2516270679042114,0.9127638986629136
14,beta,54,none,1.0,1.0,sae,none,,2,0.2804521529193438,0.5169200954084675,0.1748362411492295,0.9680701243201244
10,beta,54,none,1.0,1.0,sae,none,,3,0.2757538638687225,0.5739909398849121,0.1904027870936423,0.9128791096763232
9,beta,54,none,1.0,1.0,sae,none,,2,0.315082524347179,0.6193647540983607,0.2687526597401501,0.8562098358821596
23,beta,54,none,1.0,1.0,sae,none,,3,0.279211578148953,0.5442792550005989,0.1673081849253904,0.9407535016103662
38,beta,54,none,1.0,1.0,sae,none,,2,0.2758472120595662,0.563536460699682,0.1219269902953953,0.978378252571801
0,beta,54,none,1.0,1.0,sae,none,,10,0.3329887496548464,0.6310025097601785,0.2664780103403742,0.8760942949588896
8,beta,54,none,1.0,1.0,sae,none,,6,0.3206084094114574,0.582198449979605,0.2721532499441693,0.8470285021224985
20,beta,54,none,1.0,1.0,sae,none,,3,0.2711904018165084,0.574095238095238,0.1472894037208657,0.9512741564834432
26,beta,54,none,1.0,1.0,sae,none,,2,0.3037881783640179,0.5684306569343065,0.1838343241270911,0.9375
15,beta,54,none,1.0,1.0,sae,none,,2,0.2717816214408148,0.5945406917902006,0.1163168953047679,0.9763717674509044
12,beta,54,none,1.0,1.0,sae,none,,3,0.275694996796948,0.5604609349460608,0.2122196859070317,0.8636457686737016
18,beta,54,none,1.0,1.0,sae,none,,2,0.2405760746300084,0.5781106835257468,0.1517304522227542,0.9509207046259792
40,beta,54,none,1.0,1.0,sae,none,,2,0.3061685268864389,0.5940866071212453,0.202401265692994,0.9413288106390998
35,beta,54,none,1.0,1.0,sae,none,,2,0.2835649218238288,0.5493368509844039,0.1940000593164441,0.9086111111111111
6,beta,54,none,1.0,1.0,sae,none,,4,0.3671321624288375,0.6793062200956939,0.3205596737743554,0.834370401513559
29,beta,54,none,1.0,1.0,sae,none,,2,0.3156744299792152,0.6032494758909853,0.2523967474683286,0.9043102937692488
13,beta,54,none,1.0,1.0,sae,none,,2,0.33718042210671,0.6300578034682082,0.3192153026191137,0.7642187142530312
19,beta,54,none,1.0,1.0,sae,none,,2,0.3439407902885493,0.6058663682864451,0.2995854797184701,0.8235925958623938
7,beta,54,none,1.0,1.0,sae,none,,5,0.2768603531341006,0.5614293981481481,0.194010524408366,0.900785838895024
43,beta,54,none,1.0,1.0,sae,none,,2,0.2882584911759958,0.5194346782744572,0.2046744051231666,0.8978050267597046
5,beta,54,none,1.0,1.0,sae,none,,5,0.332876744584122,0.5798718095020731,0.2877610783403939,0.8388473311844961
48,beta,54,none,1.0,1.0,sae,none,,2,0.4038355125302062,0.5294320374965537,0.369853144447004,0.6414710895502819
34,beta,54,none,1.0,1.0,sae,none,,2,0.3320011125238576,0.6589044841414509,0.2730316692697057,0.9267109295199184
30,beta,54,none,1.0,1.0,sae,none,,4,0.3170740121849053,0.5903230356890958,0.2510108627451726,0.8737645640819606
45,beta,54,none,1.0,1.0,sae,none,,3,0.3288746852634016,0.5132536815782162,0.3118405895132251,0.629556856187291
46,beta,54,none,1.0,1.0,sae,none,,2,0.3246388528708194,0.6064384928248023,0.2428659350342384,0.9039152680081102
47,beta,54,none,1.0,1.0,sae,none,,2,0.2836815968588668,0.5801874549387167,0.2117931354942573,0.8710876975519057
16,beta,54,none,1.0,1.0,sae,none,,2,0.3091581832337904,0.5619111834457103,0.2189911041559581,0.9125118099608585
24,beta,54,none,1.0,1.0,sae,none,,3,0.2783388232048544,0.4878570112400958,0.1566977344486859,0.9485381507012124
42,beta,54,none,1.0,1.0,sae,none,,2,0.2707190119497579,0.6119596496221105,0.1877865092435676,0.9106853707414828
22,beta,54,none,1.0,1.0,sae,none,,3,0.3299648383944036,0.5550614380045817,0.2745713160093939,0.8182239057239058
27,beta,54,none,1.0,1.0,sae,none,,3,0.310717805568837,0.5721238339867514,0.265473210217041,0.8236294678772555
41,beta,54,none,1.0,1.0,sae,none,,2,0.2626985599359641,0.603582966226138,0.1952051726135913,0.9031409268697403
31,beta,54,none,1.0,1.0,sae,none,,3,0.3338288731547658,0.6157853554072976,0.2796089589536076,0.8469545342228813
4,beta,54,none,1.0,1.0,sae,none,,8,0.3589228190216633,0.6125219964805632,0.3151989379212898,0.8318832663571457
33,beta,54,none,1.0,1.0,sae,none,,2,0.2992296948933659,0.4971671764862349,0.1392390378946718,0.9625938230589391
49,beta,54,none,1.0,1.0,sae,none,,3,0.3503212101965396,0.5844610305059523,0.2823068577150014,0.8677691284871486
11,beta,54,none,1.0,1.0,sae,none,,3,0.2766827241180795,0.606560551489098,0.1880963596930456,0.9042862946912242
39,beta,54,none,1.0,1.0,sae,none,,3,0.3406279931243141,0.5954097714736012,0.2976479256334501,0.8098443368478212
28,beta,54,none,1.0,1.0,sae,none,,3,0.3212185002442989,0.5869980879541108,0.2735480493777549,0.8104858344400176
2,beta,54,none,1.0,1.0,sae,none,,14,0.29609107366072,0.4883695341211681,0.2102112187674915,0.942141509847787
1,beta,54,none,1.0,1.0,sae,none,,13,0.3418868791061096,0.5375261982868599,0.2821877132723352,0.7963175292847612
21,beta,54,none,1.0,1.0,sae,none,,2,0.2747407645008797,0.5695033860045147,0.1716961797402544,0.9316916584358444
3,beta,54,none,1.0,1.0,sae,none,,14,0.2947373096890456,0.4540993573041515,0.2154781425398504,0.9060345599426984
23,beta,54,none,1.0,1.0,sae,none,,4,0.2823418774355344,0.5364564618517188,0.1794952110060781,0.92010585973585
14,beta,54,none,1.0,1.0,sae,none,,3,0.2853873374701576,0.5190071556350626,0.1711028756359988,0.9695634226884228
37,beta,54,none,1.0,1.0,sae,none,,2,0.3213889943462196,0.6152525574315953,0.2659644594434706,0.8982017362546506
10,beta,54,none,1.0,1.0,sae,none,,4,0.2815139115099271,0.5749602089540056,0.1936538746244754,0.9147481097612776
9,beta,54,none,1.0,1.0,sae,none,,3,0.3173955944128402,0.6147745901639344,0.2670718366560742,0.8577132587915277
38,beta,54,none,1.0,1.0,sae,none,,3,0.2763464822190854,0.5791259654702408,0.1120729211029643,0.982730531117628
44,beta,54,none,1.0,1.0,sae,none,,3,0.3230781023461178,0.6428802037558516,0.2462656011456157,0.9191062631949332
36,beta,54,none,1.0,1.0,sae,none,,2,0.2921772373661506,0.5553977272727272,0.2809360659417371,0.6942769990558502
15,beta,54,none,1.0,1.0,sae,none,,3,0.2743132871163253,0.6063285110436387,0.1192758176177195,0.9739218355045692
0,beta,54,none,1.0,1.0,sae,none,,11,0.3333488574982709,0.6106455660903514,0.2638254636676046,0.8697351280937907
8,beta,54,none,1.0,1.0,sae,none,,7,0.3226258663068311,0.5870208818537086,0.2685691274748906,0.8513023766207515
26,beta,54,none,1.0,1.0,sae,none,,3,0.304026436759685,0.5712956204379562,0.1808760250164005,0.9414957264957264
20,beta,54,none,1.0,1.0,sae,none,,4,0.2733628307297443,0.5929345238095238,0.1507796976770533,0.9487904955159678
17,beta,54,none,1.0,1.0,sae,none,,2,0.2783615750962729,0.4973658536585366,0.2234125510205082,0.7633979290421008
25,beta,54,none,1.0,1.0,sae,none,,2,0.38146757811895,0.5450432415118514,0.3686040783543194,0.9497153700189754
18,beta,54,none,1.0,1.0,sae,none,,3,0.2484084895128159,0.5850375664284405,0.151006317660977,0.9507210938669596
12,beta,54,none,1.0,1.0,sae,none,,4,0.2781156891968079,0.5551977770513239,0.2118893622141404,0.8667149458583351
35,beta,54,none,1.0,1.0,sae,none,,3,0.2846438363317046,0.5585168434465801,0.1941006352553518,0.9088991769547328
19,beta,54,none,1.0,1.0,sae,none,,3,0.3535646225499891,0.6087595907928389,0.3082269226672364,0.834598746358259
40,beta,54,none,1.0,1.0,sae,none,,3,0.307999110416422,0.6070365260329678,0.2008323396629138,0.9449954234641684
6,beta,54,none,1.0,1.0,sae,none,,5,0.3665435094702852,0.6889610389610389,0.321191604813688,0.8280849274752995
7,beta,54,none,1.0,1.0,sae,none,,6,0.2759023605774208,0.557863136574074,0.1953367218256928,0.8946799827147452
29,beta,54,none,1.0,1.0,sae,none,,3,0.3255528040126993,0.56043680966238,0.2642761934574075,0.9154302890310352
13,beta,54,none,1.0,1.0,sae,none,,3,0.3412167339564099,0.6031817712634187,0.3210355575994396,0.7645085030122779
43,beta,54,none,1.0,1.0,sae,none,,3,0.2871235175769154,0.5303867403314917,0.207996950179331,0.8945870875956913
32,beta,54,none,1.0,1.0,sae,none,,2,0.344881579420344,0.6793384969646221,0.3194032417322156,0.8224940838404328
5,beta,54,none,1.0,1.0,sae,none,,6,0.3296455618774386,0.6012400623835064,0.2769127303823404,0.8609337306655315
34,beta,54,none,1.0,1.0,sae,none,,3,0.3358989959651822,0.7072730586948596,0.2750320805997717,0.9256796574212304
30,beta,54,none,1.0,1.0,sae,none,,5,0.3191584172419441,0.5811468472280998,0.25372680778878,0.8722524562620987
48,beta,54,none,1.0,1.0,sae,none,,3,0.4049760761671275,0.5166804521643231,0.3704946802171782,0.6355546086272453
47,beta,54,none,1.0,1.0,sae,none,,3,0.2922886392912876,0.5506993511175198,0.2288040313721715,0.8709750119728428
46,beta,54,none,1.0,1.0,sae,none,,3,0.3245640375309165,0.62396081139846,0.2416449206464056,0.9058403296759602
45,beta,54,none,1.0,1.0,sae,none,,4,0.2824643067581148,0.5181994998610726,0.2639562133326573,0.5818840579710145
42,beta,54,none,1.0,1.0,sae,none,,3,0.2736020682882398,0.6058090630237485,0.1885374494646502,0.9115350701402808
22,beta,54,none,1.0,1.0,sae,none,,4,0.3306547579326517,0.5573094686807062,0.2728144495524064,0.8220889450056115
16,beta,54,none,1.0,1.0,sae,none,,3,0.3214002492230428,0.5718065566147408,0.2535830274419812,0.9135159940612768
24,beta,54,none,1.0,1.0,sae,none,,4,0.2802930286751104,0.4695964621337755,0.1495612547655629,0.9584290732377256
27,beta,54,none,1.0,1.0,sae,none,,4,0.3217577197468522,0.5699035991722216,0.2747223774854141,0.8323296172853695
31,beta,54,none,1.0,1.0,sae,none,,4,0.3376802770953102,0.6182563215550614,0.2792990491022175,0.8473560662218926
41,beta,54,none,1.0,1.0,sae,none,,3,0.2675346840449911,0.6095741556534509,0.1952219467054017,0.9112243688514876
33,beta,54,none,1.0,1.0,sae,none,,3,0.2988847791036349,0.4698763133395398,0.1512640694111788,0.9427525532176696
39,beta,54,none,1.0,1.0,sae,none,,4,0.3915585615564335,0.530003940110323,0.380305489010786,0.8337085388479116
4,beta,54,none,1.0,1.0,sae,none,,9,0.3609158819090694,0.6383378659414494,0.3209566292266658,0.818871678826421
11,beta,54,none,1.0,1.0,sae,none,,4,0.2799938814737884,0.6247434258936524,0.1862155810337923,0.9047715781870712
2,beta,54,none,1.0,1.0,sae,none,,15,0.2963665196481754,0.5501639488567593,0.2012332989148315,0.9410777733912356
3,beta,54,none,1.0,1.0,sae,none,,15,0.2835678908483277,0.5302023623414973,0.2154810124089897,0.8972266988987375
49,beta,54,none,1.0,1.0,sae,none,,4,0.3538495167780551,0.5832635788690477,0.2790396379416349,0.8772317106231362
28,beta,54,none,1.0,1.0,sae,none,,4,0.3221453702412189,0.5587880570672157,0.2735555394023359,0.8086266046923417
1,beta,54,none,1.0,1.0,sae,none,,14,0.3493668018361882,0.5732299070530344,0.2948575865546923,0.7998377352670999
21,beta,54,none,1.0,1.0,sae,none,,3,0.2772185889424112,0.5555530474040632,0.1683742375020275,0.9340149950615068
10,beta,54,none,1.0,1.0,sae,none,,5,0.2787652057084139,0.5935191609190713,0.1836116355949663,0.912380001699091
23,beta,54,none,1.0,1.0,sae,none,,5,0.2828953748007693,0.5704126242663792,0.1693166279590566,0.9395634118126815
14,beta,54,none,1.0,1.0,sae,none,,4,0.2942428603703825,0.4495378652355396,0.1851317228497765,0.9688107031857032
37,beta,54,none,1.0,1.0,sae,none,,3,0.3176295920283645,0.6164914516300307,0.257058268579242,0.8850144687887557
38,beta,54,none,1.0,1.0,sae,none,,4,0.2810988947475462,0.5613499545661064,0.1102903964575459,0.982583127744418
15,beta,54,none,1.0,1.0,sae,none,,4,0.2768308840538419,0.5677353098767637,0.1219913532474073,0.9721329963056582
9,beta,54,none,1.0,1.0,sae,none,,4,0.3210967743631389,0.6316734972677597,0.2665007404098818,0.855091009531002
44,beta,54,none,1.0,1.0,sae,none,,4,0.3277319302200593,0.6116621527092713,0.249747581009133,0.9187456016889516
18,beta,54,none,1.0,1.0,sae,none,,4,0.2514109433377957,0.5695437053326002,0.1586214351448873,0.9418300979756142
26,beta,54,none,1.0,1.0,sae,none,,4,0.305939608070818,0.5824087591240876,0.179954703313887,0.9367521367521368
36,beta,54,none,1.0,1.0,sae,none,,3,0.2939036520397468,0.5453756313131313,0.2779659759571761,0.6939138644781757
17,beta,54,none,1.0,1.0,sae,none,,3,0.2979705447826532,0.5378048780487805,0.2687130825058592,0.7182783133703379
0,beta,54,none,1.0,1.0,sae,none,,12,0.3340549952036046,0.6105897936419409,0.2648358262263636,0.8782093482554312
8,beta,54,none,1.0,1.0,sae,none,,8,0.3245969083666691,0.5806786931406992,0.2686947821291153,0.856940714430102
19,beta,54,none,1.0,1.0,sae,none,,4,0.4057576607364675,0.6101822250639386,0.3906566607042324,0.8234675259703952
20,beta,54,none,1.0,1.0,sae,none,,5,0.2771936332729398,0.5671785714285714,0.1465662409583555,0.95478840872866
25,beta,54,none,1.0,1.0,sae,none,,3,0.3913046265208938,0.4928331197950031,0.3848241190331074,0.921157495256167
35,beta,54,none,1.0,1.0,sae,none,,4,0.2858310840178052,0.5492471149877062,0.1919860427509555,0.912448559670782
12,beta,54,none,1.0,1.0,sae,none,,5,0.3015821865553993,0.5739784243216737,0.2486336668348954,0.8694565142423616
7,beta,54,none,1.0,1.0,sae,none,,7,0.2786601083729437,0.5561993634259259,0.195187375997259,0.8967686176597687
6,beta,54,none,1.0,1.0,sae,none,,6,0.3679706257571866,0.6748974709501023,0.3328672766940869,0.806684885431995
43,beta,54,none,1.0,1.0,sae,none,,4,0.2951850600996915,0.4960935320051342,0.2042037124175831,0.9055280807533362
40,beta,54,none,1.0,1.0,sae,none,,4,0.3078761872374379,0.6067823687459153,0.1984532834331654,0.9456038335217788
29,beta,54,none,1.0,1.0,sae,none,,4,0.3264994546730897,0.5989079758440501,0.2620552803080383,0.9169479981047144
34,beta,54,none,1.0,1.0,sae,none,,4,0.3339653121237301,0.6641359825009114,0.2654327510294846,0.9234992535554332
30,beta,54,none,1.0,1.0,sae,none,,6,0.3271062339775859,0.5784172661870504,0.254796623770235,0.8748895138609883
13,beta,54,none,1.0,1.0,sae,none,,4,0.3435536278843329,0.5943306151940546,0.3218415909622598,0.7643407305727141
32,beta,54,none,1.0,1.0,sae,none,,3,0.3479214738848738,0.6720326564789617,0.3187825836095408,0.8224518255578093
5,beta,54,none,1.0,1.0,sae,none,,7,0.3322088888357384,0.5844554756742365,0.2838681010521209,0.8358774757242189
47,beta,54,none,1.0,1.0,sae,none,,4,0.2875438698179023,0.566618601297765,0.2103505888113227,0.8764120911626334
48,beta,54,none,1.0,1.0,sae,none,,4,0.4068679877525128,0.5260201268265785,0.3692566623667814,0.6671200996459945
46,beta,54,none,1.0,1.0,sae,none,,4,0.326533967464536,0.6020067531271583,0.2393253464656734,0.9084900343290464
42,beta,54,none,1.0,1.0,sae,none,,4,0.2767646008010992,0.6028523542990861,0.1900165673925712,0.912881763527054
22,beta,54,none,1.0,1.0,sae,none,,5,0.3318483634360052,0.5487645019417595,0.2731571258707191,0.8227553310886644
45,beta,54,none,1.0,1.0,sae,none,,5,0.2845132187938446,0.5499583217560433,0.2588118057333785,0.6005574136008918
27,beta,54,none,1.0,1.0,sae,none,,5,0.3202943564137819,0.5675065775106333,0.2646161724847203,0.8351568785197103
16,beta,54,none,1.0,1.0,sae,none,,4,0.3246919097821221,0.5598418972332015,0.2552158182694392,0.916825482521258
31,beta,54,none,1.0,1.0,sae,none,,5,0.34648874961732,0.6154250061774154,0.2963920982413112,0.8529054443620787
24,beta,54,none,1.0,1.0,sae,none,,5,0.2809757776672357,0.4971991892389902,0.1514234807334079,0.9574254549296146
39,beta,54,none,1.0,1.0,sae,none,,5,0.3471962103107291,0.6042159180457053,0.3026025546627912,0.8146296212498303
41,beta,54,none,1.0,1.0,sae,none,,4,0.2710550879796961,0.5788252569750367,0.1921074634688047,0.9124925921536092
11,beta,54,none,1.0,1.0,sae,none,,5,0.2802227918210653,0.6096878509740133,0.2038463109808926,0.8773925604911521
33,beta,54,none,1.0,1.0,sae,none,,4,0.3020500693696714,0.5105200159595691,0.1383183701580007,0.9663313645871784
2,beta,54,none,1.0,1.0,sae,none,,16,0.288453982327605,0.5427587421051474,0.1747341386588264,0.9360222836338112
3,beta,54,none,1.0,1.0,sae,none,,16,0.2987570584632489,0.5239056800416884,0.219575278866137,0.9044789148536126
4,beta,54,none,1.0,1.0,sae,none,,10,0.359627572742232,0.6581546952487602,0.3251280500253525,0.8131559439740939
49,beta,54,none,1.0,1.0,sae,none,,5,0.3514384792707036,0.6283482142857143,0.2895381982652057,0.8603462298129428
23,beta,54,none,1.0,1.0,sae,none,,6,0.2848671924321253,0.5572373936998443,0.1733540327685327,0.9330220790785542
1,beta,54,none,1.0,1.0,sae,none,,15,0.3422746751951889,0.5411996537269911,0.2819025496280267,0.8014536774418496
14,beta,54,none,1.0,1.0,sae,none,,5,0.3098829477767428,0.4953289604452395,0.217210049453455,0.9693691724941724
10,beta,54,none,1.0,1.0,sae,none,,6,0.2760240966075538,0.567818226339632,0.178576924673718,0.9073676832894402
28,beta,54,none,1.0,1.0,sae,none,,5,0.3230637464073079,0.571314408981713,0.2742838024347913,0.809711155378486
21,beta,54,none,1.0,1.0,sae,none,,4,0.2852297518336427,0.5779458239277652,0.1734824708681039,0.9318263446170424
38,beta,54,none,1.0,1.0,sae,none,,5,0.2809803915538513,0.5052390958655156,0.1172199641401036,0.9815668202764976
37,beta,54,none,1.0,1.0,sae,none,,4,0.3247211309827897,0.603456514813635,0.2591209155256262,0.8982844150475402
15,beta,54,none,1.0,1.0,sae,none,,5,0.2785762747580597,0.5774245400964457,0.1254595861021874,0.9689364184328214
18,beta,54,none,1.0,1.0,sae,none,,5,0.2529538264593877,0.5767821147150449,0.1493930303194242,0.9495067950829216
9,beta,54,none,1.0,1.0,sae,none,,5,0.3189553959426985,0.6221174863387977,0.2698558152400063,0.8488885159467718
19,beta,54,none,1.0,1.0,sae,none,,5,0.3392336070858649,0.6310102301790281,0.2927299034524397,0.8171331037932963
44,beta,54,none,1.0,1.0,sae,none,,5,0.3262339207461399,0.6167560490018474,0.245757660628023,0.9207160450387052
26,beta,54,none,1.0,1.0,sae,none,,5,0.3077026611744589,0.5821532846715328,0.2073333533381971,0.9091880341880344
35,beta,54,none,1.0,1.0,sae,none,,5,0.2866702062065782,0.5329420843877313,0.1937065283397958,0.9131069958847736
17,beta,54,none,1.0,1.0,sae,none,,4,0.3056779194088814,0.5321138211382114,0.2496955851056299,0.7642905833089881
25,beta,54,none,1.0,1.0,sae,none,,4,0.3603454217154935,0.5828395259449072,0.3294503036678545,0.9518975332068312
36,beta,54,none,1.0,1.0,sae,none,,4,0.2947008049632244,0.5315261994949494,0.2817990189638111,0.6903914590747332
0,beta,54,none,1.0,1.0,sae,none,,13,0.359403298134602,0.5524051868377021,0.3152455007676731,0.8858851708150659
20,beta,54,none,1.0,1.0,sae,none,,6,0.2755400340283158,0.5458571428571428,0.1550725140745632,0.943471108237689
8,beta,54,none,1.0,1.0,sae,none,,9,0.3249176948206926,0.5529809602757931,0.2659359682444692,0.8539518900343642
7,beta,54,none,1.0,1.0,sae,none,,8,0.2810110428080997,0.5228009259259259,0.1945670780448372,0.8998095421007986
12,beta,54,none,1.0,1.0,sae,none,,6,0.2709619036577176,0.5780238640078457,0.207571189284972,0.8587057728119181
6,beta,54,none,1.0,1.0,sae,none,,7,0.3685500855757443,0.6493506493506493,0.3181868945992502,0.834202228295144
43,beta,54,none,1.0,1.0,sae,none,,5,0.2921548218226537,0.4769797421731123,0.2048945013590269,0.9009044102703068
34,beta,54,none,1.0,1.0,sae,none,,5,0.3423437375861287,0.6736784542471748,0.2823846103886962,0.9248055315471048
30,beta,54,none,1.0,1.0,sae,none,,7,0.3204118295502039,0.5877063055438003,0.2527103577747902,0.8699660323605682
29,beta,54,none,1.0,1.0,sae,none,,5,0.3231162203217628,0.5998936136925436,0.2529814236430901,0.9091225420516466
40,beta,54,none,1.0,1.0,sae,none,,5,0.3163853037929868,0.5973724977609953,0.1987763522929626,0.94988424056426
13,beta,54,none,1.0,1.0,sae,none,,5,0.3460465250453143,0.6201099298100744,0.3216911281457432,0.763623884694578
47,beta,54,none,1.0,1.0,sae,none,,5,0.2959520272553349,0.5592790194664744,0.2222595864332136,0.8850325379609544
5,beta,54,none,1.0,1.0,sae,none,,8,0.3319515132528254,0.5814218874814562,0.2829564039295356,0.8467230229682338
32,beta,54,none,1.0,1.0,sae,none,,4,0.3502366921805372,0.7062591584676576,0.3275040245536865,0.8043864097363084
46,beta,54,none,1.0,1.0,sae,none,,5,0.3271717234053274,0.5989243598598214,0.2447821542569029,0.8915524195024118
42,beta,54,none,1.0,1.0,sae,none,,5,0.2789580417277317,0.5355279385257565,0.1942360587781643,0.9037915831663328
22,beta,54,none,1.0,1.0,sae,none,,6,0.3328396772651749,0.5217758829798964,0.2757807869407505,0.8118125701459035
27,beta,54,none,1.0,1.0,sae,none,,6,0.3365382766330127,0.5387631160241677,0.2991217622864687,0.8386622227330193
48,beta,54,none,1.0,1.0,sae,none,,5,0.4079795663277107,0.5817480011028398,0.3718502164644383,0.6507801232463617
45,beta,54,none,1.0,1.0,sae,none,,6,0.3230913392248294,0.4946651847735482,0.3015615077817732,0.6318840579710144
31,beta,54,none,1.0,1.0,sae,none,,6,0.33608563062649,0.5903035170084837,0.2794633249325517,0.8438349394613294
16,beta,54,none,1.0,1.0,sae,none,,5,0.3198716805454655,0.5972657521506626,0.239708829574783,0.9173275745714672
24,beta,54,none,1.0,1.0,sae,none,,6,0.2819630537771489,0.4528837295006449,0.1528888694202365,0.9594855135620526
39,beta,54,none,1.0,1.0,sae,none,,6,0.3486084168177202,0.558096926713948,0.3039126324412457,0.8221412733607856
11,beta,54,none,1.0,1.0,sae,none,,6,0.2755485109129783,0.6324600131675768,0.1875671624058918,0.9032254423979776
3,beta,54,none,1.0,1.0,sae,none,,17,0.2849482077879067,0.5108346360951884,0.2098415123826603,0.9054861670695676
33,beta,54,none,1.0,1.0,sae,none,,5,0.3016940422945107,0.517861417741721,0.1482190042393414,0.9630706287683032
41,beta,54,none,1.0,1.0,sae,none,,5,0.2738108810458792,0.583920704845815,0.1936091053024702,0.9183714590494252
2,beta,54,none,1.0,1.0,sae,none,,17,0.2963609260007241,0.537851279681345,0.2057258368274961,0.9422292406895644
14,beta,54,none,1.0,1.0,sae,none,,6,0.2890771655924578,0.4686568276684556,0.1658798897050553,0.9673902486402486
4,beta,54,none,1.0,1.0,sae,none,,11,0.3613561670917479,0.6387378019516877,0.3284089472016797,0.7996371581288284
10,beta,54,none,1.0,1.0,sae,none,,7,0.2760264989296543,0.5388727910868056,0.1705133513679444,0.916818876900858
23,beta,54,none,1.0,1.0,sae,none,,7,0.2848562203762464,0.5376691819379567,0.181797861933437,0.925706771860618
49,beta,54,none,1.0,1.0,sae,none,,6,0.3594239035794034,0.645263671875,0.300737315845881,0.8649161535184539
1,beta,54,none,1.0,1.0,sae,none,,16,0.346023378903296,0.5564402223437215,0.2839287111701004,0.7965656199920879
28,beta,54,none,1.0,1.0,sae,none,,6,0.3243022834071365,0.5739422464087857,0.2735606052663376,0.81117197875166
21,beta,54,none,1.0,1.0,sae,none,,5,0.2813439079969793,0.5456884875846502,0.1688258018492686,0.9352832899344528
38,beta,54,none,1.0,1.0,sae,none,,6,0.2823644123211738,0.5743696047251249,0.1158557319840054,0.9823038371425468
15,beta,54,none,1.0,1.0,sae,none,,6,0.2801348513054455,0.6263097576948264,0.1191623621012551,0.9758040054442932
37,beta,54,none,1.0,1.0,sae,none,,5,0.3312508893450908,0.6070493079890977,0.2661110134203109,0.8956903679206283
18,beta,54,none,1.0,1.0,sae,none,,6,0.2527777609516553,0.546527396005131,0.1520342985123955,0.9485835953224546
19,beta,54,none,1.0,1.0,sae,none,,6,0.3695749623935807,0.6050031969309463,0.3276902679480703,0.8453915423324799
35,beta,54,none,1.0,1.0,sae,none,,6,0.2879858457320677,0.5621601249125074,0.1911822195181222,0.9145164609053498
9,beta,54,none,1.0,1.0,sae,none,,6,0.3208312393198581,0.608811475409836,0.2766979112322943,0.8383225995930268
26,beta,54,none,1.0,1.0,sae,none,,6,0.3082908640859356,0.5686131386861314,0.1790554186867097,0.941645299145299
44,beta,54,none,1.0,1.0,sae,none,,6,0.3269659643717197,0.6528886337954908,0.2455153783514026,0.919950738916256
25,beta,54,none,1.0,1.0,sae,none,,5,0.3913058070213758,0.4801409352978859,0.3848100820505379,0.912737191650854
17,beta,54,none,1.0,1.0,sae,none,,5,0.2919941650119531,0.5305853658536586,0.2321921583763428,0.75495828870062
36,beta,54,none,1.0,1.0,sae,none,,5,0.2982485017938707,0.5641177398989898,0.2841337632238848,0.6879221439465466
7,beta,54,none,1.0,1.0,sae,none,,9,0.2806072971435506,0.5514539930555555,0.1970475473856024,0.8977209071557752
43,beta,54,none,1.0,1.0,sae,none,,6,0.2937931541438938,0.518820804732407,0.2018220542561143,0.9060531129327282
20,beta,54,none,1.0,1.0,sae,none,,7,0.2782308468160359,0.5460892857142857,0.1511556562451871,0.947753503050166
0,beta,54,none,1.0,1.0,sae,none,,14,0.3453567299630442,0.6297894590072504,0.277633005735276,0.872207359264914
8,beta,54,none,1.0,1.0,sae,none,,10,0.3254468363262794,0.5341583441887393,0.2697025528703856,0.8518438303156314
12,beta,54,none,1.0,1.0,sae,none,,7,0.2910563165263009,0.5422768878718535,0.2211143578404672,0.8688444030622802
6,beta,54,none,1.0,1.0,sae,none,,8,0.3690706620698707,0.6651059466848941,0.3168395807383402,0.832394366197183
34,beta,54,none,1.0,1.0,sae,none,,6,0.3319516030319563,0.6288370397375136,0.253125589864538,0.9268386108273748
30,beta,54,none,1.0,1.0,sae,none,,8,0.3294773390159767,0.5765975454930173,0.2560772004985699,0.8685269732276562
29,beta,54,none,1.0,1.0,sae,none,,6,0.3301107627488112,0.60019869207422,0.2615055667848123,0.9116323146173892
40,beta,54,none,1.0,1.0,sae,none,,6,0.3114654463122706,0.596023043594026,0.1987905669197579,0.948075162870834
47,beta,54,none,1.0,1.0,sae,none,,6,0.2986915874836104,0.5801730353280461,0.210532240633271,0.8777502324140067
46,beta,54,none,1.0,1.0,sae,none,,6,0.327750344052196,0.616254828230118,0.2462343238304264,0.9011484493372078
42,beta,54,none,1.0,1.0,sae,none,,6,0.2877652468498907,0.5613635644941972,0.2108278784420025,0.8820360721442886
13,beta,54,none,1.0,1.0,sae,none,,6,0.3432779213349372,0.607362200660611,0.3210027398656513,0.7646610234118814
5,beta,54,none,1.0,1.0,sae,none,,9,0.3337161007284925,0.5853018372703412,0.2832158973707606,0.8510612418658395
22,beta,54,none,1.0,1.0,sae,none,,7,0.3342653843542664,0.5571685839244368,0.2747150548799902,0.8188762626262627
27,beta,54,none,1.0,1.0,sae,none,,7,0.3293927203664981,0.564677987957696,0.2830796729050404,0.843279508102517
32,beta,54,none,1.0,1.0,sae,none,,5,0.35179894231756,0.7090433326355454,0.3257398428090901,0.8070698106828939
31,beta,54,none,1.0,1.0,sae,none,,7,0.3445709785166973,0.6141071575652747,0.2821800035133621,0.8434642945391648
48,beta,54,none,1.0,1.0,sae,none,,6,0.4054175982247314,0.559656741108354,0.3736500282927709,0.6183132293169005
45,beta,54,none,1.0,1.0,sae,none,,7,0.339556386186596,0.5050291747707696,0.3247219569855803,0.6121794871794872
39,beta,54,none,1.0,1.0,sae,none,,7,0.3619959664963103,0.5655240346729709,0.3224966896981374,0.8424136838770985
11,beta,54,none,1.0,1.0,sae,none,,7,0.2786011600632145,0.6062023159443863,0.1930697709496091,0.8934746298302636
16,beta,54,none,1.0,1.0,sae,none,,6,0.3260313176634279,0.6044175773076029,0.2494686335860015,0.9208044270481844
24,beta,54,none,1.0,1.0,sae,none,,7,0.2821588666040204,0.486180210060807,0.1542814766165722,0.9532525156485224
3,beta,54,none,1.0,1.0,sae,none,,18,0.285110064907664,0.5301589369463262,0.208960308935297,0.902699435938759
2,beta,54,none,1.0,1.0,sae,none,,18,0.2964630405756453,0.5371580731057854,0.1947117531060668,0.9382265210334692
33,beta,54,none,1.0,1.0,sae,none,,6,0.3047619386365441,0.5298044952786275,0.144368434391348,0.958994708994709
14,beta,54,none,1.0,1.0,sae,none,,7,0.2978391175718822,0.4773032200357782,0.1817921447466377,0.9687014374514376
41,beta,54,none,1.0,1.0,sae,none,,6,0.2821256727836811,0.5880763582966226,0.195231878807349,0.9146853146853148
10,beta,54,none,1.0,1.0,sae,none,,8,0.2761662834712931,0.574358241847937,0.1737049502178795,0.9148224449919292
23,beta,54,none,1.0,1.0,sae,none,,8,0.2877420862611006,0.5477826685830639,0.1705861317026593,0.9365590592464984
4,beta,54,none,1.0,1.0,sae,none,,12,0.3677917743311188,0.6658534634458486,0.3269756714989622,0.813214466856541
1,beta,54,none,1.0,1.0,sae,none,,17,0.3504332738668799,0.5212263076362311,0.295754362981059,0.7974540529304877
49,beta,54,none,1.0,1.0,sae,none,,7,0.3621184495037826,0.646542503720238,0.3035971867027661,0.8669945651472316
38,beta,54,none,1.0,1.0,sae,none,,7,0.283433347059652,0.5645871194911405,0.1225942582599529,0.9790842371487531
15,beta,54,none,1.0,1.0,sae,none,,7,0.2810405109957684,0.5791956897064952,0.1200903885882397,0.9744818199494458
28,beta,54,none,1.0,1.0,sae,none,,7,0.3246208937124155,0.5505809677893808,0.2770052039031155,0.812837538733953
21,beta,54,none,1.0,1.0,sae,none,,6,0.2839495720191587,0.567020316027088,0.1668303971921425,0.9371240010774896
37,beta,54,none,1.0,1.0,sae,none,,6,0.3280806057280223,0.6002973346076246,0.2564641923774859,0.9040512608515916
18,beta,54,none,1.0,1.0,sae,none,,7,0.2566900382816233,0.5911123327835808,0.1513182345571677,0.9497479914167372
19,beta,54,none,1.0,1.0,sae,none,,7,0.3696666380799411,0.5976982097186702,0.3248317737032201,0.8498572731820724
35,beta,54,none,1.0,1.0,sae,none,,7,0.2895676091725491,0.4971374217053428,0.1998160794348868,0.904238683127572
26,beta,54,none,1.0,1.0,sae,none,,7,0.307776503709242,0.5723722627737227,0.1817628080368973,0.9441452991452992
9,beta,54,none,1.0,1.0,sae,none,,7,0.3225394155198473,0.6092486338797815,0.2672918277753868,0.8525561685791605
17,beta,54,none,1.0,1.0,sae,none,,6,0.3161794179059515,0.5159674796747967,0.259696506683752,0.7675041386697828
7,beta,54,none,1.0,1.0,sae,none,,10,0.2839282781928468,0.5480251736111111,0.195757311706962,0.9048990893231544
43,beta,54,none,1.0,1.0,sae,none,,7,0.2988026302656905,0.5067247056197333,0.2043059115480945,0.9058160016259064
25,beta,54,none,1.0,1.0,sae,none,,6,0.3783311904343794,0.4308135810377963,0.3618189390765661,0.9572343453510436
36,beta,54,none,1.0,1.0,sae,none,,6,0.29710809441049,0.5362215909090908,0.2797923594774165,0.7001597792141767
44,beta,54,none,1.0,1.0,sae,none,,7,0.338422698122571,0.6364052158628235,0.2694810737677057,0.9158075299085152
34,beta,54,none,1.0,1.0,sae,none,,7,0.3329642035157358,0.6187932920160408,0.2521839267567379,0.9293136638642256
6,beta,54,none,1.0,1.0,sae,none,,9,0.370023368277933,0.6698564593301435,0.3193279813656122,0.826045827202018
0,beta,54,none,1.0,1.0,sae,none,,15,0.3356329735282948,0.6216536530953709,0.2635492675549615,0.8798341574103904
12,beta,54,none,1.0,1.0,sae,none,,8,0.3105783626499639,0.5295357960117686,0.2570565585166955,0.8599903441616663
30,beta,54,none,1.0,1.0,sae,none,,9,0.3219882117862106,0.5731696995344902,0.2536459835973734,0.8663062931443808
8,beta,54,none,1.0,1.0,sae,none,,11,0.3254800529366989,0.5476979960262635,0.2679460460286758,0.8605865026422939
20,beta,54,none,1.0,1.0,sae,none,,8,0.2808960303101451,0.5552261904761904,0.150440604091898,0.9496482547160752
29,beta,54,none,1.0,1.0,sae,none,,7,0.3392872913402819,0.6215385337463624,0.2848780725279118,0.9223747334754796
47,beta,54,none,1.0,1.0,sae,none,,7,0.2983275565506261,0.5504686373467916,0.2216794774394783,0.8792151449418261
42,beta,54,none,1.0,1.0,sae,none,,7,0.2830467186847605,0.5371090661860038,0.1961788418412729,0.9045290581162324
46,beta,54,none,1.0,1.0,sae,none,,7,0.3295958115779152,0.5992632952190929,0.2408443708073984,0.9094562249760284
22,beta,54,none,1.0,1.0,sae,none,,8,0.3346504462858547,0.5633491369277321,0.2734560687708423,0.8206158810325477
40,beta,54,none,1.0,1.0,sae,none,,7,0.3138270572628046,0.5843076029337012,0.1976312233230304,0.9484520540569644
13,beta,54,none,1.0,1.0,sae,none,,7,0.3491392330979305,0.619090627580512,0.3258239695214922,0.76150385114009
27,beta,54,none,1.0,1.0,sae,none,,8,0.3153488480758132,0.5710319152255072,0.2655975103178304,0.829054131708999
5,beta,54,none,1.0,1.0,sae,none,,10,0.3351321658571011,0.5897333485488228,0.2883678285594161,0.8358673396987573
31,beta,54,none,1.0,1.0,sae,none,,8,0.3460467618815562,0.6022156329791616,0.280694120811059,0.8444526809982702
32,beta,54,none,1.0,1.0,sae,none,,6,0.3530457044709924,0.6929244295583001,0.3219372665953933,0.8127112914131169
39,beta,54,none,1.0,1.0,sae,none,,8,0.357050176072942,0.5746847911741529,0.3132382613103818,0.8374021448934341
48,beta,54,none,1.0,1.0,sae,none,,7,0.4049123603281441,0.597187758478081,0.3760149849419186,0.6151337354136621
11,beta,54,none,1.0,1.0,sae,none,,8,0.2793451680933592,0.5910983308160024,0.1947739615188312,0.8916689237992056
45,beta,54,none,1.0,1.0,sae,none,,8,0.3585178477753932,0.4896915809947207,0.3513445390459846,0.6143394648829432
24,beta,54,none,1.0,1.0,sae,none,,8,0.2878832346408871,0.525962778699097,0.1665361434738686,0.9508359084066238
3,beta,54,none,1.0,1.0,sae,none,,19,0.292104590989692,0.5030832030571478,0.2129493334952791,0.906706061420002
16,beta,54,none,1.0,1.0,sae,none,,7,0.315350572803522,0.5735549872122762,0.2139346221097264,0.916506951005534
2,beta,54,none,1.0,1.0,sae,none,,19,0.2946364556376792,0.5467309258158931,0.1881195897848382,0.9368118612098084
14,beta,54,none,1.0,1.0,sae,none,,8,0.3082883265012275,0.4515752335519777,0.2005130479382905,0.9686043123543124
10,beta,54,none,1.0,1.0,sae,none,,9,0.2804680922561626,0.5852344610863975,0.1780014651223491,0.9097145527142978
33,beta,54,none,1.0,1.0,sae,none,,7,0.3043329915269002,0.5100678281686395,0.148204796740927,0.962332348960256
23,beta,54,none,1.0,1.0,sae,none,,9,0.2891060564371968,0.5427296682237395,0.1699453315768171,0.938905949616758
41,beta,54,none,1.0,1.0,sae,none,,7,0.2748734914704441,0.5484728340675478,0.2030545442607163,0.9003200189640868
38,beta,54,none,1.0,1.0,sae,none,,8,0.2840842778342262,0.5733402430713312,0.1159945926482419,0.982575369672144
4,beta,54,none,1.0,1.0,sae,none,,13,0.3621988887493879,0.658934570468725,0.3287296740880588,0.813448558386329
15,beta,54,none,1.0,1.0,sae,none,,8,0.2933720927523101,0.5617074477585282,0.118387161430271,0.9742251604122109
1,beta,54,none,1.0,1.0,sae,none,,18,0.3477452839203185,0.5444345726262074,0.2909953859191188,0.7947015871100115
49,beta,54,none,1.0,1.0,sae,none,,8,0.3549936494124922,0.6113862537202381,0.2818902199351463,0.8711513884047868
21,beta,54,none,1.0,1.0,sae,none,,7,0.2858537217691777,0.5538600451467268,0.1674743517767887,0.9359342731435756
18,beta,54,none,1.0,1.0,sae,none,,8,0.2569677935478914,0.5457119296316657,0.1522775408337901,0.9486834007019644
19,beta,54,none,1.0,1.0,sae,none,,8,0.3445744273319839,0.6258631713554987,0.2920087854267261,0.8139548571260409
28,beta,54,none,1.0,1.0,sae,none,,8,0.3253571047696137,0.5787713879492082,0.2729626210424818,0.812832005312085
35,beta,54,none,1.0,1.0,sae,none,,8,0.290311884124891,0.537114808234175,0.1933602227086452,0.9116666666666668
37,beta,54,none,1.0,1.0,sae,none,,7,0.3252264471872407,0.6437471239956108,0.2525246370448333,0.8962897891690782
26,beta,54,none,1.0,1.0,sae,none,,8,0.3109934133548195,0.5688686131386862,0.1684342742143927,0.9493376068376068
7,beta,54,none,1.0,1.0,sae,none,,11,0.2841433079036724,0.5324869791666667,0.1947494497211845,0.8994654374929978
43,beta,54,none,1.0,1.0,sae,none,,8,0.3082163470662972,0.5600200904068308,0.2261370495352966,0.9004809972224105
17,beta,54,none,1.0,1.0,sae,none,,7,0.297679889170801,0.5020162601626016,0.2356923591903919,0.7646638750933229
34,beta,54,none,1.0,1.0,sae,none,,8,0.3479623732648448,0.637449872402479,0.2804923315946457,0.9308261962756345
9,beta,54,none,1.0,1.0,sae,none,,8,0.3223035847819892,0.5902049180327867,0.2672769145928401,0.8512939926017608
25,beta,54,none,1.0,1.0,sae,none,,7,0.3879901523962635,0.5314301729660473,0.3794016205310649,0.9358159392789374
36,beta,54,none,1.0,1.0,sae,none,,7,0.297390364993584,0.5374842171717171,0.2830670391526566,0.6965647468951993
6,beta,54,none,1.0,1.0,sae,none,,10,0.3696295714277886,0.6708817498291182,0.3162339530235953,0.8318478032373344
30,beta,54,none,1.0,1.0,sae,none,,10,0.3230235579169808,0.5814430808294541,0.2549124952549453,0.862186347200409
44,beta,54,none,1.0,1.0,sae,none,,8,0.3289686438305838,0.6644754542356465,0.246729083639035,0.9198187895847992
0,beta,54,none,1.0,1.0,sae,none,,16,0.3574932631611462,0.662632459564975,0.3106485836048951,0.8771062989368706
12,beta,54,none,1.0,1.0,sae,none,,9,0.2982215834259857,0.5530892448512585,0.2264096303388665,0.866749430995241
42,beta,54,none,1.0,1.0,sae,none,,8,0.284897203227114,0.5509597444897701,0.1965283031919021,0.9059559118236474
47,beta,54,none,1.0,1.0,sae,none,,8,0.3004937097990753,0.5673684210526315,0.2212942612686304,0.8798208299292898
46,beta,54,none,1.0,1.0,sae,none,,8,0.3309534643931589,0.5888266441562429,0.2422939420411736,0.9095367408632766
22,beta,54,none,1.0,1.0,sae,none,,9,0.3347878745840902,0.5302412192044299,0.2737188254420628,0.821233164983165
29,beta,54,none,1.0,1.0,sae,none,,8,0.3427038312266492,0.5834037360367972,0.2885578880271994,0.9093483475479744
20,beta,54,none,1.0,1.0,sae,none,,9,0.2812712846755232,0.5748095238095239,0.1475639425604663,0.9527080226089962
8,beta,54,none,1.0,1.0,sae,none,,12,0.3347932379071899,0.5713496230213555,0.2715506575650377,0.8542551041034971
27,beta,54,none,1.0,1.0,sae,none,,9,0.3365351771755087,0.5806408003244559,0.2899937706722235,0.834843696126882
40,beta,54,none,1.0,1.0,sae,none,,8,0.3134810307739861,0.606612930554547,0.1992074738845472,0.9485651214128036
31,beta,54,none,1.0,1.0,sae,none,,9,0.3569891138901376,0.6270797298410347,0.3026299819614995,0.8629849271064985
13,beta,54,none,1.0,1.0,sae,none,,8,0.368557565391799,0.6003174029727497,0.3516887861831328,0.7743308167467399
5,beta,54,none,1.0,1.0,sae,none,,11,0.3366751666971022,0.5812887519494846,0.2847816279641235,0.8417665065174643
39,beta,54,none,1.0,1.0,sae,none,,9,0.3571071385505729,0.5869385342789597,0.3103372718204811,0.822220462464365
32,beta,54,none,1.0,1.0,sae,none,,7,0.3538994996898658,0.7060288884236968,0.3218838250700348,0.8121196754563895
11,beta,54,none,1.0,1.0,sae,none,,9,0.2905660138720821,0.6030072421672282,0.1939754401218324,0.8946144817623691
3,beta,54,none,1.0,1.0,sae,none,,20,0.2983391195185435,0.5346751780441201,0.2201878854697862,0.8955031784403259
45,beta,54,none,1.0,1.0,sae,none,,9,0.358476386052022,0.5459294248402334,0.351333077064785,0.6223662207357861
48,beta,54,none,1.0,1.0,sae,none,,8,0.409667295835031,0.5670664460987043,0.3725437146336646,0.6520912547528517
2,beta,54,none,1.0,1.0,sae,none,,20,0.292969563800953,0.6211681080962127,0.1830120814913538,0.9336316181953764
24,beta,54,none,1.0,1.0,sae,none,,9,0.2841757416860876,0.4584392850562004,0.1541617381160805,0.9559728494836648
16,beta,54,none,1.0,1.0,sae,none,,8,0.3272874906715841,0.5324250174378051,0.2502533552752775,0.9159373734647048
14,beta,54,none,1.0,1.0,sae,none,,9,0.3084612936332762,0.5041368515205725,0.1931253134005821,0.9708624708624708
23,beta,54,none,1.0,1.0,sae,none,,10,0.2894100471184049,0.5665798299197509,0.176999743217616,0.9282533975815378
10,beta,54,none,1.0,1.0,sae,none,,10,0.2807400637029206,0.56453291433702,0.1752400278462848,0.9150560700025488
33,beta,54,none,1.0,1.0,sae,none,,8,0.3059380372912605,0.5101476260140976,0.1397714806402075,0.9642549526270456
38,beta,54,none,1.0,1.0,sae,none,,9,0.2847857615987237,0.5909671740118129,0.1156405386922488,0.9815900944933204
41,beta,54,none,1.0,1.0,sae,none,,8,0.2927633837296344,0.599251101321586,0.2037132621478886,0.90747896171625
15,beta,54,none,1.0,1.0,sae,none,,9,0.2846495555333805,0.5608144311484194,0.115926550858409,0.9758117830060276
18,beta,54,none,1.0,1.0,sae,none,,9,0.2593183467074385,0.5746930547920103,0.1582906563290143,0.9413726566528604
19,beta,54,none,1.0,1.0,sae,none,,9,0.3609220129876757,0.5845588235294118,0.3050920783648362,0.8255495718195461
4,beta,54,none,1.0,1.0,sae,none,,14,0.3621429534783266,0.6780715085586306,0.3308077878942548,0.8033045920955094
1,beta,54,none,1.0,1.0,sae,none,,19,0.3483565702665509,0.5428797612538728,0.2890360407704972,0.793105760398018
21,beta,54,none,1.0,1.0,sae,none,,8,0.2877456206693572,0.5378329571106095,0.1715286080526505,0.9349914698751908
49,beta,54,none,1.0,1.0,sae,none,,9,0.3532436968901822,0.6510881696428572,0.2880356825621684,0.8618049907697869
35,beta,54,none,1.0,1.0,sae,none,,9,0.2906291751151491,0.5644394192286295,0.1959190392049014,0.9111625514403292
28,beta,54,none,1.0,1.0,sae,none,,9,0.3261712696732255,0.5520958964553612,0.2752245679673331,0.8107403718459496
37,beta,54,none,1.0,1.0,sae,none,,8,0.335934760947483,0.6235000530954656,0.267694865468096,0.9016019016122364
7,beta,54,none,1.0,1.0,sae,none,,12,0.2859698407587245,0.545630787037037,0.1961841682553426,0.8992333669435508
26,beta,54,none,1.0,1.0,sae,none,,9,0.3118843929198842,0.5908394160583942,0.1729215760328825,0.9476282051282052
43,beta,54,none,1.0,1.0,sae,none,,9,0.3089226165472396,0.5029019476533289,0.2207614095915703,0.9044949529164692
34,beta,54,none,1.0,1.0,sae,none,,9,0.3481000360889958,0.6501275975209625,0.2762504573749191,0.9286261491317672
17,beta,54,none,1.0,1.0,sae,none,,8,0.2984464364436455,0.5171707317073171,0.2334250430979857,0.7566624468464959
30,beta,54,none,1.0,1.0,sae,none,,11,0.3239605231481956,0.5902948229651572,0.2527467810107924,0.8708937506848314
25,beta,54,none,1.0,1.0,sae,none,,8,0.3063274898585706,0.4953555413196668,0.1884031300965807,0.907258064516129
9,beta,54,none,1.0,1.0,sae,none,,9,0.3230519498451831,0.6041598360655738,0.2665916692553966,0.8562098358821595
6,beta,54,none,1.0,1.0,sae,none,,11,0.3707603563159996,0.6828092959671908,0.3218533508649631,0.828484338869035
36,beta,54,none,1.0,1.0,sae,none,,8,0.3001843884179935,0.549124053030303,0.2846848235857679,0.6987435543612462
44,beta,54,none,1.0,1.0,sae,none,,9,0.3301449318718211,0.6581618926335804,0.2449038667766095,0.9205928923293456
0,beta,54,none,1.0,1.0,sae,none,,17,0.3628562368929005,0.5845161740100391,0.3212865464132281,0.881297886347401
47,beta,54,none,1.0,1.0,sae,none,,9,0.2998461244259518,0.5591636625811103,0.2221775681654039,0.8670451024030199
42,beta,54,none,1.0,1.0,sae,none,,9,0.2859690330919997,0.6010182462131992,0.1938146471798325,0.9102685370741485
46,beta,54,none,1.0,1.0,sae,none,,9,0.3317807093796714,0.5973000281380298,0.2423781060216037,0.9067260044356936
12,beta,54,none,1.0,1.0,sae,none,,10,0.2789412014429532,0.5804429552141223,0.2082204761396364,0.8625508655769364
22,beta,54,none,1.0,1.0,sae,none,,10,0.3352088900222249,0.5466696068702758,0.2755568929029535,0.8179854096520764
27,beta,54,none,1.0,1.0,sae,none,,10,0.3297679278725524,0.5685516997535383,0.2757870006231878,0.8307723250201127
29,beta,54,none,1.0,1.0,sae,none,,9,0.3444773499935308,0.5571122375543666,0.2898938236013846,0.9211531627576404
31,beta,54,none,1.0,1.0,sae,none,,10,0.3533159608926176,0.5737274524339016,0.2917636883106059,0.8508257145210445
8,beta,54,none,1.0,1.0,sae,none,,13,0.3258419881319211,0.5698364452163844,0.2684826979816487,0.8574388518293914
20,beta,54,none,1.0,1.0,sae,none,,10,0.2836122779993949,0.5705119047619047,0.1540560774886269,0.945468278912566
39,beta,54,none,1.0,1.0,sae,none,,10,0.3656390391205733,0.5675236406619385,0.325040052770246,0.8315534639576451
13,beta,54,none,1.0,1.0,sae,none,,9,0.3520250985648986,0.6135038191577209,0.3377651687303464,0.7505376344086021
40,beta,54,none,1.0,1.0,sae,none,,9,0.3155174251450826,0.5805012949918913,0.1966514184480407,0.9505357239002856
3,beta,54,none,1.0,1.0,sae,none,,21,0.288354832218904,0.5170987493486191,0.2170556045280537,0.8966783060256066
11,beta,54,none,1.0,1.0,sae,none,,10,0.2835302371109266,0.6120599512025096,0.1882424951769706,0.9055051462621886
5,beta,54,none,1.0,1.0,sae,none,,12,0.3358262787275946,0.5819924683327627,0.2840970892667452,0.8477974416671734
2,beta,54,none,1.0,1.0,sae,none,,21,0.2926480763521555,0.5535199489447855,0.1744107971227476,0.9406939509584596
45,beta,54,none,1.0,1.0,sae,none,,10,0.3559928844589994,0.4949986107252014,0.3476928627365857,0.6235507246376812
48,beta,54,none,1.0,1.0,sae,none,,9,0.4095345644796728,0.5193341604631927,0.3734200293951333,0.6737413137537696
23,beta,54,none,1.0,1.0,sae,none,,11,0.3007905388921171,0.5086687028386634,0.1956962439570352,0.9232766584275836
32,beta,54,none,1.0,1.0,sae,none,,8,0.3563605638896408,0.7042495289930919,0.325986821108625,0.8068373901284652
14,beta,54,none,1.0,1.0,sae,none,,10,0.3087777542852201,0.5106837606837606,0.1858994597302486,0.9696605477855478
24,beta,54,none,1.0,1.0,sae,none,,10,0.2855152587504155,0.5005620047908604,0.1576440315596907,0.9540052293796054
16,beta,54,none,1.0,1.0,sae,none,,9,0.3273455012053851,0.5627993489886073,0.2416456452152526,0.9221217438250776
10,beta,54,none,1.0,1.0,sae,none,,11,0.2802287873646127,0.5451781414520671,0.173093384160917,0.916532155296916
33,beta,54,none,1.0,1.0,sae,none,,9,0.3064897737166126,0.5250166245511371,0.1441298788349939,0.961471022517534
38,beta,54,none,1.0,1.0,sae,none,,10,0.2868229741561183,0.5360347569286688,0.1180836979624952,0.982187466058434
15,beta,54,none,1.0,1.0,sae,none,,10,0.2856929640179632,0.5997648389593381,0.1170659587319107,0.9764262103830448
18,beta,54,none,1.0,1.0,sae,none,,10,0.2616122157066747,0.5583470771486165,0.1603104965092204,0.938453349302194
19,beta,54,none,1.0,1.0,sae,none,,10,0.3452209407370505,0.6312819693094629,0.289939002556761,0.8159412612930755
41,beta,54,none,1.0,1.0,sae,none,,9,0.2926379306923169,0.5567988252569751,0.208499166926085,0.9018727035676188
35,beta,54,none,1.0,1.0,sae,none,,10,0.2910683219356894,0.5001704983937256,0.1938625781564138,0.9089403292181072
4,beta,54,none,1.0,1.0,sae,none,,15,0.3630584115382467,0.6406574948008319,0.3257726407457242,0.8151262143498108
49,beta,54,none,1.0,1.0,sae,none,,10,0.3528539355690309,0.6446126302083334,0.2862365977094114,0.8629539263906638
1,beta,54,none,1.0,1.0,sae,none,,20,0.3504387910668416,0.5494179424093312,0.2921540695078049,0.7953117561469503
7,beta,54,none,1.0,1.0,sae,none,,13,0.2853971665512732,0.5537326388888889,0.1963508091309819,0.8939437589027064
21,beta,54,none,1.0,1.0,sae,none,,9,0.2872145583363951,0.5395033860045146,0.1690233799930101,0.9393014276735208
28,beta,54,none,1.0,1.0,sae,none,,10,0.3266282800195139,0.554704123155366,0.2770271912442577,0.8088036741921204
43,beta,54,none,1.0,1.0,sae,none,,10,0.2972035848314071,0.5131703778112617,0.2097150027605791,0.89860104328975
37,beta,54,none,1.0,1.0,sae,none,,9,0.3244164220458868,0.6373137234080208,0.2486124649172304,0.9059942124844976
26,beta,54,none,1.0,1.0,sae,none,,10,0.3088081556638815,0.583941605839416,0.1787934868273263,0.9393162393162394
34,beta,54,none,1.0,1.0,sae,none,,10,0.3497409359907445,0.6022694130514036,0.2779690717938658,0.9290681228883476
6,beta,54,none,1.0,1.0,sae,none,,12,0.3705040914924798,0.6701298701298701,0.3192422245187021,0.824910657977717
30,beta,54,none,1.0,1.0,sae,none,,12,0.3318387090377517,0.5800606573564678,0.2643123054566821,0.8677526571459878
17,beta,54,none,1.0,1.0,sae,none,,9,0.3181302000493887,0.4896260162601626,0.2559367929059928,0.7701658713928653
25,beta,54,none,1.0,1.0,sae,none,,9,0.3913154603352332,0.4574791800128123,0.3847346995362051,0.9283444022770398
9,beta,54,none,1.0,1.0,sae,none,,10,0.3472545853738434,0.6214959016393443,0.3136495546639405,0.8467627458795723
42,beta,54,none,1.0,1.0,sae,none,,10,0.287267563507038,0.548414128956772,0.1941699176694895,0.9066773547094188
36,beta,54,none,1.0,1.0,sae,none,,9,0.2983602089182269,0.5136126893939394,0.2791243467114017,0.6903188321591982
46,beta,54,none,1.0,1.0,sae,none,,10,0.3318492390535822,0.620552272785409,0.2432451917132906,0.9074726062992704
47,beta,54,none,1.0,1.0,sae,none,,10,0.3016598736979951,0.5796971881759193,0.2213519694649347,0.876454348254782
22,beta,54,none,1.0,1.0,sae,none,,11,0.3356964777021359,0.5317603244024649,0.2741455991287752,0.8184904601571269
0,beta,54,none,1.0,1.0,sae,none,,18,0.3592990090011724,0.5834634690462911,0.3101252807030105,0.8852023307607189
27,beta,54,none,1.0,1.0,sae,none,,11,0.3192357247274448,0.573470533792286,0.2615987872858986,0.8321514768417424
44,beta,54,none,1.0,1.0,sae,none,,10,0.3337974136584614,0.6622603267985581,0.2521163648186647,0.918701618578466
12,beta,54,none,1.0,1.0,sae,none,,11,0.3105966060333249,0.5429306963059823,0.2526818169212553,0.8735774881026277
31,beta,54,none,1.0,1.0,sae,none,,11,0.3494962050903155,0.6217877440079072,0.2828641638802148,0.8522877028251379
39,beta,54,none,1.0,1.0,sae,none,,11,0.3656278112906597,0.5837273443656422,0.3254218243390873,0.8408864654509254
29,beta,54,none,1.0,1.0,sae,none,,10,0.3411022648641927,0.5846553396539316,0.2815880201207829,0.9117655768775172
20,beta,54,none,1.0,1.0,sae,none,,11,0.2835070721914815,0.5869940476190476,0.1492531352344839,0.9541418887345492
13,beta,54,none,1.0,1.0,sae,none,,10,0.3531029436937019,0.6202131502890175,0.3227471655345174,0.7646305193319607
3,beta,54,none,1.0,1.0,sae,none,,22,0.2879795071832748,0.5248176133402814,0.2141981394735266,0.9005282478288119
8,beta,54,none,1.0,1.0,sae,none,,14,0.3275288092885607,0.5492835432045159,0.269066395925213,0.855316353345462
11,beta,54,none,1.0,1.0,sae,none,,11,0.2836874142495593,0.6007706905232175,0.1907125279891296,0.8968264716504154
40,beta,54,none,1.0,1.0,sae,none,,10,0.317260601282914,0.5925253552150656,0.1952844122717454,0.9518656113713456
2,beta,54,none,1.0,1.0,sae,none,,22,0.3010781668058641,0.5512422701965185,0.2051998776099237,0.93999210422424
23,beta,54,none,1.0,1.0,sae,none,,12,0.2907209248310231,0.5136393580069469,0.177203307228812,0.9317987000557596
5,beta,54,none,1.0,1.0,sae,none,,13,0.3372248114906399,0.5903704971661151,0.2847829099205128,0.8504834884145229
14,beta,54,none,1.0,1.0,sae,none,,11,0.3107862329826738,0.4695140131186642,0.1910123372331316,0.9689199689199688
45,beta,54,none,1.0,1.0,sae,none,,11,0.3270785812267594,0.4589608224506807,0.304118321715854,0.6151895206243032
48,beta,54,none,1.0,1.0,sae,none,,10,0.411563964354532,0.5649641577060932,0.3748598631639042,0.6841156417988723
32,beta,54,none,1.0,1.0,sae,none,,9,0.3569950202239291,0.6951433954364664,0.3209104539196704,0.8180569641649763
10,beta,54,none,1.0,1.0,sae,none,,12,0.2822292288155976,0.5435252826184549,0.1710494600304363,0.917933905360632
24,beta,54,none,1.0,1.0,sae,none,,11,0.285629598113096,0.4888796756955961,0.1562294708117071,0.9578744420674538
16,beta,54,none,1.0,1.0,sae,none,,10,0.3275587668545519,0.555800976517089,0.2381812182718947,0.9213227156161424
38,beta,54,none,1.0,1.0,sae,none,,11,0.2873941812448186,0.5795661063153111,0.1170948536543174,0.9826296761780632
33,beta,54,none,1.0,1.0,sae,none,,10,0.3079571495406732,0.5326506184333023,0.1405484998099114,0.962578442229605
15,beta,54,none,1.0,1.0,sae,none,,11,0.2900740091867645,0.5896588676549384,0.1214107701357332,0.97597511180245
19,beta,54,none,1.0,1.0,sae,none,,11,0.3714998532830176,0.6225703324808184,0.3206572073474285,0.832295988934993
18,beta,54,none,1.0,1.0,sae,none,,11,0.2723554728398448,0.5629100238226131,0.1567847756325275,0.9495566977726766
7,beta,54,none,1.0,1.0,sae,none,,14,0.2939211940058877,0.4989293981481482,0.2005815826805032,0.8949040508314529
35,beta,54,none,1.0,1.0,sae,none,,11,0.2934979046936887,0.4988962472406181,0.1995581372635694,0.9052983539094648
41,beta,54,none,1.0,1.0,sae,none,,10,0.2838650039330601,0.5977386196769457,0.2010515093658757,0.9011378452056418
43,beta,54,none,1.0,1.0,sae,none,,11,0.2975777665243996,0.5220157374853508,0.2153926340230146,0.8893198292798591
4,beta,54,none,1.0,1.0,sae,none,,16,0.3688719846717916,0.6360582306830908,0.3270175615116903,0.8136436346611524
21,beta,54,none,1.0,1.0,sae,none,,10,0.2901924703748709,0.5562189616252822,0.1703741587571207,0.9328701625213254
28,beta,54,none,1.0,1.0,sae,none,,11,0.3299963020168082,0.5624160415747413,0.2803140537724974,0.804786409915892
49,beta,54,none,1.0,1.0,sae,none,,11,0.3624899254418379,0.6369396391369049,0.2926044997180217,0.8780191833520519
1,beta,54,none,1.0,1.0,sae,none,,21,0.3492797384407706,0.5420653362493165,0.2844489745455688,0.8057449761631765
34,beta,54,none,1.0,1.0,sae,none,,11,0.3444924356477196,0.6444221655122129,0.2683370783620525,0.9298833189282628
37,beta,54,none,1.0,1.0,sae,none,,10,0.3319805891993798,0.7107359031538707,0.2540108831929458,0.9030177759404712
26,beta,54,none,1.0,1.0,sae,none,,11,0.3094686226839229,0.5655839416058395,0.1788615337443833,0.941645299145299
30,beta,54,none,1.0,1.0,sae,none,,13,0.3255517970299634,0.5771688531527719,0.2545655859777245,0.872610394828153
6,beta,54,none,1.0,1.0,sae,none,,13,0.3720998076515039,0.6727443609022556,0.3227331527062575,0.8245322682362833
25,beta,54,none,1.0,1.0,sae,none,,10,0.3912911457144551,0.5331518257527226,0.3848208470098332,0.9231024667931688
17,beta,54,none,1.0,1.0,sae,none,,10,0.2952552830807272,0.492910569105691,0.2275388987790284,0.7572304995617879
42,beta,54,none,1.0,1.0,sae,none,,11,0.2888267045093179,0.5442873857635265,0.1973867705352389,0.9047855711422844
47,beta,54,none,1.0,1.0,sae,none,,11,0.303009326729895,0.5656813266041817,0.2199570697111742,0.8840606248415359
22,beta,54,none,1.0,1.0,sae,none,,12,0.3363559578467568,0.5335183211437392,0.2759552841460607,0.8162037037037038
9,beta,54,none,1.0,1.0,sae,none,,11,0.3241888744883305,0.6060860655737704,0.2677121348921314,0.8503290048738873
46,beta,54,none,1.0,1.0,sae,none,,11,0.3324548935769423,0.6352991584171079,0.2428141224560236,0.9061843521032944
27,beta,54,none,1.0,1.0,sae,none,,12,0.3468570953765761,0.5651459531410864,0.3140347226512982,0.8542293989196644
36,beta,54,none,1.0,1.0,sae,none,,10,0.3003135488017461,0.5668008207070707,0.2761786259064824,0.6846176192897088
0,beta,54,none,1.0,1.0,sae,none,,19,0.3610945075244625,0.5953290574456218,0.3149035645453985,0.8776070483100584
31,beta,54,none,1.0,1.0,sae,none,,12,0.3602265965737358,0.5942879499217527,0.3024815642043366,0.8661354089448975
39,beta,54,none,1.0,1.0,sae,none,,12,0.3389368892518565,0.5782899921197794,0.2863119170218984,0.8076496674057649
12,beta,54,none,1.0,1.0,sae,none,,12,0.312813720586417,0.5638770840143837,0.2563351582704854,0.8747327401889786
44,beta,54,none,1.0,1.0,sae,none,,11,0.3325615966897879,0.6471759367208939,0.2464426987806137,0.9211998592540466
3,beta,54,none,1.0,1.0,sae,none,,23,0.288993943306871,0.5284762028834462,0.2115013745073876,0.9026210940997402
29,beta,54,none,1.0,1.0,sae,none,,11,0.344593000608878,0.5416001752245064,0.2872555678419792,0.9145344705046196
11,beta,54,none,1.0,1.0,sae,none,,12,0.2840935488058042,0.5974497502033229,0.1878651698866288,0.9047828638497654
13,beta,54,none,1.0,1.0,sae,none,,11,0.3748601612984219,0.5757380264244427,0.3601980321649304,0.7779150461374209
2,beta,54,none,1.0,1.0,sae,none,,23,0.3037614443079092,0.4677493893180167,0.2088620103915363,0.938698074308023
20,beta,54,none,1.0,1.0,sae,none,,12,0.283826549598108,0.5731428571428572,0.151508751167549,0.951715838459618
8,beta,54,none,1.0,1.0,sae,none,,15,0.3281696266526299,0.5678232608323793,0.271173463804118,0.8453463859770711
23,beta,54,none,1.0,1.0,sae,none,,13,0.2914993055737764,0.5443466283387232,0.1794361138989503,0.927529356935394
40,beta,54,none,1.0,1.0,sae,none,,11,0.3163204194437841,0.5983830755452278,0.1988919794487699,0.9483874441393422
5,beta,54,none,1.0,1.0,sae,none,,14,0.3391183807101063,0.5717029936475332,0.285668292239233,0.839911613857974
14,beta,54,none,1.0,1.0,sae,none,,12,0.2897633484735281,0.5155038759689923,0.1507634767621844,0.9680215617715618
10,beta,54,none,1.0,1.0,sae,none,,13,0.2869771146729776,0.5619311920989267,0.179520954819617,0.913431314246878
45,beta,54,none,1.0,1.0,sae,none,,12,0.2956519532366725,0.4931091969991664,0.268292302352224,0.5833054626532888
38,beta,54,none,1.0,1.0,sae,none,,12,0.2886046830829007,0.5266924125397546,0.1153860306519282,0.9821486756970628
32,beta,54,none,1.0,1.0,sae,none,,10,0.3585675124000407,0.7040820598702114,0.324937013336275,0.8044709263015551
48,beta,54,none,1.0,1.0,sae,none,,11,0.4114658882155742,0.5859870416322029,0.3723065284761134,0.6133964861675626
16,beta,54,none,1.0,1.0,sae,none,,11,0.3244423497388138,0.5666542664496629,0.2317246148106131,0.9155243622621136
15,beta,54,none,1.0,1.0,sae,none,,12,0.2866580036059373,0.6107340596535096,0.1185190016693607,0.9752051331907448
24,beta,54,none,1.0,1.0,sae,none,,12,0.2863250971656154,0.4701492537313433,0.1570066549009152,0.9528695560309536
33,beta,54,none,1.0,1.0,sae,none,,11,0.3073644174783996,0.4708338874850379,0.1532486243820214,0.9595022763627414
19,beta,54,none,1.0,1.0,sae,none,,12,0.3471424291903545,0.6062659846547315,0.2910994210665983,0.8083193549336394
35,beta,54,none,1.0,1.0,sae,none,,12,0.2925180146791296,0.4950017049839372,0.1989579644291305,0.9027983539094652
18,beta,54,none,1.0,1.0,sae,none,,12,0.2737730011574165,0.5792193512919186,0.1596286912023061,0.9432523246336312
7,beta,54,none,1.0,1.0,sae,none,,15,0.2884036236022476,0.5417534722222221,0.1970882657118048,0.8955682527488357
43,beta,54,none,1.0,1.0,sae,none,,12,0.3115738496081034,0.5323260226575144,0.2237464832450433,0.8950105006435878
41,beta,54,none,1.0,1.0,sae,none,,11,0.2823135215609049,0.5932452276064611,0.2053264295448349,0.9008059736873296
4,beta,54,none,1.0,1.0,sae,none,,17,0.363562895183273,0.6581346984482483,0.3266390008162943,0.8151847372322578
21,beta,54,none,1.0,1.0,sae,none,,11,0.2901987605879164,0.5757900677200902,0.1718808574111914,0.933139534883721
34,beta,54,none,1.0,1.0,sae,none,,12,0.3359761326776794,0.696728034998177,0.2538204194763516,0.926769859354129
28,beta,54,none,1.0,1.0,sae,none,,12,0.336996339343703,0.5703927048095309,0.2911034649893012,0.8055998229305003
26,beta,54,none,1.0,1.0,sae,none,,12,0.3110998736113656,0.5692335766423358,0.1835045699374258,0.939465811965812
49,beta,54,none,1.0,1.0,sae,none,,12,0.35463178003719,0.6368698846726191,0.2855050161968229,0.865729445025367
1,beta,54,none,1.0,1.0,sae,none,,22,0.3497417987669051,0.5501868051758703,0.287707490786277,0.7927302717599019
37,beta,54,none,1.0,1.0,sae,none,,11,0.326614011689914,0.6208187320802804,0.2517937592382578,0.8965998346424142
6,beta,54,none,1.0,1.0,sae,none,,14,0.3719158903449046,0.6808270676691729,0.3227926741731585,0.8162287155770445
30,beta,54,none,1.0,1.0,sae,none,,14,0.3337838535784089,0.5775074058400338,0.255533505903197,0.872537346141203
47,beta,54,none,1.0,1.0,sae,none,,12,0.3061577828394127,0.5553424657534246,0.2231918218071919,0.8863143364227963
25,beta,54,none,1.0,1.0,sae,none,,11,0.3691032632963583,0.5174167200512492,0.3412414615736655,0.9569259962049336
22,beta,54,none,1.0,1.0,sae,none,,13,0.3370422009036151,0.5432271184779546,0.2741406663757101,0.8220819304152638
17,beta,54,none,1.0,1.0,sae,none,,11,0.3110087456861072,0.5191219512195122,0.2409505094610481,0.7613853994222092
27,beta,54,none,1.0,1.0,sae,none,,13,0.343184656470778,0.5692120506234337,0.3060384292033126,0.8392713481209056
42,beta,54,none,1.0,1.0,sae,none,,12,0.2917911130650326,0.5470543591689594,0.2027677089651386,0.8975390781563127
46,beta,54,none,1.0,1.0,sae,none,,12,0.3332824693059279,0.6374095106540812,0.2437851110259464,0.9065210549045156
9,beta,54,none,1.0,1.0,sae,none,,12,0.3472747853018182,0.5773497267759563,0.3101067092687906,0.8429307656268575
31,beta,54,none,1.0,1.0,sae,none,,13,0.3426841771773311,0.6150440655629685,0.2793368864410076,0.8430112840787415
36,beta,54,none,1.0,1.0,sae,none,,11,0.3001857535156365,0.533459595959596,0.2816936781565228,0.6787711525891496
39,beta,54,none,1.0,1.0,sae,none,,13,0.3675562853106975,0.5903171788810087,0.3278030223585493,0.841859360152043
3,beta,54,none,1.0,1.0,sae,none,,24,0.299155660407333,0.437836546812576,0.2161624061404927,0.903012803294834
0,beta,54,none,1.0,1.0,sae,none,,20,0.3378502044315236,0.6128276631344116,0.2670954785633043,0.8693569397559985
12,beta,54,none,1.0,1.0,sae,none,,13,0.3108291063242888,0.5069957502451782,0.2485005217816307,0.8708704048555074
44,beta,54,none,1.0,1.0,sae,none,,12,0.3311717858733975,0.6585385539791581,0.2476095940839345,0.9197572132301196
11,beta,54,none,1.0,1.0,sae,none,,13,0.2855867637191339,0.621383757406762,0.1848751558015591,0.9084732755507404
2,beta,54,none,1.0,1.0,sae,none,,24,0.2802454439332231,0.5484914504522347,0.1719965667392352,0.9353862350309252
29,beta,54,none,1.0,1.0,sae,none,,12,0.3518924648158391,0.5890124847460809,0.3040509911385045,0.9111214759535656
23,beta,54,none,1.0,1.0,sae,none,,14,0.2934276674022795,0.5255419810755779,0.174144136163253,0.9344285488394544
13,beta,54,none,1.0,1.0,sae,none,,12,0.3550053604822688,0.6059687241948803,0.3242119478178574,0.7630443071760847
20,beta,54,none,1.0,1.0,sae,none,,13,0.2841365951952961,0.5449821428571429,0.1569805293465972,0.9472286056292047
14,beta,54,none,1.0,1.0,sae,none,,13,0.316790959106599,0.5525740409461339,0.2131927079381299,0.9683614996114996
8,beta,54,none,1.0,1.0,sae,none,,16,0.3290422199299845,0.5446255871787786,0.2683404379969347,0.8573016835600219
40,beta,54,none,1.0,1.0,sae,none,,12,0.3167936049738271,0.6106189335076126,0.197808359443274,0.9479513271953912
5,beta,54,none,1.0,1.0,sae,none,,15,0.3360453255180841,0.5840845981208871,0.2848135312655849,0.8467838391210039
10,beta,54,none,1.0,1.0,sae,none,,14,0.2827793897562749,0.5568603844427212,0.173321731050888,0.9132932631042392
45,beta,54,none,1.0,1.0,sae,none,,13,0.3328861562504587,0.5114476243400944,0.3119268525809004,0.6332357859531772
38,beta,54,none,1.0,1.0,sae,none,,13,0.2891650404641618,0.541075079509314,0.1145400327630081,0.9828624183462892
15,beta,54,none,1.0,1.0,sae,none,,13,0.2880285690859953,0.5915342025361672,0.1250506909226835,0.9739685008749756
19,beta,54,none,1.0,1.0,sae,none,,13,0.350346837024122,0.6177909207161126,0.295861975308644,0.822327182837468
48,beta,54,none,1.0,1.0,sae,none,,12,0.4120897767527805,0.5414943479459609,0.3770406749826262,0.6303428608889472
32,beta,54,none,1.0,1.0,sae,none,,11,0.3597164812186306,0.651433954364664,0.3183529624995243,0.827987660581474
16,beta,54,none,1.0,1.0,sae,none,,12,0.3311714146622799,0.6260776563589863,0.2482900178752345,0.922227021190444
24,beta,54,none,1.0,1.0,sae,none,,13,0.2865844001222348,0.4827529021558872,0.1580864157927497,0.9577291815228586
18,beta,54,none,1.0,1.0,sae,none,,13,0.2652123977252802,0.5675096206706982,0.1577592556901161,0.94524843222383
35,beta,54,none,1.0,1.0,sae,none,,13,0.2934806166833043,0.503104865485741,0.1977873220586009,0.9103189300411522
33,beta,54,none,1.0,1.0,sae,none,,12,0.3093990730784043,0.4936560712860752,0.1405947440765774,0.964070382675034
7,beta,54,none,1.0,1.0,sae,none,,16,0.288146979120469,0.5614076967592593,0.1961526823966751,0.9041388582128967
43,beta,54,none,1.0,1.0,sae,none,,13,0.3007077833346555,0.4986466878732072,0.2073583807451081,0.9021407763701644
34,beta,54,none,1.0,1.0,sae,none,,13,0.3448499507372493,0.6317808968282902,0.2619190730469749,0.926622534768602
41,beta,54,none,1.0,1.0,sae,none,,12,0.284472141337428,0.5503377386196769,0.1982861080280978,0.9109280549958516
26,beta,54,none,1.0,1.0,sae,none,,13,0.3092757908860716,0.5666058394160584,0.1930242292675346,0.9356837606837608
21,beta,54,none,1.0,1.0,sae,none,,12,0.2991684988469591,0.53686230248307,0.1804138822667383,0.9304682589566312
28,beta,54,none,1.0,1.0,sae,none,,13,0.3282572615954068,0.5375055155169879,0.2763479111489836,0.8113767153607792
6,beta,54,none,1.0,1.0,sae,none,,15,0.3723222575385917,0.6578947368421052,0.3174600477876208,0.8279587975614883
30,beta,54,none,1.0,1.0,sae,none,,15,0.3290548546130242,0.5726407109606433,0.2583453711401968,0.8701851784214178
4,beta,54,none,1.0,1.0,sae,none,,18,0.3715475219261479,0.6552351623740201,0.3222260306339265,0.825972455229995
49,beta,54,none,1.0,1.0,sae,none,,13,0.3634179791155125,0.6422526041666666,0.2946325487133586,0.8656132605243794
1,beta,54,none,1.0,1.0,sae,none,,23,0.3446639763317739,0.5531825223254967,0.2839261788998315,0.7926363996003728
47,beta,54,none,1.0,1.0,sae,none,,13,0.3067851363875584,0.5593078586878154,0.223509508813927,0.8777643181113898
37,beta,54,none,1.0,1.0,sae,none,,12,0.3258248384621216,0.6365084421790379,0.2485073051511018,0.9058495245969408
27,beta,54,none,1.0,1.0,sae,none,,14,0.3413284579760219,0.6153378188662764,0.2969271839857418,0.8456901505574071
22,beta,54,none,1.0,1.0,sae,none,,14,0.3375369409371535,0.5237115170225538,0.2764973283478245,0.8148989898989899
46,beta,54,none,1.0,1.0,sae,none,,13,0.3345273049811028,0.6164850484741513,0.2405118425386942,0.9066381689223316
42,beta,54,none,1.0,1.0,sae,none,,13,0.2902948426912049,0.5442557632103217,0.2022777733335329,0.9001843687374749
25,beta,54,none,1.0,1.0,sae,none,,12,0.3548136323000601,0.5499679692504804,0.3063809090717223,0.9327324478178368
31,beta,54,none,1.0,1.0,sae,none,,14,0.3604714832442046,0.5819331191829339,0.2973072268515785,0.8628562309529693
17,beta,54,none,1.0,1.0,sae,none,,12,0.3028297520182387,0.5113983739837398,0.2340964251227777,0.7481091959619568
39,beta,54,none,1.0,1.0,sae,none,,14,0.3509567976933891,0.5686761229314421,0.2897941377238693,0.8186117018869632
9,beta,54,none,1.0,1.0,sae,none,,13,0.3260678793675655,0.6239549180327868,0.2670526984291111,0.8524268042823078
3,beta,54,none,1.0,1.0,sae,none,,25,0.2894176286355912,0.5296812575994442,0.2108235669622591,0.9065829528158296
36,beta,54,none,1.0,1.0,sae,none,,12,0.3005008257261093,0.5306581439393939,0.2805532062637264,0.7101822935579927
0,beta,54,none,1.0,1.0,sae,none,,21,0.338688927191462,0.6210889570552147,0.2626553614985445,0.8825164932136205
2,beta,54,none,1.0,1.0,sae,none,,25,0.301258674314667,0.5268810105411412,0.1996890855108366,0.941209369653902
11,beta,54,none,1.0,1.0,sae,none,,14,0.2854359182886544,0.5873513806591534,0.1920301428965477,0.8993770314192849
12,beta,54,none,1.0,1.0,sae,none,,14,0.3006021907940711,0.5790781301078785,0.2208881530931022,0.8734309262707773
23,beta,54,none,1.0,1.0,sae,none,,15,0.2946968988920107,0.5465924062762006,0.1736301355402312,0.9372581329738096
44,beta,54,none,1.0,1.0,sae,none,,13,0.3420466790829753,0.657184366760533,0.2499210635378066,0.9218771991555244
14,beta,54,none,1.0,1.0,sae,none,,14,0.292760062596129,0.4376614987080104,0.1508085031042998,0.9688592657342656
29,beta,54,none,1.0,1.0,sae,none,,13,0.3463327417941513,0.5823320504396258,0.2847449720347382,0.917988184079602
13,beta,54,none,1.0,1.0,sae,none,,13,0.3702132369650323,0.5919436416184971,0.3504187203735304,0.7768931594600778
20,beta,54,none,1.0,1.0,sae,none,,14,0.2859323078997379,0.583547619047619,0.1490261240125809,0.954698792095813
10,beta,54,none,1.0,1.0,sae,none,,15,0.2827449644181687,0.5797045259764111,0.1743841173324758,0.912358763061762
8,beta,54,none,1.0,1.0,sae,none,,17,0.328817069134474,0.5436584691903841,0.267436094248715,0.8528617632620057
5,beta,54,none,1.0,1.0,sae,none,,16,0.3363836231586495,0.5819163908859218,0.2855436750198764,0.8450100346652071
38,beta,54,none,1.0,1.0,sae,none,,14,0.2891800229128467,0.5544638800545207,0.1198355699679406,0.9816444009992398
40,beta,54,none,1.0,1.0,sae,none,,13,0.3192090356873247,0.5684046184009875,0.1967731503780519,0.9510795240402736
19,beta,54,none,1.0,1.0,sae,none,,14,0.3498078214589129,0.6316496163682864,0.2937426835021461,0.8087460639769284
45,beta,54,none,1.0,1.0,sae,none,,14,0.297625509061382,0.5165323701028064,0.2705111451752767,0.586092530657748
15,beta,54,none,1.0,1.0,sae,none,,14,0.2889492869983714,0.5763454783592308,0.1217975506387583,0.9745051526346492
18,beta,54,none,1.0,1.0,sae,none,,14,0.2685029552224272,0.5568993952721275,0.1595478831184538,0.9433396543407024
35,beta,54,none,1.0,1.0,sae,none,,14,0.2944316832320698,0.493440298641397,0.2004681193846538,0.9041563786008228
48,beta,54,none,1.0,1.0,sae,none,,13,0.4112004022923776,0.5553143093465673,0.3769082749323988,0.667316769371968
16,beta,54,none,1.0,1.0,sae,none,,13,0.3339281425207398,0.5820785863752614,0.2544876338290783,0.918078013227156
32,beta,54,none,1.0,1.0,sae,none,,12,0.3599131742385846,0.7111576303119113,0.3269683456068392,0.8008155848546314
24,beta,54,none,1.0,1.0,sae,none,,14,0.2951046964373794,0.4540630182421227,0.1711627333414154,0.9505321818133798
7,beta,54,none,1.0,1.0,sae,none,,17,0.2901398968337962,0.5243055555555555,0.1979664166982149,0.8990733182887598
33,beta,54,none,1.0,1.0,sae,none,,13,0.3088853520650475,0.4870727490357761,0.154215265976762,0.9547496000984372
43,beta,54,none,1.0,1.0,sae,none,,14,0.3014253432899071,0.5282800379485463,0.2082464523751692,0.9026488720276404
34,beta,54,none,1.0,1.0,sae,none,,14,0.3485254822401444,0.6611009843237333,0.2650250362994275,0.9265930698514968
26,beta,54,none,1.0,1.0,sae,none,,14,0.3093218603639069,0.5422992700729927,0.1800645934873338,0.937628205128205
41,beta,54,none,1.0,1.0,sae,none,,13,0.2917181406694126,0.5872834067547724,0.2022100345547345,0.90911461419936
30,beta,54,none,1.0,1.0,sae,none,,16,0.3365768514210365,0.5683382705600226,0.2622829448127507,0.8569779758208846
6,beta,54,none,1.0,1.0,sae,none,,16,0.3726977367220326,0.6827067669172932,0.3171092806052598,0.8320159764557494
21,beta,54,none,1.0,1.0,sae,none,,13,0.293790263095021,0.5554176072234763,0.1691991354633766,0.9356985723264792
47,beta,54,none,1.0,1.0,sae,none,,14,0.297034847994248,0.5656813266041817,0.2159519225795649,0.8733414091331663
4,beta,54,none,1.0,1.0,sae,none,,19,0.3644145393184454,0.6610942249240122,0.330417176769788,0.8101517693418127
49,beta,54,none,1.0,1.0,sae,none,,14,0.373005610076094,0.6004464285714286,0.3260310548613389,0.8693311645559816
1,beta,54,none,1.0,1.0,sae,none,,24,0.3515923805254222,0.5289889739383998,0.2919104726502501,0.8017084733034283
27,beta,54,none,1.0,1.0,sae,none,,15,0.3468590285945901,0.5754411871756742,0.3119727455119449,0.8572319273646707
28,beta,54,none,1.0,1.0,sae,none,,14,0.3346359411252831,0.5628131587978624,0.2847756367036742,0.8003264718902169
37,beta,54,none,1.0,1.0,sae,none,,13,0.3511239495422957,0.644587802201692,0.302149743420689,0.9086192641587432
22,beta,54,none,1.0,1.0,sae,none,,15,0.3375616401438223,0.5343513788329841,0.2773066616780679,0.8161475869809203
42,beta,54,none,1.0,1.0,sae,none,,14,0.2939057307667179,0.5355911836321664,0.2054200818256384,0.8907094188376753
46,beta,54,none,1.0,1.0,sae,none,,14,0.3347703931150644,0.5991929501445272,0.2429303727705387,0.9007605091531924
31,beta,54,none,1.0,1.0,sae,none,,15,0.3604805361470711,0.608279795733465,0.2953840512177558,0.8651573181780743
39,beta,54,none,1.0,1.0,sae,none,,15,0.35592866844762,0.5832348305752562,0.2989386061341471,0.8268813068464637
25,beta,54,none,1.0,1.0,sae,none,,13,0.357459227897917,0.6084641255605381,0.3080653120614114,0.9655834914611008
3,beta,54,none,1.0,1.0,sae,none,,26,0.2896518627332059,0.5313314226159458,0.2135864749665734,0.9012668994538454
17,beta,54,none,1.0,1.0,sae,none,,13,0.3083980519230119,0.5003252032520324,0.2367316890869089,0.7630084071801864
9,beta,54,none,1.0,1.0,sae,none,,14,0.3268547333913372,0.6097950819672131,0.2675469930316932,0.854244897102939
2,beta,54,none,1.0,1.0,sae,none,,26,0.3015204548555419,0.554455227657842,0.1925481579505744,0.940233364039128
36,beta,54,none,1.0,1.0,sae,none,,13,0.3014320788235115,0.5061158459595959,0.282036661323349,0.6910451013145471
11,beta,54,none,1.0,1.0,sae,none,,15,0.2870241934085913,0.5671352774873165,0.1894872280770157,0.9025483026363308
23,beta,54,none,1.0,1.0,sae,none,,16,0.2940261577562973,0.488561504371781,0.1812135022510842,0.924982731214474
0,beta,54,none,1.0,1.0,sae,none,,22,0.3382152365218548,0.6294548243167875,0.2651085039444755,0.8688596921266791
12,beta,54,none,1.0,1.0,sae,none,,15,0.3008146267492178,0.5582052958483165,0.219540436644109,0.8580850403476101
14,beta,54,none,1.0,1.0,sae,none,,15,0.3053212543899674,0.5188083879944345,0.1642257355203299,0.9691749222999224
29,beta,54,none,1.0,1.0,sae,none,,14,0.3519689224034107,0.575776776494884,0.3065527407330312,0.9197613124851932
10,beta,54,none,1.0,1.0,sae,none,,16,0.2852779677343577,0.5886422070766844,0.174844433618663,0.9127835358083426
44,beta,54,none,1.0,1.0,sae,none,,14,0.3336254220976291,0.6555073269599841,0.2477050287963649,0.9196516537649544
13,beta,54,none,1.0,1.0,sae,none,,14,0.3670635622951959,0.6227291494632535,0.3404338033211769,0.775444215663845
19,beta,54,none,1.0,1.0,sae,none,,15,0.3808800324926621,0.6041719948849107,0.3403472130781136,0.838659839321974
38,beta,54,none,1.0,1.0,sae,none,,15,0.289825129360689,0.5934944343480236,0.1195253741621525,0.981768530155627
20,beta,54,none,1.0,1.0,sae,none,,15,0.2891536259710942,0.5479166666666666,0.1574545386246107,0.9442392508049492
8,beta,54,none,1.0,1.0,sae,none,,18,0.3290069511999601,0.5569218016026526,0.2681627361045313,0.856146582344278
5,beta,54,none,1.0,1.0,sae,none,,17,0.3395988524680132,0.6058332382365248,0.2881992699067202,0.8368910782703886
15,beta,54,none,1.0,1.0,sae,none,,15,0.2897918752431404,0.5776924450794785,0.1203679320901077,0.9752129107524792
18,beta,54,none,1.0,1.0,sae,none,,15,0.2662101359365798,0.5687557265897013,0.1560058832541672,0.9507876307866328
40,beta,54,none,1.0,1.0,sae,none,,14,0.3193107151721554,0.5743168010069469,0.1977457021259471,0.950546492219889
45,beta,54,none,1.0,1.0,sae,none,,15,0.3107701105007654,0.4874965268130036,0.2770437848159369,0.5882107023411371
35,beta,54,none,1.0,1.0,sae,none,,15,0.2960404914324361,0.5152371722392721,0.2026646514392276,0.9060493827160494
7,beta,54,none,1.0,1.0,sae,none,,18,0.2891976710613215,0.550462962962963,0.1995439213080194,0.899265376674509
48,beta,54,none,1.0,1.0,sae,none,,14,0.4078102411375663,0.5857457954232148,0.376075929664082,0.596581224596827
16,beta,54,none,1.0,1.0,sae,none,,14,0.3195381457603676,0.5759916298535224,0.2139943672262188,0.9164691591307867
24,beta,54,none,1.0,1.0,sae,none,,15,0.2953092166173149,0.4517412935323384,0.1698096716048194,0.9497794680822966
43,beta,54,none,1.0,1.0,sae,none,,15,0.3013785117216498,0.5240526815112451,0.2107127104500016,0.8973646771898924
32,beta,54,none,1.0,1.0,sae,none,,13,0.3605871076857248,0.6926941595143394,0.3197608477293625,0.8199585868830291
33,beta,54,none,1.0,1.0,sae,none,,14,0.3095497581806326,0.4720308551669105,0.1512667784369575,0.9564722529838808
34,beta,54,none,1.0,1.0,sae,none,,15,0.3383570632379971,0.6403755012759752,0.2539469612935326,0.9268386108273748
26,beta,54,none,1.0,1.0,sae,none,,15,0.3110392643583872,0.576970802919708,0.1867816296446428,0.9368803418803416
6,beta,54,none,1.0,1.0,sae,none,,17,0.3729706731330375,0.69419002050581,0.3263909751856975,0.8122976665965945
30,beta,54,none,1.0,1.0,sae,none,,17,0.327949363386313,0.566567922132882,0.2568812457251184,0.857313999780854
47,beta,54,none,1.0,1.0,sae,none,,15,0.3105784825968124,0.5257678442682047,0.2289844415196686,0.8677493872721638
41,beta,54,none,1.0,1.0,sae,none,,14,0.2859151096645341,0.5490308370044054,0.2058533955380619,0.8942278060922128
21,beta,54,none,1.0,1.0,sae,none,,14,0.2949814262644855,0.5308126410835214,0.1720213754454892,0.9385269821316332
27,beta,54,none,1.0,1.0,sae,none,,16,0.3433120820824027,0.5556046630130718,0.2976560357360869,0.853186415354557
22,beta,54,none,1.0,1.0,sae,none,,16,0.3384870546258912,0.541995908216644,0.2780657222884348,0.8130190796857465
49,beta,54,none,1.0,1.0,sae,none,,15,0.3559466911247859,0.6362188430059523,0.2823049706963955,0.8692407988329912
42,beta,54,none,1.0,1.0,sae,none,,15,0.2922198833532938,0.5525250608734149,0.1975896459247068,0.9048977955911824
4,beta,54,none,1.0,1.0,sae,none,,20,0.372326559901775,0.6371580547112462,0.3314443674787762,0.8105809371464244
1,beta,54,none,1.0,1.0,sae,none,,25,0.349959171842968,0.5412907782030254,0.2860079938990144,0.7976987910606884
46,beta,54,none,1.0,1.0,sae,none,,15,0.3357501061766705,0.5855779807126595,0.2458858974613422,0.9035932044591164
31,beta,54,none,1.0,1.0,sae,none,,16,0.3671735598576098,0.6004447739065975,0.3073569029188475,0.8695844658594843
37,beta,54,none,1.0,1.0,sae,none,,14,0.3367744709474866,0.6179781246681534,0.2571065369237548,0.9014882182720132
28,beta,54,none,1.0,1.0,sae,none,,15,0.3291320107521405,0.5494729617100554,0.2776300269147977,0.8072266489597166
39,beta,54,none,1.0,1.0,sae,none,,16,0.3549162794843862,0.5820232466509062,0.294100115495482,0.8199805421059776
25,beta,54,none,1.0,1.0,sae,none,,14,0.3814709960916375,0.5835201793721972,0.3671672896646717,0.9687381404174572
3,beta,54,none,1.0,1.0,sae,none,,27,0.3029057171682214,0.4948758033698107,0.2190716541434622,0.898222759423404
17,beta,54,none,1.0,1.0,sae,none,,14,0.3054991816706396,0.5262926829268293,0.2348882618266752,0.7626675755510112
9,beta,54,none,1.0,1.0,sae,none,,15,0.3258924029341516,0.6413524590163934,0.2736439878916775,0.8393714992972372
2,beta,54,none,1.0,1.0,sae,none,,27,0.2995195057556005,0.5573600933078058,0.1867535554695501,0.9387748387945782
23,beta,54,none,1.0,1.0,sae,none,,17,0.2947486596137671,0.5213423763324949,0.1793329535028123,0.9245166820629334
11,beta,54,none,1.0,1.0,sae,none,,16,0.2981362904903845,0.6197087641841913,0.1975892311434959,0.8945129107981221
36,beta,54,none,1.0,1.0,sae,none,,14,0.3017749719771586,0.5373263888888888,0.2812101150418005,0.6833829617256155
0,beta,54,none,1.0,1.0,sae,none,,23,0.3389751800921786,0.6254810373675405,0.2647273378894174,0.879995237628339
12,beta,54,none,1.0,1.0,sae,none,,16,0.3109424039559415,0.5700800915331807,0.2382025275968903,0.8732929857231533
14,beta,54,none,1.0,1.0,sae,none,,16,0.3238832507361593,0.5618788511230371,0.2129999107743466,0.971378447940948
10,beta,54,none,1.0,1.0,sae,none,,17,0.2871370107623921,0.5376076398808309,0.1805385978745905,0.9141215699600712
19,beta,54,none,1.0,1.0,sae,none,,16,0.375007986937345,0.669245524296675,0.3288539781510484,0.8190606515405667
29,beta,54,none,1.0,1.0,sae,none,,15,0.3539859319925005,0.5772943458806596,0.3060179419937437,0.9318178452973228
38,beta,54,none,1.0,1.0,sae,none,,16,0.2911738023420352,0.5378521126760564,0.1201140279276814,0.9821874660584338
44,beta,54,none,1.0,1.0,sae,none,,15,0.3432137359465456,0.6745466611662152,0.2496943467983473,0.9219651653764956
13,beta,54,none,1.0,1.0,sae,none,,15,0.3717212792046326,0.5897114987613543,0.3520098912464092,0.7651643407305726
18,beta,54,none,1.0,1.0,sae,none,,16,0.2691657725905892,0.5479934029686641,0.1597646776185242,0.943002811184856
15,beta,54,none,1.0,1.0,sae,none,,16,0.2909095365974009,0.5557242364707984,0.1137536574001045,0.9773672953529068
20,beta,54,none,1.0,1.0,sae,none,,16,0.2949715755596876,0.5793273809523809,0.160216198145494,0.9415827577598402
5,beta,54,none,1.0,1.0,sae,none,,18,0.3372623578289557,0.5919491041880633,0.2879892866001322,0.837144478906931
35,beta,54,none,1.0,1.0,sae,none,,16,0.2944926239103541,0.4913584235180099,0.1971416367003498,0.9117798353909464
8,beta,54,none,1.0,1.0,sae,none,,19,0.3306155935907222,0.5590797247332201,0.270110337507729,0.8506165352739035
7,beta,54,none,1.0,1.0,sae,none,,19,0.2913570960880361,0.5514539930555555,0.2030270964092089,0.8941518221539348
45,beta,54,none,1.0,1.0,sae,none,,16,0.3687533410777657,0.5796332314531815,0.3651011626935828,0.6169314381270903
40,beta,54,none,1.0,1.0,sae,none,,15,0.3193608662152261,0.6058928182412316,0.1953601778964748,0.9515964033812524
43,beta,54,none,1.0,1.0,sae,none,,16,0.3032314895104973,0.4964562754618003,0.2069108270900263,0.9075604633832396
48,beta,54,none,1.0,1.0,sae,none,,15,0.4104032408588656,0.5490763716570168,0.3710263241196957,0.6709879375901402
16,beta,54,none,1.0,1.0,sae,none,,15,0.32927974099759,0.5433248081841432,0.2310077055166104,0.9194871102712916
24,beta,54,none,1.0,1.0,sae,none,,16,0.2879865701287609,0.4881334070388797,0.1650630436916851,0.9433087710957928
34,beta,54,none,1.0,1.0,sae,none,,16,0.3485774041604893,0.6444950783813344,0.2635273572683327,0.9294708100887876
6,beta,54,none,1.0,1.0,sae,none,,18,0.3752051825270174,0.6727785372522215,0.330885357157464,0.8165230187092706
32,beta,54,none,1.0,1.0,sae,none,,14,0.3601831595738339,0.7024701695624869,0.3246177263711928,0.8067528735632183
33,beta,54,none,1.0,1.0,sae,none,,15,0.3107912433680369,0.4970607793589573,0.1446996043396584,0.9628399163282884
26,beta,54,none,1.0,1.0,sae,none,,16,0.313242411881564,0.5634306569343065,0.1861670719732564,0.9371794871794872
30,beta,54,none,1.0,1.0,sae,none,,18,0.328428366613022,0.5669205811821131,0.256319883749481,0.8657109463457394
47,beta,54,none,1.0,1.0,sae,none,,16,0.2984766170570055,0.5667051189617881,0.2173286908717135,0.8738766656337155
27,beta,54,none,1.0,1.0,sae,none,,17,0.3233525298178155,0.5546739322594398,0.262823137573796,0.8358751867601425
41,beta,54,none,1.0,1.0,sae,none,,15,0.2997456843564198,0.5640234948604993,0.2132660678727848,0.8956975228161669
21,beta,54,none,1.0,1.0,sae,none,,15,0.2953359589518312,0.5173814898419865,0.176849015032312,0.9270898805782528
22,beta,54,none,1.0,1.0,sae,none,,17,0.3387202733182716,0.5406421894716208,0.2782300836302113,0.8139450056116723
46,beta,54,none,1.0,1.0,sae,none,,16,0.3353081730103899,0.5954582661857621,0.2502707713773877,0.894758415740124
42,beta,54,none,1.0,1.0,sae,none,,16,0.2958090744795451,0.5635771432185435,0.2054965428313313,0.8965931863727454
31,beta,54,none,1.0,1.0,sae,none,,17,0.359136170348646,0.6044600938967136,0.2922083714624439,0.8665781237130384
39,beta,54,none,1.0,1.0,sae,none,,17,0.3713815476576377,0.609091804570528,0.3325547859223473,0.8477306665459975
49,beta,54,none,1.0,1.0,sae,none,,16,0.3658465187148504,0.6051083519345238,0.2940845223226497,0.8690084298310161
4,beta,54,none,1.0,1.0,sae,none,,21,0.3659592437473667,0.6687529995200768,0.329384566065005,0.8098396473020951
1,beta,54,none,1.0,1.0,sae,none,,26,0.3505692013116864,0.5438023965737196,0.2912567087350389,0.7876879957623426
37,beta,54,none,1.0,1.0,sae,none,,15,0.3288194596228931,0.650401755690064,0.2525094123304095,0.8944398511781728
3,beta,54,none,1.0,1.0,sae,none,,28,0.2925059923552609,0.542035782525621,0.2127337008636137,0.9023636852001072
28,beta,54,none,1.0,1.0,sae,none,,16,0.3299072319826278,0.5637593763788793,0.2780384845330506,0.8090416113324479
25,beta,54,none,1.0,1.0,sae,none,,15,0.3783338096310366,0.4183616271620756,0.3605071768185187,0.949573055028463
2,beta,54,none,1.0,1.0,sae,none,,28,0.3110147226948646,0.4820426487093153,0.2263246965395546,0.9424156687283416
17,beta,54,none,1.0,1.0,sae,none,,15,0.304520500095148,0.5485853658536586,0.2337123563360942,0.7612393287239914
23,beta,54,none,1.0,1.0,sae,none,,18,0.2957208937996873,0.5386124086716971,0.1765313568331003,0.9333050374919898
11,beta,54,none,1.0,1.0,sae,none,,17,0.2995420541939002,0.5971205607838581,0.1972095768686684,0.8934746298302636
9,beta,54,none,1.0,1.0,sae,none,,16,0.3343066283762478,0.6027254098360656,0.2773057078745621,0.8377631864174481
36,beta,54,none,1.0,1.0,sae,none,,15,0.3029397698402563,0.5186237373737373,0.2790587951055392,0.7070230227322245
14,beta,54,none,1.0,1.0,sae,none,,17,0.3218054404604036,0.5049816139932418,0.2132008680543574,0.970522533022533
0,beta,54,none,1.0,1.0,sae,none,,24,0.3393918463879626,0.6126603457891802,0.2629770661125393,0.8782933901082739
19,beta,54,none,1.0,1.0,sae,none,,17,0.3789869989301554,0.6299392583120205,0.330652572242928,0.8465098143079957
10,beta,54,none,1.0,1.0,sae,none,,18,0.2852167169919141,0.5657368485491572,0.1770192841562361,0.9183480587885484
38,beta,54,none,1.0,1.0,sae,none,,17,0.2918546601545744,0.5509711494775102,0.1192061291084962,0.9830796443699668
12,beta,54,none,1.0,1.0,sae,none,,17,0.3046483846156425,0.541238966982674,0.2225760767297838,0.8641975308641975
29,beta,54,none,1.0,1.0,sae,none,,16,0.3539610106688952,0.583388090991583,0.3064971879920345,0.9280161691542288
18,beta,54,none,1.0,1.0,sae,none,,17,0.2621011218208529,0.5614715044896463,0.1612265343188914,0.9490493537601676
15,beta,54,none,1.0,1.0,sae,none,,17,0.2915756162941591,0.5430582842174199,0.1230610733317631,0.9742640482208828
44,beta,54,none,1.0,1.0,sae,none,,16,0.3344357101194348,0.6781518483310316,0.2468104220684656,0.9203729767769178
13,beta,54,none,1.0,1.0,sae,none,,16,0.3576570789665858,0.6191680429397193,0.3292917330375494,0.7607412491420726
35,beta,54,none,1.0,1.0,sae,none,,17,0.2954777663865932,0.5129668515228198,0.1984421609346174,0.9060185185185184
7,beta,54,none,1.0,1.0,sae,none,,20,0.2909464401854658,0.5599898726851852,0.1969715608217401,0.8990413085578015
5,beta,54,none,1.0,1.0,sae,none,,19,0.3378244346218421,0.6014112366388984,0.2878774502766295,0.8495408380465852
20,beta,54,none,1.0,1.0,sae,none,,17,0.2871702220563444,0.590125,0.1532111295469629,0.9492449798682636
43,beta,54,none,1.0,1.0,sae,none,,17,0.3015536880193949,0.5382275796640438,0.2104806987114899,0.9059176207574012
8,beta,54,none,1.0,1.0,sae,none,,20,0.3303374789527496,0.5375991789365651,0.271763294664199,0.8484001848161946
45,beta,54,none,1.0,1.0,sae,none,,17,0.2997424902997322,0.5103917754931926,0.2704508614753646,0.5938684503901895
40,beta,54,none,1.0,1.0,sae,none,,16,0.3201815407232119,0.566008278265921,0.1988582434635156,0.950271900069994
34,beta,54,none,1.0,1.0,sae,none,,17,0.338220556510042,0.6600802041560335,0.2557925653955015,0.9281743537361516
48,beta,54,none,1.0,1.0,sae,none,,16,0.4128328454362935,0.5784394816652881,0.3773573649854675,0.6485511996853284
6,beta,54,none,1.0,1.0,sae,none,,19,0.3806125917275662,0.6737696514012304,0.3353383243282903,0.8095438301450494
26,beta,54,none,1.0,1.0,sae,none,,17,0.3127579816246476,0.56992700729927,0.1756822784272808,0.9439957264957264
16,beta,54,none,1.0,1.0,sae,none,,16,0.331439905341691,0.6002650546384561,0.2361778538155661,0.9205344850857066
24,beta,54,none,1.0,1.0,sae,none,,17,0.2889798535944375,0.4950525152017689,0.1602001769604669,0.9539259963552807
30,beta,54,none,1.0,1.0,sae,none,,19,0.3291544093594197,0.5664762307800818,0.2555727481601787,0.8674604623981884
32,beta,54,none,1.0,1.0,sae,none,,15,0.362585940532623,0.6926104249528993,0.3262475320021137,0.7993788032454361
33,beta,54,none,1.0,1.0,sae,none,,16,0.3111518150029614,0.5439819124883629,0.1462040635148437,0.957487387719946
47,beta,54,none,1.0,1.0,sae,none,,17,0.298880179864086,0.5843114635904831,0.2231191708366977,0.8569738287742625
27,beta,54,none,1.0,1.0,sae,none,,18,0.3469335351991274,0.5390334959079045,0.3062396981978399,0.8348638087576141
22,beta,54,none,1.0,1.0,sae,none,,18,0.3390907517542219,0.5447033457066902,0.2775434661451448,0.8195777216610549
46,beta,54,none,1.0,1.0,sae,none,,17,0.3367244352670587,0.6298953776891004,0.2444588761279465,0.907999619379442
42,beta,54,none,1.0,1.0,sae,none,,17,0.2946809580451971,0.5475761312968409,0.2013976395055989,0.898308617234469
41,beta,54,none,1.0,1.0,sae,none,,16,0.2873829038204262,0.5276945668135095,0.200918667891161,0.902394215953538
21,beta,54,none,1.0,1.0,sae,none,,16,0.2960062365680383,0.5245372460496613,0.1719197518435058,0.936349555535602
31,beta,54,none,1.0,1.0,sae,none,,18,0.345751839777671,0.5991475166790214,0.2816125863730365,0.8505889135985504
39,beta,54,none,1.0,1.0,sae,none,,18,0.3525230002508653,0.5924546887312845,0.2880665659453032,0.8171636725643694
3,beta,54,none,1.0,1.0,sae,none,,29,0.3006916779747423,0.4861038735452492,0.2141284044126498,0.907288029366998
37,beta,54,none,1.0,1.0,sae,none,,16,0.3418120026646726,0.5783335103182188,0.262989177624421,0.8968065316246383
49,beta,54,none,1.0,1.0,sae,none,,17,0.3627249447288737,0.646298363095238,0.28645976528619,0.8615080748228185
4,beta,54,none,1.0,1.0,sae,none,,22,0.3659599155952247,0.6667733162693968,0.3292067498336102,0.8105419218914597
1,beta,54,none,1.0,1.0,sae,none,,27,0.3506034591674164,0.5396619281939129,0.2876140933043279,0.8012189970430269
23,beta,54,none,1.0,1.0,sae,none,,19,0.2956712939970262,0.508915738411786,0.1781632520359894,0.931357617823051
28,beta,54,none,1.0,1.0,sae,none,,17,0.331641551938688,0.558841986566652,0.2795432278074995,0.8108012394864985
2,beta,54,none,1.0,1.0,sae,none,,29,0.3038067681831879,0.5593626900816443,0.1991972257168644,0.9435013378953372
25,beta,54,none,1.0,1.0,sae,none,,16,0.3403602270982446,0.4677290198590647,0.2404245771148515,0.9327798861480076
11,beta,54,none,1.0,1.0,sae,none,,18,0.300665151805473,0.5978467139150304,0.1976703985525607,0.8954157638136512
17,beta,54,none,1.0,1.0,sae,none,,16,0.3054866092856364,0.5119512195121951,0.2348613382048937,0.7642743532314084
14,beta,54,none,1.0,1.0,sae,none,,18,0.3198546649913492,0.4397485589346054,0.198360849204488,0.96798513986014
9,beta,54,none,1.0,1.0,sae,none,,17,0.328352156983394,0.6244808743169399,0.2725001617964868,0.8384904235457006
19,beta,54,none,1.0,1.0,sae,none,,18,0.3789165141494966,0.6012468030690538,0.3299764668497736,0.8365998646302346
36,beta,54,none,1.0,1.0,sae,none,,16,0.3041255610704244,0.5497948232323232,0.2836035167178783,0.6783353910959402
38,beta,54,none,1.0,1.0,sae,none,,18,0.2918422530916349,0.5893485915492958,0.1215253452689577,0.9824589985880308
10,beta,54,none,1.0,1.0,sae,none,,19,0.2863879319580039,0.5558401012120965,0.1738436349100036,0.9181250530965932
18,beta,54,none,1.0,1.0,sae,none,,18,0.2669401150135236,0.5600329851566794,0.1578696291505288,0.9432024219438762
0,beta,54,none,1.0,1.0,sae,none,,25,0.3611289016404589,0.6063998884551033,0.3081452817025808,0.8844004314148446
12,beta,54,none,1.0,1.0,sae,none,,18,0.3048912125382739,0.518944099378882,0.2212775107025901,0.8680857300503483
29,beta,54,none,1.0,1.0,sae,none,,17,0.3540212271826667,0.5713726962670922,0.3041119519212575,0.9271980869462212
15,beta,54,none,1.0,1.0,sae,none,,18,0.2926969793545372,0.5375215812347443,0.1166924390858554,0.9768617538401712
35,beta,54,none,1.0,1.0,sae,none,,18,0.2954634311021779,0.5180100145372315,0.2008393140617255,0.9023765432098764
44,beta,54,none,1.0,1.0,sae,none,,17,0.3354044721985089,0.6850034975696375,0.2472338078956486,0.919862772695285
13,beta,54,none,1.0,1.0,sae,none,,17,0.3564651483738566,0.6279933938893476,0.3248456042605162,0.7652100968504538
7,beta,54,none,1.0,1.0,sae,none,,21,0.2914753681060131,0.5463469328703703,0.1988807409999564,0.9004177269890048
43,beta,54,none,1.0,1.0,sae,none,,18,0.3032205922521842,0.5184720129471511,0.2146938147580938,0.901717363322268
5,beta,54,none,1.0,1.0,sae,none,,20,0.3382327381967965,0.5739948267336148,0.2858622055768461,0.8459020049058363
20,beta,54,none,1.0,1.0,sae,none,,18,0.289462354258068,0.5536428571428571,0.1539519958477915,0.9519078741014332
8,beta,54,none,1.0,1.0,sae,none,,21,0.3307184745782381,0.5540730799089462,0.270393071817979,0.8551286493979035
45,beta,54,none,1.0,1.0,sae,none,,18,0.3133920692349327,0.4945540427896638,0.2755557032166768,0.6020624303233
6,beta,54,none,1.0,1.0,sae,none,,20,0.3746149748859972,0.6778537252221462,0.3257248493470035,0.8173008198444398
40,beta,54,none,1.0,1.0,sae,none,,17,0.3212398850856122,0.5797085663108466,0.1958510888366437,0.9525709363053896
34,beta,54,none,1.0,1.0,sae,none,,18,0.3381153197498157,0.686620488516223,0.2556693849526852,0.9286065058536968
26,beta,54,none,1.0,1.0,sae,none,,18,0.312670494300341,0.5818248175182482,0.1760634118020304,0.948205128205128
48,beta,54,none,1.0,1.0,sae,none,,17,0.4106215789222748,0.5620002757099531,0.3744801255568889,0.6533859971155108
47,beta,54,none,1.0,1.0,sae,none,,18,0.298770687093305,0.5715645277577506,0.2194215225410306,0.8714680113812434
30,beta,54,none,1.0,1.0,sae,none,,20,0.3366750560476905,0.5620397799407533,0.258555267098194,0.8753058913766024
16,beta,54,none,1.0,1.0,sae,none,,17,0.3326315110102276,0.6456498488723553,0.2412360483295967,0.9217006343636116
27,beta,54,none,1.0,1.0,sae,none,,19,0.3247565324954437,0.5855024386185668,0.2610956146977222,0.8380013791518216
32,beta,54,none,1.0,1.0,sae,none,,16,0.3710621067409349,0.6933221687251413,0.3319811839335763,0.7946247464503043
33,beta,54,none,1.0,1.0,sae,none,,17,0.3120227746094215,0.4614443410027928,0.1460944836134009,0.9576258151839548
24,beta,54,none,1.0,1.0,sae,none,,18,0.2941580981248495,0.4961673115901971,0.1652936101029033,0.9507434698782452
22,beta,54,none,1.0,1.0,sae,none,,19,0.3393577740268485,0.5223149203082313,0.2790598897608974,0.8098134118967454
42,beta,54,none,1.0,1.0,sae,none,,18,0.2979872222639545,0.5671504917307023,0.2057011722076482,0.8910140280561122
46,beta,54,none,1.0,1.0,sae,none,,18,0.3366775788452383,0.6317691146752615,0.2471233130138396,0.9028905203522204
31,beta,54,none,1.0,1.0,sae,none,,19,0.3457065732967145,0.6166913763281443,0.2799185922330642,0.8518861708261263
39,beta,54,none,1.0,1.0,sae,none,,19,0.3527780921856204,0.6057722616233254,0.2874523631311443,0.8223109642970271
41,beta,54,none,1.0,1.0,sae,none,,17,0.2886208820858787,0.5784287812041117,0.2009791682661084,0.9082019675240016
3,beta,54,none,1.0,1.0,sae,none,,30,0.2932050133757916,0.5176524231370505,0.214692331187543,0.8992747784045125
21,beta,54,none,1.0,1.0,sae,none,,17,0.2974912496490029,0.5056884875846501,0.1741325466649105,0.9317141061327108
37,beta,54,none,1.0,1.0,sae,none,,17,0.3551348490881638,0.5992531237832288,0.3061865706833618,0.9122054568003308
49,beta,54,none,1.0,1.0,sae,none,,18,0.3689688631117175,0.6467982700892857,0.3098955100990127,0.8576352581232329
4,beta,54,none,1.0,1.0,sae,none,,23,0.3661811104389721,0.6575547912334028,0.3290273543098332,0.8102493074792245
23,beta,54,none,1.0,1.0,sae,none,,20,0.2964899426969062,0.5424152593124925,0.1803718265338876,0.9247164174135938
1,beta,54,none,1.0,1.0,sae,none,,28,0.3450237646418144,0.5302134590851103,0.2858798500478606,0.791204849167555
2,beta,54,none,1.0,1.0,sae,none,,30,0.306063053428176,0.5683193591690324,0.2041029222799024,0.9436439005132254
11,beta,54,none,1.0,1.0,sae,none,,19,0.2892856381031891,0.576149258355602,0.1931920146099924,0.8949417659804983
28,beta,54,none,1.0,1.0,sae,none,,18,0.3354370803524752,0.5585821444330048,0.2845255657510183,0.8071768481629039
25,beta,54,none,1.0,1.0,sae,none,,17,0.3846766954852327,0.6200352338244715,0.3732338681334345,0.9528937381404174
14,beta,54,none,1.0,1.0,sae,none,,19,0.2977793996975408,0.4892168554959252,0.1525899535993356,0.9701825951825952
17,beta,54,none,1.0,1.0,sae,none,,17,0.306142596952074,0.5261951219512195,0.233822991085059,0.7597948518193918
38,beta,54,none,1.0,1.0,sae,none,,19,0.2997309814708054,0.5726090413448431,0.1297569453777596,0.9793247373892536
19,beta,54,none,1.0,1.0,sae,none,,19,0.3521373711072719,0.6410006393861892,0.2931676189656719,0.809673052588211
10,beta,54,none,1.0,1.0,sae,none,,20,0.2879290913487826,0.5952332367465208,0.175104629794735,0.9137498938068134
9,beta,54,none,1.0,1.0,sae,none,,18,0.3286475947293065,0.6242418032786885,0.2709846013012174,0.8480074401952351
18,beta,54,none,1.0,1.0,sae,none,,19,0.2660618303589372,0.5521257100971229,0.1537751479342268,0.9481760566894556
36,beta,54,none,1.0,1.0,sae,none,,17,0.3028488311978994,0.5245028409090909,0.282739997232345,0.6916261166388263
15,beta,54,none,1.0,1.0,sae,none,,19,0.2934499603282832,0.5451568732511759,0.1192514381054568,0.9769395294575152
35,beta,54,none,1.0,1.0,sae,none,,19,0.2962125615313487,0.5041906710457833,0.1995043110417534,0.9055658436213992
0,beta,54,none,1.0,1.0,sae,none,,26,0.3402353858275787,0.6086307863915226,0.2662551921463587,0.8817951339767205
7,beta,54,none,1.0,1.0,sae,none,,22,0.2917398746894143,0.5725766782407408,0.1984940042923445,0.8934956226692915
29,beta,54,none,1.0,1.0,sae,none,,18,0.3539666728466211,0.60191964704778,0.3023506439763575,0.9106402511253258
43,beta,54,none,1.0,1.0,sae,none,,19,0.3206436724737545,0.4702829398961995,0.233900065827656,0.8984824876363389
12,beta,54,none,1.0,1.0,sae,none,,19,0.3154795934921152,0.5712569467146126,0.2494010530572507,0.8748879233050555
13,beta,54,none,1.0,1.0,sae,none,,18,0.3748450356414106,0.6342253303055326,0.3576075170804305,0.7764355982612674
44,beta,54,none,1.0,1.0,sae,none,,18,0.3349120768952899,0.6727530357110827,0.2508004903097242,0.9189655172413792
6,beta,54,none,1.0,1.0,sae,none,,21,0.374400732910527,0.6807245386192754,0.3280879862662667,0.8172167332352323
5,beta,54,none,1.0,1.0,sae,none,,21,0.3392533073060274,0.5950777891893948,0.2841904497238915,0.8481116584564861
34,beta,54,none,1.0,1.0,sae,none,,19,0.3544145609455772,0.7143456069996355,0.2727270296801943,0.9287243655221183
47,beta,54,none,1.0,1.0,sae,none,,19,0.3078783168234603,0.5742898341744772,0.2215441486899274,0.8841169676310674
26,beta,54,none,1.0,1.0,sae,none,,19,0.3135722480742889,0.5833941605839417,0.1764055239980944,0.9440384615384614
20,beta,54,none,1.0,1.0,sae,none,,19,0.2892548977578157,0.5442857142857143,0.153441520937348,0.9487904955159676
45,beta,54,none,1.0,1.0,sae,none,,19,0.3017136871766538,0.4809113642678522,0.2701123648852214,0.5932552954292085
8,beta,54,none,1.0,1.0,sae,none,,22,0.3316517737034504,0.5465269279858945,0.2676849291301918,0.8559949753097114
27,beta,54,none,1.0,1.0,sae,none,,20,0.3246836488952468,0.584212934557669,0.2625876847910107,0.8348925410872313
30,beta,54,none,1.0,1.0,sae,none,,21,0.3295423572381276,0.5837917900973338,0.2562310671208709,0.8640235216771979
40,beta,54,none,1.0,1.0,sae,none,,18,0.3214390529236802,0.5945525621475081,0.1961482287716637,0.9520971302428256
22,beta,54,none,1.0,1.0,sae,none,,20,0.339986782009879,0.5255797713991693,0.2780579384309359,0.819858305274972
31,beta,54,none,1.0,1.0,sae,none,,20,0.3595453977888948,0.5756939296598304,0.289726345622267,0.856478049584054
42,beta,54,none,1.0,1.0,sae,none,,19,0.299320799653759,0.5816019985453627,0.204486994053457,0.8869579158316633
48,beta,54,none,1.0,1.0,sae,none,,18,0.4120902287523769,0.5432175351530191,0.3768730473823637,0.6145765045234037
16,beta,54,none,1.0,1.0,sae,none,,18,0.3316266568031435,0.5637433155080215,0.2346527123224569,0.921981374004589
32,beta,54,none,1.0,1.0,sae,none,,17,0.3627364061912047,0.6825413439397112,0.3210660398086525,0.8113590263691683
46,beta,54,none,1.0,1.0,sae,none,,19,0.3371636502808585,0.614483411352416,0.2460375373460442,0.904720426880595
39,beta,54,none,1.0,1.0,sae,none,,20,0.3541616575036448,0.5930949566587864,0.2870947775730501,0.8146296212498304
33,beta,54,none,1.0,1.0,sae,none,,18,0.3123055091260225,0.4884160127676552,0.1526744200455603,0.9620862556909068
24,beta,54,none,1.0,1.0,sae,none,,19,0.2899945414374725,0.4963147226828819,0.1566609640544119,0.9529619945593324
23,beta,54,none,1.0,1.0,sae,none,,21,0.2969251389577267,0.5264552641034854,0.1776603083285394,0.9309581471217304
41,beta,54,none,1.0,1.0,sae,none,,18,0.2906748421291029,0.5672687224669604,0.2000785952603117,0.9091857295247124
11,beta,54,none,1.0,1.0,sae,none,,20,0.2890696395817116,0.5816583401107626,0.1928068416142329,0.8982710364752619
21,beta,54,none,1.0,1.0,sae,none,,18,0.3171742854630696,0.4909480812641084,0.2034504374186027,0.9334089072461166
37,beta,54,none,1.0,1.0,sae,none,,18,0.3570852309806785,0.6803564475593784,0.3130828666893374,0.9093943778420835
14,beta,54,none,1.0,1.0,sae,none,,20,0.322083080494392,0.4975278274696879,0.1948558141190153,0.9705468142968144
4,beta,54,none,1.0,1.0,sae,none,,24,0.3662985734985218,0.6489761638137899,0.3293232949044724,0.80954703288986
1,beta,54,none,1.0,1.0,sae,none,,29,0.3512495661457953,0.5674890650628759,0.2913208966881422,0.7942523417751226
49,beta,54,none,1.0,1.0,sae,none,,19,0.3679512886391287,0.6220238095238095,0.297310271651117,0.8632960251991272
38,beta,54,none,1.0,1.0,sae,none,,20,0.2931456349761475,0.5870768968650614,0.1170593276039528,0.9823736597930148
19,beta,54,none,1.0,1.0,sae,none,,20,0.3772570318877428,0.5883152173913043,0.3253823049152477,0.8388437656337365
25,beta,54,none,1.0,1.0,sae,none,,18,0.3496569915396778,0.5369955156950672,0.2702181122102751,0.9488140417457304
28,beta,54,none,1.0,1.0,sae,none,,19,0.3369948580516567,0.5515516987792323,0.2836805725655355,0.8093680832226648
18,beta,54,none,1.0,1.0,sae,none,,20,0.2678784126397232,0.579604178119846,0.1531089917884793,0.9476520784470284
10,beta,54,none,1.0,1.0,sae,none,,21,0.2880084046596129,0.545341386768967,0.1747753395719507,0.916733922351542
17,beta,54,none,1.0,1.0,sae,none,,18,0.3012691479252335,0.5304065040650406,0.231858243246817,0.7568085175447138
15,beta,54,none,1.0,1.0,sae,none,,20,0.2933925487997466,0.5941239507054832,0.1213023711318907,0.9757106747034804
35,beta,54,none,1.0,1.0,sae,none,,20,0.2964988634592695,0.5191406880956226,0.1987456332332804,0.9087654320987656
9,beta,54,none,1.0,1.0,sae,none,,19,0.3279033434466472,0.6182923497267759,0.2681728770008337,0.8495807897515506
43,beta,54,none,1.0,1.0,sae,none,,20,0.3046892483978969,0.5021485573971761,0.2068125721501039,0.9079161303434726
7,beta,54,none,1.0,1.0,sae,none,,23,0.2926606911048844,0.5602936921296297,0.1977579469621178,0.8974488244426306
36,beta,54,none,1.0,1.0,sae,none,,18,0.3047959428153946,0.5464015151515151,0.2855413527678794,0.6864877623647324
6,beta,54,none,1.0,1.0,sae,none,,22,0.3739352607870411,0.6931134654818865,0.3240182785350094,0.8120033634643682
29,beta,54,none,1.0,1.0,sae,none,,19,0.3559066883378876,0.5892158703338652,0.3087397724843767,0.919783522861881
0,beta,54,none,1.0,1.0,sae,none,,27,0.3403442030362421,0.6100390407138874,0.2639890388015831,0.8789937388819632
12,beta,54,none,1.0,1.0,sae,none,,20,0.3087135999666842,0.5711180124223602,0.2310153250487531,0.8737757776398373
47,beta,54,none,1.0,1.0,sae,none,,20,0.3087110779240764,0.5705263157894737,0.2208201174260264,0.8755810350170438
13,beta,54,none,1.0,1.0,sae,none,,19,0.3688519676305975,0.5956208711808423,0.3413440538576319,0.772210783192252
44,beta,54,none,1.0,1.0,sae,none,,19,0.3364296789732484,0.6675066812548204,0.2469111597161799,0.922088318085855
26,beta,54,none,1.0,1.0,sae,none,,20,0.3124033063067018,0.5698905109489051,0.1882385470609639,0.9357905982905984
30,beta,54,none,1.0,1.0,sae,none,,22,0.3392531974974914,0.5358513189448442,0.2666163877061099,0.8586507907520361
27,beta,54,none,1.0,1.0,sae,none,,21,0.3507624211175003,0.593192666465615,0.317751356505403,0.861007355476382
34,beta,54,none,1.0,1.0,sae,none,,20,0.3547904491161003,0.6153481589500547,0.2717038372174589,0.9296770645085252
5,beta,54,none,1.0,1.0,sae,none,,22,0.3422776900278448,0.5827342234394614,0.2865576730777138,0.8475643130815544
31,beta,54,none,1.0,1.0,sae,none,,21,0.3469192858941572,0.6192138209373199,0.2828257973848464,0.8442467671526233
22,beta,54,none,1.0,1.0,sae,none,,21,0.3411166916356489,0.5399316402660884,0.2791280436249503,0.8037247474747474
42,beta,54,none,1.0,1.0,sae,none,,20,0.2980141242995573,0.5804003415235746,0.2045150565519031,0.8917675350701403
45,beta,54,none,1.0,1.0,sae,none,,20,0.302665641119052,0.5165323701028063,0.2730109020543565,0.6073021181716833
8,beta,54,none,1.0,1.0,sae,none,,23,0.3313240485827692,0.579264200844748,0.2703609274333666,0.8554318634670363
46,beta,54,none,1.0,1.0,sae,none,,20,0.3380381091404895,0.603324124523572,0.2459553526199554,0.9060160007026842
20,beta,54,none,1.0,1.0,sae,none,,20,0.2911098762832624,0.5718690476190476,0.1559380397328609,0.946306834548492
40,beta,54,none,1.0,1.0,sae,none,,19,0.3222006298760521,0.5930094643332608,0.1977105929188961,0.9500296128789104
39,beta,54,none,1.0,1.0,sae,none,,21,0.3545809968198244,0.590090622537431,0.2893829245131089,0.8135209737997194
48,beta,54,none,1.0,1.0,sae,none,,19,0.4116797354524684,0.5047215329473393,0.3762446252939589,0.6689720728989118
16,beta,54,none,1.0,1.0,sae,none,,19,0.3373490221036525,0.5266914671006743,0.2567102973461223,0.9189742205425832
32,beta,54,none,1.0,1.0,sae,none,,18,0.3632207430420799,0.6944525853045844,0.3239509441641054,0.80677400270453
24,beta,54,none,1.0,1.0,sae,none,,20,0.2900427358889197,0.4955316012529943,0.1611313848721232,0.9481287800755356
33,beta,54,none,1.0,1.0,sae,none,,19,0.3121183090936497,0.5284213326240191,0.1486759153369342,0.9599021779254338
23,beta,54,none,1.0,1.0,sae,none,,22,0.297851099733087,0.4992214636483411,0.1791354281523869,0.930192494944199
11,beta,54,none,1.0,1.0,sae,none,,21,0.2973166493400342,0.5780953487471439,0.1909559265803952,0.904365294330083
14,beta,54,none,1.0,1.0,sae,none,,21,0.3221457981090768,0.5028572848340289,0.1955353800328453,0.9704982517482518
38,beta,54,none,1.0,1.0,sae,none,,21,0.2939416878815795,0.5441134711494775,0.1219898454573852,0.9797824636534316
19,beta,54,none,1.0,1.0,sae,none,,21,0.3753851462449662,0.5935581841432225,0.3195756951272682,0.8444277684588447
41,beta,54,none,1.0,1.0,sae,none,,19,0.2934293559348863,0.5622907488986784,0.2050494673551335,0.9041483939789025
18,beta,54,none,1.0,1.0,sae,none,,21,0.2737707287417322,0.5958951805021073,0.1606890318202921,0.942736663506163
10,beta,54,none,1.0,1.0,sae,none,,22,0.2881927938618304,0.5792862098518549,0.1747248003534144,0.9211834168719736
21,beta,54,none,1.0,1.0,sae,none,,19,0.2983043168761997,0.5397291196388262,0.1789038612172929,0.9296825895663104
37,beta,54,none,1.0,1.0,sae,none,,19,0.3571434604265022,0.668445364765849,0.3085473544819798,0.9097664324100868
15,beta,54,none,1.0,1.0,sae,none,,21,0.2931838072774174,0.5738971244865154,0.1242575163599375,0.9739373906280382
4,beta,54,none,1.0,1.0,sae,none,,25,0.3671030393818079,0.6650935850263958,0.3301068806960506,0.8093129413600717
49,beta,54,none,1.0,1.0,sae,none,,20,0.3688585525692912,0.6765834263392857,0.3029063812872664,0.8714870325187508
35,beta,54,none,1.0,1.0,sae,none,,21,0.2968541188174534,0.5214738240097633,0.2020779177998614,0.9091049382716048
25,beta,54,none,1.0,1.0,sae,none,,19,0.3498150098205245,0.4608424087123639,0.2791010563647604,0.9325901328273244
1,beta,54,none,1.0,1.0,sae,none,,30,0.3515944042564206,0.5488711955531256,0.2866131393134672,0.7989660652143303
43,beta,54,none,1.0,1.0,sae,none,,21,0.317862679037588,0.4979909593169261,0.2221851970993214,0.9013786328839508
28,beta,54,none,1.0,1.0,sae,none,,20,0.3305896993119021,0.5507770750600578,0.2771080923252409,0.8119189907038512
7,beta,54,none,1.0,1.0,sae,none,,24,0.2975667748924365,0.5365596064814815,0.1988680876196543,0.8944479121652982
17,beta,54,none,1.0,1.0,sae,none,,19,0.3095908534217809,0.5049268292682927,0.2358460514365229,0.7626838056285908
9,beta,54,none,1.0,1.0,sae,none,,20,0.328792732746731,0.6085314207650273,0.2690170884882182,0.8514268532309608
6,beta,54,none,1.0,1.0,sae,none,,23,0.3815854316712603,0.6671736158578264,0.3295575839608698,0.8178894261088921
36,beta,54,none,1.0,1.0,sae,none,,19,0.3046861795250082,0.5727588383838383,0.2846257487636094,0.6832377078945457
47,beta,54,none,1.0,1.0,sae,none,,21,0.3113450762490643,0.5885508291276135,0.2228834014133865,0.875327492464152
30,beta,54,none,1.0,1.0,sae,none,,23,0.3308019770677048,0.5601072083509664,0.2559494704403683,0.869578874319734
29,beta,54,none,1.0,1.0,sae,none,,20,0.3561318260079625,0.5731171188084734,0.3066731089497525,0.9288083392561004
26,beta,54,none,1.0,1.0,sae,none,,21,0.3194432909341155,0.5826277372262774,0.1777861383536833,0.9443589743589744
27,beta,54,none,1.0,1.0,sae,none,,22,0.3527956739287203,0.5577573028566675,0.3253918646597632,0.8446902654867257
34,beta,54,none,1.0,1.0,sae,none,,21,0.3404795629282,0.6521965001822823,0.2527862495591008,0.93127799167125
31,beta,54,none,1.0,1.0,sae,none,,22,0.3592557501933325,0.6389197759657359,0.2893999424106867,0.8527716003624084
22,beta,54,none,1.0,1.0,sae,none,,22,0.3404719039294729,0.5386024232178078,0.2782015362988525,0.8180976430976431
12,beta,54,none,1.0,1.0,sae,none,,21,0.2970168377200674,0.5456276560967637,0.208355161397557,0.8647406717704669
0,beta,54,none,1.0,1.0,sae,none,,28,0.3403207456887627,0.5961795872838818,0.2650872284450049,0.8786505679828556
13,beta,54,none,1.0,1.0,sae,none,,20,0.3599474328457832,0.6419668662262591,0.3285540092260797,0.7602074277434606
42,beta,54,none,1.0,1.0,sae,none,,21,0.2985866418628224,0.5543433576826994,0.2078555628967444,0.8856913827655312
5,beta,54,none,1.0,1.0,sae,none,,23,0.3404851210651081,0.578664080033474,0.2904395732210494,0.8290356585375742
44,beta,54,none,1.0,1.0,sae,none,,20,0.336461789179357,0.6528617294136638,0.2475973020007753,0.9219651653764956
46,beta,54,none,1.0,1.0,sae,none,,21,0.3381721778857344,0.6098726114649682,0.2448918343940506,0.9062355894860892
39,beta,54,none,1.0,1.0,sae,none,,22,0.3546224727762427,0.5626280535855004,0.2936748261340227,0.8066767727046473
45,beta,54,none,1.0,1.0,sae,none,,21,0.3025025495311392,0.5203667685468185,0.2727399511758889,0.6038600891861761
40,beta,54,none,1.0,1.0,sae,none,,20,0.321901161556542,0.6027884685208046,0.1982444048978321,0.9495342701771388
8,beta,54,none,1.0,1.0,sae,none,,24,0.3321288245946059,0.5458821826602982,0.2686550577041173,0.8606009414074909
20,beta,54,none,1.0,1.0,sae,none,,21,0.2916643860705087,0.5711904761904761,0.1574393307684276,0.9452762432707512
23,beta,54,none,1.0,1.0,sae,none,,23,0.2985884384609078,0.525691699604743,0.1786309568774659,0.9304671310513568
32,beta,54,none,1.0,1.0,sae,none,,19,0.3642306074767706,0.6841951015281558,0.3240109087710294,0.8125422582826234
14,beta,54,none,1.0,1.0,sae,none,,22,0.312687769744653,0.5539654144305308,0.1657857144390127,0.9677666083916086
48,beta,54,none,1.0,1.0,sae,none,,20,0.4114339273996789,0.5366349600220568,0.3710140343425339,0.7013570211092173
16,beta,54,none,1.0,1.0,sae,none,,20,0.3330927653757565,0.5461753080678912,0.2337469268535614,0.9210419759751654
33,beta,54,none,1.0,1.0,sae,none,,20,0.3138589635981043,0.4908897459768586,0.1444341488015714,0.9603789836347976
11,beta,54,none,1.0,1.0,sae,none,,22,0.2902835624570684,0.5995410712210991,0.1906894184142329,0.9041960093896712
38,beta,54,none,1.0,1.0,sae,none,,22,0.2939451984392623,0.5611369831894593,0.1216352070720877,0.9825908858166922
19,beta,54,none,1.0,1.0,sae,none,,22,0.3535673409249082,0.6062659846547315,0.2955668892714987,0.8130278685147583
24,beta,54,none,1.0,1.0,sae,none,,21,0.2909037227670411,0.4427860696517413,0.1616816104867644,0.948472123180942
18,beta,54,none,1.0,1.0,sae,none,,22,0.2750257279542031,0.5703225215319773,0.1605504232789515,0.9442004757389756
10,beta,54,none,1.0,1.0,sae,none,,23,0.2877584891736592,0.573868505897237,0.1780419151716717,0.9123056664684396
15,beta,54,none,1.0,1.0,sae,none,,22,0.2934069852633887,0.602235518247306,0.1220123534890596,0.9756017888391988
41,beta,54,none,1.0,1.0,sae,none,,20,0.2938511339554222,0.5973421439060205,0.2023194092209191,0.908190114969776
37,beta,54,none,1.0,1.0,sae,none,,20,0.3532075329771098,0.6282255495380695,0.2940388780890213,0.9056945018602728
35,beta,54,none,1.0,1.0,sae,none,,22,0.2969753698032471,0.5165383441913889,0.200337327037524,0.908179012345679
43,beta,54,none,1.0,1.0,sae,none,,22,0.3057617421425853,0.5089011663597299,0.2111629411654277,0.9021238398482488
21,beta,54,none,1.0,1.0,sae,none,,20,0.3170123593909887,0.5436117381489842,0.2023385945698045,0.9272582383047498
25,beta,54,none,1.0,1.0,sae,none,,20,0.378294795509545,0.4866271620755925,0.3596146862326493,0.9520398481973434
49,beta,54,none,1.0,1.0,sae,none,,21,0.3730780303887218,0.6030970982142858,0.3106485236450103,0.8629281076126667
7,beta,54,none,1.0,1.0,sae,none,,25,0.2949098748803582,0.5650101273148148,0.2003420315396419,0.8988652550375313
4,beta,54,none,1.0,1.0,sae,none,,26,0.3673257364637344,0.672572388417853,0.3313353707407923,0.8076157777691076
6,beta,54,none,1.0,1.0,sae,none,,24,0.3822378009748177,0.6826213260423788,0.3349180722404486,0.8064326256043725
17,beta,54,none,1.0,1.0,sae,none,,20,0.3038113418891334,0.5098373983739838,0.2349479823928794,0.7510793001590549
28,beta,54,none,1.0,1.0,sae,none,,21,0.3308780502759516,0.5734813943226945,0.2781222793360308,0.8079459938025675
9,beta,54,none,1.0,1.0,sae,none,,21,0.3289204900200585,0.6047814207650273,0.2711531999906009,0.846007538092541
47,beta,54,none,1.0,1.0,sae,none,,22,0.3017425780169722,0.5641816870944485,0.2173842729106423,0.8755810350170437
30,beta,54,none,1.0,1.0,sae,none,,24,0.3313206867155727,0.5789250952179433,0.2554013469565682,0.8675408159538331
27,beta,54,none,1.0,1.0,sae,none,,23,0.3451270028118034,0.5731637566165076,0.2953500481606944,0.839351798643834
31,beta,54,none,1.0,1.0,sae,none,,23,0.3482631786136773,0.6185240095544023,0.2823787001957979,0.8470060126842929
22,beta,54,none,1.0,1.0,sae,none,,23,0.3417406853401983,0.55273990223823,0.2779890665839107,0.8137065095398429
29,beta,54,none,1.0,1.0,sae,none,,21,0.3539342982817443,0.5964125911323884,0.3014021076335003,0.9273054371002132
26,beta,54,none,1.0,1.0,sae,none,,22,0.3197150939674204,0.600492700729927,0.1768488043841206,0.9423931623931624
34,beta,54,none,1.0,1.0,sae,none,,22,0.3506053504775768,0.6480951512942035,0.2609364218318388,0.9264752101830752
13,beta,54,none,1.0,1.0,sae,none,,21,0.3605762184576339,0.6315803055326177,0.3254630329950373,0.7611378021810417
42,beta,54,none,1.0,1.0,sae,none,,22,0.3000950603081109,0.5723049679031086,0.2070216950424895,0.893563126252505
36,beta,54,none,1.0,1.0,sae,none,,20,0.3035241193331431,0.5352746212121212,0.2809251657818669,0.6922071319631056
46,beta,54,none,1.0,1.0,sae,none,,22,0.3382001792901036,0.625533983066022,0.2474845083161553,0.9015437091473368
39,beta,54,none,1.0,1.0,sae,none,,23,0.3594661887202908,0.5497241922773838,0.2974809435743643,0.8253201502330422
5,beta,54,none,1.0,1.0,sae,none,,24,0.3406178548045954,0.5683460763056791,0.2844533225553602,0.8554298688398306
0,beta,54,none,1.0,1.0,sae,none,,29,0.3409845781558612,0.6068181818181819,0.2660895380749668,0.8735800428613449
12,beta,54,none,1.0,1.0,sae,none,,22,0.3091075458812833,0.5306881333769204,0.2272353867720305,0.8675339678598523
45,beta,54,none,1.0,1.0,sae,none,,22,0.3610118615970294,0.4821339260905807,0.3544523358604251,0.6106465997770345
44,beta,54,none,1.0,1.0,sae,none,,21,0.3371094510287202,0.6467634028662135,0.2463891511933876,0.9224489795918368
14,beta,54,none,1.0,1.0,sae,none,,23,0.3222531287342535,0.5294300337904989,0.1897373328981669,0.9695512820512822
23,beta,54,none,1.0,1.0,sae,none,,24,0.2998493422264554,0.5071266019882621,0.1791677941150085,0.9302174618630314
38,beta,54,none,1.0,1.0,sae,none,,23,0.2945799455938004,0.5520218082689686,0.1231685483413817,0.9805660289531256
8,beta,54,none,1.0,1.0,sae,none,,25,0.3319232091713011,0.5530928038526823,0.2706187189575831,0.8561538017268763
40,beta,54,none,1.0,1.0,sae,none,,21,0.3223172002038738,0.5937900902863505,0.1963861709200114,0.9526516987024176
11,beta,54,none,1.0,1.0,sae,none,,23,0.3039328938550324,0.5836528407110493,0.1992708025977321,0.8881026543878656
19,beta,54,none,1.0,1.0,sae,none,,23,0.3617708535290042,0.601326726342711,0.2955378863152351,0.8155586945646096
20,beta,54,none,1.0,1.0,sae,none,,22,0.290390597947155,0.5566488095238095,0.1526158482688334,0.950646840053514
33,beta,54,none,1.0,1.0,sae,none,,21,0.3137734929062337,0.5496209602340736,0.1451430709674653,0.9622246831549156
10,beta,54,none,1.0,1.0,sae,none,,24,0.2884893792881645,0.5607884748806269,0.1735903313572267,0.9171586950981224
18,beta,54,none,1.0,1.0,sae,none,,23,0.2742969086380006,0.5487080813633864,0.1607969193195774,0.9419548547000016
15,beta,54,none,1.0,1.0,sae,none,,23,0.2949467200115129,0.5943769720783474,0.1174376718157982,0.9753762395489016
32,beta,54,none,1.0,1.0,sae,none,,20,0.3652079771569287,0.6833786895541135,0.3270399796350087,0.798977349560514
16,beta,54,none,1.0,1.0,sae,none,,21,0.3331694672054795,0.5433480585910253,0.2316242363392716,0.9228613848022676
35,beta,54,none,1.0,1.0,sae,none,,23,0.2974698481787444,0.5152461458389418,0.2025040893377256,0.9071090534979426
48,beta,54,none,1.0,1.0,sae,none,,21,0.4133611533329139,0.536462641301351,0.3740098517517716,0.6272780909925266
43,beta,54,none,1.0,1.0,sae,none,,23,0.3055773237209793,0.5000837100284614,0.2153500140719323,0.900294695481336
24,beta,54,none,1.0,1.0,sae,none,,22,0.2957762286429527,0.4846876727473742,0.166124196173314,0.9501360166917572
7,beta,54,none,1.0,1.0,sae,none,,26,0.2933633943731923,0.5520905671296297,0.2004949327973681,0.8914309950224868
41,beta,54,none,1.0,1.0,sae,none,,21,0.2928050155863766,0.5913362701908957,0.2033123656083937,0.9117577337916322
37,beta,54,none,1.0,1.0,sae,none,,21,0.3316641966549674,0.6503663587129659,0.2506660440422207,0.8984807771806531
21,beta,54,none,1.0,1.0,sae,none,,21,0.3001052641967138,0.5282392776523701,0.1737991265958146,0.9340149950615068
25,beta,54,none,1.0,1.0,sae,none,,21,0.384699200933334,0.5211002562459962,0.3731674478817171,0.9435009487666034
49,beta,54,none,1.0,1.0,sae,none,,22,0.3651606439433007,0.6212332589285714,0.2879436464798401,0.8707124691788338
6,beta,54,none,1.0,1.0,sae,none,,25,0.3749413841848858,0.6831681476418319,0.3223477576816106,0.8265293252049611
47,beta,54,none,1.0,1.0,sae,none,,23,0.3025756173555654,0.5625666906993512,0.2151395668537361,0.8768628334788855
17,beta,54,none,1.0,1.0,sae,none,,21,0.3026194938984416,0.501691056910569,0.234174292775073,0.7508033888401986
4,beta,54,none,1.0,1.0,sae,none,,27,0.3680097625943138,0.6484162533994561,0.3242041802866915,0.8133705278763996
27,beta,54,none,1.0,1.0,sae,none,,24,0.326202790856687,0.5753787918178888,0.2620960618800998,0.8344270773474313
31,beta,54,none,1.0,1.0,sae,none,,24,0.3640998109027044,0.613468824643769,0.2939282282430151,0.8663928012519561
22,beta,54,none,1.0,1.0,sae,none,,24,0.3410232945089911,0.5404706775944234,0.2779719665710056,0.8195426487093154
30,beta,54,none,1.0,1.0,sae,none,,25,0.3316171082874383,0.5740725067005219,0.2560241983681819,0.8715804083421601
28,beta,54,none,1.0,1.0,sae,none,,22,0.342197009612026,0.5537824189831838,0.2957574615544954,0.8085380699424524
9,beta,54,none,1.0,1.0,sae,none,,22,0.3305457938457669,0.6131489071038252,0.2681554149725377,0.8524687602704764
26,beta,54,none,1.0,1.0,sae,none,,23,0.3126132044788089,0.5643065693430657,0.1860762723407197,0.9291452991452992
29,beta,54,none,1.0,1.0,sae,none,,22,0.3560931203316866,0.569886416971745,0.3028636164279416,0.9130500769959724
34,beta,54,none,1.0,1.0,sae,none,,23,0.3415843084655198,0.6251367116296027,0.2534356377529677,0.9289699064979964
42,beta,54,none,1.0,1.0,sae,none,,23,0.3004346683790143,0.5493469942763178,0.2071257231745184,0.8821963927855712
46,beta,54,none,1.0,1.0,sae,none,,23,0.3395944535983649,0.6186657457856906,0.2435664635253298,0.9110006660859764
39,beta,54,none,1.0,1.0,sae,none,,24,0.3641653685070152,0.606609535066982,0.3083959380055196,0.8370401375627856
13,beta,54,none,1.0,1.0,sae,none,,22,0.3733799431150845,0.5853633360858794,0.3525501365718704,0.7721040189125297
5,beta,54,none,1.0,1.0,sae,none,,25,0.3423109820278096,0.5884495416333828,0.2873615273498803,0.8487806361369579
36,beta,54,none,1.0,1.0,sae,none,,21,0.3053089431157248,0.5298295454545455,0.2838275208638716,0.6723436705643112
0,beta,54,none,1.0,1.0,sae,none,,30,0.3418039920610867,0.5981176798661462,0.2663251540851138,0.8778381634053759
45,beta,54,none,1.0,1.0,sae,none,,23,0.303593051514973,0.4922200611280911,0.2732667389774513,0.5908305462653289
12,beta,54,none,1.0,1.0,sae,none,,23,0.3179625512908403,0.5464122262177182,0.2518095893975693,0.8653441616663217
23,beta,54,none,1.0,1.0,sae,none,,25,0.2993246204935521,0.5323092585938436,0.1790423525215697,0.926996729333633
14,beta,54,none,1.0,1.0,sae,none,,24,0.3085082817024802,0.4858626515603259,0.1569602618439078,0.9688714063714065
38,beta,54,none,1.0,1.0,sae,none,,24,0.2953958429068898,0.587431849159473,0.1207790284242414,0.983040854008596
44,beta,54,none,1.0,1.0,sae,none,,22,0.3372123393047824,0.6451670762111456,0.2468382533405932,0.9210415200562984
11,beta,54,none,1.0,1.0,sae,none,,24,0.292665057133805,0.5823360830331901,0.1968757440159378,0.8953367641747922
19,beta,54,none,1.0,1.0,sae,none,,24,0.36892376943348,0.6247122762148338,0.3038417497651636,0.8364674376857655
15,beta,54,none,1.0,1.0,sae,none,,24,0.2959688562379505,0.579649639816634,0.1254981812605592,0.9739218355045692
10,beta,54,none,1.0,1.0,sae,none,,25,0.2893073488379715,0.5588907480716647,0.1741939670315574,0.9178595701299804
33,beta,54,none,1.0,1.0,sae,none,,22,0.3137314137808689,0.5418539699428115,0.1491882013337199,0.96088655100283
18,beta,54,none,1.0,1.0,sae,none,,24,0.2692442762214549,0.5291368884002199,0.1568152277421491,0.9524926393532612
8,beta,54,none,1.0,1.0,sae,none,,26,0.3322700427183462,0.5684614271240411,0.2711122418563636,0.8530422478269659
35,beta,54,none,1.0,1.0,sae,none,,24,0.2983045166876722,0.4843769629749277,0.2008489776555395,0.9053600823045268
40,beta,54,none,1.0,1.0,sae,none,,22,0.3235454116701981,0.6118292063031006,0.1945187556992113,0.9526893878210304
43,beta,54,none,1.0,1.0,sae,none,,24,0.3182118782096422,0.4537641609464814,0.2194517154451421,0.906324097283382
7,beta,54,none,1.0,1.0,sae,none,,27,0.3168678448789056,0.5573929398148147,0.2317398145185273,0.8940637953937997
20,beta,54,none,1.0,1.0,sae,none,,23,0.2921064912215478,0.5583154761904762,0.1583509637455359,0.9434198987332048
16,beta,54,none,1.0,1.0,sae,none,,22,0.3331523257279288,0.6190374331550803,0.2325976692678262,0.9229909569442568
32,beta,54,none,1.0,1.0,sae,none,,21,0.365332483180709,0.675696043541972,0.320557163583833,0.8106195064232591
24,beta,54,none,1.0,1.0,sae,none,,23,0.2913387859682235,0.4635341809471163,0.1620829284880696,0.951416950585004
37,beta,54,none,1.0,1.0,sae,none,,22,0.3552144786530593,0.5876694630278574,0.3017311331303338,0.9081025217031832
48,beta,54,none,1.0,1.0,sae,none,,22,0.4134414081287855,0.5961193824097051,0.3727354377406811,0.647190900747345
41,beta,54,none,1.0,1.0,sae,none,,22,0.2934835869425618,0.5643759177679883,0.201031608198153,0.9136185848050256
6,beta,54,none,1.0,1.0,sae,none,,26,0.3763655198777396,0.6913021189336979,0.328886941266003,0.8215261719571159
21,beta,54,none,1.0,1.0,sae,none,,22,0.2999912514006997,0.5606320541760723,0.1768512268231736,0.9293009787195834
47,beta,54,none,1.0,1.0,sae,none,,24,0.3105893855718529,0.5661860129776496,0.2203171570603569,0.8845254528551708
25,beta,54,none,1.0,1.0,sae,none,,22,0.3913075206447707,0.4984385009609224,0.3847936436089974,0.9530834914611006
49,beta,54,none,1.0,1.0,sae,none,,23,0.3810387800172337,0.561825706845238,0.3427444728340277,0.8740301821514789
22,beta,54,none,1.0,1.0,sae,none,,25,0.3413971880096383,0.5348720398887623,0.2791929251624302,0.8148919753086421
27,beta,54,none,1.0,1.0,sae,none,,25,0.3548897019821335,0.5857312215971132,0.3251143460674939,0.852962303183542
31,beta,54,none,1.0,1.0,sae,none,,25,0.367137317068992,0.6268429289185405,0.3004134889986612,0.8628613787991103
30,beta,54,none,1.0,1.0,sae,none,,26,0.3412086766238498,0.570433065312456,0.2641138399314661,0.8675992549033931
17,beta,54,none,1.0,1.0,sae,none,,22,0.3118410554122068,0.4880975609756097,0.2365235238110536,0.7532703606323239
26,beta,54,none,1.0,1.0,sae,none,,24,0.3131635297266599,0.5761678832116788,0.1791910382724132,0.9422649572649572
4,beta,54,none,1.0,1.0,sae,none,,28,0.3677692471841345,0.6591545352743562,0.3309074006697815,0.8069135031797433
28,beta,54,none,1.0,1.0,sae,none,,23,0.3318936567755756,0.5613227435407169,0.2795580729648503,0.7999999999999999
42,beta,54,none,1.0,1.0,sae,none,,24,0.298625815230351,0.5447933466148056,0.2132870544090908,0.898933867735471
9,beta,54,none,1.0,1.0,sae,none,,23,0.3311722133281083,0.6030532786885245,0.2699064048827596,0.8501122322683505
34,beta,54,none,1.0,1.0,sae,none,,24,0.3579442318962184,0.6524699234414875,0.2739815204777315,0.9310520939734424
29,beta,54,none,1.0,1.0,sae,none,,23,0.3561243362648196,0.5880190243749804,0.3014150852156257,0.929718964700308
39,beta,54,none,1.0,1.0,sae,none,,25,0.3776827653660403,0.598404255319149,0.3419700946567037,0.8408412145345944
46,beta,54,none,1.0,1.0,sae,none,,24,0.3394988381495139,0.6204179776430564,0.2439285425266128,0.9097563296466816
13,beta,54,none,1.0,1.0,sae,none,,23,0.3732268613246733,0.599775495458299,0.3487345656531128,0.7650270723709296
5,beta,54,none,1.0,1.0,sae,none,,26,0.3407775174355854,0.5708661417322834,0.2870727178306993,0.8449492185124368
36,beta,54,none,1.0,1.0,sae,none,,22,0.304515545568789,0.5424558080808081,0.2753648137110326,0.6955116566199433
45,beta,54,none,1.0,1.0,sae,none,,24,0.3373879569004729,0.4783273131425395,0.316645331772487,0.6192028985507247
23,beta,54,none,1.0,1.0,sae,none,,26,0.2997171106318525,0.5256617558989101,0.1805057347369399,0.926946795495968
38,beta,54,none,1.0,1.0,sae,none,,25,0.29593289366685,0.5712460245343026,0.1183590737896098,0.981652159071514
12,beta,54,none,1.0,1.0,sae,none,,24,0.3110282454029818,0.5613108859104282,0.2273314187549792,0.875379336505966
14,beta,54,none,1.0,1.0,sae,none,,25,0.3244734992710533,0.4843470483005367,0.1948499925434756,0.9694177350427352
11,beta,54,none,1.0,1.0,sae,none,,25,0.293471832663783,0.6037333952984005,0.1952313540691683,0.8932489165763814
19,beta,54,none,1.0,1.0,sae,none,,25,0.3551948875761159,0.6180466751918159,0.2934360337957085,0.8169271063241224
44,beta,54,none,1.0,1.0,sae,none,,23,0.3371402589302994,0.6511936577403906,0.2491910557322173,0.92048733286418
15,beta,54,none,1.0,1.0,sae,none,,25,0.2958026894740519,0.6355748050247068,0.1162976694621911,0.977227299241688
10,beta,54,none,1.0,1.0,sae,none,,26,0.289831838851448,0.5810206913439171,0.1783885758298892,0.9157357063970776
18,beta,54,none,1.0,1.0,sae,none,,25,0.2821946835580444,0.5567619571192963,0.168648812412208,0.9410815576292896
35,beta,54,none,1.0,1.0,sae,none,,25,0.2986382647977775,0.502710027100271,0.1987596157734839,0.9066152263374484
7,beta,54,none,1.0,1.0,sae,none,,28,0.2949938780949508,0.531467013888889,0.2013442310379015,0.8957283014036268
43,beta,54,none,1.0,1.0,sae,none,,25,0.3070519234101184,0.5065014788771696,0.2099289980703105,0.9073233520764176
33,beta,54,none,1.0,1.0,sae,none,,23,0.3145662779426746,0.490038568958638,0.144057987529311,0.963931955211025
8,beta,54,none,1.0,1.0,sae,none,,27,0.333102942607855,0.5572836484690589,0.2686626286758329,0.8569479338127004
40,beta,54,none,1.0,1.0,sae,none,,23,0.3236392023426104,0.5996236051606032,0.1972793914221548,0.9518117697733268
6,beta,54,none,1.0,1.0,sae,none,,27,0.37618063800623,0.6589712918660288,0.3239010322691558,0.8228084927475299
20,beta,54,none,1.0,1.0,sae,none,,24,0.2915596708955711,0.5546785714285715,0.1592329907249042,0.9422612836942535
16,beta,54,none,1.0,1.0,sae,none,,23,0.3332815527433942,0.595252266914671,0.228710442012312,0.9214414900796328
47,beta,54,none,1.0,1.0,sae,none,,25,0.3115886631907082,0.5900360490266764,0.2224234401190908,0.8787925740203397
32,beta,54,none,1.0,1.0,sae,none,,22,0.3657134886383307,0.6999790663596399,0.3269545364805173,0.7981744421906694
41,beta,54,none,1.0,1.0,sae,none,,23,0.2937072220557285,0.5837298091042584,0.2040275092597809,0.9053810596183476
48,beta,54,none,1.0,1.0,sae,none,,23,0.4121357696903214,0.5829886958919217,0.3751776195129386,0.6427166644814476
37,beta,54,none,1.0,1.0,sae,none,,23,0.3533992364983388,0.6327917595837316,0.2876025395391671,0.9102728400165356
24,beta,54,none,1.0,1.0,sae,none,,24,0.2920474889943805,0.4882255389718076,0.1622474783042389,0.9490267543512136
49,beta,54,none,1.0,1.0,sae,none,,24,0.358959060955288,0.634974888392857,0.2855905987287816,0.8626957386106915
27,beta,54,none,1.0,1.0,sae,none,,26,0.3470072528523613,0.5574609249071869,0.3048382532864795,0.8347402597402598
22,beta,54,none,1.0,1.0,sae,none,,26,0.3417038055138237,0.528017690225048,0.2792665691873078,0.8157337261503929
31,beta,54,none,1.0,1.0,sae,none,,26,0.3491149261570053,0.599806440985092,0.2836549771633254,0.8460896960711638
21,beta,54,none,1.0,1.0,sae,none,,23,0.3009647206149712,0.5311738148984197,0.1745000187431833,0.9359454969920088
25,beta,54,none,1.0,1.0,sae,none,,23,0.3576609744605271,0.459240871236387,0.2931694868934165,0.9601518026565464
30,beta,54,none,1.0,1.0,sae,none,,27,0.3321491144454466,0.5731767527154746,0.2569966846634435,0.8696811424814639
26,beta,54,none,1.0,1.0,sae,none,,25,0.3210716671554822,0.5837226277372263,0.1846228126255543,0.9417521367521366
17,beta,54,none,1.0,1.0,sae,none,,23,0.3093553753610717,0.5115447154471545,0.2354019791668772,0.7681208816178142
42,beta,54,none,1.0,1.0,sae,none,,25,0.3029580674198918,0.5366031053347247,0.2066534031196421,0.8939158316633267
34,beta,54,none,1.0,1.0,sae,none,,25,0.3421992304284958,0.6418975574188844,0.2566704162307261,0.9252180403865798
4,beta,54,none,1.0,1.0,sae,none,,29,0.3684157262682409,0.64553671412574,0.3301860362065059,0.8088447583004954
28,beta,54,none,1.0,1.0,sae,none,,24,0.3414216952463757,0.5429965190959455,0.2902477682316987,0.809373616644533
29,beta,54,none,1.0,1.0,sae,none,,24,0.3559895567299815,0.5685174755155042,0.3041425257186623,0.9075122897417672
9,beta,54,none,1.0,1.0,sae,none,,24,0.3319892183515097,0.6113456284153005,0.2712179976583754,0.8511611319725607
39,beta,54,none,1.0,1.0,sae,none,,26,0.3566967639004164,0.5897557131599686,0.2880224125538875,0.8183175709308114
46,beta,54,none,1.0,1.0,sae,none,,25,0.3399102376157026,0.6063617527434579,0.2451809575994537,0.9068284792012824
13,beta,54,none,1.0,1.0,sae,none,,24,0.3720467827833549,0.5878277250206441,0.3434050411370061,0.7612903225806451
5,beta,54,none,1.0,1.0,sae,none,,27,0.3408266848430235,0.5852257598235002,0.2867198429554576,0.8499462790650529
36,beta,54,none,1.0,1.0,sae,none,,23,0.306395645444413,0.5287642045454546,0.2818600872264893,0.6870506209601278
38,beta,54,none,1.0,1.0,sae,none,,26,0.296199142199072,0.5502186506133576,0.1163645698506491,0.9820167884684012
23,beta,54,none,1.0,1.0,sae,none,,27,0.300294817166726,0.5213049467002036,0.1750080162153756,0.9330470459973867
14,beta,54,none,1.0,1.0,sae,none,,26,0.3248871382654321,0.4534386801828662,0.1951266358066882,0.9700004856254856
19,beta,54,none,1.0,1.0,sae,none,,26,0.3772908610049738,0.6051630434782609,0.3202560537891721,0.8322592036726406
45,beta,54,none,1.0,1.0,sae,none,,25,0.3353459228325789,0.4771047513198111,0.3123335037153797,0.64417502787068
11,beta,54,none,1.0,1.0,sae,none,,26,0.2920607546928269,0.5798865264707022,0.1937656373204782,0.8972553268327916
12,beta,54,none,1.0,1.0,sae,none,,25,0.3071808035810433,0.5549852893102322,0.2194560696033234,0.864619973791296
15,beta,54,none,1.0,1.0,sae,none,,26,0.2961880616735931,0.5609781508602727,0.1257394214644675,0.9724518763367684
10,beta,54,none,1.0,1.0,sae,none,,27,0.2903195447446838,0.5815308329592295,0.1767405875649176,0.9209497918613542
44,beta,54,none,1.0,1.0,sae,none,,24,0.3382024593967965,0.6638925259627284,0.2481234574930591,0.9213406052076004
18,beta,54,none,1.0,1.0,sae,none,,26,0.2714860902361578,0.5404251420194246,0.1587039590419115,0.9448076251309946
7,beta,54,none,1.0,1.0,sae,none,,29,0.295601535313488,0.5392505787037037,0.1988049960220778,0.9010899313391272
35,beta,54,none,1.0,1.0,sae,none,,26,0.2984616269849399,0.5162332418026166,0.204698574698396,0.9020164609053498
43,beta,54,none,1.0,1.0,sae,none,,26,0.307043661104519,0.4890618896143758,0.215030588923756,0.9045457624822164
8,beta,54,none,1.0,1.0,sae,none,,28,0.3327826468640522,0.5487177462861353,0.2711763761735337,0.8518293915504346
33,beta,54,none,1.0,1.0,sae,none,,24,0.315129707289162,0.4641308684665514,0.1537602484881129,0.9616709732988804
6,beta,54,none,1.0,1.0,sae,none,,28,0.3764825561948128,0.6801435406698564,0.3276364913462092,0.8095648517973513
40,beta,54,none,1.0,1.0,sae,none,,24,0.3243054538291446,0.6114600731004768,0.1981541292395608,0.9495988800947612
47,beta,54,none,1.0,1.0,sae,none,,26,0.3104795946858313,0.5937707281903388,0.2242302472958257,0.8671014451925514
20,beta,54,none,1.0,1.0,sae,none,,25,0.2921552553591443,0.5344166666666667,0.1569480324389431,0.9446425256527612
27,beta,54,none,1.0,1.0,sae,none,,27,0.343567463787432,0.5764863094185793,0.2869900825395255,0.8486438340420642
16,beta,54,none,1.0,1.0,sae,none,,24,0.3543633050687608,0.5414043245756801,0.3151727107926138,0.9217546227561076
32,beta,54,none,1.0,1.0,sae,none,,23,0.3669628511227757,0.6935733724094619,0.3237811778127094,0.8051893171061528
22,beta,54,none,1.0,1.0,sae,none,,27,0.3417962537487378,0.5288262462175506,0.2785405809903914,0.8204685746352414
48,beta,54,none,1.0,1.0,sae,none,,24,0.412478114761318,0.583884753239592,0.3775940619684212,0.645240592631441
31,beta,54,none,1.0,1.0,sae,none,,27,0.3496748367484828,0.6201198418581666,0.2807764464122956,0.8492401779095625
30,beta,54,none,1.0,1.0,sae,none,,28,0.3418129290488949,0.5410283537875582,0.2664638065574349,0.8655246721940173
37,beta,54,none,1.0,1.0,sae,none,,24,0.3551502477673205,0.6402959187285406,0.2947759077602499,0.9067279867713932
41,beta,54,none,1.0,1.0,sae,none,,24,0.2952715209503088,0.5840528634361234,0.2047451676967573,0.897878392793647
24,beta,54,none,1.0,1.0,sae,none,,25,0.2964667851553941,0.5201400405380505,0.1675557559540424,0.9487494387660778
49,beta,54,none,1.0,1.0,sae,none,,25,0.3777089028512848,0.6017833891369048,0.3297752819441226,0.8593909350270451
21,beta,54,none,1.0,1.0,sae,none,,24,0.3013149208734377,0.5318058690744921,0.1780779107074029,0.9310406752267216
25,beta,54,none,1.0,1.0,sae,none,,24,0.3575220645084362,0.5175368353619474,0.2928539687056934,0.9631878557874762
26,beta,54,none,1.0,1.0,sae,none,,26,0.3216011595402045,0.5981386861313868,0.1971999427297452,0.9420299145299144
34,beta,54,none,1.0,1.0,sae,none,,26,0.3564576238308922,0.6156944950783814,0.2703826973013867,0.9289011550247506
42,beta,54,none,1.0,1.0,sae,none,,26,0.3043337137353789,0.5514657053410492,0.2144221504091238,0.8967214428857717
17,beta,54,none,1.0,1.0,sae,none,,24,0.3178098182977684,0.5165528455284554,0.2424243568640045,0.7441815171876522
4,beta,54,none,1.0,1.0,sae,none,,30,0.3747541495914783,0.6481362981922892,0.3329889957783457,0.8066891654636963
39,beta,54,none,1.0,1.0,sae,none,,27,0.3820687484280184,0.6068459416863672,0.3539206150331098,0.8343703334992534
29,beta,54,none,1.0,1.0,sae,none,,25,0.3581174533774517,0.5821990675553053,0.3158237251847555,0.921886105188344
28,beta,54,none,1.0,1.0,sae,none,,25,0.3327806430667469,0.5480168652252781,0.2791279902402655,0.807110447100487
46,beta,54,none,1.0,1.0,sae,none,,26,0.3404161631118586,0.6044752257437394,0.246717819746026,0.9081094137711446
9,beta,54,none,1.0,1.0,sae,none,,25,0.3524940546528645,0.5821653005464481,0.3079280070155337,0.8456229415343305
5,beta,54,none,1.0,1.0,sae,none,,28,0.3457183726768224,0.5638004488569364,0.2890485038461914,0.8421922195868556
13,beta,54,none,1.0,1.0,sae,none,,25,0.3618973655575282,0.629644921552436,0.332818623607338,0.7558911004346831
23,beta,54,none,1.0,1.0,sae,none,,28,0.3001735294656451,0.5125164690382082,0.1786455024200874,0.9313576178230512
38,beta,54,none,1.0,1.0,sae,none,,27,0.2963575571913204,0.5468962971376647,0.1215741066858773,0.9836770159350804
36,beta,54,none,1.0,1.0,sae,none,,24,0.3144954273842105,0.521227904040404,0.2907164399056174,0.6885757861863606
19,beta,54,none,1.0,1.0,sae,none,,27,0.3773450642122559,0.6128037084398976,0.3219304856373244,0.834407462994026
14,beta,54,none,1.0,1.0,sae,none,,27,0.3026348811903464,0.4873037169548797,0.1564163514570875,0.9684586247086246
11,beta,54,none,1.0,1.0,sae,none,,27,0.2932760407275294,0.577766159327679,0.1956556548149294,0.8928990610328639
10,beta,54,none,1.0,1.0,sae,none,,28,0.2914902573653728,0.538678937272987,0.1743788941095531,0.9193462747430128
15,beta,54,none,1.0,1.0,sae,none,,27,0.3101206199301321,0.535720664404358,0.1274778818131306,0.9694186272603538
45,beta,54,none,1.0,1.0,sae,none,,26,0.3182897316051184,0.5071686579605446,0.2814338930607507,0.584113712374582
44,beta,54,none,1.0,1.0,sae,none,,25,0.3386825476244047,0.6494628091761878,0.2469550229403615,0.9209535538353272
12,beta,54,none,1.0,1.0,sae,none,,26,0.3093626487077425,0.5340389016018308,0.2207712051579499,0.8690426925994895
18,beta,54,none,1.0,1.0,sae,none,,27,0.2787474984540012,0.5292468389224849,0.1624063162165835,0.9424538815975514
7,beta,54,none,1.0,1.0,sae,none,,30,0.2962009658553676,0.5426721643518518,0.2011689861793872,0.8977209071557755
35,beta,54,none,1.0,1.0,sae,none,,27,0.3001443138310924,0.5040201726520577,0.202553017116234,0.9095576131687244
43,beta,54,none,1.0,1.0,sae,none,,27,0.3071212525012957,0.5202857302304816,0.217243962186991,0.898736535465077
8,beta,54,none,1.0,1.0,sae,none,,29,0.3333627593443291,0.5527177989184068,0.2693874970920434,0.8557278581535708
47,beta,54,none,1.0,1.0,sae,none,,27,0.312966892029327,0.560447007930786,0.2193227830238874,0.8806800574696454
40,beta,54,none,1.0,1.0,sae,none,,25,0.324358415969834,0.6002711011061894,0.1967327455476327,0.950271900069994
27,beta,54,none,1.0,1.0,sae,none,,28,0.3489897474221699,0.5515333659175757,0.3018934445047867,0.8432680151706701
6,beta,54,none,1.0,1.0,sae,none,,29,0.3771579166368892,0.6565276828434722,0.3226693139190951,0.8336766869875971
33,beta,54,none,1.0,1.0,sae,none,,25,0.3155975603696497,0.4814470009309748,0.1500517073062403,0.962870677986957
31,beta,54,none,1.0,1.0,sae,none,,28,0.3600692470165378,0.5712667819784203,0.2870340183521185,0.850877192982456
22,beta,54,none,1.0,1.0,sae,none,,28,0.3421056714916978,0.5233623678439732,0.2781330482518557,0.8152356902356902
30,beta,54,none,1.0,1.0,sae,none,,29,0.3320245068931264,0.5750387924954155,0.2567624759410165,0.8717338105847547
20,beta,54,none,1.0,1.0,sae,none,,26,0.2937248772165612,0.5665119047619047,0.1552797592123767,0.9489825311577827
16,beta,54,none,1.0,1.0,sae,none,,25,0.3344764430813232,0.6343176005580098,0.2306452253306842,0.9212795249021462
48,beta,54,none,1.0,1.0,sae,none,,25,0.4111428701298646,0.5849186655638269,0.3726763857793655,0.6373738035925003
32,beta,54,none,1.0,1.0,sae,none,,24,0.3672575173683038,0.7162026376386854,0.3271392479360275,0.8041434246112239
24,beta,54,none,1.0,1.0,sae,none,,26,0.2969590871082422,0.5134236226276027,0.1669330938529691,0.95111322399176
49,beta,54,none,1.0,1.0,sae,none,,26,0.366511656315597,0.6332077752976191,0.28746344344297,0.8639737681215547
41,beta,54,none,1.0,1.0,sae,none,,25,0.294944118140957,0.5515418502202643,0.2033401230423683,0.9056773734739836
37,beta,54,none,1.0,1.0,sae,none,,25,0.3328097808977545,0.6605518388729603,0.24717990419892,0.9037722199255892
21,beta,54,none,1.0,1.0,sae,none,,25,0.3017534175416952,0.5810045146726862,0.1760361624502411,0.9319722546466732
25,beta,54,none,1.0,1.0,sae,none,,25,0.3815006237487393,0.4936338885329916,0.3670590764552967,0.952324478178368
26,beta,54,none,1.0,1.0,sae,none,,27,0.3162928837322394,0.5691970802919708,0.1731291013706955,0.9472222222222222
42,beta,54,none,1.0,1.0,sae,none,,27,0.3004063338003118,0.5526989849160421,0.2063895934384758,0.896
39,beta,54,none,1.0,1.0,sae,none,,28,0.3473986517845713,0.5781028368794328,0.2848128511176792,0.8122200099552015
34,beta,54,none,1.0,1.0,sae,none,,27,0.3564118670096613,0.6928545388261028,0.267075574866832,0.9311699536418636
28,beta,54,none,1.0,1.0,sae,none,,26,0.3321655226333818,0.5550718242878855,0.2785835627320882,0.8026449756529439
46,beta,54,none,1.0,1.0,sae,none,,27,0.3404683697905393,0.6168879339012099,0.246803509042519,0.8999187521501402
17,beta,54,none,1.0,1.0,sae,none,,25,0.3061399807175333,0.5041626016260163,0.2336564812265588,0.7571168890187296
29,beta,54,none,1.0,1.0,sae,none,,26,0.3561077452952007,0.5919068181107043,0.3038419091532701,0.9241367566927268
9,beta,54,none,1.0,1.0,sae,none,,26,0.3526081852235481,0.5462636612021858,0.3080318260144914,0.8478256309131721
23,beta,54,none,1.0,1.0,sae,none,,29,0.301430249739364,0.5076955323990897,0.1766452589021945,0.9296349004236054
19,beta,54,none,1.0,1.0,sae,none,,28,0.3565845165426212,0.6098305626598466,0.2948853173239864,0.8250787204614343
5,beta,54,none,1.0,1.0,sae,none,,29,0.3416995209602356,0.5834854882270151,0.2845562016975448,0.859616047355511
11,beta,54,none,1.0,1.0,sae,none,,28,0.3061578436787925,0.5991925177181363,0.2006195411652505,0.8990158902130734
38,beta,54,none,1.0,1.0,sae,none,,28,0.2961039065830891,0.5790549750113585,0.1231790657535843,0.9812409812409812
36,beta,54,none,1.0,1.0,sae,none,,25,0.3050248161757457,0.5428503787878788,0.2822494629541429,0.6930060280339894
10,beta,54,none,1.0,1.0,sae,none,,29,0.2919706636488812,0.5663796269844509,0.1765977334845872,0.9150348313652196
14,beta,54,none,1.0,1.0,sae,none,,28,0.3168090446383073,0.5156281057443848,0.1665906987555727,0.9687621406371406
15,beta,54,none,1.0,1.0,sae,none,,28,0.2976775614801179,0.5582246829791034,0.1277147482162704,0.9720163328796424
13,beta,54,none,1.0,1.0,sae,none,,26,0.3620417378453662,0.6343156482246078,0.3285882608714349,0.753359261801266
44,beta,54,none,1.0,1.0,sae,none,,26,0.3389407580980714,0.666215270927125,0.2469245646614554,0.9224841660802252
35,beta,54,none,1.0,1.0,sae,none,,28,0.2990294507578792,0.5102747716218884,0.2051596161739781,0.9029218106995884
12,beta,54,none,1.0,1.0,sae,none,,27,0.3158260960659773,0.5959463877084015,0.239651787694817,0.8636802538106076
43,beta,54,none,1.0,1.0,sae,none,,28,0.3079814510155372,0.5161560354930521,0.2135036200070191,0.9015818711469412
18,beta,54,none,1.0,1.0,sae,none,,28,0.2722301804883301,0.5487813817115631,0.1592369444674141,0.9460302410299914
45,beta,54,none,1.0,1.0,sae,none,,27,0.3052873453302385,0.5088357877188108,0.2739660875990167,0.5925863991081383
47,beta,54,none,1.0,1.0,sae,none,,28,0.3144645096512788,0.5599567411679884,0.2205933829716694,0.8821379271487731
27,beta,54,none,1.0,1.0,sae,none,,29,0.3373050687486253,0.5529944572123835,0.2669156638083037,0.8381278014021377
8,beta,54,none,1.0,1.0,sae,none,,30,0.3338187850120497,0.5249674337820235,0.2691394612103064,0.8544500274336538
31,beta,54,none,1.0,1.0,sae,none,,29,0.3833809155324018,0.57161683551602,0.3422570645590332,0.866742854789556
40,beta,54,none,1.0,1.0,sae,none,,26,0.3255445420850118,0.5964708445283566,0.1965314782108408,0.952393259031928
48,beta,54,none,1.0,1.0,sae,none,,26,0.4146276252256357,0.5761304108078301,0.3745220237617242,0.6508129015340239
6,beta,54,none,1.0,1.0,sae,none,,30,0.3762750802916766,0.6693096377306904,0.3240989670609901,0.8140004204330461
16,beta,54,none,1.0,1.0,sae,none,,26,0.3359556082347261,0.5935782376191583,0.2354688470887083,0.921500877311378
20,beta,54,none,1.0,1.0,sae,none,,27,0.2930694661271476,0.5550178571428572,0.1570998978850769,0.9455706979215344
33,beta,54,none,1.0,1.0,sae,none,,26,0.3165856547421579,0.444713392738396,0.1554123718748114,0.9558262581518396
32,beta,54,none,1.0,1.0,sae,none,,25,0.3760322826760935,0.7110320284697508,0.3261102058451603,0.7992308992562542
22,beta,54,none,1.0,1.0,sae,none,,29,0.345554039484346,0.5245997035294695,0.2791757921369042,0.8092662738496071
30,beta,54,none,1.0,1.0,sae,none,,30,0.3423585472930865,0.5937932007335309,0.2638874585478205,0.8592790094598048
24,beta,54,none,1.0,1.0,sae,none,,27,0.3012774449426587,0.4604293348074443,0.1739732961206283,0.9487758497741858
39,beta,54,none,1.0,1.0,sae,none,,29,0.3577607846263963,0.5909574468085106,0.2904974401134692,0.8077401692384272
26,beta,54,none,1.0,1.0,sae,none,,28,0.3216611800112928,0.5761313868613138,0.1834956982716455,0.943931623931624
49,beta,54,none,1.0,1.0,sae,none,,27,0.3731156330753993,0.6466703869047619,0.3058129091398464,0.8735654441475285
21,beta,54,none,1.0,1.0,sae,none,,26,0.3026030963390722,0.5240632054176072,0.1763596080025825,0.9322079554637692
34,beta,54,none,1.0,1.0,sae,none,,28,0.3562666771983908,0.6847794385709077,0.2667569835771179,0.9285082894633456
41,beta,54,none,1.0,1.0,sae,none,,26,0.2956436117495259,0.5573568281938326,0.204645326870707,0.903022401327486
42,beta,54,none,1.0,1.0,sae,none,,28,0.3037209708466921,0.5295828985232267,0.2075030780328394,0.888625250501002
28,beta,54,none,1.0,1.0,sae,none,,27,0.3330752061233793,0.5410893758886111,0.2787722749320493,0.8067507746790616
37,beta,54,none,1.0,1.0,sae,none,,26,0.3321764796663828,0.6344996637287176,0.2497372736872111,0.9063249276560562
25,beta,54,none,1.0,1.0,sae,none,,26,0.3527632658185486,0.3340006406149903,0.2715922628407423,0.927134724857685
46,beta,54,none,1.0,1.0,sae,none,,28,0.3641959743832929,0.5461911339626019,0.3085953072617267,0.9023561876459352
17,beta,54,none,1.0,1.0,sae,none,,26,0.3060213992304719,0.4951382113821138,0.2344189125885309,0.7505680527152919
23,beta,54,none,1.0,1.0,sae,none,,30,0.3018300732259785,0.5272338004551443,0.1810166501084937,0.9272796877470686
29,beta,54,none,1.0,1.0,sae,none,,27,0.3582291788092135,0.583912200006258,0.3044603919654021,0.9146233120113718
19,beta,54,none,1.0,1.0,sae,none,,29,0.3792326592911121,0.5804987212276216,0.3219259032025338,0.8537417968864953
11,beta,54,none,1.0,1.0,sae,none,,29,0.2943054730217853,0.5914468843189652,0.1935410946135045,0.8976503250270856
38,beta,54,none,1.0,1.0,sae,none,,29,0.2967680311734612,0.5502754429804634,0.1169551293934599,0.983234805815451
9,beta,54,none,1.0,1.0,sae,none,,27,0.3307273957312721,0.6125204918032787,0.2731452742761865,0.8430006922738047
10,beta,54,none,1.0,1.0,sae,none,,30,0.2912836696539398,0.5631147206464514,0.174512133520452,0.9200152918188768
15,beta,54,none,1.0,1.0,sae,none,,29,0.2983401933783497,0.5432071203191047,0.1263520905380994,0.9724752090219716
36,beta,54,none,1.0,1.0,sae,none,,26,0.3054584018486223,0.5699179292929293,0.2800248535655139,0.692243445420873
14,beta,54,none,1.0,1.0,sae,none,,29,0.3269215608444057,0.5330326972768833,0.1980306502097318,0.970522533022533
44,beta,54,none,1.0,1.0,sae,none,,27,0.3491535198385236,0.66783850196402,0.2522033808835519,0.9194053483462352
43,beta,54,none,1.0,1.0,sae,none,,29,0.3211100349102077,0.5089569730453708,0.2228326349804443,0.8974493597994716
5,beta,54,none,1.0,1.0,sae,none,,30,0.3418487291511346,0.585805850355662,0.2889689216699891,0.8436112631514929
35,beta,54,none,1.0,1.0,sae,none,,29,0.2992751324870739,0.5137206338950807,0.2031334636832284,0.9059053497942386
12,beta,54,none,1.0,1.0,sae,none,,28,0.3206133476355879,0.5375939849624061,0.2480109406521968,0.8704738257810882
18,beta,54,none,1.0,1.0,sae,none,,29,0.2790750409519665,0.576342312625985,0.1623303791282157,0.9422958564133276
13,beta,54,none,1.0,1.0,sae,none,,27,0.3535526214124517,0.633760838150289,0.3256413491001574,0.7573095401509953
27,beta,54,none,1.0,1.0,sae,none,,30,0.3364152837480291,0.5594939736483606,0.2661930209740711,0.8412423859326514
31,beta,54,none,1.0,1.0,sae,none,,30,0.3507093993178266,0.60128902067375,0.2811310834620782,0.8519273535952557
47,beta,54,none,1.0,1.0,sae,none,,29,0.3135877394278383,0.5305839942321557,0.2218412239262975,0.8791024593627631
22,beta,54,none,1.0,1.0,sae,none,,30,0.3423581011613835,0.5282994597375869,0.2798070582793058,0.8145693041526375
45,beta,54,none,1.0,1.0,sae,none,,28,0.3060509667477719,0.513475965545985,0.2740712994779857,0.5977703455964326
40,beta,54,none,1.0,1.0,sae,none,,27,0.3257754995446894,0.597451165492702,0.1977703134771083,0.951413341947989
39,beta,54,none,1.0,1.0,sae,none,,30,0.3964667856608712,0.594070133963751,0.3877456017459346,0.8216491696456852
32,beta,54,none,1.0,1.0,sae,none,,26,0.3687724745092366,0.6741050868746075,0.3301349681236181,0.8012381676808654
48,beta,54,none,1.0,1.0,sae,none,,27,0.4146396105954743,0.5451819685690653,0.3759087835872333,0.6186246230496919
16,beta,54,none,1.0,1.0,sae,none,,27,0.335716330002442,0.6535735875377819,0.2330420498503502,0.9197894452692672
20,beta,54,none,1.0,1.0,sae,none,,28,0.2948374595840342,0.5324404761904762,0.1534891231850556,0.9515750123222873
26,beta,54,none,1.0,1.0,sae,none,,29,0.3137400817823227,0.5665693430656935,0.1739949968433311,0.9494017094017092
24,beta,54,none,1.0,1.0,sae,none,,28,0.2932243503741915,0.4571033720287452,0.1632738914839368,0.9500699891714868
34,beta,54,none,1.0,1.0,sae,none,,29,0.3434734966375951,0.6232956616842873,0.2530246541606513,0.931769073623006
42,beta,54,none,1.0,1.0,sae,none,,29,0.3005876661304245,0.5415994687411061,0.2074852051113968,0.9011142284569138
46,beta,54,none,1.0,1.0,sae,none,,29,0.3412360685949194,0.5721932315248255,0.2482594832931253,0.9021512381147572
33,beta,54,none,1.0,1.0,sae,none,,27,0.3158199742019908,0.5132065434233276,0.1557699757363568,0.9586870924080227
28,beta,54,none,1.0,1.0,sae,none,,28,0.33379052766196,0.5304750698632152,0.2797910013969694,0.8101648959716689
19,beta,54,none,1.0,1.0,sae,none,,30,0.3568896307008874,0.6227781329923274,0.2966263884533177,0.8201494953062003
11,beta,54,none,1.0,1.0,sae,none,,30,0.3038922470906999,0.5904496340188219,0.2016216546128179,0.8883960816179126
21,beta,54,none,1.0,1.0,sae,none,,27,0.30297754427426,0.5565462753950339,0.1752293399524508,0.9335323695788812
43,beta,54,none,1.0,1.0,sae,none,,30,0.3099170752332277,0.5187231430325353,0.216620167035573,0.8945362780299438
15,beta,54,none,1.0,1.0,sae,none,,30,0.2980270369140837,0.5874114425194975,0.122060920354014,0.9749251409683064
38,beta,54,none,1.0,1.0,sae,none,,30,0.2978211684431462,0.546172194457065,0.1192733619316402,0.9824900308771276
49,beta,54,none,1.0,1.0,sae,none,,28,0.3731462635837687,0.6387067522321428,0.3068104049189907,0.869382802111976
35,beta,54,none,1.0,1.0,sae,none,,30,0.2995813886360925,0.502198531919094,0.2026181407822937,0.905648148148148
41,beta,54,none,1.0,1.0,sae,none,,27,0.3127509897332269,0.5706020558002937,0.2118154023614065,0.9014460116155032
37,beta,54,none,1.0,1.0,sae,none,,27,0.3572097732661465,0.610305829882128,0.2998060046238499,0.9084125671765192
25,beta,54,none,1.0,1.0,sae,none,,27,0.3879976030944251,0.5545723894939141,0.378928429652473,0.9562618595825428
14,beta,54,none,1.0,1.0,sae,none,,30,0.3037011614142975,0.5061866428145498,0.1572488330682536,0.969150641025641
47,beta,54,none,1.0,1.0,sae,none,,30,0.305256263801423,0.5826964671953857,0.2183196825041241,0.8774121756768178
18,beta,54,none,1.0,1.0,sae,none,,30,0.2720393812968057,0.6201942459226681,0.158239207450399,0.9489162799208212
29,beta,54,none,1.0,1.0,sae,none,,28,0.3583383951642826,0.525454488563472,0.3076229155476433,0.925995024875622
17,beta,54,none,1.0,1.0,sae,none,,27,0.306794534921525,0.5047479674796748,0.2333443551071656,0.7531729801668452
44,beta,54,none,1.0,1.0,sae,none,,28,0.3390988044815565,0.6705827489103725,0.2474059437476071,0.9224929627023224
36,beta,54,none,1.0,1.0,sae,none,,27,0.3052758869016743,0.5608033459595959,0.2837099998276898,0.6806594523930569
9,beta,54,none,1.0,1.0,sae,none,,28,0.3312944539848895,0.6251775956284152,0.2694230760966691,0.8514827945485186
26,beta,54,none,1.0,1.0,sae,none,,30,0.3156778404647608,0.5752189781021898,0.1819282428570903,0.9410470085470086
12,beta,54,none,1.0,1.0,sae,none,,29,0.3094471587212911,0.5655361229159857,0.2190002814785354,0.872336023174012
34,beta,54,none,1.0,1.0,sae,none,,30,0.3442462676724827,0.6337130878600074,0.2537477732311693,0.9292056258348392
42,beta,54,none,1.0,1.0,sae,none,,30,0.3095131348956481,0.5472282832115865,0.214647966823461,0.8937875751503006
46,beta,54,none,1.0,1.0,sae,none,,30,0.3408776374416903,0.632044099966746,0.2461424355562293,0.910305301605194
13,beta,54,none,1.0,1.0,sae,none,,28,0.3733920352984343,0.611478117258464,0.3459448319634207,0.7753527034240829
45,beta,54,none,1.0,1.0,sae,none,,29,0.333331535255033,0.501889413726035,0.306244016608351,0.6479654403567447
40,beta,54,none,1.0,1.0,sae,none,,28,0.3257368350226816,0.5704197226054752,0.1973351176768281,0.953416249394282
16,beta,54,none,1.0,1.0,sae,none,,28,0.3499816744979626,0.5865752150662636,0.2972427399456952,0.9202591442839788
32,beta,54,none,1.0,1.0,sae,none,,27,0.3676891755074481,0.6998534645174797,0.3273661671794579,0.8040272143340096
48,beta,54,none,1.0,1.0,sae,none,,28,0.4136831597219945,0.5517300799558864,0.3753405852215751,0.646797561295398
20,beta,54,none,1.0,1.0,sae,none,,29,0.2940360654731964,0.5476785714285715,0.1562174584357662,0.9508708816356316
24,beta,54,none,1.0,1.0,sae,none,,29,0.2935261065896387,0.4415699281370923,0.163705391740994,0.9507302643741912
28,beta,54,none,1.0,1.0,sae,none,,29,0.3331555684756013,0.5594057949698485,0.2785635036281816,0.8076969898185038
33,beta,54,none,1.0,1.0,sae,none,,28,0.3170722145887307,0.4947998404043091,0.1476178755167513,0.9622246831549156
21,beta,54,none,1.0,1.0,sae,none,,28,0.3032695101352959,0.5332844243792325,0.17897774629544,0.9344863966956992
49,beta,54,none,1.0,1.0,sae,none,,29,0.3746239246649546,0.5681268601190477,0.3121083905296411,0.8674463937621832
37,beta,54,none,1.0,1.0,sae,none,,28,0.333949695147435,0.6244734699656649,0.2486324906628032,0.9022426622571312
41,beta,54,none,1.0,1.0,sae,none,,28,0.3018279256506523,0.549662261380323,0.2070335891879385,0.90218086997748
25,beta,54,none,1.0,1.0,sae,none,,28,0.3783441680807587,0.5364750160153747,0.3573748031220722,0.9549335863377608
44,beta,54,none,1.0,1.0,sae,none,,29,0.3501452170271806,0.6491220203397127,0.2511126227369098,0.9191326530612246
29,beta,54,none,1.0,1.0,sae,none,,29,0.3582491446815604,0.5456991770706218,0.3040969088767333,0.914212420042644
17,beta,54,none,1.0,1.0,sae,none,,28,0.3200106128594219,0.4978048780487805,0.2428804145009194,0.7449443308339014
36,beta,54,none,1.0,1.0,sae,none,,28,0.3081460675123109,0.5220959595959597,0.2861050406769285,0.6881037112353837
12,beta,54,none,1.0,1.0,sae,none,,30,0.3205845538128423,0.5519532526969598,0.2499918340302996,0.8791985654183048
9,beta,54,none,1.0,1.0,sae,none,,29,0.3315397102296953,0.6093784153005464,0.2715498756046674,0.8440985406308783
13,beta,54,none,1.0,1.0,sae,none,,29,0.3735338796955311,0.5874922584640793,0.3431530125097635,0.7713261648745519
40,beta,54,none,1.0,1.0,sae,none,,29,0.3263933149617083,0.6103526734926052,0.1972397324593659,0.9523717223927206
45,beta,54,none,1.0,1.0,sae,none,,30,0.3082296903931729,0.5001944984717976,0.2752784338148939,0.6016164994425864
16,beta,54,none,1.0,1.0,sae,none,,29,0.3390034118708518,0.575317368053941,0.2482682614323038,0.9198974220542584
32,beta,54,none,1.0,1.0,sae,none,,28,0.368563872578177,0.7113669667155119,0.3275465407680762,0.7967165314401623
24,beta,54,none,1.0,1.0,sae,none,,30,0.2932989802460513,0.4746084392850561,0.1646762392276722,0.9531072551039274
48,beta,54,none,1.0,1.0,sae,none,,29,0.4119225209481446,0.5297422111938241,0.3736205757558129,0.6616952930378917
20,beta,54,none,1.0,1.0,sae,none,,30,0.2947955081855644,0.5447857142857143,0.1584099430275348,0.9431062405182402
28,beta,54,none,1.0,1.0,sae,none,,30,0.3416837450542983,0.5190420159827426,0.2876610548414837,0.8107680389552899
44,beta,54,none,1.0,1.0,sae,none,,30,0.3402972429356634,0.6447545423564651,0.2492498527897559,0.9190798733286418
33,beta,54,none,1.0,1.0,sae,none,,29,0.3170450966726728,0.4782816863944673,0.1516218811392102,0.9607173618801526
21,beta,54,none,1.0,1.0,sae,none,,29,0.3045596930626762,0.5079458239277652,0.1785192764710116,0.9311080183173206
36,beta,54,none,1.0,1.0,sae,none,,29,0.3075362083780366,0.5370107323232323,0.2774882813075665,0.6902462052436633
49,beta,54,none,1.0,1.0,sae,none,,30,0.3744426797945667,0.7043457031249999,0.3073500911754711,0.8736429004815203
37,beta,54,none,1.0,1.0,sae,none,,29,0.3572473777517259,0.6241991433931543,0.2977304806600993,0.90425279040926
41,beta,54,none,1.0,1.0,sae,none,,29,0.2963008599142341,0.5683406754772393,0.2059404951667917,0.9001896408676069
25,beta,54,none,1.0,1.0,sae,none,,29,0.3815937688951064,0.3440102498398462,0.3657849288097108,0.9326375711574952
29,beta,54,none,1.0,1.0,sae,none,,30,0.3581173285483183,0.5908116649457117,0.3032123484065002,0.9165408078654348
40,beta,54,none,1.0,1.0,sae,none,,30,0.3265781499224688,0.5906131241981943,0.196779672310732,0.95263016206321
17,beta,54,none,1.0,1.0,sae,none,,29,0.3120387726757073,0.5016747967479676,0.2352707356046514,0.759291719414419
32,beta,54,none,1.0,1.0,sae,none,,29,0.3683156680312818,0.7095248063638266,0.3275538082363483,0.7948360378634213
48,beta,54,none,1.0,1.0,sae,none,,30,0.4160423628403759,0.5389440308795148,0.3779749485877982,0.577487872033565
16,beta,54,none,1.0,1.0,sae,none,,30,0.3347601998066496,0.5990606835619623,0.2262005545661209,0.9205074908894588
9,beta,54,none,1.0,1.0,sae,none,,30,0.3318644048324978,0.6055942622950821,0.2701758127316608,0.8482172201360773
13,beta,54,none,1.0,1.0,sae,none,,30,0.3785321069677946,0.572112407101569,0.3597948275797051,0.7662929916876382
36,beta,54,none,1.0,1.0,sae,none,,30,0.308877283531711,0.52572601010101,0.2859310571538762,0.6873774420800348
32,beta,54,none,1.0,1.0,sae,none,,30,0.3693356478169,0.6911869374084153,0.3266349748562092,0.8030764029749832
33,beta,54,none,1.0,1.0,sae,none,,30,0.317272143509516,0.5161058651416411,0.1534525428631197,0.9603636028054632
21,beta,54,none,1.0,1.0,sae,none,,30,0.304502271934233,0.5761173814898419,0.1804860139821425,0.9345312920894316
41,beta,54,none,1.0,1.0,sae,none,,30,0.297558437005588,0.5611747430249633,0.2052177045024962,0.8993599620718264
37,beta,54,none,1.0,1.0,sae,none,,30,0.3456205711287932,0.6450125659268697,0.254949042240161,0.900454733360893
25,beta,54,none,1.0,1.0,sae,none,,30,0.3603036326552149,0.5851217168481743,0.2974872549917306,0.9433111954459203
17,beta,54,none,1.0,1.0,sae,none,,30,0.31339680022366284,0.48530081300813005,0.23736691542051339,0.7612880189567306
