seed,model_type,n_samples,pre_revision,j_percentage,train_retention,baseline_embedding_type,pre_population_match,pre_population_match_version,mirt_dim,rmse_mirt,auc_mirt,val_rmse_mirt,val_auc_mirt
2,bernoulli,54,none,1.0,1.0,pca,none,,2,0.4102561828942387,0.4912083800972689,0.3026238024190395,0.9361538798964776
2,bernoulli,54,none,1.0,1.0,pca,none,,3,0.4000152503027092,0.5613102704605972,0.2653675374299333,0.9363074088695882
1,bernoulli,54,none,1.0,1.0,pca,none,,2,0.459090395106518,0.5461659376708584,0.4126712169193496,0.7813013363372424
5,bernoulli,54,none,1.0,1.0,pca,none,,2,0.4266757493368636,0.609380349195481,0.3748125959061968,0.808104765959172
3,bernoulli,54,none,1.0,1.0,pca,none,,2,0.4079045933478148,0.523590845926698,0.323819454615425,0.8850277553943952
2,bernoulli,54,none,1.0,1.0,pca,none,,4,0.4037645493534355,0.5621575229418366,0.2647303493184442,0.9326885116462694
1,bernoulli,54,none,1.0,1.0,pca,none,,3,0.4573359981358207,0.5605522143247677,0.4054962648673605,0.7620072549769008
5,bernoulli,54,none,1.0,1.0,pca,none,,3,0.4315568143510128,0.6113488531324889,0.3787436185431387,0.8266435565286139
3,bernoulli,54,none,1.0,1.0,pca,none,,3,0.4093809884485102,0.6055237102657633,0.3258682825393351,0.8900975915480347
2,bernoulli,54,none,1.0,1.0,pca,none,,5,0.4064994742928515,0.5631038049338704,0.2649556590266889,0.9393121902004652
1,bernoulli,54,none,1.0,1.0,pca,none,,4,0.4569664444582522,0.5489964917076726,0.3999811823710154,0.7621145374449338
0,bernoulli,54,none,1.0,1.0,pca,none,,2,0.4483860092640678,0.5727900167317345,0.3270159438844036,0.8878251369181853
5,bernoulli,54,none,1.0,1.0,pca,none,,4,0.4476161898918031,0.5881832705694396,0.390230131842195,0.8268969571651563
3,bernoulli,54,none,1.0,1.0,pca,none,,4,0.4130917451779426,0.5373675525447281,0.3269769817111992,0.8852739726027398
6,bernoulli,54,none,1.0,1.0,pca,none,,2,0.4487243751552133,0.5869104579630896,0.4241006212521828,0.8121715366827833
4,bernoulli,54,none,1.0,1.0,pca,none,,2,0.4354200820089239,0.6473564229723244,0.4056174966444357,0.8112832117357887
2,bernoulli,54,none,1.0,1.0,pca,none,,6,0.4083423650806694,0.5462687880988535,0.2640663304700046,0.937294380839584
1,bernoulli,54,none,1.0,1.0,pca,none,,5,0.4608506589648284,0.5459836887187899,0.4004264257289066,0.7612629828549206
0,bernoulli,54,none,1.0,1.0,pca,none,,3,0.4423807577797032,0.563957055214724,0.3271824263950819,0.8892958693429327
5,bernoulli,54,none,1.0,1.0,pca,none,,5,0.4334907581252774,0.5826010879074898,0.3753686324871078,0.792469946684506
6,bernoulli,54,none,1.0,1.0,pca,none,,3,0.4468476453825161,0.6085611756664387,0.4212880289757457,0.8023544250578096
3,bernoulli,54,none,1.0,1.0,pca,none,,5,0.41432924495574,0.5039951363557408,0.3410468564583372,0.8570261437908497
12,bernoulli,54,none,1.0,1.0,pca,none,,2,0.4013222439516776,0.5564645308924485,0.3197764819678921,0.8759138561280088
2,bernoulli,54,none,1.0,1.0,pca,none,,7,0.4099262319180239,0.5578222310248455,0.2663321618568412,0.9368776593411414
4,bernoulli,54,none,1.0,1.0,pca,none,,3,0.437050196482788,0.6456566949288114,0.4056049507723043,0.8023487183488744
1,bernoulli,54,none,1.0,1.0,pca,none,,6,0.4594880120754852,0.5611217422999818,0.4038040917363533,0.767223864985014
0,bernoulli,54,none,1.0,1.0,pca,none,,4,0.4448566110920425,0.6113915225878417,0.3243506749170372,0.884701581387531
3,bernoulli,54,none,1.0,1.0,pca,none,,6,0.425473793383745,0.5168273406287998,0.3325800231492311,0.8697734801683232
6,bernoulli,54,none,1.0,1.0,pca,none,,4,0.4467650865217963,0.61784005468216,0.4011490500549077,0.8043725036787892
5,bernoulli,54,none,1.0,1.0,pca,none,,6,0.4429836950186235,0.5632774164099053,0.3740342937915814,0.8204808530479029
2,bernoulli,54,none,1.0,1.0,pca,none,,8,0.4122183596878338,0.5524636341629806,0.2640960530966175,0.9336096854849324
4,bernoulli,54,none,1.0,1.0,pca,none,,4,0.4426524706732029,0.5970444728843386,0.416969530977554,0.8029729624283094
12,bernoulli,54,none,1.0,1.0,pca,none,,3,0.4052624252845448,0.5633540372670807,0.3161119222390816,0.8735947306710807
1,bernoulli,54,none,1.0,1.0,pca,none,,7,0.4630861473002576,0.5443035811919081,0.4024608774896944,0.7634019270613321
3,bernoulli,54,none,1.0,1.0,pca,none,,7,0.424952356388791,0.531754820218864,0.3295658583214025,0.8868072343092489
6,bernoulli,54,none,1.0,1.0,pca,none,,5,0.4486876956117243,0.6046308954203691,0.4119266991013211,0.7943031322261929
0,bernoulli,54,none,1.0,1.0,pca,none,,5,0.4461602624054271,0.5729643056330173,0.3211161487312797,0.8913128738111579
5,bernoulli,54,none,1.0,1.0,pca,none,,7,0.4367817875878668,0.5830575525885352,0.3766221288108836,0.789403798982343
8,bernoulli,54,none,1.0,1.0,pca,none,,2,0.432760365647938,0.5670074606244819,0.3735366522067164,0.8264135551127668
2,bernoulli,54,none,1.0,1.0,pca,none,,9,0.422977490428161,0.5078233313527432,0.2718410070587674,0.936559635039698
4,bernoulli,54,none,1.0,1.0,pca,none,,5,0.4385754616039591,0.639897616381379,0.4121288276890312,0.8090300807615778
12,bernoulli,54,none,1.0,1.0,pca,none,,4,0.4076161887682609,0.5565871199738477,0.3128608884741929,0.8672667080488312
1,bernoulli,54,none,1.0,1.0,pca,none,,8,0.4617667416902518,0.5530970931292145,0.4037203894229841,0.760471774653176
3,bernoulli,54,none,1.0,1.0,pca,none,,8,0.420876805574936,0.5231240229286087,0.327461980622141,0.8745411406571761
6,bernoulli,54,none,1.0,1.0,pca,none,,6,0.4482982326201284,0.6394224196855776,0.4082047859413633,0.797561488332983
5,bernoulli,54,none,1.0,1.0,pca,none,,8,0.4406980386354943,0.5808322872684393,0.3739702670000518,0.8175211336130876
0,bernoulli,54,none,1.0,1.0,pca,none,,6,0.4463976638176504,0.604510596765198,0.3220355050344012,0.8935399829114898
8,bernoulli,54,none,1.0,1.0,pca,none,,3,0.4335767553624638,0.5812905432966223,0.3674564999506782,0.8320194057004244
2,bernoulli,54,none,1.0,1.0,pca,none,,10,0.4129503717565612,0.5773750577672145,0.2655166938107868,0.9336096854849322
12,bernoulli,54,none,1.0,1.0,pca,none,,5,0.4099287219427215,0.5853710362863681,0.3155913750517303,0.869947927443272
4,bernoulli,54,none,1.0,1.0,pca,none,,6,0.4436768726753225,0.6534354503279476,0.4195986546191201,0.8046896336467558
1,bernoulli,54,none,1.0,1.0,pca,none,,9,0.4645118810963528,0.5317568798979406,0.4004338683059977,0.7626241291680916
3,bernoulli,54,none,1.0,1.0,pca,none,,9,0.4277661803801004,0.4991423484453707,0.3330114593753641,0.8840428865610171
6,bernoulli,54,none,1.0,1.0,pca,none,,7,0.4493968113154142,0.6287252221462747,0.4104640169310058,0.8020811435778853
14,bernoulli,54,none,1.0,1.0,pca,none,,2,0.3925171989876155,0.5641771019677997,0.232977587457434,0.9335057303807304
5,bernoulli,54,none,1.0,1.0,pca,none,,9,0.4386757311222642,0.589752367910533,0.3756685655055647,0.8194469784508098
0,bernoulli,54,none,1.0,1.0,pca,none,,7,0.4479694242974626,0.5896751254880089,0.3214181333504615,0.8973358732648858
8,bernoulli,54,none,1.0,1.0,pca,none,,4,0.4292544870736374,0.5826984565586389,0.3613861449801515,0.8391449363250455
2,bernoulli,54,none,1.0,1.0,pca,none,,11,0.4180700767550214,0.499350806540349,0.2680517168310979,0.9338509452998202
12,bernoulli,54,none,1.0,1.0,pca,none,,6,0.4145864015334699,0.5766672115070285,0.3193877175256958,0.8699910338644045
4,bernoulli,54,none,1.0,1.0,pca,none,,7,0.4423162144937145,0.6386778115501519,0.402898480107794,0.7973352580859115
21,bernoulli,54,none,1.0,1.0,pca,none,,2,0.4097186342538462,0.5655643340857788,0.2869027360792985,0.9098051539912004
27,bernoulli,54,none,1.0,1.0,pca,none,,2,0.4279101981491603,0.5656087187113279,0.350889589787784,0.8470290771175727
1,bernoulli,54,none,1.0,1.0,pca,none,,10,0.4606539452152706,0.5618051758702387,0.4017549854970972,0.7611087643071229
3,bernoulli,54,none,1.0,1.0,pca,none,,10,0.428458693555407,0.5097490012159109,0.3328309582351088,0.8827446503715641
6,bernoulli,54,none,1.0,1.0,pca,none,,8,0.450855276154927,0.6077238550922761,0.4165632914416156,0.8006096279167543
14,bernoulli,54,none,1.0,1.0,pca,none,,3,0.4150605140079041,0.5567730073544027,0.3074273992330517,0.9386412198912198
38,bernoulli,54,none,1.0,1.0,pca,none,,2,0.4296925457744844,0.5849187869150385,0.2032694028206696,0.9705348415025834
5,bernoulli,54,none,1.0,1.0,pca,none,,10,0.4469702632440772,0.584598120887063,0.3758985165926237,0.8105374120699791
46,bernoulli,54,none,1.0,1.0,pca,none,,2,0.4366595506209598,0.6054664517944389,0.3204656560442517,0.8945827447134
0,bernoulli,54,none,1.0,1.0,pca,none,,8,0.448370339684452,0.5680145008365867,0.3257115250581912,0.8928606446010113
30,bernoulli,54,none,1.0,1.0,pca,none,,2,0.4231213068272667,0.6068345323741007,0.3568298564824947,0.836056831878447
8,bernoulli,54,none,1.0,1.0,pca,none,,5,0.4365530665367601,0.5677574704930328,0.3647091194419505,0.8477865372953305
2,bernoulli,54,none,1.0,1.0,pca,none,,12,0.4181039359826906,0.4916815210932858,0.2669170873987806,0.9337961135237092
37,bernoulli,54,none,1.0,1.0,pca,none,,2,0.415724925885626,0.6105447594775407,0.3165460677932878,0.9102211657709798
12,bernoulli,54,none,1.0,1.0,pca,none,,7,0.4154798971447496,0.5652664269369075,0.3201087559537478,0.8810866266639078
4,bernoulli,54,none,1.0,1.0,pca,none,,8,0.441678849163223,0.6019436890097584,0.4089715833585468,0.8048847099215793
43,bernoulli,54,none,1.0,1.0,pca,none,,2,0.4262629942157871,0.5429990512863441,0.3136721681092295,0.888117336223833
27,bernoulli,54,none,1.0,1.0,pca,none,,3,0.4339581925454036,0.5551158993770864,0.3467009309519341,0.836231467647397
7,bernoulli,54,none,1.0,1.0,pca,none,,2,0.4158498586009772,0.573314525462963,0.3178779495835949,0.8803556281109458
21,bernoulli,54,none,1.0,1.0,pca,none,,3,0.419093783730672,0.5302934537246049,0.3095703004662544,0.9170333123821496
28,bernoulli,54,none,1.0,1.0,pca,none,,2,0.4508847896199513,0.5482080698141883,0.3870440569450059,0.7864846170872068
1,bernoulli,54,none,1.0,1.0,pca,none,,11,0.4579418761204488,0.5462342810278841,0.4014846741184739,0.7577025459470695
3,bernoulli,54,none,1.0,1.0,pca,none,,11,0.4323824898169504,0.5156765676567657,0.3356132605966351,0.8839085862655565
13,bernoulli,54,none,1.0,1.0,pca,none,,2,0.4303546408115278,0.6154133980181667,0.3995606915752098,0.7603446961031037
6,bernoulli,54,none,1.0,1.0,pca,none,,9,0.4507783602088052,0.6495557074504443,0.4106400134623938,0.8008723985705276
14,bernoulli,54,none,1.0,1.0,pca,none,,4,0.415763348663887,0.4799741602067183,0.2958047926370397,0.9519837801087802
32,bernoulli,54,none,1.0,1.0,pca,none,,2,0.4182309549308477,0.7091270671969855,0.4180327749681486,0.7970968559837729
38,bernoulli,54,none,1.0,1.0,pca,none,,3,0.4246728802228394,0.5709336665152204,0.2020666906215471,0.9702322766838896
5,bernoulli,54,none,1.0,1.0,pca,none,,11,0.4435475995981099,0.6131747118566702,0.388422171734505,0.8226094183948589
45,bernoulli,54,none,1.0,1.0,pca,none,,2,0.4775129283782579,0.5204779105307029,0.4708383611253092,0.6311594202898552
46,bernoulli,54,none,1.0,1.0,pca,none,,3,0.4331497806214296,0.610006906607321,0.3193404054474982,0.876993683162664
30,bernoulli,54,none,1.0,1.0,pca,none,,3,0.4249074351260606,0.5640287769784172,0.3538721299723747,0.8412578983892764
19,bernoulli,54,none,1.0,1.0,pca,none,,2,0.4064296361932974,0.6210837595907928,0.3434345683804903,0.8473117330272799
0,bernoulli,54,none,1.0,1.0,pca,none,,9,0.4470571340182617,0.6085680423870607,0.3232246809076597,0.8936660456907539
47,bernoulli,54,none,1.0,1.0,pca,none,,2,0.4207687886316175,0.5921557317952415,0.3590323016662362,0.8547905456799165
8,bernoulli,54,none,1.0,1.0,pca,none,,6,0.4377572631571065,0.5797181541862393,0.3649617161661338,0.8392207398423287
2,bernoulli,54,none,1.0,1.0,pca,none,,13,0.4175666764690966,0.5360797517660263,0.2671202061775913,0.9377549677589158
25,bernoulli,54,none,1.0,1.0,pca,none,,2,0.408146959301147,0.5168962203715568,0.2265528150658879,0.9510436432637572
37,bernoulli,54,none,1.0,1.0,pca,none,,3,0.4174538944107506,0.6092173728363598,0.3139895107611445,0.9092496899545266
12,bernoulli,54,none,1.0,1.0,pca,none,,8,0.4194242145524381,0.5557698594311866,0.3225205424700718,0.8722239464790675
22,bernoulli,54,none,1.0,1.0,pca,none,,2,0.4483884186418398,0.5572604652872212,0.3836204604970682,0.8070987654320987
15,bernoulli,54,none,1.0,1.0,pca,none,,2,0.4165812663138756,0.5830505447401322,0.2085197488913678,0.9726696480653316
43,bernoulli,54,none,1.0,1.0,pca,none,,3,0.4291143930259357,0.5313633573302081,0.3155793817998182,0.8792256622180069
4,bernoulli,54,none,1.0,1.0,pca,none,,9,0.4440710598726635,0.6392777155655096,0.4046786988527477,0.7972377199484999
27,bernoulli,54,none,1.0,1.0,pca,none,,4,0.4355960356334028,0.5584228533397115,0.3515026783379898,0.8525054591426273
7,bernoulli,54,none,1.0,1.0,pca,none,,3,0.4162970473075046,0.5623119212962963,0.314213655640114,0.886701557273411
11,bernoulli,54,none,1.0,1.0,pca,none,,2,0.4120284990979028,0.5956876186050114,0.3269895139108019,0.8912062116287468
21,bernoulli,54,none,1.0,1.0,pca,none,,4,0.4181805190046865,0.5749322799097065,0.2881615361737303,0.9131274131274132
28,bernoulli,54,none,1.0,1.0,pca,none,,3,0.4469581613321911,0.579251850762367,0.3855894534824398,0.7961930057547588
3,bernoulli,54,none,1.0,1.0,pca,none,,12,0.4308894080366777,0.5302457877366684,0.3340085115690203,0.886001432536485
1,bernoulli,54,none,1.0,1.0,pca,none,,12,0.4620368423355681,0.5540083378895571,0.4000795225727243,0.7818176332146523
13,bernoulli,54,none,1.0,1.0,pca,none,,3,0.4432694432135406,0.599556151940545,0.3996872282586505,0.7214977503241058
24,bernoulli,54,none,1.0,1.0,pca,none,,2,0.4445060320574701,0.4431914501566242,0.2899208984111845,0.9360457438660432
39,bernoulli,54,none,1.0,1.0,pca,none,,2,0.4200516433697749,0.58871158392435,0.364247646650149,0.8042332232227702
34,bernoulli,54,none,1.0,1.0,pca,none,,2,0.4264084981633319,0.6455705432008749,0.3285610163079908,0.9275948770330794
6,bernoulli,54,none,1.0,1.0,pca,none,,10,0.4509151603626807,0.6515550239234449,0.4098141469673641,0.7908555812486862
14,bernoulli,54,none,1.0,1.0,pca,none,,5,0.4388739775067454,0.5080500894454383,0.3626507445660801,0.93654695998446
17,bernoulli,54,none,1.0,1.0,pca,none,,2,0.4136536757200387,0.5234634146341464,0.3898331436212759,0.7247054240919271
36,bernoulli,54,none,1.0,1.0,pca,none,,2,0.4448382043576571,0.5558712121212122,0.4182636610970652,0.6826022223836155
32,bernoulli,54,none,1.0,1.0,pca,none,,3,0.4216387405056531,0.6840904333263554,0.4126598424152086,0.7948149087221097
38,bernoulli,54,none,1.0,1.0,pca,none,,4,0.4320568132339424,0.5805173784643345,0.2064846578762788,0.9720631817406012
5,bernoulli,54,none,1.0,1.0,pca,none,,12,0.4493923846822766,0.579691125565826,0.3759185548100838,0.8207900018244846
46,bernoulli,54,none,1.0,1.0,pca,none,,4,0.4343472883592364,0.6178727649451309,0.3191098453989144,0.8927016008022309
19,bernoulli,54,none,1.0,1.0,pca,none,,3,0.4094997601735457,0.6137148337595909,0.3428153096677661,0.8499161296018363
47,bernoulli,54,none,1.0,1.0,pca,none,,3,0.4344768809488054,0.5499495313626532,0.3701716360337992,0.8570724286559427
30,bernoulli,54,none,1.0,1.0,pca,none,,4,0.4262535730195405,0.5810763154182537,0.3549565827992645,0.8470433543957048
45,bernoulli,54,none,1.0,1.0,pca,none,,3,0.4929772353613331,0.4917477076965824,0.4908713044449286,0.654891304347826
0,bernoulli,54,none,1.0,1.0,pca,none,,10,0.4472700393658813,0.5903165086447295,0.3222461463358946,0.8905705041110473
2,bernoulli,54,none,1.0,1.0,pca,none,,14,0.4185281379314558,0.5214453907264365,0.2662738560569,0.9351559415712596
41,bernoulli,54,none,1.0,1.0,pca,none,,2,0.3896910756428144,0.5714831130690161,0.3050491680709156,0.895590849828138
33,bernoulli,54,none,1.0,1.0,pca,none,,2,0.4296689809796548,0.5503391408431972,0.2612064528789813,0.9363541282145932
8,bernoulli,54,none,1.0,1.0,pca,none,,7,0.4398432377597137,0.5836787326149028,0.3668045522518095,0.8284746888446101
25,bernoulli,54,none,1.0,1.0,pca,none,,3,0.4110157815903563,0.5169762972453555,0.2270084054431549,0.93719165085389
37,bernoulli,54,none,1.0,1.0,pca,none,,4,0.4197719927485305,0.6024034547449648,0.3168501859651428,0.9091360066143034
22,bernoulli,54,none,1.0,1.0,pca,none,,3,0.4480767038089144,0.560249672289806,0.3833521134330334,0.8016203703703704
15,bernoulli,54,none,1.0,1.0,pca,none,,3,0.4203161473452778,0.5939602309936298,0.2159366466737219,0.9703986000388878
12,bernoulli,54,none,1.0,1.0,pca,none,,9,0.4181114737428319,0.5704968944099379,0.3192082187597775,0.8725860404165804
43,bernoulli,54,none,1.0,1.0,pca,none,,4,0.4323123693296404,0.4876388191305318,0.3191596895124257,0.8843574283585123
7,bernoulli,54,none,1.0,1.0,pca,none,,4,0.4192780105102884,0.5621961805555555,0.3135160023249492,0.888406075446936
27,bernoulli,54,none,1.0,1.0,pca,none,,5,0.4340621033976358,0.5647507825417789,0.3423565233738675,0.8476669348350765
11,bernoulli,54,none,1.0,1.0,pca,none,,3,0.417808323670245,0.5939254870067001,0.3234711495923066,0.8998397435897437
4,bernoulli,54,none,1.0,1.0,pca,none,,10,0.4484133092489542,0.6405175171972485,0.4125103739676655,0.8012953064648277
18,bernoulli,54,none,1.0,1.0,pca,none,,2,0.3972190852178438,0.5874931280923584,0.2759478457575347,0.9366901209308516
3,bernoulli,54,none,1.0,1.0,pca,none,,13,0.4332350200610164,0.5550416883793642,0.3339676880711181,0.8762534694242994
28,bernoulli,54,none,1.0,1.0,pca,none,,4,0.4493330271116839,0.5563220081384517,0.3840124630283908,0.795421093404161
21,bernoulli,54,none,1.0,1.0,pca,none,,5,0.4198404632428349,0.5600902934537246,0.2855132102690924,0.919895393732603
1,bernoulli,54,none,1.0,1.0,pca,none,,13,0.4651861452459381,0.5411711773282304,0.3978632360140017,0.7642937125768577
13,bernoulli,54,none,1.0,1.0,pca,none,,4,0.4382308917430634,0.5785894921552436,0.4064555931715869,0.7679402120033554
39,bernoulli,54,none,1.0,1.0,pca,none,,3,0.4222491865460797,0.6109830575256108,0.3614934388445094,0.8383863523236346
34,bernoulli,54,none,1.0,1.0,pca,none,,3,0.4266415225880319,0.6142544659132337,0.3051079636560342,0.9316021057594092
24,bernoulli,54,none,1.0,1.0,pca,none,,3,0.4440921156401326,0.4934678459554081,0.2685635929365071,0.9354250851755012
6,bernoulli,54,none,1.0,1.0,pca,none,,11,0.4515878485458414,0.6402597402597403,0.4107785544845694,0.7987387008618877
14,bernoulli,54,none,1.0,1.0,pca,none,,6,0.4265869287335726,0.5182245080500895,0.3196997713435396,0.945027195027195
31,bernoulli,54,none,1.0,1.0,pca,none,,2,0.420817869755252,0.5814492216456635,0.3502827664397868,0.8600197677291821
17,bernoulli,54,none,1.0,1.0,pca,none,,3,0.4148979755026742,0.5076260162601626,0.3875158552802283,0.7136202811049438
36,bernoulli,54,none,1.0,1.0,pca,none,,3,0.445794213070068,0.5392203282828283,0.4169195857933572,0.6873411286222674
16,bernoulli,54,none,1.0,1.0,pca,none,,2,0.4363290580117983,0.539386189258312,0.2902464205679705,0.933367525981914
38,bernoulli,54,none,1.0,1.0,pca,none,,5,0.4276101267217675,0.559419014084507,0.2049100005054003,0.9717218265605362
46,bernoulli,54,none,1.0,1.0,pca,none,,5,0.4371332266046804,0.5879569232343387,0.3204040861615709,0.8786845167948821
19,bernoulli,54,none,1.0,1.0,pca,none,,4,0.4134687449095083,0.6272218670076726,0.3441270256169926,0.8425443630263971
32,bernoulli,54,none,1.0,1.0,pca,none,,4,0.4603368110219222,0.6656478961691438,0.4479399017103533,0.7676639621365787
47,bernoulli,54,none,1.0,1.0,pca,none,,4,0.4242400000713754,0.5743619322278298,0.3560002932533921,0.8600867678958786
5,bernoulli,54,none,1.0,1.0,pca,none,,13,0.4413062463416421,0.5911693103579444,0.3806903366173575,0.815210119807821
30,bernoulli,54,none,1.0,1.0,pca,none,,5,0.4268359848110409,0.5577443927211172,0.3549342486109517,0.8327185068848386
45,bernoulli,54,none,1.0,1.0,pca,none,,4,0.4270906699721212,0.5217560433453738,0.4087069199692837,0.5620122630992196
2,bernoulli,54,none,1.0,1.0,pca,none,,15,0.4287321393933342,0.5564798309896349,0.2704632718982093,0.9357810238189236
0,bernoulli,54,none,1.0,1.0,pca,none,,11,0.4496081281788869,0.585143614054657,0.3237386734096814,0.8864454498340173
33,bernoulli,54,none,1.0,1.0,pca,none,,3,0.4275481458790806,0.5802899321718313,0.2900116005172253,0.9405377137935278
41,bernoulli,54,none,1.0,1.0,pca,none,,3,0.4020976082173564,0.5710132158590309,0.3071006313099175,0.8980561811070286
8,bernoulli,54,none,1.0,1.0,pca,none,,8,0.4398865152170481,0.5681061592915696,0.3635975271044361,0.8344739957838805
25,bernoulli,54,none,1.0,1.0,pca,none,,4,0.4121344138398832,0.5309897501601537,0.229217543517554,0.9334914611005692
15,bernoulli,54,none,1.0,1.0,pca,none,,4,0.4227421114539175,0.5355569446925046,0.2146742151833761,0.973836282325491
42,bernoulli,54,none,1.0,1.0,pca,none,,2,0.4086610516176147,0.5432754640609683,0.3428052903723861,0.8385891783567134
43,bernoulli,54,none,1.0,1.0,pca,none,,5,0.4344960352823209,0.4768402254590099,0.3165601309059719,0.887406002303367
22,bernoulli,54,none,1.0,1.0,pca,none,,4,0.4509270238948196,0.5565009126882037,0.3867905482678344,0.7847432659932659
7,bernoulli,54,none,1.0,1.0,pca,none,,5,0.423678622268559,0.5656177662037036,0.3144302478311095,0.8796114018661673
37,bernoulli,54,none,1.0,1.0,pca,none,,5,0.4276554261249471,0.6052706098899154,0.3211769557728238,0.9110376188507648
27,bernoulli,54,none,1.0,1.0,pca,none,,6,0.4341756678921558,0.561199446761161,0.3424701381285895,0.8609700034478796
12,bernoulli,54,none,1.0,1.0,pca,none,,10,0.4211372706866653,0.5869565217391305,0.3205119070550544,0.8699867232222911
4,bernoulli,54,none,1.0,1.0,pca,none,,11,0.4450013428839234,0.6076227803551432,0.4055381186356964,0.7796320861456829
11,bernoulli,54,none,1.0,1.0,pca,none,,4,0.4216539368887953,0.6042755896363425,0.3405934537926011,0.8930796316359697
18,bernoulli,54,none,1.0,1.0,pca,none,,3,0.4014684359149205,0.5901960784313726,0.2836096903627034,0.9294043282266248
3,bernoulli,54,none,1.0,1.0,pca,none,,14,0.4350066319869909,0.4762028834462393,0.3328136985828863,0.8862588414361178
28,bernoulli,54,none,1.0,1.0,pca,none,,5,0.4507355004008046,0.5688728734617836,0.3840210967874845,0.7946104471004869
1,bernoulli,54,none,1.0,1.0,pca,none,,14,0.4717766324517414,0.5738506925460178,0.4201065189810584,0.7755181407948288
21,bernoulli,54,none,1.0,1.0,pca,none,,6,0.4248278907489857,0.5737697516930023,0.295427772690286,0.9120835952231302
34,bernoulli,54,none,1.0,1.0,pca,none,,4,0.4242488688811833,0.676248632883704,0.3010404881560985,0.932554804745816
39,bernoulli,54,none,1.0,1.0,pca,none,,4,0.4246014689926344,0.5681836091410559,0.3570682464730135,0.8362256210688266
13,bernoulli,54,none,1.0,1.0,pca,none,,5,0.4404727043577883,0.6036849710982659,0.3996713457876927,0.730572714100511
6,bernoulli,54,none,1.0,1.0,pca,none,,12,0.4587991868449241,0.6633458646616541,0.3989611531781308,0.800630649569056
24,bernoulli,54,none,1.0,1.0,pca,none,,4,0.4446152867427068,0.4647503224617653,0.2585970184027424,0.9354647016876634
14,bernoulli,54,none,1.0,1.0,pca,none,,7,0.4164213789719754,0.4817382230172928,0.2659856647755311,0.9421377233877234
31,bernoulli,54,none,1.0,1.0,pca,none,,3,0.4254739159625207,0.6183901655547319,0.3528372964009517,0.8331068281031216
38,bernoulli,54,none,1.0,1.0,pca,none,,6,0.4299723114757811,0.5909245797364834,0.2053256403116135,0.9716520039100685
17,bernoulli,54,none,1.0,1.0,pca,none,,4,0.4224492156527256,0.4995121951219512,0.3974142961058756,0.7471353913071705
36,bernoulli,54,none,1.0,1.0,pca,none,,4,0.4474520731946671,0.537365845959596,0.41717809245043,0.6772096739051492
47,bernoulli,54,none,1.0,1.0,pca,none,,5,0.4255357261893487,0.580447007930786,0.3609927915358001,0.8570301715637941
19,bernoulli,54,none,1.0,1.0,pca,none,,5,0.4142777225470532,0.633871483375959,0.3446188696342652,0.8163532562314234
46,bernoulli,54,none,1.0,1.0,pca,none,,6,0.4366153901814832,0.6110301076919141,0.3181322844145345,0.8812427261215496
16,bernoulli,54,none,1.0,1.0,pca,none,,3,0.4389522325785516,0.5572936526389212,0.2911893850700702,0.930387366716156
32,bernoulli,54,none,1.0,1.0,pca,none,,5,0.458565849872201,0.6783755495080594,0.4425269054325916,0.7743302062204193
5,bernoulli,54,none,1.0,1.0,pca,none,,14,0.4480419667514725,0.5793773060976073,0.3755182618870126,0.8159703217174482
30,bernoulli,54,none,1.0,1.0,pca,none,,6,0.4348129452353135,0.5722457328255044,0.3665372081724077,0.8374958910113591
2,bernoulli,54,none,1.0,1.0,pca,none,,16,0.4197468770020607,0.5294557778217909,0.2656786668081282,0.9342676667982628
45,bernoulli,54,none,1.0,1.0,pca,none,,5,0.4225790542081722,0.5456793553764935,0.4031762149717501,0.5647993311036789
0,bernoulli,54,none,1.0,1.0,pca,none,,12,0.4501304993551732,0.581664807585053,0.3209697795001264,0.8966845489053549
33,bernoulli,54,none,1.0,1.0,pca,none,,4,0.4270494280902073,0.549873653411358,0.269957633624078,0.9405838562815306
41,bernoulli,54,none,1.0,1.0,pca,none,,4,0.3981022639946378,0.5712334801762113,0.3043273974133442,0.8963612658527913
8,bernoulli,54,none,1.0,1.0,pca,none,,9,0.4425831355916461,0.5528362215292306,0.3664874241103769,0.8194576799792083
15,bernoulli,54,none,1.0,1.0,pca,none,,5,0.4244247666899323,0.5591623504197178,0.2107657333668988,0.9735562901030528
25,bernoulli,54,none,1.0,1.0,pca,none,,5,0.4970236645826961,0.4801409352978859,0.4947889394852285,0.9208965844402276
42,bernoulli,54,none,1.0,1.0,pca,none,,3,0.4079747085691335,0.5305790089491825,0.3465550695677042,0.830188376753507
43,bernoulli,54,none,1.0,1.0,pca,none,,6,0.436128441890781,0.4955773201629555,0.3209795286931258,0.885602262719328
7,bernoulli,54,none,1.0,1.0,pca,none,,6,0.421129344787559,0.5534288194444444,0.3159957153310501,0.8728893583649429
22,bernoulli,54,none,1.0,1.0,pca,none,,5,0.4499322283892097,0.5535055802614331,0.3866284582906542,0.8076529180695847
27,bernoulli,54,none,1.0,1.0,pca,none,,7,0.4345053806443673,0.5540135813895447,0.342201570979274,0.856467647396851
37,bernoulli,54,none,1.0,1.0,pca,none,,6,0.4230284464054856,0.6033768716151641,0.3183731473974418,0.907627118644068
12,bernoulli,54,none,1.0,1.0,pca,none,,11,0.4210317803187496,0.5541026479241582,0.3220442734203704,0.8761897372232568
18,bernoulli,54,none,1.0,1.0,pca,none,,4,0.4055239902565841,0.5882444566611691,0.284098059607596,0.9273500008317114
48,bernoulli,54,none,1.0,1.0,pca,none,,2,0.461469730928197,0.5252963881996141,0.4480537899584563,0.6317359381145928
11,bernoulli,54,none,1.0,1.0,pca,none,,5,0.4234789275564377,0.6014097052786491,0.3306279766042517,0.8966684723726976
4,bernoulli,54,none,1.0,1.0,pca,none,,12,0.448845749949718,0.6481362981922891,0.4123186240106452,0.806503843002614
3,bernoulli,54,none,1.0,1.0,pca,none,,15,0.4310332638213581,0.5262940767760986,0.3348883947888099,0.8870086847524398
10,bernoulli,54,none,1.0,1.0,pca,none,,2,0.4154613007576683,0.5880708484675345,0.3323305912398911,0.909757029988956
35,bernoulli,54,none,1.0,1.0,pca,none,,2,0.4237016058325301,0.5638561352500941,0.3207504372307584,0.8891769547325102
29,bernoulli,54,none,1.0,1.0,pca,none,,2,0.4295787673705075,0.6189101661503802,0.352801133066475,0.896518153281213
34,bernoulli,54,none,1.0,1.0,pca,none,,5,0.4267005270912002,0.6265402843601896,0.3071842477302263,0.9315137110080932
1,bernoulli,54,none,1.0,1.0,pca,none,,15,0.4597814416230958,0.543335383634044,0.3980060185811233,0.7631672466625095
39,bernoulli,54,none,1.0,1.0,pca,none,,5,0.4262447634008927,0.6066981875492514,0.3625842144583608,0.8380017195348205
28,bernoulli,54,none,1.0,1.0,pca,none,,6,0.4519601846075993,0.5482521939500907,0.3845827859121761,0.7945053120849934
21,bernoulli,54,none,1.0,1.0,pca,none,,7,0.4196600874230314,0.5585327313769752,0.2857418188065336,0.917504714016342
14,bernoulli,54,none,1.0,1.0,pca,none,,8,0.4255512036053849,0.4888938580799045,0.3028878468997844,0.9463323135198136
6,bernoulli,54,none,1.0,1.0,pca,none,,13,0.4568277378659292,0.6409261790840739,0.4139273620900718,0.8048349800294304
26,bernoulli,54,none,1.0,1.0,pca,none,,2,0.4415891487843439,0.5672262773722627,0.2876463818035937,0.9297649572649572
13,bernoulli,54,none,1.0,1.0,pca,none,,6,0.4470681833305671,0.5981368703550785,0.4000790383809529,0.7193090825897963
24,bernoulli,54,none,1.0,1.0,pca,none,,5,0.4453003864983115,0.5149161599410356,0.2455592254120327,0.9332197659984682
31,bernoulli,54,none,1.0,1.0,pca,none,,4,0.4268295786417022,0.6066427806605716,0.3519944398532984,0.8400512725475661
49,bernoulli,54,none,1.0,1.0,pca,none,,2,0.4423023007456592,0.6398111979166667,0.3703273890918411,0.8568865135613132
47,bernoulli,54,none,1.0,1.0,pca,none,,6,0.4360391546153639,0.5928911319394377,0.3640575727857902,0.8604389103304505
19,bernoulli,54,none,1.0,1.0,pca,none,,6,0.4161186627942203,0.6274136828644501,0.3443500526724518,0.8436920632117948
38,bernoulli,54,none,1.0,1.0,pca,none,,7,0.4303382973566867,0.5782598818718765,0.2020950799818326,0.971985601017859
9,bernoulli,54,none,1.0,1.0,pca,none,,2,0.4333771860723866,0.6193237704918033,0.3833649794155481,0.8361408882082696
20,bernoulli,54,none,1.0,1.0,pca,none,,2,0.4147855455619737,0.5492797619047619,0.2751663728852401,0.9326659027915584
36,bernoulli,54,none,1.0,1.0,pca,none,,5,0.4513826084515152,0.5622238005050505,0.420793170554707,0.6814765051928245
46,bernoulli,54,none,1.0,1.0,pca,none,,7,0.4379162851483794,0.5965518123449212,0.3191467331263244,0.8928699522028415
17,bernoulli,54,none,1.0,1.0,pca,none,,5,0.4217300695912072,0.5047317073170732,0.391277017026205,0.7162170935177069
16,bernoulli,54,none,1.0,1.0,pca,none,,4,0.437092642510734,0.5490165077888863,0.2891699359326055,0.9333891213389122
32,bernoulli,54,none,1.0,1.0,pca,none,,6,0.4268298404761211,0.676763659200335,0.4110135338067877,0.7958924949290062
30,bernoulli,54,none,1.0,1.0,pca,none,,7,0.4367231385858414,0.5770066299901256,0.3599817088897804,0.8359436064136746
2,bernoulli,54,none,1.0,1.0,pca,none,,17,0.4272681181544225,0.5700248674104883,0.2678183430999074,0.9363951397113656
5,bernoulli,54,none,1.0,1.0,pca,none,,15,0.4482752968521501,0.5891437483358059,0.3766756963948626,0.7967828255184578
45,bernoulli,54,none,1.0,1.0,pca,none,,6,0.4507578316461474,0.4966101694915255,0.4328729463363872,0.6275780379041248
0,bernoulli,54,none,1.0,1.0,pca,none,,13,0.4554517791884159,0.563036809815951,0.3206335064203896,0.8913618982253163
41,bernoulli,54,none,1.0,1.0,pca,none,,5,0.3963551804090545,0.5550513950073421,0.3102193340650701,0.893113665995022
15,bernoulli,54,none,1.0,1.0,pca,none,,6,0.4219629054850947,0.592858843841162,0.2140746395121636,0.9748629204744312
33,bernoulli,54,none,1.0,1.0,pca,none,,5,0.4339957221167546,0.5968612847453119,0.2687504696287443,0.9442137320044296
43,bernoulli,54,none,1.0,1.0,pca,none,,7,0.4335791267472254,0.5013533121267928,0.3185382761607455,0.8822657679019036
7,bernoulli,54,none,1.0,1.0,pca,none,,7,0.4226930774995909,0.5526403356481482,0.31430982795819,0.8857332629119251
27,bernoulli,54,none,1.0,1.0,pca,none,,8,0.4403509674433709,0.5674961782843356,0.3430260165116697,0.8590535570624067
25,bernoulli,54,none,1.0,1.0,pca,none,,6,0.4447647540715312,0.4611627162075593,0.3506241248964755,0.9558823529411764
42,bernoulli,54,none,1.0,1.0,pca,none,,4,0.4132644592220252,0.5286025993738734,0.3472721893067734,0.8331703406813628
8,bernoulli,54,none,1.0,1.0,pca,none,,10,0.4411212203430585,0.537579441834761,0.3627568839239593,0.8429206734240089
22,bernoulli,54,none,1.0,1.0,pca,none,,6,0.454396338820987,0.5447584745243608,0.3827373664460288,0.7880471380471381
23,bernoulli,54,none,1.0,1.0,pca,none,,2,0.4188227085075658,0.5096119295724039,0.2835138655035314,0.9293020081725047
37,bernoulli,54,none,1.0,1.0,pca,none,,7,0.4232839087610116,0.6280485646525786,0.317247379457489,0.9110066143034312
18,bernoulli,54,none,1.0,1.0,pca,none,,5,0.4050954220940404,0.5732270478284771,0.2789456085942834,0.9318994627143736
11,bernoulli,54,none,1.0,1.0,pca,none,,6,0.4231185774829899,0.5945741838038805,0.3278861652549971,0.8922332069339112
3,bernoulli,54,none,1.0,1.0,pca,none,,16,0.427160670868827,0.5451624109779399,0.330670654447477,0.8856992568716985
48,bernoulli,54,none,1.0,1.0,pca,none,,3,0.4576393874250419,0.519403087951475,0.4445990485596011,0.6313262095188148
40,bernoulli,54,none,1.0,1.0,pca,none,,2,0.4260761219850359,0.5745346501101348,0.276466836925505,0.9512464329941314
12,bernoulli,54,none,1.0,1.0,pca,none,,12,0.4224073265791772,0.5658139915004903,0.3236958066585614,0.8765949375819022
4,bernoulli,54,none,1.0,1.0,pca,none,,13,0.4628356546846986,0.6021436570148777,0.4248042314899671,0.796125785182006
10,bernoulli,54,none,1.0,1.0,pca,none,,3,0.414646241033543,0.5699098069624128,0.3214613154172663,0.913229547192252
35,bernoulli,54,none,1.0,1.0,pca,none,,3,0.4252717881123848,0.5667366607440909,0.3181614640927745,0.8879578189300412
34,bernoulli,54,none,1.0,1.0,pca,none,,6,0.4298921617863072,0.6063616478308422,0.3037794471328554,0.9338905476545925
39,bernoulli,54,none,1.0,1.0,pca,none,,6,0.4292662723314076,0.574537037037037,0.3627504141533746,0.810551382415494
29,bernoulli,54,none,1.0,1.0,pca,none,,3,0.4220545704459809,0.6003551425263619,0.3067285569576654,0.9121801705756928
28,bernoulli,54,none,1.0,1.0,pca,none,,7,0.4529326622632088,0.5478697847722704,0.3841095185888838,0.7974601593625499
14,bernoulli,54,none,1.0,1.0,pca,none,,9,0.4274948180871745,0.5390702643609621,0.2926487382901352,0.9436977952602952
6,bernoulli,54,none,1.0,1.0,pca,none,,14,0.4539888303554831,0.6525803144224197,0.4049739420419844,0.797056968677738
1,bernoulli,54,none,1.0,1.0,pca,none,,16,0.467651383119412,0.5533704665573174,0.4001580842380869,0.7648569455340319
21,bernoulli,54,none,1.0,1.0,pca,none,,8,0.4226563423706631,0.5226862302483071,0.2899445530690779,0.9130151746430816
26,bernoulli,54,none,1.0,1.0,pca,none,,3,0.4426686624442251,0.5625912408759124,0.2918494267869946,0.9186324786324788
13,bernoulli,54,none,1.0,1.0,pca,none,,7,0.4978830404645181,0.4776011560693641,0.4965703132019509,0.7216655227636697
31,bernoulli,54,none,1.0,1.0,pca,none,,5,0.4300249681875393,0.6181224775553908,0.3511257001245838,0.8596954534222881
24,bernoulli,54,none,1.0,1.0,pca,none,,6,0.4475342223065586,0.4600700202690252,0.2487411469772315,0.9310408578295434
19,bernoulli,54,none,1.0,1.0,pca,none,,7,0.4257716781520225,0.6154251918158568,0.3525265931859248,0.8509976163149995
47,bernoulli,54,none,1.0,1.0,pca,none,,7,0.4286107009111228,0.5703677000720979,0.3570009473299231,0.8572414570245372
38,bernoulli,54,none,1.0,1.0,pca,none,,8,0.430485902641831,0.5574880736029078,0.2033185586844519,0.9725131499325048
49,bernoulli,54,none,1.0,1.0,pca,none,,3,0.4529392091738063,0.574555896577381,0.3817648272629546,0.8636252146185921
46,bernoulli,54,none,1.0,1.0,pca,none,,8,0.4385831061995697,0.5909881564474458,0.3202773400525012,0.896668838155747
9,bernoulli,54,none,1.0,1.0,pca,none,,3,0.426733265046383,0.6221311475409836,0.3747634141390384,0.8359381009321221
20,bernoulli,54,none,1.0,1.0,pca,none,,3,0.4189269944389989,0.569202380952381,0.276394253001937,0.9241459214830272
30,bernoulli,54,none,1.0,1.0,pca,none,,8,0.4370196464288353,0.5725278600648892,0.3565619708900638,0.8472990248000292
36,bernoulli,54,none,1.0,1.0,pca,none,,6,0.4491718765350617,0.5247001262626263,0.4151463448488189,0.6957295373665481
32,bernoulli,54,none,1.0,1.0,pca,none,,7,0.4274281489909385,0.6749424324890099,0.4250576625302472,0.7836164638269101
16,bernoulli,54,none,1.0,1.0,pca,none,,5,0.4364939430052534,0.5955684724482678,0.2881707018273151,0.9321014981778916
17,bernoulli,54,none,1.0,1.0,pca,none,,6,0.4270268689798682,0.5077560975609756,0.3852267914526325,0.752199175512059
44,bernoulli,54,none,1.0,1.0,pca,none,,2,0.425880123172553,0.6257600487866125,0.3112246476614422,0.9187456016889516
2,bernoulli,54,none,1.0,1.0,pca,none,,18,0.4324274960422192,0.5574701260975771,0.2717709298290248,0.9319099004254946
5,bernoulli,54,none,1.0,1.0,pca,none,,16,0.4409789489957254,0.5820780554604588,0.3780673858003991,0.7944920837641145
45,bernoulli,54,none,1.0,1.0,pca,none,,7,0.4603989412885916,0.502973048068908,0.4457633262852328,0.6129319955406912
43,bernoulli,54,none,1.0,1.0,pca,none,,8,0.4346325947567265,0.5302751269602098,0.3154579008257579,0.8762956439265632
15,bernoulli,54,none,1.0,1.0,pca,none,,7,0.4232468200345572,0.557316782758826,0.2200862737575006,0.971580789422516
0,bernoulli,54,none,1.0,1.0,pca,none,,14,0.4505338244319966,0.5994492470719465,0.3205941752810139,0.8981412743546285
7,bernoulli,54,none,1.0,1.0,pca,none,,8,0.4247817811599898,0.5175130208333334,0.314535225048615,0.887365759190794
41,bernoulli,54,none,1.0,1.0,pca,none,,6,0.397926264375841,0.5697797356828194,0.3100313550143184,0.8925921536091027
33,bernoulli,54,none,1.0,1.0,pca,none,,6,0.4315308824043551,0.5885623088176619,0.2678731419689768,0.928925187646118
27,bernoulli,54,none,1.0,1.0,pca,none,,9,0.4412012721434606,0.5701895778954047,0.3430443152599531,0.8417911734283415
42,bernoulli,54,none,1.0,1.0,pca,none,,5,0.4217145932739329,0.512838756601208,0.3538831623285444,0.8193026052104209
25,bernoulli,54,none,1.0,1.0,pca,none,,7,0.4213783555068377,0.5654228058936579,0.2348887614111104,0.9424573055028465
23,bernoulli,54,none,1.0,1.0,pca,none,,3,0.4192220134231308,0.5233261468439333,0.2796060011842158,0.929643222729883
22,bernoulli,54,none,1.0,1.0,pca,none,,7,0.4541981091974814,0.5723596359047864,0.3855106093212166,0.7789211560044893
11,bernoulli,54,none,1.0,1.0,pca,none,,7,0.4273783103176467,0.5808353665621007,0.3219904909988169,0.9007990249187432
18,bernoulli,54,none,1.0,1.0,pca,none,,6,0.4066864017221416,0.5669598680593733,0.2756344953185953,0.9351015519736514
8,bernoulli,54,none,1.0,1.0,pca,none,,11,0.442210233259,0.5544875590468296,0.3639140002226725,0.8408775881486615
3,bernoulli,54,none,1.0,1.0,pca,none,,17,0.4343807021116699,0.5060361299287823,0.3366597971455344,0.8756267347121496
37,bernoulli,54,none,1.0,1.0,pca,none,,8,0.4300151442755212,0.6200134508512973,0.3221528751922903,0.9129805704836708
10,bernoulli,54,none,1.0,1.0,pca,none,,4,0.4170287426687011,0.5598090029792271,0.3144727428311302,0.9105534788887945
48,bernoulli,54,none,1.0,1.0,pca,none,,4,0.4649347488705497,0.5239178384339674,0.4476521583356821,0.6622361347843189
34,bernoulli,54,none,1.0,1.0,pca,none,,7,0.4310040332258084,0.5539190667152752,0.3028295551925842,0.9334583955370472
35,bernoulli,54,none,1.0,1.0,pca,none,,4,0.4276519417258284,0.5786266803065382,0.3209344361928806,0.8896965020576131
12,bernoulli,54,none,1.0,1.0,pca,none,,13,0.4250206759977195,0.5504249754821837,0.320996032009229,0.8804314090626939
39,bernoulli,54,none,1.0,1.0,pca,none,,7,0.4292299261814841,0.5788711583924351,0.3599860345595314,0.8392687451920902
4,bernoulli,54,none,1.0,1.0,pca,none,,14,0.4447372133690939,0.6566349384098544,0.4080774396667206,0.8000078030509931
40,bernoulli,54,none,1.0,1.0,pca,none,,3,0.4293660435304655,0.6020259966596471,0.2821992247121706,0.9484843590157755
14,bernoulli,54,none,1.0,1.0,pca,none,,10,0.4498083143464865,0.5305108328364142,0.3757722968543767,0.9432303807303808
6,bernoulli,54,none,1.0,1.0,pca,none,,15,0.4566195826581122,0.6482740943267259,0.4161657501279867,0.8027117931469413
28,bernoulli,54,none,1.0,1.0,pca,none,,8,0.453873263160074,0.5557483943717213,0.3844943760595767,0.8007691456396635
29,bernoulli,54,none,1.0,1.0,pca,none,,4,0.4223297105799149,0.6222190932131793,0.3016332227168655,0.9146788379530916
26,bernoulli,54,none,1.0,1.0,pca,none,,4,0.4451402699208901,0.5773722627737227,0.2966875187014181,0.929380341880342
13,bernoulli,54,none,1.0,1.0,pca,none,,8,0.4389453582342697,0.6108200867052023,0.39676293795979,0.7699077251582399
1,bernoulli,54,none,1.0,1.0,pca,none,,17,0.4682858235158446,0.5229462821213778,0.4048394694777424,0.7662449124642112
21,bernoulli,54,none,1.0,1.0,pca,none,,9,0.4205091760793106,0.540316027088036,0.2843983913065619,0.9172241178055132
47,bernoulli,54,none,1.0,1.0,pca,none,,8,0.4401767114142905,0.5638067772170151,0.3746757297401095,0.8595515113953291
31,bernoulli,54,none,1.0,1.0,pca,none,,6,0.4330674663329953,0.5905197265464129,0.3506995418176032,0.8303990610328638
19,bernoulli,54,none,1.0,1.0,pca,none,,8,0.4217020492667199,0.6341592071611253,0.3466347033906428,0.8097981224802095
38,bernoulli,54,none,1.0,1.0,pca,none,,9,0.4302331061385205,0.620513402998637,0.2034384985868495,0.9720437865599156
46,bernoulli,54,none,1.0,1.0,pca,none,,9,0.439776119636228,0.58795052822756,0.3184074646371281,0.8780477093230078
24,bernoulli,54,none,1.0,1.0,pca,none,,7,0.445085250023407,0.4826791966095449,0.2487960225810415,0.9376964318728046
49,bernoulli,54,none,1.0,1.0,pca,none,,4,0.452497409423241,0.5686732700892857,0.3948773480677914,0.861353162154835
30,bernoulli,54,none,1.0,1.0,pca,none,,9,0.4416988213398385,0.564839892791649,0.3619270927607426,0.8336462252091019
20,bernoulli,54,none,1.0,1.0,pca,none,,4,0.4159590454310727,0.5758214285714286,0.2890253043085454,0.9193322280615284
9,bernoulli,54,none,1.0,1.0,pca,none,,4,0.4324007547763656,0.6225478142076504,0.375571570317524,0.8521750683532974
36,bernoulli,54,none,1.0,1.0,pca,none,,7,0.4504883447593712,0.5307765151515151,0.4155467260840605,0.6953300893311062
32,bernoulli,54,none,1.0,1.0,pca,none,,8,0.4298487100762215,0.6498639313376595,0.4240112612191515,0.8058443204868154
16,bernoulli,54,none,1.0,1.0,pca,none,,6,0.444189210916608,0.5687003022552894,0.2854263907305203,0.9299500607369416
2,bernoulli,54,none,1.0,1.0,pca,none,,19,0.4222916206029871,0.5491406439118857,0.2662027331156398,0.9330613677238234
17,bernoulli,54,none,1.0,1.0,pca,none,,7,0.4321591813856066,0.478780487804878,0.396853176778493,0.7483039568929141
5,bernoulli,54,none,1.0,1.0,pca,none,,17,0.4460425833571361,0.6130130472821333,0.3799906285912245,0.7847108191935778
44,bernoulli,54,none,1.0,1.0,pca,none,,3,0.4238001906510645,0.6301813355335141,0.3085626393341621,0.9164320900774102
45,bernoulli,54,none,1.0,1.0,pca,none,,8,0.4483871890299738,0.5061961656015559,0.4291056074143673,0.6078177257525084
15,bernoulli,54,none,1.0,1.0,pca,none,,8,0.4231057053058919,0.5705483121986069,0.2117182270620722,0.9743418238382268
43,bernoulli,54,none,1.0,1.0,pca,none,,9,0.4410570839788157,0.4954517551202634,0.3230444888450018,0.8848824605379039
7,bernoulli,54,none,1.0,1.0,pca,none,,9,0.4346159835990481,0.5583188657407407,0.3183761545451647,0.8897784926617691
27,bernoulli,54,none,1.0,1.0,pca,none,,10,0.4374967472772934,0.5588076247127214,0.3441773813906649,0.8436530283875417
42,bernoulli,54,none,1.0,1.0,pca,none,,6,0.4231048424510144,0.5916263479113304,0.3672700342799376,0.839310621242485
23,bernoulli,54,none,1.0,1.0,pca,none,,4,0.4209889538079197,0.5317178704036412,0.2774448881968056,0.9317071546867068
0,bernoulli,54,none,1.0,1.0,pca,none,,15,0.4521924156074688,0.5888733965421082,0.3245777417685984,0.8899612006779376
41,bernoulli,54,none,1.0,1.0,pca,none,,7,0.4101924335323125,0.5750807635829662,0.3073443216804342,0.9021097546521276
33,bernoulli,54,none,1.0,1.0,pca,none,,7,0.428698789385338,0.5855565899720707,0.2591399495090424,0.9334317706410732
25,bernoulli,54,none,1.0,1.0,pca,none,,8,0.416747242368649,0.4839045483664317,0.2304285305296142,0.9165559772296016
22,bernoulli,54,none,1.0,1.0,pca,none,,8,0.4507591043781018,0.5582527840052923,0.3821816208918263,0.7885732323232323
3,bernoulli,54,none,1.0,1.0,pca,none,,18,0.4374340893279578,0.520127670661803,0.3365186167331282,0.8774509803921569
18,bernoulli,54,none,1.0,1.0,pca,none,,7,0.4081981421353601,0.594062671797691,0.2753283518190653,0.936058020193955
11,bernoulli,54,none,1.0,1.0,pca,none,,8,0.4225488508638359,0.5899558498896247,0.3255508358162644,0.8834303900325027
10,bernoulli,54,none,1.0,1.0,pca,none,,5,0.4205856754347866,0.589325796841203,0.3280587242949892,0.903937643360802
37,bernoulli,54,none,1.0,1.0,pca,none,,9,0.4257790626679678,0.6311458001486674,0.314175904139868,0.910231500620091
8,bernoulli,54,none,1.0,1.0,pca,none,,12,0.4381588844931306,0.5864419268674588,0.3677569093398763,0.8326547113690836
39,bernoulli,54,none,1.0,1.0,pca,none,,8,0.4323747872867375,0.5804866036249015,0.364464279445681,0.8384429159690483
34,bernoulli,54,none,1.0,1.0,pca,none,,8,0.4303597999512209,0.6411593146190302,0.3015321177658797,0.9344994892747702
35,bernoulli,54,none,1.0,1.0,pca,none,,5,0.4281551259989916,0.5672212351262587,0.319308895167642,0.8990843621399176
48,bernoulli,54,none,1.0,1.0,pca,none,,5,0.4613325882711118,0.5876068376068376,0.4473248571629414,0.6331617936279008
14,bernoulli,54,none,1.0,1.0,pca,none,,11,0.422240081635614,0.4763963426754125,0.2619968331879043,0.952056623931624
4,bernoulli,54,none,1.0,1.0,pca,none,,15,0.4497612704062424,0.6345184770436729,0.4019208926668721,0.7958429245835121
6,bernoulli,54,none,1.0,1.0,pca,none,,16,0.4538966218908801,0.6519138755980861,0.4141848761177676,0.7967626655455118
12,bernoulli,54,none,1.0,1.0,pca,none,,14,0.4266934379018072,0.5602647924158222,0.3238253217145561,0.8811685288640596
40,bernoulli,54,none,1.0,1.0,pca,none,,4,0.4233001549583726,0.6022801539466996,0.2815657141710546,0.9515102568244224
28,bernoulli,54,none,1.0,1.0,pca,none,,9,0.4546477939533314,0.5423640731480119,0.3844816835180334,0.7827301903497124
26,bernoulli,54,none,1.0,1.0,pca,none,,5,0.4470721330184833,0.5763868613138686,0.2897294186588515,0.9222008547008548
29,bernoulli,54,none,1.0,1.0,pca,none,,5,0.4330766360761064,0.62530898964298,0.3286031803658932,0.898646647713812
47,bernoulli,54,none,1.0,1.0,pca,none,,9,0.4410124178044192,0.5766979091564528,0.3687805559138701,0.852917147927994
13,bernoulli,54,none,1.0,1.0,pca,none,,9,0.4469016980819041,0.5918404211395542,0.3981231309436659,0.7479600396553039
38,bernoulli,54,none,1.0,1.0,pca,none,,10,0.4311456906592695,0.5662766924125398,0.2017434620069677,0.9734518766776832
1,bernoulli,54,none,1.0,1.0,pca,none,,18,0.4668871261625413,0.5387962456715873,0.4071600331361927,0.7611892261581479
31,bernoulli,54,none,1.0,1.0,pca,none,,7,0.4339762881784809,0.6060765175850424,0.3537433164996372,0.8271044395025121
19,bernoulli,54,none,1.0,1.0,pca,none,,9,0.431790442379998,0.5907129156010231,0.3567941917884857,0.8251817191960213
21,bernoulli,54,none,1.0,1.0,pca,none,,10,0.4233080930143915,0.5351015801354402,0.2871199625359715,0.9122519529496274
46,bernoulli,54,none,1.0,1.0,pca,none,,10,0.4411376709916667,0.6060420024045226,0.3202990784973337,0.8978253390816797
30,bernoulli,54,none,1.0,1.0,pca,none,,10,0.4323605536148104,0.5708492029905488,0.3574588110344339,0.8302056320537637
49,bernoulli,54,none,1.0,1.0,pca,none,,5,0.4468922118226833,0.6456705729166667,0.3664001993033541,0.8676142158191653
24,bernoulli,54,none,1.0,1.0,pca,none,,8,0.4465997895514474,0.5227565874332043,0.2537847668456111,0.929403375326836
2,bernoulli,54,none,1.0,1.0,pca,none,,20,0.4253086126627752,0.6174159899650096,0.2705436159533009,0.9326665789358248
20,bernoulli,54,none,1.0,1.0,pca,none,,5,0.4154026010109545,0.5508928571428572,0.2992771365618024,0.9153698926520762
36,bernoulli,54,none,1.0,1.0,pca,none,,8,0.461857185329929,0.5480587121212122,0.4357177501821028,0.6964921199796644
9,bernoulli,54,none,1.0,1.0,pca,none,,5,0.4345678950896158,0.6271994535519125,0.3708673087461361,0.8526925255407078
32,bernoulli,54,none,1.0,1.0,pca,none,,9,0.4339250381517621,0.6458656060288884,0.4277038214932228,0.79743492224476
17,bernoulli,54,none,1.0,1.0,pca,none,,8,0.431849571506243,0.491821138211382,0.3999297676417954,0.7412763333008733
16,bernoulli,54,none,1.0,1.0,pca,none,,7,0.4403096646609503,0.5568193443385259,0.2829968589205697,0.9346416520448104
5,bernoulli,54,none,1.0,1.0,pca,none,,18,0.452452654074014,0.5953916086576134,0.3772627986534294,0.7924952867481603
44,bernoulli,54,none,1.0,1.0,pca,none,,4,0.4284196181012298,0.6227198536401628,0.3106061530967724,0.9229503870513724
43,bernoulli,54,none,1.0,1.0,pca,none,,10,0.4335330370762586,0.5007812935989732,0.3165068878438281,0.879098638303638
15,bernoulli,54,none,1.0,1.0,pca,none,,9,0.4237658898854288,0.5435494433529797,0.2051598885439426,0.9709663620454988
45,bernoulli,54,none,1.0,1.0,pca,none,,9,0.4796020164490704,0.5469297026951931,0.472900563930781,0.6261148272017837
7,bernoulli,54,none,1.0,1.0,pca,none,,10,0.4276387530180673,0.5673900462962963,0.3164113009014352,0.8827563579328115
27,bernoulli,54,none,1.0,1.0,pca,none,,11,0.438093226011194,0.5637784548829567,0.3384077822211718,0.843681760717159
23,bernoulli,54,none,1.0,1.0,pca,none,,5,0.4226369158823109,0.5496167205653372,0.2778126553984509,0.9337877312560856
42,bernoulli,54,none,1.0,1.0,pca,none,,7,0.4358138732899461,0.5224203902223066,0.3648423523641278,0.8486012024048095
41,bernoulli,54,none,1.0,1.0,pca,none,,8,0.4009582961316755,0.5881497797356828,0.3069407822401024,0.9022519853028328
3,bernoulli,54,none,1.0,1.0,pca,none,,19,0.4356980510468896,0.5069480632273754,0.335851026095404,0.8749328498522697
22,bernoulli,54,none,1.0,1.0,pca,none,,9,0.4552392142388705,0.5528501598735713,0.3841413089916012,0.7839856902356902
0,bernoulli,54,none,1.0,1.0,pca,none,,16,0.4525970474520237,0.616313441160067,0.3211165199652432,0.8926505399689045
18,bernoulli,54,none,1.0,1.0,pca,none,,8,0.4100231863071633,0.5713487264064504,0.2788451616721121,0.9353510654224262
25,bernoulli,54,none,1.0,1.0,pca,none,,9,0.4191414967267445,0.528747597693786,0.2348287085070852,0.9353889943074004
33,bernoulli,54,none,1.0,1.0,pca,none,,8,0.4328055907982165,0.5783481845990158,0.2641278174837245,0.9431832164390304
11,bernoulli,54,none,1.0,1.0,pca,none,,9,0.4234604009368685,0.5857151156035785,0.3235536440498929,0.8932376309136874
10,bernoulli,54,none,1.0,1.0,pca,none,,6,0.4152425827980762,0.5600640737868832,0.3158964948711191,0.9071659162348144
34,bernoulli,54,none,1.0,1.0,pca,none,,9,0.4308919498306902,0.6560153117025155,0.3017537879058199,0.9327708808045886
39,bernoulli,54,none,1.0,1.0,pca,none,,9,0.4315170180146348,0.5873029944838456,0.361205889671832,0.8319267840173763
35,bernoulli,54,none,1.0,1.0,pca,none,,6,0.4300356928017408,0.5707209389974695,0.318749720909894,0.8899074074074074
37,bernoulli,54,none,1.0,1.0,pca,none,,10,0.4316242266685878,0.6490743690488833,0.3238563350450706,0.9072964034725092
14,bernoulli,54,none,1.0,1.0,pca,none,,12,0.4521944916506925,0.5502385211687537,0.3884331243058334,0.9459256021756022
6,bernoulli,54,none,1.0,1.0,pca,none,,17,0.4592107498650631,0.6515379357484621,0.4119138027604552,0.7939878074416649
48,bernoulli,54,none,1.0,1.0,pca,none,,6,0.4604058675089263,0.557347670250896,0.4446386123827768,0.6102989379834798
8,bernoulli,54,none,1.0,1.0,pca,none,,13,0.4456604384660218,0.5822313451492783,0.3614940571606467,0.8224898206705362
12,bernoulli,54,none,1.0,1.0,pca,none,,15,0.4231945523299897,0.5663206930369402,0.3238153936002435,0.8674477550175873
4,bernoulli,54,none,1.0,1.0,pca,none,,16,0.4485047180359274,0.6114421692529196,0.4157673806992047,0.8043970192345207
26,bernoulli,54,none,1.0,1.0,pca,none,,6,0.4474348555997077,0.5638321167883211,0.2959894978119655,0.9179273504273504
40,bernoulli,54,none,1.0,1.0,pca,none,,5,0.4266456089870766,0.5730097063878197,0.2740428762685203,0.9519544500080762
28,bernoulli,54,none,1.0,1.0,pca,none,,10,0.4540254590651545,0.5429965190959454,0.384623467378783,0.7989375830013281
47,bernoulli,54,none,1.0,1.0,pca,none,,10,0.43241192014516,0.5990915645277578,0.357203119592244,0.8538186325604982
38,bernoulli,54,none,1.0,1.0,pca,none,,11,0.4327501217617698,0.5894905724670604,0.1998510331205426,0.9727226178839082
31,bernoulli,54,none,1.0,1.0,pca,none,,8,0.4284730394566163,0.5919920105427889,0.3519019183844266,0.8244790379705131
19,bernoulli,54,none,1.0,1.0,pca,none,,10,0.4264413458952504,0.6401054987212276,0.3486031805529962,0.8092610576498632
29,bernoulli,54,none,1.0,1.0,pca,none,,6,0.4271149352252342,0.6210691823899371,0.301843686523336,0.898431947405828
1,bernoulli,54,none,1.0,1.0,pca,none,,19,0.4608768164565541,0.5485066976489885,0.3967916866773697,0.7733657862799134
13,bernoulli,54,none,1.0,1.0,pca,none,,10,0.4435973180108048,0.6030140379851362,0.3982984449791057,0.7433844276672006
46,bernoulli,54,none,1.0,1.0,pca,none,,11,0.4397391172800648,0.6128271045967308,0.3188115284943636,0.8783404943675477
21,bernoulli,54,none,1.0,1.0,pca,none,,11,0.4230013047011074,0.5860609480812641,0.2837227231203489,0.9146650803627548
30,bernoulli,54,none,1.0,1.0,pca,none,,11,0.438224839168817,0.5845253209197349,0.3561096492162213,0.8421125680265897
49,bernoulli,54,none,1.0,1.0,pca,none,,6,0.4515838723586284,0.5781715029761905,0.385356874811182,0.8646321469604843
2,bernoulli,54,none,1.0,1.0,pca,none,,21,0.4352544478562212,0.5426597125943531,0.2712147423467556,0.9352107733473703
24,bernoulli,54,none,1.0,1.0,pca,none,,9,0.446943558589054,0.4459554081444629,0.2507976384022056,0.9328368063808996
36,bernoulli,54,none,1.0,1.0,pca,none,,9,0.4613940515659331,0.5013809974747474,0.433137653793515,0.6835645290144527
20,bernoulli,54,none,1.0,1.0,pca,none,,6,0.4184256756673771,0.5438988095238095,0.2874351392019875,0.924510789202476
9,bernoulli,54,none,1.0,1.0,pca,none,,6,0.4349101420197745,0.59801912568306,0.3769097970362786,0.8477906675896986
5,bernoulli,54,none,1.0,1.0,pca,none,,19,0.447512645889062,0.636064513674921,0.3865221853366055,0.7997425449532729
32,bernoulli,54,none,1.0,1.0,pca,none,,10,0.4308701625383101,0.6840485660456352,0.4185776953841847,0.7931245774171738
17,bernoulli,54,none,1.0,1.0,pca,none,,9,0.4267565205639591,0.4884552845528455,0.3936182732720532,0.7356769565358523
16,bernoulli,54,none,1.0,1.0,pca,none,,8,0.4419645306695257,0.5277470355731225,0.2844455563345819,0.9326386826832233
44,bernoulli,54,none,1.0,1.0,pca,none,,5,0.4315778246457612,0.6190877620935196,0.3128514102169051,0.9180726600985224
15,bernoulli,54,none,1.0,1.0,pca,none,,10,0.4245760422917586,0.5937965112817765,0.2140401811171932,0.9738129496402878
43,bernoulli,54,none,1.0,1.0,pca,none,,11,0.4405581504757515,0.4990373346726938,0.3148421848343407,0.8833751100873924
7,bernoulli,54,none,1.0,1.0,pca,none,,11,0.427254551395082,0.5363498263888888,0.3136160115512001,0.8921832237000048
27,bernoulli,54,none,1.0,1.0,pca,none,,12,0.4393952395144374,0.5706003473341583,0.341021120654172,0.8723767383059419
23,bernoulli,54,none,1.0,1.0,pca,none,,6,0.4253933740952621,0.5090280273086598,0.284873443307176,0.9314574854983813
42,bernoulli,54,none,1.0,1.0,pca,none,,8,0.4261800840375648,0.5440660278910918,0.3508023733563047,0.8251543086172344
45,bernoulli,54,none,1.0,1.0,pca,none,,10,0.4603359693978419,0.4910530702973048,0.4446065393121835,0.6241360089186176
3,bernoulli,54,none,1.0,1.0,pca,none,,20,0.4390890351011722,0.5362602049678652,0.3354603794689997,0.8791185423941267
22,bernoulli,54,none,1.0,1.0,pca,none,,10,0.4523779202272384,0.5681575949134477,0.3826868473840507,0.7808080808080808
41,bernoulli,54,none,1.0,1.0,pca,none,,9,0.405236814751533,0.5477533039647577,0.3137346554039668,0.8946189403816522
18,bernoulli,54,none,1.0,1.0,pca,none,,9,0.4116004766728854,0.5795492028587136,0.285323877577787,0.9341700350982252
0,bernoulli,54,none,1.0,1.0,pca,none,,17,0.4574205419714811,0.5839514779698828,0.3231782878860457,0.8976930511394675
11,bernoulli,54,none,1.0,1.0,pca,none,,10,0.4255154856420108,0.5798187521784594,0.3243154014013587,0.8950659082701335
10,bernoulli,54,none,1.0,1.0,pca,none,,7,0.4191144588440725,0.5363016773456312,0.316613341482423,0.9098685328349334
25,bernoulli,54,none,1.0,1.0,pca,none,,10,0.4970178782569009,0.5331518257527226,0.4947958209883979,0.9385673624288424
34,bernoulli,54,none,1.0,1.0,pca,none,,10,0.4322123991054434,0.6201330659861465,0.3003538612717319,0.93588925119824
33,bernoulli,54,none,1.0,1.0,pca,none,,9,0.4384507169519062,0.5843862215720176,0.2746537678678349,0.9364617940199336
35,bernoulli,54,none,1.0,1.0,pca,none,,7,0.4339952242617062,0.5692133742529478,0.3331293013117863,0.8706069958847737
39,bernoulli,54,none,1.0,1.0,pca,none,,10,0.4334210060298221,0.5733451536643026,0.3618396334586521,0.838363726865469
14,bernoulli,54,none,1.0,1.0,pca,none,,13,0.4325905268529144,0.52406330749354,0.2940582489330694,0.9373907342657344
6,bernoulli,54,none,1.0,1.0,pca,none,,18,0.4544137353403216,0.6336637047163363,0.4076688455000725,0.7972882068530586
37,bernoulli,54,none,1.0,1.0,pca,none,,11,0.4358357724412654,0.6203585713780042,0.3204418363201496,0.9085262505167424
48,bernoulli,54,none,1.0,1.0,pca,none,,7,0.4634915889164052,0.593810311552247,0.4457197167854707,0.6129703684279534
8,bernoulli,54,none,1.0,1.0,pca,none,,14,0.4375097239639842,0.5457637600494744,0.3597050478090826,0.844747177221404
26,bernoulli,54,none,1.0,1.0,pca,none,,7,0.4472168142012805,0.5712408759124088,0.3107704341573279,0.9172863247863248
4,bernoulli,54,none,1.0,1.0,pca,none,,17,0.4469270382439442,0.644296912494001,0.4068494372387524,0.8026413327611095
31,bernoulli,54,none,1.0,1.0,pca,none,,9,0.4290279875764711,0.6214479861625896,0.3487880158299196,0.8603904126513466
12,bernoulli,54,none,1.0,1.0,pca,none,,16,0.4269339505677573,0.5823144818568161,0.3229005281455859,0.8827419132353956
47,bernoulli,54,none,1.0,1.0,pca,none,,11,0.4367080229941399,0.5635616438356165,0.3730491718001836,0.860495253119982
40,bernoulli,54,none,1.0,1.0,pca,none,,6,0.4213987417262935,0.6025040544138649,0.2728890094987746,0.9506434070963228
38,bernoulli,54,none,1.0,1.0,pca,none,,12,0.4324202767526093,0.568051453884598,0.1969159776185478,0.973793231857748
19,bernoulli,54,none,1.0,1.0,pca,none,,11,0.4282221690819991,0.6288682864450128,0.3493010370650296,0.8215473352755952
28,bernoulli,54,none,1.0,1.0,pca,none,,11,0.4559425363138298,0.5583370103446584,0.3841025743924098,0.7888446215139442
46,bernoulli,54,none,1.0,1.0,pca,none,,12,0.4404213136946902,0.6302407080551506,0.3201893360324321,0.8856454812288188
13,bernoulli,54,none,1.0,1.0,pca,none,,11,0.4703133738310037,0.5701899256812551,0.4375581532384889,0.7604590864028065
30,bernoulli,54,none,1.0,1.0,pca,none,,12,0.4365992298935928,0.602553251516434,0.3721255764506689,0.8324409218744294
1,bernoulli,54,none,1.0,1.0,pca,none,,20,0.4719551971950798,0.5510809640969565,0.4149350024649636,0.7683168051281021
29,bernoulli,54,none,1.0,1.0,pca,none,,7,0.4350692456586538,0.6106730498451141,0.3012541360492027,0.9175550817341864
21,bernoulli,54,none,1.0,1.0,pca,none,,12,0.4311659606649612,0.5231602708803612,0.2932503173725593,0.9141936787285624
2,bernoulli,54,none,1.0,1.0,pca,none,,22,0.4239628661129742,0.5455645782443168,0.2656210169774042,0.9323211387463264
49,bernoulli,54,none,1.0,1.0,pca,none,,7,0.4485610625536464,0.6434849330357144,0.3651899422938157,0.8587067374101184
24,bernoulli,54,none,1.0,1.0,pca,none,,10,0.4474890371663378,0.4929611203243044,0.2536239081246913,0.9357552227768534
36,bernoulli,54,none,1.0,1.0,pca,none,,10,0.451994274379537,0.5749684343434344,0.4147776599545593,0.6788437795046844
20,bernoulli,54,none,1.0,1.0,pca,none,,7,0.418170523738342,0.5340654761904762,0.2894220822016445,0.9243123523726005
5,bernoulli,54,none,1.0,1.0,pca,none,,20,0.4556266033474062,0.5856156567385599,0.3825788563430585,0.7959313993796752
9,bernoulli,54,none,1.0,1.0,pca,none,,7,0.4382775073648134,0.6072677595628414,0.3747124761762941,0.8452523303055095
15,bernoulli,54,none,1.0,1.0,pca,none,,11,0.4260231870577861,0.5787342977912722,0.2064258252260304,0.9749329185300408
32,bernoulli,54,none,1.0,1.0,pca,none,,11,0.4338971185049597,0.667155118275068,0.4278364712872886,0.7931668356997972
44,bernoulli,54,none,1.0,1.0,pca,none,,6,0.4336615157225864,0.6249887898409054,0.3150790837711017,0.9185344827586208
7,bernoulli,54,none,1.0,1.0,pca,none,,12,0.427905079122301,0.5577473958333332,0.3147906985205946,0.8831884893007473
43,bernoulli,54,none,1.0,1.0,pca,none,,12,0.442380252519152,0.4967911155756459,0.3210613986236472,0.888015717092338
16,bernoulli,54,none,1.0,1.0,pca,none,,9,0.4407001181075386,0.5953080678911882,0.2870546405546038,0.9303711701984072
17,bernoulli,54,none,1.0,1.0,pca,none,,10,0.4344353112538948,0.4828130081300812,0.3975283216487484,0.7192764631414938
23,bernoulli,54,none,1.0,1.0,pca,none,,7,0.4247528219898279,0.5464127440412025,0.2829166805316957,0.9194234306210936
27,bernoulli,54,none,1.0,1.0,pca,none,,13,0.4421780514465852,0.573896902070486,0.3406564925448117,0.8603321457303758
42,bernoulli,54,none,1.0,1.0,pca,none,,9,0.426360095564068,0.5990734591910952,0.3716132693500273,0.8277034068136273
45,bernoulli,54,none,1.0,1.0,pca,none,,11,0.4475196883063514,0.4554598499583218,0.4253538593976764,0.6173634336677815
3,bernoulli,54,none,1.0,1.0,pca,none,,21,0.442153332202334,0.4876129060274448,0.3367645816633719,0.8809539797654221
22,bernoulli,54,none,1.0,1.0,pca,none,,11,0.4526481421221511,0.5589572077866393,0.3851355115712082,0.7921541806958474
18,bernoulli,54,none,1.0,1.0,pca,none,,10,0.4120078843239648,0.5689664650907091,0.2787131899533481,0.9319909509789244
41,bernoulli,54,none,1.0,1.0,pca,none,,10,0.4137024663721175,0.6017914831130691,0.3105257135054884,0.9010785824345148
10,bernoulli,54,none,1.0,1.0,pca,none,,8,0.4174224991733939,0.57127698649145,0.3137579276120616,0.908376518562569
11,bernoulli,54,none,1.0,1.0,pca,none,,11,0.4334248222306703,0.5814453351922855,0.3303250512162837,0.8956753340556158
34,bernoulli,54,none,1.0,1.0,pca,none,,11,0.4318712058777047,0.6175720014582574,0.3019278457739017,0.9318771116523924
0,bernoulli,54,none,1.0,1.0,pca,none,,18,0.4514899515658113,0.6117610150585611,0.3267025542292771,0.8936870561539647
35,bernoulli,54,none,1.0,1.0,pca,none,,8,0.432091317993568,0.5418887632584934,0.324048158278615,0.8926646090534979
14,bernoulli,54,none,1.0,1.0,pca,none,,14,0.4138500820367687,0.5151684555754323,0.235245874821253,0.9465811965811964
39,bernoulli,54,none,1.0,1.0,pca,none,,11,0.4335181367945401,0.5868104806934594,0.3556521016204019,0.8450834879406308
25,bernoulli,54,none,1.0,1.0,pca,none,,11,0.4225474226312256,0.5166559897501601,0.2295681766750129,0.96280834914611
6,bernoulli,54,none,1.0,1.0,pca,none,,19,0.4540361911111769,0.6400546821599453,0.4049547160110338,0.7688038679840236
33,bernoulli,54,none,1.0,1.0,pca,none,,10,0.4384760017646313,0.5668040962894002,0.2748791429069532,0.9371231696813092
37,bernoulli,54,none,1.0,1.0,pca,none,,12,0.4327896153428422,0.6196948780574139,0.3213534421103711,0.9094563869367508
26,bernoulli,54,none,1.0,1.0,pca,none,,8,0.445697183260149,0.5738868613138686,0.2891785672145622,0.908205128205128
48,bernoulli,54,none,1.0,1.0,pca,none,,8,0.4612007520844464,0.5678246484698097,0.4456979522271174,0.6499934443424675
47,bernoulli,54,none,1.0,1.0,pca,none,,12,0.4363287506508845,0.5786878154289834,0.3553515440156799,0.8515790066766207
31,bernoulli,54,none,1.0,1.0,pca,none,,10,0.4389645721808114,0.5965324108393047,0.3519364064063626,0.857157565274689
8,bernoulli,54,none,1.0,1.0,pca,none,,15,0.4381804283985048,0.595435466256135,0.3635927526036555,0.8281931329232725
4,bernoulli,54,none,1.0,1.0,pca,none,,18,0.4471243589437708,0.6436570148776195,0.4105371250842314,0.8059771370605908
19,bernoulli,54,none,1.0,1.0,pca,none,,12,0.4277179140032744,0.6034207161125319,0.3485477140627476,0.8020585032812453
12,bernoulli,54,none,1.0,1.0,pca,none,,17,0.4244610854746445,0.5551405688133377,0.3184111383399635,0.8733705772811918
38,bernoulli,54,none,1.0,1.0,pca,none,,13,0.4394427997647687,0.5629827351203998,0.2067738948774732,0.972714859811634
40,bernoulli,54,none,1.0,1.0,pca,none,,7,0.4252115690727168,0.5846948902282574,0.2735119990631756,0.9497011791309966
28,bernoulli,54,none,1.0,1.0,pca,none,,12,0.4556052466350397,0.562043437760455,0.3847878154416649,0.7894920318725099
46,bernoulli,54,none,1.0,1.0,pca,none,,13,0.4413689960524047,0.6122707390069834,0.319664858653001,0.8799068943558362
30,bernoulli,54,none,1.0,1.0,pca,none,,13,0.4409796248170909,0.5855903512484131,0.357970728308857,0.8325139705613791
13,bernoulli,54,none,1.0,1.0,pca,none,,12,0.4718878466392133,0.5683706647398844,0.4434599237236377,0.7191718142301533
29,bernoulli,54,none,1.0,1.0,pca,none,,8,0.4509870803022841,0.5833176882881191,0.3735505144539774,0.9033330371949776
1,bernoulli,54,none,1.0,1.0,pca,none,,21,0.4651471117817949,0.5359713869145252,0.4006980274193774,0.7835576207430651
21,bernoulli,54,none,1.0,1.0,pca,none,,13,0.427744077110865,0.5616930022573364,0.2934433970402169,0.916472119960492
2,bernoulli,54,none,1.0,1.0,pca,none,,23,0.4313536332873385,0.5232719350366408,0.2692649188889369,0.9346624555862614
49,bernoulli,54,none,1.0,1.0,pca,none,,8,0.4499816387457186,0.638613746279762,0.3671190928593411,0.8546273704865549
15,bernoulli,54,none,1.0,1.0,pca,none,,12,0.4257664634166877,0.5915937369768411,0.2059002519012677,0.971930779700564
24,bernoulli,54,none,1.0,1.0,pca,none,,11,0.4525919113285134,0.4805048829924452,0.2553474750865668,0.9342630008187413
36,bernoulli,54,none,1.0,1.0,pca,none,,11,0.4527814648077662,0.5325126262626262,0.4155937347985788,0.6859612172271043
43,bernoulli,54,none,1.0,1.0,pca,none,,13,0.4407954758732137,0.4805095150399017,0.3209261598412889,0.8872705101280401
7,bernoulli,54,none,1.0,1.0,pca,none,,13,0.4384298320923581,0.5621455439814815,0.3225998503597738,0.8847809734159184
20,bernoulli,54,none,1.0,1.0,pca,none,,8,0.4223542670021182,0.5465,0.2916605159701358,0.926264714731054
5,bernoulli,54,none,1.0,1.0,pca,none,,21,0.4496333489543001,0.5884590513142379,0.3782705105844975,0.7839303452330273
32,bernoulli,54,none,1.0,1.0,pca,none,,12,0.4623317161043362,0.6562068243667574,0.4380334088776521,0.7920892494929005
27,bernoulli,54,none,1.0,1.0,pca,none,,14,0.4394247427358035,0.5956832811638815,0.3422310496622707,0.8594069647166992
9,bernoulli,54,none,1.0,1.0,pca,none,,8,0.4358068126732441,0.5988592896174864,0.3710294567428842,0.8501122322683505
23,bernoulli,54,none,1.0,1.0,pca,none,,8,0.4282203421970597,0.5303180021559468,0.2873916017350557,0.9263559117502642
17,bernoulli,54,none,1.0,1.0,pca,none,,11,0.4387422873696719,0.5085528455284553,0.3898922150478213,0.7353036647515174
16,bernoulli,54,none,1.0,1.0,pca,none,,10,0.4425252722942613,0.5494768658451523,0.2856724260843686,0.9317586718855444
44,bernoulli,54,none,1.0,1.0,pca,none,,7,0.4293222435492393,0.6281186662601115,0.3114086166728306,0.9089109781843772
42,bernoulli,54,none,1.0,1.0,pca,none,,10,0.4203283604745697,0.5325870410776966,0.355261815800093,0.8238236472945891
22,bernoulli,54,none,1.0,1.0,pca,none,,12,0.4529949363305487,0.5396682470261065,0.3846986780161761,0.8015993265993266
3,bernoulli,54,none,1.0,1.0,pca,none,,22,0.4448290090794993,0.5358042383185687,0.3412603254118517,0.8697175217118812
45,bernoulli,54,none,1.0,1.0,pca,none,,12,0.4976302105665086,0.4680466796332314,0.4969239984500604,0.5542224080267558
18,bernoulli,54,none,1.0,1.0,pca,none,,11,0.413877931881137,0.5738042880703683,0.2794079593016956,0.9325648319111066
10,bernoulli,54,none,1.0,1.0,pca,none,,9,0.4251158002560684,0.568236542464188,0.3142755848356065,0.9035978251635376
34,bernoulli,54,none,1.0,1.0,pca,none,,12,0.432595194307063,0.6862376959533357,0.2997598148525535,0.9299618920405436
41,bernoulli,54,none,1.0,1.0,pca,none,,11,0.4059872878203258,0.603215859030837,0.3036890052652904,0.9034135356169254
11,bernoulli,54,none,1.0,1.0,pca,none,,12,0.4336136478291763,0.5948646450563495,0.3222447012842262,0.897503611412062
35,bernoulli,54,none,1.0,1.0,pca,none,,9,0.432749760208416,0.5727848669215169,0.3239612475976566,0.8945884773662552
14,bernoulli,54,none,1.0,1.0,pca,none,,15,0.4139687234022262,0.5650467103955477,0.2329067413911456,0.9400495337995338
39,bernoulli,54,none,1.0,1.0,pca,none,,12,0.4423488747081929,0.5858944050433412,0.3593340933365,0.8084302457124757
0,bernoulli,54,none,1.0,1.0,pca,none,,19,0.4523122338366282,0.60531929726715,0.3272567455865653,0.8845825220960039
6,bernoulli,54,none,1.0,1.0,pca,none,,20,0.4546670161873535,0.6355434039644567,0.4106322115434706,0.8003573680891318
25,bernoulli,54,none,1.0,1.0,pca,none,,12,0.4202890077570307,0.5360345932094811,0.2315504744595086,0.926518026565465
26,bernoulli,54,none,1.0,1.0,pca,none,,9,0.447377919588584,0.5848905109489051,0.300963779898383,0.9121153846153846
33,bernoulli,54,none,1.0,1.0,pca,none,,11,0.4303470578026718,0.5795983508445273,0.2599723824862749,0.9381998277347114
47,bernoulli,54,none,1.0,1.0,pca,none,,13,0.4431750548787001,0.5752126892573901,0.3758188684870122,0.8519311491111925
31,bernoulli,54,none,1.0,1.0,pca,none,,11,0.4375566718317218,0.6191726381681905,0.3526133725792558,0.8386562062433078
48,bernoulli,54,none,1.0,1.0,pca,none,,9,0.4641521983685426,0.5210228839261097,0.4477232711445496,0.6711846073161138
19,bernoulli,54,none,1.0,1.0,pca,none,,13,0.4635986996686356,0.6025735294117647,0.4351288538583782,0.8235116682852182
37,bernoulli,54,none,1.0,1.0,pca,none,,13,0.4289870708869253,0.6255707762557079,0.3173906648104658,0.9075754443985118
4,bernoulli,54,none,1.0,1.0,pca,none,,19,0.4510737886362777,0.6361982082866742,0.4117332839572081,0.8025242869962155
8,bernoulli,54,none,1.0,1.0,pca,none,,16,0.4446349929671115,0.5331451729628021,0.3637034925899884,0.8390077680556758
12,bernoulli,54,none,1.0,1.0,pca,none,,18,0.4252109558003416,0.5453334423014058,0.3191742794076836,0.8778105386578385
38,bernoulli,54,none,1.0,1.0,pca,none,,14,0.4318940812352096,0.5791543616537937,0.2003429054863659,0.9723502304147466
46,bernoulli,54,none,1.0,1.0,pca,none,,14,0.4422419578528333,0.57207172639603,0.3192407542004846,0.8768985280231885
40,bernoulli,54,none,1.0,1.0,pca,none,,8,0.4222255063120936,0.5955631399317406,0.2733566028272338,0.9522936520755936
28,bernoulli,54,none,1.0,1.0,pca,none,,13,0.4578399838735369,0.5232436142569986,0.3841448583363824,0.7965194776449757
30,bernoulli,54,none,1.0,1.0,pca,none,,14,0.4436762345481544,0.5938073070955,0.362658099523559,0.8528726396143029
13,bernoulli,54,none,1.0,1.0,pca,none,,13,0.4688606608422088,0.5848343311312965,0.4337174350870587,0.7596125981850073
2,bernoulli,54,none,1.0,1.0,pca,none,,24,0.4251762781889853,0.5276952531854493,0.268091280535303,0.9322498574373822
29,bernoulli,54,none,1.0,1.0,pca,none,,9,0.4370076440376115,0.600190869551613,0.3023466272734715,0.9171108742004264
21,bernoulli,54,none,1.0,1.0,pca,none,,14,0.4269694800703944,0.5283069977426638,0.2862964721920021,0.9136493220795546
1,bernoulli,54,none,1.0,1.0,pca,none,,22,0.4649575518901698,0.5439049116092582,0.4024266463129987,0.7568912222825686
49,bernoulli,54,none,1.0,1.0,pca,none,,9,0.4484664754777312,0.5920991443452381,0.3823401982462435,0.8566799633373352
15,bernoulli,54,none,1.0,1.0,pca,none,,13,0.4282099897018477,0.5720217896052867,0.2205473763828071,0.9698230604705425
43,bernoulli,54,none,1.0,1.0,pca,none,,14,0.4374545618712129,0.4984513644734639,0.31908559756689,0.8882020188334125
7,bernoulli,54,none,1.0,1.0,pca,none,,14,0.4297631630604233,0.5129123263888888,0.3150995611479502,0.8897904963108785
27,bernoulli,54,none,1.0,1.0,pca,none,,15,0.4406467249769914,0.5706627426919437,0.3441759526525588,0.8654292610044823
24,bernoulli,54,none,1.0,1.0,pca,none,,12,0.4540028126310197,0.4878385848535102,0.2570135858373588,0.9337215751525236
36,bernoulli,54,none,1.0,1.0,pca,none,,12,0.4615111095510945,0.5149542297979799,0.4286808533420899,0.7026654078001308
20,bernoulli,54,none,1.0,1.0,pca,none,,9,0.4240417996599043,0.559404761904762,0.2942993085581855,0.9207212858706576
23,bernoulli,54,none,1.0,1.0,pca,none,,9,0.4288521709987166,0.50567433225536,0.2853222194156778,0.9283615875631456
5,bernoulli,54,none,1.0,1.0,pca,none,,22,0.4542764142480948,0.5804899387576553,0.3781614159947639,0.7973909870461595
22,bernoulli,54,none,1.0,1.0,pca,none,,13,0.4534833740542983,0.5589510823624536,0.3841649706707228,0.7939814814814814
9,bernoulli,54,none,1.0,1.0,pca,none,,9,0.4339541750064795,0.602834699453552,0.3682149958098241,0.8301271965707971
3,bernoulli,54,none,1.0,1.0,pca,none,,23,0.445257568317542,0.4967105263157895,0.338962519535239,0.8777867311308085
32,bernoulli,54,none,1.0,1.0,pca,none,,13,0.440786061035859,0.6850743144232783,0.4233976718428638,0.7929132860040569
42,bernoulli,54,none,1.0,1.0,pca,none,,11,0.4278416956210756,0.5356228061853715,0.3523600115692287,0.8316633266533067
17,bernoulli,54,none,1.0,1.0,pca,none,,12,0.4303048467405702,0.4782113821138211,0.3920997627875368,0.7276349530950759
18,bernoulli,54,none,1.0,1.0,pca,none,,12,0.4139125660478841,0.5787428990287704,0.2793193221241778,0.933388226292064
44,bernoulli,54,none,1.0,1.0,pca,none,,8,0.4288488700576062,0.6280558893691819,0.3073763676737437,0.9168631245601688
16,bernoulli,54,none,1.0,1.0,pca,none,,11,0.4413514060998828,0.5653708439897699,0.285819327840325,0.9326332838439736
45,bernoulli,54,none,1.0,1.0,pca,none,,13,0.4620007036500997,0.514281744929147,0.4451939107028185,0.6349777034559643
34,bernoulli,54,none,1.0,1.0,pca,none,,13,0.4338674626444408,0.6184560699963542,0.3004318660408603,0.9319262198475682
10,bernoulli,54,none,1.0,1.0,pca,none,,10,0.4235626127364757,0.576949761253724,0.3130547844135347,0.9106225044601136
35,bernoulli,54,none,1.0,1.0,pca,none,,10,0.4353510497660503,0.4997756600082557,0.3277451610040652,0.8864609053497943
14,bernoulli,54,none,1.0,1.0,pca,none,,16,0.4347822208441683,0.5616552375273305,0.2803727482421699,0.949106449106449
39,bernoulli,54,none,1.0,1.0,pca,none,,13,0.4464161397701674,0.5906717888100868,0.3621038615476741,0.8435619258789991
11,bernoulli,54,none,1.0,1.0,pca,none,,13,0.4294877021281248,0.5852503775996283,0.3265129749946123,0.8940389129649693
41,bernoulli,54,none,1.0,1.0,pca,none,,12,0.4182972552914162,0.5706901615271659,0.3067216583868063,0.9045513808225673
6,bernoulli,54,none,1.0,1.0,pca,none,,21,0.4555211182680714,0.6501367053998632,0.4075678760365286,0.7841706958166912
0,bernoulli,54,none,1.0,1.0,pca,none,,20,0.4586221604913045,0.573250139431121,0.3287602247707753,0.8829507094533079
25,bernoulli,54,none,1.0,1.0,pca,none,,13,0.4519817135538278,0.6350096092248559,0.3554119861260303,0.9567836812144213
26,bernoulli,54,none,1.0,1.0,pca,none,,10,0.4459153996306238,0.573941605839416,0.2951485728875421,0.9030128205128204
31,bernoulli,54,none,1.0,1.0,pca,none,,12,0.4314224071302527,0.6138085824890865,0.3480889060589829,0.8691263075529199
47,bernoulli,54,none,1.0,1.0,pca,none,,14,0.4684841991862279,0.5619466474405191,0.4390514148385263,0.8394230498351974
19,bernoulli,54,none,1.0,1.0,pca,none,,14,0.4271139060296979,0.6408088235294117,0.3493415296657867,0.8042582619699243
33,bernoulli,54,none,1.0,1.0,pca,none,,12,0.4347781081005582,0.5269982710466817,0.2645032280209361,0.9328626799557032
37,bernoulli,54,none,1.0,1.0,pca,none,,14,0.4292394035544432,0.654260026193763,0.3134391144342957,0.9089654816039684
48,bernoulli,54,none,1.0,1.0,pca,none,,10,0.4627550626783863,0.564309346567411,0.444352034392496,0.6815917136488789
4,bernoulli,54,none,1.0,1.0,pca,none,,20,0.4479066344919366,0.6321988481842906,0.4129844162012108,0.8041434200772504
38,bernoulli,54,none,1.0,1.0,pca,none,,15,0.4340315146815177,0.5947154702407996,0.2028895352157685,0.9731260376421668
46,bernoulli,54,none,1.0,1.0,pca,none,,15,0.4430329890152787,0.572967027345049,0.3200148967725135,0.877066879423799
12,bernoulli,54,none,1.0,1.0,pca,none,,19,0.4266093015322468,0.5781627983000981,0.3247290811724379,0.872801572522243
8,bernoulli,54,none,1.0,1.0,pca,none,,17,0.4401891520982509,0.5629679337886025,0.3602981527802046,0.828980045626498
30,bernoulli,54,none,1.0,1.0,pca,none,,15,0.4432029111940005,0.5817957398786853,0.3574545381557022,0.8343803645129478
40,bernoulli,54,none,1.0,1.0,pca,none,,9,0.4332609187960843,0.5906373296541041,0.2785610696919784,0.955494535077801
28,bernoulli,54,none,1.0,1.0,pca,none,,14,0.4562006192069762,0.5550620189243517,0.3865991850694394,0.7743083222664897
2,bernoulli,54,none,1.0,1.0,pca,none,,25,0.4576952097242239,0.5480403160141722,0.3720638645043929,0.9363512742904768
13,bernoulli,54,none,1.0,1.0,pca,none,,14,0.4506908345906514,0.6072847853014038,0.4014354007421961,0.749866544650347
29,bernoulli,54,none,1.0,1.0,pca,none,,10,0.4335239972893965,0.60019869207422,0.2998293515476054,0.8995572731580195
21,bernoulli,54,none,1.0,1.0,pca,none,,15,0.4280751582181879,0.5107223476297968,0.2903510320035824,0.9082338152105592
1,bernoulli,54,none,1.0,1.0,pca,none,,23,0.463863364756041,0.554287406597412,0.3989105034917811,0.7500553175225795
15,bernoulli,54,none,1.0,1.0,pca,none,,14,0.427134960434646,0.5453354765731976,0.2159018211589632,0.9685008749756951
43,bernoulli,54,none,1.0,1.0,pca,none,,15,0.4392801919395077,0.5011998437412802,0.3212458572788523,0.8823589187724408
7,bernoulli,54,none,1.0,1.0,pca,none,,15,0.4363438793811361,0.5479890046296296,0.3160649094975366,0.88654150861862
49,bernoulli,54,none,1.0,1.0,pca,none,,10,0.4528374088141632,0.5869489397321428,0.3896515351365946,0.8564217755573628
27,bernoulli,54,none,1.0,1.0,pca,none,,16,0.4413555588774173,0.556649785255977,0.3435005887080649,0.867273876565912
23,bernoulli,54,none,1.0,1.0,pca,none,,10,0.4273861028964563,0.5422281111510361,0.2827542661282636,0.926755382451585
36,bernoulli,54,none,1.0,1.0,pca,none,,13,0.4574663096671035,0.5165325126262625,0.4194900243809772,0.685126007698453
24,bernoulli,54,none,1.0,1.0,pca,none,,13,0.4490275100317572,0.4476690620969228,0.2521375380449596,0.9341705622903628
3,bernoulli,54,none,1.0,1.0,pca,none,,24,0.4403476681008767,0.5583637311099531,0.3517107015406559,0.8693817709732296
22,bernoulli,54,none,1.0,1.0,pca,none,,14,0.4550476555181159,0.5515760716429613,0.3844148809011248,0.7910493827160494
20,bernoulli,54,none,1.0,1.0,pca,none,,10,0.4245641443890944,0.563047619047619,0.2913129682784705,0.9240499036621196
18,bernoulli,54,none,1.0,1.0,pca,none,,13,0.415819435244128,0.5839655488363569,0.2815867765378309,0.933903887419532
5,bernoulli,54,none,1.0,1.0,pca,none,,23,0.4538708993142895,0.5839990109931911,0.3777771871264521,0.797005818078615
42,bernoulli,54,none,1.0,1.0,pca,none,,12,0.4308645253292972,0.5961958068494452,0.3724785114977203,0.8262845691382765
9,bernoulli,54,none,1.0,1.0,pca,none,,10,0.4412694229465558,0.6182377049180328,0.3859532418689262,0.8378540910584797
32,bernoulli,54,none,1.0,1.0,pca,none,,14,0.4346216407209402,0.6789616914381411,0.4244463757758253,0.7968644354293443
17,bernoulli,54,none,1.0,1.0,pca,none,,13,0.439975089457167,0.489739837398374,0.4004937760134973,0.746810789755575
16,bernoulli,54,none,1.0,1.0,pca,none,,12,0.4425558968439148,0.5978144617530806,0.2857287551736922,0.9329383182615738
34,bernoulli,54,none,1.0,1.0,pca,none,,14,0.4348728626908129,0.6553044112285819,0.3002568168898569,0.9337039365129254
44,bernoulli,54,none,1.0,1.0,pca,none,,9,0.4390825022692419,0.6283249331874518,0.3119542124113318,0.9169422941590428
35,bernoulli,54,none,1.0,1.0,pca,none,,11,0.4349727524521783,0.5174895457563847,0.3243600009103808,0.8957098765432099
10,bernoulli,54,none,1.0,1.0,pca,none,,11,0.4212928570190511,0.5457903113904419,0.3153229405855103,0.9094012828136946
14,bernoulli,54,none,1.0,1.0,pca,none,,17,0.4165640963032292,0.558723414828066,0.2369502367798877,0.9475281662781662
45,bernoulli,54,none,1.0,1.0,pca,none,,14,0.4432304127545291,0.5066407335370936,0.4202719183124166,0.6009476031215162
39,bernoulli,54,none,1.0,1.0,pca,none,,14,0.4437712382217484,0.5731776989755714,0.3588527118374697,0.8135153174351781
6,bernoulli,54,none,1.0,1.0,pca,none,,22,0.4548860070725296,0.6560663021189337,0.4097843664081791,0.7717258776539836
11,bernoulli,54,none,1.0,1.0,pca,none,,14,0.4376511482995535,0.579925254637698,0.3281696266526299,0.8958276905019863
41,bernoulli,54,none,1.0,1.0,pca,none,,13,0.4168121342247693,0.5811013215859031,0.3049264973068474,0.9014578641697286
25,bernoulli,54,none,1.0,1.0,pca,none,,14,0.4940800384651395,0.5483263933376041,0.4893185088680009,0.9532732447817838
26,bernoulli,54,none,1.0,1.0,pca,none,,11,0.4479730832995022,0.5594890510948906,0.3057672003635711,0.9170085470085472
47,bernoulli,54,none,1.0,1.0,pca,none,,15,0.4339887692617861,0.5680461427541457,0.3662575653909216,0.8389863932163281
31,bernoulli,54,none,1.0,1.0,pca,none,,13,0.4330411947181665,0.61119347664937,0.3511578244123667,0.8300284161106992
19,bernoulli,54,none,1.0,1.0,pca,none,,15,0.426499644388898,0.6034686700767263,0.3491398946328077,0.8423310085047527
0,bernoulli,54,none,1.0,1.0,pca,none,,21,0.4532076497173469,0.5888873396542109,0.3279090125068351,0.8929376829661171
33,bernoulli,54,none,1.0,1.0,pca,none,,13,0.4399890937320486,0.5782683867535576,0.2641754992078445,0.9312015503875968
38,bernoulli,54,none,1.0,1.0,pca,none,,16,0.4424683275579762,0.5703941390277146,0.2027041127839423,0.9746621359524584
48,bernoulli,54,none,1.0,1.0,pca,none,,11,0.4665693263163253,0.5843672456575684,0.4489282249067183,0.6060869280188804
37,bernoulli,54,none,1.0,1.0,pca,none,,15,0.4304729219154866,0.6445435559803193,0.3212542529511118,0.906676312525837
4,bernoulli,54,none,1.0,1.0,pca,none,,21,0.449764417865691,0.6498960166373381,0.408810214294193,0.7885373180913737
30,bernoulli,54,none,1.0,1.0,pca,none,,16,0.4375038487401337,0.5664973903230357,0.356698017161157,0.8308995945797873
46,bernoulli,54,none,1.0,1.0,pca,none,,16,0.4429113165812494,0.5990522599953956,0.3230047362219491,0.894494909200038
12,bernoulli,54,none,1.0,1.0,pca,none,,20,0.4269111061185801,0.5772311212814645,0.3237311591922077,0.8834273053314021
40,bernoulli,54,none,1.0,1.0,pca,none,,10,0.4251786613796132,0.5832909737854912,0.2713286824746505,0.9524417164701448
8,bernoulli,54,none,1.0,1.0,pca,none,,18,0.4481093265873004,0.5855800734220187,0.3693346593422159,0.819760894048341
2,bernoulli,54,none,1.0,1.0,pca,none,,26,0.4268296484642296,0.5600008802623182,0.266852459904878,0.9355452471816468
28,bernoulli,54,none,1.0,1.0,pca,none,,15,0.4575236186981819,0.5389076825023289,0.3853952320255787,0.7835048694112439
13,bernoulli,54,none,1.0,1.0,pca,none,,15,0.4590188358437539,0.5909630470685384,0.404335388708014,0.7440555174254557
29,bernoulli,54,none,1.0,1.0,pca,none,,11,0.4642130475896135,0.5343408742451266,0.4165501630348451,0.9031405472636816
1,bernoulli,54,none,1.0,1.0,pca,none,,24,0.4688702746900415,0.538659558957536,0.3977992986509873,0.7781197406446335
21,bernoulli,54,none,1.0,1.0,pca,none,,16,0.4289009003574849,0.5105191873589165,0.2878047540722014,0.9141936787285624
15,bernoulli,54,none,1.0,1.0,pca,none,,15,0.4281348874697598,0.5745817705542656,0.2168924018106093,0.975430682481042
43,bernoulli,54,none,1.0,1.0,pca,none,,16,0.4382968695810111,0.4965678888330822,0.3206680813041586,0.884746968362577
7,bernoulli,54,none,1.0,1.0,pca,none,,16,0.4411100389565384,0.5576244212962964,0.3230290358390846,0.8866815511915622
49,bernoulli,54,none,1.0,1.0,pca,none,,11,0.4524994182056038,0.6338006882440477,0.3677126396114355,0.8631346578366446
27,bernoulli,54,none,1.0,1.0,pca,none,,17,0.4453642965610357,0.5520585268456026,0.3426229902095085,0.843437535915412
23,bernoulli,54,none,1.0,1.0,pca,none,,11,0.4304555098198833,0.5364265181458857,0.2902497191242958,0.9289108597774616
42,bernoulli,54,none,1.0,1.0,pca,none,,13,0.4321791452633273,0.525946304904658,0.3521772837235996,0.8219639278557114
3,bernoulli,54,none,1.0,1.0,pca,none,,25,0.4412038727389322,0.5214304325169359,0.3382394346333757,0.875290983973498
36,bernoulli,54,none,1.0,1.0,pca,none,,14,0.4576435552043023,0.5383522727272727,0.4196796339523527,0.6822027743481734
22,bernoulli,54,none,1.0,1.0,pca,none,,15,0.4557842784437041,0.5561395126612517,0.3854971964792314,0.8022622053872054
24,bernoulli,54,none,1.0,1.0,pca,none,,14,0.4492303432129635,0.445273631840796,0.2519263763423072,0.935570345720096
18,bernoulli,54,none,1.0,1.0,pca,none,,14,0.4273002197857842,0.5681876488913322,0.2849128154363439,0.9337916063675832
5,bernoulli,54,none,1.0,1.0,pca,none,,24,0.4593667892448879,0.5475293849138423,0.3825669376855663,0.8132842749700987
20,bernoulli,54,none,1.0,1.0,pca,none,,11,0.4261813252744781,0.5755833333333333,0.2987404114888313,0.91490900711172
34,bernoulli,54,none,1.0,1.0,pca,none,,15,0.4356991454666562,0.6092599343784177,0.3012948790633827,0.9329427594877032
9,bernoulli,54,none,1.0,1.0,pca,none,,11,0.4359237682408478,0.6043784153005464,0.3749767137291072,0.8337004482298069
17,bernoulli,54,none,1.0,1.0,pca,none,,14,0.4305647478182012,0.5046341463414634,0.3945681677437961,0.7353361249066771
35,bernoulli,54,none,1.0,1.0,pca,none,,12,0.4346189321687372,0.5605807713706277,0.3222923845683023,0.8940534979423869
14,bernoulli,54,none,1.0,1.0,pca,none,,18,0.4329161289249687,0.4449910554561717,0.2635762924446317,0.9365773115773116
16,bernoulli,54,none,1.0,1.0,pca,none,,13,0.4425822433724494,0.5768983957219251,0.2843187129729062,0.9314050479146984
10,bernoulli,54,none,1.0,1.0,pca,none,,12,0.429285971561216,0.5378729135207934,0.3157935037363603,0.9082384674199304
32,bernoulli,54,none,1.0,1.0,pca,none,,15,0.4369111185055667,0.6763240527527736,0.4176573083238362,0.7885818120351589
39,bernoulli,54,none,1.0,1.0,pca,none,,15,0.4363443916314444,0.5977048857368007,0.3554980926140587,0.8386352323634553
44,bernoulli,54,none,1.0,1.0,pca,none,,10,0.431206083134771,0.6380822556633723,0.3040927804843829,0.9158251231527096
6,bernoulli,54,none,1.0,1.0,pca,none,,23,0.4730635220333534,0.6258373205741627,0.4281364710865129,0.778021862518394
45,bernoulli,54,none,1.0,1.0,pca,none,,15,0.4976383553346317,0.4755487635454292,0.4969217344414062,0.5783862876254181
11,bernoulli,54,none,1.0,1.0,pca,none,,15,0.4376799519885024,0.569691336509043,0.3285518549151982,0.9014987360057783
26,bernoulli,54,none,1.0,1.0,pca,none,,12,0.4521495415363056,0.5615328467153284,0.305004554014915,0.8806623931623931
31,bernoulli,54,none,1.0,1.0,pca,none,,14,0.4335212303207589,0.6039967877440079,0.3506673755470122,0.8606169178815584
47,bernoulli,54,none,1.0,1.0,pca,none,,16,0.4445975738551859,0.5621485219899063,0.3748496270683034,0.8345071414485733
41,bernoulli,54,none,1.0,1.0,pca,none,,14,0.4169946353313418,0.5634214390602056,0.3107554377159108,0.8956797439848287
19,bernoulli,54,none,1.0,1.0,pca,none,,16,0.4291167022576213,0.6614450127877236,0.3499636001051314,0.8360260145375357
25,bernoulli,54,none,1.0,1.0,pca,none,,15,0.450610087673087,0.4304932735426009,0.3328139224492152,0.9452561669829224
0,bernoulli,54,none,1.0,1.0,pca,none,,22,0.459604193803969,0.5845231455660904,0.324262581585572,0.8832308489627835
38,bernoulli,54,none,1.0,1.0,pca,none,,17,0.4420851491278996,0.5763715356656065,0.2094003156758436,0.9730057875219166
46,bernoulli,54,none,1.0,1.0,pca,none,,17,0.4441141602105675,0.6153403422607627,0.3234275908495607,0.886487238231871
30,bernoulli,54,none,1.0,1.0,pca,none,,17,0.4375987452378755,0.5766680773028636,0.3574571435756398,0.8405712407319479
33,bernoulli,54,none,1.0,1.0,pca,none,,14,0.4339752752550097,0.5662721106530124,0.2694003575154844,0.9395533407161314
37,bernoulli,54,none,1.0,1.0,pca,none,,16,0.4327751715086757,0.5942798485009381,0.3240813113374541,0.9086037618850764
48,bernoulli,54,none,1.0,1.0,pca,none,,12,0.462811620223338,0.5583126550868487,0.4473923416208679,0.623819981644159
4,bernoulli,54,none,1.0,1.0,pca,none,,22,0.4484639502244489,0.6457566789313709,0.4100434647758346,0.7751843470797083
2,bernoulli,54,none,1.0,1.0,pca,none,,27,0.4262163406517655,0.5589885785964217,0.2678466201599961,0.9359455191472562
12,bernoulli,54,none,1.0,1.0,pca,none,,21,0.4261360614948935,0.5741337038247794,0.3162647802306663,0.8672063590592455
8,bernoulli,54,none,1.0,1.0,pca,none,,19,0.443017987806395,0.5691653837550493,0.3645799250670478,0.8259984406133587
28,bernoulli,54,none,1.0,1.0,pca,none,,16,0.4590913850747928,0.5576457322155219,0.3857562485075702,0.7937638335546703
40,bernoulli,54,none,1.0,1.0,pca,none,,11,0.4319426054147057,0.6030184203519473,0.2751617156638867,0.956016798578582
13,bernoulli,54,none,1.0,1.0,pca,none,,16,0.4470762493227652,0.6070654417836499,0.3961532788810343,0.7627240143369175
15,bernoulli,54,none,1.0,1.0,pca,none,,16,0.4302556356729249,0.5227123891171043,0.2056597590562278,0.9728796422321602
29,bernoulli,54,none,1.0,1.0,pca,none,,12,0.4387299584976447,0.5943083325510812,0.3078921224755646,0.8998089907604834
1,bernoulli,54,none,1.0,1.0,pca,none,,25,0.4664045944056687,0.5435233278658648,0.396458836376588,0.7651922032466356
7,bernoulli,54,none,1.0,1.0,pca,none,,17,0.4324434331880273,0.4992549189814814,0.3157968893430047,0.8804116451401227
21,bernoulli,54,none,1.0,1.0,pca,none,,17,0.429507425895728,0.4959593679458239,0.2890520867198984,0.9127009068869534
43,bernoulli,54,none,1.0,1.0,pca,none,,17,0.446654255905723,0.5096266532730621,0.3203266419801135,0.8849671431474833
27,bernoulli,54,none,1.0,1.0,pca,none,,18,0.4431313756099395,0.5615374216158318,0.3426638044784797,0.8427824388001379
23,bernoulli,54,none,1.0,1.0,pca,none,,12,0.429468914267056,0.5183704635285663,0.2851260312934296,0.9259231518238334
42,bernoulli,54,none,1.0,1.0,pca,none,,14,0.4376233812469469,0.5099452929829553,0.3564259563050328,0.8276553106212425
49,bernoulli,54,none,1.0,1.0,pca,none,,12,0.4503510840760256,0.5782645089285714,0.3840307780078288,0.8631733860036404
3,bernoulli,54,none,1.0,1.0,pca,none,,26,0.4383336707332652,0.5284436338370679,0.3379184072020861,0.876499686632644
18,bernoulli,54,none,1.0,1.0,pca,none,,15,0.4169108648757453,0.582737768004398,0.2793902261156322,0.9345443052713877
22,bernoulli,54,none,1.0,1.0,pca,none,,16,0.4547876077413477,0.5530032954782118,0.3832356002687868,0.7796576879910213
36,bernoulli,54,none,1.0,1.0,pca,none,,15,0.4666647145395093,0.5126262626262625,0.4369502530480161,0.7180623138935289
24,bernoulli,54,none,1.0,1.0,pca,none,,15,0.4498910931090706,0.4561267735397088,0.2531052057744834,0.9356231677363124
5,bernoulli,54,none,1.0,1.0,pca,none,,25,0.4510837155036334,0.5785024154589371,0.3811968750758542,0.7912282835654484
34,bernoulli,54,none,1.0,1.0,pca,none,,16,0.4348081302343739,0.6503827925628873,0.3008742250686891,0.9282332835703624
14,bernoulli,54,none,1.0,1.0,pca,none,,19,0.4368502014718557,0.5080003975352813,0.2800099001139006,0.953810945998446
35,bernoulli,54,none,1.0,1.0,pca,none,,13,0.4357251542274674,0.5222724743803729,0.3221647162387444,0.8968930041152263
9,bernoulli,54,none,1.0,1.0,pca,none,,12,0.4361465158116288,0.6046379781420764,0.3725311149172605,0.8380498856699323
10,bernoulli,54,none,1.0,1.0,pca,none,,13,0.4236208501158348,0.5631657348079826,0.3163677003712423,0.91087205844873
39,bernoulli,54,none,1.0,1.0,pca,none,,16,0.4456842777904435,0.5835500394011033,0.3612140991098975,0.8202859857912123
20,bernoulli,54,none,1.0,1.0,pca,none,,12,0.4243968540570314,0.5616904761904762,0.2873459315048638,0.9209453274527752
17,bernoulli,54,none,1.0,1.0,pca,none,,15,0.4409423855160117,0.5218536585365854,0.4012154248157237,0.7334534359074236
16,bernoulli,54,none,1.0,1.0,pca,none,,14,0.4506601015458974,0.5520018600325506,0.2845464221191824,0.930608719125388
32,bernoulli,54,none,1.0,1.0,pca,none,,16,0.4337232757107957,0.6897215825832111,0.4124037608674019,0.7866168018931711
6,bernoulli,54,none,1.0,1.0,pca,none,,24,0.4615723715148178,0.6423786739576214,0.4094962304550798,0.8053605213369772
44,bernoulli,54,none,1.0,1.0,pca,none,,11,0.4306740273081853,0.6555880401054652,0.3052912135205229,0.9173117522871218
11,bernoulli,54,none,1.0,1.0,pca,none,,16,0.4334815283913106,0.6120405871190115,0.3257057605617559,0.901882448537378
45,bernoulli,54,none,1.0,1.0,pca,none,,16,0.4506113608223378,0.5464851347596554,0.427061431214614,0.6278428093645485
19,bernoulli,54,none,1.0,1.0,pca,none,,17,0.4461625669079874,0.6336796675191816,0.3758733236087095,0.8457667520084753
26,bernoulli,54,none,1.0,1.0,pca,none,,13,0.4828769684005145,0.4965693430656934,0.4591575620473218,0.9010897435897436
47,bernoulli,54,none,1.0,1.0,pca,none,,17,0.438080589748197,0.5740447007930786,0.3733302133861237,0.8380285657942925
31,bernoulli,54,none,1.0,1.0,pca,none,,15,0.4388573571170733,0.6067354418911127,0.3514410550905938,0.8642512972572275
41,bernoulli,54,none,1.0,1.0,pca,none,,15,0.4135876577956884,0.5738619676945669,0.3056659759364094,0.8981984117577339
25,bernoulli,54,none,1.0,1.0,pca,none,,16,0.4255561758684402,0.4931133888532992,0.232421810887432,0.9377134724857684
46,bernoulli,54,none,1.0,1.0,pca,none,,18,0.4434835789338039,0.6326836006446167,0.3201666476645026,0.8795848308068424
38,bernoulli,54,none,1.0,1.0,pca,none,,18,0.4347341507232189,0.6082036574284416,0.2014841877558157,0.9749802169157008
30,bernoulli,54,none,1.0,1.0,pca,none,,18,0.4434366032898474,0.5708139370856256,0.3570950582568272,0.8469630008400597
0,bernoulli,54,none,1.0,1.0,pca,none,,23,0.4536162048836925,0.622734244283324,0.3294064272811408,0.892160295827322
48,bernoulli,54,none,1.0,1.0,pca,none,,13,0.4649215761317384,0.5540391508133443,0.4515280370529986,0.6658909138586601
33,bernoulli,54,none,1.0,1.0,pca,none,,15,0.4385469715706673,0.5600744779890943,0.2802107604653182,0.939091915836102
37,bernoulli,54,none,1.0,1.0,pca,none,,17,0.4326145008425676,0.6121022264698595,0.31658180688199,0.9115026870607688
2,bernoulli,54,none,1.0,1.0,pca,none,,28,0.4285205600840336,0.5006932065755595,0.2687162572170828,0.9352217397025926
4,bernoulli,54,none,1.0,1.0,pca,none,,23,0.448819024082539,0.6315989441689329,0.4116120252594525,0.8009636767976278
12,bernoulli,54,none,1.0,1.0,pca,none,,22,0.4279135411540548,0.5573226544622426,0.3192321188615777,0.8762845713497482
8,bernoulli,54,none,1.0,1.0,pca,none,,20,0.4501731519561491,0.5626455611258043,0.3635025580865819,0.8339758583845909
28,bernoulli,54,none,1.0,1.0,pca,none,,17,0.4587255844042635,0.5520125508653233,0.3851328225584133,0.801267153607791
15,bernoulli,54,none,1.0,1.0,pca,none,,17,0.4293936331424859,0.5321783651842591,0.2153492010282216,0.971401905502625
40,bernoulli,54,none,1.0,1.0,pca,none,,12,0.4351087170978558,0.6008096725001815,0.2780202620166803,0.9507833952511712
13,bernoulli,54,none,1.0,1.0,pca,none,,17,0.4785609632539381,0.5653772708505367,0.4549652254261682,0.7624037214977504
27,bernoulli,54,none,1.0,1.0,pca,none,,19,0.4432721493324327,0.5717234637742952,0.3406386451437933,0.8432651419377084
7,bernoulli,54,none,1.0,1.0,pca,none,,18,0.4313225415626208,0.5561414930555556,0.3158701605492137,0.8915790400281687
43,bernoulli,54,none,1.0,1.0,pca,none,,18,0.446477770819093,0.4856855851330989,0.321238052817662,0.8775150735045051
23,bernoulli,54,none,1.0,1.0,pca,none,,13,0.4335250456393604,0.5412249970056294,0.2886253866669719,0.9236345175975168
42,bernoulli,54,none,1.0,1.0,pca,none,,15,0.4388627049107255,0.553568605129178,0.354420993686282,0.8344048096192385
29,bernoulli,54,none,1.0,1.0,pca,none,,13,0.4340762812745313,0.5885040207766199,0.3023759874017875,0.9153488509831794
1,bernoulli,54,none,1.0,1.0,pca,none,,26,0.4733206280522067,0.5259078275924913,0.4108484331216467,0.7543633791295368
21,bernoulli,54,none,1.0,1.0,pca,none,,18,0.4318663753305281,0.5192776523702032,0.2913448212745166,0.9155517643889736
3,bernoulli,54,none,1.0,1.0,pca,none,,27,0.4417563712443726,0.5174787215563662,0.3378440736665517,0.8640657176112454
49,bernoulli,54,none,1.0,1.0,pca,none,,13,0.4547803993623435,0.6406482514880953,0.3673623460081065,0.8613660715438338
18,bernoulli,54,none,1.0,1.0,pca,none,,16,0.4177974456836854,0.546747297049661,0.2872756424672687,0.9276660512001598
22,bernoulli,54,none,1.0,1.0,pca,none,,17,0.4554448267050425,0.5484337290357357,0.3828084517284352,0.8042087542087543
36,bernoulli,54,none,1.0,1.0,pca,none,,16,0.4567035739346634,0.5457307449494949,0.4187268663535481,0.6750671798968697
24,bernoulli,54,none,1.0,1.0,pca,none,,16,0.449060229652097,0.4760641238253179,0.2517879891196182,0.9353722631592848
14,bernoulli,54,none,1.0,1.0,pca,none,,20,0.4342586642846568,0.4721228384019081,0.2623450202070502,0.9482201825951828
5,bernoulli,54,none,1.0,1.0,pca,none,,26,0.4506328384733517,0.6006789912130549,0.3849348093240122,0.7898700561535812
34,bernoulli,54,none,1.0,1.0,pca,none,,17,0.4417123830125237,0.6536638716733503,0.3056452078077136,0.9336351850396796
39,bernoulli,54,none,1.0,1.0,pca,none,,17,0.4506354673072014,0.6138691883372734,0.3654438376936497,0.8440314041359338
35,bernoulli,54,none,1.0,1.0,pca,none,,14,0.4367469710237906,0.5220122399899496,0.3258756560248417,0.884104938271605
10,bernoulli,54,none,1.0,1.0,pca,none,,14,0.4285072416252255,0.5488919724115413,0.3143420052704183,0.9079517458159884
20,bernoulli,54,none,1.0,1.0,pca,none,,13,0.4254312564161381,0.5543809523809523,0.2925099786254527,0.9225968339723852
17,bernoulli,54,none,1.0,1.0,pca,none,,16,0.4344474876077845,0.4993495934959349,0.3930152054131054,0.736326159639043
6,bernoulli,54,none,1.0,1.0,pca,none,,25,0.4564949540781707,0.6471462747778537,0.4124186833022036,0.8052869455539206
9,bernoulli,54,none,1.0,1.0,pca,none,,13,0.4427974517731282,0.6158060109289618,0.3713620671434591,0.8416021593348576
26,bernoulli,54,none,1.0,1.0,pca,none,,14,0.4489968622614135,0.5573357664233577,0.3061186606146804,0.9189529914529916
11,bernoulli,54,none,1.0,1.0,pca,none,,17,0.4341465973868011,0.5932767902095193,0.325704456673414,0.8921542072950525
16,bernoulli,54,none,1.0,1.0,pca,none,,15,0.4441245949300716,0.563980469658219,0.2835853233871971,0.9337778377648804
47,bernoulli,54,none,1.0,1.0,pca,none,,18,0.4337102888051428,0.5832299927901946,0.3683370694701695,0.8469870693298026
19,bernoulli,54,none,1.0,1.0,pca,none,,18,0.4319480560662143,0.615537084398977,0.3507149865278995,0.8401386068685441
31,bernoulli,54,none,1.0,1.0,pca,none,,16,0.4352363026538095,0.6046248249732312,0.3509102705143327,0.8678136067869203
44,bernoulli,54,none,1.0,1.0,pca,none,,12,0.4324140050046121,0.627257726041648,0.3114100761197665,0.920161857846587
45,bernoulli,54,none,1.0,1.0,pca,none,,17,0.4976378013748483,0.490580716865796,0.4969366077400212,0.5893534002229655
32,bernoulli,54,none,1.0,1.0,pca,none,,17,0.4392353281090366,0.6656269625287837,0.4281983667703312,0.7880324543610548
41,bernoulli,54,none,1.0,1.0,pca,none,,16,0.4162037741851527,0.514625550660793,0.3150632873794715,0.8862273319900439
25,bernoulli,54,none,1.0,1.0,pca,none,,17,0.4253297389150379,0.639654067905189,0.2331168579080823,0.942979127134725
46,bernoulli,54,none,1.0,1.0,pca,none,,19,0.4437368021600814,0.6143171411761696,0.3206431845105573,0.8827469092878737
30,bernoulli,54,none,1.0,1.0,pca,none,,19,0.4402687810740096,0.5700804062632246,0.3595321353203501,0.8396471748420321
38,bernoulli,54,none,1.0,1.0,pca,none,,19,0.4371109492842046,0.5981798046342571,0.2088066129382651,0.970364163912551
2,bernoulli,54,none,1.0,1.0,pca,none,,29,0.4297328751621108,0.557052001496446,0.2691683606831613,0.9373382462604728
0,bernoulli,54,none,1.0,1.0,pca,none,,24,0.4540087861479681,0.5805354155047406,0.3268975049909411,0.8829997338674661
33,bernoulli,54,none,1.0,1.0,pca,none,,16,0.4364206589922941,0.6121292725096421,0.2687495270436583,0.9404300479881876
37,bernoulli,54,none,1.0,1.0,pca,none,,18,0.4351156520568128,0.6346854978584828,0.3209250338695295,0.909167011161637
4,bernoulli,54,none,1.0,1.0,pca,none,,24,0.4543158405048371,0.6162613981762918,0.3986425246270936,0.7943505910811127
48,bernoulli,54,none,1.0,1.0,pca,none,,14,0.4796451549913225,0.5905017921146953,0.4659586127325066,0.5915333682968402
12,bernoulli,54,none,1.0,1.0,pca,none,,23,0.4394187574723292,0.570807453416149,0.3278771099861829,0.8722842954686532
8,bernoulli,54,none,1.0,1.0,pca,none,,21,0.4417190793565481,0.5827313517283123,0.3600744406904164,0.8376288659793815
27,bernoulli,54,none,1.0,1.0,pca,none,,20,0.4497535507545447,0.5727321887251589,0.3427730571168707,0.8545397080795312
28,bernoulli,54,none,1.0,1.0,pca,none,,18,0.457906797286503,0.5521253125459626,0.3868401076893187,0.7691124391323594
13,bernoulli,54,none,1.0,1.0,pca,none,,18,0.4718264238983968,0.6354639760528488,0.436194174072,0.7573705483108366
15,bernoulli,54,none,1.0,1.0,pca,none,,18,0.4309275506622803,0.5190212537953206,0.2152866047456129,0.9745907058137274
7,bernoulli,54,none,1.0,1.0,pca,none,,19,0.4322185186369354,0.562572337962963,0.316544326042127,0.887885917318865
40,bernoulli,54,none,1.0,1.0,pca,none,,13,0.4388592585622823,0.5834241037929949,0.2750627716988832,0.951887148010553
43,bernoulli,54,none,1.0,1.0,pca,none,,19,0.4485404325108869,0.4743289246051677,0.3243807537288871,0.8847893096673667
23,bernoulli,54,none,1.0,1.0,pca,none,,14,0.4335234473343033,0.4981958917235597,0.2884369731951993,0.9274544561788962
3,bernoulli,54,none,1.0,1.0,pca,none,,28,0.4361785277047698,0.5441853395865902,0.337614553049109,0.8764549198674905
42,bernoulli,54,none,1.0,1.0,pca,none,,16,0.436171592563358,0.5422002972520001,0.353544276219802,0.8350460921843688
1,bernoulli,54,none,1.0,1.0,pca,none,,27,0.4681401895572166,0.5435916712228905,0.4134922779612253,0.7645283929756804
29,bernoulli,54,none,1.0,1.0,pca,none,,14,0.4393330727944496,0.606519290340749,0.3018957643692885,0.8988539445628998
18,bernoulli,54,none,1.0,1.0,pca,none,,17,0.4178141370354639,0.5829851566794941,0.2830131946207272,0.9302443568375002
21,bernoulli,54,none,1.0,1.0,pca,none,,19,0.4371995575491646,0.5427200902934537,0.2952354355828606,0.9165955822932568
49,bernoulli,54,none,1.0,1.0,pca,none,,14,0.4544164570729168,0.5838797433035714,0.3825393013304357,0.8670203839252288
22,bernoulli,54,none,1.0,1.0,pca,none,,18,0.4548734769604358,0.5488257561836157,0.3834800932528258,0.7990179573512906
14,bernoulli,54,none,1.0,1.0,pca,none,,21,0.4386667293746134,0.5273305505863646,0.2826503620831329,0.9532828282828284
39,bernoulli,54,none,1.0,1.0,pca,none,,18,0.4460194313687387,0.5877167060677699,0.3588090877520214,0.8126442372958054
35,bernoulli,54,none,1.0,1.0,pca,none,,15,0.4429223515668169,0.5808970010229904,0.3311063788014132,0.8637345679012346
36,bernoulli,54,none,1.0,1.0,pca,none,,17,0.4609314384708449,0.5144018308080808,0.4233419732872927,0.6874500689955698
34,bernoulli,54,none,1.0,1.0,pca,none,,18,0.4453196943270793,0.6691578563616479,0.3027108829366415,0.9325155181896756
10,bernoulli,54,none,1.0,1.0,pca,none,,15,0.424094156195494,0.5762763743215116,0.3193400554799767,0.907303967377453
24,bernoulli,54,none,1.0,1.0,pca,none,,17,0.450122355675021,0.4820066334991707,0.2519458503560079,0.935557140216042
5,bernoulli,54,none,1.0,1.0,pca,none,,27,0.4565763573498589,0.5814789455665867,0.378976166557038,0.8014555332562995
6,bernoulli,54,none,1.0,1.0,pca,none,,26,0.4731164851109037,0.6131578947368421,0.4286370528732833,0.8074731973933152
17,bernoulli,54,none,1.0,1.0,pca,none,,17,0.4330963168204067,0.5051869918699187,0.3940726343495912,0.7356607264582725
31,bernoulli,54,none,1.0,1.0,pca,none,,17,0.4351074499576094,0.6109051972654641,0.349731551831081,0.8671443867885676
47,bernoulli,54,none,1.0,1.0,pca,none,,19,0.4442402327874757,0.5721989906272531,0.3769536191314463,0.8546215173113222
26,bernoulli,54,none,1.0,1.0,pca,none,,15,0.453024096599634,0.5666788321167884,0.3020129683635915,0.911068376068376
11,bernoulli,54,none,1.0,1.0,pca,none,,18,0.4380628677532074,0.5913984741102203,0.327999272555033,0.8935084868183459
19,bernoulli,54,none,1.0,1.0,pca,none,,19,0.4413565379818754,0.6466272378516624,0.3639011631336162,0.8013522262440775
20,bernoulli,54,none,1.0,1.0,pca,none,,14,0.4355328818498197,0.5629226190476191,0.2990568445083502,0.9185960914345702
16,bernoulli,54,none,1.0,1.0,pca,none,,16,0.4455200681961526,0.5844454777958614,0.2837378879096263,0.9324497233094884
9,bernoulli,54,none,1.0,1.0,pca,none,,14,0.4430532028453999,0.6124043715846994,0.377693516475184,0.8390218660625004
44,bernoulli,54,none,1.0,1.0,pca,none,,13,0.4324669674017179,0.6246390328771547,0.3055969383954241,0.9214109781843772
32,bernoulli,54,none,1.0,1.0,pca,none,,18,0.4589442458770666,0.6557881515595562,0.42016633480931,0.7844299357674105
45,bernoulli,54,none,1.0,1.0,pca,none,,18,0.4883826646391311,0.4970825229230341,0.4846419091245015,0.6091973244147157
46,bernoulli,54,none,1.0,1.0,pca,none,,20,0.4448850822474566,0.5983104392090655,0.3229400628853657,0.8914279858584824
30,bernoulli,54,none,1.0,1.0,pca,none,,20,0.4480543220785786,0.5773028635914798,0.3636623762387851,0.8480806457503928
41,bernoulli,54,none,1.0,1.0,pca,none,,17,0.4164360143104558,0.5802936857562409,0.3100670039921135,0.899917032120422
25,bernoulli,54,none,1.0,1.0,pca,none,,18,0.4504282053134963,0.5454035874439462,0.322118286205695,0.9507590132827324
38,bernoulli,54,none,1.0,1.0,pca,none,,20,0.4357754915608552,0.6043133802816901,0.2011570137978952,0.9711632453567938
2,bernoulli,54,none,1.0,1.0,pca,none,,30,0.4424421763220799,0.573347857661583,0.278424802205907,0.9329955695924902
0,bernoulli,54,none,1.0,1.0,pca,none,,25,0.4540627083512082,0.6315672058003347,0.3274509454709154,0.8917891109772667
33,bernoulli,54,none,1.0,1.0,pca,none,,17,0.4406643937810223,0.5508445271977657,0.2676499820204682,0.9346160944998154
4,bernoulli,54,none,1.0,1.0,pca,none,,25,0.4508686119855972,0.6424172132458806,0.4071595390656018,0.7999102649135812
37,bernoulli,54,none,1.0,1.0,pca,none,,19,0.4421665260813422,0.6363314572935471,0.3164872901648528,0.9137556841670113
48,bernoulli,54,none,1.0,1.0,pca,none,,15,0.4653957359362474,0.5482147780534877,0.4484564574484558,0.6600072112232857
27,bernoulli,54,none,1.0,1.0,pca,none,,21,0.4443160670941229,0.5819303043853538,0.3408578671639085,0.8709429950580392
15,bernoulli,54,none,1.0,1.0,pca,none,,19,0.4310046555418128,0.5351550872179556,0.2087146051746085,0.9748706980361656
7,bernoulli,54,none,1.0,1.0,pca,none,,20,0.4375785348430908,0.5729456018518518,0.316440980677003,0.8895184135977336
13,bernoulli,54,none,1.0,1.0,pca,none,,19,0.4535094143280411,0.6156714492155243,0.3982050161333627,0.7853732936780294
8,bernoulli,54,none,1.0,1.0,pca,none,,22,0.4436774772160035,0.5758759983683996,0.3649850698252401,0.823457217938722
12,bernoulli,54,none,1.0,1.0,pca,none,,24,0.4299366315457755,0.5715102974828375,0.3226206355725295,0.8802417408097111
28,bernoulli,54,none,1.0,1.0,pca,none,,19,0.4581475603864029,0.570309359219493,0.3931975341435781,0.8054836210712705
43,bernoulli,54,none,1.0,1.0,pca,none,,20,0.4418438455587092,0.4813187119816954,0.3175665338331736,0.886677731860985
23,bernoulli,54,none,1.0,1.0,pca,none,,15,0.4322097616468425,0.532608695652174,0.2841770001576047,0.9306169325643522
40,bernoulli,54,none,1.0,1.0,pca,none,,14,0.4369904070724399,0.5939171689298768,0.2790762022868551,0.952393259031928
3,bernoulli,54,none,1.0,1.0,pca,none,,29,0.4421160737976261,0.4941809970470732,0.3367102517916471,0.8768913958277376
42,bernoulli,54,none,1.0,1.0,pca,none,,17,0.43789057667823,0.5386585712930462,0.353924067471895,0.8262124248496994
18,bernoulli,54,none,1.0,1.0,pca,none,,18,0.4190644848326375,0.5742899028770386,0.2821467197560804,0.930078014538317
29,bernoulli,54,none,1.0,1.0,pca,none,,15,0.4529773701863734,0.5825354360274101,0.3499938619450081,0.9244032812129828
1,bernoulli,54,none,1.0,1.0,pca,none,,28,0.4678401381814586,0.5382267176963733,0.4020099922190916,0.7679279061814817
22,bernoulli,54,none,1.0,1.0,pca,none,,19,0.456391612376162,0.5318828328861773,0.3854359437228498,0.8020552749719416
14,bernoulli,54,none,1.0,1.0,pca,none,,22,0.4342804016733047,0.5756310872589943,0.2587935249375724,0.9475281662781664
49,bernoulli,54,none,1.0,1.0,pca,none,,15,0.4570499155520428,0.5688592819940477,0.3832830145539053,0.8589907439680879
34,bernoulli,54,none,1.0,1.0,pca,none,,19,0.4387027692233931,0.6619394823186293,0.3004651700152228,0.9327610591655536
39,bernoulli,54,none,1.0,1.0,pca,none,,19,0.4570744485898618,0.6017631993695823,0.3789804720200888,0.8084302457124757
21,bernoulli,54,none,1.0,1.0,pca,none,,20,0.4385123631192761,0.5714446952595936,0.2943541892606496,0.917370027835144
10,bernoulli,54,none,1.0,1.0,pca,none,,16,0.4289548696952752,0.5809390686854671,0.3129873528667612,0.9095658822529946
35,bernoulli,54,none,1.0,1.0,pca,none,,16,0.4371401805777935,0.5428668856224986,0.3247268785419851,0.8759053497942386
24,bernoulli,54,none,1.0,1.0,pca,none,,18,0.4519213277038398,0.4851851851851852,0.2547238610646054,0.9382642685471304
6,bernoulli,54,none,1.0,1.0,pca,none,,27,0.4633112095220881,0.6076384142173616,0.3958986023581208,0.7911814168593652
36,bernoulli,54,none,1.0,1.0,pca,none,,18,0.4579004190279744,0.5425347222222222,0.4199309946888527,0.6798968697799405
5,bernoulli,54,none,1.0,1.0,pca,none,,28,0.458348828472847,0.5692875347103351,0.3802388344466562,0.8233797563299479
26,bernoulli,54,none,1.0,1.0,pca,none,,16,0.454423507268292,0.5542700729927008,0.299302292159646,0.9061965811965812
31,bernoulli,54,none,1.0,1.0,pca,none,,18,0.4433407884642583,0.5956057985338935,0.3539314143179539,0.8256681904291245
47,bernoulli,54,none,1.0,1.0,pca,none,,20,0.4541169851001652,0.5948954578226389,0.3838064757611833,0.8395920782037919
19,bernoulli,54,none,1.0,1.0,pca,none,,20,0.4312595221256031,0.5966911764705882,0.351302580648098,0.8435449221623849
11,bernoulli,54,none,1.0,1.0,pca,none,,19,0.4393111275035363,0.5708434994771696,0.3262174540213597,0.8952464788732394
17,bernoulli,54,none,1.0,1.0,pca,none,,18,0.4368391665987707,0.5104065040650407,0.3923389598291196,0.7318953484597657
20,bernoulli,54,none,1.0,1.0,pca,none,,15,0.4269779780938173,0.5515357142857142,0.2926279629072961,0.9204012264676324
46,bernoulli,54,none,1.0,1.0,pca,none,,21,0.4446473591823349,0.6159222878776253,0.3215269002680456,0.8813708195785359
9,bernoulli,54,none,1.0,1.0,pca,none,,15,0.4413035281676297,0.6284357923497268,0.3749972383079561,0.845028565035278
16,bernoulli,54,none,1.0,1.0,pca,none,,17,0.4447250171847294,0.6083794466403161,0.2836659300193531,0.9320070184910244
30,bernoulli,54,none,1.0,1.0,pca,none,,21,0.4477546883246561,0.6007194244604317,0.3639340841377714,0.8341940903612257
44,bernoulli,54,none,1.0,1.0,pca,none,,14,0.4335497584665527,0.6178501605294782,0.3057403469261796,0.9169862772695284
32,bernoulli,54,none,1.0,1.0,pca,none,,19,0.4370373936788327,0.6822273393343102,0.4189346774514241,0.7951318458417849
45,bernoulli,54,none,1.0,1.0,pca,none,,19,0.4976394482805039,0.4316476799110864,0.4968997235415037,0.5829570791527314
38,bernoulli,54,none,1.0,1.0,pca,none,,21,0.4378861358167454,0.562712971376647,0.2016496909614945,0.9723424723424724
41,bernoulli,54,none,1.0,1.0,pca,none,,18,0.4150045223449281,0.5834948604992658,0.3089577544038218,0.8967168424795544
25,bernoulli,54,none,1.0,1.0,pca,none,,19,0.4827891199074341,0.4305333119795003,0.4652404374785387,0.9347248576850096
0,bernoulli,54,none,1.0,1.0,pca,none,,26,0.4538966383055881,0.5704545454545453,0.3274998272283841,0.8944994607314443
27,bernoulli,54,none,1.0,1.0,pca,none,,22,0.4443322988507867,0.5580900780981894,0.3425002463019662,0.8466699229973567
33,bernoulli,54,none,1.0,1.0,pca,none,,18,0.4398704920443163,0.550259342997739,0.2665478299387302,0.9364617940199336
4,bernoulli,54,none,1.0,1.0,pca,none,,26,0.4493751419502214,0.654055351143817,0.4127661366673072,0.8021926573290157
15,bernoulli,54,none,1.0,1.0,pca,none,,20,0.4304394644521677,0.5788756920878728,0.2107977757574992,0.9733540734979584
7,bernoulli,54,none,1.0,1.0,pca,none,,21,0.4335219693265334,0.5489728009259259,0.3168802478551353,0.8884620924761126
48,bernoulli,54,none,1.0,1.0,pca,none,,16,0.4732122855002809,0.5981527433140338,0.4513284155692997,0.6435525108168348
37,bernoulli,54,none,1.0,1.0,pca,none,,20,0.4333222716399041,0.6180843155994478,0.3139768749441385,0.9099627945431996
43,bernoulli,54,none,1.0,1.0,pca,none,,21,0.4428233801259544,0.5142865115240806,0.3210586602930244,0.8832565544339814
42,bernoulli,54,none,1.0,1.0,pca,none,,18,0.4425783546224943,0.5552604117256428,0.3573191760995689,0.8319038076152305
23,bernoulli,54,none,1.0,1.0,pca,none,,16,0.4332112179989998,0.4694574200503054,0.284928675205091,0.9253031400061584
8,bernoulli,54,none,1.0,1.0,pca,none,,23,0.4474285112318128,0.5960538954459927,0.3654211454142382,0.846263247567068
3,bernoulli,54,none,1.0,1.0,pca,none,,30,0.4439857360453824,0.4930627931214173,0.3381997717331816,0.8776300474527711
13,bernoulli,54,none,1.0,1.0,pca,none,,20,0.4766601868863712,0.6297223369116433,0.4499212328533155,0.7273392816289179
18,bernoulli,54,none,1.0,1.0,pca,none,,19,0.4193738333036337,0.5502107385010079,0.2859951378102248,0.9283813230866476
28,bernoulli,54,none,1.0,1.0,pca,none,,20,0.4610938599035997,0.5662107172623425,0.3956887855454673,0.7890216910137228
12,bernoulli,54,none,1.0,1.0,pca,none,,25,0.4297654341333378,0.5674893756129454,0.3203636105396077,0.8712324987930202
14,bernoulli,54,none,1.0,1.0,pca,none,,23,0.4344803449105189,0.5411200556549394,0.2584215974124105,0.9427568958818958
22,bernoulli,54,none,1.0,1.0,pca,none,,20,0.4579447070408874,0.5448564813113309,0.3852018217166019,0.807814253647587
40,bernoulli,54,none,1.0,1.0,pca,none,,15,0.4262417569020634,0.6023225134945416,0.2724482488924914,0.9541377268077316
34,bernoulli,54,none,1.0,1.0,pca,none,,20,0.4370142760814664,0.6454429456799127,0.2983866778135268,0.9333307142295908
29,bernoulli,54,none,1.0,1.0,pca,none,,16,0.4528521670071994,0.5858365405676021,0.3514742634563731,0.9224857853589198
10,bernoulli,54,none,1.0,1.0,pca,none,,17,0.4256063329493479,0.5330775823368568,0.3167525151024181,0.905753546852434
6,bernoulli,54,none,1.0,1.0,pca,none,,28,0.4801386808190732,0.6265208475734791,0.454012215961466,0.7772125289047719
1,bernoulli,54,none,1.0,1.0,pca,none,,29,0.4685924583180665,0.5882312739201749,0.4049958898783157,0.7690677824043342
35,bernoulli,54,none,1.0,1.0,pca,none,,17,0.4372850298669434,0.5778459771352681,0.3252252215587088,0.8880761316872428
39,bernoulli,54,none,1.0,1.0,pca,none,,20,0.4424435908521659,0.5938435776201734,0.3611203601561534,0.8067446490791439
49,bernoulli,54,none,1.0,1.0,pca,none,,16,0.4570543169248615,0.573602585565476,0.3852250894616094,0.8577643520132191
26,bernoulli,54,none,1.0,1.0,pca,none,,17,0.4520820750235114,0.5749635036496351,0.2961530188271211,0.9177136752136752
21,bernoulli,54,none,1.0,1.0,pca,none,,21,0.4321619915554262,0.540451467268623,0.2883721691549886,0.9181781449223312
24,bernoulli,54,none,1.0,1.0,pca,none,,19,0.4510522328725658,0.4852865303114059,0.2504032280617123,0.9344610833795526
47,bernoulli,54,none,1.0,1.0,pca,none,,21,0.4442469077992843,0.6035760634462869,0.3575531973639699,0.8547764599825337
36,bernoulli,54,none,1.0,1.0,pca,none,,19,0.458354387738963,0.5751657196969697,0.4192021434109432,0.6946401336335246
31,bernoulli,54,none,1.0,1.0,pca,none,,19,0.4349548353119151,0.6197286055514373,0.3481803115927124,0.8284634708837821
5,bernoulli,54,none,1.0,1.0,pca,none,,29,0.469443793252472,0.5350717029936476,0.4103631542226275,0.8166291633724583
19,bernoulli,54,none,1.0,1.0,pca,none,,21,0.439383861593469,0.610757672634271,0.3552066759124898,0.8464141726258791
11,bernoulli,54,none,1.0,1.0,pca,none,,20,0.4412947488576961,0.5925022268696022,0.3233398566538383,0.894501625135428
46,bernoulli,54,none,1.0,1.0,pca,none,,22,0.4448155926769351,0.6330800910648966,0.3217193944960702,0.8765032682130598
17,bernoulli,54,none,1.0,1.0,pca,none,,19,0.435304736925997,0.4933008130081301,0.3979921469908079,0.752540007141234
30,bernoulli,54,none,1.0,1.0,pca,none,,22,0.4424615246807684,0.5606432501057977,0.3577974982635841,0.8354066985645932
20,bernoulli,54,none,1.0,1.0,pca,none,,16,0.4278426534086834,0.5850178571428571,0.2925871334548044,0.923557012181461
38,bernoulli,54,none,1.0,1.0,pca,none,,22,0.4367545793879536,0.5878435938209905,0.2016514182795451,0.9704960511412124
45,bernoulli,54,none,1.0,1.0,pca,none,,20,0.4376005499960548,0.5099749930536259,0.4147891919311139,0.5880574136008918
9,bernoulli,54,none,1.0,1.0,pca,none,,16,0.4400961685206306,0.6045286885245902,0.3725640732748457,0.8501052396036557
44,bernoulli,54,none,1.0,1.0,pca,none,,15,0.4343894839444879,0.6417771241009451,0.3132546135287904,0.9157019704433498
16,bernoulli,54,none,1.0,1.0,pca,none,,18,0.4508097628033444,0.5489932573820041,0.2820982591905265,0.9331515724119316
41,bernoulli,54,none,1.0,1.0,pca,none,,19,0.4188165355602369,0.5644640234948605,0.3184935515191112,0.8931966338746
32,bernoulli,54,none,1.0,1.0,pca,none,,20,0.4381252997338852,0.6605819552020096,0.429140245294047,0.7541413116970925
27,bernoulli,54,none,1.0,1.0,pca,none,,23,0.4527881290888156,0.5582720645583968,0.3420005954164207,0.8440926330306862
25,bernoulli,54,none,1.0,1.0,pca,none,,20,0.4855174926558858,0.4571588725176169,0.4701654362692291,0.943595825426945
15,bernoulli,54,none,1.0,1.0,pca,none,,21,0.4295188225939331,0.564446032029529,0.20997043854264,0.972482986583706
7,bernoulli,54,none,1.0,1.0,pca,none,,22,0.4342830780247753,0.5790219907407408,0.3164132317608675,0.8859653334613723
43,bernoulli,54,none,1.0,1.0,pca,none,,22,0.4421786411867275,0.4907918968692449,0.3215898074389471,0.8828500779080007
0,bernoulli,54,none,1.0,1.0,pca,none,,27,0.4544789540618719,0.5972462353597323,0.3250231129423907,0.8907105738657851
33,bernoulli,54,none,1.0,1.0,pca,none,,19,0.4380339361613132,0.600398989227291,0.2736783057221478,0.9378153070013536
4,bernoulli,54,none,1.0,1.0,pca,none,,27,0.4604450440040563,0.6185610302351624,0.3978771120986702,0.7771448636416838
18,bernoulli,54,none,1.0,1.0,pca,none,,20,0.4204617423242984,0.5858347077148616,0.2774411420005176,0.9353261140775488
23,bernoulli,54,none,1.0,1.0,pca,none,,17,0.4324229990764505,0.5400122769193916,0.2877325962248857,0.9277790261237192
37,bernoulli,54,none,1.0,1.0,pca,none,,21,0.4395297683001949,0.6433223602704329,0.3139228258745582,0.9117093840429932
42,bernoulli,54,none,1.0,1.0,pca,none,,19,0.4349944370286767,0.5727476836479777,0.3640443314369673,0.8334268537074149
48,bernoulli,54,none,1.0,1.0,pca,none,,17,0.4674234215597472,0.5784394816652881,0.4472574624728531,0.643831126261964
14,bernoulli,54,none,1.0,1.0,pca,none,,24,0.4406591523915347,0.4877260981912145,0.2823487647518471,0.9418220668220668
22,bernoulli,54,none,1.0,1.0,pca,none,,21,0.456356642945006,0.5636492827128279,0.3843253855745077,0.8044402356902356
8,bernoulli,54,none,1.0,1.0,pca,none,,24,0.4478539341607163,0.5408755378360242,0.366832581915917,0.8367841982153685
34,bernoulli,54,none,1.0,1.0,pca,none,,21,0.4471546351887311,0.6502096244987241,0.303636511119212,0.934401272884419
13,bernoulli,54,none,1.0,1.0,pca,none,,21,0.4768004058102106,0.5920210569777045,0.4498623094244722,0.7139708686036759
10,bernoulli,54,none,1.0,1.0,pca,none,,18,0.431597884465708,0.5667265232828633,0.3145732413287866,0.9083658992439044
6,bernoulli,54,none,1.0,1.0,pca,none,,29,0.4596437628171088,0.6334928229665072,0.402438384102367,0.8035421484128652
12,bernoulli,54,none,1.0,1.0,pca,none,,26,0.4311493714728027,0.5578130107878392,0.3225415984390503,0.8828108835092074
28,bernoulli,54,none,1.0,1.0,pca,none,,21,0.459903575778762,0.5698632151787029,0.3870991271478464,0.7761620185922975
35,bernoulli,54,none,1.0,1.0,pca,none,,18,0.4377064047705414,0.5539403076149967,0.3234233636577169,0.8976234567901235
40,bernoulli,54,none,1.0,1.0,pca,none,,16,0.4288334074162403,0.5766828843221262,0.2750413722648445,0.9521294352016368
26,bernoulli,54,none,1.0,1.0,pca,none,,18,0.4531177816144892,0.5636131386861314,0.2946986433573971,0.917457264957265
39,bernoulli,54,none,1.0,1.0,pca,none,,21,0.4484570721598476,0.5899428684003152,0.3623465336490776,0.8117448753337255
47,bernoulli,54,none,1.0,1.0,pca,none,,22,0.4444839063483635,0.5643547224224945,0.3568056975915835,0.8515226638870891
1,bernoulli,54,none,1.0,1.0,pca,none,,30,0.472733467667301,0.5228950246036086,0.4023943193377398,0.762308986918244
29,bernoulli,54,none,1.0,1.0,pca,none,,17,0.4444253517146054,0.5956694514847148,0.3021692847055014,0.9129427268419806
19,bernoulli,54,none,1.0,1.0,pca,none,,22,0.4352118910276878,0.587292199488491,0.3519752834173969,0.8173906006297638
11,bernoulli,54,none,1.0,1.0,pca,none,,21,0.441228594517422,0.578269625498625,0.3270066708524483,0.8942307692307692
31,bernoulli,54,none,1.0,1.0,pca,none,,20,0.4462960073652749,0.5887591631661313,0.3531004221979846,0.860194794497982
49,bernoulli,54,none,1.0,1.0,pca,none,,17,0.4534950553967259,0.6341029575892858,0.3850340318501138,0.8555052089384608
46,bernoulli,54,none,1.0,1.0,pca,none,,23,0.4460509184469229,0.6084017599058655,0.3216813657771269,0.8955342961081548
21,bernoulli,54,none,1.0,1.0,pca,none,,22,0.4334930268566097,0.5524604966139955,0.2940451873726002,0.911769327467002
24,bernoulli,54,none,1.0,1.0,pca,none,,20,0.4522915772177761,0.4666943062465451,0.2564559707692886,0.9330745054538732
5,bernoulli,54,none,1.0,1.0,pca,none,,30,0.4554179645838599,0.5697820381148009,0.379581989337595,0.8153824322406698
36,bernoulli,54,none,1.0,1.0,pca,none,,20,0.4584763007721061,0.5308554292929293,0.4185797423510515,0.6966373738107343
30,bernoulli,54,none,1.0,1.0,pca,none,,23,0.446243450747176,0.5447030610805473,0.3585196557715127,0.8358888198984622
38,bernoulli,54,none,1.0,1.0,pca,none,,23,0.4379678166434297,0.568236029077692,0.2033697451139444,0.9695961147574051
17,bernoulli,54,none,1.0,1.0,pca,none,,20,0.4417759520199601,0.4986016260162602,0.4004656651586817,0.7341026390106145
27,bernoulli,54,none,1.0,1.0,pca,none,,24,0.4441374282923175,0.5864747662773889,0.3435430120291814,0.8378519710378117
45,bernoulli,54,none,1.0,1.0,pca,none,,21,0.4480570325556438,0.5155876632397888,0.4214113478021619,0.6203734671125976
20,bernoulli,54,none,1.0,1.0,pca,none,,17,0.4280834950564416,0.5744702380952381,0.295976647342641,0.919658688652614
41,bernoulli,54,none,1.0,1.0,pca,none,,20,0.421768280942352,0.5856240822320118,0.3196329607824408,0.888408201967524
9,bernoulli,54,none,1.0,1.0,pca,none,,17,0.4457244974907949,0.6056352459016393,0.3748712119839328,0.8326725265196808
15,bernoulli,54,none,1.0,1.0,pca,none,,22,0.4311474187446539,0.58699470143478,0.2129182622626426,0.9747229243632122
25,bernoulli,54,none,1.0,1.0,pca,none,,21,0.4854985404105595,0.5472853939782191,0.4703247480603573,0.9364800759013284
44,bernoulli,54,none,1.0,1.0,pca,none,,16,0.4335544843335547,0.6636324502717342,0.3047510838798356,0.9178351513019
7,bernoulli,54,none,1.0,1.0,pca,none,,23,0.4374474255443671,0.5777994791666666,0.3174835866718088,0.8830564491605448
32,bernoulli,54,none,1.0,1.0,pca,none,,21,0.4382736484187967,0.6800921080175842,0.4176726674036737,0.7995267072346179
16,bernoulli,54,none,1.0,1.0,pca,none,,19,0.4541040399955517,0.5419018832829574,0.283897128339153,0.9334323120529088
43,bernoulli,54,none,1.0,1.0,pca,none,,23,0.4488970060422451,0.4857134884759194,0.3248510055869322,0.8838493327010366
18,bernoulli,54,none,1.0,1.0,pca,none,,21,0.4206890461583983,0.6065970313358988,0.280846000957796,0.9336127883959612
23,bernoulli,54,none,1.0,1.0,pca,none,,18,0.4339867434707412,0.5420933644747874,0.2871292392839581,0.9311911716975008
33,bernoulli,54,none,1.0,1.0,pca,none,,20,0.4457033349587483,0.539433435297247,0.2724513800800826,0.9412606127722406
42,bernoulli,54,none,1.0,1.0,pca,none,,20,0.4360508419346738,0.6201498909021914,0.3774185075019409,0.8224609218436874
37,bernoulli,54,none,1.0,1.0,pca,none,,22,0.4387427798380805,0.6098722169126757,0.3254228431715464,0.9069450186027284
14,bernoulli,54,none,1.0,1.0,pca,none,,25,0.4229361821668908,0.524982607831445,0.2387835102630824,0.9459498834498834
0,bernoulli,54,none,1.0,1.0,pca,none,,28,0.4546571020078637,0.5671430563301728,0.3245464530215909,0.889540991413724
22,bernoulli,54,none,1.0,1.0,pca,none,,22,0.4567222202520248,0.5679983338846215,0.3854568585068056,0.8006874298540966
34,bernoulli,54,none,1.0,1.0,pca,none,,22,0.4369870994069106,0.6591961356179366,0.3004888376473181,0.9295395615620334
6,bernoulli,54,none,1.0,1.0,pca,none,,30,0.4567158743904515,0.6355434039644566,0.4096402510131195,0.7871767920958588
4,bernoulli,54,none,1.0,1.0,pca,none,,28,0.4760826227473377,0.5971844504879219,0.446378669674546,0.7913074011938668
10,bernoulli,54,none,1.0,1.0,pca,none,,19,0.4282294417466777,0.5585438517732523,0.3181443687793111,0.9054774445671566
48,bernoulli,54,none,1.0,1.0,pca,none,,18,0.4958718471902866,0.564929693961952,0.4941591251815304,0.6077913989773174
13,bernoulli,54,none,1.0,1.0,pca,none,,22,0.4536909810873473,0.6088718001651527,0.3976221156131107,0.7376801647220316
26,bernoulli,54,none,1.0,1.0,pca,none,,19,0.4600935823678228,0.5817153284671532,0.3260862843491012,0.904551282051282
39,bernoulli,54,none,1.0,1.0,pca,none,,22,0.4489514758242026,0.5694345941686367,0.3602531526164204,0.8070048418480474
35,bernoulli,54,none,1.0,1.0,pca,none,,19,0.4430680515190655,0.5585886322439384,0.3291426613158629,0.8707304526748971
12,bernoulli,54,none,1.0,1.0,pca,none,,27,0.4371423281059572,0.5717881660673423,0.3264845531469527,0.8686719773777501
47,bernoulli,54,none,1.0,1.0,pca,none,,23,0.4480833549248835,0.5590771449170873,0.3731913461597189,0.8589458264078654
28,bernoulli,54,none,1.0,1.0,pca,none,,22,0.4597348834109745,0.56471539932343,0.3868164362976016,0.7963424081451971
29,bernoulli,54,none,1.0,1.0,pca,none,,18,0.4356095136410102,0.6167511499108231,0.2969351381325575,0.8987947168917318
19,bernoulli,54,none,1.0,1.0,pca,none,,23,0.4701798882568705,0.5946291560102304,0.4439040044387366,0.8024778552720637
11,bernoulli,54,none,1.0,1.0,pca,none,,22,0.4311622972732725,0.6052437938112388,0.3284260073065673,0.8921654929577466
8,bernoulli,54,none,1.0,1.0,pca,none,,25,0.4514153224182583,0.575369412755431,0.3733302932144316,0.8257385428398164
49,bernoulli,54,none,1.0,1.0,pca,none,,18,0.4569703901149678,0.6395670572916666,0.383720061721753,0.8577256238462234
40,bernoulli,54,none,1.0,1.0,pca,none,,17,0.4307850432064624,0.585814392564084,0.273639645106571,0.9530447423679536
46,bernoulli,54,none,1.0,1.0,pca,none,,24,0.446630785308061,0.6044304606962885,0.3184166254159028,0.892408815757691
21,bernoulli,54,none,1.0,1.0,pca,none,,23,0.4370559073329676,0.5314108352144469,0.2941950374089098,0.9095806770225376
31,bernoulli,54,none,1.0,1.0,pca,none,,21,0.4471829433728835,0.6185034181698378,0.3544307476847424,0.8320772588748867
30,bernoulli,54,none,1.0,1.0,pca,none,,24,0.4558492520474215,0.5674636761179292,0.3680188730041714,0.8389203404068811
38,bernoulli,54,none,1.0,1.0,pca,none,,24,0.4373559373995309,0.6053214447978191,0.2020001074559332,0.970317615478906
24,bernoulli,54,none,1.0,1.0,pca,none,,21,0.4520850744814532,0.433305693753455,0.2553567535867115,0.9347648099727964
36,bernoulli,54,none,1.0,1.0,pca,none,,21,0.4569029179561077,0.5208333333333334,0.4202331631173685,0.6660614423705427
17,bernoulli,54,none,1.0,1.0,pca,none,,21,0.4414910766654551,0.4880650406504065,0.3991395524630843,0.7158924919661116
45,bernoulli,54,none,1.0,1.0,pca,none,,22,0.4388483930501194,0.4880244512364545,0.4166141735230198,0.6074414715719064
41,bernoulli,54,none,1.0,1.0,pca,none,,21,0.4284633016851298,0.6051688693098385,0.3204932516952732,0.8866777290506104
25,bernoulli,54,none,1.0,1.0,pca,none,,22,0.4970318942409107,0.4984385009609224,0.4947282968062262,0.9567125237191652
27,bernoulli,54,none,1.0,1.0,pca,none,,25,0.4454683900990231,0.5769490749888209,0.3419113621386644,0.8705666015400529
9,bernoulli,54,none,1.0,1.0,pca,none,,18,0.4418628322970974,0.62375,0.3727048734216816,0.8452313523114253
15,bernoulli,54,none,1.0,1.0,pca,none,,23,0.4326878784841457,0.5496219563017204,0.2097877586664317,0.9722574372934084
18,bernoulli,54,none,1.0,1.0,pca,none,,22,0.4222655784190502,0.5904434671064688,0.2822744863403595,0.9309845800688656
7,bernoulli,54,none,1.0,1.0,pca,none,,24,0.4350343262896801,0.5486400462962963,0.316561837266264,0.8907347833741458
43,bernoulli,54,none,1.0,1.0,pca,none,,24,0.4421921881437307,0.4677437356995368,0.3213795705468054,0.888371384052571
20,bernoulli,54,none,1.0,1.0,pca,none,,18,0.4269541936723156,0.5625119047619047,0.284004445790027,0.9195498684555852
14,bernoulli,54,none,1.0,1.0,pca,none,,26,0.43212828555305,0.4674269528920692,0.2454798170347279,0.9473460567210568
42,bernoulli,54,none,1.0,1.0,pca,none,,21,0.4454975245724886,0.5161116908579199,0.3623521264783013,0.8189338677354709
33,bernoulli,54,none,1.0,1.0,pca,none,,21,0.4392516288813968,0.6012501662455113,0.269420200082747,0.9377999261720192
23,bernoulli,54,none,1.0,1.0,pca,none,,19,0.4337913131827235,0.4767786561264823,0.282886960043524,0.9226524854567696
22,bernoulli,54,none,1.0,1.0,pca,none,,23,0.4565335033067902,0.5835201587709948,0.3850129005822153,0.7917648709315376
44,bernoulli,54,none,1.0,1.0,pca,none,,17,0.4345703982235256,0.6503058131401002,0.3103978621250997,0.9182090077410276
32,bernoulli,54,none,1.0,1.0,pca,none,,22,0.4411940613212946,0.6749005652082898,0.4160536448696912,0.7944979716024341
37,bernoulli,54,none,1.0,1.0,pca,none,,23,0.4449721424352013,0.6137481859049236,0.3195385071692807,0.9122054568003308
10,bernoulli,54,none,1.0,1.0,pca,none,,20,0.4298792497902349,0.5993959923274701,0.3097110272044076,0.9063907059723048
34,bernoulli,54,none,1.0,1.0,pca,none,,23,0.4387314868890224,0.6389719285453883,0.2990416468302757,0.93286909719494
16,bernoulli,54,none,1.0,1.0,pca,none,,20,0.4516680742549195,0.5566007905138339,0.2818398119157201,0.9345876636523148
26,bernoulli,54,none,1.0,1.0,pca,none,,20,0.4507170857955063,0.5672262773722628,0.2981621420613656,0.908611111111111
13,bernoulli,54,none,1.0,1.0,pca,none,,23,0.470400115181745,0.5845246696944675,0.4297362560007325,0.7437352245862884
0,bernoulli,54,none,1.0,1.0,pca,none,,29,0.4617124282739779,0.5769032348020078,0.3282698924457126,0.8904514448195202
39,bernoulli,54,none,1.0,1.0,pca,none,,23,0.4493496082278732,0.5723896769109535,0.3594137875730335,0.8422043983890672
48,bernoulli,54,none,1.0,1.0,pca,none,,19,0.4870262956168394,0.5244003308519437,0.4789071952723373,0.6582044054018618
4,bernoulli,54,none,1.0,1.0,pca,none,,29,0.4512259876118039,0.6272196448568229,0.4179249856443517,0.7759939136202255
35,bernoulli,54,none,1.0,1.0,pca,none,,20,0.4391355765947838,0.5371237818338448,0.3253570360705018,0.8985185185185185
29,bernoulli,54,none,1.0,1.0,pca,none,,19,0.436179142638095,0.6053693795175068,0.2965414406963747,0.9183324449182656
47,bernoulli,54,none,1.0,1.0,pca,none,,24,0.448346742889759,0.5867339581831291,0.3586893174556957,0.8447615291433078
19,bernoulli,54,none,1.0,1.0,pca,none,,24,0.4347815353896017,0.6117966751918159,0.352182276449248,0.8327889114505165
11,bernoulli,54,none,1.0,1.0,pca,none,,23,0.4431948923858979,0.5801382595561753,0.3243416128267333,0.892300920910076
46,bernoulli,54,none,1.0,1.0,pca,none,,25,0.4469651291396589,0.6021410482695111,0.3227654251605483,0.879094415857238
30,bernoulli,54,none,1.0,1.0,pca,none,,25,0.444353627282442,0.5772323317816336,0.3592546095502583,0.8424084152087365
49,bernoulli,54,none,1.0,1.0,pca,none,,19,0.4575624883427935,0.5764043898809523,0.3843805545312506,0.858300091656662
21,bernoulli,54,none,1.0,1.0,pca,none,,24,0.4323116282561413,0.5616930022573363,0.2972193402463065,0.9160680614168988
12,bernoulli,54,none,1.0,1.0,pca,none,,28,0.4319158341277514,0.543568159529258,0.3249937240288058,0.8733447134285124
31,bernoulli,54,none,1.0,1.0,pca,none,,22,0.4473778529730375,0.6122539329544519,0.3535022522309626,0.8580224034264063
28,bernoulli,54,none,1.0,1.0,pca,none,,23,0.4574075763399347,0.556846595087513,0.388216892949465,0.7746430942895087
38,bernoulli,54,none,1.0,1.0,pca,none,,25,0.4474532720740923,0.5853447296683325,0.2126526771458289,0.9696736954801471
17,bernoulli,54,none,1.0,1.0,pca,none,,22,0.4765561212831946,0.4522764227642276,0.4562297868823568,0.7192358879475444
8,bernoulli,54,none,1.0,1.0,pca,none,,26,0.4430705066312082,0.5885537967604837,0.3625166239708464,0.8353980767564759
40,bernoulli,54,none,1.0,1.0,pca,none,,18,0.4293637182871949,0.613221020017912,0.2781995812618606,0.952560167985786
45,bernoulli,54,none,1.0,1.0,pca,none,,23,0.4976432361428279,0.466574048346763,0.4969261425017267,0.5631688963210701
25,bernoulli,54,none,1.0,1.0,pca,none,,23,0.4800786706659057,0.4184417040358744,0.4537814745219762,0.9547912713472484
24,bernoulli,54,none,1.0,1.0,pca,none,,22,0.4531165977225177,0.4809471162704993,0.25582677327722,0.9315558724876528
36,bernoulli,54,none,1.0,1.0,pca,none,,22,0.4621830453458115,0.5273832070707071,0.4218154264702669,0.7000508388408744
9,bernoulli,54,none,1.0,1.0,pca,none,,19,0.4396243291724463,0.6144467213114755,0.3737125349563902,0.8269944827875558
41,bernoulli,54,none,1.0,1.0,pca,none,,22,0.4295393601724202,0.5750073421439061,0.318383982356817,0.8912765200900794
15,bernoulli,54,none,1.0,1.0,pca,none,,24,0.433183544738043,0.5795826635708757,0.2157065752078861,0.9727707563678788
18,bernoulli,54,none,1.0,1.0,pca,none,,23,0.4221342844146787,0.568957302547187,0.2850873942395852,0.9267345343247336
14,bernoulli,54,none,1.0,1.0,pca,none,,27,0.4702990685252772,0.4676878354203935,0.4228521968140811,0.941348581973582
27,bernoulli,54,none,1.0,1.0,pca,none,,26,0.445132018206705,0.5786129511964311,0.3425797570079872,0.8415067233651305
22,bernoulli,54,none,1.0,1.0,pca,none,,24,0.4573824258760823,0.5541181226799956,0.3854378574147615,0.8025462962962963
42,bernoulli,54,none,1.0,1.0,pca,none,,22,0.4390107195583826,0.5753407330107833,0.3828549848064357,0.8172985971943889
7,bernoulli,54,none,1.0,1.0,pca,none,,25,0.4360545155156572,0.5698133680555555,0.3169823217825178,0.8839567228437445
43,bernoulli,54,none,1.0,1.0,pca,none,,25,0.4428622782207305,0.4965399854902618,0.3231181802896944,0.8807330126685184
33,bernoulli,54,none,1.0,1.0,pca,none,,22,0.4399608984554896,0.5944141508179279,0.2700316166027093,0.93265503875969
23,bernoulli,54,none,1.0,1.0,pca,none,,20,0.4378113149916889,0.5695742005030542,0.2900136557603076,0.9247247397198712
10,bernoulli,54,none,1.0,1.0,pca,none,,21,0.4321485784330934,0.5547688038199404,0.312073308987854,0.904723472941976
34,bernoulli,54,none,1.0,1.0,pca,none,,24,0.4384474712823105,0.6526066350710901,0.3000819139109796,0.929554294020586
37,bernoulli,54,none,1.0,1.0,pca,none,,24,0.4444958744823097,0.6303847651410569,0.3186357386871955,0.9132079371641172
26,bernoulli,54,none,1.0,1.0,pca,none,,21,0.4585022687242261,0.5717153284671532,0.3104416051016813,0.9142521367521368
20,bernoulli,54,none,1.0,1.0,pca,none,,19,0.4391140965183898,0.5513154761904762,0.3033083980305724,0.9188137318286274
44,bernoulli,54,none,1.0,1.0,pca,none,,18,0.4401030926061161,0.6484673470485893,0.3134396611535671,0.9179099225897256
32,bernoulli,54,none,1.0,1.0,pca,none,,23,0.4390638534687942,0.683943897843835,0.4221751240484159,0.7479082150101419
13,bernoulli,54,none,1.0,1.0,pca,none,,24,0.4482214596678481,0.6073751032204789,0.3995769886604374,0.75929230534584
39,bernoulli,54,none,1.0,1.0,pca,none,,24,0.461451696243376,0.5923069345941687,0.3910290154632789,0.8432734512873886
46,bernoulli,54,none,1.0,1.0,pca,none,,26,0.4467865322814951,0.6117207684240145,0.3211937852947105,0.8934921204224888
19,bernoulli,54,none,1.0,1.0,pca,none,,25,0.4328994863250656,0.613618925831202,0.3547433011025353,0.8073335099025927
29,bernoulli,54,none,1.0,1.0,pca,none,,20,0.4533311276376349,0.5724287368190494,0.337335273491296,0.9189247216299457
30,bernoulli,54,none,1.0,1.0,pca,none,,26,0.4429532346077076,0.5669487939060516,0.3579725806948344,0.8332590671682676
11,bernoulli,54,none,1.0,1.0,pca,none,,24,0.4409851834085302,0.5867123659037218,0.3282358799648063,0.8937229144095341
35,bernoulli,54,none,1.0,1.0,pca,none,,21,0.4471664818570104,0.5771280891616863,0.3273889710684906,0.8717283950617284
16,bernoulli,54,none,1.0,1.0,pca,none,,21,0.446375398193968,0.5603394559404791,0.2835393816743518,0.9347226346335538
0,bernoulli,54,none,1.0,1.0,pca,none,,30,0.4571975340299443,0.5831706636921361,0.3296634281102713,0.8836055355567073
49,bernoulli,54,none,1.0,1.0,pca,none,,20,0.4536086329621315,0.5888090587797619,0.3813255977722716,0.8689438828860229
48,bernoulli,54,none,1.0,1.0,pca,none,,20,0.4688984635802008,0.5216776950647919,0.4468912948625251,0.688720991215419
47,bernoulli,54,none,1.0,1.0,pca,none,,25,0.4487010626554392,0.5747080028839221,0.3724424048515454,0.8517550778939065
38,bernoulli,54,none,1.0,1.0,pca,none,,26,0.4389362262227727,0.5765419127669241,0.201726980890941,0.9722804077642788
4,bernoulli,54,none,1.0,1.0,pca,none,,30,0.4586698712626961,0.6214205727083667,0.4089924240413293,0.796789044516406
21,bernoulli,54,none,1.0,1.0,pca,none,,25,0.4337264880203262,0.5817042889390519,0.2906398395113249,0.9115448504983388
31,bernoulli,54,none,1.0,1.0,pca,none,,23,0.4471135776394915,0.6200992504736018,0.3531081554311264,0.8243760810476896
17,bernoulli,54,none,1.0,1.0,pca,none,,23,0.4401803336361077,0.4920650406504064,0.3993406718011794,0.7465997987470381
12,bernoulli,54,none,1.0,1.0,pca,none,,29,0.4304730084549583,0.5656341941811049,0.3189036391738711,0.8761724946548038
28,bernoulli,54,none,1.0,1.0,pca,none,,24,0.4628966930651597,0.58132078246801,0.3967463938279369,0.7963756086764054
45,bernoulli,54,none,1.0,1.0,pca,none,,24,0.4487034537367997,0.4761878299527646,0.4233127044109513,0.6312430323299889
25,bernoulli,54,none,1.0,1.0,pca,none,,24,0.4649660286235668,0.5123718770019219,0.3907662327079985,0.9503320683111952
8,bernoulli,54,none,1.0,1.0,pca,none,,27,0.4446916770068697,0.5853563862682404,0.3633323961575405,0.8377660342487512
9,bernoulli,54,none,1.0,1.0,pca,none,,20,0.4412272267503025,0.6054986338797814,0.372552574179079,0.8402246043899949
14,bernoulli,54,none,1.0,1.0,pca,none,,28,0.4622847861811851,0.5068326376465911,0.386121365537176,0.9444687257187258
41,bernoulli,54,none,1.0,1.0,pca,none,,23,0.4269455032156945,0.592863436123348,0.312816852630759,0.8960768045513808
18,bernoulli,54,none,1.0,1.0,pca,none,,24,0.4225993119843962,0.5443650357339197,0.2796253593503905,0.9254204301611856
42,bernoulli,54,none,1.0,1.0,pca,none,,23,0.4454974576757654,0.5146886759636973,0.3594737953721382,0.8278637274549098
40,bernoulli,54,none,1.0,1.0,pca,none,,19,0.440174731028077,0.5807978118267857,0.2775765637290244,0.9531954988424056
22,bernoulli,54,none,1.0,1.0,pca,none,,25,0.4573911244442413,0.5395457385423941,0.3854629858209917,0.7910493827160494
15,bernoulli,54,none,1.0,1.0,pca,none,,25,0.4323806115839782,0.6169256414835983,0.2119914058757351,0.9737507291464128
36,bernoulli,54,none,1.0,1.0,pca,none,,23,0.4604316780899759,0.5234769570707071,0.4206428902663063,0.6913719224344542
24,bernoulli,54,none,1.0,1.0,pca,none,,23,0.4530985429866654,0.4539524599226092,0.2559607501525724,0.9379869529619946
27,bernoulli,54,none,1.0,1.0,pca,none,,27,0.4461739222540198,0.5744948575825959,0.3404690372313522,0.8569474773014597
7,bernoulli,54,none,1.0,1.0,pca,none,,26,0.436105344448043,0.5608289930555556,0.3169689473149008,0.8838847009490886
33,bernoulli,54,none,1.0,1.0,pca,none,,23,0.4428296895214041,0.5691448330895066,0.2729009814280737,0.9342930970837948
10,bernoulli,54,none,1.0,1.0,pca,none,,22,0.4275501324722233,0.588580990082847,0.3103746620449849,0.9044898479313568
43,bernoulli,54,none,1.0,1.0,pca,none,,26,0.4429095166413655,0.4759194151459345,0.3200287841725719,0.8867454779486483
23,bernoulli,54,none,1.0,1.0,pca,none,,21,0.4350956859253759,0.5278850760570128,0.2841433865672836,0.9281951414375952
34,bernoulli,54,none,1.0,1.0,pca,none,,25,0.4391934114826212,0.6355997083485235,0.3000958299565753,0.9333110709515204
26,bernoulli,54,none,1.0,1.0,pca,none,,22,0.4536558363286477,0.5797810218978102,0.2928467178503713,0.9017094017094018
37,bernoulli,54,none,1.0,1.0,pca,none,,25,0.4345841309139922,0.6839846377119394,0.3093092988311631,0.912980570483671
44,bernoulli,54,none,1.0,1.0,pca,none,,19,0.4355813598665953,0.661569780998332,0.306500542588866,0.9188467628430682
32,bernoulli,54,none,1.0,1.0,pca,none,,24,0.44789242863687,0.7187356081222525,0.4050831911217187,0.7578600405679513
13,bernoulli,54,none,1.0,1.0,pca,none,,25,0.476785045003855,0.5992851981833196,0.4473687432036258,0.756058872874247
20,bernoulli,54,none,1.0,1.0,pca,none,,20,0.4285480650425837,0.5493214285714285,0.2911728555812757,0.9252789317697364
46,bernoulli,54,none,1.0,1.0,pca,none,,27,0.4474603653782983,0.6009899470493438,0.3236266900486612,0.8761738850379521
30,bernoulli,54,none,1.0,1.0,pca,none,,27,0.4464893851412119,0.5561151079136691,0.3573141925965849,0.8487307790642464
39,bernoulli,54,none,1.0,1.0,pca,none,,25,0.4500079147649484,0.6122340425531915,0.3625571099051457,0.8391216797140142
19,bernoulli,54,none,1.0,1.0,pca,none,,26,0.4331195919310247,0.6093670076726343,0.3548426301469017,0.8317736382095877
29,bernoulli,54,none,1.0,1.0,pca,none,,21,0.4365888883606577,0.6081307299978096,0.2953458605698856,0.9215751599147124
35,bernoulli,54,none,1.0,1.0,pca,none,,22,0.4393260009000097,0.5418618424594842,0.3244298454547188,0.8929732510288066
49,bernoulli,54,none,1.0,1.0,pca,none,,21,0.4588319565950619,0.6099097842261905,0.384528731020505,0.8546015517085577
11,bernoulli,54,none,1.0,1.0,pca,none,,25,0.4439576099872588,0.6048371480577823,0.3232631734161071,0.8879672264355363
48,bernoulli,54,none,1.0,1.0,pca,none,,21,0.4670264026930147,0.5360146126275158,0.4476117456493025,0.6255572308902583
16,bernoulli,54,none,1.0,1.0,pca,none,,22,0.4466300513107047,0.6056637991164845,0.2841657261515926,0.9355270616817384
38,bernoulli,54,none,1.0,1.0,pca,none,,27,0.4389266696578563,0.5636500454338937,0.2009104724760131,0.9735449735449736
17,bernoulli,54,none,1.0,1.0,pca,none,,24,0.453259333067853,0.5200325203252033,0.4009191978362529,0.7091164345765573
21,bernoulli,54,none,1.0,1.0,pca,none,,26,0.4369425287296997,0.529841986455982,0.2950848261865363,0.9095021100835056
47,bernoulli,54,none,1.0,1.0,pca,none,,26,0.4684711262528993,0.5949819754866619,0.4259208835206963,0.8550018311406598
31,bernoulli,54,none,1.0,1.0,pca,none,,24,0.4448979104196836,0.6187916975537435,0.3517763652918161,0.8697594926282843
28,bernoulli,54,none,1.0,1.0,pca,none,,25,0.4614527941673451,0.5412168456145512,0.3870789555396849,0.7953961930057548
12,bernoulli,54,none,1.0,1.0,pca,none,,30,0.4317262314359785,0.5522965021248775,0.3217250683105228,0.8806253879577901
25,bernoulli,54,none,1.0,1.0,pca,none,,25,0.4911844690066509,0.5094090326713645,0.4832512217139654,0.9604364326375712
42,bernoulli,54,none,1.0,1.0,pca,none,,24,0.4422810418494974,0.5404926793789331,0.3555305972110495,0.8211623246492986
8,bernoulli,54,none,1.0,1.0,pca,none,,28,0.443880673765694,0.5752180949749338,0.361265290441606,0.8182953593808657
18,bernoulli,54,none,1.0,1.0,pca,none,,25,0.4227904172037828,0.5683159245006415,0.2875354485841124,0.9258861885988988
45,bernoulli,54,none,1.0,1.0,pca,none,,25,0.4501601265419612,0.4837176993609335,0.4254465800213448,0.6516164994425864
9,bernoulli,54,none,1.0,1.0,pca,none,,21,0.4444864877378441,0.607964480874317,0.3785682625875959,0.8285048983616187
14,bernoulli,54,none,1.0,1.0,pca,none,,29,0.4223737946894174,0.5605495925263368,0.2351107651580743,0.9428054584304584
22,bernoulli,54,none,1.0,1.0,pca,none,,26,0.4579333181740858,0.5570154483197962,0.3849571835563713,0.7973554994388328
41,bernoulli,54,none,1.0,1.0,pca,none,,24,0.4230001774284766,0.5919236417033773,0.308506397970032,0.9024653312788908
36,bernoulli,54,none,1.0,1.0,pca,none,,24,0.4626197988418231,0.5216224747474747,0.4232774840363761,0.6834555886411504
40,bernoulli,54,none,1.0,1.0,pca,none,,20,0.44192673370881,0.5902016314477283,0.2735581949072616,0.9529235987724116
15,bernoulli,54,none,1.0,1.0,pca,none,,26,0.4326186685988861,0.5402973745311663,0.2122329913716801,0.9726852031888004
24,bernoulli,54,none,1.0,1.0,pca,none,,24,0.4523373697255871,0.4831767090473557,0.2541868713170407,0.9321765311781952
10,bernoulli,54,none,1.0,1.0,pca,none,,23,0.429216820678152,0.588295310778272,0.3126027176842586,0.9067358338289015
27,bernoulli,54,none,1.0,1.0,pca,none,,28,0.454561652631847,0.5586984328365969,0.3425642173840966,0.8581944604068499
33,bernoulli,54,none,1.0,1.0,pca,none,,24,0.4405632408634818,0.5381300704880967,0.2756380092811801,0.9357388950412204
26,bernoulli,54,none,1.0,1.0,pca,none,,23,0.4587206955626852,0.5473722627737226,0.3074756962972155,0.9196153846153846
7,bernoulli,54,none,1.0,1.0,pca,none,,27,0.436876568061514,0.5612485532407407,0.3172680339144081,0.8857492677774044
34,bernoulli,54,none,1.0,1.0,pca,none,,26,0.438997923015165,0.6429456799125045,0.3032808724017301,0.935128074173018
23,bernoulli,54,none,1.0,1.0,pca,none,,22,0.4366775684354753,0.4765241346269014,0.2870085662533676,0.9286528682828584
43,bernoulli,54,none,1.0,1.0,pca,none,,27,0.4418426483213948,0.5157653886935655,0.3192846274494571,0.8862373822911728
44,bernoulli,54,none,1.0,1.0,pca,none,,20,0.4383795276143715,0.6274639929689882,0.3116241220621778,0.9172589725545393
32,bernoulli,54,none,1.0,1.0,pca,none,,25,0.4949359599745961,0.6200962947456563,0.4933433584481247,0.7526517072346179
37,bernoulli,54,none,1.0,1.0,pca,none,,26,0.435989394568589,0.6182259035078403,0.3129892572396663,0.9120297643654404
46,bernoulli,54,none,1.0,1.0,pca,none,,28,0.4496188662378126,0.579822474611823,0.3253174515199857,0.8907801989474378
20,bernoulli,54,none,1.0,1.0,pca,none,,21,0.4281086612284605,0.5767619047619048,0.2980084865740954,0.9144545227594242
13,bernoulli,54,none,1.0,1.0,pca,none,,26,0.4572118581617843,0.6159811106523534,0.4004369197226211,0.7041409288492336
30,bernoulli,54,none,1.0,1.0,pca,none,,28,0.4511667391662248,0.5825927493299479,0.36824637790512,0.8326965922787538
19,bernoulli,54,none,1.0,1.0,pca,none,,27,0.4419853159344619,0.6241048593350383,0.3567739356618427,0.8306553662340719
38,bernoulli,54,none,1.0,1.0,pca,none,,28,0.4382123257165376,0.6006076783280326,0.2088382869892403,0.9728389889680212
49,bernoulli,54,none,1.0,1.0,pca,none,,22,0.4525432304944431,0.6105143229166667,0.3817188054013299,0.8604882330919278
48,bernoulli,54,none,1.0,1.0,pca,none,,22,0.4669935219241883,0.5785773366418527,0.4502264744364781,0.6301298020191426
29,bernoulli,54,none,1.0,1.0,pca,none,,22,0.4721380971869999,0.5716934196939829,0.4229975353714766,0.9008639836531628
39,bernoulli,54,none,1.0,1.0,pca,none,,26,0.4817815229587458,0.575817572892041,0.459133351274702,0.8080003620073306
16,bernoulli,54,none,1.0,1.0,pca,none,,23,0.4471771785789861,0.6008416647291328,0.280748503000781,0.9371953030098528
35,bernoulli,54,none,1.0,1.0,pca,none,,23,0.4399098036716615,0.5264810926254958,0.3215480908167386,0.8860185185185185
11,bernoulli,54,none,1.0,1.0,pca,none,,26,0.4446452479016434,0.5950679679330777,0.3251512171086786,0.8941799837486457
17,bernoulli,54,none,1.0,1.0,pca,none,,25,0.44084792145759,0.484,0.3957725110088823,0.7472814620053885
31,bernoulli,54,none,1.0,1.0,pca,none,,25,0.4469410914118218,0.622611399390495,0.3531403736548902,0.8674120747879087
47,bernoulli,54,none,1.0,1.0,pca,none,,27,0.4408706690362202,0.5800288392213411,0.37360183021043,0.8522128630588499
21,bernoulli,54,none,1.0,1.0,pca,none,,27,0.4356134817059207,0.5457336343115124,0.2926512460031319,0.9146033491963724
28,bernoulli,54,none,1.0,1.0,pca,none,,26,0.4606362829547514,0.5433789282737658,0.3865965640540954,0.7797642762284196
42,bernoulli,54,none,1.0,1.0,pca,none,,25,0.4418433902716621,0.513708376814344,0.355561883484307,0.8193987975951904
18,bernoulli,54,none,1.0,1.0,pca,none,,26,0.4240794513381293,0.5645317940260216,0.2821826702688909,0.929778598399787
8,bernoulli,54,none,1.0,1.0,pca,none,,29,0.4481339168060476,0.574428610902775,0.3620675639979245,0.8225908920269138
25,bernoulli,54,none,1.0,1.0,pca,none,,26,0.4310339552366383,0.4155989750160154,0.2345560407783428,0.9353415559772298
36,bernoulli,54,none,1.0,1.0,pca,none,,25,0.4582018085535623,0.5341698232323233,0.4171682160453254,0.6930423414917568
9,bernoulli,54,none,1.0,1.0,pca,none,,22,0.4451115640081658,0.6211338797814208,0.374951399196909,0.8379519883642059
14,bernoulli,54,none,1.0,1.0,pca,none,,30,0.4398051060289099,0.4956643808387994,0.2617726057068257,0.945597804972805
22,bernoulli,54,none,1.0,1.0,pca,none,,27,0.458337205812683,0.5401705318093277,0.3860547501532034,0.795861391694725
45,bernoulli,54,none,1.0,1.0,pca,none,,26,0.4976229340616522,0.5100861350375104,0.4969491567394787,0.5639214046822741
41,bernoulli,54,none,1.0,1.0,pca,none,,25,0.4174564466201867,0.5274008810572687,0.3088351524744292,0.8956264074908142
40,bernoulli,54,none,1.0,1.0,pca,none,,21,0.4384853812437491,0.598026045070559,0.2747071353981317,0.9560706401766004
24,bernoulli,54,none,1.0,1.0,pca,none,,25,0.4523083628514954,0.504403906393956,0.2553582124397103,0.9360127301059082
10,bernoulli,54,none,1.0,1.0,pca,none,,24,0.43422570441608,0.5702465004285189,0.3134272052257069,0.9082384674199304
26,bernoulli,54,none,1.0,1.0,pca,none,,24,0.4756707149196122,0.5027737226277371,0.4162873647719095,0.9157478632478632
15,bernoulli,54,none,1.0,1.0,pca,none,,27,0.4341598801378373,0.4947014347800202,0.219066382562838,0.9719774450709704
7,bernoulli,54,none,1.0,1.0,pca,none,,28,0.4368389278194559,0.532349537037037,0.3180557043039584,0.886917622957379
34,bernoulli,54,none,1.0,1.0,pca,none,,27,0.4417665074820335,0.6681006197593876,0.3030037819457952,0.9345977056651212
23,bernoulli,54,none,1.0,1.0,pca,none,,23,0.4351108575290798,0.5404988621391784,0.285227570694212,0.9223528824307792
27,bernoulli,54,none,1.0,1.0,pca,none,,29,0.4501865576432742,0.5492195380663679,0.3424040496733193,0.8550224112171015
32,bernoulli,54,none,1.0,1.0,pca,none,,26,0.4440307575238938,0.661796106342893,0.4189171592660687,0.7453727180527384
33,bernoulli,54,none,1.0,1.0,pca,none,,25,0.4468830921534144,0.5665381034712063,0.2748684498031199,0.9390611541774332
44,bernoulli,54,none,1.0,1.0,pca,none,,21,0.4464823431601228,0.6162807382562373,0.3136913953814021,0.917140218156228
43,bernoulli,54,none,1.0,1.0,pca,none,,28,0.4430250007665989,0.4971957140465428,0.3206617614425608,0.883197276607276
46,bernoulli,54,none,1.0,1.0,pca,none,,29,0.4480769864833518,0.5591282326759266,0.3203751223687077,0.8950951185413449
37,bernoulli,54,none,1.0,1.0,pca,none,,27,0.4370945345870946,0.5953860040352554,0.3159158343990341,0.9109032658123192
20,bernoulli,54,none,1.0,1.0,pca,none,,22,0.4293942924951718,0.5660357142857142,0.2928195955155706,0.9168741718462946
30,bernoulli,54,none,1.0,1.0,pca,none,,29,0.4479671290900208,0.571258287487657,0.357420311596062,0.8458818802732021
38,bernoulli,54,none,1.0,1.0,pca,none,,29,0.4397891476551644,0.5785296456156293,0.2053050103120607,0.9695961147574051
16,bernoulli,54,none,1.0,1.0,pca,none,,24,0.4486932417378248,0.5406184608230644,0.2829974512871727,0.9343285193683358
48,bernoulli,54,none,1.0,1.0,pca,none,,23,0.4906291360134075,0.585573476702509,0.4854205905635649,0.6366690704077619
13,bernoulli,54,none,1.0,1.0,pca,none,,27,0.4573436549648946,0.6120071222130471,0.3995523936048045,0.7092427362159689
29,bernoulli,54,none,1.0,1.0,pca,none,,23,0.4701412535507309,0.5898807847554679,0.4112098241156624,0.9196724709784412
49,bernoulli,54,none,1.0,1.0,pca,none,,23,0.4655502784221785,0.5862862723214286,0.3850101333064886,0.8622826381627358
19,bernoulli,54,none,1.0,1.0,pca,none,,28,0.437864254132746,0.6065377237851661,0.3528127902074521,0.826608987375298
35,bernoulli,54,none,1.0,1.0,pca,none,,24,0.4405479187876078,0.5435847735960804,0.3288456292363794,0.8818621399176955
42,bernoulli,54,none,1.0,1.0,pca,none,,26,0.4408525521891016,0.5805268317363943,0.3838210735608944,0.8258276553106213
39,bernoulli,54,none,1.0,1.0,pca,none,,27,0.4511238006476496,0.5851753349093773,0.3608944945703723,0.8361011810489162
18,bernoulli,54,none,1.0,1.0,pca,none,,27,0.4246773539910817,0.5585486531061022,0.2825333930424679,0.9259111399437764
17,bernoulli,54,none,1.0,1.0,pca,none,,26,0.4507421288133631,0.5003739837398373,0.3954370882825907,0.7163469341383453
28,bernoulli,54,none,1.0,1.0,pca,none,,27,0.4642750763722419,0.5677648673824582,0.3967549946091406,0.787035192563081
31,bernoulli,54,none,1.0,1.0,pca,none,,26,0.4403743497674252,0.6025142080553496,0.351864981330818,0.8250864838151718
47,bernoulli,54,none,1.0,1.0,pca,none,,28,0.4460804992418047,0.5819899062725307,0.3580572806903648,0.8439023016029524
11,bernoulli,54,none,1.0,1.0,pca,none,,27,0.4454413612372859,0.582064985864219,0.3266179010405933,0.8898970747562297
8,bernoulli,54,none,1.0,1.0,pca,none,,30,0.446306891888624,0.5715667311411993,0.3621228936726335,0.8394192728637846
36,bernoulli,54,none,1.0,1.0,pca,none,,26,0.4603333474052661,0.5664851641414143,0.4199315979297698,0.6892657418839422
21,bernoulli,54,none,1.0,1.0,pca,none,,28,0.4334392787949105,0.5386794582392777,0.2907616576000402,0.9161354045074976
22,bernoulli,54,none,1.0,1.0,pca,none,,28,0.4589095359011806,0.5372977078662697,0.3877979978544146,0.8021850448933782
9,bernoulli,54,none,1.0,1.0,pca,none,,23,0.4494925618155629,0.6113046448087431,0.3778183647438901,0.8304278811526707
40,bernoulli,54,none,1.0,1.0,pca,none,,22,0.4437484882221528,0.6071878101324039,0.2751524145237028,0.952829375975879
25,bernoulli,54,none,1.0,1.0,pca,none,,27,0.4355297855052315,0.5598975016015374,0.2327417608614902,0.9530360531309298
24,bernoulli,54,none,1.0,1.0,pca,none,,26,0.4543368478575185,0.515975677169707,0.2575116569695228,0.9340253017457676
26,bernoulli,54,none,1.0,1.0,pca,none,,25,0.4528039913286331,0.5618248175182482,0.302526488760108,0.9022008547008546
45,bernoulli,54,none,1.0,1.0,pca,none,,27,0.4403079556135205,0.5001111419838844,0.4166523891228035,0.5709726867335563
10,bernoulli,54,none,1.0,1.0,pca,none,,25,0.4394491237882081,0.5713994204791251,0.3122172268374167,0.9040438365474472
41,bernoulli,54,none,1.0,1.0,pca,none,,26,0.4245328888705297,0.5751541850220263,0.320818176262419,0.8982576745288611
32,bernoulli,54,none,1.0,1.0,pca,none,,27,0.4720827516898432,0.6104877538203893,0.4503096065123845,0.7797287018255579
44,bernoulli,54,none,1.0,1.0,pca,none,,22,0.4365020337073807,0.64021666995498,0.3093982904510576,0.9165552427867698
34,bernoulli,54,none,1.0,1.0,pca,none,,28,0.4390628353131191,0.674735690849435,0.299688372585868,0.932819988999764
46,bernoulli,54,none,1.0,1.0,pca,none,,30,0.4474921673083905,0.6201302023380144,0.3199548003379245,0.8926210849149826
15,bernoulli,54,none,1.0,1.0,pca,none,,28,0.4346338118547723,0.5276983985235459,0.2137380236064588,0.9720318880031112
23,bernoulli,54,none,1.0,1.0,pca,none,,24,0.4405283341664077,0.4792714696370823,0.2886713964848043,0.922511006250052
33,bernoulli,54,none,1.0,1.0,pca,none,,26,0.449971902817832,0.524803830296582,0.2708866482612372,0.9317860219023008
7,bernoulli,54,none,1.0,1.0,pca,none,,29,0.4418595273817447,0.5285734953703703,0.3189982574117832,0.8895824330596501
38,bernoulli,54,none,1.0,1.0,pca,none,,30,0.4396719493705258,0.5687329622898682,0.1997638518963754,0.9724355692097628
20,bernoulli,54,none,1.0,1.0,pca,none,,23,0.4302565534536992,0.5563869047619048,0.2912209317841656,0.9203756217153904
43,bernoulli,54,none,1.0,1.0,pca,none,,29,0.4431153016313654,0.4996930632289748,0.3253802784423075,0.8769222952374499
30,bernoulli,54,none,1.0,1.0,pca,none,,30,0.4612341588874439,0.5907391733671885,0.3808984589696523,0.8368165382227253
27,bernoulli,54,none,1.0,1.0,pca,none,,30,0.4559016001414093,0.5553810796476742,0.3426071045992083,0.8656935984369614
37,bernoulli,54,none,1.0,1.0,pca,none,,28,0.4448637457997283,0.6153145021415172,0.3206564521978514,0.9087432823480778
16,bernoulli,54,none,1.0,1.0,pca,none,,25,0.4467662038612905,0.613782841199721,0.2836512473172595,0.9327763530840868
42,bernoulli,54,none,1.0,1.0,pca,none,,27,0.4531950074409066,0.5212345444771211,0.3730356504339427,0.8271262525050099
18,bernoulli,54,none,1.0,1.0,pca,none,,28,0.434113886450666,0.56681326736302,0.2929264673874276,0.9310344827586208
48,bernoulli,54,none,1.0,1.0,pca,none,,24,0.4711879275494968,0.5703060380479735,0.4545898765293523,0.6375868624623049
28,bernoulli,54,none,1.0,1.0,pca,none,,28,0.4610977540832835,0.5535765063489729,0.3946470713806521,0.787566401062417
29,bernoulli,54,none,1.0,1.0,pca,none,,24,0.4375055006226386,0.5926734253261992,0.29862342006366,0.8958962627339494
13,bernoulli,54,none,1.0,1.0,pca,none,,28,0.4628084005087985,0.6177229562345169,0.4001261698399764,0.7735834667886831
49,bernoulli,54,none,1.0,1.0,pca,none,,24,0.4765996136831462,0.5880301339285714,0.4371485490605363,0.8569639698953049
35,bernoulli,54,none,1.0,1.0,pca,none,,25,0.4409204358341312,0.5178754105421848,0.3229363022751226,0.8833641975308641
19,bernoulli,54,none,1.0,1.0,pca,none,,29,0.4502039016930353,0.5861572890025576,0.3680849470942776,0.8468850239839911
36,bernoulli,54,none,1.0,1.0,pca,none,,27,0.463932988368548,0.5545296717171717,0.4239717934398633,0.6862154114314765
22,bernoulli,54,none,1.0,1.0,pca,none,,29,0.4582354339890186,0.5340144805027749,0.3855220891064023,0.7985760381593715
26,bernoulli,54,none,1.0,1.0,pca,none,,26,0.4555750740755828,0.5965693430656934,0.2984769166011479,0.911431623931624
31,bernoulli,54,none,1.0,1.0,pca,none,,27,0.449775400670085,0.6136335557202865,0.3537074037793484,0.8327567745655218
17,bernoulli,54,none,1.0,1.0,pca,none,,27,0.4480047989422205,0.4869430894308943,0.4035787239482319,0.707371701236732
39,bernoulli,54,none,1.0,1.0,pca,none,,28,0.4491947167643366,0.5749901497241924,0.3640495911957811,0.8082831802343998
10,bernoulli,54,none,1.0,1.0,pca,none,,26,0.429152710774116,0.5752356854262742,0.3127519188180938,0.9010544983433864
47,bernoulli,54,none,1.0,1.0,pca,none,,29,0.4402386574591889,0.5617880317231434,0.3648862965054724,0.8418317040876694
11,bernoulli,54,none,1.0,1.0,pca,none,,28,0.4437071154920377,0.6033654777119398,0.3228650615844696,0.9025031599855544
24,bernoulli,54,none,1.0,1.0,pca,none,,27,0.4577923819121814,0.4693753454947484,0.2584794117293604,0.936006127353881
40,bernoulli,54,none,1.0,1.0,pca,none,,23,0.4400560608555131,0.5998838138116331,0.2770876709639162,0.952323264954504
34,bernoulli,54,none,1.0,1.0,pca,none,,29,0.4412762610858076,0.612340503098797,0.2992135473252216,0.9328543647363872
21,bernoulli,54,none,1.0,1.0,pca,none,,29,0.4414983501392698,0.4960948081264108,0.2932036157772145,0.9152487204812786
9,bernoulli,54,none,1.0,1.0,pca,none,,24,0.4427951465832617,0.608551912568306,0.3747491196017011,0.8382107169579112
44,bernoulli,54,none,1.0,1.0,pca,none,,23,0.4365732049414595,0.6679819920004305,0.3043025592865567,0.9180022871217453
32,bernoulli,54,none,1.0,1.0,pca,none,,28,0.4399050105850375,0.6839857651245551,0.4268760604621818,0.7901453684922244
42,bernoulli,54,none,1.0,1.0,pca,none,,28,0.4505439451018866,0.486323245738861,0.3616682153256978,0.8270941883767535
25,bernoulli,54,none,1.0,1.0,pca,none,,28,0.4774101410942119,0.5467248558616271,0.4398604814995811,0.9474857685009488
18,bernoulli,54,none,1.0,1.0,pca,none,,29,0.4249723958419307,0.5897196261682242,0.2850567500390351,0.9290841193006968
45,bernoulli,54,none,1.0,1.0,pca,none,,28,0.4976351213985396,0.4974715198666296,0.4969342388371837,0.5889214046822742
41,bernoulli,54,none,1.0,1.0,pca,none,,27,0.4333426461533431,0.5762701908957416,0.3185061134151397,0.887780016593576
23,bernoulli,54,none,1.0,1.0,pca,none,,25,0.4376617541336478,0.5314558629776022,0.2899111584528197,0.9243086244059954
20,bernoulli,54,none,1.0,1.0,pca,none,,24,0.4415403179366369,0.5588273809523809,0.3015241860475427,0.9187817258883249
15,bernoulli,54,none,1.0,1.0,pca,none,,29,0.4347626335541529,0.5286211823539918,0.2157610643628479,0.9688430876920086
7,bernoulli,54,none,1.0,1.0,pca,none,,30,0.4381764325686819,0.5383897569444445,0.3177514034010646,0.8924793137113683
33,bernoulli,54,none,1.0,1.0,pca,none,,27,0.4449658299303476,0.5901848650086448,0.265071263672802,0.943260120585702
16,bernoulli,54,none,1.0,1.0,pca,none,,26,0.4516475861320911,0.580427807486631,0.2863075061571598,0.9308948576056146
43,bernoulli,54,none,1.0,1.0,pca,none,,30,0.4436244256356337,0.497265472403594,0.3228878718530373,0.8829686335614118
26,bernoulli,54,none,1.0,1.0,pca,none,,27,0.4625201613954831,0.5047810218978103,0.3171062849391875,0.897542735042735
48,bernoulli,54,none,1.0,1.0,pca,none,,25,0.4677722269890718,0.5653432588916459,0.4495216177928382,0.6279336567457716
22,bernoulli,54,none,1.0,1.0,pca,none,,30,0.4590801544897639,0.5490585223026695,0.3861564246962398,0.7919332210998877
28,bernoulli,54,none,1.0,1.0,pca,none,,29,0.463877081514549,0.5696622052262588,0.3959314408775801,0.7780544488711819
10,bernoulli,54,none,1.0,1.0,pca,none,,27,0.4298256911960081,0.5919989389054401,0.3111696416653559,0.9077924560360208
37,bernoulli,54,none,1.0,1.0,pca,none,,29,0.4472874965067637,0.6092793175462816,0.3122159859354816,0.9153059115336916
36,bernoulli,54,none,1.0,1.0,pca,none,,28,0.4584904874513722,0.5185448232323233,0.417427264833289,0.692170818505338
35,bernoulli,54,none,1.0,1.0,pca,none,,26,0.440426574831365,0.5474972630521007,0.3228644846726154,0.8785699588477367
42,bernoulli,54,none,1.0,1.0,pca,none,,29,0.442132537984612,0.5316383644815483,0.3571871627846075,0.8261162324649298
34,bernoulli,54,none,1.0,1.0,pca,none,,30,0.4458108088189727,0.6328472475391906,0.3012796829961569,0.934489667635735
19,bernoulli,54,none,1.0,1.0,pca,none,,30,0.4375576764644446,0.6250799232736574,0.3521514833205404,0.8150804861540273
18,bernoulli,54,none,1.0,1.0,pca,none,,30,0.4251441739073115,0.6191313908741066,0.285938809084371,0.928597568075586
31,bernoulli,54,none,1.0,1.0,pca,none,,28,0.4500015570030827,0.5922802899266947,0.3535357095482129,0.8462029486862697
49,bernoulli,54,none,1.0,1.0,pca,none,,25,0.4678847751834554,0.5888555617559523,0.3951908112748745,0.8553954791319727
29,bernoulli,54,none,1.0,1.0,pca,none,,25,0.4379687863097106,0.5859069432710661,0.301273290279932,0.9168887704335468
39,bernoulli,54,none,1.0,1.0,pca,none,,29,0.4473507895866785,0.5838356973995272,0.3634120746617801,0.8106022896963665
13,bernoulli,54,none,1.0,1.0,pca,none,,29,0.449770977763013,0.598923926507019,0.3994765104614173,0.7673911385647831
24,bernoulli,54,none,1.0,1.0,pca,none,,28,0.453887790691962,0.4490326147042565,0.2542072712534729,0.9360061273538812
47,bernoulli,54,none,1.0,1.0,pca,none,,30,0.4500415564263404,0.569776496034607,0.374525246506415,0.8409161337577824
11,bernoulli,54,none,1.0,1.0,pca,none,,29,0.4465487536376125,0.5850567367646489,0.3228662038668997,0.8976051823763092
40,bernoulli,54,none,1.0,1.0,pca,none,,24,0.43904133470775,0.605747585505773,0.2751806825169782,0.9550853389328594
17,bernoulli,54,none,1.0,1.0,pca,none,,28,0.4457469794908624,0.489479674796748,0.4004502786997133,0.7117700522608499
44,bernoulli,54,none,1.0,1.0,pca,none,,24,0.4442365094961079,0.6340645346438756,0.3159559247712685,0.9174437016185784
23,bernoulli,54,none,1.0,1.0,pca,none,,26,0.4377005832530095,0.508803449514912,0.2880089220454797,0.9237427075791244
32,bernoulli,54,none,1.0,1.0,pca,none,,29,0.4428889766224379,0.6989742516223572,0.4117051985535452,0.787736646382691
26,bernoulli,54,none,1.0,1.0,pca,none,,28,0.4577055789961291,0.5764963503649635,0.301115519078645,0.8945085470085471
9,bernoulli,54,none,1.0,1.0,pca,none,,25,0.4462935699969822,0.6178483606557378,0.3749774091591686,0.8370639199479746
10,bernoulli,54,none,1.0,1.0,pca,none,,28,0.4423539444891657,0.5394033383667306,0.3159417876000763,0.902865092175686
21,bernoulli,54,none,1.0,1.0,pca,none,,30,0.4383154150282378,0.5794356659142212,0.2939022577634185,0.9141824548801292
42,bernoulli,54,none,1.0,1.0,pca,none,,30,0.4448348210533698,0.5518451759795087,0.3566259266225902,0.8298036072144289
15,bernoulli,54,none,1.0,1.0,pca,none,,30,0.4350258828826709,0.5795082455200333,0.2131695363979601,0.97385183744896
20,bernoulli,54,none,1.0,1.0,pca,none,,25,0.4301660300631556,0.5437678571428571,0.2900937603579939,0.9177735387687956
25,bernoulli,54,none,1.0,1.0,pca,none,,29,0.4654792640781657,0.3235105701473414,0.3840668233716581,0.9246679316888046
35,bernoulli,54,none,1.0,1.0,pca,none,,27,0.4438029855337628,0.5072865629318545,0.3247319606303414,0.8846296296296297
45,bernoulli,54,none,1.0,1.0,pca,none,,29,0.4418766587157459,0.511058627396499,0.4185828216823514,0.6599777034559644
41,bernoulli,54,none,1.0,1.0,pca,none,,28,0.4243019724894213,0.5502496328928048,0.3198437284386669,0.8941329856584094
31,bernoulli,54,none,1.0,1.0,pca,none,,29,0.4411659092784347,0.6072605221975125,0.3518031250502043,0.8672988221728029
16,bernoulli,54,none,1.0,1.0,pca,none,,27,0.4550196728802542,0.6107184375726575,0.2847377109320657,0.9310460251046024
39,bernoulli,54,none,1.0,1.0,pca,none,,30,0.4716829256377025,0.5906028368794326,0.4237019047689129,0.8186060455224218
28,bernoulli,54,none,1.0,1.0,pca,none,,30,0.4620489201861171,0.544158454674707,0.3868500842943971,0.7975237937140328
48,bernoulli,54,none,1.0,1.0,pca,none,,26,0.4709775607429196,0.5772677143644886,0.4511559058331623,0.6366035138324373
36,bernoulli,54,none,1.0,1.0,pca,none,,29,0.4578188768795496,0.5314078282828283,0.4176113347407076,0.6986346139879439
33,bernoulli,54,none,1.0,1.0,pca,none,,28,0.450074400976607,0.5666710998803033,0.2709018715308701,0.9308016488249048
23,bernoulli,54,none,1.0,1.0,pca,none,,27,0.437575044326549,0.5083542939274165,0.2852168084207342,0.9302840403132516
26,bernoulli,54,none,1.0,1.0,pca,none,,29,0.4585596595063712,0.553029197080292,0.3122309002956162,0.906602564102564
11,bernoulli,54,none,1.0,1.0,pca,none,,30,0.4465632191325885,0.5876224778281244,0.3221422942015116,0.892323492235464
10,bernoulli,54,none,1.0,1.0,pca,none,,29,0.4355502620274519,0.5697159531485939,0.3182982988805553,0.9083765185625692
37,bernoulli,54,none,1.0,1.0,pca,none,,30,0.4416765212663045,0.6254999823015115,0.3191835932480403,0.9093427035965276
24,bernoulli,54,none,1.0,1.0,pca,none,,29,0.4537688810713041,0.4512622074811129,0.2541033639924611,0.9362702374349628
35,bernoulli,54,none,1.0,1.0,pca,none,,28,0.4410541277719631,0.5444013711660296,0.3284797453819666,0.8838580246913581
44,bernoulli,54,none,1.0,1.0,pca,none,,25,0.4380358241717975,0.65477194052338,0.3079502422010668,0.9212174524982406
49,bernoulli,54,none,1.0,1.0,pca,none,,26,0.4602433489764948,0.6052711123511905,0.385662833634641,0.8648386971844622
40,bernoulli,54,none,1.0,1.0,pca,none,,25,0.4319021373509089,0.5980078909786266,0.2745430938258853,0.9520540569644108
31,bernoulli,54,none,1.0,1.0,pca,none,,30,0.4423087017979153,0.6000638332921505,0.3522033889726871,0.8293540482662054
29,bernoulli,54,none,1.0,1.0,pca,none,,26,0.4391927329126647,0.6005741731593605,0.2973673026278077,0.9175328713574984
13,bernoulli,54,none,1.0,1.0,pca,none,,30,0.4565810243789896,0.5997109826589595,0.4012096494962831,0.7465568519789523
32,bernoulli,54,none,1.0,1.0,pca,none,,30,0.4414949074891054,0.6754448398576511,0.4236188275080857,0.791159567275186
17,bernoulli,54,none,1.0,1.0,pca,none,,29,0.4430585336269526,0.4839186991869919,0.4002148312099574,0.7321874898562014
9,bernoulli,54,none,1.0,1.0,pca,none,,26,0.4519706195158829,0.5990368852459016,0.3776691731588334,0.8305677344465655
23,bernoulli,54,none,1.0,1.0,pca,none,,28,0.4385784515061084,0.494175949215475,0.2891627988272635,0.9275043900165614
20,bernoulli,54,none,1.0,1.0,pca,none,,26,0.4318279360509098,0.5669285714285714,0.2966934200923318,0.922353588826086
26,bernoulli,54,none,1.0,1.0,pca,none,,30,0.4539712534334096,0.5716788321167883,0.2954976606421649,0.9054059829059828
10,bernoulli,54,none,1.0,1.0,pca,none,,30,0.4393056155696628,0.562849447006489,0.31246160032858,0.906411944609634
25,bernoulli,54,none,1.0,1.0,pca,none,,30,0.4940524267560759,0.5826793721973094,0.4890297607578611,0.9394212523719164
16,bernoulli,54,none,1.0,1.0,pca,none,,28,0.4481029252609988,0.594857009997675,0.2808583632279849,0.931963827777028
45,bernoulli,54,none,1.0,1.0,pca,none,,30,0.4976250900741836,0.5017227007502083,0.4969364128307204,0.5991360089186177
41,bernoulli,54,none,1.0,1.0,pca,none,,29,0.4240532378307559,0.5795007342143905,0.3178020349540641,0.8900794121133104
35,bernoulli,54,none,1.0,1.0,pca,none,,29,0.4418669802681192,0.5335881835639549,0.326508513920876,0.8798662551440329
48,bernoulli,54,none,1.0,1.0,pca,none,,27,0.4729935884585545,0.544906258615936,0.452721399577167,0.6163956994886588
36,bernoulli,54,none,1.0,1.0,pca,none,,30,0.4627338578547986,0.507260101010101,0.4216851937737109,0.6889752342218026
33,bernoulli,54,none,1.0,1.0,pca,none,,29,0.4490408835520905,0.5582391275435563,0.2747528862406753,0.9373692629506584
44,bernoulli,54,none,1.0,1.0,pca,none,,26,0.437823142195318,0.6619374742166342,0.3099084685926003,0.9098786066150596
23,bernoulli,54,none,1.0,1.0,pca,none,,29,0.4392512726795168,0.4895945622230206,0.2880676651671798,0.9241172113616126
24,bernoulli,54,none,1.0,1.0,pca,none,,30,0.4551686372914509,0.4952091394877465,0.2566242433426261,0.935992921849827
49,bernoulli,54,none,1.0,1.0,pca,none,,27,0.4624119790834652,0.6485770089285715,0.3719189954425938,0.8622826381627356
40,bernoulli,54,none,1.0,1.0,pca,none,,26,0.4444242452544774,0.6009730593275725,0.2765381489825469,0.9514725677058096
29,bernoulli,54,none,1.0,1.0,pca,none,,27,0.4446995347915062,0.6034685065239839,0.3002259714705992,0.9000384979862591
17,bernoulli,54,none,1.0,1.0,pca,none,,30,0.4432768387788467,0.4716097560975609,0.3996029059966942,0.7287629434868699
9,bernoulli,54,none,1.0,1.0,pca,none,,27,0.4523032893399653,0.6067554644808743,0.3768856403246876,0.8345255826637856
20,bernoulli,54,none,1.0,1.0,pca,none,,27,0.4372360761758157,0.5608571428571429,0.2965446441066399,0.9219503139782744
35,bernoulli,54,none,1.0,1.0,pca,none,,30,0.4485829373355038,0.5506559701358603,0.3319136804105075,0.8704320987654321
16,bernoulli,54,none,1.0,1.0,pca,none,,29,0.4486427262854558,0.5888770053475936,0.2852084882780833,0.9325577000944796
48,bernoulli,54,none,1.0,1.0,pca,none,,28,0.4681986586320948,0.5761304108078302,0.4484147049430231,0.6411596958174904
41,bernoulli,54,none,1.0,1.0,pca,none,,30,0.4200447435047179,0.562496328928047,0.3118809528967628,0.8920232310062819
33,bernoulli,54,none,1.0,1.0,pca,none,,30,0.4500543038398392,0.5774970075807954,0.2704842898060359,0.938707395102744
23,bernoulli,54,none,1.0,1.0,pca,none,,30,0.4398183703511205,0.5275332375134747,0.2902478965802988,0.9303839079885818
44,bernoulli,54,none,1.0,1.0,pca,none,,27,0.4441650061847694,0.6319659928613708,0.3114081740523261,0.9184641097818438
49,bernoulli,54,none,1.0,1.0,pca,none,,28,0.4569219637893106,0.6420549665178572,0.3715366531314162,0.8682209571021002
29,bernoulli,54,none,1.0,1.0,pca,none,,28,0.4442490880577933,0.5542413717575644,0.2984394712532809,0.9173181710495144
40,bernoulli,54,none,1.0,1.0,pca,none,,27,0.4339915332495693,0.6102558516689661,0.2778998427944144,0.9521132827222312
9,bernoulli,54,none,1.0,1.0,pca,none,,28,0.4510235398095466,0.6212841530054645,0.37794127927051,0.836154873537659
20,bernoulli,54,none,1.0,1.0,pca,none,,28,0.4328688154525089,0.5428988095238095,0.2955847736394711,0.91834004391215
48,bernoulli,54,none,1.0,1.0,pca,none,,29,0.4733248309034443,0.5115453542872898,0.4502813956155673,0.6545332371836896
16,bernoulli,54,none,1.0,1.0,pca,none,,30,0.4510992082477675,0.5899418739827946,0.2815109605222254,0.9333945201781616
49,bernoulli,54,none,1.0,1.0,pca,none,,29,0.4598299718795936,0.6041201636904762,0.3682750666102897,0.8633863909221176
44,bernoulli,54,none,1.0,1.0,pca,none,,28,0.4380278638562017,0.6743314261115994,0.3055237396189578,0.9199155524278676
29,bernoulli,54,none,1.0,1.0,pca,none,,29,0.4506654746069933,0.5737116305266123,0.3019690283649989,0.8977138118929164
9,bernoulli,54,none,1.0,1.0,pca,none,,29,0.4472343900343556,0.6101844262295082,0.3754486340846292,0.8319452893914283
40,bernoulli,54,none,1.0,1.0,pca,none,,28,0.4346914058375447,0.5653063200445381,0.2740204999226536,0.9498842405642598
20,bernoulli,54,none,1.0,1.0,pca,none,,29,0.4326907196586355,0.5663214285714285,0.2964617965604972,0.925093297315982
48,bernoulli,54,none,1.0,1.0,pca,none,,30,0.4701028058554813,0.5383236834849738,0.4555836436127161,0.5667857611118395
49,bernoulli,54,none,1.0,1.0,pca,none,,30,0.4553777665989553,0.6699567522321429,0.3736534778963993,0.8558924906084194
44,bernoulli,54,none,1.0,1.0,pca,none,,29,0.4413421212933194,0.6220024034581098,0.3146736958912888,0.917258972554539
29,bernoulli,54,none,1.0,1.0,pca,none,,30,0.480650425500105,0.5976250821364874,0.4523668359060357,0.9110548448235016
9,bernoulli,54,none,1.0,1.0,pca,none,,30,0.4449072717375028,0.609016393442623,0.3745701631105534,0.8429307656268575
40,bernoulli,54,none,1.0,1.0,pca,none,,29,0.4385328702731562,0.6093844552562148,0.2761101892582462,0.9526947719808324
20,bernoulli,54,none,1.0,1.0,pca,none,,30,0.4341291095276619,0.5516488095238095,0.2945286990998801,0.9174438775836796
44,bernoulli,54,none,1.0,1.0,pca,none,,30,0.4387120419572336,0.6620361236166664,0.3048531008898829,0.9170390570021112
40,bernoulli,54,none,1.0,1.0,pca,none,,30,0.4420989854464466,0.5848340715997385,0.275928418602987,0.9523448015937114
